timestamp,Roll,Pitch,Yaw,Acc X,Acc Y,Acc Z,Gyro X,Gyro Y,Gyro Z,Acc Magnitude,Gyro Magnitude
0.0,-6.877460388157536,-19.187449924038546,-75.72658508940842,-0.0485102594041009,0.05613089300396919,0.03611768957791291,0.0,0.0,0.0,,
0.009432000000003882,-6.887971698347162,-19.188216711690913,-75.73485139725021,-0.05107085735872045,0.05312375347749563,0.04360694896631564,0.0,0.0,0.0,,
0.01901500000002443,-6.90093038714069,-19.19623999302407,-75.72270215672484,-0.05055645806740653,0.047121818255797206,0.041713312622487016,0.0,0.0,0.0,,
0.04755500000004531,-6.938425072781175,-19.2750529755851,-75.61327898819214,-0.047083195978831704,0.05489630954430065,0.05976156821633222,0.0,0.0,0.0,,
0.05706300000002784,-6.944327867217494,-19.31944746482486,-75.58597825869735,-0.04632157662675459,0.050528766845077226,0.05144286435006762,0.0,0.0,0.0,,
0.06620600000002241,-6.940891937909625,-19.37935034219265,-75.57249898078706,-0.04786958089654963,0.034691331874142625,-0.01114589825172796,0.0,0.0,0.0,,
0.07607400000000553,-6.924696846200195,-19.457027373038848,-75.57374889994256,-0.049705764824616,0.04444548577113487,-0.014806821726348828,0.0,0.0,0.0,,
0.08560200000005125,-6.903951933085308,-19.542448146353514,-75.59034752093196,-0.05273158357687208,0.05750753043501648,0.027456777713619773,0.0,0.0,0.0,,
0.0951050000000464,-6.887979919889521,-19.589018515715757,-75.62047081848316,-0.05507090409900156,0.07261002039980093,0.061190756130672645,0.0,0.0,0.0,,
0.1046280000000479,-6.89063598856303,-19.60338824978121,-75.65357803928093,-0.05658326033330513,0.07791026840952657,0.07656214586458515,0.0,0.0,0.0,,
0.11404700000002777,-6.91307869058984,-19.645274020714808,-75.67378607058122,-0.049506620766658196,0.046904905080807156,0.057772949009742086,0.0,0.0,0.0,,
0.12362699999999904,-6.942388364870744,-19.695968881827728,-75.67257022596768,-0.03314161704733831,0.016390932462129835,0.06727459292660531,0.0,0.0,0.0,,
0.13315600000004224,-6.987988363135335,-19.751347770080198,-75.64180933926438,-0.024338472830605588,-0.0051671996982014965,0.002867821786791986,0.0,0.0,0.0,,
0.14266800000001467,-7.0462137990545495,-19.814261884679247,-75.5820613339847,0.0,0.0,0.0,0.0,0.0,0.0,,
0.15216900000001488,-7.092922830269318,-19.854557224021182,-75.50635262960091,0.0,0.0,0.0,0.0,0.0,0.0,,
0.1617010000000505,-7.120496301814304,-19.85107176942769,-75.4311440787234,-0.005172078247069987,0.04442888949604691,0.03651804417823168,0.0,0.0,0.0,,
0.17119000000002416,-7.13076142292791,-19.830112164311917,-75.3665355247683,-0.009831291822504676,0.03765274120028014,-0.014033397170329951,0.0,0.0,0.0,,
0.18071200000002818,-7.10706899542471,-19.79451645892171,-75.3234023507729,-0.047220948582787595,0.04094519415836014,-0.013883453754472856,0.0,0.0,0.0,,
0.1902130000000284,-7.06046103620674,-19.757415494878128,-75.30996328368377,-0.06388515154608966,0.04394930597681777,0.016468293190121868,0.0,0.0,0.0,,
0.19972000000001344,-7.0067887246762615,-19.68491121914313,-75.32693986131238,-0.07848584831675752,0.04545804110118152,0.05189829044777758,0.0,0.0,0.0,,
0.20923600000003262,-6.975505601085868,-19.572326963915025,-75.36057765757539,-0.08785202773361775,0.0397921580560686,0.04896977106059948,0.0,0.0,0.0,,
0.21875,-6.98992568875124,-19.456465484560884,-75.38808720311046,-0.09226960433314481,0.026748290855501955,0.056848366091879904,0.0,0.0,0.0,,
0.22825299999999515,-7.031060848930939,-19.33218750449639,-75.3948978453545,-0.08133069306611926,0.003029369462129946,0.06681225732987305,0.0,0.0,0.0,,
0.23776100000003453,-7.083417723662441,-19.18046136914016,-75.3751799748911,-0.07094000081228134,0.0018788045907865653,0.056717584347207604,0.0,0.0,0.0,,
0.2472670000000221,-7.122603082733959,-19.027747920654008,-75.3313804331865,-0.05693661720586418,-0.012451378047213697,0.006879150525507908,0.0,0.0,0.0,,
0.2567990000000009,-7.112487642638792,-18.862705058502183,-75.28649067540911,-0.040404054947328745,-0.008885920476353662,0.004880827029917568,0.0,0.0,0.0,,
0.26629300000001876,-7.0493067911324525,-18.667045857975065,-75.26943864237106,-0.041036179548085236,0.027119592338467533,-0.00810601914602097,0.0,0.0,0.0,,
0.27579900000000634,-6.920123327784964,-18.431387020575418,-75.309796583847,-0.04172010909355689,0.04216909108652346,-0.013325168270389608,0.0,0.0,0.0,,
0.2853230000000053,-6.732874971084148,-18.173131601114147,-75.42448855432158,-0.04844552648217412,0.05866011309513774,0.020403227350588343,0.04627082885757241,-0.03190890571731404,-0.01122180533565351,,
0.3042710000000284,-6.114478143612649,-17.69440103790657,-75.87862233888613,-0.18044200759509674,-0.017891546861066396,-0.19084848442333016,0.057590587058573055,-0.06045490215605661,-0.029676654920632338,,
0.3137720000000286,-5.392383292830021,-17.540177121365783,-76.18054044780587,-0.1399915929183694,0.15245859686392232,0.27110071888793796,0.06324313327895402,-0.1262835449201116,-0.016681701493274824,,
0.32328599999999597,-4.5857253130919995,-17.297770255199197,-76.54157024054389,-0.2581733951073631,-0.147614353925229,-0.26803927449787723,0.08351740974128158,-0.13833100761342526,-0.023924394014699202,,
0.33273200000002134,-3.4388453043920064,-16.78024016189122,-76.97934857033566,-0.4060488189253083,0.0634747591772936,0.041597849884864944,0.15117013077625455,-0.19001003325374394,-0.02034480208026839,,
0.34238600000003316,-2.475111633872017,-16.16961982562176,-77.45198953181327,-0.2676909055288388,-0.05620807457404093,0.01135492446702597,0.17060841932109597,-0.2100245745004169,-0.04022089552002166,,
0.3518160000000421,-1.7125334176804397,-15.533529961358067,-78.1441623543945,-0.2548497420549256,0.05253352446037663,0.3733401740609002,0.15554903460549352,-0.11665467515102902,-0.0968663680112504,,
0.3613300000000095,-1.6655444132394552,-15.137035715698802,-78.90044210286023,-0.24903883318606448,-0.07947466786493552,0.10535651701032063,0.07961779694197986,0.006913568712923353,-0.14893084910676768,,
0.37083599999999706,-2.1377177026934273,-15.020561848037692,-79.60707600393583,-0.14131533785932926,0.023388277791066763,0.40919505671638473,0.005891370931110729,0.09405374744182315,-0.16608150514590472,,
0.38035100000001876,-3.038569189102315,-14.98254216139924,-80.18535009679243,0.006652584860738925,0.028814925879558462,0.21632898628412403,-0.023073700070049875,0.1728898422883911,-0.16247810951596484,,
0.3898730000000228,-4.196451701792031,-14.90120169954799,-80.59988868929328,0.13046623716384936,0.11492890788034797,0.027120515763398963,-0.021329836174159456,0.2236107968288604,-0.14278177749782422,,
0.39939700000002176,-5.402113444049894,-14.895819670159934,-80.82976983849531,0.14522975992463502,0.09815689701912216,-0.1647721499467098,-0.03658170805571373,0.23044041914578228,-0.10809967036585838,,
0.4089620000000309,-6.171584962498989,-14.850767123614016,-80.93828575534627,0.18450176025377288,0.11523458303807507,0.03244544827947599,-0.039039169727713145,0.18769953194110048,-0.061142234704235826,,
0.4184680000000185,-6.575237783039542,-14.751195208671785,-80.87296692448821,0.24462687552643822,0.1153853501319654,8.058593735354562e-06,-0.017716069287741616,0.1334635279272681,-0.020480522979977423,,
0.42798000000004777,-6.8195638701950285,-14.657480068014827,-80.69733501030001,0.22324594432565048,0.1342141311697491,-0.05511828093744736,-0.01952068729926823,0.1014286990577182,0.0003945906274020041,,
0.4374890000000278,-6.926545636768852,-14.649573049882969,-80.4932147336337,0.16582750254826145,0.1620845118736155,0.03239217999071396,-0.03620124768647843,0.05581489119211164,0.01220375182608683,,
0.4469970000000103,-6.845879584860342,-14.620058678126917,-80.35080979612536,0.09797328973307812,0.1796154814220758,0.040071111288102236,0.0,0.0,0.0,,
0.4565170000000194,-6.684801199842184,-14.473735309562421,-80.2603470463019,-0.027607120181008565,0.20763859046397745,0.01573536143801598,0.0,0.0,0.0,,
0.4660180000000196,-6.286266718855019,-14.331481996253235,-80.22539212316886,-0.1300881770534213,0.15824845727124617,0.0012813307651476397,0.006583305544527776,-0.09982328119156518,0.007793025298655846,,
0.4754410000000462,-5.462013482110141,-14.309149188185494,-80.28729411827814,-0.03248664507537128,0.20729405031075593,0.35646387645964656,0.03160651246395983,-0.15683810105272464,0.00911166125114,,
0.4849570000000085,-4.842828048051558,-14.172805482934011,-80.42571103218333,-0.2735263850290578,0.05155487029361007,0.1815046378864858,0.047132217663875514,-0.1138753516495303,-0.013717324061218228,,
0.49446700000004284,-4.033701001927185,-14.014761369568259,-80.54913493147677,-0.3260746847512834,0.0070296846412945275,0.2422912459160153,0.05729184053578847,-0.14971843859580372,-0.0016546137155105684,,
0.5039750000000254,-3.301826731993942,-13.86606456504744,-80.61964804467564,-0.29665263394804764,-0.032208861362634934,0.4007221771298257,0.05275188143113806,-0.13541274388954663,0.003216875877735473,,
0.5134869999999978,-2.8704720364743874,-13.705100382597058,-80.6673844532468,-0.4502094992090029,-0.13534081498334175,0.1367373179002021,0.04548352166910001,-0.077510643655593,-0.0008517835414764929,,
0.5229190000000017,-2.4126595773360653,-13.57555495418412,-80.70439303304704,-0.3684253717354803,-0.06864312063114458,0.23497278216531312,0.04001941554438566,-0.08371903670488096,0.014212538995651933,,
0.532510000000002,-2.231489047491625,-13.48392493885383,-80.71096239193328,-0.36882808452956356,-0.05440852133152765,0.1480482625302996,0.0,0.0,0.0,,
0.5420480000000225,-2.1766498816555595,-13.39496634202323,-80.71790454989063,-0.35098738991114825,-0.04005566498782544,0.07172849273299448,0.0,0.0,0.0,,
0.5515470000000278,-2.1950073393372906,-13.2959723195888,-80.75943142900961,-0.25846562404153245,0.06301877227205985,0.11873892560479866,0.0,0.0,0.0,,
0.5610620000000495,-2.3859194304520543,-13.191628377078775,-80.86703697686823,-0.2650308639016283,0.06368506742298914,0.028127498368727032,0.014685824900951642,0.04007347537920069,-0.030301346307609563,,
0.570572000000027,-2.5549567281926637,-13.066902518741493,-81.0367088742737,-0.1932970579934618,0.10289005660074871,0.08117921010115949,0.019481705485810494,0.03648465169592517,-0.04166016970017767,,
0.5800870000000486,-2.7857738761539994,-12.920613579684261,-81.26180744168886,-0.16531764791295933,0.10202552502377181,0.02464640462663303,0.02201649533622817,0.04901130196900253,-0.05546031682172125,,
0.5895980000000236,-3.007284549801269,-12.78165035522946,-81.51026649178098,-0.16510339422900355,0.06912618658239582,-0.05094107532974744,0.02103673746572932,0.04692915778254125,-0.05961124129348798,,
0.5991810000000442,-3.272928056125731,-12.554124364694495,-81.71426293349926,-0.11796922180113688,0.05518288321266229,-0.009572623352848836,0.024834433865463676,0.031936731010498966,-0.05252002831117253,,
0.6086260000000152,-3.4138247766176364,-12.378597770152322,-81.89680484653395,-0.1503847623080682,0.007869365918498435,-0.12370016570103623,0.03086437382574591,0.03228005768825481,-0.04263755188131348,,
0.6182019999999966,-3.6512209067627155,-12.199822924319605,-81.95335151763477,-0.16599837341297963,-0.01243839297943744,-0.11024533837433795,0.0,0.0,0.0,,
0.6277110000000334,-3.804634827108401,-12.044129627227017,-81.93206086070755,-0.14823607585178672,-0.008799645832019537,0.05667358255495641,0.0,0.0,0.0,,
0.6371730000000184,-3.857545001046522,-11.886870813879657,-81.87262185834513,-0.2264772290541042,-0.03730966832420072,-0.15168294215752678,0.0,0.0,0.0,,
0.6467330000000402,-4.064755815259964,-11.728214154431418,-81.72264222898774,-0.2061072911384746,0.02972131729400379,0.06226819917950932,0.0,0.0,0.0,,
0.6562320000000454,-4.394932173230796,-11.61585026744105,-81.57378372959468,-0.22460754583794124,0.0005037794465179954,-0.030560158194845404,0.0,0.0,0.0,,
0.6657560000000444,-4.731581480318172,-11.431066681398999,-81.47914807561743,-0.24508828233807864,0.05938642883242571,0.0005068063714152583,0.0,0.0,0.0,,
0.6752660000000219,-5.0099975763291384,-11.296633702578383,-81.47795429110857,-0.21083832552667142,0.06210409811792421,-0.0006927788769336431,0.0,0.0,0.0,,
0.7037920000000213,-6.022425639108189,-10.983918451768051,-81.9649393413033,-0.17934845643177383,0.058662845490321976,-0.03643606671816289,-0.007249250230634677,0.027370369700767096,-0.05722834216309506,,
0.7228190000000154,-6.656949675762634,-10.851344355442535,-82.37676416686475,-0.1294190093293346,0.07285045358489838,-0.03753098916734265,-0.006619240910635209,0.025466989309695515,-0.04915308513893788,,
0.7323300000000472,-6.921922888283398,-10.767306054399585,-82.52609225532392,-0.12782740675315393,0.08739340853030128,-0.056128327815809606,0.0,0.0,0.0,,
0.7608650000000239,-7.330926686425724,-10.348373129180436,-82.97520577720145,-0.019854107197689045,0.18945543302391413,-0.0073994023288037,-0.012499471144407767,0.02685932690146365,-0.04218824053618288,,
0.7703590000000418,-7.4151095684063,-10.226218990087778,-83.21975227814657,-0.018306108719739884,0.15397109571771386,-0.027972147884056244,-0.01216153289191391,0.012156422578400947,-0.05195273884848649,,
0.8084080000000426,-7.538982392049136,-10.42625213575552,-85.23661540681306,-0.046803159669914114,-0.03820399586248734,-0.016990580545568935,-0.037596045106578,0.015009241733063592,-0.13291561188625928,,
0.8179190000000176,-7.791660664548097,-10.684079642255075,-85.88869495908588,-0.05795569650591004,-0.0026906680067602883,0.007798756441437844,-0.05275073651313235,0.03242836725249393,-0.1398055013740647,,
0.8274410000000216,-8.089930661048992,-10.92627638909382,-86.51151662764337,-0.03982675118440706,0.03554147444600701,-0.0018744166267141422,-0.060671226950817066,0.0469691563123973,-0.13586085213467056,,
0.8369580000000383,-8.451012217766527,-11.06911725103697,-87.0771544010438,-0.02572988627223338,0.09241788076566157,0.01844444176320114,-0.052673062626320995,0.06378436836372448,-0.12697957072716606,,
0.8464640000000259,-8.789929009953504,-11.074636172162295,-87.58640400278186,0.0024922395052668746,0.1456111049069256,0.028363357953900284,-0.035550984163291714,0.07001964205996895,-0.11490587509902424,,
0.8559790000000476,-9.123905652297159,-11.015525788738309,-88.04909453556812,0.05288741154822135,0.1607715559375606,0.03180894136300995,-0.02495383011064196,0.07750080666498525,-0.10534970847431958,,
0.8654870000000301,-9.442347512144861,-10.936531657816277,-88.4888182825587,0.06965829030139611,0.1457474630554946,0.023402422355071225,-0.01741528876591135,0.07820117814353265,-0.1000827054281125,,
0.8749800000000505,-9.671677815914487,-10.861647365370567,-88.87845232809302,0.09866069361005493,0.12175025676893546,0.035928545934925685,-0.011908179889815322,0.0665653735299711,-0.09877461295536717,,
0.8844970000000103,-9.855201618066465,-10.84216755293564,-89.31564519539967,0.094017811095404,0.0792948424166907,-0.005733372838686906,-0.014226726658057257,0.057151598358917005,-0.10303368942801165,,
0.8940230000000042,-9.982692793598474,-10.921661195567992,-89.76980513706415,0.08447997219532885,0.04523881669953498,0.05156444388337229,-0.025583026345835345,0.04279590200439322,-0.10677810347317138,,
0.9034700000000271,-10.12026689985354,-11.101430145067283,-90.22164157807525,0.07477767954306694,0.022053375030918212,0.11386551482572894,-0.03601223698872493,0.027023636663088147,-0.10793650923572244,,
0.9130390000000261,-10.161446473543208,-11.262085453496987,-90.67815005873575,0.006394001641669175,0.006803616997472884,0.03454407000251955,-0.03499754188883573,0.01473027548219097,-0.10821287949378769,,
0.9224890000000414,-10.194932213831208,-11.476397545543808,-91.12457811128111,0.02297072467629481,0.06763743457589164,0.10895849548804966,-0.042809222554860596,0.007224693457272734,-0.1051630064051509,,
0.9320529999999962,-10.233529173991807,-11.650511130842089,-91.56182640055668,0.013459516494957777,0.06106295399093563,0.05402021292314108,-0.04774480145911618,0.00764125659450649,-0.10319526465881367,,
0.9415590000000407,-10.327789759397461,-11.757207301467725,-91.99709452846798,0.01981000193799358,0.08397751178775045,0.07695490792193117,-0.03837473680479399,0.018479324161200066,-0.1060006788719879,,
0.9510670000000232,-10.514864026219414,-11.874425920348903,-92.41169496104793,-0.03072282790442584,0.05141346087843708,-0.00429688964429424,-0.03411339247167467,0.03157112112722667,-0.10803614838049512,,
0.9605860000000348,-10.701936717682864,-12.02139874156217,-92.77208769020979,0.008976534309035892,0.008978994683811518,0.04415476066455346,-0.03256166310442697,0.0355692863276212,-0.10666520731458728,,
0.9700770000000034,-10.899070841731566,-12.175457987866325,-93.11345792224377,0.0,0.0,0.0,-0.028425993576960573,0.038894490056152434,-0.1044740072217815,,
0.9796050000000491,-11.08010489530158,-12.32542831679051,-93.40326217735692,0.0,0.0,0.0,-0.02907135463866998,0.040310993075879785,-0.10022777672089823,,
0.9891130000000317,-11.240000931834034,-12.491571414135837,-93.67832950412287,0.03383631622709917,-0.0036397477517201285,-0.0065969262247903586,-0.031879193865359805,0.04013106856199176,-0.0939411364019053,,
0.9986250000000041,-11.378341860347593,-12.619792290330238,-93.98454609933633,0.04412177571520507,0.023597948325385216,-0.014695801558764056,-0.028308739591521973,0.03786989295319272,-0.08702178506350854,,
1.008130000000051,-11.47928717908273,-12.715299557337895,-94.24154302445976,0.0468002669912916,0.02502189322243936,-0.04504867118714292,-0.023461253612148614,0.03193328234650745,-0.07780565416733079,,
1.0176480000000083,-11.555840851499292,-12.801563324847491,-94.45348608645618,0.0481447789076156,-0.005951947825980947,-0.009662515818588163,-0.019184920622194093,0.02723723806508762,-0.0680368015140467,,
1.0271600000000376,-11.624347684759144,-12.892124778454852,-94.61713775150196,0.02967503909100009,-0.010771074436974178,-0.03646955217224656,-0.014562403984683439,0.021593635039352237,-0.05857848817813672,,
1.036674000000005,-11.664302262887482,-12.999155038120541,-94.73284961744297,0.015060360080357917,-0.012950386035886607,-0.05052399951036724,-0.013240780674697318,0.012620296824796321,-0.04975797976308618,,
1.0461810000000469,-11.703676404990816,-13.134765738261589,-94.8218353748329,-0.016482588312897686,-0.04812874716476216,-0.049846057043860706,0.0,0.0,0.0,,
1.0556900000000269,-11.760569202501793,-13.286148615247148,-94.89547327653142,-0.01861148311706425,-0.04953453326538744,-0.05862707933084317,0.0,0.0,0.0,,
1.0652029999999968,-11.824792233740906,-13.45430790454919,-94.98247509740828,-0.04887552013890163,-0.033812891193147156,-0.042909468635178756,-0.02466353649512746,0.003979363148623474,-0.04391866833376985,,
1.0747060000000488,-11.911643475268225,-13.628398417221893,-95.06147723994974,-0.06578495692013821,-0.0010620233414767337,-0.02830162037174638,-0.030091314305368138,0.004612605925376863,-0.045715915526784126,,
1.0842269999999985,-12.0039883855155,-13.788089651807436,-95.13764148029482,-0.08258186190353828,0.0032585476085201254,-0.016909471223479335,-0.033612027016820034,0.0022555253634059143,-0.046155250455480905,,
1.09375,-12.08127157221841,-13.923096216493857,-95.21347872732287,-0.07665860959190259,0.04547740413683248,0.008245461279708006,-0.0356812975066163,0.0006357686132539811,-0.04540790885697171,,
1.103255000000047,-12.187724987311386,-14.020234192764097,-95.28611175820636,-0.08834104489803134,0.07140327461296817,0.005325331703616056,-0.03389748860860124,0.0042746800351797015,-0.04550505097817801,,
1.112764000000027,-12.300365813794025,-14.106135124150878,-95.35100867651025,-0.09293181137717331,0.07916634406065307,0.004832153333537341,-0.03305941170598127,0.003984237433404776,-0.04349555037986106,,
1.122275000000002,-12.408498665310642,-14.185877412192621,-95.40813302851652,-0.08401306961258805,0.08131389297448091,0.03846747082930144,-0.031321228609265665,0.0045092021891302275,-0.0417602009079245,,
1.1317820000000438,-12.54732703076315,-14.267466781418296,-95.45845789289147,-0.09869946058426933,0.07371973235074741,0.007899533447153157,-0.030209597147525826,0.00727045254726146,-0.04122458133282191,,
1.1412930000000188,-12.704269854897756,-14.36212614160294,-95.50347594566783,-0.1052472755289788,0.0712130617724592,-0.05156248966373298,-0.03263040638925467,0.007612017444372715,-0.040639040148263805,,
1.1508019999999988,-12.837655260869566,-14.414077015980155,-95.55335547282908,-0.07637411499629622,0.1271946849724496,0.03508993410050265,-0.035058270519463385,0.010504631831346088,-0.043169917844381005,,
1.1603100000000381,-12.991725193589726,-14.437642984860803,-95.62142169061333,-0.08151833145080524,0.1295546455529054,-0.008787589341600016,-0.030572647560216153,0.01172171160158673,-0.04808000481361811,,
1.1698180000000207,-13.116189831136495,-14.380535315430734,-95.72681779202865,-0.06508627153530964,0.14631541446057736,-0.01657221621520169,-0.01943353371882318,0.009815161563365534,-0.05262138887297385,,
1.1793310000000474,-13.253821280905363,-14.328662477182618,-95.82086118798787,-0.056502061446675876,0.11894317108240264,-0.012163797777281868,-0.013757213928387161,0.013274389467823122,-0.05389327602564017,,
1.188841000000025,-13.374099261895974,-14.28099915781014,-95.906141972452,-0.0405366410521598,0.07976595348431262,0.03601223637956814,-0.005240370367738327,0.013618313350065796,-0.050440807729553686,,
1.19834800000001,-13.479215325937394,-14.229346024673424,-95.95270069019415,-0.03414509567869947,0.04830182949171876,0.026020561321345156,0.0,0.0,0.0,,
1.2078750000000014,-13.567575559112973,-14.227524337223635,-95.95066334475813,-0.03195263797185138,0.013764170121335653,0.040928424949034016,0.0,0.0,0.0,,
1.2173660000000268,-13.613672363371029,-14.253522768405851,-95.91854034482611,-0.02639904534737638,0.020188265561370898,0.06833176599248283,0.0,0.0,0.0,,
1.2268789999999967,-13.61771981638958,-14.224954781643156,-95.88451219756793,-0.029303186652883943,0.08020922278949474,0.06033979503118759,0.0,0.0,0.0,,
1.2364010000000007,-13.575659229366305,-14.143599217798252,-95.87649154719917,-0.015187878277381757,0.12846107163695641,0.047965983192485795,0.0,0.0,0.0,,
1.245855000000006,-13.520534150037246,-14.179525778537215,-95.95121975817587,-0.010454576857761001,0.13918622850133694,0.10623524559170609,0.0,0.0,0.0,,
1.255424000000005,-13.490290033374709,-14.043424979322205,-96.10904283577923,-0.008894841698034,0.09653173776512715,0.0755993030323914,0.006593983560553293,-0.010458883550259966,-0.05469283494659348,,
1.264944000000014,-13.493808595676402,-13.912233905429694,-96.31810215175315,0.02583767090007624,0.047231672983784306,0.07560538350710383,0.015671405365570205,-0.0016319285258298455,-0.06885144862029154,,
1.2744400000000269,-13.535435886419354,-13.91146558609082,-96.53497923157232,0.0054736865361047745,-0.043251939303204034,0.05482735487114997,0.009756309088501941,0.006948336233186053,-0.0723818152008127,,
1.2839500000000044,-13.548041552558947,-13.978086699440627,-96.73710053948602,0.029165655756007693,-0.09102553680769182,0.0797632173803905,0.0057404067494592785,0.00989908109849683,-0.06701148691305761,,
1.2934550000000513,-13.607370844620748,-14.113730501015935,-96.86924510648029,0.019675902375178373,-0.09296453411082721,0.014964245326998301,-0.003814568032249147,0.017630693288102156,-0.05567816638985118,,
1.3029810000000452,-13.621244184421224,-14.321661808869546,-96.90141441159219,0.036296608237734486,-0.06587514637512148,0.00459127807114673,0.0,0.0,0.0,,
1.3124789999999962,-13.618642131393614,-14.514783469838076,-96.85887801271697,0.06204601630683042,0.002673491829202349,0.038873838644197405,0.0,0.0,0.0,,
1.321992000000023,-13.650475077849185,-14.596303241939163,-96.7783307621561,0.05729786496004496,0.09788992517154842,0.012927275281170592,0.0,0.0,0.0,,
1.331514000000027,-13.70627635589922,-14.618392333876711,-96.6780584474498,0.037852082323566086,0.17845270363088384,0.023993044060582575,0.0,0.0,0.0,,
1.341023000000007,-13.837570989449576,-14.613287785261056,-96.60329766079576,0.0503217852002983,0.204098894852437,0.056885070468041136,-0.03857770489739026,0.034638241504718045,-0.015479804469750466,,
1.3504740000000197,-14.04063040865228,-14.759339917627402,-96.56085654219095,0.02705030261019385,0.21750573593010072,0.09034427012160938,-0.024593640424570056,0.042400384783591476,-0.028065125041361837,,
1.359973000000025,-14.290735237745002,-14.869215988782129,-96.5493132192808,0.0192452505844746,0.19712202359282277,0.12507896853698305,-0.016395900457240847,0.05059351224860707,-0.04046334117960679,,
1.3694920000000366,-14.584978132066981,-14.974634499320665,-96.5666341429584,-0.00583314223248978,0.11971606497779555,0.11337356667401029,-0.014547699869675962,0.058955806902165286,-0.04969908673656183,,
1.379006000000004,-14.892254970957188,-15.043607131809457,-96.59266700064549,-0.012204255051036344,0.058346646639294175,0.11367845416522623,-0.006998594169189527,0.06061589024974737,-0.055105924058434924,,
1.3885210000000257,-15.185792750231276,-15.091156360203062,-96.61110096610612,-1.580193027395523e-05,0.030152502075105152,0.1110684726451936,-0.003020551865905309,0.05747618764215725,-0.05463513322822796,,
1.3980260000000158,-15.43467632955001,-15.156916179841973,-96.59923740895641,0.03507005433826194,0.0262753155605334,0.11123326719423317,-0.007625606394420348,0.049297444339976744,-0.0481904198969639,,
1.407523000000026,-15.595085808490698,-15.223888320449928,-96.56623463119836,0.03366661765885992,0.025082334764505106,0.10570829025115173,-0.009820493337638575,0.03231835483455515,-0.039375852835602354,,
1.4170930000000226,-15.60837141735279,-15.218394867674267,-96.50886761687514,0.034181537676668934,0.025486094260264092,0.10732490654421782,0.0,0.0,0.0,,
1.4266140000000291,-15.524392496747218,-15.19681318870304,-96.4364399482165,0.039205772496687656,0.07002698868390154,0.09595104582469027,0.0,0.0,0.0,,
1.436110000000042,-15.332143493366612,-15.192254174122176,-96.3825038113761,0.03424528733807442,0.0666091038624628,0.08163083255141311,0.0,0.0,0.0,,
1.4456350000000384,-15.056263762349733,-15.172550248713401,-96.33385057322756,0.038606316989078564,0.0473510145549751,-0.023155832850380472,0.0,0.0,0.0,,
1.4551440000000184,-14.769974961093492,-15.096380707263075,-96.2828297390406,0.028869148746411305,0.08572697862719697,-0.058928104252580486,-0.011013125992775073,-0.04985695042784894,-0.012207335385513468,,
1.4646470000000136,-14.490337083574966,-15.043673164537136,-96.22274003097179,0.008759189047988272,0.08033273974768865,-0.021718701463656277,-0.012695632278778906,-0.05217041041730252,-0.009190560108028446,,
1.4741610000000378,-14.164316067308995,-14.853979749418858,-96.16133842289152,0.011968626389931404,0.1108698089348333,-0.029575680299754954,0.005283598636215245,-0.06711266499790795,-0.005181795007329469,,
1.4836740000000077,-13.793253170510672,-14.624734580285402,-96.09010187864523,0.025154721173845734,0.11245998213805874,0.025193908993142618,0.01329113009454466,-0.0744270179937353,0.00040132096273055683,,
1.4931920000000218,-13.517371036519284,-14.422823548910452,-95.9891830702618,-0.04686080416491013,0.09695407558909586,-0.009461667803436892,0.012562838675778952,-0.06685147569782703,0.0038644706499335523,,
1.502697000000012,-13.223205104862439,-14.224097411464735,-95.89289275045887,-0.019188747614973915,0.10323625106209107,0.055538776587675885,0.012072379544859468,-0.06488467092254642,0.007284835997837257,,
1.5122090000000412,-13.055578079288097,-14.023355650566979,-95.7807138411399,-0.0349885629978773,0.1260551536647495,0.018511331482586733,0.0,0.0,0.0,,
1.5217180000000212,-12.964152763745036,-13.848695139241185,-95.65484868174937,-0.03291423539805514,0.16264305312558378,-0.027535047721835054,0.0,0.0,0.0,,
1.5312300000000505,-12.919269483473057,-13.661322832897287,-95.5205960513119,0.00033985208128249996,0.21256290568361294,-0.009723588081035257,0.0,0.0,0.0,,
1.540728999999999,-12.945992254714938,-13.37460713399999,-95.37295163169793,0.026010972778126893,0.2765608062678764,-0.06604675706695308,0.0,0.0,0.0,,
1.550247000000013,-12.954936033454738,-13.014162936618694,-95.21699075219884,0.03058910778753924,0.3350169929825786,-0.07775409692714659,0.0,0.0,0.0,,
1.5597570000000474,-12.978822528599613,-12.608550294078343,-95.03293648298288,0.030159921715746156,0.3424619758269703,-0.07689947324753653,0.0,0.0,0.0,,
1.5692700000000173,-12.97181791445567,-12.093415727783889,-94.8280814442334,0.02909270177357382,0.34443117663672057,-0.07406103573023702,0.0,0.0,0.0,,
1.5787640000000351,-12.950665900900228,-11.483490592243163,-94.57881179674992,-0.04010124971185202,0.3376718935509597,-0.14836504859135555,0.03754145001013083,-0.02410776860861551,0.029636444509592096,,
1.5882460000000265,-12.75963203565626,-11.294121417234242,-94.30023037479053,-0.1396892172125869,0.3720327598115375,-0.21291284977782055,0.03493790328760309,-0.0402962645442925,0.04389268935591465,,
1.5977340000000027,-12.478703958395327,-11.119922414200015,-93.96067420894998,-0.10420494793717575,0.4131223202231016,0.11116028191271907,0.030874123101151923,-0.057523486726687424,0.05600147632295113,,
1.6072480000000269,-12.28765601499616,-10.796394993983396,-93.6449164489114,-0.16735223058642282,0.34447363686305055,0.155417144731413,0.06219434623416452,-0.04171222360156311,0.04710902163087215,,
1.6167430000000422,-12.17115445413198,-10.314083776409435,-93.40138304877516,-0.19458445636924612,0.23223236165775896,0.17208988782657952,0.09501516933778817,-0.02874918538517771,0.034010328904397355,,
1.6263299999999958,-12.383982943072208,-9.772730843733289,-93.16396807208541,-0.20876535456894238,0.056229982646798765,0.03944876575044123,0.09829826203381996,-0.006354351528554964,0.02291988947724711,,
1.6357890000000452,-12.496650255531813,-9.389110783598039,-92.98490515034284,-0.207130686590935,-0.08873451118451917,0.06186545283127021,0.07789024357125288,0.01814968181029716,0.015724929267524057,,
1.6453590000000418,-12.774596930737664,-9.236668136640638,-92.80106853056097,-0.13330346587680153,-0.12726943550437253,0.05088684612703176,0.059205039954066604,0.026355194660716945,0.0119953989398487,,
1.6548670000000243,-13.102876393848716,-9.1523694078153,-92.62722782934551,-0.09149532975990234,-0.08503794851527678,0.008148118301257584,0.03855384729276534,0.04396695121989723,0.008004616905056574,,
1.664380000000051,-13.391985378347282,-9.114675121366362,-92.4469452411417,-0.047198940475030725,-0.04441796324472675,-0.020134109372492125,0.020093961479340547,0.04608746120915187,0.008914603037746575,,
1.6738940000000184,-13.582262559765912,-8.987196207265239,-92.26885626120611,0.0,0.0,0.0,0.0,0.0,0.0,,
1.6929020000000037,-13.849814466299117,-8.597253448603338,-91.85884460899685,0.02874281569487065,-0.014203823265941818,-0.08773262576503821,0.04366470724909015,0.024730871903506493,0.018674155247512213,,
1.7023470000000316,-13.894383094078155,-8.340605119671165,-91.60641107771707,-0.043221944504459174,-0.07539787905499241,-0.15666051432300365,0.05162989931619107,0.00731725767240604,0.02761653517560523,,
1.7119270000000029,-13.868007887890265,-8.18894026464377,-91.32060364201534,-0.04827143928936354,-0.08912621386425743,-0.04081777116567789,0.050831947995342276,-0.017088701557206272,0.03721017787933706,,
1.721441000000027,-13.854514178062534,-8.090174490773473,-91.01538209943602,-0.11452247755541847,-0.0756145251428479,0.008899509906892136,0.03632654073161897,-0.028114550815366193,0.040609740863497286,,
1.7308920000000398,-13.717192403518652,-8.043254264454868,-90.75413795937276,-0.13077173523268934,-0.043473307164447104,0.13962688726867523,0.0,0.0,0.0,,
1.7403980000000274,-13.681785671385661,-8.104414493171207,-90.59295764046341,-0.18897855178752912,-0.030254967662170663,0.13056279717420788,0.0,0.0,0.0,,
1.7499290000000087,-13.730629256981075,-8.20592518488753,-90.54551225246755,-0.17968905769725865,0.02076864521313033,0.13214900749387204,0.0,0.0,0.0,,
1.7594220000000291,-13.900407445661765,-8.334478802913688,-90.60076252250634,-0.15490931357922844,0.020406058641910987,0.12819689830172323,-0.025430004971280687,0.033881683551457,-0.033431475671664435,,
1.7689450000000306,-14.152453997775359,-8.480483775534674,-90.74155853138252,-0.11582099326959398,0.017190840561391196,0.10523219284266107,-0.028689111364560906,0.050247189727079866,-0.05399679751983832,,
1.7784550000000081,-14.45567935109745,-8.638769912575874,-90.91131888902721,-0.04254790759528342,0.016168516993774616,0.10195457630427429,-0.030880052292475396,0.060468922111976825,-0.06385156295930611,,
1.78801100000004,-14.79620358712973,-8.797334106697662,-91.04046091277816,-0.016932777160166036,0.006293324379856565,0.03867144410721158,-0.03202513928041964,0.06427962759084119,-0.06150335134821686,,
1.797533000000044,-14.997721097791727,-8.92622038364111,-91.10484743008023,0.025407158871851517,-0.001547384677051396,-0.006730954352021024,-0.025389047155129442,0.04601160197165336,-0.04595914475130107,,
1.806984,-15.11015533065303,-9.0090528906834,-91.04184896504867,0.019568961327678262,-0.019199908812064653,-0.11883535053887977,0.0,0.0,0.0,,
1.8165440000000217,-14.9790565402,-8.968130208432768,-90.8623417826526,0.018988810330015246,0.061270626931273685,-0.10145438293757092,0.0,0.0,0.0,,
1.8260570000000484,-14.50790553792657,-8.820713922842888,-90.60571375389692,0.0443505573429435,0.09916895202269345,-0.05579618780328727,0.0051601474746146,-0.08319702366731578,0.04028716573124428,,
1.8355090000000018,-13.848879210465494,-8.662826276441487,-90.33062097036296,0.03518075317010815,0.22394698928751053,0.10489638681987125,0.030680621227397106,-0.130661551613494,0.05201661158384929,,
1.8450710000000186,-12.995685461699841,-8.153638054567914,-90.14383594292545,0.0006635648569574466,0.2643246541530683,-0.03787158468530944,0.04208771444778159,-0.1687431269151089,0.04325761701293851,,
1.8545420000000377,-12.082056852187737,-7.94495822394116,-90.13942848349387,-0.004358309059294347,0.321342920889281,0.10187373309020356,0.04145434040026352,-0.1812292487116325,0.012096595463384846,,
1.8640480000000252,-11.127753071724495,-7.7035637398759285,-90.41689407669388,-0.049331925905028585,0.30721598711524467,0.08692677559269832,0.04750669544020094,-0.1895310163869062,-0.03988017871702656,,
1.873548000000028,-10.123768433589685,-7.394019635140377,-91.0107030537226,-0.07334679741747899,0.20911804409824722,0.18961018416222006,0.05958782449120273,-0.2000357499593407,-0.10236522590329425,,
1.883130000000051,-9.32892511248451,-7.026643480066186,-91.84435451225082,-0.20438919005727504,0.01566995596231364,0.0736972551216689,0.06862918686576157,-0.2015085300860623,-0.15343389482552536,,
1.8925950000000284,-8.299342948015436,-6.6982903334486465,-92.79909414659643,-0.29280960996369737,-0.13883825160794097,0.09251512136537937,0.05741065868557513,-0.20719210280034356,-0.1665080636537161,,
1.9020620000000008,-7.390145480765892,-6.570510294117355,-93.60264482280557,-0.37507710530346333,-0.26795846556573394,0.138989610949376,0.015453724268528776,-0.18199351762757696,-0.1398411651322609,,
1.9115750000000276,-6.696623380509627,-6.604932168022294,-94.06880349906372,-0.451995111859998,-0.3254555921341161,0.09186411794774235,-0.01610472350997358,-0.1371900021800914,-0.0773989456582963,,
1.9210790000000202,-6.220381649254672,-6.7032365562019,-94.06771592132486,-0.43392527706584777,-0.247975141798367,0.07825952082188352,-0.0263560377465253,-0.09309058678125802,0.011269454225279215,,
1.9306100000000015,-5.99217754126333,-6.87537555179035,-93.65410404755754,-0.3798756182631453,-0.12212090684435975,0.05687269538638643,-0.03747895275799018,-0.04293079708045232,0.10343768171611169,,
1.9401250000000232,-5.943980008677624,-7.077685430462649,-92.89575874925423,-0.28794056501567294,0.018270809256941828,0.029808102045680417,-0.04100519318472376,-0.007212489626259573,0.17615957251593614,,
1.9496430000000373,-6.010401960488836,-7.246976149045647,-91.95685251710276,-0.18609898647143522,0.21874722375613273,-0.0582125312638703,-0.03330133832370847,0.01465044153479818,0.20970472556339562,,
1.9591390000000501,-6.117705128584735,-7.3851428414459,-91.0638551856745,-0.13884002216086944,0.3267959098715916,-0.19813616820015081,-0.027075390387603804,0.02206137620658592,0.20257875284096827,,
1.9781580000000076,-6.0694965994064285,-7.504699672318404,-89.95627405095134,-0.14278199230073324,0.3790793942232451,-0.26272698894574953,-0.005636645570580427,-0.015794729765221095,0.10863565390785629,,
1.9876840000000016,-5.926776543078013,-7.572534852098461,-89.89217881803296,-0.20880384649787484,0.32205742990775466,-0.1984694779940561,-0.013578520694487253,-0.028336958805256843,0.041810391964524386,,
1.9972620000000347,-6.179653728303624,-7.5515443601528585,-90.04298554807177,-0.2845578633640245,0.16598659414766995,-0.16002130020175276,0.0,0.0,0.0,,
2.0067840000000388,-6.61453838647386,-7.7867950999629345,-90.30827474509,-0.3384015677529472,0.03354572814245708,-0.11805485518961417,-0.055012423104474156,0.005084418900675921,-0.046602092963863806,,
2.016276000000005,-7.167324773989758,-8.220943435109067,-90.58204926359036,-0.3144605878686115,-0.06305535942877999,-0.056042297804031,-0.07182282482219281,0.03894092887230237,-0.04952949783110179,,
2.025805000000048,-7.967859501869829,-8.823244793260466,-90.70985615279791,-0.28848666609683793,-0.12126356542622295,0.015459544853532804,-0.09300825563336035,0.09868486981869153,-0.030109203403687224,,
2.035299000000009,-8.904918958144291,-9.483643001147124,-90.59581260085322,-0.22094654771548425,-0.1144123870858092,0.0249592381044639,-0.10564802666177367,0.13982423199615346,0.007239126727509073,,
2.0447980000000143,-9.782503628925445,-10.063785852896546,-90.28088456845116,-0.05287262569041492,-0.031256600012810117,0.07754478086017957,-0.10827905887309403,0.1632541412862356,0.046930559294493024,,
2.054251000000022,-10.762722937657145,-10.544103267045935,-89.81518714900963,0.09750974887631887,-0.03154178149567509,0.23007217734200183,-0.09593566641396277,0.19324681961359003,0.06861752110365023,,
2.06383500000004,-11.513149718986437,-10.757664552998353,-89.353708826043,0.15224255828665462,-0.04142298322691379,-0.023270442574007944,-0.03456062426582611,0.18176238831538558,0.06929071016923978,,
2.073352,-11.975619776665985,-10.803079330187797,-88.96902683765735,0.2910667242185176,0.012778793007812676,0.03951236881869406,-0.00837735532205383,0.15136963992961028,0.059663968180314025,,
2.082782000000009,-12.590770708418392,-10.996007984920002,-88.59747878314417,0.183909570140124,-0.06100264743617894,-0.3370204635930868,-0.04119697799102806,0.12011244067486508,0.05109219178523941,,
2.0923630000000344,-12.67916720015499,-11.630904416325691,-88.27580369830658,0.1734390680160782,-0.1279407669018233,-0.10250593816989959,-0.09657516811349003,0.05612744961226684,0.060668321342106014,,
2.1018720000000144,-12.410723971757086,-12.320107538284226,-87.92470759463787,0.15381518707790456,-0.10919548057236307,-0.08446804070585248,-0.11017719292408192,-0.020206436881807083,0.08128650945224594,,
2.1113339999999994,-12.144407378934597,-12.863160678115682,-87.39344609642687,0.13298851078576027,0.10797100685568094,0.11863115595902202,-0.10650115418825976,-0.05651361933659425,0.10433361862919688,,
2.120894000000021,-11.786877294933616,-13.292133130519758,-86.74003142561362,-0.02802977224787267,0.1572892604815547,0.016192055253390576,-0.11628835698444824,-0.08037324096151466,0.13626709598944156,,
2.1303369999999973,-11.172667618939112,-13.797997787762867,-85.99587432096243,0.04907124393025735,0.3338203192436146,0.2957949702520994,-0.09349843125172416,-0.12578157330414638,0.17260703173449335,,
2.139831000000015,-10.744080833541307,-14.10418040396095,-85.21261665761449,-0.05262958413743596,0.3988084043471626,0.21851207264815733,-0.054754443509447165,-0.08775624772329746,0.17751020967309974,,
2.1493430000000444,-10.401474075978903,-14.262849158074353,-84.39516823563521,-0.19299353575240566,0.4529477666989198,0.17182898874931174,-0.025623797843235374,-0.06912904035068411,0.18047713642620392,,
2.1588480000000345,-10.023105109426599,-14.339595777456157,-83.59171492003074,-0.05804369461308003,0.5219490912979815,0.27688881626615436,-0.0076059686410646045,-0.07463420819372223,0.17958188063274305,,
2.168369000000041,-9.950701494844923,-14.29110430048146,-82.89972303698559,-0.14438071371050112,0.399039012550041,0.07578480347081389,0.011291876784922834,-0.012815639453674626,0.1421368213593693,,
2.1778980000000274,-9.801279261407313,-14.082468208363933,-82.36383549374027,-0.08357326520003487,0.3145044387712348,-0.02417387995400354,0.045153042379688986,-0.023416980896617343,0.11463211386608262,,
2.187400000000025,-9.644114475851238,-13.810724463873472,-82.00836895731476,0.0012540663241970655,0.24446622707033652,-0.024234969271306393,0.0580631589777188,-0.02286568343905511,0.07876063815694603,,
2.1969080000000076,-9.47351083509353,-13.625261553027055,-81.90243773652044,-0.03175599522242008,0.05622537410204983,-0.15960586321289738,0.041401763720319756,-0.027690677481798584,0.042691116746791234,,
2.2064870000000383,-9.012711022213354,-13.601819558603443,-81.97361827940269,0.04426048350371694,-0.005541695993965688,-0.04822079179028078,0.02297831803867187,-0.07722913842865346,0.020795946702302923,,
2.216013000000032,-8.582802098466518,-13.822520572521295,-82.15189134464988,-0.0021760203351586026,-0.10503152467304121,-0.08703902478206561,-0.007076906470215893,-0.086128216823076,-0.004356843302519459,,
2.22551900000002,-8.080800520482628,-14.235190046933491,-82.37871479185104,0.0061118200591454945,-0.11033493357334251,-0.03436205158397772,-0.043282870374760675,-0.10917868185189378,-0.010579259045475145,,
2.2349780000000123,-7.530635538854908,-14.616916271056414,-82.6155793559917,0.01807603465337407,-0.018917533740637493,0.12662877001386236,-0.06190234785047626,-0.1157385024779387,-0.01047082705550756,,
2.2444660000000454,-7.116283388517946,-14.983937265778165,-82.86034986547581,0.006584688115165638,0.10735083666137032,0.13651902703191368,-0.06281282205346937,-0.08883450737429387,-0.015716648219321627,,
2.253962999999999,-6.78979789532576,-15.308383680088706,-83.12657266655867,0.040456487580125114,0.26507463522454466,0.22914603764114427,-0.056839151818526897,-0.0705195148856604,-0.019482711782385757,,
2.263477000000023,-6.669503419971006,-15.532809130695965,-83.44732882624528,0.0710194202883457,0.33913519091319055,0.20746521343083338,-0.041941573888590364,-0.028280470539187277,-0.03958544035581086,,
2.2729980000000296,-6.682188406737971,-15.609586508813754,-83.8460599563519,0.09324912208368207,0.33868576525476674,0.08679493723746223,-0.015550410849091667,0.0007440787065897992,-0.0656555450858819,,
2.282510000000002,-6.722239069301266,-15.596285654273435,-84.35041393304506,0.15045061168422197,0.28411351014383346,0.014108609428406018,0.0018609087710204477,0.007961087589246385,-0.09120536050549688,,
2.2920820000000504,-6.58209826013166,-15.427907938377215,-84.9959765781503,0.15066993970323334,0.14923132810347092,-0.05692419143859666,0.0021395598766655896,0.011569310329126165,-0.11717311260369735,,
2.3015980000000127,-6.344870257620239,-15.442112281018849,-85.68422171881936,0.15592148069378392,0.027639430764436205,-0.09339254628841709,-0.005591219375805574,-0.007971632979725526,-0.13183060165425553,,
2.3111070000000495,-6.0381379903578045,-15.655663162387198,-86.4609296915217,0.14014307799809814,-0.024038889947242435,-0.11648051613231612,-0.026937109848856205,-0.02699169122096793,-0.13907274840029965,,
2.3205560000000105,-5.823620936102901,-15.97209182911909,-87.20412471822209,0.09576906216878645,-0.08617229409888454,-0.11658049665608496,-0.06098364812767899,-0.044762521364704363,-0.137098587392425,,
2.3301400000000285,-5.4234086138624376,-16.48803984124176,-87.94369966385968,0.06434015654983594,-0.052429503080619645,-0.0802622628099364,-0.08724325912896083,-0.06580605373336454,-0.12570292341447048,,
2.3395910000000413,-5.048081210413621,-16.999603686060894,-88.61135058028763,-0.0085823629916263,0.02711159123324586,-0.10213900137354723,-0.10023172269657768,-0.07501367545009395,-0.11202955282730886,,
2.3491050000000087,-4.620233273620887,-17.543056306733067,-89.21426016385175,-0.041649383134892345,0.10691922947676694,-0.12915283349451265,-0.10725504059098082,-0.08385911813782376,-0.09528313429180196,,
2.3586160000000405,-4.144573991853111,-18.05767790505033,-89.75598341536848,-0.08655890030617988,0.1689769779858101,-0.12103373052974647,-0.10223473395565262,-0.09160909425221318,-0.07934974534194161,,
2.368178999999998,-3.8298127438607783,-18.26009500794091,-90.1893550238544,-0.1433830471271557,0.18700944634983632,-0.1186618909065321,-0.08670474851740986,-0.09511653718394454,-0.06718693935404678,,
2.3776980000000094,-3.532494008586609,-18.40578213573545,-90.5637258165345,-0.18384757729596554,0.17625710202344017,-0.09035100581804577,-0.07165513651646166,-0.1000299265395708,-0.05627995312056609,,
2.387206000000049,-3.2869461307857177,-18.57398565007086,-90.88749644328061,-0.21866664474344952,0.1323724473121773,-0.06024152061544347,-0.06495587116155145,-0.09664486410865773,-0.04922385744332924,,
2.396724000000006,-3.099349704057977,-18.81843501253074,-91.16401388244385,-0.24973340654430354,0.07720349103294671,-0.010202976033062387,-0.06648384645316471,-0.0896908696900238,-0.04323408164639924,,
2.406165000000044,-2.6609062961375827,-19.16193591867091,-91.49521282326464,-0.26479885942139436,0.032857569520380235,0.07464017752223454,-0.07069502248506741,-0.0813989143930146,-0.03774486038411183,,
2.415676000000019,-2.2629191000959534,-19.514054568955267,-91.78689893231336,-0.29393261890021427,-0.03924485486613027,0.20950863662883543,-0.07263796585385417,-0.07314835266020818,-0.03201524322967741,,
2.425181000000009,-1.9196561908228138,-19.87118478051594,-92.02763386732339,-0.27185272774419406,-0.06465657043648657,0.18489564893920196,-0.0736310496177941,-0.062300425222569664,-0.02504004320468479,,
2.4346970000000283,-1.724392452058929,-20.355906485619606,-92.21040914745268,-0.3158075901277823,-0.05673547781300854,0.10836823691810377,-0.09835950082795038,-0.0331010675406716,-0.02315517947283085,,
2.4441900000000487,-1.5565212174636884,-20.98136637674012,-92.32782161266107,-0.27386039298536213,0.06594649619189208,0.14281613892513426,-0.126399438578625,-0.026467874960254194,-0.01165212379739696,,
2.4537160000000426,-1.5214118346641918,-21.638794962043335,-92.40241882761119,-0.22101215383547457,0.2633994592505159,0.07655977337214821,-0.1318123138282989,-0.0011106476985479237,-0.01238928298730745,,
2.4657250000000204,-1.5736986992290685,-22.25932853149517,-92.46539474726175,-0.23391539080799192,0.3999899244042546,-0.03552863785026369,-0.12374186926251562,0.01498149922418645,-0.016532092713022972,,
2.4727530000000115,-1.535211105885057,-22.752772522638406,-92.52940441385388,-0.18023718974346034,0.49381876577300066,0.030998276264503456,-0.09903196655393534,-0.0028067184300252152,-0.009872682033342482,,
2.482229000000018,-1.5180534237003152,-23.022654278995642,-92.59744499561917,-0.19029797909784102,0.4708360154303295,0.0720446835610122,-0.054133272329023326,-0.0007437776374250044,-0.01229088922183966,,
2.4917950000000246,-1.5169827811466343,-23.086857285544177,-92.63755231247568,-0.21117732203271236,0.36100783240782824,0.07940600747054916,0.0,0.0,0.0,,
2.5012609999999995,-1.554402350836701,-23.040255611472844,-92.60997563724192,-0.20008947245491587,0.21251594460525536,0.17893173653227054,0.0,0.0,0.0,,
2.5108130000000415,-1.690058201632726,-22.945923200771634,-92.48922540795543,-0.22394092007011837,0.024622341428374103,0.1802839311044222,0.0,0.0,0.0,,
2.520325000000014,-1.8539598335953942,-22.877723732595197,-92.26817701593215,-0.1928764985504585,-0.06405299658674704,0.2001647860465506,0.0,0.0,0.0,,
2.5297930000000406,-2.0679199917290085,-22.94242084266739,-91.97661711503478,-0.1621545329027365,-0.0916879814442318,0.16600721131603588,-0.011486132974473479,0.039914670086592954,0.041694283870235736,,
2.5393530000000055,-2.282600079582207,-23.15672588105557,-91.66957600192332,-0.13094654007487128,-0.03271572256092834,0.127473847881658,-0.04163626044712014,0.04089909464250425,0.04463804717181981,,
2.5488690000000247,-2.4405957653797974,-23.4622853836595,-91.42157984788362,-0.08380016515646929,0.10330936944205796,0.10199513955098133,-0.060385804775920385,0.030693542769206678,0.03712754947900857,,
2.5583860000000413,-2.5373016036781877,-23.797857732911513,-91.30310947824542,-0.07457898528108015,0.2378171856010302,0.07992597420516022,-0.06676038572872268,0.01933300187284797,0.01595092031821419,,
2.5678850000000466,-2.5353077533435413,-24.079879781683026,-91.34406457598016,-0.06539420464837414,0.3150020208268214,0.0927649255834357,-0.05647094301482705,0.0009402224220366879,-0.008044525459685486,,
2.577395000000024,-2.462146408274002,-24.231829997631134,-91.53096799601077,-0.07549950474778604,0.29945768664169253,0.06945619937045866,0.0,0.0,0.0,,
2.5869200000000205,-2.346565191345684,-24.270381199175638,-91.80750606940308,-0.09378331014927944,0.2032796237536303,0.05945151013031991,-0.008331646478002372,-0.020865288149687043,-0.04586267230510312,,
2.596392000000037,-2.2066662089947173,-24.259417137959208,-92.09289318684229,-0.12729892770314216,0.04789736852886349,0.015021155482565699,0.0013256927311152977,-0.025595768200406495,-0.045625169828362344,,
2.605894000000035,-2.0217570705180763,-24.269936482271117,-92.30649527413703,-0.17577842224682438,0.05479022224665805,0.10572881428248986,0.0,0.0,0.0,,
2.6154750000000035,-2.0028406382281396,-24.34089597386449,-92.31250368223216,-0.16936251499181218,0.07036832304909645,0.030507143010938077,0.0,0.0,0.0,,
2.625026000000048,-2.0767251113720158,-24.38508946034598,-92.18326587770267,-0.1753369356115503,0.16248068508817526,0.06072472042026693,-0.04178227777841964,-0.02236283731743282,0.0197986112255282,,
2.6344850000000406,-2.1784484904911077,-24.29253691521109,-91.9563758344536,-0.1557038753824397,0.2128886815615491,-0.0026218961143301715,0.0,0.0,0.0,,
2.6440520000000447,-2.218743414248412,-23.98885098690985,-91.72523088182278,-0.11395077992564884,0.2915814391401246,-0.02044729208878638,0.0,0.0,0.0,,
2.653468000000032,-2.0760228744932863,-23.90550685516726,-91.62445820913776,-0.09186493504242976,0.33882092114360973,0.06331626924548214,0.0,0.0,0.0,,
2.6630340000000388,-1.968656010784191,-23.50097788145271,-91.62356178234607,-0.07276639531617406,0.13458929666789662,-0.10933022186631176,0.047157039277114315,-0.039976222609977574,0.008734916515691804,,
2.672499000000016,-1.7190976534610871,-23.111904937246237,-91.83732718602091,-0.06399500728054122,0.13003820006963668,0.09397518975795062,0.07649370773934897,-0.048226172665277074,-0.023019216746602296,,
2.682061000000033,-1.5158035185326666,-22.851704698110275,-92.15963789368402,-0.07125899679659456,-0.06150111302216466,-0.0346275685734374,0.06485409325847133,-0.05565841001090316,-0.048644924762620646,,
2.6915989999999965,-1.304959417801931,-22.812128730482723,-92.5435879306806,-0.09337840433959117,-0.1519637114718518,0.011685058533353934,0.03932545579584911,-0.05959985794772073,-0.06043518017326987,,
2.701094000000012,-1.0264007691296377,-22.784723655151833,-92.90580440244744,-0.11327442020347292,-0.1594090760727507,-0.036358405457663244,0.03926605638203228,-0.07748638585209955,-0.050828339776914096,,
2.710612000000026,-0.6282794296220077,-22.58606238134067,-93.22785399910866,-0.0809772368670227,0.004909040083816592,0.0008213870510020019,0.03934998286707244,-0.09388989680628432,-0.03374492569839945,,
2.720123000000001,-0.28696090126912027,-22.396652674144335,-93.48534936113441,-0.09926391438766996,0.05999130938421841,-0.021633461260657,0.021059917975568148,-0.0878828879434482,-0.02547620881770776,,
2.729605000000049,0.07360249392711053,-22.08078719134,-93.70245665090295,-0.0886556179004244,0.14239728069256408,0.024680164199408175,0.028301787144088947,-0.08970960399597074,-0.016281296227124452,,
2.739116000000024,0.40112932012421443,-21.55970064850701,-93.89957857381778,-0.07752575669150055,0.20054279654118767,-0.03237795392302133,0.054731890008858086,-0.08516917455290142,-0.015290362976752556,,
2.748655000000042,0.6702561580512447,-21.001280495824293,-94.10981018630832,-0.07199690881578215,0.21421045302386613,-0.04787425741768174,0.05891930355450533,-0.07436097825557132,-0.022725315283750786,,
2.7581670000000145,0.8901468272931797,-20.523694973297836,-94.35349728977802,-0.07853888175688752,0.12777649265876675,-0.07862739099411,0.06174949166609391,-0.06685875001128243,-0.033314932791718745,,
2.7676910000000134,1.0891457551067896,-19.973830384994507,-94.64479388544058,-0.07813998191007614,0.12837882176051144,0.017351269715576816,0.07895458565834994,-0.06280638635115987,-0.044656985994916236,,
2.777193000000011,1.2418664385961058,-19.541353561384454,-94.97588487571396,-0.08781398842078127,0.0621546866898826,-0.02141047914283281,0.06891142742023014,-0.05548312149100389,-0.05604193576851198,,
2.786653000000001,1.482565661029674,-19.316332478791637,-95.36550581595057,-0.10541885235661065,0.04559397998317446,0.10138395345610927,0.0407821410475119,-0.049327485400229916,-0.06196887600263339,,
2.796177,1.5956505779507135,-19.117532100910672,-95.69342979680428,-0.12070825396967806,0.04353134155683842,0.09041982151697689,0.027037409987179534,-0.0494860153266135,-0.05825087255541954,,
2.8056799999999953,1.873056960427045,-19.025243202725704,-96.01099613733481,-0.12943866089060177,0.11456324049888554,0.09781432416575228,0.013031751511519413,-0.054109298591313255,-0.04542803485245372,,
2.815195000000017,2.178027078291624,-19.041800738219962,-96.25252048438004,-0.15279836509182684,0.13283232228667283,0.09626571550153339,-0.009463402999454047,-0.057044932829606626,-0.028438744828611837,,
2.8246840000000475,2.50434856006233,-19.074985707175912,-96.41038891457086,-0.16791207085330506,0.18065707455930766,0.11882873405428435,-0.013416544852298085,-0.06065352574866748,-0.010268908486620236,,
2.834271000000001,2.6160635363772897,-18.897048924764256,-96.44750354254856,-0.1747364921627517,0.2153870432532238,0.06270463054289692,-0.01103912000378721,-0.060769252839460795,-0.0002501737018244952,,
2.8437210000000164,2.9274918488466035,-18.951257498928456,-96.57282315401669,-0.18114702601878518,0.22405190669917852,0.06473304144880244,-0.01747417844237021,-0.057380614615135835,-0.004865888104755882,,
2.8532730000000015,2.990793373155662,-18.80921559898305,-96.71930083951604,-0.18009984113287622,0.20887100886635007,0.06310209102374434,-0.01591594255206112,-0.05200935303318071,-0.025295719795739257,,
2.8627610000000345,3.0290845224272185,-18.656190050680603,-97.02772877259771,-0.16455517423740124,0.20678321796959434,0.03850762633070099,-0.013884320829778673,-0.04525815388002153,-0.05935407201268154,,
2.8722610000000373,3.0458513196516432,-18.583830492361823,-97.54540272495991,-0.1454017577631677,0.18514057871789488,0.017203934791621838,-0.02593626629803979,-0.036040569903954246,-0.102597810142593,,
2.8818150000000173,3.0584628055270526,-18.57994742285203,-98.272030120176,-0.12270442744791629,0.1594230276491556,0.02773413147845559,-0.03378191926631722,-0.028467706488831294,-0.14467953307918563,,
2.891330000000039,3.065658584600281,-18.582419510130066,-99.1671419571137,-0.09306793300927434,0.14555044911746265,0.010224127959117974,-0.03258025789952741,-0.021303346913608415,-0.17875464156677628,,
2.900837000000024,3.0539056797626354,-18.629570803937938,-100.1647110676324,-0.07170968425567556,0.12815197212553428,0.012443548908032618,-0.037016487937984954,-0.01159747131577666,-0.20046514714626823,,
2.9198600000000283,2.9862739622654453,-18.85974134833958,-102.15301513298095,-0.04057754871422276,0.07135682353399231,0.03727052462775283,-0.0372816686641651,0.004277516837136611,-0.1962062958502374,,
2.929370000000006,2.944921359921695,-19.024495275753594,-102.94432175944551,-0.02818891067684191,0.0482771422203495,0.019197492341529055,-0.04107713633513556,0.008744338782420374,-0.17322359084257719,,
2.9388810000000376,2.9257028372151477,-19.24044727521918,-103.5984929712005,0.0011022351743793573,0.013173928373661034,0.03742896816793121,-0.04862089821013317,0.010203655411042291,-0.14260922695277378,,
2.948391000000015,2.9314999825636994,-19.447610575305927,-104.10702809758432,0.010152679101415207,0.047239010743730235,0.01747746450885953,-0.05142963224378061,0.008711750997628524,-0.10961171739472178,,
2.957902000000047,2.971763083770249,-19.619305375948553,-104.4729768132626,0.022739173082621696,0.09856702772503677,0.01746400491866656,-0.05678795186295444,0.005566100913448376,-0.07985026173890637,,
2.9674160000000143,3.037457992440135,-19.769877795430563,-104.74353444483307,0.035939123355001754,0.15042367466012993,0.01503553567193274,-0.06534883820826988,0.0020472417633563044,-0.05730532990295928,,
2.9769150000000195,3.146691852026197,-19.879709843472735,-104.93662890163765,0.04681208252632549,0.19214957946989172,0.011605803090857526,-0.06909377603033491,-0.00744578503624443,-0.040153550709005746,,
2.9864350000000286,3.284359064310481,-19.9072843470269,-105.08645111343736,0.025054289199522375,0.23839067764158747,0.005278059458140478,-0.06378974601560554,-0.018105127635793118,-0.02916597308462657,,
2.9959479999999985,3.397465985037797,-19.88282411646178,-105.2125884966894,-0.005897844521077195,0.2530645327414109,0.010832317092385534,-0.05537204846808487,-0.023048431986054625,-0.024890713951376264,,
3.0054140000000302,3.4729323576431073,-19.822805600104857,-105.31394199139764,-0.042928594404032704,0.2525612901941268,0.01757012347656182,-0.04621046577340962,-0.026006777448290257,-0.022901065145552287,,
3.014935000000037,3.499682316962866,-19.76237441460109,-105.38951394140531,-0.0751875942783745,0.2281428673511697,0.016202529796530335,-0.038692711253260494,-0.02416664255373699,-0.021717792710292453,,
3.024449000000004,3.4434382145292637,-19.711285197815293,-105.42861730683413,-0.11110261462862658,0.2036870772989597,0.02674515980053786,0.0,0.0,0.0,,
3.0339650000000233,3.3322503617354178,-19.659122644691458,-105.4302224880019,-0.12606485466550446,0.17985476569661799,0.03745818521963261,0.0,0.0,0.0,,
3.0435060000000362,3.160648842109235,-19.61153410720094,-105.40505992722413,-0.1264776786558396,0.15679728964885015,0.045114633329624426,0.0,0.0,0.0,,
3.0529840000000377,2.931586354352194,-19.56710943486943,-105.34493638230077,-0.12522896178623383,0.1365412422425358,0.04421078593550119,0.0,0.0,0.0,,
3.0625380000000177,2.713061350036101,-19.508763397000376,-105.26213733979873,-0.09907093201294244,0.11821317196760817,0.04962860295328202,0.0,0.0,0.0,,
3.072001,2.504594606361857,-19.440896095262275,-105.17508951628209,-0.07756664092544385,0.09402223107747962,0.03659032053219345,0.0,0.0,0.0,,
3.0815520000000447,2.3423476976540374,-19.375727119628944,-105.09637918761105,-0.058415732512754996,0.06587693188445912,0.034691210571810835,0.0,0.0,0.0,,
3.091070000000002,2.241770272366559,-19.31512559138672,-105.02624864476267,-0.04767452681335882,0.029919677193784928,0.04718080593770208,0.0,0.0,0.0,,
3.1005760000000464,2.181493241275267,-19.281461152575314,-104.94542525731494,-0.0508843624545025,0.012899128949233356,-0.0018873174712372108,0.0,0.0,0.0,,
3.1101130000000126,2.1792217716580016,-19.25715548886125,-104.85211392084858,-0.0517034452982704,0.023966004215447548,0.028373449836460254,0.0,0.0,0.0,,
3.119388000000015,2.1985410857531407,-19.2222380011551,-104.74584722460904,-0.06112541321389257,0.032669313329740615,0.04598866615639689,0.0,0.0,0.0,,
3.128951000000029,2.2189638114633543,-19.169256292346954,-104.63769854612592,-0.07059098859145112,0.07303289832320341,0.04422400276937534,0.0,0.0,0.0,,
3.1384680000000458,2.2348426667786923,-19.108111609446215,-104.5408531313525,-0.07744544637605662,0.09660195681452016,0.042467104750215465,0.0,0.0,0.0,,
3.1479610000000093,2.2043015681836513,-19.028096459203176,-104.43507420516256,-0.09568096332282741,0.10954297158617371,0.027073816626455204,0.0,0.0,0.0,,
3.157486000000006,2.1450082521251512,-18.908050203028317,-104.33513410675768,-0.10087234896403716,0.12277564457265781,0.02715408155072056,0.0,0.0,0.0,,
3.1764970000000403,1.8654044256053448,-18.62906368170578,-104.15275755167235,-0.10927180995425957,0.10830241459988132,0.013495575397765183,0.0,0.0,0.0,,
3.1859790000000316,1.666684172746874,-18.459242654407937,-104.04655366201166,-0.09419560072998032,0.10160936740251776,0.012658654010887612,0.0,0.0,0.0,,
3.1955310000000168,1.4228063555876869,-18.26392236371677,-103.93709107522498,-0.0801852347912852,0.09887728652041454,0.0137790586924013,0.0,0.0,0.0,,
3.204996000000051,1.1719935405831077,-18.054287764031855,-103.85472652615354,-0.06344078292657253,0.08968260290561196,0.022607050511357467,0.0,0.0,0.0,,
3.2145570000000134,0.9427675839823305,-17.81576494989659,-103.786759189131,-0.042221166979062724,0.08642677157536831,0.02640126620694977,0.0,0.0,0.0,,
3.2240540000000237,0.7364157987192896,-17.563092968413656,-103.73639776792191,-0.03551801943349255,0.0926465802655319,0.04024520854758861,0.0,0.0,0.0,,
3.233523000000048,0.5771442743987392,-17.32621885110582,-103.70547556011059,-0.029909864725002688,0.10706778137249506,0.08724460179532328,0.0,0.0,0.0,,
3.2430250000000456,0.5212607294118755,-17.243071375830898,-103.70324832818484,-0.03877751903543726,0.1187768049736245,0.11001182465422177,0.0,0.0,0.0,,
3.2525380000000155,0.5210144793593257,-17.237169173905972,-103.69343844725215,-0.05221995249153687,0.11773631329147584,0.09608947659256696,0.0,0.0,0.0,,
3.2620960000000423,0.4641542500431641,-17.1967351743075,-103.62425095221393,-0.06984787697513085,0.10948449089231597,0.0720176781826658,0.0,0.0,0.0,,
3.271569999999997,0.40727093634739636,-17.178498679224052,-103.50776285211873,-0.08267784631643127,0.10656089837423458,0.032570492920902375,0.0,0.0,0.0,,
3.2811360000000036,0.32277279238849016,-17.150367406672764,-103.35577733949023,-0.08710765981300969,0.12139456089341355,0.023998150638959114,0.0,0.0,0.0,,
3.2906399999999962,0.1979210203621714,-17.11424363813479,-103.20160987970065,-0.08257312636243208,0.12925379576401383,0.03462564735908673,0.0,0.0,0.0,,
3.3001160000000027,0.02380218464640798,-17.061675965042326,-103.08354276370144,-0.07721654563708198,0.1212349082036797,0.027034989114157623,0.0,0.0,0.0,,
3.309662000000003,-0.1733790586232342,-16.997768713149615,-103.03687679121396,-0.06477086164291546,0.10476910966084918,0.02960907980234394,0.0,0.0,0.0,,
3.3191640000000007,-0.3778065162646316,-16.970307035975367,-103.07710823541214,-0.05538815034966278,0.06895825362602348,0.02570763221591516,0.0,0.0,0.0,,
3.3286770000000274,-0.5911851988131165,-17.009460165815415,-103.19054556442049,-0.07010572123522557,0.004782696232307912,-0.037072608208282926,0.0,0.0,0.0,,
3.338198000000034,-0.7429374713399391,-17.05159032723077,-103.35521864598005,-0.04722324517097075,0.06878993896486461,0.017907392214090316,0.0,0.0,0.0,,
3.3477060000000165,-0.8851199296934403,-17.126076378386557,-103.53767031766215,-0.035692828922560746,0.09156554128477039,0.03220219629782767,-0.027856911128590196,0.022313633418680777,-0.04486648644299505,,
3.3571699999999964,-1.0577325709774157,-17.165168109450853,-103.70461142222801,-0.03780526653677048,0.12460146431177031,0.06548181887374675,-0.025716346943339546,0.02614608773599807,-0.0435755099391508,,
3.366687000000013,-1.219277842310942,-17.145129856271716,-103.8411188286224,-0.030475103569148225,0.1349222146572311,0.08369117147404152,0.0,0.0,0.0,,
3.3762380000000007,-1.4117770954336863,-17.126751789455152,-103.93639920483974,-0.04413929019685237,0.10155419165034027,0.011833081180429757,0.0,0.0,0.0,,
3.385671000000002,-1.5862126792329276,-17.21257162545411,-104.01486061385359,-0.04084509849716613,0.07648280478323835,0.11279074582724667,0.0,0.0,0.0,,
3.395261000000005,-1.9133203871545446,-17.248683092740077,-104.03747645177627,-0.046974546099268114,0.029759961864259468,0.056290566278672335,0.000464216645938434,0.05291358108567281,-0.023914916475663604,,
3.404762000000005,-2.2673401977465604,-17.298270590866483,-103.96837690634314,-0.025384577935290194,0.02742949306957142,0.06579566284694809,0.00037130104132682167,0.06295050563279538,-0.019973975299777562,,
3.414232000000027,-2.6133359127454434,-17.41055361815141,-103.87783972487229,0.0,0.0,0.0,-0.007176923600246825,0.06737378494808453,-0.015090603925134243,,
3.423789999999997,-2.9219971549725585,-17.48792311688472,-103.74847352335067,0.010220644779384832,0.04177314819676316,-0.013549559885387821,-0.011065089854862596,0.0655084171719511,-0.008999499907820757,,
3.433302000000026,-3.2044558798436618,-17.539236015194735,-103.59651489972345,0.018721268574197536,0.07740504975503394,-0.02516937145646236,-0.014894952371269886,0.06290872297485334,-0.0015259296930470129,,
3.4428060000000187,-3.444218494334028,-17.526575267988413,-103.37352781115374,0.02477887935468603,0.10422442858707699,-0.03383243087914205,-0.010986270533567712,0.05197720559957576,0.010061076642566828,,
3.452320000000043,-3.611556088298994,-17.42161646691047,-103.1003900338203,0.029458409074557903,0.12658606761465865,-0.04078353866830311,0.0,0.0,0.0,,
3.4618200000000456,-3.714516397280546,-17.28821174775671,-102.81533206497532,0.027189943642215518,0.11952892400118183,-0.03815251561505779,0.0,0.0,0.0,,
3.4713370000000054,-3.7639541953241253,-17.1621493003656,-102.51020747828387,-0.03137616996973366,0.10462868984563013,-0.02577655406486453,0.0,0.0,0.0,,
3.4808080000000245,-3.7935856330963076,-17.048937827421227,-102.22193353109454,-0.06640839222958615,0.09791041592142713,-0.01909492740447076,0.0,0.0,0.0,,
3.4903680000000463,-3.8230027115824807,-17.00876342080656,-101.97409677428436,-0.09959363721563266,0.08856423107015224,-0.012089342984534223,0.0,0.0,0.0,,
3.4998690000000465,-3.858025153634803,-17.02373575372262,-101.7964554487681,-0.1190015293133036,0.09622831880810886,0.02226844439558777,0.0,0.0,0.0,,
3.5093740000000366,-3.937220241574542,-17.05443855177226,-101.71597285755266,-0.1335595732860333,0.11715400038811398,0.024977475809945894,0.0,0.0,0.0,,
3.518854000000033,-4.054199496489824,-17.10154288364489,-101.7155664104923,-0.13376982431718687,0.138438674915872,0.03749598005548589,0.0,0.0,0.0,,
3.5283620000000155,-4.213185634899237,-17.164552499555477,-101.7581516140453,-0.12576580439938534,0.13624684174282334,0.04155384461515235,0.0,0.0,0.0,,
3.5379159999999956,-4.409866753218175,-17.210476846984285,-101.82045810858949,-0.11283429749395682,0.12427428581900254,0.014733632281666818,0.0,0.0,0.0,,
3.5473820000000273,-4.606164896063762,-17.266621117142794,-101.8663270435761,-0.08752221234710837,0.09756319441866841,-0.015164274267686881,0.0,0.0,0.0,,
3.5569430000000466,-4.770721263115299,-17.34274971368936,-101.8828419109424,-0.052750471011137605,0.06293311123204234,-0.010193573041413282,0.0,0.0,0.0,,
3.5664500000000317,-4.917955261832723,-17.42643264973851,-101.86831257867509,-0.025227768263384607,0.04511327694807545,-0.009165926229327437,0.0,0.0,0.0,,
3.575953000000027,-4.986101769141398,-17.528918001745065,-101.83654444684831,0.0076164368390480176,0.03634201391605023,-0.011728140280096926,0.0,0.0,0.0,,
3.5854290000000333,-4.967278174737091,-17.665613559984358,-101.81659455479061,0.007899015464273873,0.03775582272880487,-0.012284795458715072,0.0,0.0,0.0,,
3.594942000000003,-4.878282619785966,-17.81697443426135,-101.8396360656032,0.012021323968796719,0.057344627191343645,-0.018830697673555757,0.0,0.0,0.0,,
3.604485000000011,-4.719773380103059,-17.96535376465725,-101.91588927993952,0.02406267301296742,0.09800832837715633,0.009412767421501581,-0.05652510220925431,-0.017028670081244705,-0.0221547438818627,,
3.61396000000002,-4.535872591022921,-18.11057613680267,-102.03504568205871,0.004052211979992828,0.13162657860392288,0.02240535453306506,-0.06415644119760433,-0.027331880477228027,-0.030914621531967373,,
3.6235170000000494,-4.347964319246486,-18.22850932331199,-102.19205619303435,-0.029725812387753594,0.15339628287479107,0.029638860958756473,-0.0634546727316626,-0.036338303445592385,-0.03524588104007078,,
3.6330240000000344,-4.189916842557826,-18.30341122939329,-102.33888274594533,-0.05819529644444929,0.15846093506960895,0.050992625239251,-0.054281088128666055,-0.03835090466547308,-0.03293533417894084,,
3.6424900000000093,-4.118289897835515,-18.337630068151284,-102.41319462749264,-0.09240162863239185,0.1364542737694576,0.054695987677269256,-0.038158918405821834,-0.031126913163285683,-0.024147700972086076,,
3.6520510000000286,-4.133587367624635,-18.333377967598018,-102.39455025937431,-0.10721777431097779,0.10594941100826495,0.07500949072420866,0.0,0.0,0.0,,
3.6615600000000086,-4.238763117447674,-18.312357782354734,-102.26347769580923,-0.10940276727813934,0.05072956014651567,0.07956908215981146,0.0,0.0,0.0,,
3.67103000000003,-4.411569932943754,-18.28646309253137,-102.03434244340099,-0.08549626031266588,0.04243685328162971,0.07165369852193539,0.0,0.0,0.0,,
3.6805439999999976,-4.616696149895286,-18.254613590181233,-101.75999815216426,-0.05092164846478019,0.03270734561123762,0.06561470417381618,0.0,0.0,0.0,,
3.6900960000000396,-4.8264484137459025,-18.216293004161376,-101.46709694658516,-0.01768758542554812,0.022445561186408388,0.05615688924911987,0.008522875203441728,0.03425229180037907,0.035975394192871706,,
3.699589000000003,-5.007928608022301,-18.16622514081874,-101.20981275668962,0.014967494181852477,0.05735089822081412,0.023016362432795704,0.0,0.0,0.0,,
3.709068000000002,-5.147898520023448,-18.101102570585333,-101.01469429246279,0.020711453980886946,0.08861451888691844,0.009969595139279258,0.0,0.0,0.0,,
3.7186190000000465,-5.251675748058448,-18.010446948814938,-100.85615862983944,0.018110792510225016,0.09443711632209614,-0.03126302797366999,0.0,0.0,0.0,,
3.728082000000029,-5.292060301456456,-17.867691062905706,-100.72493467227478,0.018526179965286667,0.09781369107614098,-0.032092659138621,0.0,0.0,0.0,,
3.7376010000000406,-5.310992367616744,-17.682872546648607,-100.59975444077958,0.016937700137933467,0.09050794559477632,-0.029355886399248528,0.0,0.0,0.0,,
3.7471570000000156,-5.393015337996117,-17.50764806400542,-100.41540240921859,0.009765560626908733,0.053127913694642835,-0.017039729094804033,0.0,0.0,0.0,,
3.7566550000000234,-5.482116671775865,-17.312060099928537,-100.11339378992129,-0.02715257149592167,0.005647392506926124,0.0025400941738763427,0.034550264512169374,0.005049991970174192,0.04257765909146016,,
3.7661150000000134,-5.62219571135495,-17.096123733207058,-99.67970125061947,-0.036959073856267705,0.007410211549596182,0.003545282414477833,0.04283759589343972,0.011540636168884549,0.06675156754072434,,
3.7756260000000452,-5.803800025074118,-16.883884250167924,-99.12200897505683,-0.045886787442271426,0.008764099044336698,0.004541736017330385,0.04598802529772739,0.01718314897587435,0.09138718204819626,,
3.7851330000000303,-5.9885773398879465,-16.629714299453187,-98.48139736918705,-0.039002902071210696,0.007018427020647128,0.0039815511301898865,0.05086441760498122,0.01923824391204538,0.11117002602725243,,
3.794647999999995,-6.203922364195887,-16.312878745808074,-97.78649234107874,-0.03746182819270762,0.06239201665118767,-0.011444811951929812,0.055687140643195056,0.0225992768756675,0.12078502212096194,,
3.804151000000047,-6.398674544841879,-15.943715549607479,-97.10002795729658,-0.03045453980735612,0.09635910275461015,-0.021327841672554356,0.056599776816160144,0.020331019791966665,0.12178496326417208,,
3.8136709999999994,-6.59083528293475,-15.49534821351,-96.4837987305624,-0.02791174477909222,0.12922500131389178,-0.029648168047538205,0.06349957417551712,0.020547034431065717,0.1129684788736074,,
3.823182000000031,-6.799889057952812,-14.965029341476312,-95.93095308495242,-0.03163654597769971,0.15298991145146734,-0.033965682486695035,0.07465575812857818,0.02208919942047812,0.09970679912932993,,
3.832699000000048,-7.012366248759871,-14.387382349048002,-95.43512146309408,-0.026729443700064696,0.15363550066992537,0.006469800864662583,0.08553351716594439,0.02351199452768617,0.08851113930883539,,
3.8422070000000303,-7.258141216267524,-13.782363617144705,-94.96481593409203,-0.03239672392466739,0.12086834080196895,0.03338107979578788,0.09912962026452081,0.029527646977361974,0.08219581061896858,,
3.8517120000000205,-7.537539477463536,-13.170823857429575,-94.47403155587389,-0.039287274824461524,0.06281039663188766,0.04032693772573364,0.11315178501784184,0.03571437824796798,0.08520780114753193,,
3.8612300000000346,-7.845385014986017,-12.569920698608264,-93.92328557181438,-0.04256899025268577,0.004204622912819843,0.0057502647521030185,0.12286048714402865,0.04242132969833834,0.09649708346985202,,
3.870740000000012,-8.181828990350308,-11.999870671342562,-93.2876436179021,-0.03547757187627391,0.0031038050834401067,0.005006268453569784,0.12343286480330105,0.04941209028543685,0.11287505397714508,,
3.880253000000039,-8.504398745998401,-11.43487346046785,-92.57613082237835,0.0,0.0,0.0,0.11818387522374056,0.051615035727988874,0.12930725500936865,,
3.8897590000000264,-8.80798218693154,-10.84620722166624,-91.8222125852808,0.0,0.0,0.0,0.11426295641323929,0.05127831689299966,0.13919690727355577,,
3.899282000000028,-9.05663422443082,-10.200843198590297,-91.07771175677988,-0.031013075016017366,0.04982427270056099,0.05047793867316003,0.11993559873531091,0.03904455168121585,0.13995663508544284,,
3.9088420000000497,-9.179569339102077,-9.490886173495396,-90.40409471885044,-0.058386373877774435,0.06333343966897864,0.0716787562817954,0.12942708889662005,0.010250309373576686,0.13060369396503443,,
3.918283000000031,-9.04674998055003,-8.876505337894201,-89.87317047465434,-0.09987026865493115,0.07610307150525655,0.11946136646108402,0.1229649150338789,-0.026557198214770306,0.11055111363154338,,
3.9277720000000045,-8.754911401718262,-8.401175548872414,-89.51725438243899,-0.10913569904986418,0.02876000039286839,0.2009538216883889,0.09549009573119593,-0.05727319278578956,0.08004268526826618,,
3.9372940000000085,-8.452866392896656,-8.074072537163776,-89.36396257198246,-0.14121022379587073,0.022454184971398658,0.1693249312050925,0.06608354717012686,-0.05921949692602839,0.039361511800598166,,
3.9468100000000277,-8.222380369235974,-7.884215399578849,-89.39479395423852,-0.1654664434391747,0.015771290800067533,0.1265026555972858,0.038512381043639014,-0.045293867904081644,0.0002366331931706986,,
3.9657890000000293,-8.191848316620938,-7.760794713440696,-89.74178641656745,-0.1569025419178107,0.06045110354950322,0.12977229137079085,0.0,0.0,0.0,,
3.9753430000000094,-8.364195018044109,-7.671347179779319,-89.90014329272549,-0.12966750465030777,0.0844231574968965,0.10350859388204901,0.017805863671439274,0.03425680539353599,-0.03633879797618107,,
3.984803999999997,-8.590201833886235,-7.5398980489718745,-89.96200578980991,-0.08989715915727498,0.08588932142149067,0.09732177036113059,0.02626938000378909,0.04489185536384949,-0.018373958258522748,,
4.003949000000034,-8.993726776063921,-7.126191892721795,-89.76816400410273,0.007195160284604531,0.05365986527017798,0.040491803594167916,0.037195884247002466,0.034817568611396225,0.023831476891567654,,
4.013452000000029,-9.082872812849232,-6.9371019578439475,-89.59335212280395,0.02499968869378433,0.054207409735677586,-0.010661650194162346,0.0,0.0,0.0,,
4.022964000000002,-9.069767842844298,-6.8283407815528525,-89.43923709113616,0.04428083937532327,0.07361579514667164,-0.04222276715021884,0.0,0.0,0.0,,
4.032476000000031,-8.982287710579792,-6.760222293566174,-89.30029310934093,0.049602661570520123,0.11318990577135794,-0.02145947870006464,0.0,0.0,0.0,,
4.041940000000011,-8.855837800071269,-6.677288862889891,-89.24693161826787,0.025359671088670398,0.1575265221472016,-0.02270381961963433,0.0,0.0,0.0,,
4.05150500000002,-8.706492531542665,-6.573564669737201,-89.25660709511192,0.0022722729992510353,0.18221885120856318,0.009482304601179896,0.0,0.0,0.0,,
4.061011000000008,-8.592812166955492,-6.444074945401817,-89.3057240603896,-0.0446758505360248,0.17676969530945336,0.019538570108737288,0.0,0.0,0.0,,
4.070468000000005,-8.517068757357904,-6.301914370944131,-89.37307975755593,-0.0787590182252545,0.15190778992869017,0.04298759545251227,0.0,0.0,0.0,,
4.080032000000017,-8.521310178652776,-6.186734703601194,-89.42898911536268,-0.10274251380359237,0.09450064767637502,0.04854356224466648,0.0,0.0,0.0,,
4.089547000000039,-8.640649226936223,-6.081088635490167,-89.44207306820086,-0.12731564499971884,0.04093182165975902,0.04517720610033304,0.0,0.0,0.0,,
4.099000000000046,-8.835749708217161,-5.982636801830394,-89.37297762340533,-0.12606480121498578,0.0006627008505545134,0.019487393759983773,0.0,0.0,0.0,,
4.108508000000029,-9.104355633958358,-5.9141835833959995,-89.2199559570792,-0.10525345808274261,0.0033557428068348863,0.046223928573771965,0.0,0.0,0.0,,
4.118071000000043,-9.422546202684638,-5.859919273730629,-89.01865423522436,-0.07769923237416627,0.0033206159077810837,0.04531558709032347,0.008899231408836193,0.047040708814686846,0.026152702813142494,,
4.12754000000001,-9.753479907791975,-5.802800232654173,-88.79401330917753,-0.04519751853347869,0.04127493021072467,0.03064219414005778,0.001272058067114842,0.05638651092075202,0.02999337495277974,,
4.137096000000042,-10.077914502899231,-5.743551610545052,-88.57543882401237,-0.0017697459180734188,0.0711644248037419,-0.007160003394447359,-0.005626807501470305,0.0614618534408981,0.026498232361066833,,
4.146477000000004,-10.377224509396571,-5.66801438369986,-88.4113187148373,-0.0024963705586750276,0.09000851278676188,-0.008936733699688294,-0.006722186777761377,0.062034496957573744,0.01693333513254735,,
4.156120000000044,-10.647575527644884,-5.5743792321972245,-88.28919416860919,-0.00267656522547284,0.08961292367303043,-0.008750068956509432,-0.0030616961891787404,0.05882622900439881,0.0053953331902174394,,
4.165627000000029,-10.886310626175673,-5.486369855705986,-88.20238595691633,-0.002185959518922179,0.06965074466466223,-0.0066931753202228795,0.00040866787268496393,0.05162647830181213,-0.0035749471169548605,,
4.1751050000000305,-11.088059076518208,-5.424924618546538,-88.14081000662739,-0.0012729925753343307,0.03921681000651741,-0.0037262546928629446,0.0,0.0,0.0,,
4.184652000000028,-11.267161494440726,-5.388564607908749,-88.07168897378355,0.0,0.0,0.0,0.0,0.0,0.0,,
4.194123000000047,-11.435433401779822,-5.369372354975074,-87.95006426604112,-0.034169779307486894,-0.0005758802957341715,0.006881245960599493,0.0,0.0,0.0,,
4.203669000000048,-11.596387597276317,-5.344787051846362,-87.75200232312328,-0.04890346827745197,-0.000984201973916031,0.009991794032740807,0.0,0.0,0.0,,
4.213183000000015,-11.765194553149255,-5.274294097002446,-87.49068992893204,-0.05997456769403963,0.055091531363809045,0.006704624867389141,0.0,0.0,0.0,,
4.222695000000044,-11.955694572984513,-5.157769633787999,-87.19242085591395,-0.06220792326566799,0.09257106423365158,0.003625228607224295,0.0011168212520687015,0.02551728497858765,0.04314582459820102,,
4.2321660000000065,-12.18369193483983,-5.010398772937758,-86.86279611714697,-0.06518783874683078,0.1207083335638566,0.0017961270828957307,0.0005195953559925067,0.03294821576255994,0.048471279121242675,,
4.244187000000011,-12.423506903479371,-4.837571736908009,-86.4949441103592,-0.06017566761876215,0.1433431272054506,-0.0010787762788218877,0.0003147322388049257,0.037787195542038333,0.04729811720586504,,
4.251327000000003,-12.683935590622092,-4.67177109328648,-86.16026721647354,-0.050173196426862424,0.16476236242810097,-0.004895628954830522,-0.006466231605499727,0.043733935070763036,0.04035533436414099,,
4.260879000000045,-12.96901513160035,-4.563415758972158,-85.90473020185262,-0.052889474892012775,0.1594091295379709,-0.0034344966094984023,-0.017304861953264288,0.047685111801169945,0.028656912288433006,,
4.270389000000023,-13.226288560959954,-4.47185157276087,-85.72477731695056,-0.039326286070539444,0.15600150272270982,0.02818456236720293,0.0,0.0,0.0,,
4.279894000000013,-13.48531424944327,-4.387578751230336,-85.62436163731257,-0.04918705009899057,0.14859600340178994,-0.0025872456258768444,0.0,0.0,0.0,,
4.289410000000032,-13.739764093260526,-4.3656046991701,-85.55981392675405,-0.05521684795406638,0.11639369548301991,0.002104583737886186,0.0,0.0,0.0,,
4.298915000000022,-13.987833278298186,-4.360517191751344,-85.4853854673349,-0.061288101158163646,0.1022481203077508,0.005112802954763823,0.0,0.0,0.0,,
4.308444000000009,-14.245551940287086,-4.362163021019436,-85.35449925447709,-0.0746672241837724,0.09847561418584323,-0.02556328727074695,0.0,0.0,0.0,,
4.317903999999999,-14.485617154494651,-4.365819786700004,-85.13582094113234,-0.06317891887049554,0.09583221054110738,0.03544250466948503,0.0,0.0,0.0,,
4.327412000000038,-14.69897704757125,-4.298554154804696,-84.8074233370497,-0.06431933668675871,0.10059894674951393,0.0064876582929600645,-0.012458519269616155,0.030263710350636335,0.03914524910726445,,
4.336979000000042,-14.856139823695422,-4.142964796596896,-84.35455217826252,-0.05011865773432821,0.12394894672501736,0.0007300471434642591,0.0007223482903818599,0.023733741998643275,0.06506200485632124,,
4.346471000000008,-14.9778297922119,-3.9131999406741107,-83.78747044286813,-0.03024483624815063,0.1316714064112897,-0.0684417957788684,0.012362164714518727,0.019314191980511763,0.08933936663314385,,
4.3559529999999995,-15.041819585100399,-3.562764541947948,-83.14939715187016,-0.018321474670115953,0.15250279013879223,-0.009563443077455307,0.0341421072889283,0.019955533133660774,0.10701980271873458,,
4.36549100000002,-15.070849534606573,-3.039663339893649,-82.3986479673638,-0.0237336132266231,0.17784314516660818,-0.009527543962026878,0.06282857497381489,0.01847986880671656,0.12060220448795664,,
4.374973000000011,-15.028434458318605,-2.43010222094483,-81.58221388082771,0.014683861873432486,0.18358898734860132,0.034720742175689136,0.08298412603776806,0.011645069908891902,0.13601764267324737,,
4.384508000000039,-14.943568526193198,-1.7745546114932025,-80.73769143588267,-0.013038797506271549,0.15117481163492966,0.038284477033252294,0.09981218468569115,0.0024107014488637785,0.15198551251615347,,
4.394019000000014,-14.767661567362504,-1.061965262123518,-79.83142432613893,-0.006602003971466624,0.14240696729078145,0.06811445662974694,0.11782348247230862,-0.015273097727176471,0.1659322168109585,,
4.403530000000046,-14.519116838288083,-0.3557839517292947,-78.89688291057132,-0.051955899817787615,0.1135204431185098,0.08181124424872853,0.12502971978315516,-0.03354727252538983,0.17600864123312926,,
4.413001000000008,-14.163706511904257,0.200249232675251,-77.94034053445156,-0.08772701205211676,0.07362062038377082,0.1042236194256758,0.1233873864760582,-0.047302608283099436,0.1790038193061551,,
4.422564000000023,-13.874268098927026,0.785186017987781,-77.01088223203614,-0.11880017648355955,0.02871409680741649,0.08446333044418806,0.12124764097366503,-0.05539982562735174,0.1717878590731637,,
4.432016000000033,-13.476221687425697,1.30591282638539,-76.1848067065208,-0.13970965312137412,-0.002943855415313352,0.10279181633494358,0.11992688417186548,-0.053304707649879615,0.1537834884697026,,
4.441478000000018,-13.130749551849677,1.8039562512407363,-75.4980529477836,-0.1529477913586147,-0.042824637477706096,0.10033555194148651,0.1136315237753488,-0.042617335453470455,0.12696270026994094,,
4.451037000000042,-12.88932157792805,2.262192476200296,-74.96942288591677,-0.16041982429103926,-0.0474233816754586,0.10628289108495903,0.10105197384040769,-0.023294241647647627,0.0954252093451811,,
4.460544000000027,-12.786082591781103,2.6556131641295435,-74.55162254357809,-0.14906937515490615,-0.07939124102769257,0.10426742825621493,0.0814390221139856,0.0008433978987782093,0.06484807752325852,,
4.470121000000006,-12.977710430200915,2.893441347361853,-74.24377447915309,-0.13413154748077075,-0.08334610873640468,0.06926417235675764,0.052769987502031705,0.022101123679935948,0.04214281114798361,,
4.479618000000016,-13.242152960673936,3.0185469283889272,-74.02834249073884,-0.1003852910351707,-0.08435078623967644,0.05556113545348738,0.02730425955169072,0.03671211638770826,0.029767935767736006,,
4.489128000000051,-13.544171221209128,3.1214939467385725,-73.8479796897873,-0.0696867324540662,-0.06247843306476769,0.01812605612646151,0.016724106985664795,0.04841191316428003,0.02535177191413752,,
4.498636000000033,-13.863837749935284,3.2510385522608836,-73.64410958367779,-0.06101439455345944,-0.014713550374391498,-0.05393651681753136,0.013368828980907077,0.05516621021661376,0.027120196171053282,,
4.508043000000043,-14.082821594432774,3.3823946462389722,-73.415808478139,-0.13390662736454506,0.008362878765210463,-0.2688258496624789,0.012777129919650895,0.04944833856866402,0.032149869763847504,,
4.517592000000036,-14.140095303824522,3.498623843882931,-73.1757461047265,-0.15505941036573298,0.10988359088147814,-0.18392300540552856,0.0,0.0,0.0,,
4.527175,-14.18632460326949,3.779881979882275,-73.02612182158359,-0.12836445386746345,0.12267277417031452,0.03225753530894009,0.0,0.0,0.0,,
4.555615000000046,-13.84288030301312,3.9764383558759677,-73.74981372222601,-0.02249060768516679,0.04616863178641151,0.25612991003104146,-0.027369695919205326,-0.016367889285975788,-0.1165934432503817,,
4.565139000000045,-13.938331190162305,3.6699832459284134,-74.32419616874306,0.05470691871754312,-0.08349098853087049,0.342498232918358,-0.0642428184637281,0.0013870655579882925,-0.13949922181909608,,
4.574617000000046,-14.025824256932616,3.276537515034392,-74.8549932276377,0.034224321673537374,-0.060269403134982164,0.0654823207703346,-0.08059209181596674,-0.004178379649760181,-0.13416887045122777,,
4.584176000000014,-14.013061582371906,2.6474878186611095,-75.14630192886989,0.0356769839714176,-0.06033294827913143,0.07316626891128981,-0.12096825871596012,-0.03521916461982892,-0.08730397427875727,,
4.593674000000021,-13.862403358093736,1.9197612875570704,-75.11791537300935,0.059876298190768625,-0.04565699180697668,0.18508661291852097,-0.13303356172949737,-0.06668946652048119,-0.023119622863140087,,
4.6031790000000115,-13.554705420667485,1.2955866258074735,-74.79993477259481,0.05702824227962559,0.11220753178332171,0.2041423012749024,-0.10463336221342323,-0.09202676491272602,0.03851316674157571,,
4.61271000000005,-13.140032859816174,0.6763590629639784,-74.24619912509168,0.02546978472094003,0.18267771017340587,0.11255185432027338,-0.09727384716853783,-0.11317466945803605,0.09345742786908709,,
4.622188000000051,-12.659730396336375,0.060498851446344856,-73.58898842525396,-0.013146216808156027,0.17188741652990655,0.16023414844059541,-0.09180890678962007,-0.12661881869190414,0.12152719122734842,,
4.63167900000002,-12.160017288928264,-0.45964545249708016,-72.99724882311868,-0.04499491919957448,0.1887597056981664,0.05492015727816937,-0.07096343754637756,-0.12580935907714585,0.11221264060805838,,
4.641198000000031,-11.741675052609448,-1.0021639419309967,-72.59801228712408,-0.11504480998827835,0.1849659844125473,0.007631956759575528,-0.07898652631072106,-0.11216651914250929,0.07649918525064289,,
4.650751000000014,-11.462746200494536,-1.7009982200137328,-72.49181788607235,-0.13210555047618092,0.11533257809003317,0.014072690973582599,-0.11674937064338979,-0.09524679118375765,0.022574350824528126,,
4.660332000000039,-11.496483408657236,-2.3859969357213378,-72.72314858588447,-0.14273181364597945,0.07607234412666014,0.0725248945822244,-0.14862896494805267,-0.06389308261216495,-0.04642100291541851,,
4.669847000000004,-11.77969077819702,-3.2100903509356953,-73.24887679726635,-0.16927265037937114,0.04234999509105699,0.026295377251984383,-0.1834737630440285,-0.03115546663311511,-0.10775656438835682,,
4.679313000000036,-12.187598761900125,-4.232119747436533,-73.93241180404657,-0.14085574027917325,0.007144252296577646,0.06578453253018142,-0.22101305800886,-0.00882356632847862,-0.14188742281912894,,
4.688821000000019,-12.70633933928447,-5.345492006218647,-74.63165322891886,-0.12911154424828195,-0.03258631577885662,0.029887277875670637,-0.23504432731221267,0.013419423278755376,-0.14842404296839615,,
4.698368000000016,-13.22355216644692,-6.419427549354253,-75.19987704351603,-0.10179717000863227,-0.024054781239794674,0.024416693249206985,-0.22859362637922598,0.021528371102858154,-0.124183737900255,,
4.7173930000000155,-14.090962831027502,-8.552694761726642,-75.54732431272589,-0.012444960864938171,-0.06278462113120967,0.015712957550546292,-0.20818590472536094,0.023907725230021774,-0.01747895650720561,,
4.726908000000037,-14.377496907204156,-9.445067148308818,-75.3370491246594,0.0,0.0,0.0,-0.18284176440524771,0.01620017876890954,0.03305980053182908,,
4.736415000000022,-14.565216736420423,-10.298388694517696,-74.9742431196444,0.048324330656956196,0.0024518283286290342,-0.0559171319680851,-0.17466676907612486,0.0035451327582069364,0.06609732113063797,,
4.745932000000039,-14.648423839062309,-11.131024806879141,-74.5830643975206,0.06293211713077593,0.005890631278478421,-0.05616780739173909,-0.16963716937260448,-0.01398500219695278,0.075105414203276,,
4.755437000000029,-14.638592040722855,-11.898420505485111,-74.28868266525463,0.05458589556924086,0.06283843309260433,-0.028199829519725925,-0.16079572455622848,-0.031420398464099886,0.05922306520646291,,
4.764955000000043,-14.57320766147917,-12.646292103583663,-74.16367814298054,0.03185414935330046,0.08132869947594439,0.007471784207815767,-0.15855872786934963,-0.0460351280348414,0.027712831476641813,,
4.774415000000033,-14.5033499178695,-13.417856483485101,-74.22156810944121,-0.003316858021327435,0.06783657024149223,0.04483516062398521,-0.15982410982516668,-0.05395631494254451,-0.008495105344332848,,
4.783964000000026,-14.487126001606281,-14.183653278068306,-74.41432071406088,-0.034093561548222476,0.042230008979354576,0.05837772793123871,-0.15566676561063195,-0.05162766531260473,-0.03780217530961326,,
4.79349000000002,-14.52431793728566,-14.922475435150483,-74.64283176395124,-0.0587373483525552,-0.0011193383828032504,0.05432037717544003,-0.14596244408900214,-0.04536721258548474,-0.047560210626729285,,
4.803000999999995,-14.645693757192449,-15.60703531694774,-74.78457767265253,-0.08065118027957126,-0.00870863807894687,0.04569188264891257,-0.13323994024102948,-0.02965297318971273,-0.034693888877205974,,
4.812504000000047,-14.85307101521541,-16.197776602713915,-74.73324124537822,-0.07935115740496029,-0.04512740955648471,0.03099901916299441,-0.11458250176538863,-0.00986655409371152,-0.0010216629084896186,,
4.822016000000019,-15.099777644274452,-16.633515992856978,-74.43590665550256,-0.0639550921813542,-0.012602722386228605,0.016801984471743085,-0.08968053775972315,0.009230880939817268,0.04561411559807846,,
4.831514000000027,-15.37139503282195,-16.898093816050938,-73.89173916690596,-0.0379180796603731,-0.015600674307335425,-0.014706649062212574,-0.06392831528624046,0.026397165333408378,0.09328287086042426,,
4.840990000000033,-15.59265093983064,-16.987403791570177,-73.17552020984071,-0.011859943307191706,0.03922145674231545,-0.01251757811683556,-0.03705268738409646,0.03437645370545513,0.1305056322097449,,
4.8505120000000375,-15.75509283661369,-16.92047713023838,-72.39417314669697,0.00849058204756415,0.06305056488894037,-0.07917884689675324,-0.011622406114267686,0.035627131693313274,0.1469863610118391,,
4.859994000000029,-15.873204124864264,-16.84504557627224,-71.6438971656068,0.010039900397967991,0.0931212168242307,-0.10488708622933582,0.007377043788624151,0.026180238824376877,0.1433587342992059,,
4.869518000000028,-15.836288092715677,-16.609330606534368,-71.04528419650516,0.00733333238526938,0.11613188570552292,-0.09534301927606331,0.018591692888931536,0.010024255052556387,0.1220031820537601,,
4.879066000000023,-15.747489440185735,-16.33941964928921,-70.68674809072499,-0.01816704679201065,0.11672929712502626,-0.08266345450357435,0.028534440819935194,-0.002910623392614637,0.08725394833057801,,
4.888588000000027,-15.624201946584389,-16.040296602100476,-70.50685292267718,-0.047039520527665336,0.10055902650324128,-0.07190269069164089,0.04047347965825429,-0.013921775001595109,0.05202993092789295,,
4.898046000000022,-15.513204529156743,-15.713847860375012,-70.45964180167763,-0.07809993112583667,0.070641255196389,-0.04096286537444579,0.05247029379093073,-0.016397519820557944,0.026341166828040045,,
4.907566000000031,-15.452281082014819,-15.335705819569927,-70.45166689605756,-0.10923445946078768,0.02964463709134657,-0.029729573599763866,0.06855831496123033,-0.01070855933663866,0.017079990106540124,,
4.917114000000026,-15.459450778815873,-14.867953791031987,-70.38820572098,-0.11543061134397321,-0.0041202957738470936,-0.020632026024187546,0.08876270293208935,0.006568655522361345,0.023758645302678533,,
4.92663600000003,-15.574711820303229,-14.28454177278745,-70.21605336950965,-0.11297019595853794,-0.032073293148779485,0.03164579108728167,0.10837637714561305,0.03517634318358584,0.04208632629332296,,
4.936077000000012,-15.621134462562486,-13.578821371949063,-69.94310633135417,-0.1018839770385594,0.0013388082496479253,0.1498712485031251,0.1298332256340859,0.056532786743613075,0.06956057212721185,,
4.945579000000009,-15.68284964003836,-12.845752863756376,-69.51756302296542,-0.07238737913674394,0.07731339628700322,0.23406309277904414,0.1335843000054666,0.06203811607621599,0.0996088803616377,,
4.9550930000000335,-15.78710857913309,-12.3042745725572,-68.9395617301,-0.07201408611603308,0.0736525256025985,0.15722501161092842,0.09418973286211553,0.057444089465252875,0.1249790573125788,,
4.964611000000048,-15.886217007277171,-11.950778274377104,-68.29094983927249,-0.08638680335136914,0.08480213912576924,0.11102200102646251,0.0588581415844579,0.043842767699795136,0.13719943209668264,,
4.974202000000048,-15.972181716247938,-11.449593675380223,-67.64693971294135,-0.10797668687472148,0.15366860181135586,0.03826820240209556,0.05429636084736978,0.030188018328772923,0.13052999126181664,,
4.993206000000043,-16.091285342359154,-10.30356181525273,-66.82375811565056,-0.16830252243941,0.19226462540184922,-0.020995552939153873,0.061931160125601334,0.014844846764389845,0.07656257412595238,,
5.002665000000036,-15.931512262793865,-9.895486748270317,-66.72396732789105,-0.15708033006697,0.20234707495304904,0.08041826347122959,0.08751845160149573,0.003219218038338413,0.04120528041019623,,
5.012180999999998,-15.729356497309345,-9.432529468279823,-66.71545102461076,-0.12131660366395272,0.16792493351236296,0.12613239289441672,0.10093260852330718,-1.7278562981221977e-05,0.00850664000452604,,
5.0217269999999985,-15.655297888611416,-8.921276558530465,-66.79957893745265,-0.12268303162244086,0.015319370299896305,0.020478920476450165,0.09705569887958249,-0.00036261406959949905,-0.01458927207170971,,
5.031133000000011,-15.353748948735907,-8.52816645778256,-66.94976734138837,-0.048701565597470485,-0.054016695398874374,0.1545931705087768,0.09583850484040315,-0.02397268971485481,-0.020907416777511366,,
5.040765000000022,-15.098514782528383,-8.384399749402517,-67.08629745970994,-0.014786877164589138,-0.1550181706159217,0.079830794462776,0.07794014956252085,-0.038351813865161385,-0.019774987951276322,,
5.050288000000023,-14.849582445799353,-8.419993915472439,-67.17734643287204,-0.054487664316055374,-0.15801451870329045,0.04831855730286735,0.044922050631332734,-0.05912022010010392,-0.010887158305127771,,
5.059791000000018,-14.45442014960363,-8.574319791441681,-67.22135081829367,-0.07028400793496227,-0.01432598687142455,0.09287425817661443,0.007984085664873542,-0.09700588358427989,0.0029001176772529393,,
5.069299999999998,-14.087295233698612,-8.645996828585771,-67.25983394371062,-0.15460756405585527,0.11774250530459486,0.04207650005612424,-0.009946293708195024,-0.10519571300046925,0.0031978831620233217,,
5.0787690000000225,-13.682406326589655,-8.474405864713304,-67.35208855565527,-0.2100008306035591,0.2478052830791112,-0.021906616846091752,0.008260831574945861,-0.10563836759197892,-0.006671227749678021,,
5.088277000000005,-13.265501049981667,-8.117598569774993,-67.52449259929219,-0.19110514361387998,0.293176831866058,0.04277964722399095,0.03733325679029339,-0.08812545702216489,-0.022768305585537205,,
5.097836000000029,-12.919681473187893,-7.586188647715728,-67.75725204689654,-0.17570135153573552,0.2230058294397627,0.017715027739978958,0.07694265340217141,-0.0603154320240684,-0.037391550420277,,
5.1073390000000245,-12.55087549455384,-6.98195037167626,-67.98880586821294,-0.10693373502010332,0.14021016715824525,0.027218742318803713,0.10959148668227256,-0.04515745285264713,-0.03716306065998595,,
5.116804000000002,-12.257355586608714,-6.472848366719958,-68.1210537802832,-0.06818784557229171,0.003985847040952435,-0.01853053828084818,0.11546306594985255,-0.03146355838487349,-0.019667601583940656,,
5.126355000000046,-11.949469837416961,-6.071410041775295,-68.08459599678775,-0.028286730805736147,-0.08927774268512806,-0.03707767958587771,0.11799764377843391,-0.03338234496720254,0.014037092766869768,,
5.135872000000006,-11.587288727272044,-5.705090104045125,-67.85290889394904,0.002018617034073612,-0.10878926431344092,-0.023322435937619155,0.11972244155473942,-0.03884570989316415,0.0538776355368235,,
5.145375999999999,-11.187712341247197,-5.321480377384607,-67.44231107052664,-0.0004957568083935454,-0.06751249681820927,0.011025076993560371,0.1155092284390953,-0.044082723939546715,0.08993404013081409,,
5.154886000000033,-10.723639816561615,-4.907785094265551,-66.9150146131498,0.012849071596878703,0.013971355253449579,0.0910071141559114,0.11203877447504884,-0.05136472550487903,0.11387499002648478,,
5.164351000000011,-10.263890717513807,-4.466597854034403,-66.36151492016748,-0.002925680315745039,0.0610616372841031,0.11631293095218347,0.11748840335688152,-0.049205285287278716,0.11835406276888422,,
5.17391200000003,-9.765845469715071,-3.869097814582438,-65.8721469744837,-0.027345348202730897,0.1004633903882661,0.08685944844585045,0.128317819708624,-0.04622657424316206,0.10517457100295047,,
5.183422000000007,-9.281661068819462,-3.208989369940445,-65.50038101760258,-0.014737675559958195,0.1307819209396184,0.07635466788158811,0.13343623100639676,-0.036889498956476044,0.08036804909438398,,
5.192948999999999,-8.870252750109527,-2.527910402670654,-65.25229278570691,-0.013327040815784855,0.12073829338598926,-0.011092297806522721,0.13128210821995293,-0.020867770224471248,0.05376040973451381,,
5.202437000000032,-8.512864026239775,-1.8464124760047875,-65.08518671240694,0.004503700899105655,0.11316054294150865,-0.010998163008029811,0.12844043774320402,-0.007251555726555205,0.03618734323465419,,
5.211949000000004,-8.1857062604921,-1.1742364978547963,-64.92147261810335,0.015660366873436075,0.09741734752534141,-0.043615473771188934,0.12709831518291317,0.0011146460041956967,0.03453553655590813,,
5.221466000000021,-7.854793693687392,-0.5262976879811483,-64.67636764461355,0.029458437211406983,0.07591860248541096,-0.081265050603951,0.12727303398977852,0.002364233943816494,0.05010464340123428,,
5.230931999999996,-7.497937743913726,0.11507688497062225,-64.29247004304982,0.03213964088551936,0.056210293711302754,-0.08060542935705016,0.13309385235513804,-0.0014541372348417542,0.07717231617652887,,
5.240477999999996,-7.067415319827847,0.8151810418142554,-63.75124640939354,0.021759167449580633,0.07165370654797329,-0.0726508935441251,0.1466261318689201,-0.010966323312982907,0.10769655951138037,,
5.249989000000028,-6.585481198331262,1.533525195194628,-63.062852090956305,0.009139148192119159,0.08333551161944955,-0.05572206216076066,0.15223970689247773,-0.01985786049611209,0.13585730630019763,,
5.259438000000046,-6.13439834393795,2.1643569934524147,-62.27983079680098,0.04276528406473119,0.026900517988196586,-0.10374143853401287,0.15367168465668735,-0.02221254301886405,0.15387166130305463,,
5.268957999999998,-5.674202155799487,2.8307065342436224,-61.47570537208867,0.019367551732825748,0.018268186359321457,-0.13756761989799848,0.16107858149001908,-0.018303061770629642,0.1569942767798903,,
5.278468000000032,-5.144587511306944,3.4008527938714455,-60.70448674962498,0.0317149543901146,0.026101620363276953,-0.12191396391951781,0.15113770779422744,-0.0375081162037722,0.1486582634697126,,
5.288048000000003,-4.583973629880519,3.801845838046407,-60.025882174812175,0.02919189032555829,0.019717359682225807,-0.037555707089304634,0.1177389006970968,-0.052651048249654504,0.12883538269747047,,
5.299959999999999,-4.071508545670096,4.196269130888435,-59.4865834164098,-0.04123811054445792,0.06369104740603442,-0.03935333032251531,0.10465050894795219,-0.057464154438638074,0.10074979838754987,,
5.307002000000011,-3.5541457559749605,4.66335585355752,-59.08255473757915,-0.08793432227625438,0.1468260750821557,0.01396042430335907,0.10106006631942702,-0.059978258341947775,0.07272921926600727,,
5.316475000000025,-3.1588140010103096,5.131637352061747,-58.78520085759334,-0.13804376374518196,0.14552224452971005,0.0199640798670969,0.089386467217856,-0.049426571644673394,0.052595494009066504,,
5.326013000000046,-2.8246700157392453,5.661921078347874,-58.53471761118881,-0.1659599371188806,0.11425523098649977,0.07131202140330949,0.10197163616808878,-0.03575332480558232,0.04367385534877765,,
5.335480000000018,-2.380738168032144,6.103149094083632,-58.247539932531524,-0.25237212683191945,0.06952256912488748,0.07816519372715702,0.12159527573593301,-0.0290014680362326,0.04839081940438406,,
5.344948000000045,-1.8531438173977692,6.509748826824921,-57.872112643687636,-0.23974034334020025,0.014229832266188987,0.11202314444214649,0.12464887646707383,-0.04603783785041894,0.06356552795869594,,
5.3544860000000085,-1.5163007737210663,6.871588054848365,-57.40227329007937,-0.2434097730264706,-0.007811561508743934,0.3115583188710471,0.09706359869157678,-0.017801305701893935,0.08621809512071466,,
5.364028000000019,-1.4066423249313864,7.1878739913813305,-56.870543453461636,-0.3358730108165563,0.023168964470567772,0.06203294331229198,0.06502573977627785,0.016064440882195507,0.10378289109501275,,
5.373511000000008,-1.3431870906624277,7.511343192837232,-56.33815076878939,-0.25324439733455784,0.0364143749406338,0.1990764130233999,0.06101550968711471,0.025133614821477017,0.10497757043498232,,
5.383025000000032,-1.4686061217118818,7.906023922053579,-55.89926495465203,-0.22962664512546455,0.05756102999899185,0.08352104839852584,0.051738886743418706,0.06472417912512622,0.09124832054812228,,
5.392547000000036,-1.717006082762717,8.2284952866293,-55.62125176437188,-0.1812035229506277,0.08602667731675907,0.08920894408705579,0.02567188728358802,0.07704989813822398,0.0626474808863835,,
5.402049000000034,-2.075685838265699,8.379641625970265,-55.53884561217584,-0.10090331207540734,0.07231312487794052,0.04417891380410308,-0.015206735627901985,0.07573863023908708,0.02687400123186776,,
5.411596000000031,-2.556057679607109,8.55659375871203,-55.65398816758889,-0.10220052959118382,0.08014860096087549,-0.037320338104864154,-0.04293077728567285,0.07507001300932403,-0.008785320604889128,,
5.421113000000048,-2.9550063579055847,8.648399899137644,-55.907170866703865,-0.10389257529398623,0.14351857523684322,-0.08258877677312382,-0.06358239452765625,0.05078930066574167,-0.038602125126461335,,
5.430661000000043,-3.363105640098415,8.57101913482079,-56.23978376905899,-0.11163350999223945,0.16006286953138346,-0.03700240808916922,-0.0942457795882844,0.032724536531760134,-0.0542087882628638,,
5.440174000000013,-3.760729185060121,8.501057767789561,-56.58153809029644,-0.1442462498824087,0.20868164884117515,-0.046182183589749744,-0.10120409956366527,0.022729602100636445,-0.05641202859772127,,
5.449680999999998,-4.090823742596477,8.493884028123636,-56.865712263169975,-0.17181723336134092,0.2599088207454848,0.020921815419258506,-0.09220361366945175,0.0178428012932462,-0.04694800862839557,,
5.459189000000038,-4.4294168047233535,8.55234582901642,-57.05468843074737,-0.17077284879490776,0.2635174437797083,0.04722304407693108,-0.07972084048770792,0.025369145074027575,-0.027604382548226815,,
5.4686210000000415,-4.693742731955205,8.43309041225764,-57.12807883642842,-0.1463227897763808,0.2310798248016859,0.07166360769297579,-0.04849118075506967,0.030976195624713588,-0.006878211784196885,,
5.478225000000009,-4.889240905274247,8.70859267648574,-57.09856329837352,-0.0951018732972725,0.20130169715710902,0.031248870239080743,0.0,0.0,0.0,,
5.4876520000000255,-5.039471613095747,8.83273444706293,-57.00608421183917,-0.046834449854657484,0.08925391715419861,0.12257474194611358,0.0,0.0,0.0,,
5.497123000000045,-5.0091681326473125,9.01731131385898,-56.88795775796954,-0.02300937164959794,0.012066197297980478,-0.14289250534496992,0.0,0.0,0.0,,
5.5067450000000235,-4.84696073764663,9.141530894788433,-56.77808804961793,0.06686365107078447,-0.030226656391079066,-0.013345790966995197,0.0,0.0,0.0,,
5.516256999999996,-4.766199639715136,9.15762427588903,-56.7270101796351,0.035213418567075515,-0.06567646652823043,-0.09203910745032867,0.0,0.0,0.0,,
5.525754000000006,-4.518507208771765,9.070354075631906,-56.73788669259141,0.040202088194947964,-0.06129011157873175,-0.01170163863520849,0.0,0.0,0.0,,
5.535278000000005,-4.326551333570696,8.96445488917734,-56.8482411264087,0.0,0.0,0.0,0.008667435103913037,-0.045266757073558386,-0.0281103235021398,,
5.544747000000029,-4.149871557158867,8.868281819901654,-57.04737899561692,-0.07268944056223936,0.02582514005318617,0.012997985173289737,-0.0032910445895581453,-0.056689873132812936,-0.0453702161596214,,
5.554251000000022,-3.938444550112692,8.642347807523196,-57.2930801345088,-0.08331523910829707,0.04900130151594248,0.09673676110857225,-0.015330272833646418,-0.05969160005925588,-0.0556418836356913,,
5.563813000000039,-3.906351394063869,8.57961096765066,-57.566921067307895,-0.1408304066314366,0.057376352435631016,0.024784848444339175,-0.019313526052434516,-0.04189026053519231,-0.05579071504729896,,
5.5732510000000275,-3.7989304382716385,8.454395548073629,-57.78496768027822,-0.12866002253012945,0.06795445809310721,0.098302612813414,-0.009812704775726221,-0.03138573635300635,-0.046846006968776895,,
5.582782000000009,-3.8441053078385985,8.493792803546581,-57.932607528508484,-0.12178082907182501,0.0473329200655666,0.055994060627641236,0.0,0.0,0.0,,
5.592338000000041,-3.898451945459267,8.55630996192052,-57.97047859991218,-0.10648963473424299,0.02957917581699276,0.01741060926554788,0.0,0.0,0.0,,
5.6018060000000105,-3.907929975596518,8.631507134696593,-57.89635717412736,-0.07181395104397603,0.03210799213494073,0.012946345062936696,0.0,0.0,0.0,,
5.611355000000003,-3.915900547721416,8.693606960065093,-57.750148201539815,-0.062230917189988987,0.04147776687566544,0.012553325538972988,0.0,0.0,0.0,,
5.620811000000003,-3.8895986740712507,8.737971154810948,-57.589285370737095,-0.049285801960011984,0.07762990476181372,0.01413327425478861,0.0,0.0,0.0,,
5.630347000000029,-3.8708838315240506,8.760201299017067,-57.48572450931034,-0.06827382786948306,0.10710954228898467,0.019573211178178063,0.0,0.0,0.0,,
5.639904999999999,-3.872799076731897,8.776291177094885,-57.49781986291004,-0.08585244748930797,0.1347500335762034,0.024666861332971305,0.0,0.0,0.0,,
5.649415000000033,-3.920112494580842,8.786129621156253,-57.6537129953878,-0.095585809804912,0.15093170248231855,0.027612718659979475,0.0,0.0,0.0,,
5.658928000000003,-4.0574530265653035,8.793941417256931,-57.945227260142175,-0.0892410305855049,0.14251216716444395,0.026012447076955297,-0.041537733615894086,0.0023203794254551624,-0.054125848395128434,,
5.668448000000012,-4.252821988923015,8.792413695652716,-58.321717763613016,-0.07160147792770773,0.11603102442259865,0.021088842396341234,-0.042331570194891206,0.01388994483208815,-0.06935804251702946,,
5.677913000000046,-4.502792195831393,8.771928920772174,-58.71410180657536,-0.0700283491187691,0.05858383668684095,0.01568135751280896,-0.04207415758759023,0.02493322260652354,-0.0708845706350832,,
5.687446000000023,-4.769417589825564,8.718373287184901,-59.05061317255425,-0.04437502277150588,0.015316867937394481,0.0080615252380546,-0.039935216124491475,0.029708645751343393,-0.059241055695945996,,
5.696914000000049,-5.000245433953107,8.63002880325715,-59.27990818868949,0.0,0.0,0.0,-0.03603513316426161,0.02731470173060643,-0.03893968458099561,,
5.706433000000004,-5.185396186488187,8.529910839906094,-59.39166787951811,0.0,0.0,0.0,0.0,0.0,0.0,,
5.715931000000012,-5.297359649064041,8.433169544260636,-59.41301594589894,0.0,0.0,0.0,0.0,0.0,0.0,,
5.725486000000046,-5.331333962428447,8.350569954527161,-59.40120675216883,0.02319733123073263,0.014145963819810732,-0.0025083870857259987,0.0,0.0,0.0,,
5.734954000000016,-5.3041630020201,8.290155510939817,-59.42247820901442,0.008359834191416376,0.050312842189734155,0.0026153880202364095,0.0,0.0,0.0,,
5.744505000000004,-5.2366156435716205,8.249777755765644,-59.53152594884026,-0.01443669328570607,0.0744935148123514,0.008024827599973602,0.0,0.0,0.0,,
5.753974000000028,-5.163652180940635,8.223015257767372,-59.75309845167868,-0.046435065668678,0.07963341761504827,0.013321566492838824,-0.014656296300761843,-0.024458165121484462,-0.04647214490588379,,
5.763531999999998,-5.112774804998271,8.199920350354628,-60.072123873432545,-0.07151432579836711,0.06844712730459522,0.05474143100604592,-0.013373080388063468,-0.026033636302772764,-0.06534309436771586,,
5.773048000000017,-5.108191702070452,8.176867961499038,-60.43940809256659,-0.0951306944336432,0.04079333409236285,0.08690268985995207,-0.011936749733890924,-0.022453689508243137,-0.07367144732436816,,
5.801468,-5.093857958366298,8.111544795461773,-61.204787345567986,-0.12667783763577625,-0.030794675055569775,0.10468874223561551,0.0,0.0,0.0,,
5.811022000000037,-5.285938006791211,8.205274347192582,-61.27869667176848,-0.11945237993978891,-0.03178530092814209,0.09095522185629717,0.0,0.0,0.0,,
5.820595000000026,-5.4933549405609154,8.331389460776107,-61.27392090272613,-0.11163092024646386,-0.01345841131893821,0.06793532344740652,0.0,0.0,0.0,,
5.830048000000033,-5.703691443830765,8.470588340678596,-61.233314123730366,-0.10360729391751426,0.010659392664982227,0.05997255550221283,0.0,0.0,0.0,,
5.8395700000000375,-5.913928205820034,8.623912582117375,-61.20046352199957,-0.10062423281016927,0.038532760672936615,0.057123546579442866,0.0,0.0,0.0,,
5.84907800000002,-6.128843834749686,8.801560926657995,-61.2079771102393,-0.10762476889880883,0.068132152947159,0.02395414307183514,0.0,0.0,0.0,,
5.85862400000002,-6.351349974034577,8.982553747777205,-61.26459039443696,-0.11249327622850613,0.07700076482790257,0.02616575789015652,0.0,0.0,0.0,,
5.868134999999995,-6.560429769748925,9.16321814979784,-61.36003722570472,-0.10073440257188554,0.07339861736619263,0.067783006351635,0.0,0.0,0.0,,
5.877652000000012,-6.77655887541666,9.371001885714783,-61.47801229019963,-0.10026422122028718,0.06357253553604876,0.05859278983055447,0.0,0.0,0.0,,
5.887167000000034,-6.978509200434842,9.598453239618495,-61.597868835480725,-0.09146454179918556,0.048627888082427996,0.05685542289987978,0.0,0.0,0.0,,
5.896690000000035,-7.151619069132549,9.835883461067219,-61.70322277329425,-0.07667471324650493,0.033011956137126736,0.04373453305379987,0.0,0.0,0.0,,
5.906209000000047,-7.298718108520378,10.079774788081316,-61.79011869464342,-0.07208239932743882,0.02312883700348426,0.016521127622056205,0.0,0.0,0.0,,
5.925179000000014,-7.458865394693619,10.530438187596753,-61.91352580530591,-0.0633232792375751,0.0272707872603989,0.01574391050164953,0.0,0.0,0.0,,
5.934701000000018,-7.486142318391949,10.720926520342013,-61.964802693546915,-0.07353158027519771,0.03706595981975875,0.019087919424628366,0.0,0.0,0.0,,
5.944238000000041,-7.490858192724799,10.896995306291235,-62.01878519767103,-0.08782599913189207,0.0522588233028784,0.02391975927553164,0.0,0.0,0.0,,
5.963220000000035,-7.503002249237391,11.203055460951056,-62.16401157637874,-0.10839589898446364,0.063350974674766,0.030018181631800044,0.0,0.0,0.0,,
5.972756000000004,-7.5277925925769535,11.358421494858359,-62.26580372315778,-0.10299853685945264,0.0639533086781142,0.059043927800042834,0.0,0.0,0.0,,
5.982285000000047,-7.56925161563935,11.520973083280765,-62.396735867638334,-0.09779083282321617,0.0711783106204135,0.029372803369793116,0.0,0.0,0.0,,
5.991749000000027,-7.610749238010952,11.677151082057833,-62.564679941150345,-0.07310378712928883,0.07292343592931816,0.024605918214978303,0.0,0.0,0.0,,
6.001311000000044,-7.646611296917455,11.833137253834561,-62.78031264847884,-0.04264894159397268,0.08291577388980334,0.019535429244213268,0.0,0.0,0.0,,
6.010821000000021,-7.648641291524308,11.965009836277877,-63.046645401269274,-0.038863470336997,0.07642761001003844,0.018170128915386195,0.004996092142201872,0.0037405073720905165,-0.053246440299589394,,
6.020331999999996,-7.6160155751122165,12.062485069967352,-63.35968988669175,-0.04446188967601253,0.07842957801124666,-0.015745548198711188,0.0008983744581068645,-0.003746926568719494,-0.06404718300810296,,
6.029836000000046,-7.562957972580139,12.119398972683264,-63.704366681396074,-0.04460154783160598,0.07582744034858753,-0.030418502894875625,-0.003285694304180494,-0.01298118722388131,-0.07124976022858368,,
6.0393530000000055,-7.4661687570063755,12.145391678696079,-64.05131045572101,-0.033565541636178864,0.06897626698840545,0.01650870071582463,-0.001974676229633261,-0.0247315782252036,-0.073558995010528,,
6.048870000000022,-7.351653272617238,12.178594920477169,-64.3745603067099,-0.06214289300531895,0.055530454517539095,0.020831468035201472,0.00269535495674899,-0.032089786301057195,-0.06957621011582066,,
6.058379000000002,-7.23479447559497,12.212291054146181,-64.64860015264773,-0.08390892113147808,0.03493862288157672,0.022515405616480695,0.0074561487601679105,-0.03734560631943591,-0.05983391153052236,,
6.067845000000034,-7.113474797029049,12.264226064217098,-64.858537496219,-0.09712374121789243,0.01718487027495128,0.022647810860717765,0.015261186986838883,-0.03903479566362191,-0.047209505510621634,,
6.077393000000029,-7.009731321970853,12.350101766938721,-65.00833410551789,-0.11025659697473682,0.00820324422377595,0.023969448086600547,0.022157880455036676,-0.03537043747409205,-0.034450529184018704,,
6.086751000000049,-6.919954789172972,12.440554636403705,-65.10996032860699,-0.10743481415105832,0.0009263883008289197,0.022224382773545853,0.0,0.0,0.0,,
6.096266000000014,-6.857374796601929,12.525463608733768,-65.19130156968465,-0.09596751090950367,-0.0009488209413954435,0.01953471229523463,0.0,0.0,0.0,,
6.105730000000051,-6.824030104610275,12.61128417951093,-65.2839271783077,-0.08920021599512952,0.01308289659571876,-0.007457193410995446,0.0,0.0,0.0,,
6.115273000000002,-6.797803799679458,12.67500093665356,-65.40905892613789,-0.06957910751924935,0.028383033104456796,-0.010444351110255953,0.0,0.0,0.0,,
6.124753999999996,-6.789833707623028,12.702553056833272,-65.58097789993617,-0.057852193155746266,0.03948278610199353,-0.021858333822631366,0.0,0.0,0.0,,
6.134292000000016,-6.7745473409472154,12.699799041687582,-65.79116398123999,-0.03276478976869524,0.06093286914917065,-0.026705189151965517,0.0,0.0,0.0,,
6.143762000000038,-6.7374068754035905,12.66887672573836,-66.01140353074274,-0.03794912127151001,0.07057034803409103,-0.0339270905062347,-0.017553669532185522,-0.02062173938480017,-0.04573824974250099,,
6.1532700000000204,-6.689254315254135,12.608926718613406,-66.2031952893293,-0.06568595750199098,0.06302596600363426,-0.05863236050486782,-0.022031145572804816,-0.028905959927248134,-0.0405165385694009,,
6.162795000000017,-6.591669566564083,12.532349497678384,-66.31879341178555,-0.07409899088015354,0.052959767741992986,-0.050113445140393474,-0.018737204864851805,-0.04090940792944702,-0.027409110997654997,,
6.172342000000015,-6.448503891386492,12.453307697776317,-66.32268866283663,-0.08015953694011532,0.044738187514662596,-0.026856963335255727,-0.013450909323225634,-0.050247464995610384,-0.0069931568875858195,,
6.181818000000021,-6.294420919413778,12.387987157912088,-66.20781050666861,-0.09456375465306426,0.04090184141736439,-0.031731668687694274,-0.009187619002397479,-0.05448744551028754,0.01635051525612478,,
6.1913620000000265,-6.112105282768518,12.34769170700964,-65.98979412736097,-0.08655522405567104,0.0400923809303106,0.02260568540226173,-0.002553425628963434,-0.05600416815408412,0.035812433604966956,,
6.200841000000025,-5.934758729705318,12.354798062901256,-65.71988437869163,-0.08054615199696272,0.060520179195077385,0.02450328418591963,0.0020689419758952903,-0.04897300922675842,0.04641641689919906,,
6.210351000000003,-5.806298335157245,12.405740321613719,-65.47113842211486,-0.07298963601368173,0.0780874594509898,0.025830527241000264,0.0019352468473014812,-0.035460379438916355,0.04426238850725786,,
6.22941000000003,-5.708972234045632,12.509375010140335,-65.27285008734006,-0.03897396287831064,0.08462981594066762,0.020671913508851832,0.0,0.0,0.0,,
6.238885000000039,-5.758454836578558,12.515992055846079,-65.36731540225244,-0.03342626445198486,0.07289939442883418,0.017802840595348025,0.0,0.0,0.0,,
6.2484230000000025,-5.866375314722971,12.456433813540686,-65.54954846758999,-0.023947767243983217,0.05266923377777991,0.012780653212897055,0.0,0.0,0.0,,
6.257901000000004,-6.015854731422758,12.343301743092647,-65.74762999328742,-0.014563215889672633,0.03232556975786218,0.00775842975421239,-0.038333805995668185,0.009849969839974783,-0.03321979711622215,,
6.267409000000043,-6.169855388623214,12.219548867446703,-65.88024111984831,-0.02836300614544683,-0.013486254134727767,0.003317282126164554,0.0,0.0,0.0,,
6.276927999999998,-6.314501960595142,12.10788572049679,-65.88329730113803,-0.036623270233173806,-0.017426319352371617,0.004387000645386222,0.0,0.0,0.0,,
6.2864810000000375,-6.416776202231478,12.034937959716247,-65.72838814087699,-0.0330147793687212,-0.0158286163276771,0.0040260646068119655,0.0,0.0,0.0,,
6.295942000000025,-6.4559098583121814,12.026373400501697,-65.43386347985737,-0.005052626531017637,0.003797561858392412,-0.026072426083684225,-0.007603835824134173,-0.0005983026865398057,0.06060946232516443,,
6.305489000000023,-6.436785169252297,12.077897451377252,-65.05932420382659,-0.022641919144294458,0.03530248750179662,-0.042268348606254794,0.0025759554623054778,-0.0039890441931692815,0.07419242502577263,,
6.3150020000000495,-6.347820147254538,12.149207662059093,-64.67820917070254,-0.003713543516527764,0.055367343894528034,-0.048193808161839345,0.007407784828554244,-0.010610560662842796,0.07256309280425059,,
6.324567999999999,-6.214880623226499,12.200658103043123,-64.36431433897278,0.0074813255130998235,0.06251301068314166,-0.06013205571815416,0.005722753606278243,-0.017328356058191212,0.057226625770396354,,
6.333991000000026,-6.04163261094745,12.21315784857374,-64.16926755634971,0.011977636456608326,0.06407165571096239,-0.0810332954188253,0.0,0.0,0.0,,
6.343496000000016,-5.837172834879585,12.161886647220884,-64.11027868179072,0.01186071630320465,0.054832551765923186,-0.07001922674961471,0.0,0.0,0.0,,
6.353040000000021,-5.613651799805016,12.047842550457165,-64.16476863083554,-0.01284576679179546,0.010383284315369274,-0.07001598263200337,-0.010605852729561695,-0.049509376381395895,-0.020317173099208247,,
6.36251500000003,-5.3588116591434325,11.898809492059629,-64.27828075574769,-0.010429114262297494,0.00869392777711049,-0.058652326195321264,-0.01126719190887768,-0.06216544792497392,-0.03333133576363895,,
6.372019000000023,-5.071129789058509,11.75250596314749,-64.38655784354997,-0.03701150389297765,-0.0034083449227956053,-0.06213321799144597,-0.006325420202073551,-0.07468492087956202,-0.03349713949473742,,
6.381549000000007,-4.733014286200348,11.63068299748737,-64.42888083172099,-0.07378776032895093,0.01809720405616636,-0.060230520298586256,0.0023498629341352677,-0.08775171871624009,-0.02221423051251344,,
6.391088000000025,-4.355626640822967,11.548275577477899,-64.37118617411132,-0.09959536363150666,0.018319626156817075,-0.08155398463510194,0.012684578848115259,-0.09790645373135842,-0.003662696903097099,,
6.400609000000031,-3.9435425799718327,11.519849473218207,-64.20831473577756,-0.12583429821593475,0.027632678663224317,-0.10800358602912873,0.023127621565319157,-0.10647242315451265,0.016049602708952074,,
6.410059000000047,-3.3594755702882533,11.407201130567891,-63.93089282418443,-0.14776091364107227,0.03961607879764242,-0.12527954506154196,0.02983603043590296,-0.11295029703880598,0.032302558744684996,,
6.419522000000029,-2.761693537361677,11.297041620046205,-63.60477536058062,-0.16804607435335592,0.049029772707472656,-0.12423355198645956,0.0320874213583653,-0.11502678982881412,0.04173523091110679,,
6.429118000000017,-2.3477391209000187,11.317499646111905,-63.30410017192512,-0.1633723844609119,0.04654941690779316,-0.10880128012112966,0.02859273232470224,-0.1111804478649152,0.04384404789097989,,
6.438648000000001,-2.0086242778358074,11.279003069173525,-63.02229282655612,-0.1415566712947047,0.013016501431500013,-0.05170833274516197,0.020215365706134567,-0.09584788532114309,0.0430825096557559,,
6.448157000000037,-1.7428360116432755,11.203745733829088,-62.76103522054509,-0.1307976041014617,-0.006329225878336661,0.01444042656578485,0.012145513760265547,-0.0813012111181934,0.04192752826947371,,
6.457638000000031,-1.4952024424177457,11.075245663243615,-62.5106183104639,-0.11168907459887907,-0.017137887674080074,0.04238497462668596,0.0031931390684529133,-0.0787594731949853,0.0405703491210217,,
6.467145000000016,-1.254019804482933,10.994046392114921,-62.28065573168822,-0.11698913284206608,0.039124970898375765,0.019203802389544986,-8.66895539639286e-05,-0.07404361977212806,0.03677967282488714,,
6.47657700000002,-1.005551737859184,10.84309561705565,-62.10344067165416,-0.1346460484458621,0.1376572056641737,0.15771399159068528,-0.003946475096660458,-0.0573145023324537,0.02606117780943683,,
6.486086999999998,-0.906766431224393,10.723500365590183,-62.05196326772816,-0.1269042025101086,0.2465010752904795,0.27268353212221913,0.0,0.0,0.0,,
6.4955850000000055,-1.0008457206099535,10.66345511944882,-62.14305004550415,-0.12871164666493928,0.2570907824298426,0.4230350633965265,0.0,0.0,0.0,,
6.505102000000022,-1.2067461324645796,10.648174036285821,-62.317460093798154,-0.149974124002733,0.2164036742779103,0.28402919921617265,0.0,0.0,0.0,,
6.51464500000003,-1.4752648197376912,10.607455054121939,-62.467500953355476,-0.08994591133750601,0.12786272078429398,0.37275510368814624,-0.0317162808098204,0.04305227748953397,-0.020126284122940565,,
6.5241660000000365,-1.858069949970193,10.541565419412695,-62.49060720760134,-0.0868549834688829,0.03680681971509651,0.3306271334052183,-0.046521206281720524,0.06073181175475911,0.009441478759562494,,
6.533669000000032,-2.267242192830817,10.46175934613783,-62.31907238209142,-0.05983596061920086,0.008376295406363579,0.29800648338074415,-0.05148367667200198,0.06399845824407335,0.049281295953122854,,
6.543181000000004,-2.749564159301367,10.35078967477447,-61.95794542572207,-0.05933214671783799,0.005733683152386088,0.2398808632872425,-0.06404345256266694,0.07360233230055852,0.08975552636321833,,
6.552693000000033,-3.281924907431009,10.23014350438304,-61.4706802732526,-0.06100888050405848,0.023240066654235975,0.18288860417180297,-0.07098228268551326,0.08092140956132537,0.1166110243049364,,
6.56216900000004,-3.8546408095342244,10.1320525572371,-60.9618860736302,-0.038229680196936414,0.08915998983158732,0.1658040634403882,-0.07157187731562725,0.0894792102881567,0.12215016052064803,,
6.571730000000002,-4.497333510036651,10.052401888825043,-60.54804182528402,-0.06583937452987598,0.13033485868942687,0.11306465154078521,-0.07582289674946807,0.10276853852127146,0.10541729030209726,,
6.581241000000034,-5.153130854658401,10.009489433413258,-60.32533473704009,-0.03778308441709917,0.15304224582616624,0.1142293188061143,-0.07127908512605857,0.10824295854000973,0.0674675581837434,,
6.590751000000012,-5.818696922790161,10.040911809424689,-60.353519038785336,-0.021352582523123685,0.16030074002622507,0.020252444027998053,-0.05948060714517636,0.11716283948556831,0.017559086474760847,,
6.600268000000028,-6.447024013799233,10.120869351579394,-60.62868981456817,0.013565090809310062,0.1163391595420262,0.009003238804644235,-0.047082576376214706,0.11569712587581163,-0.03307397511024182,,
6.609771000000023,-6.979692413351881,10.216253148257708,-61.08321056013228,0.06602200364061149,0.03836512208271066,-0.009197925514971715,-0.03444643813120212,0.1010012037466076,-0.07217840476331763,,
6.619347000000005,-7.314364419864655,10.230646271973605,-61.60048317230029,0.08012853035235679,-0.037589317114692926,-0.05904004740989283,-0.020167631111600016,0.0780966576992195,-0.0917273136734498,,
6.628861000000029,-7.460721391771612,10.142083336661331,-62.07437179202576,0.0851033299976635,-0.10007489568860747,-0.09324536818758694,-0.004798047677470698,0.03768568876604612,-0.08974829722751146,,
6.6383350000000405,-7.403923944368984,9.946792974930625,-62.40400343534276,0.06939580363195774,-0.1487199445038498,-0.08649719169511694,0.005368888817406648,-0.009385707890737942,-0.06796743981900749,,
6.647890000000018,-7.167273795181502,9.734152203092243,-62.536578330521216,0.03264890695038182,-0.136736344929348,-0.07238306449889828,0.01635875982900008,-0.05337137363116454,-0.03456058864861577,,
6.657398999999998,-6.756556427430651,9.576830163407019,-62.471512874258906,-0.022973993382763163,-0.07779003112368084,-0.0030797722171044335,0.026731439874393567,-0.09243664551479798,-0.0007041841196797282,,
6.666916000000015,-6.243902218130263,9.481686701080553,-62.260551388653134,-0.09544537065317636,-0.004164552552428147,0.016389609772885557,0.031370648536038485,-0.11829185628099098,0.025226687901735084,,
6.67641900000001,-5.689229732675822,9.477309720926677,-61.992046291509936,-0.14971057025936385,0.05892422533302888,0.08529957417151929,0.038508514263457604,-0.12772037785899384,0.035350003178298686,,
6.68587500000001,-5.039745592536213,9.419721763561329,-61.74808202800803,-0.2023971147894428,0.13137334785297716,0.11612593123178058,0.05031670085411925,-0.11857816410021137,0.02749798776754586,,
6.69532300000003,-4.467645991292654,9.424011982541256,-61.63067747847808,-0.22828199142397582,0.1595929616234328,0.12744364452267734,0.054355186282916565,-0.0990924741571622,0.004753340817393932,,
6.704866000000038,-4.00274120268031,9.471464393868706,-61.68428827333481,-0.21218273886694594,0.13307874407511164,0.1290231716835883,0.05196168501485794,-0.07631561081950229,-0.026017257006286088,,
6.714403000000004,-3.654285037991474,9.568149507652867,-61.9065522043628,-0.1831350460859561,0.09061937998945874,0.09841660442523349,0.049588745520022,-0.0514973919665336,-0.05604509026347922,,
6.723961000000031,-3.5087479779542963,9.775353454767304,-62.26878054056679,-0.14173514367853382,0.04876127118797305,0.060848460433102956,0.039865815390181816,-0.03543969981010263,-0.07749398295069691,,
6.733482000000038,-3.414414260256187,9.867139652783479,-62.67700353911626,-0.10466195733924376,0.008640765447752939,0.015082207752104356,0.023163378795069144,-0.03045289721333973,-0.08498693243687545,,
6.742957000000047,-3.3265312520116517,9.885971312974998,-63.05205145774893,-0.08533600466346075,0.0008660187013848683,0.011339243008491649,0.010653268861095246,-0.033016906849237825,-0.07812330909471356,,
6.752460000000042,-3.2081017353263714,9.85956834850263,-63.32874344004485,-0.08852123415811784,0.03150413518887517,-0.022823276640145447,-0.001377711200148696,-0.04329932848993677,-0.05948235414250287,,
6.7619620000000396,-3.0513290661689285,9.812556432350405,-63.47505982464052,-0.10785262549212656,0.07184408850030166,-0.02533635576741087,-0.01089742675893023,-0.056308729175678904,-0.03468929557432095,,
6.771468000000027,-2.8386622376293604,9.844789954905695,-63.496955422273416,-0.13997160816007279,0.13933709208496148,-0.013697412508018899,-0.006506132380512581,-0.06579151874280426,-0.011733836632435466,,
6.780986000000041,-2.5968407408206384,10.01533126882138,-63.440080581272625,-0.18552151424472108,0.21831893681740158,0.012911360378040868,0.005167071574247565,-0.06711142260185919,0.0028904867717724665,,
6.790486000000044,-2.3758328554948456,10.281411734468328,-63.37289193028747,-0.22346045155008373,0.25492465422900396,0.03355978155999326,0.014171817206101642,-0.061563658371104966,0.0054857049108090585,,
6.799948000000029,-2.108475875393131,10.286011907013451,-63.339919068258396,-0.24014221445622297,0.24429206581405827,0.06310370693717672,0.024446431519861707,-0.04667185814499673,-0.0029545369023999063,,
6.809465000000046,-1.93230823278274,10.369265477552021,-63.3963687949358,-0.24757677500050973,0.20023758915068482,0.05756393956629452,0.0,0.0,0.0,,
6.819021000000021,-2.0321828808872047,10.683648168172958,-63.57436320550593,-0.22587430733353128,0.11854236533586344,0.04439014505980116,0.0,0.0,0.0,,
6.828542000000027,-2.2777993267654066,10.86548513905399,-63.8138412833246,-0.19036106376237277,0.027980607361890692,0.0273623207037004,0.0,0.0,0.0,,
6.8380390000000375,-2.633236274905846,10.923862471427704,-64.0554545075221,-0.15439582412244662,-0.032587084143637944,0.014552243481242143,0.0,0.0,0.0,,
6.847560000000044,-3.0323810599286105,10.869018908944453,-64.23318884257017,-0.11675239591640653,-0.04977302340884375,-0.030880069177862752,-0.03596202975723371,0.037766908100804755,-0.020445492636108325,,
6.857061000000044,-3.4309725684946857,10.68654579202348,-64.30190096260735,-0.08369450823654295,-0.033182929022056405,-0.03386980621657045,-0.06033716784684143,0.03511032061755086,0.0012073968344885441,,
6.866586000000041,-3.7675661083173155,10.470558375137806,-64.24440289424032,-0.05453665313484396,0.018638245509224327,-0.03636667030062018,-0.07200805457435536,0.02834358121709592,0.023930639544189787,,
6.876087000000041,-4.003650885310362,10.302217249548141,-64.07985910637154,-0.04840086684087096,0.08990671514962634,-0.042913152004576495,-0.07269571890379532,0.018460639483497444,0.04151357639091333,,
6.885596000000021,-4.118600417146274,10.170263940288152,-63.85229117489647,-0.017174430501023796,0.15193720630336224,-0.02281173036036335,-0.0679684283446568,0.004806923435756306,0.04967566256173432,,
6.895111000000043,-4.107786439222158,10.096326840469926,-63.621291916481105,0.0016707740430070678,0.1863013868340899,-0.020914495107881927,-0.05414141689460209,-0.008171239387044574,0.04585738216080077,,
6.904620000000023,-3.9959408449106824,10.08474310296296,-63.44340346027002,0.009541982992444596,0.19819771448350537,-0.026354912002754055,-0.03689884357650955,-0.018685082521859856,0.03165413312741176,,
6.914123000000018,-3.8061840120741044,10.061076976366012,-63.35483740678969,0.01784278866571932,0.16887613804491475,-0.019430844707763278,0.0,0.0,0.0,,
6.923641000000032,-3.571732183667404,9.976540978285454,-63.36910825964261,0.02499741717873735,0.1085199261413309,0.010593974792594262,0.0,0.0,0.0,,
6.933154000000002,-3.3256088292012884,9.844557126395237,-63.47291795085327,0.01054922969382649,0.05701587941402108,0.005976355512333104,-0.014756087666526065,-0.05306828783869653,-0.02930047809195413,,
6.9426559999999995,-3.0887104938777936,9.655831968107751,-63.63174136256677,-0.012335405697992161,0.024884118233347515,0.004725422380652878,-0.017998075711591996,-0.06123866308897448,-0.03984533398935788,,
6.961688000000038,-2.7512703355841253,9.119350312514273,-63.97383547517701,-0.05907876982938136,-0.009784762372406094,0.05851905899874572,-0.035096097892860036,-0.062212819144722716,-0.03768157153902023,,
6.9711900000000355,-2.6560323545685196,8.881658895407604,-64.1104100254757,-0.08116843292946237,0.022336920951657405,0.06360394290260057,-0.03923237994590341,-0.0546965256261551,-0.030312587237585637,,
6.980734000000041,-2.6163682029462234,8.677358954078745,-64.22165222297224,-0.09309057538729607,0.05266683224742424,0.06535082925785043,-0.04437595635854248,-0.044244536100617717,-0.02346897759860736,,
6.990243000000021,-2.617048745354705,8.521554673151979,-64.32370410504457,-0.08951396566216249,0.07753126314921222,0.07109620132182415,-0.04420960852851372,-0.03191333533701972,-0.020401418512158938,,
6.99976300000003,-2.6473642022881387,8.43435538603483,-64.43990390654608,-0.08190476637916327,0.09673846928047558,0.056058548352244754,0.0,0.0,0.0,,
7.009257000000048,-2.6944605305860723,8.374722390410156,-64.59215536362144,-0.04971365467013924,0.10465972926462411,0.017057485668950604,0.0,0.0,0.0,,
7.018803000000048,-2.7457261399306785,8.303010528845531,-64.99749142103673,-0.035518474127981974,0.0761609075034907,0.012264033135109053,-0.03268937875969379,-0.007498235272374065,-0.037959899000094034,,
7.028321000000005,-2.805255214076045,8.210939743809348,-65.43929059843938,-0.02334621122842622,0.051085073293019326,0.00810473350657401,-0.03127339799700472,-0.006016769348043524,-0.04563053643895162,,
7.037833000000035,-2.8683460993732317,8.07608093301183,-65.89452163988591,-0.04245868826126443,0.014394399681172915,0.005988743760626589,-0.03306040363927139,-0.00917185617477988,-0.048484982267919134,,
7.047345000000007,-2.9265400525187792,7.899561662618362,-66.30909137584621,-0.04353615462024495,-0.019468705947891976,0.0024148721891433128,-0.03580280811917424,-0.014614818412174478,-0.04406206548301589,,
7.056849999999997,-2.988066726065558,7.698109571114643,-66.65642107391906,-0.060724520949897116,-0.026712088809573816,0.0034315876052708133,-0.03832113586251542,-0.019024328519994877,-0.03184929004517625,,
7.066361000000029,-3.0420263910593657,7.500286960985236,-66.87229545643044,-0.07660720328226207,-0.009504356710538493,0.034006435352505075,0.0,0.0,0.0,,
7.075866000000019,-3.0954668311860867,7.327814969366219,-67.00254774021704,-0.08752953628776368,0.007840374274843387,0.04750668075050446,0.0,0.0,0.0,,
7.085377000000051,-3.1444524639959615,7.198215390522514,-67.08624373180574,-0.09088595669534552,0.03147056718667523,0.05964355090391416,0.0,0.0,0.0,,
7.094895000000008,-3.187474406068002,7.124339256069917,-67.10143348876917,-0.08813195862692895,0.06113502112313939,0.073059189635367,0.0,0.0,0.0,,
7.104408000000035,-3.227833261755494,7.1056410145093745,-67.08091594567742,-0.0850568605793464,0.08663571254148737,0.06847299941697643,-0.024479530831970263,-0.011715392433272053,0.04239904592544848,,
7.113909000000035,-3.2496514821185873,7.1349493741385235,-67.0695632267682,-0.07297522489816728,0.1038888103897187,0.08083944908407327,0.0,0.0,0.0,,
7.1234360000000265,-3.2642368397960593,7.2055262551187,-67.06798768649713,-0.04635523569557184,0.11928824556408453,0.08311210401529102,0.0,0.0,0.0,,
7.132874000000015,-3.26024269059355,7.176924135527385,-67.0727303038355,-0.03676226793858184,0.102741038644153,0.12281784806887935,0.0,0.0,0.0,,
7.142445000000009,-3.260398644348171,7.279839101862342,-67.07500938310149,-0.0366347702615192,0.08662122744034795,0.012014407432838933,0.0,0.0,0.0,,
7.151964000000021,-3.2008445535290075,7.38230507532029,-67.05491211792618,-0.021781677842654744,0.05829988823092523,0.056196260626723955,0.0,0.0,0.0,,
7.170979000000045,-2.937231886614936,7.5057979095652465,-66.80834627815065,-0.023486610501979446,-0.01982854394210807,0.06813409228963838,0.02376141280065692,-0.0226324173366435,0.0534867244694051,,
7.180497000000003,-2.7906465695952347,7.569510952833804,-66.60440556683602,-0.025263914810850167,-0.022697779199657462,0.08127178702694904,0.025275969085838127,-0.028012751392702366,0.06570480103832438,,
7.189999,-2.651713669033786,7.635797380906561,-66.38243927897251,-0.03168462191344926,0.011027788285069322,0.09498396810254935,0.020925212609517258,-0.026462659830153123,0.07192841736794334,,
7.199500999999998,-2.551901832655616,7.72974701682617,-66.19142429946913,-0.04294119185741652,0.04043469067164646,0.0744447667046888,0.016843279381936454,-0.019504583007186726,0.0676468035235431,,
7.209023999999999,-2.450055032995748,7.8621373563485095,-66.06470682719089,-0.031828884229705735,0.0795453676876573,0.08685317474718703,0.016650930314276967,-0.015338064030202325,0.05207094344112424,,
7.228038000000026,-2.366906864283528,8.015900075649851,-66.11476412260066,-0.03292419453308795,0.08206832420158754,0.08880551816073637,0.0,0.0,0.0,,
7.237550999999996,-2.3678730428300083,8.10225702315737,-66.31250774618712,-0.026426537669933806,0.06477957083161107,0.054534860261973905,0.0,0.0,0.0,,
7.2470670000000155,-2.386416876493164,8.147831907915062,-66.59418196812011,-0.015658772374828187,0.04020456195123913,0.04497214573611551,0.0,0.0,0.0,,
7.2565759999999955,-2.383670652554604,8.174903293482283,-66.90620806401498,-0.007364294215926713,0.020732560974996563,0.036111129001472515,0.0,0.0,0.0,,
7.266097000000002,-2.3736040184111076,8.199643915461676,-67.1949546672556,0.0,0.0,0.0,0.0,0.0,0.0,,
7.275594000000012,-2.3361591305567004,8.22195669514982,-67.42632019335507,0.0025761401090342835,-0.0032391557716415983,0.027543813356734864,0.0,0.0,0.0,,
7.285107000000039,-2.280065848926997,8.25764290685362,-67.6220615908421,-0.0061219849826367806,0.01977396427906332,0.05038128659479245,0.0,0.0,0.0,,
7.294618000000014,-2.218646197049961,8.307688282183637,-67.8033282250786,-0.04008656149571678,0.021835045176795013,0.054587718926913865,0.0,0.0,0.0,,
7.304119000000014,-2.1439696824154013,8.351657308772745,-67.99235149039457,-0.043351941984111284,0.031296246633917606,0.06397851702393423,0.0,0.0,0.0,,
7.313634000000036,-2.0904695785664256,8.375717598711754,-68.20997681712579,-0.05061146588721368,0.0296418763391243,0.08565654203809168,0.0,0.0,0.0,,
7.323105999999996,-2.0064439884306955,8.336125241866755,-68.46724532266052,-0.05419753427433595,0.027718411653910452,0.11359214806596465,0.0,0.0,0.0,,
7.332605999999998,-1.9313374289106546,8.2902161672411,-68.76810697808016,-0.05117163160631582,0.025955398394194702,0.1263950287194942,0.0,0.0,0.0,,
7.34211300000004,-1.873644910480474,8.238573747248214,-69.09128024385961,-0.0489571491648687,0.024282376318941916,0.1153594749329337,0.0,0.0,0.0,,
7.351633000000049,-1.8156339673292106,8.186504147544136,-69.46291139947242,-0.035916869297607526,0.018370821028997918,0.11379016471122462,-0.005698150020002291,-0.014438867165608923,-0.05276861986236907,,
7.361129000000005,-1.7488035120486518,8.138725517365572,-69.8887825626277,-0.004225495011026535,0.02019828185100735,0.10142342449798261,-0.004387784701906438,-0.015742309543827732,-0.061523283547150566,,
7.3707090000000335,-1.6663247068985803,8.10512262302337,-70.35506334506584,-0.0037294076045324546,0.016004528148850342,0.06719329694426256,-0.003214823987388857,-0.02096598975728232,-0.0702167677463426,,
7.380215000000021,-1.5342262625528549,8.054209557543798,-70.86369767971046,0.0034495208113544946,-0.005984748650463194,0.047947507951477404,-0.003278454696983702,-0.029433942202324252,-0.07733717079375968,,
7.389721000000009,-1.3542872782293776,7.99084229514761,-71.37630103213013,0.0,0.0,0.0,-0.00436715424276354,-0.03975154294079235,-0.08085993363515244,,
7.3992300000000455,-1.1270053931791428,7.901393888353242,-71.85833328056752,-0.0042855119685220105,0.008676524627835908,-0.06902397944550193,-0.008618081321626433,-0.052236309281166154,-0.07841062786393595,,
7.408748000000003,-0.8791547985632767,7.735894790927349,-72.28748024464063,-0.028156279359736847,0.0007279741372210059,-0.06816505332259538,-0.01782309212433504,-0.06404701370458196,-0.06588479540786611,,
7.418264000000022,-0.6102726047160789,7.491776429248094,-72.59427292223293,-0.054485663861085415,-0.010421425312968646,-0.048320052482688065,-0.023599573741671404,-0.07693092772653903,-0.043176486173227384,,
7.427767000000017,-0.26950841279523935,7.234102367047828,-72.78372415168185,-0.047300958725659766,-0.04068444051446295,-0.03699442070507102,-0.019860724734228292,-0.0908370058366616,-0.015556465496643784,,
7.437280000000044,0.11233853082586691,7.01417092225324,-72.8002284558783,-0.047251734318357226,-0.00788781786699424,-0.05232197684148947,-0.016186445423906504,-0.0960628810732611,0.007601986735793857,,
7.446785000000034,0.5526870128629355,6.833401270501106,-72.7697032660388,-0.00233118933190461,0.010433254916981098,-0.08891927420919081,-0.013759416493321954,-0.1013329312245864,0.015577449381487377,,
7.456297000000006,1.0522593757608085,6.712084390288154,-72.89490114793767,-0.01565249371119142,0.055548906786115966,-0.06876320146584647,-0.008498019352889775,-0.10192355312797625,0.002884104961435152,,
7.465808000000038,1.5540794231543225,6.659919294569245,-73.19872253568953,0.004984230332025953,0.09048248126117654,-0.09075188882111519,-0.0031324620288463645,-0.09731163614837551,-0.027858431424574025,,
7.475316000000021,2.0770372442264016,6.626370033006702,-73.70352322501645,0.013189648851890152,0.1065114064445588,-0.0890812610430942,-0.0028849346547585256,-0.09839340717657302,-0.06688038317329047,,
7.484830000000045,2.574781634414853,6.566855712552684,-74.42023810625085,0.0036757296403283728,0.09879429543681757,-0.08794819815138494,-0.00847365316546948,-0.09751606000417865,-0.10433384968528656,,
7.494331000000045,3.042892954691986,6.492289022983809,-75.2668753033731,-0.01844910676971851,0.09080178507201772,-0.088870041095736,-0.012069430196378168,-0.09940013062197349,-0.13194276896892584,,
7.513363000000027,3.827432432920996,6.201941476540427,-77.03032184982047,-0.11105629874125993,0.04889024619083886,-0.07793351291003384,-0.03032955439365727,-0.10401028641773065,-0.12639060154762563,,
7.522933000000023,4.121568137643759,5.956388766839462,-77.73938894906084,-0.15335187059983224,0.024126691464528657,-0.056939341461135516,-0.041144213645496246,-0.103617627261784,-0.09030896805131344,,
7.532442000000003,4.362037888421912,5.729500674488656,-78.22293857690583,-0.1779994680206233,0.037449169693054875,-0.05834124205390859,-0.04342246910299074,-0.09772258587007485,-0.03968345848737999,,
7.5419520000000375,4.532737156223524,5.526720181917625,-78.47255364849372,-0.18485033091473263,0.06218578140087981,-0.053280295522924216,-0.047397726726680946,-0.08424322197186343,0.012327539345960419,,
7.551471000000049,4.651916474399868,5.314584283501783,-78.54109463238527,-0.16467178329096613,0.07541211142258157,-0.0020461128790102883,-0.05289070240546007,-0.0676139538186368,0.05136787939842569,,
7.560974000000044,4.72518353301084,5.14731787584999,-78.5373754006461,-0.10751695026791411,0.09669246878739252,0.003310708207852691,-0.0509311777119653,-0.04455230843670732,0.06941582681807648,,
7.570480000000032,4.733962018667992,5.025817674587382,-78.56589598645483,-0.04909593874068301,0.11150217428079477,0.008304273122887179,-0.04809851444802066,-0.017303574174399546,0.06466000805167338,,
7.579938000000027,4.739199560561002,4.903823323627425,-78.72898774373087,0.018011688237646137,0.11713950217757046,-0.02034064732821277,-0.05022581159299233,-0.0017352800014184921,0.03789667751553664,,
7.589501000000041,4.745011041267716,4.732702746653972,-79.07496748773421,0.06926597077632524,0.10524404777352352,-0.025589777333779665,-0.057306370492922455,0.008083736597606386,-0.0009904327919430158,,
7.599024000000043,4.723913007904542,4.5178827300414754,-79.61273935976476,0.08114959881665908,0.1043461733594255,-0.044731159912184244,-0.06716576472227859,0.015118976580289288,-0.04039877307255169,,
7.6084560000000465,4.55014681123792,4.1494594664776665,-80.31161705441446,0.021611137375532125,0.12186207902488906,-0.16778919394758274,-0.07863731429347533,0.021524820163521367,-0.07348060338336361,,
7.6179670000000215,4.5644414066566155,3.7296294785685955,-81.0707036774941,-0.007597267956418755,0.14426853511534926,-0.17751072252886932,-0.08254539948469275,-0.016210169253739682,-0.09426191637841558,,
7.627554000000032,4.690302669904214,3.474144140725388,-81.78935206551034,-0.026038146534990075,0.1804546566279589,0.011068801943234797,-0.08690692827584968,-0.036904591289848986,-0.093072275308174,,
7.646523000000002,4.686760453731208,2.8964080412881197,-82.83380636666563,-0.15899710357577077,0.25257394472787853,0.0769980842483477,-0.07506766011138902,-0.032528899894165145,-0.029691325057013804,,
7.6560120000000325,4.680245799170884,2.6034526440015715,-83.05160843952514,-0.19098586483031244,0.3261218403316387,0.11191669103423228,-0.058395102727295915,-0.00576652943351987,0.014522667220408113,,
7.665527999999995,4.540899750728211,2.3505370515313007,-83.10654057230683,-0.22831488754492113,0.35551887258416215,0.1033737364640746,-0.05358081825810319,0.02171029165103475,0.04916155477893417,,
7.675047000000006,4.322636653729871,2.1448079663682957,-83.08164936278621,-0.1872199573383656,0.3615224780332203,0.2307986806953861,-0.04604979585380265,0.03852340564076033,0.06605412704213126,,
7.684523000000013,3.9040392475177605,2.0138818864182437,-83.07607083663748,-0.19034250118834134,0.3655598579743492,0.2125849328319847,-0.03592202069789457,0.08008998494828053,0.06116920260302257,,
7.69403600000004,3.391764838184778,1.8965674164488728,-83.17556905864,-0.14964261859562966,0.3484522149720604,0.19401812852818823,-0.03537276248679712,0.09905488764621083,0.0348616469006645,,
7.7035510000000045,2.760621764538875,1.7549373304943592,-83.47014442277144,-0.09844895541212596,0.3007764359135118,0.1871181386930903,-0.042601697807369776,0.12225805148445675,-0.006975982186740584,,
7.713085000000035,2.039724864844617,1.5964146725049078,-83.96468154722618,-0.08758704047714376,0.2578516694368368,0.07507888944497164,-0.0470889463197601,0.1400448307371448,-0.052872024522448074,,
7.7225970000000075,1.3639967843027436,1.3816182156297836,-84.6186431259411,-0.02241415257210821,0.22667231979030866,0.04990003476995596,-0.05605360207411391,0.13040757210975623,-0.0920283149972885,,
7.732101999999998,0.7152044954004119,1.0763155944362723,-85.36477232002926,-0.014391697099923337,0.17750666457738387,0.0033458424988183173,-0.072078697054631,0.12415484512163166,-0.11614374739052928,,
7.741685000000018,0.16206455027606234,0.8648539421701117,-86.02622623479802,-0.00922671796616381,0.13608725712396197,-0.07795181906932283,-0.08279252309068627,0.10089883161685737,-0.11892977827622461,,
7.751192000000003,-0.18835547694455562,0.5390553626362145,-86.55983837632205,-0.0046630721063859884,0.08026809345684918,0.050008042301197445,-0.08666795123260304,0.06621805113577874,-0.10098478493597329,,
7.760711000000015,-0.4119578049677906,0.1349592344228986,-86.99652174499943,0.00198220901940006,-0.033601798563019786,0.030360641608860036,-0.07620127524771415,0.04406437555128179,-0.07063715248092745,,
7.770216000000005,-0.4815675538294732,-0.2578781965014946,-87.2592265758165,0.009795289821982286,-0.20461400451141717,0.0009219924260706384,0.0,0.0,0.0,,
7.77962500000001,-0.1882725458524722,-0.28302368126317873,-87.32515898972149,0.006596556007172508,-0.14998143815737913,-0.12401357609561925,-0.0023010828206163204,-0.058902707250215305,0.004969877810884841,,
7.791684000000032,0.24375390953652926,-0.7106072639748306,-87.23620235829948,-0.05503693116021866,-0.22840130292202204,0.0025159187645028037,-0.03122702603699066,-0.10241701321306411,0.03800464148537405,,
7.798885000000041,0.815829983275605,-1.1173892514869457,-86.94710461543747,-0.11360892430520378,-0.1986179929272594,0.0019840048743209084,-0.032961651596109316,-0.14283923192768003,0.06000990607104408,,
7.817916000000025,2.069438618981075,-1.5310623646131483,-86.42424110893116,-0.21740555929509559,0.09729057880761573,-0.01058173378023106,-0.06196228327058759,-0.1700809981767011,0.04662593349946696,,
7.827342000000044,2.9049429300447245,-1.8977633320281784,-86.35289121766533,-0.221000644337665,0.1849254441404887,0.23414854631671114,-0.06275117287761285,-0.17153003081686705,0.019291556023623178,,
7.836871000000031,3.5023605488385283,-2.160163650271046,-86.42694171112083,-0.38075709567076627,0.2673199745969257,0.02163374799606197,-0.04491341776368233,-0.12263034867663122,-0.010590760434721748,,
7.846352000000024,4.100017461504946,-2.440647685840657,-86.58108062229634,-0.39902865426606415,0.24719222816501898,0.22485549600126797,-0.04877066325648577,-0.1227878078955214,-0.026057893199240015,,
7.855876000000023,4.441374351737757,-2.6849949956807264,-86.73093324599638,-0.40251761506256273,0.1550106391330206,0.22140695500748153,-0.044864536128324965,-0.07102665505199927,-0.026946873801016395,,
7.865400000000022,4.5376473591331825,-2.841823550551436,-86.78202034692782,-0.40333347912605827,0.09114001871533259,0.06361654581589979,0.0,0.0,0.0,,
7.874896000000035,4.532732693268285,-3.0659304745115716,-86.92351525342949,-0.2612523643708924,0.03822884660255734,0.09291796141733313,0.0,0.0,0.0,,
7.8844119999999975,4.2899606666412655,-3.4259736167771075,-86.96520248607771,-0.17612136508799295,-0.03795175920544559,-0.0116570606213977,-0.07449447733294338,0.0447735324036731,0.034639255613789985,,
7.893997000000013,3.9367604655952806,-3.8958992417219935,-86.92928249878332,-0.05392097777323886,-0.005646285271550882,-0.040376839517691075,-0.09057661629270614,0.05352358489311756,0.046208184798812973,,
7.903493000000026,3.7076656552238876,-4.409300484029261,-86.89423319707494,0.08145344749424387,0.0479962636308484,0.0020999817656567267,-0.11560918564211091,0.058903121302920344,0.03991002657211748,,
7.913004999999998,3.36208561588052,-5.018126745980474,-86.90911710446231,0.09934499448470471,0.08867721181929715,-0.08621908922091305,-0.14684520648607732,0.08639237998081883,0.014037457307628162,,
7.922468000000038,3.001606810296992,-5.754123715838117,-87.03464818914472,0.12713238523334086,0.154495459597063,-0.15489637553945704,-0.15092179178657253,0.06410853273225267,-0.012726977166285095,,
7.931982000000005,2.726872482860899,-6.480168099485625,-87.20988911406288,0.18012655466651023,0.23072464882784727,-0.18136304779546275,-0.14795516056777433,0.047335591106367966,-0.040949344116785066,,
7.941479000000015,2.5592520964848635,-7.245467272321548,-87.4997648299122,0.06200218643798543,0.19250552152524483,-0.3522292898336556,-0.15462823639258222,0.026219256976807343,-0.06204862293521195,,
7.960509999999999,3.2542687221554827,-8.481782788673197,-88.04834487337841,0.05999942952785589,0.13870742043100937,-0.15872527295171598,-0.13130404041201604,-0.060194824510415974,-0.037405304456032434,,
7.970027000000016,3.7121680918483895,-9.142899280980602,-88.12752643021804,0.002774220376094398,0.13936870708501825,-0.1367818566933085,-0.1292926540799463,-0.0949796194725097,-0.0018058539352814296,,
7.979526000000021,4.296997556734987,-9.856087273674888,-88.0469352217118,0.01793242145128009,0.12579697922647481,0.13902796056403594,-0.13888139320530882,-0.12021123976547349,0.03546099093584437,,
7.989093000000025,4.688691758026779,-10.359366951618943,-87.84050134527857,-0.06963224152207749,0.1436684032646682,0.011222011607179437,-0.12923856115894278,-0.09604766519113334,0.0550508703481809,,
7.998537999999996,5.2664075574139435,-11.049444367021238,-87.61956304504145,-0.027621516124302543,0.19931183360316923,0.17443987235432729,-0.13357722783588996,-0.11906226875980094,0.06572188660079274,,
8.008054000000016,5.758765115345634,-11.781422184382235,-87.4986126343866,-0.036319273148481705,0.2180915984156234,0.22534608672805312,-0.14233067694663684,-0.10280208936594772,0.04372576832516369,,
8.017561999999998,6.173679428323617,-12.505212536220618,-87.55750535152129,-0.0679937956946916,0.21237022499950078,0.2580263206558377,-0.14130264404501022,-0.08740427023200015,0.005683742665938429,,
8.027050000000031,6.5096858484732465,-13.214716473573555,-87.81763320058893,-0.04238766540923962,0.18761143352975032,0.2725853948356216,-0.1393187717987514,-0.07127606669051369,-0.03710785650421826,,
8.039017999999999,6.641200843907893,-13.907840945081896,-88.24227655080068,-0.057779105577942566,0.12017834777721373,0.17832100660121258,-0.1378407923681723,-0.030355000140676686,-0.07884836345578328,,
8.046070000000043,6.705179158700883,-14.551866404691829,-88.72988149406808,-0.022973784395667315,0.07569408408583471,0.167320135117172,-0.12859821953876557,-0.01581754380375342,-0.0944801421559455,,
8.055600000000027,6.6217742331126095,-15.124542331086188,-89.1809754433582,-0.016553200767201473,0.03581698027494949,0.13337981650904848,-0.114958196409256,0.01405610916201357,-0.0945967333893871,,
8.06511800000004,6.406531110949515,-15.636226481160783,-89.52081245193187,0.0,0.0,0.0,-0.10293262119094039,0.04039939008766565,-0.07947648821327338,,
8.074693000000025,6.2218692804974,-16.0407716638592,-89.73032075443798,0.04568682208773781,0.03598950278300847,-0.005083840758834157,-0.08980350043189536,0.044912220417446164,-0.05206352945558703,,
8.093675000000019,5.789999685285801,-16.677074604525906,-89.83670758728512,0.0636850281202385,0.07089285023365947,-0.10860423963557353,-0.06458470359643688,0.04158060739945142,-0.014722391928931768,,
8.103244000000018,5.717547638627888,-16.859014255095964,-89.86914290930058,0.054371824101691564,0.08790636068387966,-0.07614523595094437,-0.05753026843515333,0.0268393658989829,-0.01068781825910582,,
8.11274000000003,5.640514680755937,-17.01815580950312,-89.93036279585331,0.005081659129603958,0.0781550673086712,-0.07873362595497882,-0.05070125621748649,0.015574778824119102,-0.01674128374742631,,
8.122224000000017,5.598566708460215,-17.173769339084206,-90.03498011670263,-0.040037316348124935,0.07587309820892717,-0.02755361729961721,-0.048380135568081954,-0.0010666910448723535,-0.023400648981635856,,
8.131739000000039,5.495831875861526,-17.374602049455795,-90.16468480858958,-0.10271737766099857,0.055389845535018634,0.01751499047379745,-0.052265570825740335,-0.002613205291545466,-0.03203211306131285,,
8.141254000000004,5.315871010413143,-17.622744933887578,-90.28461819428551,-0.16541466384259126,0.042690442074843585,0.03348606805377587,-0.05871246257564239,-0.0006862169046010908,-0.03476360739492805,,
8.150694000000044,5.30948348434824,-17.96999274467559,-90.43785461010367,-0.2017785912194926,0.0662114060630996,0.08894028553113408,-0.06952967807759461,0.001658242193356875,-0.031073031700878315,,
8.160204000000022,5.265845306441941,-18.37422643322466,-90.55177289413844,-0.20849818955071436,0.0979657321533424,0.14094122066653716,-0.08087567901631502,0.009002811639525363,-0.02553823773114205,,
8.169718000000046,5.15489204835683,-18.786023351064937,-90.63367826139275,-0.18817110581681715,0.15014368386737484,0.1995774021410753,-0.08224256058806002,0.02191350055382687,-0.02348160832856927,,
8.179205000000024,4.958933074146604,-19.200207742690782,-90.72046373025591,-0.19173650313831694,0.19945005255178658,0.16878426018915013,-0.08249875195518064,0.03808355618257619,-0.03015249785113345,,
8.188572000000022,4.795362262987394,-19.681517853231608,-90.85466525369311,-0.164044803489474,0.19710800261331013,0.10473340175084657,-0.09595228021482638,0.03221201014654977,-0.037774757720009176,,
8.198082,4.681161490866072,-20.201668818100334,-91.05038853569063,-0.14676514135859464,0.17936411158899648,0.10026058941886518,-0.10379240579771248,0.023229527046744095,-0.04699244115324955,,
8.207668000000012,4.474369225921154,-20.553885942609693,-91.23325617452686,-0.14044327029551687,0.14295834110056563,0.017188281478456826,-0.10066593691629559,0.009979264584844718,-0.050891902433701015,,
8.217175999999995,4.378497840897642,-20.945099461116126,-91.43986184858892,-0.12395712850032754,0.12773183593271356,0.004444843030500774,-0.10594346787781588,-0.007318135496963699,-0.04805751050781462,,
8.226689000000022,4.3106849561609515,-21.422365367635567,-91.63423944954133,-0.13226504370029693,0.07191612152558258,-0.037596058432513554,-0.11221117563267502,-0.01495105482774829,-0.043694309403448074,,
8.236147000000017,4.449323151720516,-21.906975794644165,-91.85657201975702,-0.12426769614876348,0.08422761753730106,0.10883620529461033,-0.09778802322597584,-0.022830948876857906,-0.03426930719461294,,
8.245709000000033,4.3888698349055195,-22.14669414801029,-91.9941286466706,-0.11781704099601405,0.11588309186269184,0.058118899471446925,-0.07179079970586712,-0.011692759173288231,-0.03202161311652637,,
8.255176000000006,4.297491377714503,-22.361505603535257,-92.12779622548868,-0.11976830407717493,0.1097487288269717,0.015606167928609882,-0.06624286555547496,-0.007489572724264799,-0.03362706552930586,,
8.26472700000005,4.251538998032452,-22.519657997358316,-92.29584633844851,-0.10782875482831814,0.1272067283646935,0.054085638444865906,-0.057966609374965034,-0.012789678154348543,-0.037118660046291115,,
8.276723000000004,4.189693598312008,-22.578550458895137,-92.50709298506318,-0.10566761188210196,0.1375614813205706,0.0011022767646355351,-0.04160274978749928,-0.011249209836322433,-0.047018702404866206,,
8.283712000000037,4.136866572656558,-22.6313505770146,-92.76394524914863,-0.10034171609574659,0.13166321782886228,0.015752523140816516,-0.03873480904017588,-0.01145673517633362,-0.055472921473561206,,
8.293356000000017,4.085948122763099,-22.70516191933678,-93.03545102908281,-0.09242415302043597,0.09880882021142516,0.05078794501613238,-0.03512866525284623,-0.009246791280171045,-0.05826987556777272,,
8.302769000000012,4.015127680727122,-22.727140100718916,-93.27341190080291,-0.08107780860423489,0.08270080069662113,0.05239391965086646,-0.021116202643917416,-0.0037117272709297116,-0.05310779547736281,,
8.312282000000039,3.9457026500493604,-22.761670110104962,-93.45476272095279,-0.05525259406051341,0.0578013377049641,0.04889630625031932,0.0,0.0,0.0,,
8.321743000000026,3.8646759917588804,-22.832838646060733,-93.56180607310331,-0.03844109751608357,0.028389004102182043,0.06162421572538301,0.0,0.0,0.0,,
8.331249000000014,3.8138108762198617,-22.86815911267023,-93.59564708228186,-0.0017987505151186261,0.016726149422752908,0.03931227476158638,0.0,0.0,0.0,,
8.34077400000001,3.796022946715141,-22.86039395120098,-93.5769401405526,0.00034096868164687656,0.05204900546648541,0.025637000867308246,0.0,0.0,0.0,,
8.350325999999995,3.809273474726158,-22.85054297042403,-93.52762956643186,0.0009640504436626474,0.06667948586394504,0.023114352059856107,0.0,0.0,0.0,,
8.359780999999998,3.876223045306036,-22.772910317122566,-93.46932913601385,0.002168386194514384,0.09624769980392482,0.018196761969670495,0.0,0.0,0.0,,
8.369295000000022,3.9738399061651384,-22.626977930491545,-93.4194789766604,0.004959544545516416,0.12476313803126687,-0.013187048955613633,0.0,0.0,0.0,,
8.378859000000034,4.095363512315211,-22.47346147555472,-93.38735906193104,0.004091640842680965,0.13509239951671728,0.00302365409747035,0.0,0.0,0.0,,
8.388369000000012,4.233145166497646,-22.29576061166013,-93.37017399296785,-0.049973339702604515,0.1400730065978592,0.03534182401958668,0.0,0.0,0.0,,
8.39788100000004,4.365627451501054,-22.100231787095456,-93.36311060805738,-0.07968721839718836,0.1324325692896586,0.023394746674140852,0.0,0.0,0.0,,
8.407353,4.482962482743938,-21.950177271477873,-93.36557331541029,-0.10639358132719048,0.11350241452887616,0.037683062803425864,0.0,0.0,0.0,,
8.416909000000032,4.5645498498397545,-21.84946784888436,-93.37300736624339,-0.12561006886312767,0.0909444141492719,0.043719503887038436,0.0,0.0,0.0,,
8.426372000000015,4.597446699412127,-21.77085194183986,-93.38430577896872,-0.13138289061133615,0.08674299724682337,0.03271050025329768,0.0,0.0,0.0,,
8.445388000000037,4.5014601932486125,-21.72935983593602,-93.43419715234907,-0.10997730997068779,0.09315211943157303,0.017367890725594498,0.0,0.0,0.0,,
8.454944000000012,4.3808886613075435,-21.709083068977204,-93.47061931307732,-0.08566662742031007,0.105594120995247,-0.013615805305538239,0.0,0.0,0.0,,
8.464407000000051,4.233851185576434,-21.674749234850083,-93.51382920316608,-0.0597431427429585,0.12222312575418529,-0.025280798365756738,0.0,0.0,0.0,,
8.473970000000008,4.070854563412157,-21.63572584203641,-93.55713337033428,-0.0380993402972581,0.12585354034274793,-0.019736711514870664,0.0,0.0,0.0,,
8.483474000000001,3.9096996301018145,-21.573122128472868,-93.59063175558785,-0.021685887516840408,0.12458912209534087,-0.008262353315092088,0.0,0.0,0.0,,
8.49298600000003,3.7666797074196947,-21.513122490667374,-93.6072153930218,0.0038510947843411374,0.10860373405709882,0.005988652876284538,0.0,0.0,0.0,,
8.502507000000037,3.66789617395153,-21.47883199402462,-93.60837284383362,0.0009967169517280802,0.09124732403151496,0.04373691849055663,0.0,0.0,0.0,,
8.511972000000014,3.6103377856395618,-21.481375860095152,-93.59675162044888,0.00017507798926052833,0.0711182456877013,0.045076021794065016,0.0,0.0,0.0,,
8.52150400000005,3.5947945707130193,-21.554490666416037,-93.57759805213382,-0.029799837333566986,0.04743091697003632,0.03945722684487495,0.0,0.0,0.0,,
8.530991000000029,3.6185788815115574,-21.65734804185746,-93.55837457074821,-0.04242502107253808,0.0305017505521114,0.07003469902240952,0.0,0.0,0.0,,
8.540531000000044,3.636250098620687,-21.75785875666874,-93.54676016193636,-0.06053078288908197,0.07781983455889309,0.050634641457939056,0.0,0.0,0.0,,
8.55001100000004,3.6501145860540416,-21.850110119233896,-93.56058703533203,-0.07576554091895998,0.1159709506887599,0.07329629363785875,0.0,0.0,0.0,,
8.559505999999999,3.742939382888576,-22.062171043495837,-93.6486933921826,-0.08717790690063694,0.15822054223744741,0.09549677250843372,0.0,0.0,0.0,,
8.569071000000008,3.687115094779286,-22.09956518990987,-93.73308798314369,-0.09327731632227185,0.16397777002940322,0.06754030058414032,0.0,0.0,0.0,,
8.578593000000012,3.5997983666963136,-22.1337774050859,-93.84959839999239,-0.08819568218887143,0.15740709930714425,0.0675653924213877,0.0,0.0,0.0,,
8.588097000000005,3.465864795855662,-22.189619154457947,-93.98274338160675,-0.08511571888113881,0.1266585658952264,0.04195539346078439,-0.036325126780034675,0.007556107364297902,-0.03673994697755663,,
8.597600999999997,3.325619070795455,-22.275329782202196,-94.12141847041815,-0.0703143756961111,0.09683593376510809,0.032408670564771695,-0.03607164595559223,0.012106635390090046,-0.03835905242871687,,
8.607106000000044,3.198788854161535,-22.42998768440855,-94.25538893879013,-0.056984989404360836,0.04976693382268863,-0.022400058867381528,-0.04138655344706133,0.012848829960605282,-0.03645718129007469,,
8.616622000000007,3.1127436879129826,-22.654239319827237,-94.37762605509471,-0.05382423590871431,0.029791495876570828,-0.05196582228993827,-0.05057651361360878,0.0066557591746972235,-0.031052646540799027,,
8.626092000000028,3.092872217953284,-22.880791718989695,-94.50119647966486,-0.04041317033024195,0.06644063225610973,-0.029283047596934453,-0.05960612775662237,-0.0020734372958116903,-0.02626221059204501,,
8.63560700000005,3.058881443004263,-23.08070593755771,-94.63764874533572,-0.03692271726649615,0.13223093483195492,0.030317118384659527,-0.06778685234730834,0.0015541900041347958,-0.029957383449603796,,
8.645122000000015,2.9968598089526433,-23.290246768301444,-94.79372500274336,-0.04480464430169676,0.14146914590933804,0.013487504611253393,-0.07171280055867894,0.005119277361956798,-0.03610437919838288,,
8.654661000000033,2.950690944556313,-23.483063445563175,-94.97229513281398,-0.03108808951522523,0.14417550617625413,0.013093437509971103,-0.069182072130179,0.0050239062941875795,-0.039394539711215634,,
8.66416700000002,2.8537859314307745,-23.698862851620436,-95.14110813516017,-0.04698781050224444,0.0974490534165374,-0.04377768020796145,-0.06420038437437392,0.010703431958134382,-0.041525090650868395,,
8.673698000000002,2.7601800378277463,-23.912204745310916,-95.27702407845588,-0.05583140972400052,0.07773696144987575,-0.035354249580812985,-0.05765267924061375,0.008002892053921353,-0.03474391543212113,,
8.683195000000012,2.647350270385165,-24.096275735091574,-95.3741340843969,-0.05442832200578916,0.07678588056903254,-0.03502016320676823,-0.05089723241961258,0.011290588591886154,-0.028600307474858665,,
8.692665000000034,2.46767120906301,-24.28180663877709,-95.43514168359833,-0.0627412806640371,0.0586861550951413,-0.07570666460655305,-0.04798954272530752,0.02114547656190766,-0.02691606226539201,,
8.702225999999996,2.2812405725218428,-24.433816469560117,-95.488317792129,-0.04502368151211253,0.07322045440889183,-0.033424842752814155,-0.04415930647039458,0.02648062880539813,-0.026004174240613732,,
8.711731000000043,2.0597241301385614,-24.55005292115241,-95.54337425713346,-0.03299866476143314,0.06641343655349705,-0.030290798378029865,-0.03601992037367337,0.035044246522233355,-0.029378898745667268,,
8.721250999999995,1.834015553201765,-24.648001350695466,-95.60287251659183,0.004783843142553369,0.06276931187984769,0.018104824612630455,-0.029646591181244738,0.03898065437424893,-0.030699177806507084,,
8.730756000000042,1.6134144260403689,-24.74978787085572,-95.6560244376883,0.000899448044927196,0.028509728363202605,0.061734191449910644,-0.025599588386386714,0.041544141734685305,-0.029086264944306127,,
8.740269000000012,1.3821254470058875,-24.86691798294417,-95.67365372876719,0.0010018045598826264,0.024003983783903653,0.0517504104394703,-0.02211430886023664,0.04344874938107239,-0.02295677897229889,,
8.749780000000044,1.1825482362835438,-24.994169406291157,-95.63475341312594,-0.0013513805165544072,-0.0030610598786759134,0.05729933881008208,0.0,0.0,0.0,,
8.759287000000029,0.9965446529147923,-25.124849725429087,-95.52266330671264,0.0011898495681495847,0.021438607008961632,0.045746880017835334,0.0,0.0,0.0,,
8.768763000000035,0.8283721145688068,-25.240986304331894,-95.33521851519959,0.0011982222023148375,0.020208669909020715,0.042916609587698086,0.0,0.0,0.0,,
8.77831100000003,0.6876274913840165,-25.30451799353371,-95.09291660537627,-0.02979176814352054,0.05896028577680792,0.05407525501422869,0.0,0.0,0.0,,
8.787815000000023,0.5499114115267217,-25.320789441828374,-94.82356537003177,-0.05187714089854259,0.0921033834954013,0.04376982378427069,0.0,0.0,0.0,,
8.797334000000035,0.42753424296577464,-25.28372002607615,-94.56765663129977,-0.06776238738672229,0.12094748961977693,0.04116682005708182,0.0,0.0,0.0,,
8.806844000000012,0.2996536946321849,-25.210544495123433,-94.35561988518523,-0.08441293029661119,0.12882925435418013,0.027817113835166586,0.0,0.0,0.0,,
8.816356000000042,0.15781717414421337,-25.12097156973628,-94.20466584170661,-0.10096061820625526,0.1243993900024313,0.02512448732536975,0.0,0.0,0.0,,
8.825829999999996,0.004436880748741324,-25.03184359209289,-94.11652830301456,-0.10482197541407472,0.11156768354197613,0.0408710735070534,0.0,0.0,0.0,,
8.835391000000016,-0.18135247786816927,-24.96212401061642,-94.07527284280746,-0.10490206926010447,0.08719767737204714,0.0483212986886468,0.0,0.0,0.0,,
8.844897000000003,-0.4020483404656152,-24.92210654516101,-94.05626161680851,-0.09714695565430914,0.06477029811619199,0.049968843293951605,0.0,0.0,0.0,,
8.854411000000027,-0.6516202548548476,-24.920141793518674,-94.03816827545758,-0.0815322040962794,0.03023412445337167,0.05255458328137955,0.0,0.0,0.0,,
8.863928000000044,-0.9198498076471681,-24.9484006955305,-94.00249434721856,-0.060417801436580675,0.024943402479987796,0.044421514943691814,0.0,0.0,0.0,,
8.873393000000021,-1.1843205001205726,-24.986505810559848,-93.94203745440801,-0.03504464907861089,0.05871630581360867,0.03129762691442851,0.0,0.0,0.0,,
8.882935000000032,-1.4217599847379148,-25.020809196434662,-93.8568523417515,0.00614341509400742,0.07262659012104918,0.021313803914072636,0.0,0.0,0.0,,
8.892442000000017,-1.617739659912575,-25.044676273165052,-93.75530132045836,0.006905937537017879,0.08558988986508208,0.010116970245802877,0.0,0.0,0.0,,
8.901961000000028,-1.7640011613915407,-25.05029392658346,-93.6493600388164,0.007311223077758252,0.09492025883367318,0.0004793808719016124,0.0,0.0,0.0,,
8.911421000000018,-1.8678016357254175,-25.043605156682478,-93.55198686536971,0.007232357426996629,0.0976355694522299,-0.006155544653801607,0.0,0.0,0.0,,
8.920929000000001,-1.9423881281182296,-25.038022640740255,-93.47082129266072,0.006860158382557496,0.09397583943917812,-0.006316052227291428,0.0,0.0,0.0,,
8.930488000000025,-2.012204036386895,-25.05165124885675,-93.40501889515212,0.005923750146950266,0.08144046807783617,-0.004349869875084118,0.0,0.0,0.0,,
8.939954,-2.1083413589231874,-25.095831375663682,-93.34224867856511,-0.0243082738998164,0.0581966283896022,-0.025421625063869017,0.0,0.0,0.0,,
8.949500999999998,-2.254723401339315,-25.167282246346137,-93.26692345672691,-0.03834708566873072,0.06255091613457653,0.003644757098096959,0.0,0.0,0.0,,
8.959015000000022,-2.471227712043838,-25.264968428542957,-93.16297372201852,-0.04933802061833108,0.06156535183337512,0.006995394154179863,0.0,0.0,0.0,,
8.968525,-2.768401500195179,-25.380928430209668,-93.02066882578553,-0.05351891656473515,0.06716101368819093,0.007905538410633905,-0.035064862584098105,0.043185422255763106,0.0030818826681742995,,
8.997059000000036,-4.080479084804889,-25.77462025560953,-92.37106218364198,-0.03404372903693378,0.09896641074892538,0.0007432648423969367,-0.04423848655522767,0.08166628837672021,0.006783782022100916,,
9.006529999999998,-4.594492295433069,-25.904445297500175,-92.11365588679845,-0.027785337249142315,0.10547561761801785,-0.00556859237570677,-0.04584074348480858,0.08738941612222757,0.0067708584618313495,,
9.016075999999998,-5.099430374904808,-26.029747334523325,-91.86115321449718,-0.020229595890282472,0.11265170526700258,0.006887575054227495,-0.04669326419631782,0.08726499184820359,0.006379480005476155,,
9.025592000000017,-5.580937172628653,-26.16665665080769,-91.62524874080421,-0.018898655654240284,0.103035367778836,0.003457037733890953,-0.047517739157142566,0.08320601844623085,0.004898869172312769,,
9.035110000000032,-6.029306649872388,-26.327785570060634,-91.41032878986434,-0.025475956660402036,0.08781585618505298,0.01001407966173105,-0.04940084137943121,0.07575776189673368,0.0033954241993739,,
9.044578000000001,-6.4376776524187695,-26.50829454018329,-91.21678913360222,-0.03715087558008845,0.07214956987357951,0.025761834639905473,-0.05006663493902512,0.06600777630224255,0.0024212292296943343,,
9.054083000000048,-6.806520209163816,-26.697413685386834,-91.03960555634443,-0.05194392765198711,0.05912340130073719,0.03821268097486442,-0.04920290070550441,0.05566889276663831,0.00244476083946043,,
9.063634000000036,-7.110459518041495,-26.90426823011746,-90.87211125546224,-0.06725612074356999,0.022144432770422766,0.04161853691080611,-0.04895287763768455,0.04061234943564063,0.006128373753717,,
9.07315200000005,-7.259649831382259,-27.092867126895495,-90.74124977860524,-0.0220421127161742,0.04840572754951876,0.09405679753721108,-0.04884018134495196,0.022670528849585276,0.012653059949728606,,
9.082629999999995,-7.467923148692685,-27.280570466781427,-90.61311024283526,-0.04980985176968773,0.042081452295272444,0.08056101218271128,-0.046104794777016865,0.027297655852433447,0.006627002253608005,,
9.09216200000003,-7.684210961067995,-27.45637683239784,-90.48146695930184,-0.0824911497763019,0.03389606363947412,0.06389858198878547,0.0,0.0,0.0,,
9.101680000000044,-7.833601663105171,-27.590426894313982,-90.3676845974989,-0.07271289539329961,0.05129648055854935,0.09726611832216792,0.0,0.0,0.0,,
9.111196000000007,-8.017881921636876,-27.694927237694902,-90.25765459869707,-0.09579694470049763,0.042884660989655606,0.08087928062299406,0.0,0.0,0.0,,
9.120700999999997,-8.174704845980122,-27.751737393652483,-90.16453620004567,-0.09059032423096235,0.04594040260684927,0.08681713452036377,0.0,0.0,0.0,,
9.130221000000006,-8.329789887902212,-27.773760876625847,-90.08868152775038,-0.081754718956598,0.04859894701179012,0.0920381350950297,0.0,0.0,0.0,,
9.139724999999999,-8.503829708313733,-27.773856778753654,-90.02095391772114,-0.08201403187190515,0.04401139100018943,0.08351047689809418,0.0,0.0,0.0,,
9.149483000000032,-8.6568352260554,-27.7537111856224,-89.96518912163184,-0.06491551543419942,0.04382626719086552,0.08336187673722889,0.0,0.0,0.0,,
9.158702000000005,-8.812370199500378,-27.73190034635439,-89.91014503990503,-0.05896826940688201,0.03442319161132214,0.06565374001432392,0.0,0.0,0.0,,
9.168247000000008,-8.942443714370953,-27.715933136340468,-89.85662084633199,-0.047362236849446814,0.0492352429811816,0.03915220357042336,0.0,0.0,0.0,,
9.177760000000035,-9.039701703216702,-27.697543772563478,-89.80750484158588,-0.035663611771229634,0.05324851844361788,0.03012734804722343,0.0,0.0,0.0,,
9.18727100000001,-9.109194192990199,-27.672334371388747,-89.76392401669511,-0.030651048011470877,0.06364295007545674,0.019325199194715953,0.0,0.0,0.0,,
9.196776999999997,-9.143924214661315,-27.637037211336448,-89.73296190899717,-0.02488885277958998,0.07955416954090958,0.01674053224911279,0.0,0.0,0.0,,
9.206264000000033,-9.155023347522246,-27.591272243168376,-89.7172847616002,-0.025056527743426663,0.09227820093954707,0.014798930285937408,0.0,0.0,0.0,,
9.215812000000028,-9.142301876299488,-27.54048969220224,-89.71730167658654,-0.027760527159674066,0.0973026107216075,0.00832418082072226,0.0,0.0,0.0,,
9.225313000000028,-9.11386910642423,-27.489583236370898,-89.72970359524271,-0.032104282315051,0.09706615019637728,0.017106540647860075,0.0,0.0,0.0,,
9.23479100000003,-9.0805087539032,-27.439475126020717,-89.74709827680708,-0.03915118007837246,0.09048517777740249,0.022686192920907,0.0,0.0,0.0,,
9.244306000000051,-9.052229623658981,-27.403286645346945,-89.75920762552744,-0.04592158535676325,0.07734532905133666,0.022539614313976983,0.0,0.0,0.0,,
9.253812000000039,-9.034226323108758,-27.38246462343534,-89.76105669081673,-0.049874148593879924,0.06684405897378254,0.029566229900028405,0.0,0.0,0.0,,
9.263320000000022,-9.030060506121039,-27.36924112295093,-89.7515965015343,-0.04991146355009435,0.0596300660154032,0.031513511604272494,0.0,0.0,0.0,,
9.27287700000005,-9.045731210357486,-27.36355520404244,-89.7330396350532,-0.048723994540774286,0.05927792662007565,0.027872174727812383,0.0,0.0,0.0,,
9.28234900000001,-9.073131468822641,-27.368762993761873,-89.71052584357457,-0.04381110412208392,0.06016258500669224,0.02779145053751639,0.0,0.0,0.0,,
9.291860000000042,-9.107255455690607,-27.37070926221374,-89.69351078927782,-0.03676765813707556,0.06639848173138073,0.02538943172066753,0.0,0.0,0.0,,
9.301399000000004,-9.144886464473718,-27.367906541508432,-89.68572270177943,-0.03147294738420422,0.07234758888818973,0.017296870156065954,0.0,0.0,0.0,,
9.31091600000002,-9.17788919261396,-27.363223474862135,-89.69039240648358,-0.02505269488673828,0.07527848866926415,0.017215295004432155,0.0,0.0,0.0,,
9.320422000000008,-9.206216510746728,-27.35267263827843,-89.70551176948187,-0.020411995561568145,0.07575715245459354,0.020051116000331968,0.0,0.0,0.0,,
9.329903000000002,-9.231209991652506,-27.339662955211544,-89.7226242813197,-0.020580733643685737,0.07073052135714814,0.018221843819098024,0.0,0.0,0.0,,
9.339405999999997,-9.251511071498804,-27.33105107696747,-89.73285987618596,-0.020720518189071814,0.06292239118485704,0.0220154988614064,0.0,0.0,0.0,,
9.348960000000034,-9.267945083581775,-27.325472392356826,-89.72813270571267,-0.023523774412101173,0.05563040472871244,0.029923970446136983,0.0,0.0,0.0,,
9.358473000000004,-9.283429025785933,-27.31875191092344,-89.70470447622715,-0.02686105092844765,0.05394696457159409,0.03333703467755449,0.0,0.0,0.0,,
9.36794500000002,-9.302228714924466,-27.318892384949088,-89.66125063597133,-0.032597746590317424,0.05215325592222418,0.0336858861768724,0.0,0.0,0.0,,
9.377494000000013,-9.317268259398306,-27.32035281341095,-89.60743307159487,-0.03573478567155191,0.056817986979932,0.037447289382544185,0.0,0.0,0.0,,
9.386965000000032,-9.330295298533246,-27.317539761733574,-89.55375163439636,-0.0386790866724094,0.0634895868728966,0.03674931625959082,0.0,0.0,0.0,,
9.39650800000004,-9.341510249492917,-27.315687942329227,-89.51042002636973,-0.04243273600058843,0.06842811267683202,0.033203037851397166,0.0,0.0,0.0,,
9.406020000000012,-9.347201671331698,-27.309261271312884,-89.48678538869507,-0.043597016129371176,0.07446374577292258,0.0372002816179999,0.0,0.0,0.0,,
9.415495000000021,-9.350515191651143,-27.299378448776018,-89.4852231153619,-0.04614452964584645,0.07389160803418354,0.036497949737339636,0.0,0.0,0.0,,
9.425047000000006,-9.347541262494053,-27.285372903595942,-89.50393884445548,-0.04588016475143205,0.07247503183095488,0.03901847488340528,0.0,0.0,0.0,,
9.434558000000038,-9.33543657571435,-27.272465605565564,-89.5369153312676,-0.045270395962778424,0.0665741004180113,0.04182778658685675,0.0,0.0,0.0,,
9.444033000000047,-9.313630594564083,-27.256910966360557,-89.57545529857153,-0.04537336430611989,0.05975455364889231,0.042953476566434494,0.0,0.0,0.0,,
9.453589000000022,-9.279498714575292,-27.243766596752184,-89.61282689069508,-0.04395961824699736,0.05051608535770599,0.035008995674576666,0.0,0.0,0.0,,
9.46309500000001,-9.232487394346684,-27.231061343943804,-89.64599485066621,-0.039651414215215244,0.04935132331846121,0.03790131728567161,0.0,0.0,0.0,,
9.472567000000026,-9.176009711042846,-27.215669926767802,-89.67235960946782,-0.037680481292536115,0.05405457121049405,0.040076021769184844,0.0,0.0,0.0,,
9.482114000000024,-9.10881515594317,-27.198268830466823,-89.69402767711009,-0.03594010349919081,0.057543180906479925,0.03730721742360346,0.0,0.0,0.0,,
9.491584000000046,-9.025379849776467,-27.178232922155868,-89.7145219538498,-0.0349347770591254,0.06076940597585788,0.03306474188531472,0.0,0.0,0.0,,
9.501134000000036,-8.927819320493928,-27.152648335273884,-89.73788326458236,-0.03674774602312782,0.06562424812257338,0.030613670386229003,0.0,0.0,0.0,,
9.510604,-8.81757965079438,-27.117667981351463,-89.76773133937587,-0.04040638557084747,0.06966605923481399,0.02906082954542075,0.0,0.0,0.0,,
9.520113000000038,-8.694350708980107,-27.07478765799867,-89.80907890836106,-0.043932711882205835,0.06970658071324716,0.02637674002269836,0.0,0.0,0.0,,
9.529665000000023,-8.562844635416146,-27.024508473857278,-89.8649450278749,-0.04617908060500237,0.06900967387443548,0.0251534664169685,0.0,0.0,0.0,,
9.539185000000032,-8.431162133417065,-26.970623117712023,-89.93323527216543,-0.0476391977243934,0.06649766123378216,0.026914131256989743,0.0,0.0,0.0,,
9.54864200000003,-8.302075176991908,-26.91322672460786,-90.01233475382442,-0.04652369712780121,0.06435647980913814,0.03274607157343266,0.0,0.0,0.0,,
9.558181000000047,-8.184206680102811,-26.860906365232864,-90.09610156755052,-0.04342881788946604,0.05903910306020797,0.02944415945879409,0.0,0.0,0.0,,
9.567716000000019,-8.079116953480538,-26.817730406606472,-90.17711026331516,-0.038186725256803285,0.05756119348548524,0.035581441699974695,0.0,0.0,0.0,,
9.577223000000004,-7.987692582937884,-26.779412466999535,-90.24876526394367,-0.03182961300239004,0.05690141208212191,0.03293661853963713,0.0,0.0,0.0,,
9.586731000000043,-7.906588543244688,-26.745529544715794,-90.30558853903112,-0.025562139228356217,0.05694263854674304,0.02396587389361979,0.0,0.0,0.0,,
9.596238000000028,-7.826983087184098,-26.715690756409515,-90.34813202432741,0.006421425436089083,0.0591907800718776,0.01955748357909844,0.0,0.0,0.0,,
9.605710000000045,-7.749447311004854,-26.682338943771246,-90.37993820874819,0.00664984823335755,0.06658859405808375,0.017570654767672413,0.0,0.0,0.0,,
9.615263000000027,-7.668252865709992,-26.64861718543486,-90.40528497426004,0.006089461537067492,0.06952836401202907,0.01160276000186142,0.0,0.0,0.0,,
9.624770000000012,-7.5656940179276235,-26.608921797992718,-90.43274683159817,0.006957286746442339,0.07132650096116779,0.018291929502293348,0.0,0.0,0.0,,
9.634283000000039,-7.450460089117833,-26.564412518208155,-90.46631821094378,-0.022861227926546743,0.06987525808705752,0.014366651565107054,0.0,0.0,0.0,,
9.643794000000014,-7.324117823472442,-26.52433245644944,-90.5096085006701,-0.029584942024551215,0.0674172091094416,0.017313726991300137,0.0,0.0,0.0,,
9.653308000000038,-7.193312298850925,-26.490874437399505,-90.56257969975371,-0.03372860838379105,0.06359915506573567,0.02496931085414437,0.0,0.0,0.0,,
9.66281600000002,-7.079367070307896,-26.46218159633252,-90.61891023851521,-0.04111194637415631,0.06140249385456516,0.029057166486860023,0.0,0.0,0.0,,
9.672243000000037,-6.986623046829584,-26.442595308139452,-90.6722757576904,-0.04519202158202988,0.059172277984564134,0.03115429142854272,0.0,0.0,0.0,,
9.681834000000038,-6.924901662400708,-26.433010148463545,-90.71598701867944,-0.04591971392869281,0.05692952931814114,0.030200081479088335,0.0,0.0,0.0,,
9.691313000000036,-6.900113722748529,-26.42835166039356,-90.74355705990172,-0.045382134564021445,0.05592415677418764,0.023385514486315984,0.0,0.0,0.0,,
9.70086200000003,-6.9041544644241615,-26.422316470558044,-90.75361649700324,-0.03957044621152283,0.060033776550850806,0.023790786927266862,0.0,0.0,0.0,,
9.710330999999996,-6.9343709590836955,-26.415223369092075,-90.745679851372,-0.03360722346552971,0.06259950683028266,0.024997770488614925,0.0,0.0,0.0,,
9.719837000000041,-6.9716144741802415,-26.407526137624775,-90.72527562177815,-0.026669114343276883,0.05961797411604629,0.015092401710978018,0.0,0.0,0.0,,
9.729399,-7.001612672927047,-26.395352311827644,-90.69978595245031,-0.021684815965874703,0.060291180439943824,0.013201412490164948,0.0,0.0,0.0,,
9.738896000000011,-7.012006874841977,-26.38485139831334,-90.6779623584271,0.00566250268355442,0.057629868449594716,0.016578804295451232,0.0,0.0,0.0,,
9.748417000000018,-6.9966917321755275,-26.367733194921552,-90.66786528863996,0.00717241240626232,0.06059750835141304,0.02872290641178181,0.0,0.0,0.0,,
9.767440000000022,-6.9049533125780025,-26.35060372247573,-90.68943682261603,-0.02710411661833843,0.05677918409199649,0.034019454173616015,0.0,0.0,0.0,,
9.776941000000022,-6.843849855286636,-26.35486981831894,-90.7168482984827,-0.034964282328033364,0.053603587248623207,0.033820668552685264,0.0,0.0,0.0,,
9.786404000000005,-6.789958481560542,-26.358866135006924,-90.74726725444164,-0.042551738196228796,0.0579596052329566,0.0372775801452905,0.0,0.0,0.0,,
9.795918000000029,-6.751500606546347,-26.36568768366601,-90.7712030298624,-0.04975614418321787,0.06060445390652173,0.04542167436645797,0.0,0.0,0.0,,
9.80547800000005,-6.734035499993138,-26.37195256795167,-90.78322565955175,-0.05396696670124042,0.05913272907630843,0.03713487447611375,0.0,0.0,0.0,,
9.81499100000002,-6.737230419183036,-26.375564303396196,-90.78250203254308,-0.05385126694773287,0.05985517929821241,0.02802498378486556,0.0,0.0,0.0,,
9.824505000000045,-6.754255676942924,-26.375297310187282,-90.77212977745707,-0.04833246225862965,0.061248969855284226,0.02332582175930665,0.0,0.0,0.0,,
9.833962000000042,-6.789474803295727,-26.365792196816706,-90.75643785784744,-0.043831222809132445,0.06496961910773916,0.018694433646651867,0.0,0.0,0.0,,
9.843522000000007,-6.829337484321261,-26.350740312762845,-90.74058088037766,-0.036921378328222225,0.06591932559357157,0.019175519939892364,0.0,0.0,0.0,,
9.853026999999997,-6.8583471982829876,-26.33136173788316,-90.72963674034825,-0.02772758741072004,0.06694261678997085,0.033214667615547325,0.0,0.0,0.0,,
9.86255600000004,-6.876816767871998,-26.307292994982973,-90.7251108872427,-0.025228548460418786,0.06155495258337279,0.02934866242663499,0.0,0.0,0.0,,
9.872055000000046,-6.872724133410252,-26.287707433033496,-90.73113878123685,-0.02182998906686785,0.05868454518096498,0.026557659852998485,0.0,0.0,0.0,,
9.881568000000016,-6.848354902140423,-26.284769870616305,-90.74726519346474,-0.021445546021574835,0.05311210613537504,0.030259942567747413,0.0,0.0,0.0,,
9.89107100000001,-6.806959353399533,-26.282641802656656,-90.77366667115514,-0.021626951404404866,0.053487025339920495,0.03217527955877812,0.0,0.0,0.0,,
9.90054600000002,-6.762684090735358,-26.282877091638998,-90.80371537673007,-0.02716184347716417,0.05765427259589844,0.032708507238385934,0.0,0.0,0.0,,
9.91009600000001,-6.719690940561768,-26.28861196456776,-90.8314444792496,-0.03184637053788985,0.06392095271087542,0.04446201573005489,0.0,0.0,0.0,,
9.91960800000004,-6.683962143623736,-26.296309321551792,-90.85001277817476,-0.03904233777430586,0.06169108232460666,0.03446259854018359,0.0,0.0,0.0,,
9.92912700000005,-6.654844760485323,-26.297599425601238,-90.85656698973627,-0.04423825964702788,0.06335726222182861,0.028256250944603694,0.0,0.0,0.0,,
9.938629000000049,-6.633222184824188,-26.29398639696045,-90.85327433082334,-0.04654797735628167,0.06430301141148935,0.023080082270318405,0.0,0.0,0.0,,
9.948131000000046,-6.622560912365977,-26.282305472352757,-90.8434797117289,-0.045950797504811715,0.06742139701626666,0.023802037516526906,0.0,0.0,0.0,,
9.967116000000033,-6.6352483746738775,-26.25100525796798,-90.8234794055231,-0.04174666272080033,0.06417472476638118,0.02406214410813836,0.0,0.0,0.0,,
9.976660000000038,-6.65142209927716,-26.233017970462758,-90.81982300020263,-0.03736492101167097,0.06636328382612311,0.04310840930959214,0.0,0.0,0.0,,
9.986184000000037,-6.653628590088743,-26.199874114774506,-90.82404227199237,-0.028003112931401085,0.08215339990125765,0.08667537710813437,0.0,0.0,0.0,,
9.995687000000032,-6.643140762692733,-26.1845958079316,-90.83297650575905,-0.030228839741789307,0.06659812025566461,0.0555806942775438,0.0,0.0,0.0,,
10.005167000000029,-6.581095080191606,-26.185450777227057,-90.8525501102874,-0.02677377674325226,0.06571886837508083,0.07098387835824638,0.0,0.0,0.0,,
10.014714000000026,-6.4593499871784745,-26.18502817776741,-90.88985482473186,-0.024418219697981178,0.04256921661833184,0.08578753837080766,0.0,0.0,0.0,,
10.024231000000043,-6.301180210436058,-26.18437562987276,-90.94147805432107,-0.03690355387669365,0.026324601815612015,0.05229512423964678,0.0,0.0,0.0,,
10.03374500000001,-6.091657503113023,-26.19812466587966,-91.01115414521956,-0.041105634733077386,0.028318752443118916,0.05607278121539236,0.0,0.0,0.0,,
10.043243000000018,-5.864754316288583,-26.21013726942741,-91.09552914745463,-0.05240949452275062,0.024902898378439835,0.048542026031034316,-0.012037593772125097,-0.051834832799096904,0.0031546635431907617,,
10.05271700000003,-5.6410709508346315,-26.19475117151542,-91.19070335439531,-0.06207349335631019,0.05414009903135699,0.025915587570755357,-0.009427824018382984,-0.05366690220892328,0.0006994682242836724,,
10.062280000000044,-5.431295165447373,-26.17447713569078,-91.29072573320005,-0.0639840405073919,0.06266954211679476,0.016052305497900175,-0.010435813555419046,-0.05173910740737734,-0.0015142049933848057,,
10.071740000000034,-5.264703887221072,-26.14679596926882,-91.38376508530344,-0.06783261899010255,0.06629496273232159,0.012985048071428716,0.0,0.0,0.0,,
10.081290000000024,-5.1401812402889036,-26.097121160042285,-91.46390070847276,-0.0648590621826451,0.060872537724409606,-0.022345630882968263,0.0,0.0,0.0,,
10.090798000000007,-5.061380969159746,-26.040856025042952,-91.52372676337234,-0.05501922774990642,0.062121494595845525,-0.024043482202270917,0.0,0.0,0.0,,
10.100268000000028,-5.027137439835331,-25.99358119310051,-91.56096425515216,-0.04183295875189464,0.05447892766985626,-0.02176036565967487,0.0,0.0,0.0,,
10.109818000000018,-5.015838341543474,-25.93915679279933,-91.57941792614582,0.001306320793803323,0.04737676307576668,-0.02305370408140257,0.0,0.0,0.0,,
10.119336000000033,-5.025944355982948,-25.895087929478954,-91.58276431750153,0.0011832559695115175,0.04282275405517936,-0.02079701013839115,0.0,0.0,0.0,,
10.12884200000002,-5.044952378918939,-25.867286674275917,-91.57776175535162,0.0009936680700312883,0.03607553236911209,-0.017498524430126002,0.0,0.0,0.0,,
10.138314000000037,-5.056723642182347,-25.845709831247433,-91.5744870789475,0.0035796908907164606,0.04639959123456603,0.00640962523926163,0.0,0.0,0.0,,
10.14782200000002,-5.058849503724599,-25.825321707669804,-91.5792841279517,0.006210565206428616,0.06094079205227647,0.027269035837426455,0.0,0.0,0.0,,
10.157379000000049,-5.049823614070835,-25.82514242356595,-91.59294531208508,0.007216491008578561,0.06447326849368762,0.036872568362261535,0.0,0.0,0.0,,
10.166845000000023,-5.0374916782520245,-25.840407078640933,-91.61352345100453,0.0071392398511368835,0.06487182647957121,0.03542752498549584,0.0,0.0,0.0,,
10.176395000000014,-5.025666793456206,-25.867435581609374,-91.63230708579748,0.006563631640985773,0.06404093832871076,0.028731341725242082,0.0,0.0,0.0,,
10.185919000000013,-5.020927338383476,-25.899215302409484,-91.63924527669491,-0.026685046989130608,0.067465659649484,0.034288521880162834,0.0,0.0,0.0,,
10.195388000000037,-5.03406538805495,-25.932609573882814,-91.62550461220496,-0.04349154517942556,0.06680773742921774,0.03403837945051044,0.0,0.0,0.0,,
10.204940000000022,-5.061673374722852,-25.957918145260116,-91.59046328154345,-0.05663235956845455,0.07149705348601001,0.03866279585166927,0.0,0.0,0.0,,
10.21445,-5.101312265468475,-25.981234131521536,-91.53915008296607,-0.06248641686004491,0.0712119146042522,0.03808059220251718,0.0,0.0,0.0,,
10.233469000000014,-5.2094134755760955,-26.003314313127472,-91.42882363709245,-0.06468750303343343,0.06869526086164984,0.03778271882685419,0.0,0.0,0.0,,
10.242974000000004,-5.269544381399529,-26.00548898116371,-91.39649275378304,-0.06091182973583235,0.06589148433617725,0.03834068162178027,0.0,0.0,0.0,,
10.252493000000015,-5.328628269958924,-26.00942594672508,-91.39133328158391,-0.053809322645343306,0.06104571177943118,0.04198097616477658,0.0,0.0,0.0,,
10.261954000000003,-5.381273191358787,-26.010418530195274,-91.41204131991974,-0.04552301223753102,0.0589768930226538,0.05254823441091965,0.0,0.0,0.0,,
10.271507000000042,-5.425797150870014,-26.017672218326553,-91.44848681187563,-0.04049246847644014,0.02883553658099788,0.05695948240386116,0.0,0.0,0.0,,
10.280979000000002,-5.452802010810752,-26.033415402899113,-91.49014929856509,-0.0328254868441961,0.026071285491340305,0.05160936537561156,0.0,0.0,0.0,,
10.290545000000009,-5.4603091304307,-26.05260421911794,-91.5255915146145,-0.0261873338927377,0.0224915911054072,0.04456489128728743,0.0,0.0,0.0,,
10.30003800000003,-5.449326270916499,-26.06607821505574,-91.54741256661917,-0.021413924232177552,0.020600872318407053,0.04091719020541945,0.0,0.0,0.0,,
10.30951200000004,-5.425314514444192,-26.0705173102542,-91.55270609062273,-0.019531157796907627,0.04910084668971344,0.0273688152156902,0.0,0.0,0.0,,
10.319068000000016,-5.386216219543706,-26.0647751607475,-91.54511568532101,-0.01989390009957102,0.058271635802598594,0.029097261221352245,0.0,0.0,0.0,,
10.328523000000018,-5.331515924113511,-26.051691688463023,-91.53497527445458,-0.02092075550998188,0.062046477124215474,0.021705509757642228,0.0,0.0,0.0,,
10.338022000000024,-5.270878942358308,-26.035682181834396,-91.52862844615915,-0.026688576905370187,0.06342821763772723,0.019265820357519316,0.0,0.0,0.0,,
10.347529000000009,-5.208702121843135,-26.01869922512737,-91.53504388704985,-0.030819293898211884,0.06433649163292449,0.019305247633666475,0.0,0.0,0.0,,
10.357060000000047,-5.161020525264578,-26.001520789425225,-91.55425321135667,-0.039231556090741825,0.06432784685654612,0.021669189083293322,0.0,0.0,0.0,,
10.366569000000027,-5.131539244603411,-25.995693219520827,-91.58158455451125,-0.04536217514835357,0.06056152876562171,0.024358028618661424,0.0,0.0,0.0,,
10.376067000000035,-5.121965688683392,-25.996802413441042,-91.6097990953187,-0.04902743218618985,0.0594341822492315,0.03622041657812766,0.0,0.0,0.0,,
10.38557800000001,-5.1355982811879155,-25.993945148484347,-91.6324438849278,-0.05044484476442808,0.05898558520858958,0.0341722038589216,0.0,0.0,0.0,,
10.395091000000036,-5.162943605584666,-25.986037535999525,-91.6466806832594,-0.04507667886782771,0.06501960845809612,0.04101129380048035,0.0,0.0,0.0,,
10.404612000000043,-5.203609526690149,-25.989695364118436,-91.64984606527847,-0.043394030849446194,0.06046183697729152,0.03607419193357623,0.0,0.0,0.0,,
10.414121000000023,-5.2364212321343695,-25.99265663442851,-91.64719082677887,-0.0360287492380005,0.06014603966546195,0.03575224293014096,0.0,0.0,0.0,,
10.423625000000015,-5.259072980055434,-25.985513245651752,-91.64248587595381,-0.029843054301842326,0.061836856178411025,0.030395086035263186,0.0,0.0,0.0,,
10.433136000000047,-5.268030459945999,-25.978218560552307,-91.64169293863857,-0.0248913826491104,0.062282396332223065,0.025750856113939784,0.0,0.0,0.0,,
10.442646000000025,-5.26062798945552,-25.97399800425401,-91.64913181080891,-0.021337536799248116,0.06228520337470592,0.025562173538561085,0.0,0.0,0.0,,
10.452168000000029,-5.242490604761977,-25.968561531170973,-91.66568910172327,-0.02265181852514211,0.062471574103524746,0.027729625245364663,0.0,0.0,0.0,,
10.461665000000039,-5.212184531255749,-25.964498554882507,-91.69045721960072,-0.024173623328020123,0.06147951315968274,0.03074945593645233,0.0,0.0,0.0,,
10.480696000000023,-5.150518733944741,-25.969909398670346,-91.74001761954041,-0.034659357297196325,0.05445829014498575,0.025465513507983494,0.0,0.0,0.0,,
10.49020900000005,-5.124836167126318,-25.970553845551304,-91.75559754557976,-0.03664071766674738,0.05607063315585561,0.031948309023403294,0.0,0.0,0.0,,
10.499708999999996,-5.112978204303908,-25.968283978331215,-91.7598729796265,-0.039037949244936275,0.05638479583931834,0.03475099327779691,0.0,0.0,0.0,,
10.509221000000025,-5.110568747580466,-25.962143795927787,-91.75411124847,-0.03879221928285956,0.05809080362821913,0.03683841214406029,0.0,0.0,0.0,,
10.51873900000004,-5.113916914252901,-25.954348568700507,-91.74043392226775,-0.03706726706587189,0.05900864977068718,0.03859087234261789,0.0,0.0,0.0,,
10.528233999999998,-5.117002651798448,-25.945022302627446,-91.72399456912825,-0.03414436415029771,0.05874006210430699,0.03804203638908224,0.0,0.0,0.0,,
10.537760000000048,-5.114276175276942,-25.933269879936855,-91.71220247696267,-0.030839116408632492,0.06112956990036425,0.038042296657158844,0.0,0.0,0.0,,
10.547268000000031,-5.103264741815551,-25.92695570759129,-91.71002043278457,-0.029766881861525506,0.059828064278087005,0.027305862259860147,0.0,0.0,0.0,,
10.556781999999998,-5.078869742983352,-25.929869649163052,-91.72221354978028,-0.02789754710605062,0.05758081388906751,0.023793229715287897,0.0,0.0,0.0,,
10.56628900000004,-5.045903653121088,-25.936145590960972,-91.74654056761712,-0.029961400294737706,0.05598627784918721,0.021239951949917308,0.0,0.0,0.0,,
10.575804000000005,-5.008122174770114,-25.93670429117221,-91.78009841211343,-0.03113262493573704,0.05965729698974688,0.02307144787945089,0.0,0.0,0.0,,
10.585307999999998,-4.975273113268905,-25.94299827848878,-91.81552619300147,-0.03582190449120397,0.05678828567995343,0.025516539786477936,0.0,0.0,0.0,,
10.594821000000024,-4.948892125759096,-25.947034556740636,-91.84626832686322,-0.03976064169767837,0.05645976882926156,0.027732918955048813,0.0,0.0,0.0,,
10.613840000000039,-4.930724571204188,-25.95087065693457,-91.87356531960225,-0.04284950006338844,0.05478243833795416,0.0277977813705154,0.0,0.0,0.0,,
10.623349000000019,-4.940437197113325,-25.949972857233842,-91.86875005566738,-0.04045995356157504,0.05751719180487174,0.031943127158919206,0.0,0.0,0.0,,
10.632857999999999,-4.961073801426964,-25.947683841517343,-91.85392583916334,-0.03805568970769328,0.058239717606567015,0.0264468569624686,0.0,0.0,0.0,,
10.64237700000001,-4.986220949590703,-25.943176645254965,-91.8368882672228,-0.03481105333456008,0.061862124740391426,0.028162248681091687,0.0,0.0,0.0,,
10.651894000000027,-5.009275475603635,-25.939706699931328,-91.82369528145355,-0.030249606221085416,0.06074004380203472,0.02630434840577154,0.0,0.0,0.0,,
10.66139400000003,-5.028838271955296,-25.93490981570833,-91.81700666395774,-0.02889343538181633,0.06307121917922334,0.028025508573240914,0.0,0.0,0.0,,
10.670916000000034,-5.040151770737797,-25.933792539466346,-91.81808757224547,-0.028089273145169937,0.06081221666949442,0.02849757735080194,0.0,0.0,0.0,,
10.680412000000047,-5.041997234330985,-25.935734322642823,-91.82611346324335,-0.029247531419903116,0.0582559373182296,0.034243695872491736,0.0,0.0,0.0,,
10.689932999999996,-5.031158137683765,-25.93628689588623,-91.83953119645696,-0.030953207848809977,0.05621774754447867,0.032138020063073966,0.0,0.0,0.0,,
10.699442000000033,-5.013616172494193,-25.938903021057136,-91.85363076994568,-0.035345141853343205,0.05461125919684392,0.03121820841926919,0.0,0.0,0.0,,
10.70894400000003,-4.989450405820119,-25.943905833827046,-91.8690061231647,-0.036716505852495404,0.05520112484610514,0.03380086835075243,0.0,0.0,0.0,,
10.718465000000037,-4.963966182770812,-25.945145603286445,-91.88315222750828,-0.03829416900461544,0.0563901076740553,0.03662790033993192,0.0,0.0,0.0,,
10.72797300000002,-4.94237648899703,-25.941375953224014,-91.89574011161652,-0.04000411479130841,0.05898843986280853,0.032493267932971054,0.0,0.0,0.0,,
10.746987000000047,-4.9179696181371,-25.928977211945313,-91.91481658803335,-0.03995457873358169,0.06063435607605536,0.030185139764618087,0.0,0.0,0.0,,
10.75650300000001,-4.913695904953265,-25.91975981296338,-91.92391829526441,-0.036761491337001434,0.06276941433095652,0.02899289006940223,0.0,0.0,0.0,,
10.766012000000046,-4.9144831462374094,-25.913135022750446,-91.93295884503873,-0.033616810973379554,0.061805823715583255,0.02579348464891114,0.0,0.0,0.0,,
10.775531,-4.9177845424760775,-25.911153819993057,-91.94217851143438,-0.030092778932754208,0.058931996927923995,0.022424210998042406,0.0,0.0,0.0,,
10.78503500000005,-4.921406667133656,-25.905896001302512,-91.95128503053371,-0.02751820659005216,0.061080497999176905,0.021070425271961592,0.0,0.0,0.0,,
10.794555000000003,-4.921096068518747,-25.902574782356243,-91.96139968688878,-0.02410367022975075,0.060714499866013946,0.027375115354062528,0.0,0.0,0.0,,
10.804051000000015,-4.916533268009078,-25.899295836322946,-91.97192297920463,-0.023455371603770724,0.06098899117352818,0.033128229785627954,0.0,0.0,0.0,,
10.81356100000005,-4.9062196093997565,-25.896823121926516,-91.98203132771982,-0.024974182308591327,0.05712545728119823,0.03185621668747997,0.0,0.0,0.0,,
10.82307800000001,-4.888118975703043,-25.901328468429767,-91.99274516755634,-0.026275390142932658,0.05324242702527962,0.03196810912802284,0.0,0.0,0.0,,
10.832589000000041,-4.866662332326502,-25.90959712235791,-92.00320591342907,-0.031013708120206474,0.05066512658891883,0.03158428148704098,0.0,0.0,0.0,,
10.842095000000029,-4.84301570068996,-25.916065188988455,-92.01242448585003,-0.03497101083379262,0.05118720184846143,0.029324548612916307,0.0,0.0,0.0,,
10.851624000000015,-4.82204071606945,-25.92355812743756,-92.01824871058966,-0.039668586097072356,0.052938861854842124,0.031736373098745205,0.0,0.0,0.0,,
10.861125000000015,-4.806640501149812,-25.932201693976303,-92.01994025739214,-0.044230095282951694,0.05439769338151065,0.03184132615130382,0.0,0.0,0.0,,
10.880134999999996,-4.793599321126995,-25.938788475299436,-92.01496579718143,-0.0478471511033369,0.06053331419376235,0.02330487198053736,0.0,0.0,0.0,,
10.889659000000051,-4.799369752396997,-25.939808957321898,-92.0117214780244,-0.04755284398674268,0.06105931592497121,0.02548976155180752,0.0,0.0,0.0,,
10.899159999999995,-4.812454885597849,-25.93179599404897,-92.01142550173503,-0.04572040915193776,0.06639082775524345,0.035209507701287404,0.0,0.0,0.0,,
10.908674000000019,-4.828212645553539,-25.922388080332013,-92.01558831472603,-0.04237130966710857,0.06346674674641348,0.03649058388372774,0.0,0.0,0.0,,
10.918195000000026,-4.8386123711664855,-25.9131343183203,-92.02529680181809,-0.036758949496555574,0.06035701690436116,0.03977473386249227,0.0,0.0,0.0,,
10.927692000000036,-4.844895758636534,-25.90985679356169,-92.03872313884985,-0.032869727367688534,0.052630077904720574,0.035438789782204196,0.0,0.0,0.0,,
10.937206000000003,-4.840775799775158,-25.904770825228315,-92.05663996891789,-0.027452397530114237,0.0515349096194471,0.030964381012019426,0.0,0.0,0.0,,
10.94671500000004,-4.829010248565714,-25.90067755228046,-92.07705183593708,-0.024632869086558006,0.054227609177509045,0.029029955676621366,0.0,0.0,0.0,,
10.956232,-4.808123693489903,-25.897012289702804,-92.09786987833456,-0.022857710241063617,0.05890867334308065,0.032772600301392535,0.0,0.0,0.0,,
10.965742000000034,-4.778485600885729,-25.893421352275325,-92.1181708748694,-0.022943760639755274,0.06227637247712415,0.028084137298227316,0.0,0.0,0.0,,
10.97526300000004,-4.74367683622597,-25.89244171387408,-92.13524630132142,-0.025711685203164247,0.06288853978641434,0.027477481014619012,0.0,0.0,0.0,,
10.984762000000046,-4.7052061581722135,-25.890350114575853,-92.1482981600541,-0.028264984914184964,0.06109164204717859,0.023088603797175367,0.0,0.0,0.0,,
10.994271000000026,-4.671657534946627,-25.881410270667008,-92.15635467283924,-0.033019426243050494,0.06237504750607729,0.021220747289249012,0.0,0.0,0.0,,
11.00378900000004,-4.644568058670251,-25.871160684485663,-92.15884478523888,-0.038679066505942314,0.061348285705167954,0.024641856091745074,0.0,0.0,0.0,,
11.013299000000018,-4.618940236022656,-25.856789528599432,-92.16035833613392,-0.038735315662863465,0.06259878346648715,0.035032125751484795,0.0,0.0,0.0,,
11.022800000000018,-4.598806856948581,-25.841411229691904,-92.16290688538946,-0.0388008081777244,0.06119632326391448,0.03663793101315572,0.0,0.0,0.0,,
11.032316000000037,-4.57769750821632,-25.829677398456344,-92.1706070133637,-0.03733135002843726,0.058486865458037954,0.03383900358904028,0.0,0.0,0.0,,
11.041830000000004,-4.555789940586527,-25.823459420315,-92.18640483573633,-0.032703343883868266,0.05678961039898182,0.036515943458972036,0.0,0.0,0.0,,
11.051337000000046,-4.537144073482619,-25.825466112668348,-92.20967932125018,-0.03192251255252336,0.05317803748444095,0.03461619399137077,0.0,0.0,0.0,,
11.060841000000039,-4.5204218978500466,-25.826446286286256,-92.23817090265953,-0.030084442048385056,0.05650286851252809,0.03987613667820877,0.0,0.0,0.0,,
11.070362000000046,-4.50944517186977,-25.826095286465314,-92.26552454389882,-0.03070466727301605,0.05923390263588595,0.044325360655734086,0.0,0.0,0.0,,
11.079872000000023,-4.495215228455602,-25.83386526687227,-92.28732054699546,-0.03083681931492101,0.05308098506313379,0.03128941575723336,0.0,0.0,0.0,,
11.089382,-4.471941967557636,-25.84924390978303,-92.30106844860941,-0.03289331415046345,0.048342844177606994,0.022983485701151787,0.0,0.0,0.0,,
11.09889400000003,-4.438477713878371,-25.86574337703461,-92.30548539851827,-0.03642058916222906,0.046569369966269106,0.013934726856854058,0.0,0.0,0.0,,
11.108406000000002,-4.3925916724370495,-25.872910293238775,-92.30624325652504,-0.039602984434227766,0.05213223072640367,0.015357513649113363,0.0,0.0,0.0,,
11.117917000000034,-4.3399552460935,-25.870172791489818,-92.30980624166202,-0.04195765788913098,0.05734538895780556,0.016494099953017156,0.0,0.0,0.0,,
11.127440000000036,-4.2891620724120365,-25.860134646334185,-92.32153386349214,-0.04562108921431418,0.06158401449794376,0.024164913116026438,0.0,0.0,0.0,,
11.136941000000036,-4.243069066336004,-25.84180298720476,-92.34592536643004,-0.046715359628629056,0.06430811079555646,0.03034577101514557,0.0,0.0,0.0,,
11.146455000000003,-4.211733392877355,-25.820080929567904,-92.3798379320962,-0.04788062942778338,0.0640589125439703,0.03498336675490426,0.0,0.0,0.0,,
11.155956000000003,-4.198603467381242,-25.80401695521454,-92.41778104996487,-0.04715237738240311,0.05940029817220403,0.0315742652862077,0.0,0.0,0.0,,
11.174981000000002,-4.211759871616586,-25.78337238292723,-92.48319793473675,-0.03530424600773414,0.05431583081779092,0.026720686936103664,0.0,0.0,0.0,,
11.19399900000002,-4.244093203502347,-25.76756554124021,-92.50462348266552,0.006035043383911578,0.058039519213549925,0.02414864261557428,0.0,0.0,0.0,,
11.203515000000039,-4.246363021349933,-25.75411993962051,-92.50199227727846,0.006123805440941397,0.06232678984341005,0.020630782172522556,0.0,0.0,0.0,,
11.213020000000029,-4.2331732580203445,-25.73931970746033,-92.49757802532257,0.0064906585348898805,0.06427905712219738,0.024148592092412772,0.0,0.0,0.0,,
11.222540000000038,-4.2023960980481885,-25.725958027725653,-92.49787251337872,0.006450201797379059,0.062135710933851,0.026395090882400767,0.0,0.0,0.0,,
11.232037000000048,-4.156902271295684,-25.715904467786455,-92.50675429203385,0.005802240300409009,0.05755067350941847,0.02227203526777755,0.0,0.0,0.0,,
11.241557999999998,-4.106382906044069,-25.71708029481731,-92.52428941217569,-0.023183104876277668,0.05342314001452423,0.021138677182447316,0.0,0.0,0.0,,
11.25106100000005,-4.056849477978807,-25.727590271697903,-92.54921910627442,-0.031001860489737597,0.05078109190081108,0.021824945533567935,0.0,0.0,0.0,,
11.260579000000007,-4.017304623913739,-25.7395956761488,-92.57609788558136,-0.0366153695121428,0.05377849843401907,0.024778132069066743,0.0,0.0,0.0,,
11.270076000000017,-3.994955650653665,-25.749454993667655,-92.59962730339265,-0.03999320396053353,0.05953617419930351,0.035977528853465904,0.0,0.0,0.0,,
11.279595000000029,-3.994460209103971,-25.752618399981003,-92.61499174691357,-0.04181881370616074,0.06468069039568874,0.043504615097979905,0.0,0.0,0.0,,
11.289107000000001,-4.0208064274514985,-25.74580868966458,-92.6166564784909,-0.04220093663893479,0.06803234203791773,0.04954970683732199,0.0,0.0,0.0,,
11.298622000000023,-4.067945417929081,-25.73451854698563,-92.60443838690074,-0.040277741495609996,0.06348969284419147,0.0458360346269858,0.0,0.0,0.0,,
11.317642000000035,-4.1849203811283315,-25.724027399388778,-92.54370301312404,-0.0347399641887731,0.044470263974418126,0.018655125036504287,0.0,0.0,0.0,,
11.32714900000002,-4.227541894708208,-25.731520747456837,-92.50597114606322,-0.03349238245998753,0.04220511447079466,0.01159296799371443,0.0,0.0,0.0,,
11.336663000000044,-4.244582094552831,-25.74192446284931,-92.47542180838765,-0.032135251540494965,0.04849005655607321,0.013713413659820078,0.0,0.0,0.0,,
11.346169000000032,-4.241648149047415,-25.749799710031972,-92.45774255115226,-0.036304352114961226,0.05577876946281079,0.017495599869881747,0.0,0.0,0.0,,
11.355682000000002,-4.215999586008084,-25.747339605292385,-92.45861210093965,-0.04026818845837818,0.06663241105306346,0.025676178634695266,0.0,0.0,0.0,,
11.365197000000023,-4.179820213445252,-25.74095034052243,-92.4772863050705,-0.04530617630864191,0.06936276861117814,0.036715781819135235,0.0,0.0,0.0,,
11.374700000000018,-4.147405917740188,-25.72454398664038,-92.50685412196381,-0.05175931155545098,0.07247620682683832,0.04710493813732412,0.0,0.0,0.0,,
11.384214000000043,-4.131465665090262,-25.709250650418046,-92.53795654133468,-0.05613734666075643,0.06497518887921802,0.04854931815228666,0.0,0.0,0.0,,
11.39372800000001,-4.13981402818605,-25.698983715461537,-92.55992930532001,-0.057567041704849956,0.056606427504148744,0.04884168319359676,0.0,0.0,0.0,,
11.403230000000008,-4.168532772929054,-25.694176416882016,-92.56731501802228,-0.05375451916595045,0.02950642136140728,0.056259805244366384,0.0,0.0,0.0,,
11.412757,-4.210122659347872,-25.69818370474177,-92.55945798773547,-0.044799821026774926,0.025465210225506688,0.0487070545249212,0.0,0.0,0.0,,
11.431765000000041,-4.280503098054698,-25.70472863301411,-92.52728649531099,0.005543030197474492,0.055510089442879516,0.019003810044434414,0.0,0.0,0.0,,
11.441273000000024,-4.29017933018946,-25.698558342408443,-92.52360503097069,0.006061046928196911,0.06392999963442522,0.01707046683251578,0.0,0.0,0.0,,
11.45079000000004,-4.27279134771044,-25.685003380822387,-92.5400969786907,0.006276729803639323,0.06928764998419741,0.014099708570923086,0.0,0.0,0.0,,
11.460313000000042,-4.228258416999097,-25.668371135968453,-92.57832120122282,0.005860571460175277,0.06764427495727292,0.009591843211515197,0.0,0.0,0.0,,
11.469813000000045,-4.161096069270913,-25.65078616175679,-92.63300692414421,0.00588610145781579,0.06539438496604245,0.012349622290771214,0.0,0.0,0.0,,
11.47932800000001,-4.083513512723334,-25.633229051198086,-92.6945307678966,0.006350108790065445,0.06266060707530843,0.022605488787230784,0.0,0.0,0.0,,
11.488836000000049,-4.012278207511437,-25.619033917694562,-92.74961243164388,0.0069612689401432745,0.059259398876149935,0.036447856117253194,0.0,0.0,0.0,,
11.498343000000034,-3.961852163889503,-25.61093990437027,-92.78467642730793,-0.027898160627784323,0.059460732384523304,0.05002353207061222,0.0,0.0,0.0,,
11.507858999999996,-3.9421406450374965,-25.613921254956807,-92.7914259751264,-0.039612863087495453,0.031028238686516867,0.060619819762838485,0.0,0.0,0.0,,
11.517358000000002,-3.9527403724250636,-25.626058797953096,-92.76683628557382,-0.04804711936733056,0.028868532274326907,0.05527772165501454,0.0,0.0,0.0,,
11.526872000000026,-3.983336251035742,-25.645960665263964,-92.71777109904056,-0.05123123438966331,0.02313480313876881,0.04307292553565477,0.0,0.0,0.0,,
11.53638600000005,-4.024272856195217,-25.669252275653164,-92.65703850907305,-0.05210040137374661,0.04850313242758334,0.019392967120320813,0.0,0.0,0.0,,
11.545901000000015,-4.062009456307815,-25.690632857011412,-92.60215864846715,-0.05084821059969853,0.053795790792652516,0.012353414394325832,0.0,0.0,0.0,,
11.564919000000032,-4.103617913118955,-25.698583523667814,-92.56948573172345,-0.04745209016835457,0.07070561772184145,0.016026308401994278,0.0,0.0,0.0,,
11.574437000000046,-4.111105713139149,-25.686927889041627,-92.59862883049857,-0.04768630941494093,0.07342434668261526,0.029359013927233994,0.0,0.0,0.0,,
11.583942000000036,-4.113176044568994,-25.673210243363105,-92.6487575574795,-0.04674661195929482,0.0659944810774053,0.03979022134715466,0.0,0.0,0.0,,
11.593457,-4.117739270114707,-25.6649735675126,-92.70125337247698,-0.0471767605820157,0.053966909622955805,0.04933613841047804,0.0,0.0,0.0,,
11.602955000000009,-4.129557580644684,-25.664413082106346,-92.73918593601607,-0.047158555047546194,0.028456844304208355,0.054465122346407775,0.0,0.0,0.0,,
11.612476000000015,-4.147118459169613,-25.6722135643001,-92.75215666302378,-0.043283123732417474,0.027889468756806316,0.05363141295699061,0.0,0.0,0.0,,
11.621984999999995,-4.165228451305233,-25.686883094666978,-92.73830077610118,-0.03787103344949482,0.02646261727180493,0.0511931030904668,0.0,0.0,0.0,,
11.631489000000045,-4.172988518924768,-25.695983250124986,-92.70887972151726,-0.0295915973959919,0.02540648782751033,0.04983478901824967,0.0,0.0,0.0,,
11.641012000000046,-4.161424143728255,-25.69743629421609,-92.68131887164967,-0.021617178414651207,0.06007660538704998,0.02838691102502493,0.0,0.0,0.0,,
11.650527000000011,-4.122871115816583,-25.685020032516633,-92.67306295878073,0.007126878337171802,0.06940462692963412,0.026261532875156843,0.0,0.0,0.0,,
11.660017000000039,-4.057259921411697,-25.65633166308604,-92.69689866089573,0.0072874171603565414,0.0761452878539724,0.021115411068294027,0.0,0.0,0.0,,
11.669539000000043,-3.9704309418812556,-25.61684368566168,-92.75594607947865,0.007483453275750058,0.07832932976043067,0.02156948155740597,0.0,0.0,0.0,,
11.679052000000013,-3.874449486368884,-25.580422718453562,-92.8413777699169,-0.021202358472723264,0.07252678730812627,0.02542861928609853,0.0,0.0,0.0,,
11.68856100000005,-3.782448786319576,-25.55265413172864,-92.93650819266499,-0.026722639724822153,0.06066563920756544,0.029898646889460884,0.0,0.0,0.0,,
11.698080000000004,-3.706863131023289,-25.532281755628517,-93.02062269325124,-0.031709945932572474,0.05322757211499689,0.03770450154713154,0.0,0.0,0.0,,
11.707592000000034,-3.657367437526789,-25.52529309772827,-93.07583085017998,-0.03563853966279551,0.027451397578313323,0.05340028627446521,0.0,0.0,0.0,,
11.726608999999996,-3.634833050876579,-25.536986616494836,-93.07426877778877,-0.03465671242635937,0.04372651376064646,0.028586390242584015,0.0,0.0,0.0,,
11.736116000000038,-3.645393407542433,-25.55066386675095,-93.03316032606234,-0.03210288015398575,0.04854094316608689,0.01695999570570553,0.0,0.0,0.0,,
11.745627000000013,-3.6539947007920017,-25.55719721534613,-92.98671674504972,-0.029685225660460227,0.05770777554126762,0.006201387983932229,0.0,0.0,0.0,,
11.755138000000045,-3.6539516108210535,-25.55383346266525,-92.95339594035558,-0.03249746554316996,0.05691598683716948,-0.02387165935255084,0.0,0.0,0.0,,
11.76464100000004,-3.641403784523123,-25.54183950594768,-92.94627333198372,-0.03116748809055289,0.07449180117788529,-0.00013126023232966992,0.0,0.0,0.0,,
11.774153000000013,-3.6221878091813253,-25.52385826808624,-92.96850928276376,-0.034196086433479406,0.07521621373263125,0.01076747043293688,0.0,0.0,0.0,,
11.783664000000044,-3.6063228079185907,-25.49781863377504,-93.01114432620878,-0.03981995929948184,0.07436286123307523,0.028569896538448318,0.0,0.0,0.0,,
11.793182000000002,-3.6023986108307935,-25.479832407429807,-93.05825806448195,-0.04569123205892086,0.0654821364291519,0.04566095803432113,0.0,0.0,0.0,,
11.802697000000023,-3.613272298412969,-25.47492030668547,-93.09264661715993,-0.04999515985592819,0.03439840902819592,0.06643260409658601,0.0,0.0,0.0,,
11.812201000000016,-3.6352394869065243,-25.478926660673523,-93.10383618034274,-0.04782917084961509,0.034690154222971364,0.0672568722497197,0.0,0.0,0.0,,
11.821708999999998,-3.663564473709454,-25.496712626844303,-93.08829846086272,-0.04368124776602457,0.03095696443842433,0.059883366953983636,0.0,0.0,0.0,,
11.83122400000002,-3.6875072161170337,-25.518492783098697,-93.05502005799018,-0.03783628487605895,0.02750462323247963,0.05331076135791904,0.0,0.0,0.0,,
11.840734999999995,-3.69487369302485,-25.532900429588512,-93.01855322866898,-0.029804018019900808,0.052948395154053855,0.03221468449720052,0.0,0.0,0.0,,
11.850233000000003,-3.678886537515587,-25.529468308044667,-92.99650152208132,-0.023534108542297184,0.0710910135776882,0.03136320887566263,0.0,0.0,0.0,,
11.859753000000012,-3.6389023357045023,-25.514096842989527,-93.00264035092827,-0.022988930597489847,0.07998255250411998,0.02286237330333612,0.0,0.0,0.0,,
11.869280000000003,-3.5680640154973493,-25.483815694828195,-93.04396607673527,-0.021742453007457165,0.08712453092630693,0.03286103706742264,0.0,0.0,0.0,,
11.878772000000026,-3.47945591390089,-25.451698664494778,-93.11381075737766,-0.027333343167394025,0.07730848941796478,0.028723798345782064,0.0,0.0,0.0,,
11.888288000000045,-3.380866814404736,-25.4162330547616,-93.19788216821685,-0.03357946318247828,0.07122316314070769,0.041507984974624684,0.0,0.0,0.0,,
11.897804000000008,-3.287873253793485,-25.388275283616487,-93.2803284709742,-0.04032220116436678,0.05805255789506007,0.050401602606553526,0.0,0.0,0.0,,
11.907301000000018,-3.2080878850697285,-25.366632458314502,-93.3474210065219,-0.04201505098407116,0.03673547958086774,0.07217461548502903,0.0,0.0,0.0,,
11.916813000000047,-3.153114582855702,-25.358285012171073,-93.38892816985755,-0.03911469924739053,0.0373944510660324,0.07388410113165914,0.0,0.0,0.0,,
11.926326000000017,-3.12939783325029,-25.386832280530577,-93.39668387149447,-0.043255787817141615,0.026820168707410594,0.05101683539982004,0.0,0.0,0.0,,
11.935846000000026,-3.100149771783694,-25.416981375742132,-93.38471335778479,-0.030591573504976228,0.028709257501377376,0.05650916115224684,0.0,0.0,0.0,,
11.945353000000011,-3.0929784907785978,-25.46924120469769,-93.36008890226698,-0.0325210541624938,0.0377395604670144,-0.014961691861763944,0.0,0.0,0.0,,
11.954867000000036,-3.0642712363549505,-25.51813237292861,-93.34843217281329,-0.02312176188937337,0.06457926950096753,0.0020253286468268255,0.0,0.0,0.0,,
11.964368000000036,-3.0220491142648265,-25.55741497472422,-93.36244247892871,-0.022214681728608066,0.06659810130494177,-0.029643384727896786,0.0,0.0,0.0,,
11.973875000000021,-2.97565391338474,-25.573369832941214,-93.40668918899158,-0.02597522540642619,0.08598506489800549,-0.00894841616931955,0.0,0.0,0.0,,
11.98339100000004,-2.9152755687388905,-25.579363699752033,-93.47748835191065,-0.030631557695830206,0.0879954237489652,0.011866821890694438,0.0,0.0,0.0,,
11.99290400000001,-2.8590797147495204,-25.577853555754995,-93.56017720501967,-0.037866319377549654,0.0816680389609765,0.0332886285026575,0.0,0.0,0.0,,
12.002415000000042,-2.8122910248607953,-25.577764604046,-93.63778083258954,-0.04274520449781346,0.06511009734968293,0.04773422369224933,0.0,0.0,0.0,,
12.01193900000004,-2.769421114511713,-25.600479725498257,-93.70002997786666,-0.03812087442812405,0.03159389316964065,0.060668272619042674,0.0,0.0,0.0,,
12.021432000000004,-2.735130639529903,-25.66075232320541,-93.74787822073642,-0.02531023135273253,-0.000639907629382275,0.06618016292242838,0.0,0.0,0.0,,
12.030944000000034,-2.694161460267464,-25.77070108503817,-93.77924645624292,-0.026349385394495363,0.002282701498777483,0.001120541843274449,0.0,0.0,0.0,,
12.040380000000027,-2.5585683352717683,-25.919076071936917,-93.8186742244891,0.0030128135785911178,0.017707962762963225,0.03676920709805518,0.0,0.0,0.0,,
12.049977000000013,-2.395156879666984,-26.058181560870146,-93.87582519596862,0.0037718584338611192,0.02299556375580594,0.047440470246079856,0.0,0.0,0.0,,
12.059483999999998,-2.225533106656265,-26.122892639406718,-93.95762512607214,-0.02210453354259215,0.08002362065869914,0.02567435632397514,0.0,0.0,0.0,,
12.068989000000045,-2.0601323372631932,-26.13687069525225,-94.0714311584495,-0.026955186541523925,0.10929284104561175,0.03674865234938564,0.0,0.0,0.0,,
12.078495000000032,-1.9376228314989692,-26.09509284546365,-94.20333542128297,-0.04208881913362522,0.10115019190291825,0.03433950807335902,0.0,0.0,0.0,,
12.088015000000041,-1.8387092246940042,-25.98438576767266,-94.33952063137924,-0.045950820742978384,0.07879461809609083,0.028250818633228276,0.0,0.0,0.0,,
12.097523000000024,-1.7760987939095707,-25.876807992395218,-94.45344530110485,-0.05851699276065294,0.018137717780755416,0.027911561812850892,0.0,0.0,0.0,,
12.107033999999999,-1.7133987672025095,-25.79966969257422,-94.52373465946015,-0.06646592256869992,0.006130325575881284,0.0017974817176469194,0.0,0.0,0.0,,
12.126056000000005,-1.609809970540551,-25.625157865145557,-94.48572847393443,-0.06875362496611397,0.02185370146777927,0.03421068153639087,0.0,0.0,0.0,,
12.135568000000035,-1.6211530226687318,-25.544585361539138,-94.39195787677848,-0.0575614282949176,0.03512554025114101,0.06405608307562385,0.0,0.0,0.0,,
12.145069000000035,-1.661346607900701,-25.39890537087457,-94.2841238390224,-0.03309321328760391,0.07870702165363623,0.03256961335477056,0.0,0.0,0.0,,
12.154595000000029,-1.6697420773849239,-25.191269781760067,-94.21982734656345,0.010423326989939662,0.1150706023346487,0.018741879471721734,0.0,0.0,0.0,,
12.164094000000034,-1.6294900365337956,-25.00408343260321,-94.24413593382545,0.03598943088036408,0.09068773034721815,-0.04433840721544583,0.0,0.0,0.0,,
12.173607000000004,-1.4259221331843996,-24.82224204504896,-94.40113592129059,0.05961894857116923,0.0925514808387685,-0.046233801740597914,0.0,0.0,0.0,,
12.18310600000001,-1.0476385649705253,-24.709565345642353,-94.69722634860621,0.055473850591293276,0.06419503237230598,-0.07668715733650297,0.0016406824526297666,-0.057015153069385545,-0.027580983598519473,,
12.192639000000042,-0.5150835839773589,-24.672812907173324,-95.10457027622674,0.03109952457008246,0.056138628635836886,-0.027214488078099165,-0.01390640087011219,-0.09003853573990836,-0.03705932985869176,,
12.20214500000003,0.11799171439841691,-24.66564381104539,-95.5733917035641,0.005602458321255418,0.05824955302792675,0.01655025270102514,-0.0222831614042365,-0.1163265465889864,-0.04101238213853132,,
12.21165000000002,0.7514398327158006,-24.67617953914227,-96.0356488387834,-0.05767272314235747,0.06849081807248046,0.04719106197286781,-0.028284166842236422,-0.1266503344377489,-0.03966505660430319,,
12.221167000000037,1.3250687233301057,-24.71331109313068,-96.43427261736686,-0.10266055685469835,0.04925749799437188,0.08135656681088488,-0.032960908344674515,-0.12365530205000877,-0.03186547352585525,,
12.230673000000024,1.786736893435118,-24.746979270769767,-96.73473014405057,-0.12718347617327605,0.051450948641137306,0.07849304216866126,-0.03032957539797754,-0.10848038939235781,-0.02151330239125331,,
12.24019800000002,2.1110669582383634,-24.782238075060693,-96.93273700555679,-0.1357015675192849,0.06959949872788486,0.048848201494808306,-0.028694244054416826,-0.0862711310100851,-0.01245967049317383,,
12.249705000000006,2.352419483838826,-24.851982881361284,-97.06276701561039,-0.12020382224322869,0.06865993518789341,0.043361943076896614,-0.03376059393713134,-0.06730115601836216,-0.005757187838048037,,
12.259212000000048,2.529523352737165,-24.929960508860905,-97.16827195098274,-0.09601654921103768,0.07957808475168092,0.052159169091701416,-0.0362245522285613,-0.05017813815098043,-0.006204359047010794,,
12.268719000000033,2.679634020642451,-24.996529520387487,-97.29515814354377,-0.06774536787901117,0.09995064360477272,0.04629980410700556,-0.03780859499985239,-0.039675208846232865,-0.012729539966519108,,
12.278220000000033,2.8288467561508464,-25.0645305555961,-97.4797393122217,-0.03551444682441417,0.11554859958139169,0.06025767645210569,-0.04112055658541376,-0.03248481545744028,-0.024334488137137702,,
12.287740000000042,2.953103979827837,-25.14125425860084,-97.72304795661309,-0.022077307281624915,0.10754285914461797,0.03782792875931471,-0.04117209423610066,-0.024972877649911636,-0.038176346217841,,
12.29725400000001,3.07730260387119,-25.229361867467876,-98.00770790687461,0.010385742469379398,0.09809318381315438,0.023060117038767113,-0.04225356869967073,-0.021204728385680535,-0.04642841050112559,,
12.306754000000012,3.183880292013895,-25.36337638903569,-98.2917948203795,0.008764683423123943,0.07795201327998687,0.013938339112435461,-0.04663152630601083,-0.015493471224906592,-0.04777162280261935,,
12.316275000000019,3.2549969973086674,-25.5325633441185,-98.52341464339362,0.006703232766944299,0.05884217978584709,0.012494522464076157,-0.0485628753526762,-0.008285924600423464,-0.04025974212902765,,
12.325781000000006,3.2919981622032264,-25.718339147850514,-98.6637826423277,0.006129500205863462,0.054074500635332534,0.014060496979444174,-0.04969584889414818,-0.00022170981349234583,-0.02490066322829907,,
12.335288000000048,3.2802401215332058,-25.927825041161228,-98.69154331395487,0.005611918721653051,0.05134060430058805,0.017805891117737237,-0.05235017759208964,0.009709308044386113,-0.0065856744924011916,,
12.344812000000047,3.2437383381308385,-26.13880875154325,-98.61528369837728,0.006018835675749581,0.05915784919784631,0.02806664149008603,-0.05341696044166645,0.01528024075474477,0.012060967485037969,,
12.354314000000045,3.205949388726913,-26.339076410593172,-98.47135150365301,0.007393547142157822,0.06418623674078922,0.010715423962912652,-0.05260303296557399,0.015474677430871229,0.025473163706873917,,
12.363831000000005,3.193221010543188,-26.53475370858394,-98.31025862541826,0.008099684524719356,0.06778985253070643,0.001647876069555451,-0.05356055377475649,0.0089287496781429,0.031118581173579296,,
12.373339000000044,3.2316097528254795,-26.727757788776966,-98.18893531049191,0.008033334331165902,0.07422197167485935,0.01439562514413767,-0.05586266004940134,-0.00271652031204281,0.02773717176933037,,
12.382849000000022,3.309228311912807,-26.917356356996727,-98.1471329343049,-0.026312534935019616,0.07606527567432818,0.0333420932424928,-0.055885273169242064,-0.013997842557787096,0.01538010134037299,,
12.39235500000001,3.414036362106108,-27.11884092527849,-98.2045987305363,-0.05110093964152712,0.06356403112673692,0.04409447236180365,-0.05610841052331825,-0.02362723239146089,-0.0019642903664034883,,
12.401868000000036,3.5467446147199344,-27.39130733462052,-98.35620592151813,-0.07963879612687289,0.009387577453890147,-0.004411273587372191,-0.062134236884836394,-0.03298613871189837,-0.01814886522003834,,
12.41137900000001,3.7385871629717604,-27.72812103560795,-98.58562085431996,-0.09278879379746098,0.03291813954115148,0.03557025243150265,-0.08072436630715893,-0.04339831541762336,-0.02810950693865099,,
12.420892000000038,3.971819062806926,-28.15009223676455,-98.86043606078252,-0.1044730821898021,0.04571355556507487,0.05434055531939137,-0.09795822535078004,-0.0500462563810411,-0.03306997340872696,,
12.430339000000004,4.360125163838823,-28.590711421504476,-99.2085582368359,-0.11496521159557888,0.07957676539501557,0.11037186426529465,-0.09788855225518545,-0.05370977343620276,-0.03275518101091552,,
12.43985600000002,4.741844463129681,-29.013340812863643,-99.54099688251497,-0.10492209672418261,0.11094473282411506,0.09542887017319135,-0.09441711211894574,-0.05229770517384027,-0.02973535937428245,,
12.458941000000038,5.265207673284991,-29.655828433057543,-100.0416669971671,-0.08229647993401552,0.04733987633246289,0.056668240576737756,-0.07001078170864844,-0.03990245914836461,-0.022054285870183658,,
12.468443000000036,5.478926349266701,-29.916603842321727,-100.2313513473484,-0.05483587370874563,0.033221330783855946,0.0398896276891247,-0.06601773795397334,-0.038929134047195516,-0.016700796701073054,,
12.477944000000036,5.7244075077593815,-30.238372619339312,-100.42563774101444,-0.03665764704392723,0.019672549406914996,0.021811616046579278,-0.07148239020275433,-0.03888034356955139,-0.014242959834896514,,
12.487464000000045,6.024267710979093,-30.54988807490066,-100.6373919491697,-0.0003582932119321679,0.018798636595979818,0.031190901576155967,-0.07244754171587521,-0.04366156290795977,-0.012008875033323013,,
12.496966000000043,6.371729296394932,-30.845042031243214,-100.87806996753568,0.0,0.0,0.0,-0.07371133562572213,-0.04853387540291258,-0.012675726415448637,,
12.50647600000002,6.756761835607093,-31.13120113899821,-101.15251550187241,0.004207515092773491,0.04278341277736091,0.015049047936840735,-0.07826718652608625,-0.05314735952291354,-0.015275436746748881,,
12.515991000000042,7.143084567104627,-31.384741883074266,-101.44404744305355,0.006764060391917257,0.06027608419000314,0.012960504610578377,-0.07632205428882782,-0.05594214381279606,-0.01825543503482768,,
12.525499000000025,7.515843799736881,-31.601558435583048,-101.7285766694949,-0.02321888192625515,0.06028482437845945,-0.03883138836744455,-0.0712355872781511,-0.05898492008352986,-0.017994127268306803,,
12.535021000000029,7.915580830015424,-31.79441224468043,-102.0073066534272,-0.019462264610937294,0.08785941351663697,0.004887005574183087,-0.0711930234343057,-0.062986903510684,-0.013785536469457344,,
12.544537000000048,8.259725622049066,-31.969578614181717,-102.25624781062707,-0.027917759493339588,0.08873904647189364,0.02467818384499544,-0.06580087162197722,-0.05586551148216366,-0.01347481725402525,,
12.554047000000025,8.54571934869962,-32.12694886437782,-102.46114216056894,-0.03517060480767978,0.07767700162093003,0.019743071181803636,-0.05807509546660446,-0.048312448804030565,-0.010650849042941916,,
12.563563000000045,8.797256846055479,-32.291270858462624,-102.63023492423144,-0.02990577360329343,0.06729040109560312,0.039739029694410205,-0.055748223288203155,-0.04083117504868638,-0.007019251222073122,,
12.57307000000003,8.985616146747153,-32.48795732598631,-102.76639516933314,-0.035499848762565185,0.03546073310248415,0.04199205019590646,-0.05420688623852778,-0.02973369960932852,-0.007052305409165931,,
12.582773000000032,9.143284437926761,-32.69666333407652,-102.88289492326174,-0.03062720729842161,0.028984349703344254,0.03337891120973323,-0.05286368458464637,-0.023248925029978842,-0.006314148527560733,,
12.592145000000016,9.277124158473255,-32.918383054786425,-102.99708001737935,-0.026827337313246262,0.023180596216610526,0.025569419712582975,-0.053329493392908045,-0.017824241509126055,-0.008334723787018569,,
12.601649000000009,9.394201077697764,-33.14884361359096,-103.1209056540577,-0.026132035737468272,0.003650085557735034,-0.0036400651717534206,-0.05358819842293016,-0.014512034883821504,-0.01200274972715127,,
12.611154999999997,9.50492162524527,-33.34721368302112,-103.26280837695272,-0.0009816674858135167,0.01527611556292404,0.022252553547956373,-0.05017713556851479,-0.012762355962787743,-0.016253555496626857,,
12.620672000000013,9.583485178053088,-33.51937270730619,-103.41347948187115,-0.02048733726399833,0.03535522780132682,-0.02532841399706056,-0.04559670558641485,-0.009512192367660254,-0.021493712362644305,,
12.630183000000045,9.653492008330753,-33.64935091971978,-103.56467501024562,-0.01645080724561076,0.06182488820402947,-0.0059268047732414,0.0,0.0,0.0,,
12.639655000000005,9.677902942121001,-33.735219621402464,-103.69059999915072,-0.022585095025775374,0.07231437153379856,-0.005362285460137212,0.0,0.0,0.0,,
12.649203,9.662825844230854,-33.79213832100739,-103.76772802028218,-0.033489568476686084,0.06835803213245062,-0.00870550802754502,0.0,0.0,0.0,,
12.658712000000037,9.638570395893804,-33.82835009085605,-103.78780057602631,-0.03869710485318055,0.06977575112517138,0.02380951416023642,0.0,0.0,0.0,,
12.668228999999997,9.606124760988562,-33.86260178074933,-103.75208205331815,-0.044906422177983234,0.053478792974176154,0.06150371001095711,0.0,0.0,0.0,,
12.677735000000041,9.570245089728214,-33.90098438468585,-103.68057995643396,-0.04343860677528983,0.06271979171625607,0.07539731829407081,0.0,0.0,0.0,,
12.687195000000031,9.552289569741607,-33.95910325030716,-103.60825769810648,-0.041715061910449276,0.06292086743311462,0.07623152876211653,0.0,0.0,0.0,,
12.696651000000031,9.636801970447411,-34.06704976038173,-103.60828515973762,-0.04379336776098756,0.04589421419028024,0.09857454819818516,0.0,0.0,0.0,,
12.70628400000004,9.70926348550936,-34.15491046233971,-103.63698504943117,-0.03779781702595437,0.06276617248419852,0.07677087431575039,0.0,0.0,0.0,,
12.725248000000022,10.05460497090908,-34.3345478395858,-103.9485088372921,-0.04249069926477356,0.056039844240352264,0.06463041560300611,-0.04031708412627576,-0.03624259101522575,-0.016827904170606166,,
12.734809000000041,10.345596798943356,-34.426475346954184,-104.22218734790732,-0.04480453360355223,0.0672783439950434,0.07909120992290401,-0.046714047805858826,-0.05064120760994004,-0.021909894988878905,,
12.744272000000024,10.685223155411645,-34.506823425127784,-104.5397092379769,-0.050122050295499605,0.09078272985721662,0.06466528772313616,-0.048424474383236216,-0.060726178329523345,-0.025109436658944047,,
12.753780000000006,11.057647648204856,-34.5909721907155,-104.86655784731978,-0.06978072875522347,0.06821658252328366,0.06964627093633746,-0.04982636976521425,-0.0687733153043917,-0.023165566367573394,,
12.763325000000009,11.463692213613777,-34.69875534502399,-105.17493804985993,-0.08109405111249728,0.06365653047278216,0.05807207756507902,-0.053078857085301516,-0.07565990200296434,-0.015528673959344355,,
12.77280300000001,11.896619462169728,-34.83693045863577,-105.45341215750271,-0.082842836948857,0.05695502655854957,0.0471599047642286,-0.057712583850991823,-0.07887467447655408,-0.00631645673123709,,
12.782357000000047,12.330181827746026,-35.001737475880354,-105.70181162549675,-0.08488287209841675,0.052537027990180625,0.039420891402572544,-0.06272193651715466,-0.07767791063620748,-2.828634649354801e-05,,
12.79186900000002,12.788630950966397,-35.199291524945224,-105.94530010265616,-0.08457060930786892,0.0413145571399383,0.023379170771663484,-0.07050439238066435,-0.07913274286820948,0.004051821648814704,,
12.801343000000031,13.28858556489065,-35.40028197959054,-106.21971503201432,-0.06608699429488915,0.07552976307471568,0.024461004491874442,-0.07765155174499055,-0.08165476905816779,0.002900177770180602,,
12.810890000000029,13.794702316916284,-35.58409098120359,-106.54346179775503,-0.05811887906199682,0.09463304129801257,0.016335687478012804,-0.07921320485941313,-0.0814397673826506,-0.006003859960317981,,
12.820407000000046,14.340340753873846,-35.74627009141514,-106.94493516214402,-0.040109783649173704,0.11644219996974187,0.014597346523503871,-0.08207624080448661,-0.08437040441718018,-0.016733372405117925,,
12.829911000000038,14.905520358018766,-35.876792514344125,-107.43141163405718,-0.017660805703288724,0.13891220525970677,0.03468470965021701,-0.08177075777576107,-0.08367935811194438,-0.03126411698966533,,
12.839427,15.427391463460134,-35.97276000232105,-107.97277008014169,0.011657640620086038,0.1341865325224186,0.04049211846294446,-0.07332040113441564,-0.07640849874506471,-0.0471577477533233,,
12.848938000000032,15.867459264125836,-36.046752767413174,-108.5255413961797,0.009863511546372642,0.11823837672641874,0.038895456622395345,-0.06247615973470676,-0.06565288831548398,-0.058922895931447256,,
12.858390000000043,16.25743535048398,-36.16369750434931,-109.04866043951608,-0.027382155849673333,0.05242157633686058,0.0089063148748587,-0.05404867941409848,-0.05817499341348963,-0.05872714484035892,,
12.877419000000032,17.006185355768224,-36.44119872088236,-109.89182793549571,0.002602630832009902,-0.020171256377244446,-0.02448926545323024,-0.04343562213237463,-0.04347833486560187,-0.03478839882471494,,
12.886973000000012,17.350877941305225,-36.67082844445784,-110.18425546273383,-0.004040683297768329,-0.05385827607469404,-0.020343503158415946,-0.05022085240836377,-0.03870719209628517,-0.017408417694903852,,
12.896486000000039,17.6835004048658,-36.88758906479063,-110.39398362603424,0.0023277804067610886,-0.017489701068152532,-0.020762976273424105,-0.05343522529164868,-0.03513048008844222,-0.002099886467189899,,
12.905988000000036,17.978625437037252,-37.076085168622434,-110.54670790352047,0.012125943954685784,0.0034301351188100754,-0.04484941072255587,-0.05311513083755577,-0.03082809361670635,0.004972376732547583,,
12.915466000000038,18.264643121378292,-37.19398162176346,-110.6865708135762,0.01990892404011719,0.05272480903424977,-0.04276903409950243,-0.05259215884153592,-0.031856941593302004,0.006551334292627937,,
12.92496600000004,18.499373406713325,-37.214928280630815,-110.83779438342484,0.023986221603981984,0.10376446656444238,-0.02573296034925924,-0.04126873145911683,-0.030579973974313272,-0.0018903326169007195,,
12.934484999999995,18.700014237700604,-37.12906183745082,-111.02235768561047,0.026144298028918243,0.13003662231470858,-0.016570103142044233,0.0,0.0,0.0,,
12.944038000000035,18.877383637006822,-36.985912409626586,-111.25306029259896,0.017315176219825274,0.12003882828329411,0.011238443459005716,0.0,0.0,0.0,,
12.953543000000025,19.03584374355918,-36.82436583645976,-111.5083847806945,0.00644334529449692,0.07216605571227146,0.022054250785415248,0.0,0.0,0.0,,
12.963060000000041,19.230889809445827,-36.67672535034944,-111.77230489255886,-0.004809093021006536,0.032124867407682195,0.03766316212471224,0.009265258051229538,-0.04326066859206518,-0.029477652776171807,,
12.972573000000011,19.44572954545106,-36.593469505611274,-112.02199325860455,-0.019988656739393734,-0.0022861640576856824,0.06948594682752485,0.00238170895543499,-0.04621570304664886,-0.024317293382701333,,
12.982075000000009,19.69631113208849,-36.588218578702204,-112.2355224464823,-0.056010854681352036,-0.029369113006670628,0.05751273702053318,-0.008044593137561408,-0.049477540410682495,-0.01282037434183089,,
12.991603999999995,19.97323136974337,-36.61961850011317,-112.39795623364984,-0.06190324390793032,-0.013480850527728346,0.05166860820991786,-0.019877732623996194,-0.0518616010864787,0.0005619260767116796,,
13.001097000000016,20.2441761420666,-36.70008868352705,-112.5170430843279,-0.07270878188169366,0.009095093035944865,0.030782076369950354,-0.03347325471526366,-0.04972141312337208,0.008571489026105415,,
13.01057000000003,20.49098401157894,-36.771611140411856,-112.60441680288879,-0.07519130984038168,0.05484685235921848,0.02908050066364083,-0.04103913876511437,-0.0470100313284827,0.0120704923298519,,
13.020087000000046,20.687948376654287,-36.80328749895851,-112.68491397464886,-0.06919806410569487,0.09645671296635802,-0.007807033272778777,-0.039523726378658454,-0.0421490994766227,0.007490392539675367,,
13.029600000000016,20.847342855113105,-36.78732471136705,-112.7904793710502,-0.06306773763115156,0.12877472860518746,-0.02209783364916279,-0.0360029131673364,-0.03904192250875787,-0.0020453475385833002,,
13.039146000000017,20.96240601741147,-36.718760482877116,-112.93298508698189,-0.05848831761850823,0.14830973964192104,-0.0024266127024192845,0.0,0.0,0.0,,
13.048618000000033,21.03813693462717,-36.61548412875701,-113.10894193597836,-0.051723739311708344,0.12861255787602835,-0.006753772870482903,0.0,0.0,0.0,,
13.05812000000003,21.100908670676226,-36.50512926036211,-113.30973159938536,-0.040454617257797774,0.09973247210568054,0.0071675777798935175,0.0,0.0,0.0,,
13.067672000000016,21.166509138744193,-36.440725693468174,-113.51950430450783,-0.03985084410464369,0.025893297344121973,0.010617114090469339,0.0,0.0,0.0,,
13.077185000000043,21.249333315213324,-36.419251473299106,-113.70882927307747,-0.023938847006816415,0.0045271835658118485,-0.007428277295938101,0.0,0.0,0.0,,
13.086707000000047,21.360231836616567,-36.46480359745,-113.86887623976901,-0.009591913462722786,-0.021677165934232016,0.017517898673427398,0.0,0.0,0.0,,
13.096174000000019,21.46973745388735,-36.54680328909453,-113.98428908925717,-0.009408991485364677,-0.021148545845469713,0.017157261955514865,0.0,0.0,0.0,,
13.115227000000004,21.601687171377613,-36.731108200142195,-114.09545117952554,0.010406490270907731,0.04911219230237038,-0.0033787405392705487,0.0,0.0,0.0,,
13.124700000000018,21.594122676722233,-36.76257119559105,-114.09674329630637,0.022074677546060677,0.088186680028396,-0.01687703559760374,0.0,0.0,0.0,,
13.134265000000028,21.547141334867426,-36.72919679999751,-114.07267963250995,0.03105606418520927,0.11723951073824884,-0.02781359816241408,0.0,0.0,0.0,,
13.143725000000018,21.458727984929027,-36.65686668136164,-114.027956221896,0.03220599912545642,0.12013850119900858,-0.029571626906094536,0.0,0.0,0.0,,
13.153276000000005,21.336287687069223,-36.56164576222817,-113.95924730650636,0.025959712821672604,0.11004249951424967,-0.01557880673146231,0.0,0.0,0.0,,
13.162787000000037,21.19403769203516,-36.47055817372242,-113.87034339460938,0.019643564768748113,0.07917213170866103,-0.01425242017716411,0.0,0.0,0.0,,
13.17224200000004,21.03991499853005,-36.418917490167324,-113.75978790146425,-0.015095976492585723,0.0336192402695617,-0.03129335572927168,0.0,0.0,0.0,,
13.181774000000019,20.875814797135764,-36.39630089776544,-113.62014523066603,-0.029864620437728213,0.021591113718013557,0.010603283369042949,0.0,0.0,0.0,,
13.191327000000001,20.690319986019205,-36.40135617203754,-113.44851300570025,-0.033915856466987505,0.0064794588731584704,-0.010242218259211506,0.0,0.0,0.0,,
13.200824000000011,20.490672434342997,-36.41931238133124,-113.25596466364006,-0.03943617667193469,0.03285864834507684,0.019813287563856835,0.0,0.0,0.0,,
13.210294000000033,20.286762717936018,-36.45128804114953,-113.05996839363232,-0.0435737471772926,0.04005749861305798,0.026791079214165715,0.0,0.0,0.0,,
13.219850000000008,20.0867906398799,-36.472478082339535,-112.87161898424363,-0.045777516107463695,0.04882699555156476,0.036790074042420316,0.0,0.0,0.0,,
13.229368000000022,19.89483950100125,-36.47536178808116,-112.70449349364851,-0.04878101077578053,0.05765283289082161,0.04647229488409374,0.0,0.0,0.0,,
13.238873000000012,19.707467157542663,-36.46178200573899,-112.56127349368138,-0.04538785764580672,0.08514647294411995,0.03315440416351241,0.0,0.0,0.0,,
13.248347000000024,19.524357409700695,-36.42459628818168,-112.43663422476747,-0.04920808081112167,0.08963731914117933,0.03673865470452973,0.0,0.0,0.0,,
13.257852000000014,19.342560681872275,-36.38047226819083,-112.32458064433693,-0.06213256228473236,0.06215415336049853,0.04600587530847443,0.0,0.0,0.0,,
13.267409000000043,19.168507975356345,-36.359564823782414,-112.21930735349662,-0.0642964231248246,0.048302890695301276,0.027713801693661718,0.0,0.0,0.0,,
13.276920000000018,19.01105567158117,-36.36345129431269,-112.10591810927515,-0.0662471717398528,0.041033899041590174,0.017774983181955483,0.0,0.0,0.0,,
13.286442000000022,18.879925227017395,-36.37964166385706,-111.98793391707939,-0.056452107492968445,0.045747180657369074,0.028889514955018503,0.0,0.0,0.0,,
13.295937000000038,18.742732673610643,-36.41237040988393,-111.86626391328534,-0.054285931326597904,0.04969264528844545,0.035112965982628204,0.0,0.0,0.0,,
13.305448000000013,18.613220752096165,-36.424650362972926,-111.7566807446301,-0.045497910989159306,0.05871718664453869,0.0510483894941726,0.0,0.0,0.0,,
13.324476000000004,18.391655363096433,-36.3844212363661,-111.65456554271316,0.0018998929828543743,0.08040930382114679,0.04866875515152931,0.0,0.0,0.0,,
13.33394800000002,18.3162194223443,-36.34369144665412,-111.66925805031664,0.0034100964640793475,0.07908047847768782,0.0426292727418028,0.0,0.0,0.0,,
13.343455000000006,18.257998610895765,-36.30161085915372,-111.70654580442599,0.0052587811629271515,0.06544732329843626,0.026567610022190827,0.0,0.0,0.0,,
13.353012000000035,18.217139696569987,-36.28130952831934,-111.74274857630405,-0.003872536217196488,0.03006818564317025,0.03609254302602081,0.0,0.0,0.0,,
13.362473000000023,18.183242354810595,-36.28337117910991,-111.752728292771,-0.002796073815920454,0.021889957290304164,0.0262829241122254,0.0,0.0,0.0,,
13.372021000000018,18.13472120288562,-36.30600013932678,-111.71869425943588,-0.026477398861871396,0.005023951298595403,-0.006982998249247695,0.0,0.0,0.0,,
13.381490000000042,18.070311840554933,-36.352288892235606,-111.64330654532672,-0.03133183999129508,0.005918757182912577,-0.008226541945155059,0.0,0.0,0.0,,
13.391046000000017,17.97779428308596,-36.40282476378079,-111.53308373621432,-0.03605852219619779,0.006769632279195798,-0.009409111638718248,0.0,0.0,0.0,,
13.400564000000031,17.852444430682215,-36.426464481619206,-111.40117036548197,-0.030383375898535885,0.07173365075964155,0.004802336545604068,0.0,0.0,0.0,,
13.410064000000034,17.70846034360101,-36.43806590235487,-111.27209131288357,-0.03155149682575459,0.08136587782925926,-0.0026317075292160634,0.0,0.0,0.0,,
13.41954000000004,17.554200894947975,-36.420944501637486,-111.15294049922335,-0.037742974538188916,0.09315772276298595,0.018464463319470787,0.0,0.0,0.0,,
13.429040000000043,17.39679120280057,-36.3820096405625,-111.05389085781228,-0.044070548197924136,0.08543433025467971,0.03225080331753918,0.0,0.0,0.0,,
13.438551000000018,17.240994168303594,-36.35012811871948,-110.98868985363336,-0.05277067406520172,0.06087074897067801,0.05154148008822853,0.0,0.0,0.0,,
13.448101000000008,17.088771979502887,-36.34136106078937,-110.95546437025529,-0.05001981482602528,0.06070133831993214,0.052736260556823684,0.0,0.0,0.0,,
13.457628999999997,16.950007001600735,-36.338667302251295,-110.94321120997682,-0.0512656232472748,0.032655614714471905,0.07092975451407108,0.0,0.0,0.0,,
13.467094000000031,16.829045918149063,-36.342809933166095,-110.9395484673264,-0.04462761308175929,0.03069810596071908,0.06251028333443723,0.0,0.0,0.0,,
13.47664100000003,16.738444835278244,-36.35535100740599,-110.93399085367986,-0.035121198913885356,0.05252181549567646,0.049597032044936484,0.0,0.0,0.0,,
13.486153000000002,16.682303165615835,-36.35493921233021,-110.91946338770612,-0.034052969757608215,0.05838752420456717,0.05757760140999906,0.0,0.0,0.0,,
13.495662000000038,16.65106112098554,-36.318973931891975,-110.90348297814161,-0.035489707019532225,0.06860949031847882,0.06996660545178804,0.0,0.0,0.0,,
13.505173000000013,16.647671986445975,-36.25968834819749,-110.90836177841675,-0.027056607681433458,0.09816278983503193,0.0580642778169435,0.0,0.0,0.0,,
13.514646000000027,16.676284938595053,-36.16104099264126,-110.94272404538142,-0.0203158258329459,0.12125686183905048,0.06368239018205797,0.0,0.0,0.0,,
13.524204999999995,16.751246550695235,-36.04774864650959,-111.01409928131206,-0.014318572471097175,0.10739053700156316,0.030696858409271447,0.0,0.0,0.0,,
13.533710000000042,16.86738477851702,-35.94979280654802,-111.1086221785961,-0.022523604439602943,0.08731919307766371,0.023641353736423912,0.0,0.0,0.0,,
13.543228,17.007250220196077,-35.889324657576914,-111.20249337259673,-0.04641316695027554,0.04629413117244355,0.036449054944102714,0.0,0.0,0.0,,
13.552729999999997,17.150996681311355,-35.85881842962508,-111.28280677014959,-0.05597020161315111,0.04698201754695682,0.03246093199779496,0.0,0.0,0.0,,
13.562238000000036,17.291994931568933,-35.893062904014634,-111.36277885109655,-0.06925935058409191,0.022651659497789755,0.03915974853104602,0.0,0.0,0.0,,
13.571708999999998,17.425605772096493,-35.97482453399723,-111.44841685541083,-0.0628911944917857,0.05163880251929907,0.03453181697369745,0.0,0.0,0.0,,
13.58122400000002,17.55306145793508,-36.0616987131683,-111.53816317643667,-0.05988006508179765,0.05305324443707284,0.03758019339973192,0.0,0.0,0.0,,
13.590724000000023,17.688901484842113,-36.135094392801264,-111.64296768541568,-0.042532133748052994,0.08110552353166749,0.01837876475778664,0.0,0.0,0.0,,
13.600235999999995,17.84044211882449,-36.20438602653078,-111.76071487215772,-0.042650728871499906,0.09423017502690917,0.013191498995931875,-0.04256214291014446,-0.026948868540663005,-0.005673143418461343,,
13.609745000000032,18.05583294281863,-36.21907711651343,-111.88706660698051,-0.024733715836569057,0.11488703023125081,0.03054054168357307,-0.04035047810324702,-0.036523869615443315,0.00015619429889292432,,
13.619314000000031,18.296522371695126,-36.19834877358294,-112.02000942031529,0.014418229300504829,0.10415031007563709,0.021633783230345812,-0.03434620736353866,-0.039347928133539094,0.0018178397830491359,,
13.628815000000031,18.54680447753666,-36.18800797979703,-112.16039789147638,0.011049926993416805,0.08380297646548932,0.019117460992046708,-0.03242937713160458,-0.04000406313408972,0.0014587439887392352,,
13.638322000000016,18.82952771222356,-36.179977207015014,-112.31688164022476,0.0023550485460552503,0.06553724844328128,0.03750492476521338,-0.029956188591709253,-0.04298433755338819,0.0020705710499969976,,
13.64779900000002,19.11142224777317,-36.19676071594289,-112.49387643565035,-0.003611992135361753,0.026003841853655972,0.030942209680698607,-0.027549432957795324,-0.042266906424129724,-0.002115847444982678,,
13.657312000000047,19.41013464003687,-36.258526079561776,-112.70058601570769,-0.003998526250038808,0.028149644615403733,0.03330235137349772,-0.033249445243793065,-0.043183134731848614,-0.006030792638387971,,
13.666866000000027,19.705500393389077,-36.35492828605464,-112.92734442369206,-0.014758300975052758,0.001858847921417753,0.05260461731955828,-0.03704366924930661,-0.04147452587247531,-0.010368538913200056,,
13.67637000000002,19.98355384341323,-36.46647042112848,-113.15923382255747,0.0,0.0,0.0,-0.03835595954758852,-0.03812160662620734,-0.013364523136273685,,
13.685879,20.24116944442454,-36.58411457760042,-113.38416868934716,0.0,0.0,0.0,-0.04150666250012558,-0.033948552345835464,-0.014326541838141593,,
13.69538300000005,20.44893901438133,-36.68843993328322,-113.57783378172326,-0.029732476624112048,0.005789537874394829,-0.00884034200911001,0.0,0.0,0.0,,
13.70485500000001,20.612103660885488,-36.75070685108737,-113.72946458133462,-0.01982780569837168,0.03897154070408913,-0.03656566714600389,0.0,0.0,0.0,,
13.714409000000046,20.715190101990988,-36.76893276855346,-113.83929951560295,-0.017526799939456515,0.07030356043079458,-0.026415798901809475,0.0,0.0,0.0,,
13.723882000000003,20.758545631580898,-36.7624326561495,-113.91330491078523,-0.02107510491079507,0.07431102621591185,-0.023360067869624707,0.0,0.0,0.0,,
13.733438000000035,20.764777964173952,-36.71362920469065,-113.95896104432174,-0.01821039405175527,0.08254093917415802,-0.011826541996147308,0.0,0.0,0.0,,
13.742909999999995,20.743771967555883,-36.655842457385816,-113.99381848711343,-0.01845650671032214,0.07575322272898566,-0.0038051845390582087,0.0,0.0,0.0,,
13.752463000000034,20.706084490503432,-36.605488966959115,-114.02644301386479,-0.022867856981834318,0.0701198347458661,0.017916965015215596,0.0,0.0,0.0,,
13.761971000000017,20.669582217015144,-36.56283070470883,-114.0621966496911,-0.006203147327580124,0.04260397827931285,0.049042235708232323,0.0,0.0,0.0,,
13.771484000000044,20.64745638382283,-36.54448712566705,-114.10668207733134,-0.005228449576146693,0.03619133310137214,0.041690499450904264,0.0,0.0,0.0,,
13.780943000000036,20.646936830134926,-36.553884615459175,-114.15703666666377,-0.005453055447970504,0.038012278221914685,0.04376998860341079,0.0,0.0,0.0,,
13.790455000000009,20.659056777172086,-36.575036655566585,-114.20005912178809,-0.005954778191874424,0.04171330973526983,0.047987892593854206,0.0,0.0,0.0,,
13.800012000000038,20.68195003858404,-36.59821327273691,-114.22954075820917,-0.006458260874755117,0.045309545817087384,0.05206954809567961,0.0,0.0,0.0,,
13.809518000000025,20.71308649054333,-36.626473033918934,-114.24886696217584,-0.007031481552562687,0.049293838565433575,0.05657492140673699,0.0,0.0,0.0,,
13.819020000000023,20.745118606940757,-36.64902823117206,-114.2598905438867,-0.03308760108936003,0.05425032175492731,0.04820553051135338,0.0,0.0,0.0,,
13.828547000000015,20.786521128185903,-36.67010858011252,-114.27467433293785,-0.027549050959359275,0.07004952210143905,0.02847090113922987,0.0,0.0,0.0,,
13.838009,20.836364002053823,-36.693853191809595,-114.30069024441669,-0.03941189741488425,0.049623467643582636,0.038925597544680064,0.0,0.0,0.0,,
13.847574000000009,20.892337747865625,-36.70635516224878,-114.33828352622118,-0.04061670167643694,0.0489000997155183,0.0373082745726365,0.0,0.0,0.0,,
13.85704000000004,20.949660773662856,-36.71259341337352,-114.38572280587681,-0.043667449572575186,0.04230646765510164,0.027494077233518228,0.0,0.0,0.0,,
13.87605400000001,21.044293449379946,-36.710710004707494,-114.49491559215504,-0.04632366018855292,0.046770350474115784,0.03132032643436799,0.0,0.0,0.0,,
13.885613000000035,21.07455453467823,-36.7084318724481,-114.54942131266273,-0.045270229021816995,0.04325412320580331,0.02754176757613389,0.0,0.0,0.0,,
13.895123000000012,21.102659002939827,-36.713415905521536,-114.60490094658539,-0.04048389890869492,0.038855739522225145,0.024769767764758695,0.0,0.0,0.0,,
13.904627000000005,21.12734205773762,-36.72598606293881,-114.65895814014931,-0.03550237111852882,0.036626396292863295,0.024761556572536154,0.0,0.0,0.0,,
13.914100000000019,21.14485241085428,-36.737592848920514,-114.70690182244384,-0.03213516522890011,0.04154224040661741,0.03256657145056204,0.0,0.0,0.0,,
13.923649000000012,21.15749929119112,-36.74142223083134,-114.75005232922669,-0.029363611962615374,0.04619968659913525,0.0397353468138627,0.0,0.0,0.0,,
13.93312000000003,21.18140061149461,-36.745398451907576,-114.79439239636304,-0.005514446654961002,0.03856667205208489,0.04379658556909297,0.0,0.0,0.0,,
13.942633999999998,21.21568069357235,-36.741240968213326,-114.84199944204114,-0.006195047094545263,0.04331934638434447,0.049174121191375465,0.0,0.0,0.0,,
13.952140000000043,21.26776309926976,-36.74346411080502,-114.90084283016904,-0.0057036470539431425,0.03983228741011156,0.04517785170104226,0.0,0.0,0.0,,
13.961702000000002,21.333642677639986,-36.74652111893843,-114.96584835582948,-0.03364122687019848,0.04935706800182565,0.0409111015993057,0.0,0.0,0.0,,
13.971171000000027,21.409306810361468,-36.75477754902793,-115.03713269843578,-0.039262654742474916,0.04540874892623128,0.032838162036790824,0.0,0.0,0.0,,
13.980682999999999,21.48567090026599,-36.76019366012071,-115.11173505920972,-0.04296670482467294,0.04806658969698101,0.03385352199718554,0.0,0.0,0.0,,
13.990237000000036,21.553603513426292,-36.77249761472861,-115.19033722086868,-0.046814832354181955,0.046571008930647396,0.02972702645553289,0.0,0.0,0.0,,
13.99973,21.604841386686655,-36.780893555987376,-115.26335452090602,-0.04003725829930531,0.06751749212366928,0.011814193649428035,0.0,0.0,0.0,,
14.009249000000011,21.640594717309764,-36.782022450720966,-115.32350622737816,-0.039005956162288836,0.06608956465457198,0.0036313532953199832,0.0,0.0,0.0,,
14.018702000000019,21.65711208195216,-36.7731484824934,-115.36995284952592,-0.03493476529927852,0.07057528673263613,0.005420644309633237,0.0,0.0,0.0,,
14.028232000000003,21.653840196291082,-36.76028962657468,-115.40512175071542,-0.03243664549539055,0.06983950463352212,0.006227783187937352,0.0,0.0,0.0,,
14.037779999999998,21.64138826479765,-36.74034621292626,-115.43377982935262,-0.025570812750599515,0.07046816765532182,0.010161480680195446,0.0,0.0,0.0,,
14.047256000000004,21.62391216383069,-36.71818562077331,-115.45708587797856,-0.021830922505465488,0.06545923780118842,0.010441355372056649,0.0,0.0,0.0,,
14.056799000000012,21.60882634346316,-36.69459554265181,-115.47898981443913,0.005502144729235758,0.056278988209564305,0.020961333671507983,0.0,0.0,0.0,,
14.066309000000047,21.595406348207035,-36.674629584322524,-115.49892003304053,-0.004909837570903131,0.034780508014522205,0.03931711453819949,0.0,0.0,0.0,,
14.075838000000033,21.58593504680989,-36.65215091148849,-115.5183462714014,-0.006004851367861815,0.04263561959304377,0.04823348884883409,0.0,0.0,0.0,,
14.085302000000013,21.58402030349925,-36.639409329431395,-115.53978420283194,-0.006227876728607409,0.044309453463076305,0.05014530607494002,0.0,0.0,0.0,,
14.09481100000005,21.592657575273147,-36.63328469157481,-115.56274723741771,-0.006694899260720046,0.047677709440339104,0.053958601564797024,0.0,0.0,0.0,,
14.104366000000027,21.618084252938754,-36.635750988892156,-115.59045240499546,-0.006466483339564068,0.04602195391693046,0.05206095808602917,0.0,0.0,0.0,,
14.113832000000002,21.657369667342895,-36.64772498355677,-115.62383847109848,-0.02975104312423724,0.04882187818725315,0.04187626614887962,0.0,0.0,0.0,,
14.123388000000034,21.71108496160121,-36.667350375348065,-115.66634060529513,-0.03193858376527904,0.0461916050361169,0.037341496457761754,0.0,0.0,0.0,,
14.132843000000037,21.76901885709156,-36.686534978111396,-115.71326890300108,-0.03542872282954675,0.044635820680711986,0.03334773725244869,0.0,0.0,0.0,,
14.142402000000004,21.82924525283758,-36.705885532168345,-115.76565871808639,-0.03900692711128452,0.04045083996200996,0.026119729548447452,0.0,0.0,0.0,,
14.151857000000007,21.88126731558033,-36.72535655071222,-115.8200102773057,-0.0436325851798269,0.04131886991230996,0.024381090428211998,0.0,0.0,0.0,,
14.161365000000046,21.921731971783817,-36.74314237113652,-115.87551219537899,-0.046057264276886466,0.04009931046367654,0.02140374311844937,0.0,0.0,0.0,,
14.170875000000024,21.948069270715617,-36.7575126768659,-115.93024048116065,-0.04612163120921046,0.038925743196215855,0.019866490912513704,0.0,0.0,0.0,,
14.18038800000005,21.957666608795744,-36.765955444599065,-115.98262598664385,-0.04245840372063405,0.04232733043133397,0.026029190204084892,0.0,0.0,0.0,,
14.189910999999995,21.951385213766553,-36.768050063980155,-116.03078732517838,-0.03844159507366149,0.04445730645720412,0.030883866341153133,0.0,0.0,0.0,,
14.199407000000008,21.937521741082776,-36.7626911245654,-116.07373617260247,-0.03130058128567924,0.04518204811361402,0.03590826869993701,0.0,0.0,0.0,,
14.208929000000012,21.925321502119367,-36.756557092352104,-116.11393244361668,-0.005399429565925462,0.03935598218617383,0.04413086386938145,0.0,0.0,0.0,,
14.218433000000005,21.926423717060953,-36.75613566879937,-116.15543013704087,-0.004555461184697244,0.03337636260085654,0.037422022210342784,0.0,0.0,0.0,,
14.227950000000021,21.941641898152028,-36.756862156337995,-116.1975227057468,-0.0045289826462992806,0.033278590736536426,0.03730072645408839,0.0,0.0,0.0,,
14.237451000000021,21.96979860256957,-36.76481358558672,-116.23961470705483,-0.004215457415343632,0.031012916030784692,0.03473702809037174,0.0,0.0,0.0,,
14.246960000000001,22.011874078111266,-36.77709659465888,-116.27970295917983,-0.0042751067862612105,0.031416940311376804,0.035154440869321714,0.0,0.0,0.0,,
14.256477000000018,22.06060660659146,-36.795525894107634,-116.31921882533118,-0.028348419173786967,0.03398848512167817,0.023926333926835963,0.0,0.0,0.0,,
14.265998000000025,22.10399022114107,-36.81631131195611,-116.35785108628164,-0.035567415591349995,0.038581269949129846,0.02508781292344008,0.0,0.0,0.0,,
14.27550100000002,22.127983255754742,-36.83430937597832,-116.39542125301857,-0.032820362094433085,0.06467343030593123,0.009668301655228534,0.0,0.0,0.0,,
14.28500600000001,22.12353730661687,-36.84155846935429,-116.42909827246818,-0.03285456955344782,0.07689616007576607,0.008978571750001779,0.0,0.0,0.0,,
14.294530000000009,22.09171074545219,-36.83773853609256,-116.45690598459421,-0.03007703831683658,0.08222503683845175,0.008911438904967062,0.0,0.0,0.0,,
14.30403700000005,22.032209413643155,-36.82006201991006,-116.47202659501384,-0.0282075267208117,0.0867798247286569,0.013032728456744675,0.0,0.0,0.0,,
14.313548000000026,21.95948677212409,-36.7994413526088,-116.47675928216219,-0.02438223629710016,0.0791416691329577,0.020933488916936364,0.0,0.0,0.0,,
14.323052000000018,21.887150994881164,-36.783192370222096,-116.47328002332534,-0.021790723071313984,0.06932983144906889,0.02540216018690318,0.0,0.0,0.0,,
14.33257100000003,21.829560909087082,-36.78366209489105,-116.46707774739211,-0.005512845122001954,0.04295203984037445,0.048141821571291515,0.0,0.0,0.0,,
14.342079000000012,21.796441622634873,-36.80497492624681,-116.46394790760809,-0.004774227819467795,0.03747897519760221,0.041997962042580175,0.0,0.0,0.0,,
14.351579000000015,21.79707016400697,-36.846772920272024,-116.47328318143236,-0.004501977162753079,0.03551113995889084,0.03974091349320938,0.0,0.0,0.0,,
14.361090000000047,21.824348911844197,-36.903566877333354,-116.50292150921281,-0.02855574393574242,0.04202260224311308,0.03311104736400545,0.0,0.0,0.0,,
14.370601000000022,21.868215437523858,-36.963110913817275,-116.55886627871216,-0.03454296323743955,0.04887412538035337,0.03756845680478017,0.0,0.0,0.0,,
14.380124000000023,21.91888293103214,-37.0147926777334,-116.63805742420587,-0.041921169134231634,0.053841295432054195,0.038902544725748035,0.0,0.0,0.0,,
14.389627000000019,21.97177824451547,-37.04995985743998,-116.73013476011462,-0.0396797037174731,0.07289208319249026,0.02017780677324193,0.0,0.0,0.0,,
14.399151000000018,22.014347175976617,-37.06150702980792,-116.82162651188445,-0.042859449303830593,0.08257609939882675,0.0135050889718032,0.0,0.0,0.0,,
14.408652000000018,22.039568405390025,-37.05519084925455,-116.90530753959334,-0.04556792355793356,0.08549830137641089,0.013316523827156628,0.0,0.0,0.0,,
14.418158000000005,22.042433282083948,-37.03733693069559,-116.97671274708105,-0.04786636795012925,0.08648037376440466,0.021906097081387934,0.0,0.0,0.0,,
14.42766800000004,22.0372053019983,-37.01940220297976,-117.04167501147674,-0.051243896282547455,0.05840017032148589,0.03808348350541328,0.0,0.0,0.0,,
14.437185,22.030765303419287,-37.00378588022196,-117.10581930963102,-0.040905738955104,0.05366401772664156,0.03865390738045356,0.0,0.0,0.0,,
14.446695000000034,22.032064364066088,-36.995229096604064,-117.17619152963637,-0.029542154105459136,0.04889055612600894,0.03981904663028096,0.0,0.0,0.0,,
14.456201000000021,22.053445625058334,-36.99171264178103,-117.25866670210488,-0.004807476606536965,0.04096795723709877,0.04542051489587565,0.0,0.0,0.0,,
14.46572100000003,22.10553783563322,-36.99721329584459,-117.35680787055834,-0.004012939655654991,0.03436402013592426,0.03805918509982482,0.0,0.0,0.0,,
14.475227000000018,22.18594738898984,-37.00431467769885,-117.46598511439157,-0.00397437051842501,0.034068231048622416,0.037675742455321765,0.0,0.0,0.0,,
14.484736999999996,22.291396313107775,-37.01242485408976,-117.58285229140316,0.006102159454935611,0.05034180595581393,0.018916173754370404,0.0,0.0,0.0,,
14.49424700000003,22.408101125039707,-37.01605233169184,-117.6979875775351,0.009059360285253554,0.05849862493827472,0.01599601653362434,0.0,0.0,0.0,,
14.503760999999997,22.521528840610824,-37.0170467452711,-117.80199591222924,0.011269035796545512,0.06257156649785332,0.012343489948806761,0.0,0.0,0.0,,
14.513274000000024,22.609605313979877,-37.0112751762289,-117.88064121797946,0.012241909429053245,0.07014242615155089,0.015039872561845608,0.0,0.0,0.0,,
14.522780000000012,22.667134389037663,-37.0044942851226,-117.929144635857,-0.016628220142111617,0.07609049219118655,0.007456623535248299,0.0,0.0,0.0,,
14.532286,22.686496784201015,-36.99472797999631,-117.94195106391551,-0.022782059148847233,0.08227923635562605,0.02003009446346945,0.0,0.0,0.0,,
14.541802000000018,22.6802782422895,-37.002987104765374,-117.92903595047123,-0.027471648204019167,0.06871709402941234,0.019678374401617696,0.0,0.0,0.0,,
14.55131,22.669885287399246,-37.02829832247219,-117.90151471170499,-0.03323390735092646,0.04318442530641577,0.02997693738865794,0.0,0.0,0.0,,
14.560832000000005,22.663005136169854,-37.07138369678987,-117.8738448355553,-0.02849486603967391,0.03845857526213562,0.027364957810269645,0.0,0.0,0.0,,
14.570344000000034,22.67048900766934,-37.12899105600607,-117.8602288505576,-0.003226816754205291,0.026967548003964947,0.02949954227777898,0.0,0.0,0.0,,
14.579842000000042,22.6902364640103,-37.18919573961423,-117.86855125196982,-0.003355176787581819,0.02812149948217003,0.030697665923811818,0.0,0.0,0.0,,
14.589355000000012,22.716277737252287,-37.24172365595774,-117.89913082251164,0.007623805755172844,0.049809252796940144,0.013539513153455906,0.0,0.0,0.0,,
14.598866000000044,22.740223843191657,-37.27980472608331,-117.94434083608343,0.011520241421307758,0.06335910427593984,0.011795195763107962,0.0,0.0,0.0,,
14.608374000000026,22.755660333082076,-37.3140746996904,-117.98633320322887,0.013283803797142309,0.06091888510361001,0.004776190177886459,0.0,0.0,0.0,,
14.617885999999999,22.754653331556582,-37.340243915846955,-117.99979434170581,-0.015913306416570606,0.06462767745214329,0.0005241995812046507,0.0,0.0,0.0,,
14.62738900000005,22.733274431171406,-37.373211912074524,-117.97587013289622,-0.026222552549526285,0.052858450232968764,0.0035431557462011157,0.0,0.0,0.0,,
14.63690600000001,22.68669162993774,-37.41694915057835,-117.91493454609281,-0.03985981997159733,0.04001587975791937,0.021827996821654767,0.0,0.0,0.0,,
14.64642200000003,22.62147110392794,-37.47630545943814,-117.83241916168815,-0.04061391155524512,0.03969067575005246,0.021048199559664027,0.0,0.0,0.0,,
14.655929000000015,22.5392591106525,-37.53706489133643,-117.74186871803104,-0.0400415854813632,0.043009159198306356,0.02528322711779508,0.0,0.0,0.0,,
14.665444000000036,22.454624241515905,-37.59779659611542,-117.66561742016009,-0.03670989798832011,0.04182233490792978,0.025967520131026246,0.0,0.0,0.0,,
14.674963000000048,22.372981137579128,-37.64801884642584,-117.61334399187572,-0.0342344551582355,0.043855875134476884,0.029804985390446372,0.0,0.0,0.0,,
14.684468000000038,22.297854797929297,-37.68009259767489,-117.58639551563485,-0.02178453402410854,0.06683202166736349,0.01709854367434735,0.0,0.0,0.0,,
14.693982000000005,22.23443020068021,-37.699276021346634,-117.58196576475248,-0.01993886060997054,0.06877557915993289,0.015990980075119964,0.0,0.0,0.0,,
14.70348800000005,22.179766049508945,-37.70848231251779,-117.58836908750477,-0.02034713666016346,0.0698403727543096,0.020729632287397853,0.0,0.0,0.0,,
14.713006000000007,22.127478894947057,-37.71559296941451,-117.59190138707936,-0.03245722435709127,0.04988652102776611,0.037732817899373404,0.0,0.0,0.0,,
14.72251,22.07633195966274,-37.72723887940041,-117.58318584294018,-0.03195844759341372,0.04952381970704904,0.03761016141611109,0.0,0.0,0.0,,
14.732017000000042,22.02305139200917,-37.75136536690447,-117.55642086420305,-0.0310089597467761,0.04751169597862694,0.035871877703826646,0.0,0.0,0.0,,
14.741531000000009,21.967984074132026,-37.78425157483592,-117.51190104281328,-0.028885510579613433,0.047352133159401136,0.036961676336002024,0.0,0.0,0.0,,
14.751048000000026,21.90957543310555,-37.82699188659357,-117.45322941105786,-0.028742865799566683,0.0456310050497118,0.03508502705672429,0.0,0.0,0.0,,
14.760553000000016,21.852856689716965,-37.87455609972094,-117.39085056305326,-0.02735207953859934,0.0446126301775768,0.03475019630471484,0.0,0.0,0.0,,
14.770060999999998,21.799218384779294,-37.924594927925526,-117.3339144264244,0.005577617396489393,0.055335528700246495,0.02453424075109026,0.0,0.0,0.0,,
14.779570000000035,21.75089736172049,-37.97151699763292,-117.28624036380357,0.008809461979263354,0.05744013421312011,0.015835776963941894,0.0,0.0,0.0,,
14.78907700000002,21.698677453899528,-38.01383964642965,-117.24246839097025,-0.015344998086628883,0.06756361973341518,0.009448718007123637,0.0,0.0,0.0,,
14.798584000000005,21.633338690547845,-38.04906403675279,-117.1939607038796,-0.020433330140875835,0.07222480373258659,0.013372394172752605,0.0,0.0,0.0,,
14.808105000000012,21.562300646729266,-38.08789628368302,-117.13536165718882,-0.025850818875507227,0.06384520184711137,0.01370209628331591,0.0,0.0,0.0,,
14.817623000000026,21.479363827488324,-38.13275584730233,-117.05894400312356,-0.03808222560101179,0.04637328317865883,0.030538375484666497,0.0,0.0,0.0,,
14.827131000000008,21.386468137775072,-38.193066893941435,-116.96337970307457,-0.040542358892528614,0.04396478366244688,0.026442359177237605,0.0,0.0,0.0,,
14.836628000000019,21.288385997428055,-38.260479147990104,-116.85356808787967,-0.039531856646299865,0.04804162810076258,0.03170549037076252,0.0,0.0,0.0,,
14.846142000000043,21.186550593492157,-38.336328211633884,-116.7389925347247,-0.03948330295326175,0.046567198580346844,0.03012580133983577,0.0,0.0,0.0,,
14.855653000000018,21.090329094873162,-38.40695583768164,-116.63297507575244,-0.03713299070329606,0.05070675762952459,0.03617720054178764,0.0,0.0,0.0,,
14.865178000000014,21.000759142374058,-38.46635675447951,-116.543941842943,-0.03670907401828555,0.05282489431515301,0.038833091237209044,0.0,0.0,0.0,,
14.874685999999997,20.933995765878535,-38.511627298967824,-116.4836623623074,-0.03302598967088657,0.04995143053150301,0.03767672909565865,0.0,0.0,0.0,,
14.893692000000044,20.84725603765463,-38.55884731829498,-116.43193510674125,-0.024840733722603515,0.0663127256453404,0.019897217738774824,0.0,0.0,0.0,,
14.903210000000001,20.821038346172287,-38.57090566092704,-116.42297140424326,-0.03429643752737378,0.04706296669616244,0.03371303115133705,0.0,0.0,0.0,,
14.912731000000008,20.7961248999746,-38.586418059329624,-116.41015461805232,-0.03576883745543564,0.04499915251891563,0.03057139608479505,0.0,0.0,0.0,,
14.922226000000023,20.763981522991337,-38.607460086377785,-116.38207953014975,-0.03819946584148945,0.04479085840714317,0.02899401784856167,0.0,0.0,0.0,,
14.931750000000022,20.72388816009861,-38.63474862007783,-116.33606740011359,-0.03780906661893775,0.044260827765137484,0.028642468553619467,0.0,0.0,0.0,,
14.941258000000005,20.67543176395294,-38.66760299623035,-116.27512841087666,-0.037328615326647545,0.04664548499719315,0.03161781374075913,0.0,0.0,0.0,,
14.950773000000027,20.62483967917636,-38.704498016785855,-116.20744131453134,-0.03567119912084636,0.04617529238956288,0.032042882024262594,0.0,0.0,0.0,,
14.960280000000012,20.578384859862926,-38.74390790805431,-116.1433508164956,-0.03449020494234341,0.04291840560419692,0.029075648026920014,0.0,0.0,0.0,,
14.969784000000004,20.543167419579103,-38.779445578669566,-116.09392625582039,-0.03190760648343949,0.04261474387094984,0.03016669668512079,0.0,0.0,0.0,,
14.979296000000033,20.51485968764071,-38.81324394770707,-116.0620433274478,-0.03424639633509642,0.04117478093705819,0.027277587572865625,0.0,0.0,0.0,,
14.988816000000043,20.491395701616447,-38.83221300177261,-116.0477926267239,-0.034588751624391685,0.04686153929875988,0.03343461622412258,0.0,0.0,0.0,,
14.998324000000025,20.466205395611215,-38.845296928798206,-116.04484965496295,-0.037879469333572294,0.04763819015688839,0.03249459690625465,0.0,0.0,0.0,,
15.007830000000013,20.440802039603437,-38.85119668841309,-116.04723943176812,-0.037835043547545015,0.04858305892454934,0.033563011229818716,0.0,0.0,0.0,,
15.017346000000032,20.41317925210346,-38.85665012965232,-116.04597056337977,-0.037427916055054536,0.04535313053797763,0.030177943383768148,0.0,0.0,0.0,,
15.026854000000014,20.37803263301674,-38.86215432518247,-116.03201147792905,-0.03661052911839435,0.046403976736912815,0.031805164781995764,0.0,0.0,0.0,,
15.036373000000026,20.336587926784045,-38.87345101736839,-116.00321191843733,-0.036017430626005695,0.04295061580584479,0.028297899715451432,0.0,0.0,0.0,,
15.045864000000051,20.291897060448676,-38.88988885888192,-115.9634845576293,-0.03450062805993271,0.039795579230021604,0.02563184730376169,0.0,0.0,0.0,,
15.055385000000001,20.247062996233716,-38.90937557367358,-115.92016759633366,-0.03313416353230029,0.03865337738618536,0.02512666063688952,0.0,0.0,0.0,,
15.06489700000003,20.201567533456615,-38.92687203707887,-115.8801859617593,-0.03460426595005689,0.039288917801043655,0.025064780323752704,0.0,0.0,0.0,,
15.074410999999998,20.160177680710095,-38.942474020604884,-115.85123243123961,-0.03707864219120589,0.03771011793882079,0.021987762437282527,0.0,0.0,0.0,,
15.083928000000014,20.11770475217207,-38.93629369382378,-115.83367870797143,-0.038196235563451135,0.04987219038716003,0.03495746986165624,0.0,0.0,0.0,,
15.093429000000015,20.07848198101163,-38.932305167697834,-115.83397276236188,-0.03282847512436755,0.06139237905193274,0.00997061307692026,0.0,0.0,0.0,,
15.102940000000046,20.029180161346908,-38.899277086784885,-115.8377560839725,-0.03157858166128409,0.08360572723459087,0.028392711597406594,0.0,0.0,0.0,,
15.112449000000026,19.97897559693063,-38.86890173795739,-115.84598568014897,-0.03097004686456969,0.07225458593346884,0.02296572347772774,0.0,0.0,0.0,,
15.121969000000036,19.92511516240044,-38.836225157640264,-115.84579711716992,-0.03663929046356341,0.05721836972209925,0.044123215328680646,0.0,0.0,0.0,,
15.13146800000004,19.873940487696522,-38.81576001348935,-115.83491374517129,-0.03259613118983702,0.052883205241772924,0.04150910252400067,0.0,0.0,0.0,,
15.140985999999998,19.832265652327873,-38.814520242489074,-115.81626073737351,-0.02713356848365575,0.04675557111801722,0.037632280876948664,0.0,0.0,0.0,,
15.15048200000001,19.80406185994438,-38.82965395108211,-115.79399494726006,-0.0027792333498557354,0.039005357979511816,0.042130476410370474,0.0,0.0,0.0,,
15.160000000000025,19.79453925499492,-38.8562362843575,-115.77903262328,-0.0025947721562023544,0.036526145899258115,0.039425303540353,0.0,0.0,0.0,,
15.169508000000008,19.807637426413123,-38.88253249499752,-115.78103843144503,-0.0027074020485002535,0.038096091412689846,0.041079831711932094,0.0,0.0,0.0,,
15.179025000000024,19.843400215053343,-38.90051302430988,-115.80602842651474,-0.002699574748076562,0.03785710890723552,0.04078077165804247,0.0,0.0,0.0,,
15.18854200000004,19.890705296831335,-38.90182125376065,-115.85188014527783,-0.02042307372631765,0.06953885066537237,0.015156685105991361,0.0,0.0,0.0,,
15.198042000000044,19.944626314866476,-38.88583840749925,-115.9141881569641,-0.024503625994871568,0.07604169802023328,0.011947403522407184,0.0,0.0,0.0,,
15.207566000000043,19.991223963859323,-38.853519527200454,-115.98143092812012,-0.030197033226095855,0.07920025985263024,0.009146938162377891,0.0,0.0,0.0,,
15.217066000000045,20.017572730347577,-38.81172483640085,-116.03871669491122,-0.03747195444950548,0.07881236977176487,0.012631201109251224,0.0,0.0,0.0,,
15.226580000000013,20.019460646765218,-38.769614780108455,-116.07563219866856,-0.05128405331112417,0.0558827087861598,0.03443001118471897,0.0,0.0,0.0,,
15.236081000000013,19.995719842676294,-38.73287876943028,-116.08741812277327,-0.04906551021419213,0.05569072972614673,0.03545848548226199,0.0,0.0,0.0,,
15.245599000000027,19.954536128187975,-38.707244413995596,-116.07685350754183,-0.04302571828750224,0.05265632677391955,0.035418721494987294,0.0,0.0,0.0,,
15.255114000000049,19.909024838943083,-38.69129829035122,-116.05302953757541,-0.035842521873461965,0.04728441112972615,0.03338437873738554,0.0,0.0,0.0,,
15.264631000000008,19.876802235337895,-38.68053705763678,-116.02926068785953,-0.027697167390497497,0.042085704905853394,0.0320544738730907,0.0,0.0,0.0,,
15.274135000000001,19.866441742085506,-38.67272524684897,-116.01749551628095,-0.0022203625084949315,0.03158458232701645,0.03424648623682764,0.0,0.0,0.0,,
15.283649000000025,19.879045884990525,-38.66206231740859,-116.02399090997693,0.006746592660659047,0.04784522850524088,0.016111288513195172,0.0,0.0,0.0,,
15.293157000000008,19.91114462494058,-38.65006178255874,-116.051660768485,0.00818939238048603,0.04684551509527661,0.010187208943897677,0.0,0.0,0.0,,
15.302660000000003,19.945797440649557,-38.62864913397686,-116.09033424531738,0.008484973700625233,0.04927646221281674,0.011215235429458946,0.0,0.0,0.0,,
15.312174000000027,19.96780826467965,-38.60592414916217,-116.1291524136174,-0.019473178695611246,0.05390956324548839,0.006597482474833526,0.0,0.0,0.0,,
15.321690000000046,19.957794344980268,-38.57349566892931,-116.15409579564347,-0.03217358399881642,0.04526584327097848,0.033164122673663046,0.0,0.0,0.0,,
15.331195000000037,19.914915356230047,-38.54472836858659,-116.15929547124178,-0.0316760152411325,0.044497161301125535,0.03260208062015175,0.0,0.0,0.0,,
15.340718000000038,19.842901719922907,-38.515900047584324,-116.14211794310849,-0.027976552495414093,0.04481004000813346,0.035054761537124605,0.0,0.0,0.0,,
15.35022600000002,19.751064126857486,-38.493121042210646,-116.10661925136706,-0.0022449444682862145,0.033161463110902296,0.036203352479660104,0.0,0.0,0.0,,
15.369236,19.561326153341145,-38.44112943008122,-116.01274494862272,0.009511209197455735,0.051467115512167164,0.010366534739000286,0.0,0.0,0.0,,
15.378755000000012,19.486566858260076,-38.40645881287466,-115.97144768729956,0.011102033791346437,0.06085905657284308,0.012891025615375022,0.0,0.0,0.0,,
15.38826800000004,19.434254954154632,-38.37139066364784,-115.9422322865659,0.012541901851783124,0.05925297782139783,0.0064036553364933135,0.0,0.0,0.0,,
15.397780000000012,19.40271529640575,-38.33462989371583,-115.92364896003451,0.012748477128550229,0.06187059635903476,0.007994961623253279,0.0,0.0,0.0,,
15.416800000000023,19.33759457391077,-38.259061984720105,-115.88329318767573,-0.03247010769725942,0.08315239628874149,0.013751337857186659,0.0,0.0,0.0,,
15.42631300000005,19.273386553894778,-38.22502356119308,-115.84538448371498,-0.040861884672943376,0.08870560138502968,0.024588903581769808,0.0,0.0,0.0,,
15.435811999999999,19.1759877830862,-38.19889107759112,-115.78988460865611,-0.04411682700802086,0.08558301523571185,0.02900625684576751,0.0,0.0,0.0,,
15.445330000000013,19.048193182855375,-38.17824911923831,-115.71471093862772,-0.05033869105218698,0.06477577538710252,0.04644398612910747,0.0,0.0,0.0,,
15.454846000000032,18.902388831936,-38.170591517534014,-115.62682290653565,-0.041862984923746904,0.05514863716563409,0.040221268934576705,0.0,0.0,0.0,,
15.464350000000024,18.750992742838594,-38.17144979865288,-115.52981318271527,-0.03268015557295639,0.04235214309478134,0.03069829010883715,0.0,0.0,0.0,,
15.473855000000015,18.605863335663575,-38.17430248408126,-115.43127770539363,-0.0015176938770222557,0.02761662330592886,0.030894136780178133,0.0,0.0,0.0,,
15.483364000000051,18.474045305738112,-38.17315136583721,-115.33478563179222,0.007419075982656144,0.04305129644445084,0.011523241122543791,0.0,0.0,0.0,,
15.492877000000021,18.36023026347799,-38.16262829702577,-115.24436438421246,0.0076118723429427285,0.04354905335855691,0.011283612057709745,0.0,0.0,0.0,,
15.502395000000035,18.259755191935458,-38.14545280928155,-115.15971820062668,-0.001265900627791325,0.0245619699457758,0.027621582001652142,0.0,0.0,0.0,,
15.51190600000001,18.162590564883313,-38.11918462235822,-115.07743166776483,-0.02591905974049806,0.03566220685136012,0.027165205598377106,0.0,0.0,0.0,,
15.521420000000035,18.063402278111788,-38.092120008199416,-114.99675532131837,-0.0365623721130555,0.03950705182969993,0.02596889077853036,0.0,0.0,0.0,,
15.530924000000027,17.95530962733284,-38.0708720365234,-114.91769484621621,-0.04414484861139941,0.04853356725665783,0.03244925948145783,0.0,0.0,0.0,,
15.540440000000046,17.827288976875014,-38.04496986377235,-114.83583919956153,-0.051062088492036306,0.05379970043149676,0.034984255267598956,0.0,0.0,0.0,,
15.549948000000029,17.693895926492353,-38.007188791030984,-114.76270927475905,-0.04705820694983797,0.06524175268443402,0.0505854876859953,0.0,0.0,0.0,,
15.559451000000024,17.555354883890278,-37.975961510893505,-114.7119483142842,-0.040875855104160586,0.06727773740075456,0.05640214893525971,0.0,0.0,0.0,,
15.568961999999999,17.43410585818287,-37.93306762799649,-114.68900354421369,-0.029388312145319343,0.062411227835942946,0.05700601115827349,0.0,0.0,0.0,,
15.578489000000047,17.35128566165575,-37.8706497642192,-114.6990005961941,0.007095472183704791,0.07087362635243147,0.04155471801588096,0.0,0.0,0.0,,
15.587987999999996,17.31338382962847,-37.81080559187369,-114.73748357413662,0.008681425432589573,0.06261242882426545,0.027426805053487404,0.0,0.0,0.0,,
15.59750200000002,17.32057720335368,-37.740107387736685,-114.78572785644857,0.007224392161738091,0.05799503149188362,0.02889302842969633,0.0,0.0,0.0,,
15.60700300000002,17.357431074136358,-37.67351840205967,-114.82617895324229,-0.0011112211242619073,0.02815326208763312,0.03248713366707637,0.0,0.0,0.0,,
15.616512,17.41309062762348,-37.63110953246931,-114.84912294016529,-0.0011310000648965717,0.027690415772207762,0.03197468105991913,0.0,0.0,0.0,,
15.626043000000038,17.466553201019302,-37.61719217596894,-114.84807015566531,-0.026322460851968908,0.033214068503674254,0.02475821490999929,0.0,0.0,0.0,,
15.635548000000028,17.4964636677269,-37.62114519799009,-114.82155150879319,-0.037622455586061164,0.03815391747535513,0.024439838455744878,0.0,0.0,0.0,,
15.645066000000043,17.49295649740194,-37.63377261179287,-114.77433666118719,-0.04601504701017134,0.04390422171036983,0.02669255749119459,0.0,0.0,0.0,,
15.65456400000005,17.455788550761127,-37.645922067660415,-114.71453503540002,-0.041318603013727036,0.06625712866641817,0.012625897870409351,0.0,0.0,0.0,,
15.664070000000038,17.38185367964326,-37.64155653091523,-114.6477694277857,-0.037537722939814076,0.07925013487989893,0.008209638023689623,0.0,0.0,0.0,,
15.673591000000044,17.279534398624264,-37.62629725919998,-114.58498539003332,-0.032419520320254844,0.08254326637264622,-0.00027143617147893,0.0,0.0,0.0,,
15.68310600000001,17.15477190493677,-37.59624724912674,-114.526794492185,-0.028121827765126745,0.08327554391922388,0.0025082001330821017,0.0,0.0,0.0,,
15.692613000000051,17.02080708077374,-37.560324130996804,-114.47612350575848,-0.022935077463682747,0.07215078500431361,0.0018687716182410779,0.0,0.0,0.0,,
15.702121000000034,16.886427550159382,-37.52667950351052,-114.42866650604945,-0.02006446623100942,0.05791520212316219,0.005418647618572771,0.0,0.0,0.0,,
15.711627000000021,16.75708682718763,-37.506486735301245,-114.38153660524222,-0.0009167315003046774,0.027167205629735874,0.03174682784917456,0.0,0.0,0.0,,
15.72114700000003,16.634815385264435,-37.502530429293564,-114.32948143031408,-0.0008221845452434092,0.026008935469392296,0.03044107228414332,0.0,0.0,0.0,,
15.73064400000004,16.52283329028319,-37.51176166761789,-114.27254350284387,-0.000849989899347587,0.02861871592145451,0.03353001170350598,0.0,0.0,0.0,,
15.740161999999998,16.419260630170193,-37.532662351430545,-114.21327845125455,-0.0009284017036086229,0.03323450220171983,0.0389594387878449,0.0,0.0,0.0,,
15.74966900000004,16.322994533046657,-37.555046878104484,-114.15668332897025,-0.001045906941700521,0.03978003836500369,0.04665182945278511,0.0,0.0,0.0,,
15.75918200000001,16.23331233139386,-37.57298792050019,-114.10809893691736,-0.02651995865794812,0.05061113151677692,0.04596631832254276,0.0,0.0,0.0,,
15.768695000000037,16.145551520561124,-37.58246227398475,-114.07116789598592,-0.024829834828933136,0.07451359618363311,0.029211373980733958,0.0,0.0,0.0,,
15.778207000000009,16.059841100098843,-37.579106383649226,-114.04801693483942,-0.026736718558172938,0.08471439839354925,0.02841372570429173,0.0,0.0,0.0,,
15.787717000000043,15.971624856676522,-37.56036587108824,-114.0350892706885,-0.02861705375414276,0.0922809520596221,0.028074884613008867,0.0,0.0,0.0,,
15.797229000000016,15.878483351541904,-37.53370118743386,-114.02791690155274,-0.031537433286485984,0.09277577681497777,0.02818268775625375,0.0,0.0,0.0,,
15.806748000000027,15.786087184774429,-37.50095917344493,-114.02111940040551,-0.030608654852882937,0.08998481476609338,0.03138076854559462,0.0,0.0,0.0,,
15.81625200000002,15.69864249041733,-37.47175273954396,-114.00844722809698,-0.029632804584332924,0.0792265767432149,0.03305356891721712,0.0,0.0,0.0,,
15.825766000000044,15.623118208272611,-37.45043229301852,-113.98659900669878,-0.03300200245966554,0.05640263452616079,0.04976237827132575,0.0,0.0,0.0,,
15.835272000000032,15.565472381581763,-37.44392321165875,-113.95751160164606,-0.028967036471702783,0.050950909315888575,0.04544295905853086,0.0,0.0,0.0,,
15.84478200000001,15.53182343143886,-37.45258734718712,-113.92796297527343,-0.02456486129675394,0.04870217566335213,0.04510799588884456,0.0,0.0,0.0,,
15.854299000000026,15.524814008065048,-37.471292363210225,-113.90712162782036,-0.00047828290059979495,0.043136011665320766,0.0511933082122766,0.0,0.0,0.0,,
15.863809000000003,15.541079884596881,-37.498809252304774,-113.90203445858968,-0.0005033730506128234,0.04432753586107703,0.05255095853762586,0.0,0.0,0.0,,
15.873315000000048,15.577951583070616,-37.520275731507894,-113.91364366487024,-0.0005891711169959836,0.049466583161754465,0.05857799439186013,0.0,0.0,0.0,,
15.88283100000001,15.631055153961038,-37.53106188079777,-113.94065115331786,-0.026996990593328454,0.062206766284234015,0.05975065124566624,0.0,0.0,0.0,,
15.892335000000003,15.70286150568168,-37.54248972294429,-113.97931156277649,-0.0314229800494735,0.06564025201285627,0.06142370561893499,0.0,0.0,0.0,,
15.901846000000035,15.792416271796188,-37.55186140459779,-114.02189162964653,-0.03658834199619056,0.07070001820850719,0.06462576858314592,0.0,0.0,0.0,,
15.911350000000027,15.90810628010819,-37.575348943702316,-114.0676775692774,-0.04103624409058305,0.06835341500519869,0.0593641238972897,0.0,0.0,0.0,,
15.920867000000044,16.050002812249343,-37.61649739465988,-114.11649869842877,-0.04513678640050794,0.06877444394863186,0.05752808756734159,0.0,0.0,0.0,,
15.930380000000014,16.222575194875635,-37.676328765931366,-114.17707502337642,-0.05623819441420376,0.04581831501413529,0.07205794032138607,0.0,0.0,0.0,,
15.93990100000002,16.427230514320616,-37.74978766346279,-114.25843472205601,-0.058371852826072726,0.04429639353596606,0.06720481304794236,-0.03592794913876203,-0.03567589971133602,0.008784302964814283,,
15.949395000000038,16.66466322567558,-37.827041253090236,-114.37252395172821,-0.05029438291305844,0.06558092568674198,0.050205826519935465,-0.04003090696045599,-0.03983168619168415,0.006292495758637674,,
15.958912999999995,16.93361149323959,-37.903317224347695,-114.5293915731209,-0.05030853331275978,0.05736161889640697,0.040199959327681764,-0.0422747658940784,-0.043697940369467336,0.0016520017547735392,,
15.968422000000032,17.22721963312304,-37.95846683585843,-114.72980115262033,-0.048848529519611154,0.05743953298554265,0.04068164637217192,-0.04347674302097265,-0.04721555896689853,-0.003992096484464207,,
15.977926000000025,17.531773621939514,-37.98103597344528,-114.9703119271893,-0.034452217276994906,0.08573957201888499,0.031126948700121365,-0.042748608566330296,-0.04912303153097641,-0.010655407269766081,,
15.987452000000019,17.841364250351994,-37.97783571818223,-115.23571260256045,-0.026659920065428732,0.0858098669198988,0.01690051310865966,-0.0388688418668583,-0.05031859659759661,-0.015011902120283069,,
15.996955000000014,18.15321538455175,-37.94047987244381,-115.50581007210823,-0.016029099136248448,0.08810866804886537,0.00889460150190624,-0.0337074466988509,-0.051199048387658784,-0.015699047238478033,,
16.006466000000046,18.465074277322095,-37.907571257658546,-115.76445434029375,-0.015067060086417727,0.06327351696082498,-0.0057044614223344045,-0.02950160774896003,-0.05061494241980779,-0.013420550061522058,,
16.015975000000026,18.761123997275966,-37.859799520708144,-115.98909956702222,-0.013813221992161383,0.06356160676950073,0.009753382550185432,-0.025790887227033828,-0.04930193493382401,-0.008593585800460006,,
16.02548200000001,19.044972334547804,-37.831264769475126,-116.18568379341932,-0.001314062861839634,0.02360365018629855,0.02652913695055026,-0.024379973976091658,-0.046042200031714844,-0.004499165427680217,,
16.034988,19.3165955054792,-37.81245949740413,-116.35809615567099,-0.001879654618199684,0.03163697735801188,0.03545409275393396,-0.02568536194538685,-0.043062280212664394,-0.0011780519041988107,,
16.044512999999995,19.593061718162232,-37.82474004556145,-116.52574477546968,-0.0010622651261208795,0.016854116777482202,0.018812569942647392,0.0,0.0,0.0,,
16.054017000000044,19.87536968480148,-37.8444584263377,-116.69721330997967,-0.0013663727484444948,0.020512383756394997,0.022797298325139815,-0.03175853659317714,-0.040576401119094066,0.0003403106403942736,,
16.06352400000003,20.157996044153755,-37.8810319701297,-116.88626718992957,0.010446767720288325,0.0206039421175873,-0.017971378551588795,-0.03488352245578922,-0.0393511280002597,-0.0031199245553215392,,
16.073031000000015,20.420899284970645,-37.90628550173961,-117.08667245435215,-0.014097973728142877,0.05905034136988051,-0.01990914687333891,-0.0367399330591588,-0.03791229077222789,-0.007800156052785872,,
16.082543000000044,20.654230928212375,-37.924406885321375,-117.29853971074579,-0.016310555818167215,0.05374733402176861,-0.0500912648909011,-0.03558554900748225,-0.0350990654682054,-0.013720580760448525,,
16.09205400000002,20.829926237686347,-37.913023208276336,-117.50252085004078,-0.016737553033176932,0.08800702133079226,-0.035082198772250876,0.0,0.0,0.0,,
16.101570000000038,20.941808158252815,-37.89005999810377,-117.68724881639316,-0.01538433088173442,0.09011909240397101,-0.03554924266728181,0.0,0.0,0.0,,
16.111083000000008,20.995292218448547,-37.866941449663244,-117.83919552633027,-0.008233426552008007,0.06164846468869104,-0.05693199715668289,0.0,0.0,0.0,,
16.120603000000017,20.99689011703162,-37.84945066381401,-117.94700674971324,0.025749305658325027,0.04853564393512831,-0.04269417766959557,0.0,0.0,0.0,,
16.130101000000025,20.95642526805678,-37.84776054233184,-118.00642827364618,0.02334881888172101,0.043900858596316095,-0.03863613554444766,0.0,0.0,0.0,,
16.139640000000043,20.87910231922928,-37.85291266732241,-118.01120019491842,0.020843707589492458,0.03918283259565457,-0.0344918379471737,0.0,0.0,0.0,,
16.149140000000045,20.77005951091198,-37.85931431246448,-117.96487778663185,0.02093326294649808,0.039428029558539336,-0.0347007712987067,0.0,0.0,0.0,,
16.158637,20.63329277252499,-37.848522790923326,-117.87093907694451,0.025500348073622458,0.04822090386303875,-0.042386083263623246,0.0,0.0,0.0,,
16.16826900000001,20.463783915124015,-37.82881138146454,-117.74277298639169,0.026779571148028924,0.10472486935400255,0.003335295258710083,0.0,0.0,0.0,,
16.177669000000037,20.286894983779305,-37.862917951578375,-117.59660213476317,0.021160234676620735,0.08788298692017561,0.00707161110092523,0.0,0.0,0.0,,
16.187178000000017,20.100760695243633,-37.94251930200752,-117.4178522046086,0.008357387589859403,0.06185815503768381,0.0271781447542696,0.0,0.0,0.0,,
16.196690000000046,19.89213502023537,-38.09975164327482,-117.2113011971559,-0.028770097239426484,0.007507707955788908,-0.008263045399570113,0.0,0.0,0.0,,
16.206185000000005,19.660527799957272,-38.330778345179496,-116.9878640419805,-0.05632945446536932,0.008290450677137705,0.03237802282343447,-0.026365188552467365,0.041391272104897625,0.016051473641503174,,
16.21570300000002,19.384101313398656,-38.60782882876749,-116.75430189300535,-0.07080164855179924,0.011753488511099195,0.03665850092824504,-0.03241636486488691,0.048571448194444825,0.01234031161251265,,
16.22521400000005,19.06422292250384,-38.874699501776085,-116.51650117128997,-0.06086368076250044,0.048295859978456694,0.01989964916612101,-0.03406930076823554,0.05459572933996305,0.007553731487272354,,
16.23472700000002,18.705258534374135,-39.09899746302542,-116.28623078212149,-0.05752217153348687,0.061448355386915086,0.036448870348964685,-0.03219160854581427,0.05924813126295435,0.00092649180332179,,
16.24422100000004,18.315657374190195,-39.268250635438804,-116.06997296148815,-0.035556244037245104,0.09157523479785627,0.010361654200105836,-0.023831572473591245,0.06142648007105808,-0.00594273728339399,,
16.253737,17.92174778667915,-39.36603782224667,-115.8673807222628,-0.018539177747235184,0.09008538503093266,0.0008674689881624965,-0.010841463811627938,0.059337872813316664,-0.009373115950608923,,
16.263258000000008,17.536610698661832,-39.42708357227038,-115.67939522599256,-0.01151342149840049,0.0627037221777122,-0.0027759791376698907,0.000943237429186359,0.05642742897250492,-0.011284777719680344,,
16.27276900000004,17.17569126672104,-39.4787434225307,-115.49782127700695,0.0,0.0,0.0,0.009091088592968517,0.052335172748493725,-0.00956823010448738,,
16.28227000000004,16.845780725013388,-39.526972083917386,-115.30833157972062,0.0,0.0,0.0,0.0,0.0,0.0,,
16.291787999999997,16.54065153848725,-39.574629606169275,-115.10011660810767,-0.009695599556250177,-0.020697779059506132,0.01889119496461225,0.0,0.0,0.0,,
16.301308000000006,16.258932536338502,-39.61330068920296,-114.87111723198217,-0.011037296889262915,0.003556081862236485,0.05239891694876248,0.0,0.0,0.0,,
16.310821000000033,16.005035688074454,-39.645028744308135,-114.6279248808272,-0.008374123334236346,0.02047500525442778,0.0605654163222562,0.0,0.0,0.0,,
16.320335999999998,15.777797345223991,-39.66910930052117,-114.38299192231081,-0.023815166429158326,0.056540571655444266,0.050241782160971075,0.0,0.0,0.0,,
16.329837999999995,15.56989485034369,-39.69244686880255,-114.14851647571602,-0.04078576903917033,0.06661759430599445,0.053135570919909544,0.0,0.0,0.0,,
16.339343000000042,15.377253116265143,-39.70536116604481,-113.93206913714249,-0.05803126770838197,0.07354733634215066,0.05260723380242495,0.0,0.0,0.0,,
16.34885300000002,15.187700363622726,-39.70867997344976,-113.7427825246454,-0.06511125952301795,0.09727945198911218,0.03446321609280972,0.0,0.0,0.0,,
16.358378000000016,14.99291094375438,-39.70735620480879,-113.5846209981978,-0.07529067764894107,0.10684430661377156,0.027868993414475067,0.0,0.0,0.0,,
16.367884000000004,14.79363692034866,-39.697591218044174,-113.45862723995262,-0.07766720677883766,0.110487564971336,0.025161663832110978,0.0,0.0,0.0,,
16.377400000000023,14.581568432092284,-39.67062654970348,-113.36116498997461,-0.07528373842682655,0.11121470224714351,0.024135100109692876,0.0,0.0,0.0,,
16.38689800000003,14.365305572198226,-39.62749925877305,-113.29023737721116,-0.06848700901371142,0.11445776139899722,0.03136685145297462,0.0,0.0,0.0,,
16.405922000000032,13.975389970446372,-39.53354613186595,-113.23921479079424,-0.049909159088814666,0.09569575096904183,0.08268163247411119,0.0,0.0,0.0,,
16.41544200000004,13.834752800905513,-39.51861728825244,-113.26579683741134,-0.03241278999916766,0.09465886709218956,0.08990188383248894,0.0,0.0,0.0,,
16.424892999999997,13.82479193804916,-39.61299236637005,-113.37863648026276,0.00366711875757173,0.09233012178034847,0.10415608438797815,0.0,0.0,0.0,,
16.43440700000002,13.879723767676719,-39.7577587111042,-113.52926845844512,-0.00642376260320091,0.06849409336689051,0.1248414765980575,0.0,0.0,0.0,,
16.443917999999996,14.017262452510671,-39.955621516009444,-113.72104978652312,-0.008757931060363905,0.0728313412153289,0.14209306655810205,0.0,0.0,0.0,,
16.462896,14.531077445479196,-40.5198229910767,-114.24460660156106,-0.04446122141074301,0.0776913076062932,0.13879636860903163,-0.0751246411763885,-0.015773497335173366,-0.01888120597040026,,
16.47242300000005,14.897961312725624,-40.88436322296237,-114.5797126228487,-0.06539755628623725,0.06826613607632757,0.09321747622325832,-0.08950133250920961,-0.02053424402040669,-0.01917915922560167,,
16.48200300000002,15.179533468055851,-41.27303696795333,-114.86855886845291,-0.07816151917493974,0.06750584757111072,0.03233093370809924,-0.09992034351074518,-0.023941802887883556,-0.020717891628863627,,
16.49151500000005,15.451998630977183,-41.67001985358971,-115.1744762861899,-0.10445248192079037,0.02752157859681155,-0.021936480359152025,-0.10077970202596319,-0.02573390266000617,-0.025035953994107345,,
16.501018000000045,15.696092317655665,-42.013389876946896,-115.4918058907252,-0.09978034015540632,0.07501351092721067,-0.06858648550666553,-0.09493800209991744,-0.027244939483387926,-0.030855387393338676,,
16.51053300000001,15.885805676740675,-42.253326172570794,-115.8154060024547,-0.09556447814208026,0.10715703725379772,-0.10084364986756372,-0.08269296714653752,-0.027805078742030257,-0.03925505137802391,,
16.51999600000005,16.255055410155155,-42.46560340078601,-116.30128403277479,-0.08071850691929948,0.13450088567675356,-0.12977811560936572,-0.06219483128555169,-0.030394339341455703,-0.04744996772260223,,
16.529565000000048,16.361094213332123,-42.403671069100035,-116.65346155870436,-0.05363997359222332,0.1656830803922659,-0.11648489967546533,-0.037076664037836174,-0.03277483875816498,-0.05621425733483086,,
16.539076000000023,16.450333667809314,-42.233404158233114,-117.02884155522123,-0.03426139318319387,0.1486283224144083,-0.09319447789960239,-0.011660198045134419,-0.03539861720467714,-0.06316814814645655,,
16.548580000000015,16.551593999805863,-41.99060746318917,-117.42378396542992,-0.012629602374321066,0.10593105917683672,-0.0542130366892287,0.011557103931614802,-0.0384971737702174,-0.06550645932099687,,
16.558101000000022,16.667751808250973,-41.74245776569313,-117.82720788702326,0.01029371892659302,0.01950132288339194,-0.019676371993330395,0.027888237211611117,-0.03916388686980231,-0.06524865680996049,,
16.56760300000002,16.817420455788035,-41.52368475332581,-118.22440447406886,-0.016810111336958554,-0.031318686398562,0.03147367576845723,0.034154992047871216,-0.03963866792560756,-0.059587193617146345,,
16.577124000000026,17.017121512958038,-41.360281030028595,-118.60775358149407,0.011837025049542088,-0.08582674290478515,0.08234099455387751,0.02995852691226815,-0.03942498962895068,-0.05024025839908217,,
16.586569999999995,17.1722399978389,-41.19846413789877,-118.91958450743002,0.024363231040373537,-0.11135009445623836,0.10587859212750654,0.01717890842849804,-0.03604980155422793,-0.04192900061701994,,
16.596086000000014,17.367182308068788,-41.12683150534892,-119.21682657629863,0.04074226263505969,-0.10865046457989101,0.10222078113517519,0.0,0.0,0.0,,
16.605651000000023,17.71614177612796,-41.16862345686993,-119.57943327616437,0.060548586385677304,-0.061494975976926734,0.09520961609220699,0.0,0.0,0.0,,
16.61515700000001,18.09277467092661,-41.22164925023396,-119.92670231248819,0.0801327547796649,-0.006718249557799025,0.03898532276266601,0.0,0.0,0.0,,
16.62467700000002,18.4749611125319,-41.229388196118386,-120.23432324885268,0.09120996467552128,0.05430587079273951,-0.002386152194781842,-0.04223982017476033,-0.02876934934077546,-0.011193503428975977,,
16.634175000000027,18.819094634669458,-41.171644714963485,-120.47635850775228,0.09208683729695853,0.11213544164541496,-0.043471828481283795,-0.042085726744234615,-0.029336128553782734,-0.003125503235844614,,
16.643682000000013,19.086671835010243,-41.05208211849303,-120.6263275659329,0.06805996436791317,0.1495388872408186,-0.07475603004846257,0.0,0.0,0.0,,
16.65319900000003,19.259177270269365,-40.89134929991114,-120.67486861372137,0.06891668503407211,0.15273755174522421,-0.07360224605954359,0.0,0.0,0.0,,
16.662710000000004,19.31921987365189,-40.73203994431293,-120.6267483870078,0.011579788202018772,0.14713908939390896,-0.06851509910919902,0.0,0.0,0.0,,
16.67222700000002,19.280768022695376,-40.61219034481201,-120.5046404968711,-0.023238577252452135,0.11860598431278331,-0.03861922684442539,0.0,0.0,0.0,,
16.681735000000003,19.154440141384413,-40.55314764252341,-120.33509785505824,-0.050323313870797394,0.08573625743301438,-0.004417199991593148,0.0,0.0,0.0,,
16.691257000000007,18.963086811585733,-40.569139027328326,-120.14922641798056,-0.06523687732148166,0.05691426075668533,0.019212823537115304,0.0,0.0,0.0,,
16.700760000000002,18.733418039756195,-40.652768206005796,-119.97492598140605,-0.07089624017354527,0.03278389427479538,0.04932733795193071,0.0,0.0,0.0,,
16.710275000000024,18.496088563645017,-40.78620909450817,-119.8343245973969,-0.06063471979584994,0.02528974144331714,0.05669021052868971,0.0,0.0,0.0,,
16.719775000000027,18.281797846327215,-40.94087933921078,-119.741631558844,-0.039540899007968235,0.02988608904570011,0.05121434969952137,0.0,0.0,0.0,,
16.72928900000005,18.10319775852072,-41.0891357508671,-119.6966451576362,0.0023022948655404647,0.04053771804263995,0.04168943108944126,0.0,0.0,0.0,,
16.738793000000044,17.971844972163638,-41.20080518606229,-119.68626842426619,0.002580582660268641,0.042578121280253775,0.04371170206027154,0.0,0.0,0.0,,
16.74830700000001,17.889366699952564,-41.266727915562,-119.69360682193339,0.014716366275380997,0.06331687911505553,0.021922498344698844,0.0,0.0,0.0,,
16.757820000000038,17.841495192339945,-41.2971804282829,-119.69628771845143,-0.009714494212760844,0.06929236592172276,0.017467620166680443,0.0,0.0,0.0,,
16.767344000000037,17.823024154580516,-41.298549922000674,-119.67767295537718,-0.03210722596616452,0.05509923549443764,0.03639781819655142,0.0,0.0,0.0,,
16.776843000000042,17.81586458766224,-41.29025767149229,-119.63295450001166,-0.04609118252542484,0.05994603746834592,0.03338151841942272,0.0,0.0,0.0,,
16.786359000000004,17.816903358051718,-41.29354431008705,-119.57484543096024,-0.05852570654941154,0.06506949756411987,0.031543961569379934,0.0,0.0,0.0,,
16.795866000000046,17.820339632120124,-41.301004667302394,-119.51704768939413,-0.0648798461095556,0.07557092398179675,0.03846934894288981,0.0,0.0,0.0,,
16.805372000000034,17.819368485016984,-41.3128076126475,-119.47847236050319,-0.06920475611626617,0.07645239514661464,0.03697673019543409,0.0,0.0,0.0,,
16.814887999999996,17.817877968885988,-41.32470305179176,-119.4766284756721,-0.07002491024476548,0.07715306383998284,0.03719956953738253,0.0,0.0,0.0,,
16.824399000000028,17.819018844173893,-41.33576136659952,-119.51985435572894,-0.06876873376364633,0.0737975148478994,0.03448436102334276,0.0,0.0,0.0,,
16.833904000000018,17.825628674739,-41.32894404630243,-119.606657135217,-0.0554973189638641,0.08940455342292306,0.01879417814307748,0.0,0.0,0.0,,
16.843412999999998,17.840347287274287,-41.30353769267676,-119.72838198581195,-0.0472718952448554,0.08905108757535324,0.016376265164337923,0.0,0.0,0.0,,
16.85293900000005,17.862122756383123,-41.25756472367298,-119.86816824396458,-0.05177942275579798,0.07525377496139919,0.04499676901396313,0.0,0.0,0.0,,
16.862450000000024,17.911526762077838,-41.21172451809893,-120.0181318233252,-0.04563998248226204,0.05944351437182784,0.03269906269397384,0.0,0.0,0.0,,
16.87194900000003,17.990085114893898,-41.148602632663476,-120.16822832582902,-0.034825894859907995,0.05815611057741679,0.0375094453275227,0.0,0.0,0.0,,
16.881470000000036,18.093086758952428,-41.076890217759704,-120.32202052142306,-0.02835586546765891,0.059285482075115366,0.0422873674034036,0.0,0.0,0.0,,
16.89098100000001,18.245790118832772,-41.011113194362785,-120.49847222162354,0.0027627256781712723,0.04133179148748436,0.04256462604755162,0.0,0.0,0.0,,
16.90047900000002,18.433774133821142,-40.92950358827156,-120.69524070116213,0.0026671251805452743,0.04091559539231836,0.042144362203638916,0.0,0.0,0.0,,
16.909997000000033,18.668193652233064,-40.8512935741929,-120.92011630421526,0.00149207567624582,0.023700647917495866,0.02439936145193678,0.0,0.0,0.0,,
16.919501000000025,18.91880613868592,-40.745011309900306,-121.15932906378423,0.002350100469867174,0.038932072722001373,0.04008271876336457,0.0,0.0,0.0,,
16.929011000000003,19.17794858940408,-40.65180751176302,-121.41662179473914,0.0014159948222866557,0.024413187052271485,0.02512282697355261,-0.012826515691822032,-0.04534885748803828,-0.017680668761108558,,
16.938523000000032,19.429835685960363,-40.54765553484526,-121.6752185708642,0.0018435295329422893,0.03307280483528959,0.03403107099523371,-0.014117537631691364,-0.04455362228805365,-0.018964311964224198,,
16.948041000000046,19.645091020838116,-40.44616761272649,-121.91862355877923,0.01629100044668663,0.055493459584916846,0.009606473707234487,0.0,0.0,0.0,,
16.957547000000034,19.815903438859586,-40.347541357228806,-122.13200111674279,0.02241200028556223,0.06771092530424605,0.0031932645856068537,0.0,0.0,0.0,,
16.967060000000004,19.937005848319764,-40.25242201661497,-122.30351225637482,0.028402101655105004,0.07933598899840655,-0.0031892539366175465,0.0,0.0,0.0,,
16.976574000000028,20.004998030128792,-40.16694893978956,-122.42593538191146,0.031361947370455244,0.08402233565549976,-0.00726912411481587,0.0,0.0,0.0,,
16.986075000000028,20.040797780489996,-40.09908527014765,-122.5039175556041,0.03211445204723251,0.08033016090482833,-0.013941537457314194,0.0,0.0,0.0,,
16.995599000000027,20.04119888214046,-40.036585193109026,-122.53782181158088,0.032151364047364565,0.08780441618996217,-0.00467758070688037,0.0,0.0,0.0,,
17.005105000000015,20.0275294364257,-39.99946851624473,-122.54678174608992,0.029987379292589534,0.07770537741429882,-0.009313359850606037,0.0,0.0,0.0,,
17.014616000000046,20.01472206360426,-39.9900636502827,-122.54015339635383,0.025987331737522063,0.06388222681348803,-0.01227291331120895,0.0,0.0,0.0,,
17.02412300000003,19.99350110278405,-40.00514190775305,-122.50992445170733,0.018438828770749864,0.049015827838952336,-0.004277583207364353,0.0,0.0,0.0,,
17.033634000000006,19.959038013671766,-40.03004836798799,-122.45257768125313,0.0018172924007505433,0.034648075895749246,0.035967472089949604,0.0,0.0,0.0,,
17.043142000000046,19.913434992458594,-40.08147214811964,-122.3792549599139,0.00195468004386032,0.03709796101550223,0.038473944649827424,0.0,0.0,0.0,,
17.052658000000008,19.854247569644258,-40.14784883984409,-122.29553033770082,-0.027979881468101406,0.058029498378234325,0.04043035682777637,0.0,0.0,0.0,,
17.062167000000045,19.780916862669457,-40.23092437440859,-122.20858771465002,-0.03685174893230916,0.05685134356001517,0.033641701651262124,0.0,0.0,0.0,,
17.07167800000002,19.6942489605889,-40.32562478569429,-122.11751794002392,-0.04689898264817668,0.04746443154538555,0.01798502979272942,0.0,0.0,0.0,,
17.08120200000002,19.5773432079714,-40.39463057684557,-122.00760309350386,-0.05331116971718933,0.06623874373201695,0.032803148326505466,0.0,0.0,0.0,,
17.09070300000002,19.441028542764364,-40.44672361851664,-121.89000884070201,-0.058076011547670336,0.07059053715341722,0.03431762668148351,0.0,0.0,0.0,,
17.100201000000027,19.2990550931215,-40.49187198862945,-121.7811611940637,-0.05745729552686242,0.07251553022583444,0.036753669372346885,0.0,0.0,0.0,,
17.109713999999997,19.16548642147654,-40.539854175992744,-121.69612050755573,-0.054186919003674436,0.06668525820126099,0.03305141936788066,0.0,0.0,0.0,,
17.119230000000016,19.049113328939512,-40.567343021315644,-121.64019294270662,-0.04490715182579377,0.06631933068964259,0.03843410196438696,0.0,0.0,0.0,,
17.12874400000004,18.956230613666712,-40.578248406672,-121.61847093817498,-0.036193828874719836,0.06558112688453589,0.04305136107348855,0.0,0.0,0.0,,
17.138261,18.90431358441342,-40.58449029580442,-121.63556389040939,-0.026081691127555432,0.059077666542701864,0.042747056286053464,0.0,0.0,0.0,,
17.147771000000034,18.89452847090602,-40.588948488966494,-121.682832976998,0.0028061424041832474,0.04078715139079411,0.042231230204364534,0.0,0.0,0.0,,
17.15728200000001,18.91553891735692,-40.594806570332516,-121.74374589926025,0.002404446422882499,0.034635293893478886,0.03584730262233423,0.0,0.0,0.0,,
17.166792000000044,18.95947434367637,-40.60345376270488,-121.80476089834535,0.002458115966078454,0.03535364055647245,0.03656141372299134,0.0,0.0,0.0,,
17.176300000000026,19.013419550149866,-40.61666891315536,-121.85574178006722,-0.02173543681356579,0.04146441923182674,0.027690320179315546,0.0,0.0,0.0,,
17.18580700000001,19.063760098866535,-40.633159571131905,-121.88809789339452,-0.026020685469877347,0.043597790447537386,0.02712051934544825,0.0,0.0,0.0,,
17.19531900000004,19.097252364287822,-40.64869938485298,-121.8971208033751,-0.03150159913555424,0.048855670027213895,0.028923449300919137,0.0,0.0,0.0,,
17.20482800000002,19.110137699941347,-40.665405370507706,-121.88448958199218,-0.024582562210357317,0.06910531226549325,0.0033320543217664153,0.0,0.0,0.0,,
17.214328000000023,19.098937943038468,-40.677944759543756,-121.85305737334912,-0.02774770744608229,0.07381439923412597,-0.0009248288170804005,0.0,0.0,0.0,,
17.223842000000047,19.0657157808228,-40.683701001900744,-121.81005458520549,-0.030378659463180503,0.07536800757242838,-0.0003204646147251372,0.0,0.0,0.0,,
17.233361000000002,19.013405345105134,-40.677119025640636,-121.76517335717917,-0.030348290099234496,0.07925347971749333,0.0071097739880892396,0.0,0.0,0.0,,
17.24287400000003,18.948670270326144,-40.664140724768096,-121.73003310523904,-0.02936744759330381,0.07783802731373986,0.01674435768483971,0.0,0.0,0.0,,
17.25237800000002,18.881252613319344,-40.64942026869405,-121.71297989522651,-0.03397762435741445,0.05837635804848428,0.03703638580727977,0.0,0.0,0.0,,
17.26189400000004,18.816802927032175,-40.63666567216475,-121.7152491728946,-0.027262238418020036,0.05490198267030294,0.037719984211226576,0.0,0.0,0.0,,
17.271405000000016,18.760574510297104,-40.62802007229786,-121.73331426934635,0.003272483441819191,0.0447208563957955,0.04633887707269275,0.0,0.0,0.0,,
17.28091500000005,18.72269273804983,-40.633101950080395,-121.76514564647898,0.003118235798628776,0.041758935931565384,0.043287822706193774,0.0,0.0,0.0,,
17.290426000000025,18.702143165211016,-40.64637456263855,-121.79859138764563,0.002875423923077471,0.0379061662357842,0.03929119064316829,0.0,0.0,0.0,,
17.299937,18.696125681459886,-40.66031278474245,-121.8252706993703,0.002806330426652005,0.036644017504952345,0.037971404401472446,0.0,0.0,0.0,,
17.30946,18.696472373131286,-40.67163210142028,-121.83702236773908,0.016343455841938383,0.06073269451902391,0.018978623485003246,0.0,0.0,0.0,,
17.318962,18.701778239322323,-40.67479805375026,-121.8304203854018,0.01871291982926601,0.06816695874179475,0.01985464239490348,0.0,0.0,0.0,,
17.32846900000004,18.709593966157694,-40.67659372433295,-121.80897376308211,0.018809991172713446,0.06752790045038226,0.018502885569814803,0.0,0.0,0.0,,
17.337990000000048,18.713933736911656,-40.67289229674248,-121.77431128240222,0.018231874422677007,0.0697892270353428,0.023475719644252557,0.0,0.0,0.0,,
17.34749400000004,18.707673552358337,-40.66523941331018,-121.727281337829,0.01697675847387974,0.07135887389392159,0.030066499043661737,0.0,0.0,0.0,,
17.357004000000018,18.696048492420953,-40.65507201662203,-121.67520478455658,-0.008486152772983957,0.08167456246231011,0.030212769489199116,0.0,0.0,0.0,,
17.376022000000034,18.66591930757458,-40.668504258351,-121.55733164520906,-0.022253226697059036,0.05655057397200294,0.042530612835649094,0.0,0.0,0.0,,
17.385545000000036,18.645829405469318,-40.683577811523875,-121.48585451861425,-0.021916194185635382,0.051424461362339406,0.03769803047167483,0.0,0.0,0.0,,
17.39504900000003,18.63001120253862,-40.71098823195968,-121.40333970168234,0.00240609551989901,0.03381011398853438,0.0349940869477235,0.0,0.0,0.0,,
17.404567000000043,18.610202831546662,-40.73191841499576,-121.30134035809338,0.002801880961334525,0.04001662839239162,0.04139767598264395,0.0,0.0,0.0,,
17.414072000000033,18.581117689584563,-40.74342032848244,-121.17517429595229,0.013656763060210755,0.06256260497513227,0.0290767632692199,0.0,0.0,0.0,,
17.423573000000033,18.57874467239965,-40.765808069803384,-121.03960233823088,0.01430936916157371,0.044916083192220714,0.003275007307906172,0.0,0.0,0.0,,
17.433091000000047,18.57387436235065,-40.7666795835978,-120.87791914604051,0.01720973652403483,0.05379245912643798,0.0030183803217196568,0.0,0.0,0.0,,
17.442594000000042,18.569255009052956,-40.75758492780779,-120.69057461578736,0.01774911031492517,0.029904113603835904,-0.029971909705010843,0.0,0.0,0.0,,
17.452109000000007,18.55037074515783,-40.71216720585041,-120.47223921000096,-0.008596663783383892,0.0731144569203292,0.0005720982727895422,0.0,0.0,0.0,,
17.461633000000006,18.515188246456738,-40.67063114057456,-120.2333012824397,-0.028654851758814333,0.05945586141988031,-0.00808945227256046,0.0,0.0,0.0,,
17.47113200000001,18.461190987024537,-40.61578544569665,-119.98144042647847,-0.04882926265423791,0.05640955098672428,0.02852242115455719,0.0,0.0,0.0,,
17.480642000000046,18.37551846811127,-40.588188829677094,-119.73100659850718,-0.0623186062895955,0.05567587050700167,0.020357601927499122,0.0,0.0,0.0,,
17.490147000000036,18.27065668290966,-40.58386837141868,-119.49912093299379,-0.06547747002013314,0.06293933963537433,0.026310890347910648,0.0,0.0,0.0,,
17.499666000000047,18.148635589318665,-40.61545423942215,-119.29999025454732,-0.07549641294634524,0.04167448833368906,0.041486107498203424,0.0,0.0,0.0,,
17.509167000000048,18.009462520947963,-40.668887543312756,-119.13272861855053,-0.06354506310622626,0.05870674302855929,0.02367817056943111,0.0,0.0,0.0,,
17.51868300000001,17.86533108686515,-40.72237449542866,-118.99925456785496,-0.05316661425016913,0.0628243570511669,0.03388965611503824,0.0,0.0,0.0,,
17.528197000000034,17.71489091252495,-40.773854002364864,-118.89459104797703,-0.044373778348526294,0.059920056586155915,0.035969282773895675,0.0,0.0,0.0,,
17.53771500000005,17.574726125930805,-40.81939248246862,-118.81301305371247,-0.02202136482221395,0.07065987152695154,0.011051487833467249,0.0,0.0,0.0,,
17.547235,17.441656182010572,-40.84813420629279,-118.74061297335041,-0.009698210336189518,0.07380465622271411,0.011232605186460303,0.0,0.0,0.0,,
17.556726000000026,17.315454602287723,-40.869020766344775,-118.66366944939818,0.015108354494706955,0.06120636293911461,0.01555767512054095,0.0,0.0,0.0,,
17.566241000000048,17.213522160695078,-40.88588902199437,-118.57973371165366,0.011848415279601713,0.05538539444396621,0.021681465033298965,0.0,0.0,0.0,,
17.575752000000023,17.131415870663545,-40.91251876313576,-118.48966545372845,0.0018735232618433712,0.03264149342319686,0.03413576307404407,0.0,0.0,0.0,,
17.585261000000003,17.06819698273671,-40.9444097095274,-118.39478036644692,-0.022137045325695305,0.04058393259414771,0.029016433708214166,0.0,0.0,0.0,,
17.594769000000042,17.025059128121026,-40.974251033848205,-118.30568890309277,-0.025388377151679322,0.04629357166101123,0.03306825221328168,0.0,0.0,0.0,,
17.604276000000027,16.992001267779607,-41.00421438875953,-118.22981055406464,-0.032320709650007586,0.05057579428598842,0.03366879721737716,0.0,0.0,0.0,,
17.61379500000004,16.96738992819503,-41.02631353479082,-118.17332147147187,-0.03669156802633659,0.05729886987076732,0.03814156685154534,0.0,0.0,0.0,,
17.623293000000047,16.941446665833983,-41.04272827522454,-118.13727316221909,-0.042277493361379904,0.05869208309173116,0.03654781082049317,0.0,0.0,0.0,,
17.632811000000004,16.905312060366988,-41.05720042830333,-118.11632404743472,-0.045963159996477855,0.05845693512623016,0.034324263740301036,0.0,0.0,0.0,,
17.642326000000025,16.854530343644676,-41.06918237238774,-118.10217852374751,-0.04617859776165692,0.05489768588892799,0.030609653785097092,0.0,0.0,0.0,,
17.651836000000003,16.784161140979275,-41.07690445390451,-118.08533027751021,-0.033160420942403596,0.07132211374804054,0.009564296259348902,0.0,0.0,0.0,,
17.661344000000042,16.692366375664193,-41.07968698514021,-118.0557495217861,-0.02735881386880976,0.07508734968415291,0.012029033202367801,0.0,0.0,0.0,,
17.670862,16.591359271197543,-41.08062089630456,-118.01174759424855,-0.020114379871909005,0.07434545588945699,0.0118710066576783,0.0,0.0,0.0,,
17.680376000000024,16.48984673584781,-41.081897113238625,-117.9562839061916,-0.013772595874208642,0.07227689492326952,0.01841516427732521,0.0,0.0,0.0,,
17.689890000000048,16.39643274592495,-41.08914405842118,-117.89746802047405,0.01176520359767572,0.05831991493478007,0.026410504516812677,0.0,0.0,0.0,,
17.69939800000003,16.322956197187345,-41.10095174034539,-117.8458368615802,0.002598574604090605,0.03877898813200692,0.04069586281426882,0.0,0.0,0.0,,
17.70890000000003,16.270059778171905,-41.11770179825302,-117.80768091435371,0.002603606049890784,0.038432924833458754,0.04033593087394924,0.0,0.0,0.0,,
17.718422000000032,16.236415231669863,-41.137101491515295,-117.78618137442224,0.002676375356856464,0.03917133847572269,0.04110179908352718,0.0,0.0,0.0,,
17.72793200000001,16.213822095544682,-41.15784047907157,-117.77605435656723,-0.022522594238331972,0.050741344233081596,0.03935182539334458,0.0,0.0,0.0,,
17.737436000000002,16.19200307146744,-41.18250699680363,-117.76956127407512,-0.02924321654612008,0.05277299160813971,0.037799009882363475,0.0,0.0,0.0,,
17.746951000000024,16.165032083388194,-41.21295704292414,-117.75882587102456,-0.0344136354681127,0.052477013510366655,0.03472071938618109,0.0,0.0,0.0,,
17.756455000000017,16.124531695208034,-41.24319551791497,-117.73292222597902,-0.036081385693975426,0.05330426404726597,0.03466204003544828,0.0,0.0,0.0,,
17.76597700000002,16.06747760660968,-41.269565162876034,-117.6866807636251,-0.03633681890822878,0.05172479780691846,0.032953084572127055,0.0,0.0,0.0,,
17.775481000000013,15.994708221205073,-41.28967666960278,-117.61878368719452,-0.034046784903596805,0.050815353319171974,0.033296880296536976,0.0,0.0,0.0,,
17.78499800000003,15.914592802375473,-41.30357464571962,-117.53647469472845,-0.020934577695585436,0.06444559830566106,0.013131172798826007,0.0,0.0,0.0,,
17.794497000000035,15.835150760594205,-41.30543271641016,-117.44649921727404,-0.014223917746024214,0.06408403124928129,0.01300658116024153,0.0,0.0,0.0,,
17.804013999999995,15.76072575419767,-41.29300417868642,-117.3579970312846,-0.010130257490837895,0.06676296480967227,0.01301621546259886,0.0,0.0,0.0,,
17.813523000000032,15.700902189441745,-41.273861250013695,-117.28011304686025,0.01266993138987197,0.060616488103757936,0.02582190108279715,0.0,0.0,0.0,,
17.823032000000012,15.658873520295113,-41.25704821858813,-117.21822651998878,0.0029617193741715213,0.04043790733940415,0.042538918474957,0.0,0.0,0.0,,
17.83254000000005,15.635161903058165,-41.24643055107449,-117.17249113087287,0.002767138461061408,0.037937864759764545,0.039931461944128124,0.0,0.0,0.0,,
17.842060000000004,15.62341748432389,-41.24499475239506,-117.1368351965312,-0.023831180543118606,0.04535183618187527,0.03363246768327531,0.0,0.0,0.0,,
17.851562,15.614057714917006,-41.24390960852652,-117.10369085077316,-0.0275488863191,0.05087188220736197,0.03733394762736845,0.0,0.0,0.0,,
17.861077000000023,15.596580463724889,-41.24272135723247,-117.06546169327872,-0.03205194204286275,0.05711396916364306,0.041374727661308904,0.0,0.0,0.0,,
17.87059400000004,15.57345333946402,-41.2430067435561,-117.02227844774897,-0.0352320389162413,0.05472506698723335,0.037346013479315564,0.0,0.0,0.0,,
17.880097000000035,15.542976969684238,-41.23924786102775,-116.97457825518278,-0.026340418301031062,0.07085175669168382,0.01651451274406829,0.0,0.0,0.0,,
17.889607000000012,15.501076284682146,-41.226965569531956,-116.91986226931873,-0.026296608980270364,0.07281596470389365,0.01293216612500101,0.0,0.0,0.0,,
17.899118000000044,15.45366888788014,-41.20547567614555,-116.8636688127186,-0.024391340502710506,0.07473440291897546,0.014164424368732713,0.0,0.0,0.0,,
17.908637,15.40522697796122,-41.17730093001977,-116.81114066130782,-0.02216084501887254,0.0768577696968408,0.02147190553629508,0.0,0.0,0.0,,
17.918142000000046,15.360584737022725,-41.151334045776956,-116.76696391597405,-0.02915103778919602,0.05543380863552339,0.041610998023027215,0.0,0.0,0.0,,
17.927654000000018,15.328668880331241,-41.139102186721495,-116.73494287202791,-0.02683706583584235,0.04686584716323568,0.03409359074285282,0.0,0.0,0.0,,
17.937166000000047,15.3045828923883,-41.13385776903023,-116.71145960951912,-0.025483972831346194,0.04550085477742835,0.033421334511291326,0.0,0.0,0.0,,
17.946686,15.287272433376065,-41.135974121412865,-116.69216580394848,-0.025767225835075923,0.04504114485227956,0.03281961239478647,0.0,0.0,0.0,,
17.956181000000015,15.275099365219157,-41.13869347840254,-116.67349738422348,-0.02582310767335284,0.04862954569502127,0.03647457898775328,0.0,0.0,0.0,,
17.96569800000003,15.262773266585034,-41.143696824542864,-116.65236457698352,-0.028152270213446306,0.053077907411827205,0.039841683003877255,0.0,0.0,0.0,,
17.975216000000046,15.249353412833935,-41.15149160187402,-116.62725380760342,-0.03054580455371604,0.05312146127148903,0.03867236826541249,0.0,0.0,0.0,,
17.98471900000004,15.239515153064346,-41.160771614467365,-116.60223015260969,-0.031192506955331812,0.04873910962257091,0.03387184327805375,0.0,0.0,0.0,,
17.994231000000013,15.226976858793233,-41.166527987287864,-116.57532813520342,-0.032967744996862065,0.051143040851480664,0.03544215958263444,0.0,0.0,0.0,,
18.003736000000004,15.216389173778467,-41.169421164264286,-116.54993178074646,-0.034038337717210675,0.04751208888191721,0.031203660005747057,0.0,0.0,0.0,,
18.01324900000003,15.205692534167184,-41.16579294606857,-116.52559304978953,-0.03425163550465603,0.049552725805511864,0.03321195311677912,0.0,0.0,0.0,,
18.022766000000047,15.191670046477586,-41.1564124749293,-116.50437388364803,-0.03445345209637571,0.05136645618163917,0.034999159120629626,0.0,0.0,0.0,,
18.03228100000001,15.176147019134428,-41.14361401549861,-116.48611925690516,-0.03509033617893968,0.05020593333059258,0.033520566607012775,0.0,0.0,0.0,,
18.041792000000044,15.161600008725975,-41.13011253404804,-116.47368892814927,-0.0321868368319854,0.049542927899041904,0.03435243594357999,0.0,0.0,0.0,,
18.05129900000003,15.146243563094316,-41.119887075737864,-116.46301354326079,-0.03205893101305838,0.045799000594028645,0.030601592999181873,0.0,0.0,0.0,,
18.06080000000003,15.128876332395333,-41.105928463110025,-116.44995530675244,-0.029558876185597827,0.04882664115082457,0.03501241427511926,0.0,0.0,0.0,,
18.07032300000003,15.112334914100652,-41.09530318109416,-116.43546052605852,-0.02851665799222015,0.04787635805580062,0.034595883017336126,0.0,0.0,0.0,,
18.079841000000044,15.096379348274272,-41.085444281102085,-116.41884202479402,-0.02652870840883263,0.05040439232458028,0.038234551433128726,0.0,0.0,0.0,,
18.089342000000045,15.080865042414969,-41.07890706946986,-116.40070903242422,-0.026635216159465118,0.049825186723476744,0.03761064553773538,0.0,0.0,0.0,,
18.098846000000037,15.068659796335329,-41.07019540474475,-116.3839543335979,-0.02520989806291321,0.0516822875856919,0.040273552521402,0.0,0.0,0.0,,
18.108362999999997,15.060496666822324,-41.06259844183262,-116.37162042852425,-0.025251437488563854,0.0500720994686909,0.03861852451310113,0.0,0.0,0.0,,
18.117871000000036,15.05547643874248,-41.050257083855115,-116.36321526300806,-0.016070980083233277,0.06895672537570466,0.023750333133814826,0.0,0.0,0.0,,
18.12737900000002,15.053885588339023,-41.036285183740524,-116.36045819166948,-0.016207089871964973,0.06945369971962127,0.023751779626488362,0.0,0.0,0.0,,
18.13689400000004,15.057052456043179,-41.02494605677208,-116.36375545153231,-0.016792988701955287,0.06579575655695885,0.02104161017339816,0.0,0.0,0.0,,
18.146401000000026,15.0626275410484,-41.01252731376841,-116.36941058476621,-0.024509025214771826,0.04994639180497168,0.03893838073780925,0.0,0.0,0.0,,
18.15591500000005,15.070187843634763,-41.00389577763505,-116.37581397047072,-0.02543438080066535,0.04523065577702045,0.0336122702985627,0.0,0.0,0.0,,
18.16542000000004,15.078256054152423,-40.997740731244434,-116.37973845276142,-0.02522679098985167,0.043266135710139465,0.03169754335654863,0.0,0.0,0.0,,
18.174930000000018,15.083619134339388,-40.99012710028617,-116.37834679755437,-0.02462851843739569,0.0464397184171823,0.03528491369339517,0.0,0.0,0.0,,
18.18447500000002,15.088923466528957,-40.98062763617415,-116.37379693610957,-0.02315059736066062,0.04559464973840486,0.035184852235991874,0.0,0.0,0.0,,
18.193989000000045,15.093495682513527,-40.974731184885336,-116.3665762984555,-0.023504498198547198,0.0417429066952752,0.03104363170060049,0.0,0.0,0.0,,
18.20350000000002,15.093474208094666,-40.96484636667198,-116.35550231883522,-0.023864121843007083,0.04720004434024977,0.036511549142370495,0.0,0.0,0.0,,
18.213003000000015,15.091129361344597,-40.958251968530355,-116.34273320902784,-0.025672789775989625,0.044771643785561754,0.03309914055054009,0.0,0.0,0.0,,
18.22252100000003,15.088040065825272,-40.95340091156094,-116.3306646794951,-0.026349191924494076,0.04491493111580576,0.03291748211245491,0.0,0.0,0.0,,
18.232034,15.079366464828366,-40.95060438822246,-116.31763584550805,-0.02748658221357757,0.04740716885948717,0.034925348443933996,0.0,0.0,0.0,,
18.24152700000002,15.06446666628389,-40.946622466455565,-116.3014790897183,-0.029240284286117385,0.05005411294191269,0.036784378009984145,0.0,0.0,0.0,,
18.251035,15.049258497946468,-40.94746436218791,-116.2873203595324,-0.028332952159045566,0.046866797140330596,0.03396668013688352,0.0,0.0,0.0,,
18.260549000000026,15.025926934521465,-40.948012339185354,-116.26851539498833,-0.03015933238853613,0.050063300665638966,0.03635537894145716,0.0,0.0,0.0,,
18.270065000000045,15.001848375524208,-40.94816333180665,-116.2483540366519,-0.02906543114633964,0.047983393523016574,0.03478282644587247,0.0,0.0,0.0,,
18.27957600000002,14.975045542219265,-40.9470855143261,-116.2228323450641,-0.029655151315455725,0.048244630082017896,0.034778197344587806,0.0,0.0,0.0,,
18.28907300000003,14.94531726623712,-40.94140385002535,-116.19370392177748,-0.029750958943056353,0.05188106659290443,0.03852590813774262,0.0,0.0,0.0,,
18.298583000000008,14.916448486765464,-40.93428451384198,-116.16429354624208,-0.02915462303791859,0.05224738737333591,0.039247224692972635,0.0,0.0,0.0,,
18.308097000000032,14.891477717533375,-40.93155372393969,-116.13613591659833,-0.029356562189037056,0.048478554010977906,0.03527466519723795,0.0,0.0,0.0,,
18.317611999999997,14.867462977737107,-40.92931213403496,-116.10811653897983,-0.030665726818833644,0.04911287239692821,0.03529683306711082,0.0,0.0,0.0,,
18.32711900000004,14.845371703370457,-40.92991493160823,-116.07982554700966,-0.032143027982253346,0.04761657363332444,0.033025242527705,0.0,0.0,0.0,,
18.33662400000003,14.82770733120505,-40.929158161478966,-116.05281153645042,-0.03160033861177402,0.045700459090025486,0.031342858605213644,0.0,0.0,0.0,,
18.346150000000023,14.808079349054706,-40.93266077725271,-116.02743129999055,-0.03327975727883335,0.04497242203762324,0.02975961787322277,0.0,0.0,0.0,,
18.355651000000023,14.79117623931395,-40.926877523530194,-116.00283785687016,-0.03190860162223062,0.05176909172859887,0.037528918980275536,0.0,0.0,0.0,,
18.365155000000016,14.771786404057575,-40.91496892533286,-115.98149747927901,-0.03292895836869251,0.05106364726343066,0.03631930545033239,0.0,0.0,0.0,,
18.37469100000004,14.752644694455382,-40.904986132934035,-115.96747128243204,-0.032017098192551545,0.05100727033130041,0.03674912154258728,0.0,0.0,0.0,,
18.38419300000004,14.73666778014735,-40.89448202610909,-115.95967012317809,-0.030281495981288067,0.04987080958776426,0.036468190728579236,0.0,0.0,0.0,,
18.393700000000024,14.716499621080942,-40.87985039701188,-115.95458989533708,-0.030874961500950045,0.04835396018455986,0.034616375548109646,0.0,0.0,0.0,,
18.40322100000003,14.702223972285324,-40.86946586917395,-115.9559224711291,-0.02793242764229426,0.04789440855323576,0.03563859976042981,0.0,0.0,0.0,,
18.41272600000002,14.688226382213404,-40.86314784396487,-115.9588197876365,-0.027312867842813792,0.04763663430943116,0.03568942767222417,0.0,0.0,0.0,,
18.422236999999996,14.672097946746774,-40.855208716088974,-115.95929214633794,-0.027133627830860242,0.04748757859581696,0.03563475210838327,0.0,0.0,0.0,,
18.431746000000032,14.654446102068292,-40.84044516877628,-115.95725596725592,-0.025074673592636106,0.05384126742927693,0.04330656964115954,0.0,0.0,0.0,,
18.44125600000001,14.638469686455696,-40.8342170664115,-115.95575355194427,-0.024636943523523455,0.05075034867882752,0.04032338402145541,0.0,0.0,0.0,,
18.450765000000047,14.62809574196987,-40.82960352395448,-115.9551181224913,-0.02324980077267751,0.04876225544103674,0.03896436641634574,0.0,0.0,0.0,,
18.460274000000027,14.620664368930363,-40.83042490701218,-115.95442867573624,-0.024060627539689905,0.04594310299294588,0.03561968750501234,0.0,0.0,0.0,,
18.46979600000003,14.618418013536818,-40.83610216943679,-115.95694595541816,-0.024506118138118028,0.045609587824791846,0.03503786043758167,0.0,0.0,0.0,,
18.47932400000002,14.622712677512508,-40.84289230098783,-115.96437441937225,-0.02454341303065174,0.04552082674136131,0.03491196999481283,0.0,0.0,0.0,,
18.488827000000015,14.628783168541988,-40.846215293965194,-115.97384167211146,-0.026477754526526297,0.04562362686761131,0.034026890650950235,0.0,0.0,0.0,,
18.498346000000026,14.634053899334136,-40.84766526949963,-115.98403779835105,-0.028564152561345948,0.046770923695294224,0.034151721380393955,0.0,0.0,0.0,,
18.507830000000013,14.63691484625508,-40.844874047271176,-115.99442717917422,-0.030658783649895945,0.04754271284161048,0.03388592243594852,0.0,0.0,0.0,,
18.517341000000044,14.634120125464987,-40.84227848337735,-116.00085379100743,-0.033544802430751516,0.04616352413294237,0.030985251366144155,0.0,0.0,0.0,,
18.526849000000027,14.62628570739408,-40.84103465503569,-116.00378414442889,-0.033385200493605084,0.046941349800698334,0.03187330183760466,0.0,0.0,0.0,,
18.53636700000004,14.611888655930608,-40.83983558982398,-116.00102092134321,-0.03434460649610317,0.04735291553278271,0.031818839643339474,0.0,0.0,0.0,,
18.545866000000046,14.589800607371288,-40.83667171348543,-115.99215875596828,-0.03398747470260929,0.051577815489892126,0.036406553688205084,0.0,0.0,0.0,,
18.55538100000001,14.566270816756573,-40.83594302727808,-115.98374426628551,-0.03139563523401441,0.050761500720141385,0.036881335885493235,0.0,0.0,0.0,,
18.564894000000038,14.546621661227633,-40.83485029753706,-115.97805389385665,-0.02788295403099376,0.05035828288646915,0.038249489445540866,0.0,0.0,0.0,,
18.574403000000018,14.5306644461308,-40.832157555090824,-115.97815138881467,-0.025617872120590867,0.049640617768623316,0.038654597732817236,0.0,0.0,0.0,,
18.583826000000045,14.522677506472615,-40.83176766418222,-115.98385089042414,-0.025484069034394402,0.046877023818903144,0.03584301338260263,0.0,0.0,0.0,,
18.59342300000003,14.525393712703027,-40.832632967003015,-115.99749704334013,-0.023665903114862885,0.04636429330135149,0.03621888474214851,0.0,0.0,0.0,,
18.602936,14.534021379127127,-40.834651610392775,-116.0150865168956,-0.024738061246959986,0.04587797202880705,0.035151691775272095,0.0,0.0,0.0,,
18.612454000000014,14.54708353730263,-40.83136301048471,-116.03435646459936,-0.02543847935120458,0.04812781653892028,0.03712293170377161,0.0,0.0,0.0,,
18.62194900000003,14.560133250535962,-40.82811034345467,-116.05325197040167,-0.018382206959037355,0.06534336511047702,0.018673152711506425,0.0,0.0,0.0,,
18.631447000000037,14.568976728199937,-40.821841734130935,-116.06828740533706,-0.02023463470468432,0.06626904536344728,0.01956086594444896,0.0,0.0,0.0,,
18.640983000000006,14.570092440659966,-40.81700335969726,-116.07638929734227,-0.030676594175439782,0.048271916446158365,0.03458834754458582,0.0,0.0,0.0,,
18.65048300000001,14.564659908656173,-40.81359609464838,-116.07964438747015,-0.030488476089583383,0.04682551947341527,0.033180725586493855,0.0,0.0,0.0,,
18.659909000000027,14.553583226791906,-40.812014137407665,-116.07832165618618,-0.030225957574539764,0.0453582444174911,0.031791347049110304,0.0,0.0,0.0,,
18.66952600000002,14.535379435003875,-40.81040393696483,-116.07355397719137,-0.030168652377823613,0.04613702126681459,0.03263696524235475,0.0,0.0,0.0,,
18.679046000000028,14.516296928948904,-40.81116009018661,-116.07034300304088,-0.027895749924451083,0.044925125718342375,0.03253528092969498,0.0,0.0,0.0,,
18.68865900000003,14.495584385713682,-40.80991260674054,-116.07037766409147,-0.027072365113287592,0.04598671975093436,0.034060099384624405,0.0,0.0,0.0,,
18.698053000000016,14.475115209404708,-40.80611083569294,-116.07524892365953,-0.02475978292769037,0.04811382437518335,0.03745063150420874,0.0,0.0,0.0,,
18.70756300000005,14.45627057052237,-40.80171947415178,-116.08603452956133,-0.022757954198596317,0.04948662067556238,0.039894990610652825,0.0,0.0,0.0,,
18.717070000000035,14.439176832450327,-40.79577479086737,-116.09985059059801,-0.02175145728469799,0.050468192778291,0.04142598413176736,0.0,0.0,0.0,,
18.726582000000008,14.427304379611552,-40.79794658621573,-116.11440878226873,-0.021938371289087114,0.045954969677194306,0.036619994802519054,0.0,0.0,0.0,,
18.736083000000008,14.419915997285218,-40.804565252781664,-116.12584159666383,-0.022310547051632622,0.04560537834264717,0.03604881493990806,0.0,0.0,0.0,,
18.745580000000018,14.41467876471231,-40.81742954350827,-116.13146506367006,-0.023597930908671447,0.0428697290198019,0.03252783403734624,0.0,0.0,0.0,,
18.755093000000045,14.411494951052681,-40.833169646837014,-116.13176389270691,-0.024892946297107515,0.043210125647241755,0.03220315351126222,0.0,0.0,0.0,,
18.76460400000002,14.40501134828977,-40.84717555079469,-116.12532660705219,-0.028224273221302783,0.04413206545244075,0.031453385483115465,0.0,0.0,0.0,,
18.77410900000001,14.394869910837121,-40.854959979093564,-116.11637490248752,-0.02158992779630764,0.06287439696088211,0.015335593074480245,0.0,0.0,0.0,,
18.78362800000002,14.376793134334028,-40.85615171824329,-116.10656959387256,-0.023358235272533348,0.06620407101586512,0.009670968552617896,0.0,0.0,0.0,,
18.793142000000046,14.352213987662411,-40.848785477935664,-116.09995254369097,-0.02324271892747595,0.06957540784398666,0.006679370429203054,0.0,0.0,0.0,,
18.802655000000016,14.317948830345669,-40.83513605986294,-116.09648912196862,-0.02417153980418267,0.0706409717480877,0.006114842734949188,0.0,0.0,0.0,,
18.81215900000001,14.272379559604294,-40.81478630163595,-116.09638950639054,-0.023984511209487594,0.07204554272374578,0.010343368368194127,0.0,0.0,0.0,,
18.821671000000038,14.212368059764499,-40.7892465110043,-116.09546401741525,-0.02409277321177297,0.0723797365382566,0.016785271335407356,0.0,0.0,0.0,,
18.831187,14.143514985653553,-40.7646202058593,-116.09376124182629,-0.030131147866258375,0.050458066530364505,0.03719085019790935,0.0,0.0,0.0,,
18.840688999999998,14.067565496963763,-40.74344336121121,-116.08763552683226,-0.02483647281576809,0.05158764849120796,0.04110519172997923,0.0,0.0,0.0,,
18.850203000000022,13.989779067722313,-40.73358573879564,-116.07586064400424,0.0036878766174818526,0.040686752282359955,0.04431996821337901,0.0,0.0,0.0,,
18.86922100000004,13.859866104612609,-40.74894641362662,-116.0362539467189,0.003624694782699818,0.038850836988037984,0.04236091262422142,0.0,0.0,0.0,,
18.87874400000004,13.815346733909765,-40.764742963241325,-116.01177728775085,0.0037968671154889194,0.040354364485602784,0.04399907941603261,0.0,0.0,0.0,,
18.888248000000033,13.786298361408303,-40.777104589378055,-115.98704600427023,0.012796950419541965,0.06000687170097078,0.028240236624151285,0.0,0.0,0.0,,
18.897766000000047,13.76815313998402,-40.78664574320749,-115.96240729060452,0.013573925414048659,0.06310301036062473,0.02904534931885675,0.0,0.0,0.0,,
18.907271000000037,13.754353394141061,-40.793890344896866,-115.93571646217502,0.012578751396598363,0.060710972435064375,0.030379410913644878,0.0,0.0,0.0,,
18.916782000000012,13.739997834420704,-40.80384377645807,-115.90639716484077,-0.025930975760966472,0.050513098471623795,0.03950877566167717,0.0,0.0,0.0,,
18.926293000000044,13.717919526249212,-40.82541490333065,-115.87085345775269,-0.03714322667184073,0.04842569750044593,0.031674518779232275,0.0,0.0,0.0,,
18.935805000000016,13.685698888971258,-40.85682482644794,-115.82743770009705,-0.04529041988517576,0.047152043649801405,0.02625792124859381,0.0,0.0,0.0,,
18.945316000000048,13.636981860202589,-40.891681799703676,-115.7739115927347,-0.05162655984022589,0.050230613296323355,0.026311666929919066,0.0,0.0,0.0,,
18.95482800000002,13.572466766033857,-40.921445599794744,-115.71472367596087,-0.05442392265661417,0.05369648285618824,0.028567482231823652,0.0,0.0,0.0,,
18.96432500000003,13.495680246462474,-40.93927028155593,-115.65597901355873,-0.044044059840494455,0.07689852956804437,0.013619408492965144,0.0,0.0,0.0,,
18.973844000000042,13.412491744567621,-40.94008229558298,-115.60513873784336,-0.0381425015392798,0.08467715244787023,0.014649541137450114,0.0,0.0,0.0,,
18.983360000000005,13.326696286999109,-40.9279914675746,-115.56713351234593,-0.03390305007171248,0.08589814772365086,0.018343684845548023,0.0,0.0,0.0,,
18.992868000000044,13.249318407481892,-40.90971811235826,-115.5480752649048,-0.0291355821182271,0.07961386353455753,0.02316378025304065,0.0,0.0,0.0,,
19.00237800000002,13.187521899863933,-40.892531101859,-115.54961533528846,-0.029466689613708776,0.05466465376059911,0.04227527996899856,0.0,0.0,0.0,,
19.011888,13.143461844469726,-40.88499283331585,-115.56788477552014,-0.022734685674368853,0.04978936877537567,0.04054417654068727,0.0,0.0,0.0,,
19.021394000000043,13.123890205241475,-40.89183322197111,-115.59971669637848,0.004023482139366236,0.03830393821418971,0.041897487635390376,0.0,0.0,0.0,,
19.030913999999996,13.125164354150217,-40.90924954895892,-115.63803717519221,0.0037720623297871256,0.035653706923874436,0.03897884519756836,0.0,0.0,0.0,,
19.040423000000033,13.146468228604721,-40.93061455786528,-115.67846280846526,0.003736791114031024,0.03521584036877992,0.03846699615837653,0.0,0.0,0.0,,
19.04994400000004,13.17977255392946,-40.94789996048731,-115.71596029137278,0.0038791934697013824,0.03658062685089859,0.039922900370998264,0.0,0.0,0.0,,
19.05944900000003,13.219950830399103,-40.95535555583931,-115.74903625736123,0.012689516383081835,0.05627825723962542,0.02460550075094076,0.0,0.0,0.0,,
19.06895700000001,13.259842437791129,-40.95265707506282,-115.77824856397264,-0.009790633486880035,0.06873479246976116,0.01812596857487472,0.0,0.0,0.0,,
19.078463999999997,13.294648417640113,-40.94290458977821,-115.80305207696651,-0.014552903104629387,0.07044775476059456,0.017332049796057503,0.0,0.0,0.0,,
19.087987999999996,13.316545610388925,-40.93304271497867,-115.82007061019455,-0.02163734937635924,0.06813852633630652,0.016415179606018356,0.0,0.0,0.0,,
19.09748300000001,13.324263321502006,-40.92503435933983,-115.82822525559678,-0.025905517981717776,0.06599083652942778,0.01704600748631899,0.0,0.0,0.0,,
19.107002000000023,13.316269484825565,-40.920807808453766,-115.82743834983395,-0.03504538340043319,0.04890353103602336,0.03316627758955829,0.0,0.0,0.0,,
19.11651500000005,13.293378080869408,-40.921322870657754,-115.81820963009388,-0.03521743610810458,0.048915575495287744,0.03310156306406659,0.0,0.0,0.0,,
19.126025000000027,13.25911189440623,-40.9273036469188,-115.79978973177109,-0.034859280784795325,0.04793606295738528,0.032276928304061876,0.0,0.0,0.0,,
19.135537,13.222572883208082,-40.93919510610227,-115.77955569323318,-0.031323831492043507,0.04517870604423181,0.031194858894925005,0.0,0.0,0.0,,
19.145038999999997,13.186769141237548,-40.95608206044496,-115.75997821901896,-0.029461994903601144,0.044504872775915694,0.03142819537914347,0.0,0.0,0.0,,
19.154555000000016,13.157023002025612,-40.97099235799118,-115.74506671418929,-0.027787017167159287,0.04507428477514981,0.03285385614577474,0.0,0.0,0.0,,
19.164063999999996,13.135012048617813,-40.98594200599869,-115.73757338802113,-0.027140694301225652,0.04580816033512721,0.033927139504495114,0.0,0.0,0.0,,
19.173572000000036,13.12253946306854,-40.994835382184796,-115.73814425629106,-0.02671805953376043,0.04794154234836181,0.036338259904646446,0.0,0.0,0.0,,
19.183082000000013,13.114442684926544,-40.99726281464868,-115.74402647223002,-0.02038460320980553,0.06598586582274839,0.01983860525517794,0.0,0.0,0.0,,
19.192597000000035,13.110472496474346,-40.995050177896275,-115.75317006844993,-0.029501485500941938,0.049128341994702444,0.03616282485501824,0.0,0.0,0.0,,
19.202103000000022,13.106089678053362,-40.992849208662946,-115.76380541746445,-0.031619533185990305,0.04874196748572029,0.034695668209718235,0.0,0.0,0.0,,
19.211621000000036,13.098814593426084,-40.989598924837374,-115.77262625029431,-0.032589177586404686,0.049857965757791056,0.035362197209616045,0.0,0.0,0.0,,
19.221119000000044,13.090364924130991,-40.98754269779769,-115.78068685162238,-0.03109754590461185,0.0515840684395509,0.037891928104176506,0.0,0.0,0.0,,
19.230636000000004,13.081599236777935,-40.9857346971503,-115.78899458983518,-0.03010053096981778,0.05091438332653952,0.03769115478080923,0.0,0.0,0.0,,
19.24014900000003,13.076021711508048,-40.98736723811256,-115.80046062114204,-0.027951151441349548,0.04805575029052395,0.03579229291196636,0.0,0.0,0.0,,
19.24966900000004,13.073842742764912,-40.98717211466014,-115.81624390583923,-0.017735828790922475,0.06538848403685586,0.019206763329298836,0.0,0.0,0.0,,
19.25917000000004,13.075683668013182,-40.98168154951786,-115.83673266570885,-0.014561812145025112,0.06937118428988111,0.01981560324341757,0.0,0.0,0.0,,
19.26868300000001,13.081878090484834,-40.9663499946612,-115.8632242455467,-0.01056566764775124,0.07252135176881158,0.018323104675355358,0.0,0.0,0.0,,
19.27819500000004,13.090002739684868,-40.94690968215389,-115.89190925830687,-0.009792699267296524,0.07254770278438176,0.017645225846830054,0.0,0.0,0.0,,
19.287705000000017,13.102316310004948,-40.928325211003724,-115.921622633761,-0.010620904556916373,0.06694626507690905,0.022967660615182964,0.0,0.0,0.0,,
19.297212000000002,13.11261183861896,-40.914956650711495,-115.94593434838589,-0.021081769484668604,0.04666977407519403,0.037778520219208425,0.0,0.0,0.0,,
19.306730000000016,13.119853065949327,-40.91097644718209,-115.96108009196811,-0.023590598607232515,0.04421154622164549,0.03395392280888798,0.0,0.0,0.0,,
19.316227000000026,13.123511422076707,-40.91303700420977,-115.96711754142268,-0.024488457339639606,0.045028015541498545,0.034339900610550284,0.0,0.0,0.0,,
19.325752000000023,13.123909608038991,-40.91648034648802,-115.96419858472052,-0.025145175360613992,0.047638229470469105,0.03671405660103871,0.0,0.0,0.0,,
19.33525400000002,13.119217377851362,-40.92445279909143,-115.9527260829407,-0.027893941094227236,0.04786433545612648,0.03556075682057553,0.0,0.0,0.0,,
19.344762000000003,13.111656870966101,-40.934495201665335,-115.93785194800375,-0.03069341620423947,0.047265588976002346,0.03352925410243445,0.0,0.0,0.0,,
19.354269000000045,13.101180443197595,-40.94394698592202,-115.92271417895265,-0.03302715466279891,0.04838011734693466,0.03351223749328737,0.0,0.0,0.0,,
19.36378400000001,13.093393334918968,-40.94879566736329,-115.9149898325118,-0.0235949338809363,0.06630035192176248,0.017189430520119963,0.0,0.0,0.0,,
19.37330400000002,13.084951460836574,-40.94677964857215,-115.91596951511941,-0.02328888529845996,0.07014751738036112,0.019884276499353044,0.0,0.0,0.0,,
19.382817000000045,13.077940304107377,-40.939021349688765,-115.92700946427726,-0.03049095519407881,0.05346437168943267,0.04006346056535696,0.0,0.0,0.0,,
19.39232000000004,13.07209275829572,-40.929213016374824,-115.94613984443397,-0.029662512266304463,0.051770077282611744,0.038718779616200155,0.0,0.0,0.0,,
19.401824000000033,13.069681851121189,-40.92502053443241,-115.97101050535646,-0.028085101435699308,0.04853951332393833,0.036146663079867275,0.0,0.0,0.0,,
19.41134100000005,13.07011763861551,-40.92673524724834,-115.99779489470092,-0.02652455957378234,0.045368056384657345,0.033620683554014104,0.0,0.0,0.0,,
19.42085000000003,13.071739706357407,-40.93670196261756,-116.02173942550192,-0.025699594728958882,0.04198286439766447,0.03049780212754871,0.0,0.0,0.0,,
19.43035900000001,13.071269829885109,-40.95308579572417,-116.03752652851806,-0.025567904816946603,0.0425982278487775,0.031170717896528404,0.0,0.0,0.0,,
19.439865999999995,13.06586995347022,-40.96725251360314,-116.04170154787641,-0.026442501460532807,0.04434494263646329,0.03251688811002832,0.0,0.0,0.0,,
19.449382000000014,13.05807549098946,-40.97951077349318,-116.03786477190437,-0.027031582937342404,0.04631783670820164,0.03424916470409423,0.0,0.0,0.0,,
19.458905000000016,13.051232744717828,-40.98827101759072,-116.03039400271534,-0.026252124101322813,0.048002605792667345,0.03638117356536172,0.0,0.0,0.0,,
19.46840900000001,13.04181569894483,-40.99082637518608,-116.02118944620933,-0.027643956881204017,0.051330639790064504,0.03912500037516108,0.0,0.0,0.0,,
19.47792400000003,13.033886249649214,-40.987800023921736,-116.0165671939893,-0.027748341399432892,0.05166137721630752,0.03942294076816299,0.0,0.0,0.0,,
19.487420000000043,13.02865234292769,-40.983382938918595,-116.01951767316774,-0.029127640323082838,0.051538976432641714,0.03860319193185375,0.0,0.0,0.0,,
19.496933000000013,13.028681604761912,-40.9815881230634,-116.0311498750585,-0.029867734734966213,0.04921230314226584,0.03581377956463836,0.0,0.0,0.0,,
19.506448000000034,13.032970668086133,-40.98055123340341,-116.04916937514353,-0.0312863135584665,0.04762750302178568,0.03344139700864187,0.0,0.0,0.0,,
19.51596600000005,13.042089948877715,-40.98238076618602,-116.07147200384733,-0.03212315078871869,0.047427690241476514,0.03278732527066535,0.0,0.0,0.0,,
19.52547100000004,13.05133352539727,-40.98365347619277,-116.09209059035707,-0.025484253102383423,0.06624296762385054,0.015252325861174313,0.0,0.0,0.0,,
19.534987,13.059602131324542,-40.97843705290378,-116.10865015335206,-0.023891600426571305,0.07376263180038528,0.013135897260563622,0.0,0.0,0.0,,
19.544492000000048,13.06410995648163,-40.964887879337155,-116.11954223470532,-0.021807439133534928,0.08018458235403839,0.015156666711006739,0.0,0.0,0.0,,
19.553999000000033,13.065860804477731,-40.944169781298456,-116.12687534437286,-0.019273848584344867,0.08307443306625706,0.017264389901381964,0.0,0.0,0.0,,
19.563512000000003,13.063190393283868,-40.91869667977706,-116.1332075742972,-0.018206419581852082,0.08108098239358046,0.019266663514243998,0.0,0.0,0.0,,
19.573027000000025,13.058912283736326,-40.89574532159678,-116.14207055210782,-0.017368809328491542,0.07357299692935147,0.02171640569947491,0.0,0.0,0.0,,
19.582538999999997,13.056076164115348,-40.877797842682305,-116.15557740784007,-0.022917815486313796,0.050366649850691815,0.04056005644461626,0.0,0.0,0.0,,
19.592039999999997,13.058489417517517,-40.86733682314286,-116.1763600551804,0.004501712410860019,0.0385672209448688,0.04229818357725223,0.0,0.0,0.0,,
19.601562,13.067616239236834,-40.86597149611664,-116.20363950921814,0.004224434978989375,0.03611659089132484,0.03961017463584806,0.0,0.0,0.0,,
19.611068000000046,13.083012354072201,-40.86952901406677,-116.23518078379301,0.004046542895682776,0.03453921997374672,0.03787144362705443,0.0,0.0,0.0,,
19.620581000000016,13.10889154830705,-40.87814226385682,-116.27125312975066,0.0038896990743121115,0.03318943613252752,0.03637290292426862,0.0,0.0,0.0,,
19.63009500000004,13.139435805907988,-40.88696930327825,-116.30655956120485,0.003826027435606348,0.0326714699822671,0.03578473473489667,0.0,0.0,0.0,,
19.63960400000002,13.169475719662083,-40.894837431714926,-116.33659834500298,0.01273980080030511,0.050914103805219116,0.018741069116420418,0.0,0.0,0.0,,
19.649110000000007,13.193167609300916,-40.89975910626237,-116.35790365537875,0.013007249146606245,0.05252361569277781,0.02006007276678066,0.0,0.0,0.0,,
19.65862500000003,13.207247470860523,-40.90241846236882,-116.36897968998703,-0.01338302827682156,0.06160893535411632,0.016984341136409897,0.0,0.0,0.0,,
19.66813300000001,13.209265757355148,-40.90367670246344,-116.3679344037564,-0.026310601157269263,0.04713844476334469,0.03526187452748042,0.0,0.0,0.0,,
19.67764600000004,13.198625445165224,-40.90547579302904,-116.35508873951242,-0.028220629983933453,0.049945632777475824,0.03719577888117053,0.0,0.0,0.0,,
19.68715500000002,13.173155691853419,-40.91184558639191,-116.32839916963997,-0.03268659454893438,0.0494818986737618,0.034447660441335154,0.0,0.0,0.0,,
19.696680000000015,13.138816417481552,-40.92169537494259,-116.29309650571514,-0.03334946310402691,0.050029948742138106,0.0347001936203884,0.0,0.0,0.0,,
19.706182000000013,13.097307092627155,-40.93598571823214,-116.25281234430273,-0.034519282494259354,0.05144114356631683,0.035587535944249064,0.0,0.0,0.0,,
19.715696000000037,13.056831958580018,-40.95505587070627,-116.21355144804735,-0.033911580974151416,0.049778482280487125,0.034196617042416236,0.0,0.0,0.0,,
19.725197000000037,13.022105345756268,-40.978096552011586,-116.18097185681525,-0.033894889897302945,0.047669754522546084,0.03203301426195369,0.0,0.0,0.0,,
19.734713,12.993213439282307,-41.00218995032097,-116.15662533636706,-0.03514894641221229,0.045475834759605316,0.029129882207594007,0.0,0.0,0.0,,
19.74422100000004,12.974312586230303,-41.02033138215868,-116.14446010393056,-0.034102168770941285,0.047812152331990515,0.03206499434130781,0.0,0.0,0.0,,
19.75373000000002,12.964651077283943,-41.03129855290592,-116.14436112583391,-0.03424144657272416,0.04929665216627505,0.03351349278902787,0.0,0.0,0.0,,
19.763244000000043,12.961949634856113,-41.036311647221886,-116.15397411245318,-0.03478979676353903,0.05019837938326722,0.03414968528034253,0.0,0.0,0.0,,
19.77275000000003,12.966374663271761,-41.03636041017198,-116.17078497598763,-0.03441250039107816,0.04976011594628441,0.033870923065932326,0.0,0.0,0.0,,
19.782269000000042,12.975222490932524,-41.03122472990526,-116.19119342002307,-0.034316785877129496,0.04954769103275478,0.03368493666856967,0.0,0.0,0.0,,
19.791769000000045,12.982440638060032,-41.02050394469193,-116.21113775802257,-0.034153725648640464,0.0518212168868613,0.03610414562500726,0.0,0.0,0.0,,
19.801282000000015,12.989677820275297,-41.00652764083865,-116.23111002743613,-0.03138257846497712,0.05409031856559662,0.03985010325354907,0.0,0.0,0.0,,
19.810797000000036,12.994897161436347,-40.98987734346856,-116.24962704897827,-0.021466445544839372,0.07136223457961334,0.023399514532408135,0.0,0.0,0.0,,
19.820310000000006,13.000409688409059,-40.973273805418835,-116.26726848069822,-0.018738098639584398,0.07041613886804288,0.020431095175889813,0.0,0.0,0.0,,
19.829814,13.007478470331746,-40.95476199556666,-116.28688460958533,-0.015098796460696168,0.0712764071029375,0.01834375738086385,0.0,0.0,0.0,,
19.83932200000004,13.016072203102802,-40.936016202671716,-116.30905678933378,-0.012404889017955199,0.07146008791912052,0.017313815713192647,0.0,0.0,0.0,,
19.84884500000004,13.026164847774494,-40.918918025160224,-116.33323587823858,-0.010777597337454507,0.07220906522869855,0.01591528515632861,0.0,0.0,0.0,,
19.85835400000002,13.04064060088148,-40.905968602497154,-116.36002957402053,-0.01077859521346074,0.06852302873705056,0.016830128410630255,0.0,0.0,0.0,,
19.867864999999995,13.058101854970925,-40.89575557430984,-116.39001699268852,-0.010453239565730032,0.06653325504530742,0.015879748730222503,0.0,0.0,0.0,,
19.877364,13.077688938565773,-40.88741010685901,-116.42129824161857,-0.010072709858374287,0.06386224295086473,0.017567331871279686,0.0,0.0,0.0,,
19.886888,13.093354848931416,-40.881595923251275,-116.44866669836108,-0.012135406909730561,0.06356524532806405,0.020031014177748756,0.0,0.0,0.0,,
19.896398000000033,13.10514233148891,-40.87800774350262,-116.47357900031479,-0.020898755500482105,0.04678620012130347,0.03762190301720991,0.0,0.0,0.0,,
19.905913999999996,13.112065706922037,-40.874915785137816,-116.49269842150444,-0.02148019985610504,0.046630656979086846,0.037150205757505016,0.0,0.0,0.0,,
19.91542000000004,13.11497297723396,-40.871749448828524,-116.50608312741619,-0.020752072682829744,0.047064240679087536,0.03796744032467956,0.0,0.0,0.0,,
19.924937,13.114878703788106,-40.87214744978177,-116.51390625333627,-0.01973806293570995,0.045554131240815164,0.03692225243985346,0.0,0.0,0.0,,
19.93444100000005,13.11093372172359,-40.87604841600371,-116.5150112960646,-0.021553001033234032,0.04378127152219168,0.034147239074293345,0.0,0.0,0.0,,
19.943951000000027,13.105831963375376,-40.87910667206624,-116.51160182777193,-0.020683484341686733,0.04641068788554219,0.037312914313734145,0.0,0.0,0.0,,
19.953456000000017,13.101947078797428,-40.88562921645681,-116.50610914745951,-0.021540182854437994,0.04468767476901131,0.03508614441989569,0.0,0.0,0.0,,
19.962973000000034,13.100725122366505,-40.89149445426438,-116.50110792823433,-0.021328022500077395,0.046196233185537394,0.03675116751158591,0.0,0.0,0.0,,
19.972488,13.098103456355318,-40.89986717913531,-116.49566387820943,-0.024920452669913936,0.0455409118183664,0.03421739780596707,0.0,0.0,0.0,,
19.98199500000004,13.097132229457223,-40.909727710849765,-116.49259762157583,-0.02618824669553059,0.04653881356846315,0.034586164897069206,0.0,0.0,0.0,,
19.99150000000003,13.095133036736502,-40.9209510687277,-116.4919020806424,-0.029386640484581783,0.04714670695525328,0.03355489285477166,0.0,0.0,0.0,,
20.001017000000047,13.089986414517831,-40.93314020174134,-116.49126144342311,-0.031883962146217706,0.04923639077965627,0.0344131760698355,0.0,0.0,0.0,,
20.010520000000042,13.081908410922118,-40.94672823793654,-116.49163568038455,-0.03318471729147876,0.049074441433965756,0.03356053260724767,0.0,0.0,0.0,,
20.02004500000004,13.067638550398689,-40.95583682789433,-116.49048467586259,-0.034230836380336895,0.05236273565474079,0.0364041966552928,0.0,0.0,0.0,,
20.02954600000004,13.045529385342105,-40.96284583291329,-116.48570874352161,-0.03569644781206704,0.05336649162378507,0.036682344320017254,0.0,0.0,0.0,,
20.039061000000004,13.020266486619715,-40.96690989558156,-116.48018292743203,-0.03455414983212305,0.05401183209678366,0.03793516130279113,0.0,0.0,0.0,,
20.048561000000007,12.991101876159668,-40.96776897274893,-116.47294240184465,-0.0336434580401821,0.05435572692999774,0.03876408437711694,0.0,0.0,0.0,,
20.058086000000003,12.96423888503797,-40.96842995676279,-116.46635830708387,-0.03178127503642101,0.053030419517262284,0.03835982518674248,0.0,0.0,0.0,,
20.067611999999997,12.942556305057577,-40.96995279665038,-116.4614571549461,-0.029500661435528947,0.04988056796622127,0.036285865911992274,0.0,0.0,0.0,,
20.07712200000003,12.927871130142215,-40.97423068299122,-116.4591779573274,-0.027571433865093073,0.0484151551814182,0.03576180594796461,0.0,0.0,0.0,,
20.086626000000024,12.92040940232706,-40.980412845426464,-116.45874429199162,-0.02745234133158187,0.046539721702386974,0.03388270546183242,0.0,0.0,0.0,,
20.096134000000006,12.917890680171608,-40.985049410470324,-116.45957386346991,-0.027777925218731837,0.04736294422587479,0.03455769754855926,0.0,0.0,0.0,,
20.105643000000043,12.920772756662428,-40.98807989072679,-116.46279194782339,-0.0277390435993205,0.047894902483610856,0.03511903504358509,0.0,0.0,0.0,,
20.115155000000016,12.926478649273996,-40.984088321565686,-116.46796718351212,-0.02796981039937371,0.05050839335699245,0.03769365143611953,0.0,0.0,0.0,,
20.12465100000003,12.933159314772166,-40.9797781034523,-116.47764378012775,-0.027771817316215523,0.05093803706578036,0.038234476685886046,0.0,0.0,0.0,,
20.13417400000003,12.937985103352707,-40.97641259633691,-116.48916587218638,-0.029270672933252685,0.050899145477079646,0.03741822432248927,0.0,0.0,0.0,,
20.143676000000028,12.944858677104529,-40.96993336727388,-116.50739134022126,-0.025684751249045276,0.049879653188151026,0.03820129369582576,0.0,0.0,0.0,,
20.15320700000001,12.946986519880465,-40.96687411342801,-116.5283905610149,-0.025433822503575253,0.048255696182975504,0.03664198047495363,0.0,0.0,0.0,,
20.162712,12.949675848428452,-40.96375097364343,-116.55287492901704,-0.023025953936586577,0.04678722435445007,0.036350978083716914,0.0,0.0,0.0,,
20.17223100000001,12.950682296336415,-40.96202206328549,-116.57888287514638,-0.02044616185529891,0.044587974967824115,0.035395493373974414,0.0,0.0,0.0,,
20.181736,12.95007652589628,-40.961707494738086,-116.60100290670702,-0.01959129610690193,0.04363692412777304,0.034840250284340735,0.0,0.0,0.0,,
20.191237,12.94906612876905,-40.967279710311296,-116.61823498831082,-0.019610070475325092,0.041308466223480333,0.03241343177620817,0.0,0.0,0.0,,
20.200758000000008,12.947346768267918,-40.97304051022951,-116.62758970564825,0.004366296227715897,0.034055540680299715,0.03730793780861465,0.0,0.0,0.0,,
20.210259000000008,12.941530208864478,-40.97736677787735,-116.62526088291585,-0.020093322081528305,0.04393201968159843,0.034847646239286205,0.0,0.0,0.0,,
20.21978100000001,12.93030018032007,-40.977487824710536,-116.61097024395545,-0.021369815326998384,0.04773565778731789,0.0381152066953683,0.0,0.0,0.0,,
20.229282000000012,12.914029114847612,-40.97715826619502,-116.58551407641764,-0.02478018829242504,0.04931105346607021,0.03800116013817205,0.0,0.0,0.0,,
20.238800000000026,12.890414152368717,-40.97914928811094,-116.55014432884761,-0.02974065277292967,0.051047199938871524,0.03726531052994043,0.0,0.0,0.0,,
20.248294000000044,12.864440625791556,-40.98461173494051,-116.51058630527022,-0.032688974646717245,0.051465391475687274,0.03621339179122325,0.0,0.0,0.0,,
20.257813999999996,12.835126706705353,-40.9945555176511,-116.46788652724642,-0.037683600272420945,0.05223341743095808,0.03447521976210643,0.0,0.0,0.0,,
20.26731600000005,12.807215778290175,-41.009344775983294,-116.42830584791679,-0.04078670602279757,0.05106476971377526,0.03171077952556091,0.0,0.0,0.0,,
20.27682900000002,12.780452131014767,-41.02024912913582,-116.39430417288756,-0.04299351705849009,0.053333817460177166,0.03294774000999614,0.0,0.0,0.0,,
20.286329000000023,12.757072203455687,-41.02450770522053,-116.3708286481366,-0.04277871997331472,0.05631518751840489,0.036151875952158866,0.0,0.0,0.0,,
20.29585800000001,12.736335850874363,-41.016501590662706,-116.3600795392494,-0.03195591315662667,0.079159753338496,0.019815504086866775,0.0,0.0,0.0,,
20.305364999999995,12.720714030836108,-40.99885653055768,-116.36548384509787,-0.028149717388049347,0.07996911352674083,0.019990640925993862,0.0,0.0,0.0,,
20.314873000000034,12.711560229414848,-40.97293774982641,-116.3858265582703,-0.023609253979236123,0.07819265220855762,0.02101498473490562,0.0,0.0,0.0,,
20.324375000000032,12.705378130800847,-40.94739043671983,-116.41575604888028,-0.02213737999136935,0.0719514392931253,0.022174424517848738,0.0,0.0,0.0,,
20.33389500000004,12.70683279329246,-40.93184096576648,-116.45459489482458,-0.02721562675961272,0.04740846934504947,0.03496305115694181,0.0,0.0,0.0,,
20.343395000000044,12.712046334517611,-40.925431666419634,-116.49415972054908,-0.023392269499770045,0.04426779921271752,0.033659970473033624,0.0,0.0,0.0,,
20.352914999999996,12.7211477691518,-40.926773797666264,-116.5315540419396,0.004379130638802105,0.03318479551157616,0.03649886187929536,0.0,0.0,0.0,,
20.362418000000048,12.733869318433662,-40.9339420747883,-116.56457831530034,0.004378736426456242,0.033104602144387485,0.03639947498498076,0.0,0.0,0.0,,
20.371931000000018,12.748429624153534,-40.941361497444625,-116.5910894173473,0.00448214948127489,0.03384882151176047,0.03720465568606316,0.0,0.0,0.0,,
20.38143500000001,12.762574765562103,-40.945685653530134,-116.61023629781046,0.0044909764492652975,0.03391360410482659,0.037266004099052855,0.0,0.0,0.0,,
20.390954000000022,12.779696025660778,-40.947201657546984,-116.62615030450961,0.004362762497543219,0.03298113012932008,0.03623349228618183,0.0,0.0,0.0,,
20.400468000000046,12.80020785183417,-40.95019584305316,-116.64152183509962,0.004212977167977776,0.03190424797844,0.035039670031755565,0.0,0.0,0.0,,
20.40998400000001,12.82036419641661,-40.95233329261775,-116.65437865145569,0.004320199852342067,0.03278345502647229,0.03599517834876114,0.0,0.0,0.0,,
20.419492000000048,12.83749033785587,-40.955581710698965,-116.6634563089944,-0.019616787194669773,0.042580507641303,0.03370030005498947,0.0,0.0,0.0,,
20.429003000000023,12.85121959297935,-40.95547764691687,-116.66765773147665,-0.022993449420850427,0.04729944451726461,0.036809888433249296,0.0,0.0,0.0,,
20.438508000000013,12.853775770492685,-40.95512446660486,-116.6623645223218,-0.028359406193239182,0.05213020465497274,0.039014566557551374,0.0,0.0,0.0,,
20.44802100000004,12.843824575690626,-40.953484707680595,-116.64489692053561,-0.025013423236416338,0.07298051950985329,0.02286653751615271,0.0,0.0,0.0,,
20.457550000000026,12.821812178953417,-40.95056727933171,-116.6165544024017,-0.02806800335208464,0.0750635502412871,0.0235295148727537,0.0,0.0,0.0,,
20.46705000000003,12.786816656000243,-40.951849026239785,-116.5782099162337,-0.04077692770904577,0.05838026516796129,0.0391404040229339,0.0,0.0,0.0,,
20.47655500000002,12.74509196412352,-40.957201331373504,-116.53575245406181,-0.041598679799834774,0.057054324973310484,0.03739678091087666,0.0,0.0,0.0,,
20.486075000000028,12.700883389917635,-40.963622329550624,-116.4969588036249,-0.04129441988286972,0.056735302085774535,0.03726470318619285,0.0,0.0,0.0,,
20.495582000000013,12.660503483350583,-40.974677287100015,-116.46843607667132,-0.0401076160504928,0.05430661847783947,0.0353916564368058,0.0,0.0,0.0,,
20.505093000000045,12.631246064409536,-40.98565483547453,-116.45737370095917,-0.03615181976548813,0.05220042169294636,0.03524955319940849,0.0,0.0,0.0,,
20.51460400000002,12.615461904658211,-40.995857158947956,-116.46656102870502,-0.033999021108746724,0.050372512873122145,0.034447835621380304,0.0,0.0,0.0,,
20.524112000000002,12.614489376828967,-41.002111108943325,-116.49595979560868,-0.03050766756065508,0.04930575478675377,0.035102531742620485,0.0,0.0,0.0,,
20.53362900000002,12.62729940828593,-41.00561338222186,-116.54066946334343,-0.028672552671903287,0.04793494769582901,0.03458657223840729,0.0,0.0,0.0,,
20.54313000000002,12.652547239263601,-41.00376575578105,-116.59536145124606,-0.02616782609527591,0.04751905346684877,0.03539915134783676,0.0,0.0,0.0,,
20.55264500000004,12.681268814714661,-40.99626343980377,-116.64935028563193,-0.02505637284506971,0.047858413756158485,0.03628258772546545,0.0,0.0,0.0,,
20.56215400000002,12.710672999852829,-40.984977686221775,-116.69796534547642,-0.014150617964560026,0.06693216671434377,0.018180313114356004,0.0,0.0,0.0,,
20.571661000000006,12.73793095848028,-40.967062284784234,-116.7364924959566,-0.010991054107561607,0.06999976677361487,0.018484815831499003,0.0,0.0,0.0,,
20.581169000000045,12.759471040630082,-40.950116897757354,-116.762610347204,-0.010337346493743295,0.06826171220891533,0.01849493467281726,0.0,0.0,0.0,,
20.590688999999998,12.776590809441215,-40.933344704899525,-116.77910466493555,-0.009371940654884139,0.06666613488944154,0.017328684445415125,0.0,0.0,0.0,,
20.600199000000032,12.785702038368585,-40.91974867407682,-116.78671661255092,-0.011332252651457961,0.06516277893517759,0.018772153275252435,0.0,0.0,0.0,,
20.60970500000002,12.795791151689105,-40.913406488460254,-116.79373126221648,-0.010264137957787942,0.059781764037350346,0.016523590080621917,0.0,0.0,0.0,,
20.619214999999997,12.805129819717079,-40.912648120690314,-116.80125443008873,-0.019718119187103245,0.04227766926749914,0.03328494609509065,0.0,0.0,0.0,,
20.628724000000034,12.814348968838221,-40.91536511599542,-116.81123658635947,-0.020340068605339056,0.042016184052615396,0.032681437899032696,0.0,0.0,0.0,,
20.638239,12.825236885734213,-40.92002870213765,-116.82493895940082,-0.020415105576745723,0.044156731728622035,0.034830403273178115,0.0,0.0,0.0,,
20.64775800000001,12.835428557817949,-40.923028817687246,-116.83988647882586,-0.021443430315967977,0.04625805056838207,0.03644242709056252,0.0,0.0,0.0,,
20.657256000000018,12.842169716981168,-40.923140834836026,-116.85327777843867,-0.014269165497039752,0.06526822915640113,0.020949516148580746,0.0,0.0,0.0,,
20.666761000000008,12.844743125810869,-40.92070460417416,-116.86345090117814,-0.02423279711303846,0.049416354759233026,0.03822263092868669,0.0,0.0,0.0,,
20.67628400000001,12.8418290425464,-40.91498903115331,-116.86782201338639,-0.02494963387727384,0.05097070464357883,0.039452514719057634,0.0,0.0,0.0,,
20.685789999999997,12.833155751107387,-40.9080388721827,-116.86541227508606,-0.026780710930037872,0.050820709645682964,0.038354986217801826,0.0,0.0,0.0,,
20.695310000000006,12.819683879503,-40.903705377055005,-116.8573006242173,-0.027934818336050896,0.051651584513634705,0.03862228632015371,0.0,0.0,0.0,,
20.704817000000048,12.802845886007004,-40.90125408019057,-116.84369949872912,-0.03000100425899997,0.052450189956492844,0.03838436006816335,0.0,0.0,0.0,,
20.714331000000016,12.78651692656405,-40.904957245116414,-116.82901361091255,-0.030609117675274886,0.051621149040174605,0.037223583088901654,0.0,0.0,0.0,,
20.723838,12.772159051074793,-40.912849442847225,-116.81535191216662,-0.03197794296752265,0.05057169401197482,0.035433857428124854,0.0,0.0,0.0,,
20.73335000000003,12.758892420089131,-40.924372506406414,-116.8034212682346,-0.03396503894864807,0.05027318170364296,0.0340909412995964,0.0,0.0,0.0,,
20.742860000000007,12.745694693857855,-40.937513799380916,-116.79423606613459,-0.035082466063116845,0.051068337904098794,0.0343225066122342,0.0,0.0,0.0,,
20.752363000000003,12.731550227211086,-40.94818862121432,-116.7870155947555,-0.036328719883320294,0.050860699173091946,0.03345657126822412,0.0,0.0,0.0,,
20.761878000000024,12.720785254902534,-40.95365108739175,-116.78439706707128,-0.03364479197147051,0.0518769279873736,0.0358919712773812,0.0,0.0,0.0,,
20.77139200000005,12.712348290167306,-40.95440913972002,-116.78753239467284,-0.032138945516686314,0.051543944011485314,0.03632711246618805,0.0,0.0,0.0,,
20.78090400000002,12.70780436349272,-40.95159986381302,-116.79742362682924,-0.028885773834940773,0.050439950849153384,0.03687490788861219,0.0,0.0,0.0,,
20.790411000000006,12.709168855682696,-40.946539655924646,-116.81538514464235,-0.024661850928589166,0.050033121305640096,0.03864163297602276,0.0,0.0,0.0,,
20.799927000000025,12.71551289128286,-40.94527149968933,-116.84207685162102,-0.022506077367223112,0.04711155071681179,0.03673679982656546,0.0,0.0,0.0,,
20.80944800000003,12.726524288722374,-40.94425932040454,-116.87498067185274,-0.020408404925489603,0.045930373927139605,0.036589289271640665,0.0,0.0,0.0,,
20.818960000000004,12.73845636645164,-40.948062614699026,-116.91048173058792,-0.019602884451379414,0.0440259539997373,0.03501958145782939,0.0,0.0,0.0,,
20.828454000000022,12.746640724588682,-40.95275994343779,-116.94119061295301,-0.02107997296439295,0.044250445696609214,0.034450132311398415,0.0,0.0,0.0,,
20.837963000000002,12.748268166596139,-40.96081401980592,-116.96068350806534,-0.023769873364684505,0.04369513955188578,0.03245009531389626,0.0,0.0,0.0,,
20.847481000000016,12.741128323486718,-40.97151066941047,-116.96493576915114,-0.018576202454027257,0.061009404317897975,0.013198010583437387,0.0,0.0,0.0,,
20.856992000000048,12.72217912263058,-40.98010816952828,-116.94953265734166,-0.020855786126714456,0.06439200254662682,0.013451226760593378,0.0,0.0,0.0,,
20.866499000000033,12.695275690045893,-40.98512308502452,-116.91799412202474,-0.022860275257987353,0.06799932280249414,0.016032770932013694,0.0,0.0,0.0,,
20.87600500000002,12.66310230632351,-40.98746198241769,-116.87663636971962,-0.024600737543820358,0.06892936849746577,0.018306963369557883,0.0,0.0,0.0,,
20.885524000000032,12.629385704548584,-40.98168040627624,-116.8328188208026,-0.032808533934855166,0.054989681873603015,0.03943638817004699,0.0,0.0,0.0,,
20.895020000000045,12.599848600919362,-40.96802964641413,-116.79667336276754,-0.030161649362308866,0.057845210690551326,0.04380438778353,0.0,0.0,0.0,,
20.904536000000007,12.58169607064489,-40.95189839302502,-116.77879718169619,-0.026625707660814967,0.05785010402714595,0.045689166878863305,0.0,0.0,0.0,,
20.91405400000002,12.576574543365775,-40.93453999531891,-116.78391160918345,-0.02401691126635023,0.055799369695546414,0.044956637079320086,0.0,0.0,0.0,,
20.923564,12.590428616026344,-40.91993668264889,-116.81539309344127,-0.01940550013175777,0.05093055959926164,0.04233736201776007,0.0,0.0,0.0,,
20.933073000000036,12.624479879699285,-40.91145005412064,-116.87076611096569,0.0052712359232680904,0.03755476652530957,0.04140705694777881,0.0,0.0,0.0,,
20.942594000000042,12.677804547255356,-40.90904391645641,-116.94523029792825,0.004663977943932474,0.03324070433662889,0.03663634935562752,0.0,0.0,0.0,,
20.952095000000043,12.741284764123042,-40.911315077918545,-117.02624431328563,0.013159454755897564,0.04859513864448197,0.0179271548793694,0.0,0.0,0.0,,
20.961611000000005,12.809367210140405,-40.913003609446356,-117.10702498209594,0.015456457769084704,0.05481753580393971,0.016903842502243634,0.0,0.0,0.0,,
20.97111700000005,12.867703950952222,-40.91099254793718,-117.17565168232251,0.01774175783536294,0.06144651608100549,0.016744435946605428,0.0,0.0,0.0,,
20.980625000000032,12.906200112860194,-40.90365300815739,-117.22333288586896,-0.008657007677925654,0.07301819115717074,0.012593078294928743,0.0,0.0,0.0,,
20.990143000000046,12.915801683520751,-40.89831167133633,-117.24412274581297,-0.01651145407681324,0.07179912262203673,0.013996424740098736,0.0,0.0,0.0,,
20.999644000000046,12.893211210306525,-40.898444610027894,-117.23527431925855,-0.0329271614047699,0.05166226857855642,0.03563435800171358,0.0,0.0,0.0,,
21.009164,12.843781321648688,-40.905478398363236,-117.20215061673655,-0.03407962071822272,0.05063703726101066,0.034000305699857854,0.0,0.0,0.0,,
21.018673000000035,12.77450491134198,-40.926056084444305,-117.15074646112097,-0.03383560001023637,0.04732384297461333,0.030759113233479237,0.0,0.0,0.0,,
21.02819100000005,12.698081209411951,-40.95309201438703,-117.09187917776089,-0.030628109407184908,0.04732450637298721,0.03247486198245835,0.0,0.0,0.0,,
21.037687000000005,12.626349870490904,-40.9759419216896,-117.03596431239835,-0.024371790208014707,0.05072445751901146,0.03926449400371434,0.0,0.0,0.0,,
21.047195000000045,12.565290735239259,-40.988432106102934,-116.99034817191908,-0.021218448545466527,0.05357265601480651,0.043855996306428155,0.0,0.0,0.0,,
21.05671600000005,12.525073828439083,-40.98860749340609,-116.96194843619159,-0.009933800640838772,0.07558884034873337,0.034163254367501186,0.0,0.0,0.0,,
21.06621800000005,12.505061766585962,-40.98243374701432,-116.95026474157424,-0.01939794424084558,0.059113863756998584,0.05053549138064025,0.0,0.0,0.0,,
21.07572300000004,12.502348401242825,-40.97266998305244,-116.95084114735857,-0.024647500352636752,0.05583441720299985,0.04444664816475243,0.0,0.0,0.0,,
21.08524600000004,12.51421961748013,-40.97307573034852,-116.9583153314633,-0.03192867746088831,0.04959304942688507,0.034232334982571826,0.0,0.0,0.0,,
21.104259000000013,12.563732738597286,-41.02833491150816,-116.97730903883722,-0.047533539664560934,0.03948336713077238,0.015657012427760537,0.0,0.0,0.0,,
21.11376800000005,12.592292479690396,-41.066395422517445,-116.9845487612765,-0.05130173560869435,0.04179658244491041,0.016030755629763152,0.0,0.0,0.0,,
21.12328100000002,12.6121335739946,-41.09483206993017,-116.99214475973454,-0.04093835992424743,0.07494285433919488,-0.0027917373205268645,0.0,0.0,0.0,,
21.13279600000004,12.61697927379539,-41.099914469604464,-117.00418422897279,-0.03647593801268265,0.09109283416253341,-0.00042869818860882564,0.0,0.0,0.0,,
21.142312000000004,12.602457116359206,-41.07463321170038,-117.02521978414596,-0.030039663092461234,0.10150840549170939,0.007762441832371871,0.0,0.0,0.0,,
21.151827000000026,12.567344912149169,-41.03160642442862,-117.05519466823128,-0.026989693615225546,0.09624524058089814,0.020092745079146254,0.0,0.0,0.0,,
21.16133400000001,12.51990874698269,-40.98662904532065,-117.09611061066724,-0.030146483386451994,0.061223083922081305,0.046925175961508366,0.0,0.0,0.0,,
21.18036600000005,12.426597276665841,-40.952239808693335,-117.1853557600447,0.004970546545233462,0.03285432062273249,0.03629294963837127,0.0,0.0,0.0,,
21.189872000000037,12.406735604476605,-40.97325003413539,-117.22352269707292,0.004361289069353494,0.02857759831859461,0.031558061314068166,0.0,0.0,0.0,,
21.199382000000014,12.416838385437828,-41.00971588341318,-117.25480400062244,0.004024250361866651,0.02627864477078545,0.028984021747449892,0.0,0.0,0.0,,
21.208884000000012,12.46039059979172,-41.04890503377496,-117.28044565123194,0.004174331083536666,0.027332888751150548,0.03009468452319598,0.0,0.0,0.0,,
21.218398000000036,12.534561580290854,-41.07926015354509,-117.30395461676436,0.004644699674482792,0.03067203256877893,0.03370962624467592,0.0,0.0,0.0,,
21.227912000000003,12.631581483277708,-41.09217924116288,-117.3281218479997,0.017088559980152507,0.0560216799932705,0.012142983895518954,0.0,0.0,0.0,,
21.237415999999996,12.732834598171069,-41.08503444776545,-117.34996835681682,0.020964621884754845,0.06527208593381509,0.007791021528962708,0.0,0.0,0.0,,
21.246928000000025,12.822705528511888,-41.06593678534229,-117.36761365292493,-0.012075554452412644,0.07813272760931368,0.003500070004157285,0.0,0.0,0.0,,
21.256436000000008,12.886181768802178,-41.0417643240223,-117.37469206121514,-0.029743577373491755,0.0810496847364466,0.004339132313409321,0.0,0.0,0.0,,
21.26595500000002,12.90692362746242,-41.02033360321358,-117.36248916068983,-0.04644732035637199,0.0810675906633244,0.007897976590949277,0.0,0.0,0.0,,
21.275476000000026,12.881260867683636,-41.00764950658503,-117.32789182567434,-0.05673099010371348,0.07883064078062807,0.011660967540566967,0.0,0.0,0.0,,
21.28497900000002,12.812280596663955,-41.004760090545176,-117.27276002802222,-0.06578573147179925,0.06416403446741177,0.03092413488017169,0.0,0.0,0.0,,
21.294488,12.709851565662733,-41.01032017123185,-117.20423421875086,-0.060113246460529596,0.0660078538755137,0.03590678044043401,0.0,0.0,0.0,,
21.303993000000048,12.592001156653659,-41.02224161862751,-117.13475194123662,-0.04977962285580689,0.06372868852582264,0.03909422919798909,0.0,0.0,0.0,,
21.31350900000001,12.477241270861553,-41.03166666617868,-117.07720108027182,-0.037698956181250014,0.060505668158637095,0.042187134884007535,0.0,0.0,0.0,,
21.323012000000006,12.38393162237036,-41.03659766578967,-117.04268400027857,-0.016348140433093017,0.07431680279284021,0.026534165487284895,0.0,0.0,0.0,,
21.332528000000025,12.328347254559139,-41.034440540618455,-117.03804658059364,0.01723927216167888,0.06475611226367688,0.028397286672123045,0.0,0.0,0.0,,
21.342039999999997,12.315525217740477,-41.02239845031187,-117.06346522594346,0.01769700878478369,0.06387489652230982,0.024272104161827807,0.0,0.0,0.0,,
21.351552000000027,12.346125449105047,-41.005841688773174,-117.11282129432588,0.016731658071833373,0.060059916406386554,0.022437991998643252,0.0,0.0,0.0,,
21.361069000000043,12.410085592464462,-40.98930726088356,-117.17520135812279,0.014639045380501588,0.05402371117272613,0.022567758649665922,0.0,0.0,0.0,,
21.370584000000008,12.494070369748604,-40.97268776013744,-117.23969293812868,0.005413489197577723,0.03593246510192392,0.03964000122381912,0.0,0.0,0.0,,
21.389594000000045,12.663086972516348,-40.96397831856978,-117.34710064895667,-0.028424115338089168,0.04784194884888486,0.03390718468262484,0.0,0.0,0.0,,
21.399099000000035,12.723273186699808,-40.971334795677045,-117.38250404951862,-0.034182628828747924,0.04966313888942995,0.03267712910818911,0.0,0.0,0.0,,
21.408614999999998,12.759907248334436,-40.98607679586985,-117.40932349812243,-0.03582572793770545,0.04957401774054996,0.03166987630733302,0.0,0.0,0.0,,
21.41812200000004,12.76554792675102,-41.00222498399625,-117.42582114450202,-0.037677864270928195,0.05174417065551952,0.03286818261226477,0.0,0.0,0.0,,
21.427634000000012,12.742378352922799,-41.01389359380668,-117.43376272182257,-0.02672275241596121,0.0726245691253668,0.016818572954690268,0.0,0.0,0.0,,
21.437152000000026,12.695184772406709,-41.02015017398975,-117.43409631932057,-0.021754301146007095,0.07291001784839016,0.018492157903619546,0.0,0.0,0.0,,
21.44665500000002,12.628946655798625,-41.01836301162221,-117.42461613747099,-0.0168848282932245,0.07042770093553267,0.02416263911129569,0.0,0.0,0.0,,
21.45616000000001,12.553427073331218,-41.01388859279801,-117.40622261605505,-0.020042981239945322,0.05107788432943109,0.04153036123186823,0.0,0.0,0.0,,
21.465681000000018,12.481188839053988,-41.01581197426335,-117.38246375508085,0.006075473538803664,0.03950097175695729,0.043539503233300476,0.0,0.0,0.0,,
21.47519600000004,12.429508317598653,-41.028659535685016,-117.36006996282458,0.005331393129723455,0.03443812146340875,0.0379651291788403,0.0,0.0,0.0,,
21.484696000000042,12.408735985820666,-41.05385158726626,-117.3453659731923,0.004788462890473045,0.03084617931698328,0.03398499518738667,0.0,0.0,0.0,,
21.50372900000002,12.48636879778459,-41.122622641641904,-117.3717436849162,0.004437246813155852,0.028786338640426675,0.03161734710105142,0.0,0.0,0.0,,
21.51323500000001,12.578694027767872,-41.14622055725762,-117.41898623414333,0.004781325567319466,0.0312969166254085,0.034314103425412426,0.0,0.0,0.0,,
21.522744000000046,12.687966012089746,-41.14917823103525,-117.48420608891979,0.018911932665512856,0.062107093469043494,0.014331807406636561,0.0,0.0,0.0,,
21.532264999999995,12.792869868446639,-41.12773791953943,-117.55687320632357,-0.010966437162217443,0.08710644058132193,0.0076311279373990374,0.0,0.0,0.0,,
21.551288999999997,12.918693294750705,-41.03180080560614,-117.67068007399762,-0.027685076984855846,0.09616921523427971,0.010991999693960142,0.0,0.0,0.0,,
21.56079200000005,12.92090270381453,-40.98780122490119,-117.69041742230067,-0.03518617575943739,0.08454173081447171,0.01502534236374444,0.0,0.0,0.0,,
21.570298000000037,12.88363255729754,-40.9615624178711,-117.6805622738331,-0.04461261671809665,0.05698063412879757,0.0342524193271185,0.0,0.0,0.0,,
21.579814,12.819282118988706,-40.95849012534669,-117.64657575030918,-0.03766461759269184,0.05149202002962649,0.03241417487331022,0.0,0.0,0.0,,
21.598833000000013,12.67125642507529,-40.99755926796031,-117.5526607045896,-0.02015015099487534,0.046285480294252467,0.03648745729716832,0.0,0.0,0.0,,
21.60834600000004,12.62017237974452,-41.02592594470825,-117.52104952520357,0.005843841524759811,0.0382490605997025,0.04208931148198056,0.0,0.0,0.0,,
21.617854000000023,12.597429003832891,-41.045436800114885,-117.51134285434814,0.016538352230139986,0.059857655691474644,0.02414575532879342,0.0,0.0,0.0,,
21.627365999999995,12.602615352349014,-41.056975982472075,-117.5234094153568,0.018761193171421983,0.06348395010574451,0.01873451101872751,0.0,0.0,0.0,,
21.63688000000002,12.626879642090879,-41.060220091555934,-117.54737017144754,-0.010691299383862181,0.07561343939203097,0.011281493539157183,0.0,0.0,0.0,,
21.646379000000024,12.650890952141879,-41.05241989484127,-117.56601186178004,-0.022571053501748116,0.08277002264410119,0.012031882707730429,0.0,0.0,0.0,,
21.655895000000044,12.66085948970085,-41.04175200116944,-117.56661058919585,-0.03623547652499794,0.08359433492342913,0.014381896772383534,0.0,0.0,0.0,,
21.665399000000036,12.645557566536269,-41.028848304113936,-117.54026190723664,-0.046430667822394564,0.08482059616243576,0.019076152851060298,0.0,0.0,0.0,,
21.674915999999996,12.597576898804949,-41.02020701339783,-117.48446873344831,-0.0606133960502128,0.06946309670622808,0.03868191591202673,0.0,0.0,0.0,,
21.684423000000038,12.522315506377485,-41.01953686620596,-117.40863428803665,-0.05912691694650957,0.0682300799887393,0.038341684034898224,0.0,0.0,0.0,,
21.693945000000042,12.42986025844479,-41.02644950742926,-117.32708904322088,-0.052870591349021404,0.06521401111400298,0.03869090756737792,0.0,0.0,0.0,,
21.703454000000022,12.335701529480938,-41.04115154309198,-117.2591869834602,-0.04363832500313032,0.057820553722840465,0.03608316707098967,0.0,0.0,0.0,,
21.712958000000015,12.260304304784308,-41.05673150239872,-117.22430749552645,-0.030642453242326152,0.051425212696630994,0.036405646462691385,0.0,0.0,0.0,,
21.731993000000045,12.215779419734858,-41.07635190296621,-117.29411528366265,0.005322639684795736,0.033388583102315815,0.03684134235285273,0.0,0.0,0.0,,
21.741503000000023,12.254857862204197,-41.0745706645239,-117.39314425534492,0.005070513027847067,0.031656781120847514,0.03492534119100543,0.0,0.0,0.0,,
21.751008000000013,12.330285826779797,-41.068557740139084,-117.51760657666308,0.004728901452456433,0.029477670872913968,0.03250862717687612,0.0,0.0,0.0,,
21.760511000000008,12.429574783741938,-41.061508911692535,-117.64746862817194,0.004561448180911971,0.028481792496258065,0.03139028255170173,0.0,0.0,0.0,,
21.770025000000032,12.539574444445247,-41.054922844553715,-117.76329371743466,0.004696669383709039,0.029471764260904917,0.0324543082625123,0.0,0.0,0.0,,
21.779537000000005,12.64786829398571,-41.05080572323228,-117.85066442936875,0.00487169204204757,0.03080954981088081,0.03389436220983171,0.0,0.0,0.0,,
21.78904700000004,12.743941806791018,-41.04981901049173,-117.90373859163313,0.005035156292521278,0.03215174779873804,0.0353347582263117,0.0,0.0,0.0,,
21.79855200000003,12.819057272335936,-41.051248311057115,-117.92100893304759,0.005112392623761214,0.032982539018133396,0.03621377936343182,0.0,0.0,0.0,,
21.80807100000004,12.870388511598039,-41.05199316891238,-117.91097128077841,0.016440349650421113,0.056055939397968685,0.018129857411715352,0.0,0.0,0.0,,
21.817583000000013,12.900251545564808,-41.05317800783129,-117.8850001798759,-0.0063747649507952505,0.07117360390632435,0.009312785128815235,0.0,0.0,0.0,,
21.827097000000037,12.90568225253216,-41.053386888139954,-117.8494301822452,-0.014539364848726182,0.0782047726878075,0.005035858423457527,0.0,0.0,0.0,,
21.83660500000002,12.890557382678583,-41.053757848192326,-117.81366570628778,-0.021487094749172462,0.08179517877033353,0.004987361519831206,0.0,0.0,0.0,,
21.846114,12.849679659018712,-41.056671181902495,-117.7749778444036,-0.03160922705825172,0.08158580942746692,0.007143170030291584,0.0,0.0,0.0,,
21.855635000000007,12.785680152374885,-41.06265941402455,-117.73408427424661,-0.03967767378962515,0.08017070919435372,0.01209502305987595,0.0,0.0,0.0,,
21.865128000000027,12.70398067291876,-41.072711263025525,-117.68852415573812,-0.051945726385570636,0.061454644720039135,0.03474392151550321,0.0,0.0,0.0,,
21.874649000000034,12.60825943843735,-41.0855458790344,-117.6358578088481,-0.050906824423654254,0.06290698819814863,0.036835149256131135,0.0,0.0,0.0,,
21.88415100000003,12.505743882086161,-41.101653883520456,-117.57603231106184,-0.04845840198507437,0.06353392375369381,0.03883932769567391,0.0,0.0,0.0,,
21.893673000000035,12.407916025067292,-41.118055652073565,-117.5167441393071,-0.04323806141035513,0.06234059424155837,0.0404532164908832,0.0,0.0,0.0,,
21.90318000000002,12.324487425163756,-41.131983308266655,-117.46470312918471,-0.03797328256749113,0.06113873408032105,0.042062405784011644,0.0,0.0,0.0,,
21.912690999999995,12.2635790904135,-41.13986182646573,-117.42857638286483,-0.033709718958799845,0.060110421087547515,0.04329879069298584,0.0,0.0,0.0,,
21.922203000000025,12.232425829914634,-41.14095547519848,-117.41603490679013,-0.030135207149155567,0.05881191880276827,0.04387612347872018,0.0,0.0,0.0,,
21.931707000000017,12.2324053271953,-41.13452291049482,-117.42926583005841,-0.028380229807259225,0.05780779973795505,0.0437770329309678,0.0,0.0,0.0,,
21.941224000000034,12.256216233024634,-41.122663027901474,-117.46240159083887,-0.029284332631433197,0.05722384241108749,0.04268992908367991,0.0,0.0,0.0,,
21.950737000000004,12.294368941980862,-41.107626209304144,-117.50786544417117,-0.023002175062908147,0.07350856768859906,0.023915999831428253,0.0,0.0,0.0,,
21.960251000000028,12.339956390631773,-41.08918615859852,-117.55875285262006,-0.022844911786717135,0.07383788759990725,0.02281810842075679,0.0,0.0,0.0,,
21.969757000000016,12.382292710361062,-41.0678471673781,-117.60581706141421,-0.02230019921959404,0.07304593932131971,0.021965900530077177,0.0,0.0,0.0,,
21.979265999999996,12.416676688362749,-41.048469559331366,-117.64629134969606,-0.02962243496769766,0.05262100926010407,0.0377458322870567,0.0,0.0,0.0,,
21.98877600000003,12.44224791024337,-41.03030218163333,-117.67940383785847,-0.02510346071688899,0.048699032907513665,0.036157466477129786,0.0,0.0,0.0,,
21.998289999999997,12.462971245482812,-41.01696689837642,-117.70991346098951,-0.018290409340146693,0.04365165055137445,0.03465186704649592,0.0,0.0,0.0,,
22.00779600000004,12.48304811312924,-41.00770141740714,-117.7431279676098,0.005318889418980529,0.03321039721109969,0.03665071773260918,0.0,0.0,0.0,,
22.017311000000007,12.506914905232424,-41.003054914051944,-117.78299266788216,0.004983742769377121,0.031103915453562853,0.03432476817740699,0.0,0.0,0.0,,
22.02682500000003,12.541074758910954,-41.00443359499126,-117.83273235668265,0.0044752198784046475,0.027926421839001125,0.03080801054569019,0.0,0.0,0.0,,
22.03633100000002,12.57890981558669,-41.01147703489257,-117.88691198953784,0.004419405509048953,0.027570800373486946,0.03039901309029567,0.0,0.0,0.0,,
22.045844000000045,12.622348717061131,-41.02042019402924,-117.94120583172652,0.004547211435972354,0.028383473110602245,0.03127376665113247,0.0,0.0,0.0,,
22.055345000000045,12.662678006059043,-41.03091243744885,-117.98486918886903,0.004594850721539491,0.02871430098190209,0.0316154615765775,0.0,0.0,0.0,,
22.064863000000003,12.691337362817068,-41.04635313486005,-118.00748578564847,0.004956488356893686,0.031019319171990727,0.03412628488965392,0.0,0.0,0.0,,
22.074366999999995,12.702814187093784,-41.06476780869026,-118.00219680794093,-0.01963338650891386,0.039945525219975436,0.029900037945748997,0.0,0.0,0.0,,
22.083883000000014,12.69289632627215,-41.0854840535813,-117.96758524042086,-0.026600872300605517,0.04480034049387349,0.03107338623775616,0.0,0.0,0.0,,
22.093395000000044,12.66335853486153,-41.104855248964064,-117.90953994625204,-0.03191237679074355,0.04951628174184162,0.03303074077046676,0.0,0.0,0.0,,
22.10290900000001,12.620441548749474,-41.12239258809059,-117.83938270063202,-0.03579402071909654,0.05315426996117121,0.03469079391063427,0.0,0.0,0.0,,
22.112415,12.57166691178745,-41.134901230211334,-117.77186603769164,-0.036838019882609346,0.05763430670664141,0.03873314423841755,0.0,0.0,0.0,,
22.121924000000035,12.523150460785862,-41.13976590846457,-117.71907421231266,-0.038438888321700594,0.060187788444094774,0.040524376820607326,0.0,0.0,0.0,,
22.150464999999997,12.440942248574155,-41.135261873135725,-117.71387891482958,-0.03854471217585585,0.06006515249121703,0.04035660201886933,0.0,0.0,0.0,,
22.15997100000004,12.43786996509324,-41.12540026138334,-117.75532381029214,-0.02693239132746419,0.07783052161831182,0.02369452643326256,0.0,0.0,0.0,,
22.178993000000048,12.445912274901621,-41.09930674255007,-117.84930323975478,-0.022883321287600317,0.0767034753191061,0.021826770435896595,0.0,0.0,0.0,,
22.188511000000005,12.451936308883546,-41.08595044995256,-117.88680836210922,-0.020376700776559325,0.07288857063112641,0.021776221165484003,0.0,0.0,0.0,,
22.198014999999998,12.454712627046796,-41.072665633978445,-117.9115675166443,-0.01804998795797678,0.07075627909873902,0.021865223322046892,0.0,0.0,0.0,,
22.20753000000002,12.458052592731299,-41.06263687223241,-117.92774427362636,-0.02311306657807341,0.05019948462555047,0.03848451931108318,0.0,0.0,0.0,,
22.217030000000022,12.46325259208113,-41.05277860946314,-117.93806909114214,-0.019914505722190903,0.04829648936795538,0.03827909913122957,0.0,0.0,0.0,,
22.226549000000034,12.47534644298505,-41.04705818674292,-117.95041183217377,-0.017480068301932463,0.04516223053682406,0.036407604829691825,0.0,0.0,0.0,,
22.23605600000002,12.494256865368493,-41.0460653568252,-117.96810868338267,0.005689523953670725,0.03466296137888168,0.038225488422849355,0.0,0.0,0.0,,
22.24557100000004,12.51610320617797,-41.049348903627454,-117.99138499677527,-0.018525187954407836,0.04340676930621209,0.03403120799980893,0.0,0.0,0.0,,
22.25508100000002,12.54384958011225,-41.05510441875175,-118.0227509565509,-0.018027091287919333,0.04265307655854398,0.03350600759696458,0.0,0.0,0.0,,
22.264606000000015,12.57003071073685,-41.06359718972827,-118.0558319186785,-0.020723166776909725,0.04272039255675583,0.03208487656449982,0.0,0.0,0.0,,
22.274103000000025,12.590556072804475,-41.07151408884036,-118.08372663024267,-0.02316694197239863,0.04388918290446852,0.03191763729689434,0.0,0.0,0.0,,
22.283619000000044,12.603287778551287,-41.078743281247604,-118.10281253667392,-0.024642861836476213,0.044514432225601606,0.031728944427019075,0.0,0.0,0.0,,
22.293116999999995,12.602862715996007,-41.08350860754256,-118.10814807185027,-0.026386253828931075,0.046911190104136025,0.03320177470099372,0.0,0.0,0.0,,
22.302652000000023,12.592875561375209,-41.08207625648073,-118.10218724486745,-0.026227855820083384,0.05148480523873468,0.037922120834308466,0.0,0.0,0.0,,
22.312170000000037,12.581134631000836,-41.084708800773235,-118.0925092459815,-0.02445340428540762,0.04963518398950027,0.037014669017004134,0.0,0.0,0.0,,
22.321669000000043,12.569297297473167,-41.09102770020082,-118.08526377826935,-0.023529202042557422,0.04691511395064014,0.03476008377180727,0.0,0.0,0.0,,
22.331185000000005,12.562000661508492,-41.09986809825955,-118.08847320018077,-0.019404198100133174,0.04498152448472103,0.03501742944097828,0.0,0.0,0.0,,
22.340674000000035,12.558915342007673,-41.110522843526326,-118.1053417274637,0.01569001391839542,0.05285767792976374,0.018760578715393716,0.0,0.0,0.0,,
22.350189999999998,12.554918793713734,-41.11259473001511,-118.13330029210444,0.020275564426228153,0.06261315868789519,0.012862246821930429,0.0,0.0,0.0,,
22.359700000000032,12.534450907758732,-41.10070449414947,-118.16090975842414,0.02391726611279017,0.08257445098849737,0.033397357078042776,0.0,0.0,0.0,,
22.369209000000012,12.473470168297652,-41.092514966184346,-118.15293702939556,-0.012366530815441888,0.08806830189286477,0.0823438726290598,0.0,0.0,0.0,,
22.37872100000004,12.468749528308628,-41.12231964837273,-118.12782669942419,-0.023935186796573187,0.032844771548943545,0.020253013647875483,0.0,0.0,0.0,,
22.38823500000001,12.472998888916537,-41.20183180198112,-118.09193963714225,-0.024841271286772246,0.04957289652538842,0.03659140168343831,0.0,0.0,0.0,,
22.397747000000038,12.451879074929666,-41.340552165766155,-118.03959924147776,-0.048746729513221836,0.03811193439594342,0.012188918910860963,0.0,0.0,0.0,,
22.407246000000043,12.448878041349355,-41.37382398961912,-117.98152585674121,-0.019568682463677527,0.09217518383202167,0.010594502101903939,0.0,0.0,0.0,,
22.416764,12.409242510339963,-41.3775329629504,-117.9356812886396,-0.026988494930446784,0.09154038078412807,-0.008408021678847157,0.0,0.0,0.0,,
22.42628000000002,12.363350987237808,-41.352139307993625,-117.91140546874712,-0.030742102904351767,0.10042938804284111,0.03047375638340454,0.0,0.0,0.0,,
22.43578500000001,12.320048045440567,-41.29126727402926,-117.91020861760924,-0.03557707929778561,0.07703430978549035,0.058548919563715655,0.0,0.0,0.0,,
22.44530000000003,12.274946551932638,-41.26234831230588,-117.92783741281805,-0.03821278414323339,0.06520503464661559,0.0452652619046092,0.0,0.0,0.0,,
22.45481000000001,12.266466579270938,-41.29160292657387,-117.96788630683135,-0.025761223238691906,0.060664492563212734,0.047250272833816526,0.0,0.0,0.0,,
22.464315,12.266965062492307,-41.352697130074674,-118.00604268330379,-0.024565554791973924,0.042754828584178194,0.02978238732368892,0.0,0.0,0.0,,
22.47382300000004,12.292276245343347,-41.44124077843055,-118.03727465204811,-0.02835714551159708,0.010226549784147079,-0.004873466726458314,0.0,0.0,0.0,,
22.483338000000003,12.33530944577175,-41.53772995252372,-118.06279239542751,-0.02270559033872328,0.03633438770194465,0.024134840418362214,0.0,0.0,0.0,,
22.492845000000045,12.373425858267952,-41.605506761466806,-118.07369748173193,-0.01606335288411599,0.07178124425837466,0.0026098870164956334,0.0,0.0,0.0,,
22.502361000000008,12.419456336492708,-41.619899709790985,-118.0839641927185,-0.008260544350264172,0.09863524474366786,-0.00400040294916873,0.0,0.0,0.0,,
22.511874000000034,12.452853035379691,-41.610979751375254,-118.10707230921277,-0.01475247096892916,0.10525117302874214,-0.001077878315335723,0.0,0.0,0.0,,
22.521380000000022,12.476893987206616,-41.572337915733044,-118.14738950995911,-0.02179820770367864,0.10079419584198582,0.01136868813947497,0.0,0.0,0.0,,
22.53089,12.499755033212548,-41.51788816152034,-118.21503522725858,-0.022518392778451846,0.08080135460084613,0.017186022223910965,0.0,0.0,0.0,,
22.549913000000004,12.540950727596174,-41.49704549304888,-118.41934523257281,-0.017729245792523576,0.0399671114221788,0.030196542874301645,0.0,0.0,0.0,,
22.559431000000018,12.574135901674186,-41.52607429066296,-118.53389291265498,0.0037898551736557026,0.02162923250424039,0.02350253739629455,0.0,0.0,0.0,,
22.568938000000003,12.619330361810038,-41.584535374779506,-118.64307878498946,0.003188552319653412,0.01807704876231044,0.019601163662553062,0.0,0.0,0.0,,
22.578453000000025,12.682753597838317,-41.659165243866425,-118.73898369675652,0.003442375735641553,0.01945380948988497,0.02103276527116385,0.0,0.0,0.0,,
22.58796600000005,12.756812336708824,-41.72862018176134,-118.81622648003183,0.0,0.0,0.0,0.0,0.0,0.0,,
22.597487,12.82850856565198,-41.76514761142184,-118.86554070695423,0.022013039756302522,0.05866384669434285,-0.0021316994429046456,0.0,0.0,0.0,,
22.60697600000003,12.886473692560493,-41.76530246565008,-118.8834002582364,0.029417936830857735,0.08257298673554643,0.005528832126552215,0.0,0.0,0.0,,
22.61649600000004,12.924338627027206,-41.74375719303906,-118.8689439489788,0.006511060142042871,0.09115408435851731,-0.0009151664740722488,0.0,0.0,0.0,,
22.626004000000023,12.935475590725565,-41.720676572809744,-118.82573314195982,-0.01289732155176486,0.08170260270229314,-0.0003816348258885398,0.0,0.0,0.0,,
22.635513000000003,12.905955487876062,-41.69989335344915,-118.7492673709233,-0.033294292580818056,0.07632917975552792,0.01280277397986766,0.0,0.0,0.0,,
22.645032000000015,12.839522726703578,-41.68769976860802,-118.64693401065533,-0.051939188008413226,0.06016974037512205,0.03133250875430442,0.0,0.0,0.0,,
22.654536000000007,12.738250993876116,-41.68990881578883,-118.52878613374531,-0.05494250003877264,0.06607598715299248,0.03571801745274047,0.0,0.0,0.0,,
22.664056000000016,12.615401113328565,-41.70515966318063,-118.40866508881444,-0.052442174802977325,0.07128990302121782,0.04236781253498081,0.0,0.0,0.0,,
22.673562000000004,12.490479446262896,-41.7283666378182,-118.30270696115953,-0.046441996045895585,0.0685021436684184,0.042936883552145505,0.0,0.0,0.0,,
22.68306800000005,12.37578841130626,-41.756540012614515,-118.22289501292276,-0.039796882158619214,0.06172524690612183,0.039840248971288,0.0,0.0,0.0,,
22.69257200000004,12.288305616418652,-41.77960369767919,-118.17856330424782,-0.030623708473342046,0.06036582024720802,0.04337070900616412,0.0,0.0,0.0,,
22.702107000000012,12.23301734770922,-41.79853104711463,-118.17128601205835,-0.014754591455783946,0.07416828817636678,0.014037727425624673,0.0,0.0,0.0,,
22.71160500000002,12.206979954944883,-41.8014609623922,-118.19189803452909,-0.010140644298566,0.0807534041231772,0.01117219871074672,0.0,0.0,0.0,,
22.721112000000005,12.21122099977771,-41.79389642653442,-118.23487203379658,-0.007258321922862961,0.08262703502837114,0.013564403182941715,0.0,0.0,0.0,,
22.73062200000004,12.2318225009478,-41.77468656939515,-118.2834490190748,-0.008346464878140017,0.0823140455936966,0.014504037843063918,0.0,0.0,0.0,,
22.740148000000033,12.259123931630059,-41.75300594341789,-118.32788492034935,-0.013177236252286593,0.07500798089126354,0.020169871262717683,0.0,0.0,0.0,,
22.74965100000003,12.283623436211727,-41.73261602120291,-118.36027674977726,-0.024722149928400425,0.05636715340046385,0.04244276687098765,0.0,0.0,0.0,,
22.75914800000004,12.30414315289391,-41.73031891805564,-118.3821460636125,-0.025555005928192168,0.05056893365255871,0.03626212133804501,0.0,0.0,0.0,,
22.768822,12.319607209099729,-41.74915800051705,-118.39850362385056,-0.024495202844209994,0.0438984472630165,0.03021352349206797,0.0,0.0,0.0,,
22.778165,12.336704923862557,-41.77632194011934,-118.41745930813772,-0.018655854594477654,0.04098368350303406,0.030410053877563674,0.0,0.0,0.0,,
22.787686000000008,12.356277796267795,-41.806304171942955,-118.4488033359298,0.006025497375072626,0.03329778823190166,0.03594676782025043,0.0,0.0,0.0,,
22.79719700000004,12.38118998884298,-41.83203604485671,-118.49618203886106,0.0070107025261269655,0.03866292473563851,0.041697315989409324,0.0,0.0,0.0,,
22.806712000000005,12.415034394738749,-41.84923442624215,-118.55879208441628,0.006973391111213593,0.03837953671139738,0.04135930310233672,0.0,0.0,0.0,,
22.81621700000005,12.450142356419851,-41.85966623054956,-118.62526043009395,0.006566009239696959,0.036065152095823075,0.03884311925884822,0.0,0.0,0.0,,
22.82573500000001,12.488160149249437,-41.86895405663922,-118.68428514869335,0.005938847338576152,0.032593612770802416,0.035083358272946376,0.0,0.0,0.0,,
22.835243000000048,12.525536046754691,-41.88630634275045,-118.7242004236448,0.00483388947900212,0.026548285196037986,0.028550380900979475,0.0,0.0,0.0,,
22.84475500000002,12.55384722534532,-41.91306821413327,-118.7309566028706,0.004273273581891356,0.023526044275134307,0.02526993706018826,0.0,0.0,0.0,,
22.854264999999998,12.570389975448983,-41.943204172661595,-118.69778679758774,-0.02458677515062692,0.03797173338626333,0.023927102267612698,0.0,0.0,0.0,,
22.86378000000002,12.569862857219585,-41.97224716002011,-118.6275835329465,-0.02534785754288917,0.06241463356115244,0.0060330954417097985,0.0,0.0,0.0,,
22.873279000000025,12.549643599923124,-41.990198530771934,-118.5312757949529,-0.0318289083832945,0.08005174344881563,0.00458884252912602,0.0,0.0,0.0,,
22.882791999999995,12.508295424891228,-41.99160580267997,-118.42341613314825,-0.039084220394385014,0.09652888753568076,0.006383920161246566,0.0,0.0,0.0,,
22.89230900000001,12.4468070176162,-41.97696830726061,-118.32129803987651,-0.04707576424253649,0.10696956234395853,0.010293675009274847,0.0,0.0,0.0,,
22.901814,12.374292551991095,-41.949671978113805,-118.24277858938545,-0.04978355085839438,0.1109794578541227,0.016793537944853443,0.0,0.0,0.0,,
22.911329000000023,12.295120286661323,-41.9214552313225,-118.19631334840554,-0.05268815497931729,0.10464504621531205,0.018859223877936964,0.0,0.0,0.0,,
22.920840999999996,12.219071681242097,-41.89812954646146,-118.18338979520856,-0.053219895226437754,0.09158319814265681,0.02051019307822269,0.0,0.0,0.0,,
22.930345000000045,12.155999413441066,-41.88325367522641,-118.20303598140016,-0.05355402855592037,0.06333817601656308,0.034022913305161225,0.0,0.0,0.0,,
22.939865999999995,12.106787238514892,-41.8729016604948,-118.24795157913938,-0.04253318227652241,0.05517948055104003,0.031768990506202806,0.0,0.0,0.0,,
22.958887000000004,12.084042381962819,-41.847825550275374,-118.3974674320556,0.006867479547472345,0.03667476804752676,0.03966893749416642,0.0,0.0,0.0,,
22.96839600000004,12.115955414262448,-41.835329112080316,-118.49579211841095,0.006303957287475436,0.03350724499422677,0.036254481962350045,0.0,0.0,0.0,,
22.97789700000004,12.18111553094598,-41.818941853866775,-118.60651541395885,0.006186557168617055,0.032842907181411085,0.035538012435231775,0.0,0.0,0.0,,
22.987419000000045,12.270555401369627,-41.80127627284228,-118.72124850069217,0.006120584873729783,0.032549234356095705,0.03521345810668448,0.0,0.0,0.0,,
22.99686600000001,12.376111968912584,-41.8222650890207,-118.83069748610534,0.018194720158705418,0.09707103306961203,0.10484193136847934,0.0,0.0,0.0,,
23.006439,12.580124802831746,-41.87742282793169,-118.95358387895573,-0.004165570898013901,-0.022544577619503688,-0.02425256346221315,0.0,0.0,0.0,,
23.015939000000003,12.708654950055807,-41.846294015061794,-119.03139832669389,0.0033457874435961405,0.053067980931215585,0.09287451787751014,0.0,0.0,0.0,,
23.025458000000015,12.872431160366274,-41.94595273932268,-119.11831387510728,-0.043296184641396465,-0.04528919252500304,-0.02074121330179308,0.0,0.0,0.0,,
23.03497200000004,13.069614973707793,-41.959198337107104,-119.22039687045446,0.007761838353397356,0.043695589067105,0.04662844427527133,0.0,0.0,0.0,,
23.044487000000004,13.121682791479174,-42.03103087626596,-119.2987709486182,-0.05040203625477821,0.03836835296644686,0.009757576729887604,0.0,0.0,0.0,,
23.053990999999996,13.229844370356231,-41.99521135688477,-119.38335741983238,0.005162467409156755,0.11971153998533177,0.0203588648817338,0.0,0.0,0.0,,
23.063500000000033,13.255048691873537,-41.95623480844347,-119.4550122853686,-0.0045663993311366065,0.11095071089252433,-0.012386661765033613,0.0,0.0,0.0,,
23.07300300000003,13.228109810253137,-41.923424801196965,-119.48939190666307,-0.024816111105503403,0.09635708222648443,-0.019094095210920644,0.0,0.0,0.0,,
23.08253000000002,13.21097534169392,-41.8437984430045,-119.49908273716838,0.000696680618507322,0.11046482178257283,0.016473249449809768,0.0,0.0,0.0,,
23.092034000000012,13.105861423505292,-41.81579695715295,-119.45892073553983,-0.03226580988087003,0.07541670941364235,-0.010595788500899466,0.0,0.0,0.0,,
23.101548000000037,13.03894854127238,-41.798367547218994,-119.40067021556118,-0.01639087421052358,0.07941740853276963,0.029901481651831,0.0,0.0,0.0,,
23.11105900000001,12.95291488816852,-41.789103185359465,-119.3283943979511,-0.01248440875506345,0.07502412289443451,0.021803864568126417,0.0,0.0,0.0,,
23.12057200000004,12.87542267841422,-41.7975641202954,-119.25536448964382,-0.017650411737680616,0.06917543100014888,0.013528872122620208,0.0,0.0,0.0,,
23.130089999999996,12.848620862750415,-41.795860003779055,-119.208740795878,-0.0035088315133701914,0.08374204757767782,0.037747294830303674,0.0,0.0,0.0,,
23.139590999999996,12.817394185661867,-41.80849723316836,-119.1841959149966,-0.020351812354802275,0.07130220526736321,0.013974160885064016,0.0,0.0,0.0,,
23.14910100000003,12.832438506282893,-41.80797538816418,-119.19040886027598,-0.018185458313738866,0.08030972896482165,0.02541648281363958,0.0,0.0,0.0,,
23.15862000000004,12.849142641184919,-41.80486633711399,-119.21777379703481,-0.025200478940995825,0.08290277024759266,0.028912807985294768,0.0,0.0,0.0,,
23.168131000000017,12.853982063100533,-41.80171371472439,-119.24653866221213,-0.046907597459780306,0.06571318665616893,0.038493079064226346,0.0,0.0,0.0,,
23.177636000000007,12.868609263527325,-41.78073924625065,-119.27412528316675,-0.03938021913616653,0.07261262229524829,0.04933729826442178,0.0,0.0,0.0,,
23.18714600000004,12.851500650360654,-41.775921875443665,-119.28348329497636,-0.04838679880688796,0.06027089725653733,0.03235182266626863,0.0,0.0,0.0,,
23.196657000000016,12.836015936594965,-41.77037510189178,-119.27914869728204,-0.040713857006441374,0.05906597090783529,0.035388890780446124,0.0,0.0,0.0,,
23.206159000000014,12.810425866427732,-41.76282411304694,-119.26429873018854,-0.034482897701548144,0.05589346493852001,0.03572866585609058,0.0,0.0,0.0,,
23.215585000000033,12.786186119966743,-41.76521789082096,-119.25256380826805,-0.029650889231579977,0.04506347393445129,0.027802000287270992,0.0,0.0,0.0,,
23.225193000000047,12.784268023233164,-41.759195788907995,-119.2582709838242,-0.015715041250810906,0.04873734755679154,0.03902121656983879,0.0,0.0,0.0,,
23.234703000000025,12.793857920658633,-41.7512586583594,-119.28461498482959,0.006769478424692749,0.036687650063075915,0.03956006668825155,0.0,0.0,0.0,,
23.244214999999997,12.834841744188697,-41.73956748022058,-119.33889504469948,0.0070054617652681745,0.03799519435193229,0.04097065577412341,0.0,0.0,0.0,,
23.25372200000004,12.898258436701715,-41.72675494833515,-119.41681672302812,0.008121399069677092,0.044117461580081965,0.04756450323909186,0.0,0.0,0.0,,
23.26323500000001,12.976418607555276,-41.7202748958926,-119.50764350951981,0.007702120978667818,0.041929800612094226,0.04518234024970854,0.0,0.0,0.0,,
23.272738000000004,13.071766592065826,-41.717004088985455,-119.60304595298717,0.007735593884522469,0.04227981051466514,0.045521325323731245,0.0,0.0,0.0,,
23.282254000000023,13.171539283114255,-41.729060774534595,-119.6900015711328,0.006225907924450553,0.03419567830356377,0.03676528115686198,0.0,0.0,0.0,,
23.291763000000003,13.27731741126856,-41.74828998370244,-119.75900334143286,0.0058346439801725955,0.032281026950922234,0.03464487382818668,0.0,0.0,0.0,,
23.301264000000003,13.380440002298924,-41.76866245606018,-119.80656775309775,0.005794837225750145,0.03235231824951882,0.03465699809881494,0.0,0.0,0.0,,
23.310782000000017,13.478854377395356,-41.79914045907001,-119.8383853404838,-0.026307407793649717,0.03582669821080083,0.020118920378202107,0.0,0.0,0.0,,
23.320303000000024,13.569411866949205,-41.813817820872636,-119.85790300777697,-0.030718819608825085,0.04715806206809877,0.02862379041190386,0.0,0.0,0.0,,
23.32980500000002,13.644591212294639,-41.80954262939808,-119.8752914192749,-0.023644330944606787,0.07723613618209672,0.01057012014362897,0.0,0.0,0.0,,
23.339320000000043,13.706991756587323,-41.78607753762728,-119.90246708106874,-0.023837428022276473,0.09033401615618003,0.013002961332404136,0.0,0.0,0.0,,
23.34882200000004,13.760741333351096,-41.747585664588506,-119.94914531983702,-0.02069330308895961,0.09788269718095463,0.023570559810072327,0.0,0.0,0.0,,
23.35833500000001,13.810055184518632,-41.71637858761001,-120.01678982709356,-0.023160951051776662,0.07972853754784098,0.012097310454541663,0.0,0.0,0.0,,
23.367857000000015,13.863029719427939,-41.68054919645257,-120.09689055595277,-0.018002485231094784,0.07223194391129818,0.014608591996314896,0.0,0.0,0.0,,
23.377362000000005,13.915158657116194,-41.65671266844618,-120.179809649243,-0.025820440853608975,0.04374461998781055,0.027916394860240397,0.0,0.0,0.0,,
23.38687200000004,13.96539663073596,-41.63706064764084,-120.25236321472984,-0.02272346336217182,0.043422117534194234,0.02931428266033177,0.0,0.0,0.0,,
23.396389,14.019360065537397,-41.6267607408119,-120.3112239395585,0.004995229370059991,0.029189380540710113,0.031192624598283526,0.0,0.0,0.0,,
23.405899000000034,14.063546470813717,-41.62590953928589,-120.35053362806046,-0.008389230403397275,0.05407824384255799,0.005163238843720943,0.0,0.0,0.0,,
23.415407000000016,14.0986775221643,-41.62770313139662,-120.37182980219471,-0.0069011393081251145,0.06069915293440351,0.003938075697190698,0.0,0.0,0.0,,
23.42490700000002,14.119614953897207,-41.62102685062541,-120.37914383417134,-0.004203634596699693,0.07231324170712139,0.004392217262717861,0.0,0.0,0.0,,
23.43442600000003,14.125836273785453,-41.61491338380165,-120.38193289042786,-0.005539722878088637,0.07558007862950213,0.0021528844700862116,0.0,0.0,0.0,,
23.443930000000023,14.11622599015197,-41.60064716355791,-120.38200400672375,-0.004740503619009728,0.08055808117222554,0.005536415546497688,0.0,0.0,0.0,,
23.453440999999998,14.084173661041127,-41.58252162800744,-120.37702533089892,-0.00919739199852316,0.07582561369880945,0.007602538114233038,0.0,0.0,0.0,,
23.462949000000037,14.03522219104786,-41.56585500580819,-120.36533605533712,-0.012945005459819817,0.06963327694574006,0.015245781740040399,0.0,0.0,0.0,,
23.472469000000046,13.966242351765727,-41.563141389381656,-120.34100161260832,-0.02483865053433845,0.04735605248657905,0.031942065731067934,0.0,0.0,0.0,,
23.481982000000016,13.87954514418617,-41.57555997698455,-120.30011195356785,-0.02523660809832968,0.04390057125035121,0.028375043389038394,0.0,0.0,0.0,,
23.491489,13.781340521765381,-41.60092268063512,-120.24274825538322,-0.02428220604321422,0.045824312941302195,0.03081249601852379,0.0,0.0,0.0,,
23.501003000000026,13.68066555213725,-41.637379055280206,-120.17581836337902,-0.022238422425144965,0.048124454989821826,0.03422317924111379,0.0,0.0,0.0,,
23.510512000000006,13.588882670081793,-41.678043156223374,-120.10882783189751,-0.020318246459176115,0.04894236020454813,0.03610800204839818,0.0,0.0,0.0,,
23.520025000000032,13.51219429698013,-41.710284301256635,-120.0504753969718,-0.017729087349235208,0.053351517379722324,0.041851927282733244,0.0,0.0,0.0,,
23.529534000000012,13.453320369585965,-41.73238368164209,-120.00827227388272,-0.008402949664498428,0.07340383191678639,0.026737970690556286,0.0,0.0,0.0,,
23.53904300000005,13.41405077823592,-41.73854155496354,-119.9850404052881,-0.009956246601073694,0.07825078152133395,0.026798402433069118,0.0,0.0,0.0,,
23.548553000000027,13.394041250837265,-41.73505385477104,-119.98058114962627,-0.02428908499500748,0.0598855558029817,0.044542852872592596,0.0,0.0,0.0,,
23.558076000000028,13.386577785723686,-41.72729229798546,-119.98932032447514,-0.029112207220392167,0.060600600040820435,0.042537510733688305,0.0,0.0,0.0,,
23.56757700000003,13.38618095892658,-41.72395362291285,-120.00386233098732,-0.033611981276551656,0.058248984657493307,0.03771954214831494,0.0,0.0,0.0,,
23.58659700000004,13.379372519411822,-41.74142151056067,-120.02475365588414,-0.03829053407342591,0.05279106086770317,0.02975281465638111,0.0,0.0,0.0,,
23.596109000000013,13.36863174125341,-41.7622197041841,-120.02706226636364,-0.039271171934042656,0.051567910562291715,0.0279928362151344,0.0,0.0,0.0,,
23.60562200000004,13.352558360313566,-41.78464057782567,-120.02595052050368,-0.038032610380620016,0.04896195314535064,0.02614081750846353,0.0,0.0,0.0,,
23.615128000000027,13.33367502627007,-41.80038290981766,-120.02819554779778,-0.03289574958431921,0.05045528898004549,0.030444901721209564,0.0,0.0,0.0,,
23.624656000000016,13.315916927667086,-41.803338432271175,-120.0398379886426,-0.01599652114133461,0.07087885453528177,0.014859010551777314,0.0,0.0,0.0,,
23.63415600000002,13.301934711050468,-41.790392123693394,-120.06267978403781,-0.008178404798624654,0.07543468269436776,0.014745461863024875,0.0,0.0,0.0,,
23.643665,13.295241246448887,-41.76567823325869,-120.09726446315983,-0.003571803964480878,0.07663933546285397,0.017154067752810694,0.0,0.0,0.0,,
23.653174000000035,13.299053712657377,-41.73863248252706,-120.14054223402691,0.01929593734322164,0.06144192653149532,0.024256490625449875,0.0,0.0,0.0,,
23.662688000000003,13.310439673580856,-41.71446077830978,-120.18565857217996,0.007702037932708292,0.041102424907659946,0.044200894603537356,0.0,0.0,0.0,,
23.672195000000045,13.330205178383666,-41.699170667968815,-120.2269706529732,0.007321253128495855,0.03904005833038938,0.04199804798052899,0.0,0.0,0.0,,
23.681711000000007,13.354229867823577,-41.695029123905165,-120.25900106470154,0.006951784158603737,0.037081630748420795,0.03988784400733658,0.0,0.0,0.0,,
23.691210000000012,13.378077822135436,-41.7038915840669,-120.27688487930659,0.0065351291124683365,0.034901364995948064,0.03752223217755958,0.0,0.0,0.0,,
23.700728000000026,13.398579404205034,-41.71647532390863,-120.27950575895403,-0.0162925513463096,0.04518417462430444,0.034554715705782675,0.0,0.0,0.0,,
23.71974700000004,13.429119773087955,-41.748583317352335,-120.25267154535088,-0.026907142091620713,0.04803791726839112,0.0313051548634501,0.0,0.0,0.0,,
23.729258000000016,13.433668285445538,-41.75847126359293,-120.23363769403402,-0.0203886668389328,0.07059308693857283,0.014682038847941205,0.0,0.0,0.0,,
23.738777000000027,13.427780033209967,-41.757951331153976,-120.21757631521646,-0.022918024594131007,0.07721589718826002,0.01529733807439372,0.0,0.0,0.0,,
23.748279000000025,13.411633456054613,-41.749519388468165,-120.2072028793943,-0.025190650188881423,0.08034790419729615,0.017969162595519776,0.0,0.0,0.0,,
23.75779,13.389659128153587,-41.73439487756806,-120.20568804668306,-0.025441518287381424,0.07962650018605155,0.02074575542320169,0.0,0.0,0.0,,
23.767313,13.361089348816972,-41.71793573556558,-120.21089584018054,-0.03428485759801848,0.06091813407601365,0.03969873161473991,0.0,0.0,0.0,,
23.77681800000005,13.333158134952548,-41.704310681413986,-120.22281332047517,-0.02978913603746529,0.058660937286831305,0.04005447024823827,0.0,0.0,0.0,,
23.78632600000003,13.310083059823294,-41.694273480010175,-120.24143870626983,-0.023087409924134165,0.05434607846122168,0.039652866114916176,0.0,0.0,0.0,,
23.79583600000001,13.29157132461031,-41.686301573463574,-120.26125315524139,-0.01817806540885536,0.053578424864664874,0.04167917972677752,0.0,0.0,0.0,,
23.80535100000003,13.288807876069098,-41.683259140914785,-120.2853817811502,0.007853933191316846,0.04143679835398953,0.044632226028681346,0.0,0.0,0.0,,
23.814862000000005,13.300259542654786,-41.68619773089633,-120.31172433779948,0.006996702876529455,0.03687457216391786,0.03971183750659542,0.0,0.0,0.0,,
23.82436800000005,13.326393585802103,-41.688896646013916,-120.34009918092477,0.016419946282877452,0.05270371147873569,0.022491634114428925,0.0,0.0,0.0,,
23.83389100000005,13.358918942147561,-41.69049566376637,-120.36719337307676,0.017268756205163514,0.054214102595401874,0.021094702184637514,0.0,0.0,0.0,,
23.84339600000004,13.39343645765905,-41.69160335573922,-120.38969400611097,-0.007642686412477336,0.0638765640545961,0.016641942514994307,0.0,0.0,0.0,,
23.852908000000014,13.425601263460075,-41.69299443954398,-120.40631160875517,-0.023102423030541143,0.046530303099449784,0.031925551588416014,0.0,0.0,0.0,,
23.862422000000038,13.446548056486481,-41.695342083040764,-120.41354124470111,-0.028325711568198738,0.04828423128816639,0.0306464180601846,0.0,0.0,0.0,,
23.871938,13.452294989577428,-41.697096439694434,-120.40980626408574,-0.031469337009548154,0.05112924663361707,0.03161611038455368,0.0,0.0,0.0,,
23.88143500000001,13.438865982485405,-41.70045106246072,-120.39487351497577,-0.03272362675893025,0.05373716825501877,0.03344035354257014,0.0,0.0,0.0,,
23.890950000000032,13.405371762852797,-41.70583363160901,-120.36897724439547,-0.03501424211148343,0.05707869070115277,0.03539779278855343,0.0,0.0,0.0,,
23.90045600000002,13.3688800300617,-41.71610293664771,-120.34023224255778,-0.03294638271255268,0.05521204886614727,0.034782856810845024,0.0,0.0,0.0,,
23.909974000000034,13.332665772595186,-41.73346584383649,-120.31483230132714,-0.031104431898604304,0.05332345194134072,0.03400418295014358,0.0,0.0,0.0,,
23.91948100000002,13.303465149246119,-41.745941114084246,-120.2996304968303,-0.028031662228147368,0.05464946941364545,0.03702537064037693,0.0,0.0,0.0,,
23.928998000000036,13.288540091905528,-41.75116818813548,-120.30217231352447,-0.02351172820936328,0.0544988047508692,0.03942533045634404,0.0,0.0,0.0,,
23.93850100000003,13.287868232351409,-41.752373855941734,-120.32360254557895,-0.012224177707545537,0.0694341676147302,0.021876268213176914,0.0,0.0,0.0,,
23.948014,13.306986410420981,-41.74542008728439,-120.36410101931966,-0.008997654349222584,0.06864547643458684,0.018653014757036172,0.0,0.0,0.0,,
23.957515,13.332864293119943,-41.733153141524774,-120.41245032717117,-0.010813661177863455,0.06646682755975436,0.017564774857108206,0.0,0.0,0.0,,
23.967028000000028,13.364205980805547,-41.72054841479228,-120.46324596627495,-0.02054206040730451,0.048708785627561244,0.03540807688365904,0.0,0.0,0.0,,
23.976534000000015,13.392009933380578,-41.712306699424516,-120.50473212915338,-0.022634705080392482,0.04847608456438597,0.03396722543831598,0.0,0.0,0.0,,
23.98606000000001,13.412967487042005,-41.71249447977671,-120.53297669607505,-0.024483319352878452,0.04518911297063906,0.029712713466890542,0.0,0.0,0.0,,
23.99556000000001,13.426583536095752,-41.71480544724613,-120.54791697558987,-0.022778218856591818,0.04616697929802937,0.031614305306112755,0.0,0.0,0.0,,
24.00507600000003,13.428251908619544,-41.716790545229465,-120.54956567854563,-0.022351328077427565,0.04974193748443916,0.03530753940398126,0.0,0.0,0.0,,
24.014590999999996,13.42611484579663,-41.71924100022717,-120.54876487523242,-0.019667533234375357,0.04976429595131109,0.03685678793947663,0.0,0.0,0.0,,
24.024102000000028,13.422338196828493,-41.7175717633287,-120.54930760813673,-0.007683395595490141,0.06805541799448087,0.020359909573706505,0.0,0.0,0.0,,
24.043124000000034,13.419824734560263,-41.70197743250393,-120.56897481694277,-0.004690856453621914,0.0717746764522599,0.020838021855276598,0.0,0.0,0.0,,
24.05264100000005,13.423059955329375,-41.69233391968328,-120.58599433893183,-0.007599957956110071,0.06972695357173908,0.021788785234964202,0.0,0.0,0.0,,
24.062138000000004,13.427980836689393,-41.688781382121505,-120.60070420426088,-0.02184692355279788,0.04879941747329292,0.03467507077058629,0.0,0.0,0.0,,
24.07164800000004,13.434008803564325,-41.688781745481535,-120.6108865035299,-0.022581971556486023,0.049108391335949964,0.03454467727696457,0.0,0.0,0.0,,
24.08116100000001,13.436722284165217,-41.69015658396516,-120.6117879757886,-0.02458787208294713,0.05009668551060863,0.03435036673686495,0.0,0.0,0.0,,
24.090675000000033,13.434297811818384,-41.69251432815679,-120.60362469578375,-0.026122198373634185,0.051954086789030775,0.03527284126495315,0.0,0.0,0.0,,
24.100189999999998,13.428013344387454,-41.69715695487013,-120.59021534034356,-0.026834554530841544,0.05154605945222452,0.034478759220735594,0.0,0.0,0.0,,
24.109694000000047,13.41551609909982,-41.70191290884836,-120.57258297388763,-0.029073113722732684,0.05279085610482099,0.03441501351646346,0.0,0.0,0.0,,
24.119208000000015,13.398732013285922,-41.70648995107616,-120.55592990537842,-0.029855176287713142,0.0538060911142336,0.034961277512041596,0.0,0.0,0.0,,
24.128714000000002,13.379731860561039,-41.71027233684245,-120.54249250871185,-0.03032145265834958,0.05380271901106216,0.03470148240812092,0.0,0.0,0.0,,
24.138229000000024,13.36136752567242,-41.71505693857439,-120.53479429326076,-0.030402309693529306,0.05330785725320008,0.034179480018308485,0.0,0.0,0.0,,
24.147740999999996,13.346414677884052,-41.718771555491784,-120.53315012041628,-0.02950299886709779,0.053136246000844926,0.03452339550064257,0.0,0.0,0.0,,
24.157260000000008,13.334989467662403,-41.71817785349072,-120.53739866601917,-0.02773450303522134,0.05401169190395537,0.03637340263159858,0.0,0.0,0.0,,
24.16676000000001,13.325135429698369,-41.71515458239864,-120.5463155642475,-0.02634181763552678,0.05555179499359187,0.03865019904742869,0.0,0.0,0.0,,
24.17628400000001,13.320357679933803,-41.70989616716562,-120.55931539258331,-0.025175554039450026,0.05504570441712282,0.038820716982292454,0.0,0.0,0.0,,
24.18580400000002,13.325223042051547,-41.70515711028431,-120.57908405386831,-0.02191724702983915,0.05107729079197217,0.03683413001955043,0.0,0.0,0.0,,
24.195307000000014,13.334465376016123,-41.70128581783698,-120.60140673803556,-0.021516409690449188,0.05003019247022097,0.036037021410244625,0.0,0.0,0.0,,
24.204821000000038,13.349213885819271,-41.698652824749324,-120.62635122274064,-0.02044138211957248,0.04909248678096498,0.0357278739789081,0.0,0.0,0.0,,
24.21432900000002,13.368851874880315,-41.69970368592016,-120.65387151498419,-0.018930261469620853,0.046960053606030956,0.03450935634632584,0.0,0.0,0.0,,
24.223838,13.38852591016531,-41.70227887545253,-120.67979399237194,-0.018402426941076966,0.04842218818703861,0.036199315449328265,0.0,0.0,0.0,,
24.233353000000022,13.404649483404777,-41.702897950417814,-120.6999408389196,-0.019440273565676517,0.0490607519453744,0.036204085128993445,0.0,0.0,0.0,,
24.24284700000004,13.412136763275928,-41.70295960861871,-120.71198460512446,-0.021849671137567327,0.04950972974378386,0.035246375426968,0.0,0.0,0.0,,
24.252372000000037,13.411864642484518,-41.70358050193837,-120.71702865319548,-0.022221909363340796,0.05002125032765929,0.03552137964904502,0.0,0.0,0.0,,
24.261881000000017,13.402773707566201,-41.703168422660326,-120.71360367115948,-0.022147962153707738,0.049791955841958994,0.03534604412491183,0.0,0.0,0.0,,
24.271397000000036,13.387680089742343,-41.70237864454964,-120.70413176216888,-0.022199013839161123,0.04977144525922287,0.035306229015853445,0.0,0.0,0.0,,
24.290414999999996,13.358189173661414,-41.70354780963333,-120.67724020575459,-0.02137948146288352,0.04956078079185776,0.03559412024393904,0.0,0.0,0.0,,
24.29991000000001,13.350121007617028,-41.70811339420965,-120.66718456553986,-0.022547537028098544,0.049157579908043515,0.034539385243910745,0.0,0.0,0.0,,
24.309423000000038,13.34921205734991,-41.71118107968037,-120.66448995121631,-0.02281051139228533,0.05141425744009606,0.03656534812896758,0.0,0.0,0.0,,
24.319080000000042,13.35435020335186,-41.714786709419094,-120.66988867551345,-0.024512614029850117,0.0516043580714625,0.0357653230668398,0.0,0.0,0.0,,
24.32845100000003,13.364007791451089,-41.715334013938744,-120.68291487756963,-0.025668738774976302,0.05245128251945271,0.03590780152732511,0.0,0.0,0.0,,
24.33796600000005,13.374223046720736,-41.71563123163498,-120.69922034640983,-0.02759577426567564,0.05307452013333468,0.035389380603298,0.0,0.0,0.0,,
24.347474000000034,13.38339267564948,-41.713285197456024,-120.71458214832573,-0.029841454467553496,0.0532671365469542,0.0342760121121666,0.0,0.0,0.0,,
24.366490999999996,13.388257967357024,-41.70706735720368,-120.7343497583614,-0.0313769183069096,0.05314022900680553,0.0332601110337354,0.0,0.0,0.0,,
24.376011000000005,13.382227767459252,-41.70169262066886,-120.73781299621832,-0.028228005546734266,0.05289457418803882,0.03483204274977513,0.0,0.0,0.0,,
24.385537999999997,13.374949494385305,-41.69487919955346,-120.7429104123221,-0.024431046579746953,0.052198020347165607,0.03634208233496379,0.0,0.0,0.0,,
24.39504000000005,13.367782620385238,-41.688864569175905,-120.75095171212685,-0.022006033346018552,0.04939583344714958,0.035030503535642625,0.0,0.0,0.0,,
24.404547000000036,13.36512872087234,-41.684848346081196,-120.76556397274665,-0.01888616844541469,0.04794171229845872,0.03541181151546637,0.0,0.0,0.0,,
24.414056000000016,13.368960857485439,-41.68186965284346,-120.78781964903287,-0.01647234238781248,0.04697126407772868,0.035849063092150336,0.0,0.0,0.0,,
24.43307900000002,13.393704480279746,-41.68155188506733,-120.84422663135616,0.007318697364774141,0.03715623569236456,0.04004240343779337,0.0,0.0,0.0,,
24.442589999999996,13.40860875232734,-41.68248549357893,-120.86958717000513,0.007264920893814038,0.036867258291206885,0.03972518644294878,0.0,0.0,0.0,,
24.452097000000037,13.42003613873476,-41.68363050346144,-120.8854516431025,-0.018030263358298944,0.04581475788575553,0.033760997385542044,0.0,0.0,0.0,,
24.461613999999997,13.426074536197152,-41.68388929433641,-120.88868930241595,-0.020289624239074405,0.049400087768066585,0.035910934690121785,0.0,0.0,0.0,,
24.480636000000004,13.419781564767833,-41.68962473053839,-120.8593062769271,-0.026142749532036914,0.051054893626364076,0.03415239082224595,0.0,0.0,0.0,,
24.49014500000004,13.40573328831955,-41.690537834425726,-120.83352400420472,-0.027862814121789647,0.0549014496563409,0.03689434137551628,0.0,0.0,0.0,,
24.499653000000023,13.386696469331897,-41.69307501239501,-120.80863080795989,-0.029970890543121746,0.05518136118292656,0.03597421877831687,0.0,0.0,0.0,,
24.509168000000045,13.36646282869987,-41.695908323673926,-120.7902139508558,-0.03049541013851047,0.05483343988083662,0.035353215780729905,0.0,0.0,0.0,,
24.518676000000028,13.346171361845864,-41.69614103372149,-120.78104049639249,-0.030251172828907533,0.055938101480036195,0.03656831610468038,0.0,0.0,0.0,,
24.528186000000005,13.329563401196353,-41.69765911765101,-120.78262901181114,-0.029913954666841457,0.05525803563095355,0.036102576610259306,0.0,0.0,0.0,,
24.537682000000018,13.31845304127571,-41.699955833677315,-120.79365755693553,-0.028707143867785636,0.05443126417270829,0.03598430836365824,0.0,0.0,0.0,,
24.547196000000042,13.314831235122194,-41.70141848785714,-120.81472599442894,-0.02519257870149418,0.05357886636745639,0.03715977639930057,0.0,0.0,0.0,,
24.556723000000034,13.317862090515128,-41.70125785425837,-120.8419365223043,-0.02262063319575414,0.053281647985860756,0.03832727460557323,0.0,0.0,0.0,,
24.566224000000034,13.328665977340705,-41.69785752143231,-120.8716039218386,-0.020667445469067885,0.05286243468094179,0.03902574544880876,0.0,0.0,0.0,,
24.575728000000026,13.347858855256169,-41.693060699728825,-120.90183677437808,-0.019563761125407274,0.0511881309809301,0.038029244309442344,0.0,0.0,0.0,,
24.585234000000014,13.373455353318962,-41.6871233692317,-120.93084316985237,-0.019082249536524626,0.05047496246448216,0.0376036785332264,0.0,0.0,0.0,,
24.594750000000033,13.401876078904293,-41.68063151123983,-120.95653241824132,-0.010256912420815256,0.06553114505091684,0.017988286439814302,0.0,0.0,0.0,,
24.604269000000045,13.432017688009815,-41.67267757134084,-120.97909163731461,-0.010923793681156086,0.06644566256365494,0.018263548778291294,0.0,0.0,0.0,,
24.613781000000017,13.456465778287274,-41.66624831013561,-120.99609705024626,-0.023283738557415518,0.050758401610095566,0.03541877558897118,0.0,0.0,0.0,,
24.623279000000025,13.472932117517018,-41.660413988759636,-121.00811771477258,-0.025438951625361274,0.051969251415393845,0.03533372058701505,0.0,0.0,0.0,,
24.63279300000005,13.484921356548348,-41.65896518362239,-121.01825359277987,-0.02517344434127377,0.050457859756645615,0.034023769841954675,0.0,0.0,0.0,,
24.64230500000002,13.48572948967446,-41.66013734839338,-121.02467777107826,-0.025710980801852797,0.0514019619844733,0.034614306437687065,0.0,0.0,0.0,,
24.651837,13.479936171123187,-41.66145060560877,-121.02908011887618,-0.024842513290743617,0.049280380291854796,0.03306841536048905,0.0,0.0,0.0,,
24.66134900000003,13.467735196653202,-41.664483437848794,-121.03149941662411,-0.023369926304094513,0.04975867119164635,0.034376339337651544,0.0,0.0,0.0,,
24.67084,13.452619778320706,-41.66800414485763,-121.03200583768512,-0.021709441472344777,0.0485596006700408,0.034178983551161876,0.0,0.0,0.0,,
24.68035900000001,13.437262981455689,-41.66975403839357,-121.03017251774955,-0.02018066557307269,0.04792834716854588,0.034456139586167736,0.0,0.0,0.0,,
24.68987400000003,13.424658157976502,-41.67356341144095,-121.0274280110741,-0.019279985098751194,0.047928501132326856,0.03497548722349837,0.0,0.0,0.0,,
24.699371000000042,13.418996281471733,-41.6784614065746,-121.02426000496169,-0.01881305473476837,0.0474153624400725,0.03474841897498705,0.0,0.0,0.0,,
24.708883000000014,13.418475018587714,-41.68293164585158,-121.02172300224974,-0.0192542239291493,0.049940776589010805,0.03692015104257485,0.0,0.0,0.0,,
24.718403000000023,13.422288990510255,-41.689434122646276,-121.02185127050087,-0.02178890107334731,0.05067460266427888,0.03615101171816737,0.0,0.0,0.0,,
24.72790600000002,13.430087638411997,-41.69461326014768,-121.02658966266631,-0.023187209492012063,0.05254732027723283,0.03713269432381351,0.0,0.0,0.0,,
24.73742100000004,13.439508402468546,-41.69709118231109,-121.0357857979638,-0.0245869628077939,0.05333665544758829,0.037070110605142446,0.0,0.0,0.0,,
24.746939999999995,13.44813786525355,-41.69847770584378,-121.04809106780947,-0.025565873221482627,0.05376979350373021,0.03690641897400201,0.0,0.0,0.0,,
24.756449000000032,13.451656729376042,-41.699574902290024,-121.06021740424002,-0.02871840854531558,0.053826133979678385,0.03512178658943447,0.0,0.0,0.0,,
24.76595900000001,13.44898723634742,-41.700259055979814,-121.07052717742157,-0.030108334894432442,0.05386584632702646,0.034343434612187,0.0,0.0,0.0,,
24.77547100000004,13.44174353996996,-41.698898970934245,-121.07866048531795,-0.02874015097977946,0.05418404895196374,0.03543516522549293,0.0,0.0,0.0,,
24.784977000000026,13.431449473850202,-41.69736401509338,-121.08745881723262,-0.02660865060963992,0.0532968059385123,0.03581052411976693,0.0,0.0,0.0,,
24.794492000000048,13.418109989975243,-41.69625393127493,-121.09534996133205,-0.025486788554549566,0.053171206927189636,0.036333805354765936,0.0,0.0,0.0,,
24.80400000000003,13.411503728467869,-41.696696330206215,-121.1060762579565,-0.022304392274189313,0.048145648861831085,0.033338317642447955,0.0,0.0,0.0,,
24.813514999999995,13.41064547460685,-41.69922677290101,-121.12089659756526,-0.019987395454837013,0.046346711271456044,0.03293815969572929,0.0,0.0,0.0,,
24.82302500000003,13.413476547942977,-41.70207191474768,-121.13767286079313,-0.01880646716275843,0.04750949174911497,0.03472367275014849,0.0,0.0,0.0,,
24.83252600000003,13.421105517450636,-41.70276077963124,-121.15740192054717,-0.017377679532123918,0.04785120657838246,0.035864917971142767,0.0,0.0,0.0,,
24.84205300000002,13.43017634452142,-41.70460736208068,-121.17562743478602,-0.018354568861383223,0.04829385295189062,0.035705948922117925,0.0,0.0,0.0,,
24.85154700000004,13.442920046801266,-41.706159819963645,-121.1925988968578,-0.01887662388513513,0.0476651311872158,0.034783552580832065,0.0,0.0,0.0,,
24.861075000000028,13.452718208288365,-41.70699926515274,-121.2032409113603,-0.021207954857522547,0.04864736133125951,0.034361453817924124,0.0,0.0,0.0,,
24.870576000000028,13.458153422641516,-41.70716070474954,-121.20760911324518,-0.022939799333359986,0.05114708328002159,0.035749688948108906,0.0,0.0,0.0,,
24.88009100000005,13.457015870895553,-41.70647828400703,-121.20654475860881,-0.024255011206623434,0.05291982572219739,0.036688244176139966,0.0,0.0,0.0,,
24.889599000000032,13.450122455476864,-41.70561838760724,-121.20234604977767,-0.02476965632317991,0.054708160073705936,0.038110617503566445,0.0,0.0,0.0,,
24.89910500000002,13.440012607842675,-41.70524966856937,-121.19598403439127,-0.027089318261142883,0.05331300142844995,0.03542977009566898,0.0,0.0,0.0,,
24.90862800000002,13.426107780154052,-41.70837966703781,-121.19186176940762,-0.02812322971087969,0.053200600546922897,0.03472126693662957,0.0,0.0,0.0,,
24.92764600000004,13.3999774150402,-41.712797199807945,-121.20263749051796,-0.02409271179038789,0.05458688355237299,0.03837779053430341,0.0,0.0,0.0,,
24.937152000000026,13.389751175087074,-41.71294159771974,-121.22114553454823,-0.02178317131171554,0.05097082279532925,0.03623369154995937,0.0,0.0,0.0,,
24.946667000000048,13.384466737119366,-41.713141225660465,-121.2441594283369,-0.02100211934543283,0.04727697274199341,0.033124672217900324,0.0,0.0,0.0,,
24.956174000000033,13.38332697839995,-41.71355848044358,-121.2672283821169,-0.019653253890378336,0.04781111018711412,0.034402584595067225,0.0,0.0,0.0,,
24.96569500000004,13.383920298324194,-41.71744270320428,-121.28716200085451,-0.018858578888822135,0.04806914950782296,0.03509191254857975,0.0,0.0,0.0,,
24.97520400000002,13.382949841074453,-41.71782553702142,-121.297341108938,-0.018532439810556318,0.0495474666959518,0.03669018368821094,0.0,0.0,0.0,,
24.984708000000012,13.378482350609042,-41.71529350017657,-121.29528728972993,-0.01980573710770296,0.04896847041350272,0.03539816469902846,0.0,0.0,0.0,,
24.99422100000004,13.37643302840703,-41.716508635632145,-121.28439053943042,-0.021369877007949574,0.047115005210377335,0.03271780397991954,0.0,0.0,0.0,,
25.00371700000005,13.373701991197564,-41.72306297422004,-121.26678896493465,-0.02498289381807722,0.048101160163656134,0.03156728206885026,0.0,0.0,0.0,,
25.01322700000003,13.371698605555162,-41.7304595526082,-121.24989525039798,-0.026909250276748592,0.04911655943029759,0.03142722345873931,0.0,0.0,0.0,,
25.022739,13.371785082148012,-41.73314045889602,-121.2401163960305,-0.02675203683227047,0.05459112072960449,0.036772399027320796,0.0,0.0,0.0,,
25.032246000000043,13.371799245082595,-41.73463117104057,-121.24183417606993,-0.027788944298485083,0.05538640701502914,0.03692812120485739,0.0,0.0,0.0,,
25.041770000000042,13.374141641223915,-41.73138975106176,-121.25674435962877,-0.026280210583653315,0.05582588505390666,0.038215885846060976,0.0,0.0,0.0,,
25.051283000000012,13.377426729815912,-41.72601364501214,-121.28194356997912,-0.023873034214540113,0.054818345209476135,0.03863378386874095,0.0,0.0,0.0,,
25.060797000000036,13.37573328532458,-41.721019614741756,-121.30811177011009,-0.025144866600907527,0.05317530828951848,0.03629989134620403,0.0,0.0,0.0,,
25.07029700000004,13.372302066728027,-41.71699596627313,-121.33019830860681,-0.023389734296950997,0.052073730895463695,0.03625199930257359,0.0,0.0,0.0,,
25.079813,13.367513528788631,-41.720765658482385,-121.3425521041075,-0.024221842936742326,0.04763809101180368,0.03150152102740754,0.0,0.0,0.0,,
25.08933300000001,13.361183717903156,-41.72894072558933,-121.34511087665203,-0.024126344829975527,0.048731545311877074,0.03259297792936552,0.0,0.0,0.0,,
25.098859000000004,13.35565264100997,-41.73303706680321,-121.34089575479268,-0.022475343714868725,0.05164163867084102,0.0363411801587953,0.0,0.0,0.0,,
25.108359000000007,13.34905790407201,-41.73435794896759,-121.3338754398767,-0.022670150295905595,0.05260797005915818,0.03715753894639264,0.0,0.0,0.0,,
25.117875000000026,13.346884697571847,-41.73363214109262,-121.33213564872965,-0.02246029168705389,0.05233168457884895,0.03701785167003224,0.0,0.0,0.0,,
25.12738200000001,13.34915239073101,-41.73117804528998,-121.3387728030168,-0.02283481862333355,0.05300769671756389,0.03744396414767972,0.0,0.0,0.0,,
25.136896000000036,13.354999785375567,-41.7252192987898,-121.35419819528931,-0.02289986728791367,0.05193372726456209,0.0363711793438191,0.0,0.0,0.0,,
25.146375000000035,13.365097077701261,-41.72139345360697,-121.37902807192438,-0.02185376894385501,0.05061398638348191,0.03570067628392183,0.0,0.0,0.0,,
25.155888000000004,13.374678609319558,-41.71961756692292,-121.40641757248346,-0.022209626551241153,0.05060402561981031,0.03546124170105059,0.0,0.0,0.0,,
25.16540500000002,13.388699003045557,-41.72028992338992,-121.43409868117232,-0.020540575879069208,0.04782650391045774,0.033754087438394524,0.0,0.0,0.0,,
25.17491100000001,13.401948706724323,-41.72506188557082,-121.45669806768271,-0.020763143389355226,0.04746566002701907,0.033254217864803516,0.0,0.0,0.0,,
25.184416,13.413880329504497,-41.7290959057095,-121.47239242255246,-0.01926997847827676,0.04834456136607681,0.034951006196685265,0.0,0.0,0.0,,
25.19393100000002,13.42312809349102,-41.73148794946892,-121.47942703657368,-0.01019024701876087,0.0650121368958743,0.017136210543299397,0.0,0.0,0.0,,
25.20344,13.429911681396176,-41.73110324549924,-121.48002961995388,-0.009602532997860949,0.06783959735753016,0.015425802506223203,0.0,0.0,0.0,,
25.212947000000042,13.43391031494556,-41.72555416778289,-121.47810754683167,-0.00959384595877511,0.0719046375092589,0.013936407140262673,0.0,0.0,0.0,,
25.22246800000005,13.43596817222461,-41.71773804064959,-121.47655048778066,-0.011476398035872418,0.07083409882001693,0.01417408688736016,0.0,0.0,0.0,,
25.23197300000004,13.436433726733677,-41.70821485795462,-121.47940321890435,-0.013328007828956498,0.0693776467710228,0.01775865713846707,0.0,0.0,0.0,,
25.24148600000001,13.43303081288749,-41.70191015775859,-121.48449160128824,-0.02511028650063022,0.051986241181822705,0.035036653270041684,0.0,0.0,0.0,,
25.25099300000005,13.4280210344436,-41.70145353255088,-121.49257976972858,-0.024617184666816692,0.050527510775834436,0.03392260076666165,0.0,0.0,0.0,,
25.260511000000008,13.41858006752866,-41.70594495164604,-121.50070582677611,-0.02589479308564111,0.04948059647762117,0.03215894526491891,0.0,0.0,0.0,,
25.270028000000025,13.409181765182547,-41.71577705443031,-121.50949766641008,-0.02328905419149741,0.04847943435052988,0.032709794205556746,0.0,0.0,0.0,,
25.279528000000028,13.398047008015169,-41.72731012355254,-121.51535533147168,-0.021852430622840053,0.04868506862681738,0.03372998117317944,0.0,0.0,0.0,,
25.289053000000024,13.389602750181949,-41.736131874128944,-121.51746651514073,-0.02097562992238484,0.048743560818569266,0.034287395679015,0.0,0.0,0.0,,
25.298550000000034,13.3819474276917,-41.740801355767275,-121.51631970193203,-0.020519315134824283,0.0503667215556318,0.03610092568920749,0.0,0.0,0.0,,
25.317566999999997,13.372824756888114,-41.73891915613977,-121.50935450299853,-0.020744559720273552,0.05220699152188598,0.037735859993333336,0.0,0.0,0.0,,
25.327090999999996,13.36875459745044,-41.734915275600635,-121.50511617981869,-0.023124414496169993,0.05332560652643391,0.037419888770022086,0.0,0.0,0.0,,
25.336603000000025,13.36758616361405,-41.73038196431374,-121.50049096517934,-0.025507770144277086,0.054624007307997345,0.03727514795243852,0.0,0.0,0.0,,
25.346112000000005,13.36933741511559,-41.72925179183386,-121.49982079425116,-0.027724278682340814,0.053393164505759164,0.03480209437711182,0.0,0.0,0.0,,
25.355616999999995,13.36882838842205,-41.73200765574314,-121.5023337431531,-0.03023021653571977,0.055171623133951915,0.03502816186709416,0.0,0.0,0.0,,
25.365133000000014,13.369757551074537,-41.73329643075084,-121.51207826616286,-0.0288060187047147,0.056209772653174145,0.036842881515339286,0.0,0.0,0.0,,
25.37463200000002,13.365900795240615,-41.733427288195216,-121.52659069361124,-0.02877879028249288,0.056027784384848824,0.03666945075404901,0.0,0.0,0.0,,
25.38415100000003,13.364632630087538,-41.733933461812285,-121.54875817931743,-0.025534513297756585,0.052916717732973705,0.03557625660863429,0.0,0.0,0.0,,
25.39366100000001,13.365011748513817,-41.73431621535798,-121.5757399565901,-0.023148132232441207,0.049271464690440026,0.033469052412057214,0.0,0.0,0.0,,
25.403171000000043,13.366939804708785,-41.73246059859167,-121.60489466690197,-0.019160945842070606,0.047619412873119264,0.03421040628606356,0.0,0.0,0.0,,
25.41268100000002,13.373139197473817,-41.72993439556449,-121.63414867080321,-0.014972905357198554,0.04605988476967548,0.03516389954331955,0.0,0.0,0.0,,
25.422190999999998,13.381870350506816,-41.72452096643382,-121.66030936355278,0.007797819755714811,0.03671422360225204,0.0396341320987144,0.0,0.0,0.0,,
25.431692999999996,13.396640554898962,-41.718041770527186,-121.68168513318398,0.017733127018036615,0.05312359965048347,0.02344917263346325,0.0,0.0,0.0,,
25.441210000000012,13.411541872007417,-41.715513428447665,-121.69410297485938,0.007719122189819145,0.036378612953629146,0.03927160147272461,0.0,0.0,0.0,,
25.45072700000003,13.427042889513018,-41.71342071633112,-121.69941755722564,-0.006034766613831749,0.06345565479055487,0.017925877965408916,0.0,0.0,0.0,,
25.460233000000017,13.43965733804716,-41.71248541650736,-121.69829055187465,-0.009249687584973994,0.06764560937111276,0.020417070312208876,0.0,0.0,0.0,,
25.46973700000001,13.445795092366263,-41.71201987117733,-121.69113602637495,-0.012976040552574791,0.0703678334845404,0.018635200964148536,0.0,0.0,0.0,,
25.47925700000002,13.44531707072299,-41.71342235533254,-121.67889429625934,-0.02797739182115977,0.05542943288301638,0.036435483800069696,0.0,0.0,0.0,,
25.488766,13.438407705084186,-41.71433148352178,-121.66588655829248,-0.030050792646302386,0.056635821973214324,0.0363786070938326,0.0,0.0,0.0,,
25.498279000000025,13.420995312079393,-41.717461611773665,-121.65111991423127,-0.03296626542111255,0.0565857447282806,0.034626729921211005,0.0,0.0,0.0,,
25.50778200000002,13.39814187897766,-41.71779035202172,-121.6395659748834,-0.03098610596241557,0.057679102441093706,0.03684862696668892,0.0,0.0,0.0,,
25.526815,13.348572407081187,-41.72504060919016,-121.63286244772529,-0.02695876949691563,0.052937661363905236,0.03468827640466008,0.0,0.0,0.0,,
25.536325000000033,13.33063930094659,-41.726070612140894,-121.64073133102532,-0.023076780514921427,0.05183688716251657,0.03591191733300782,0.0,0.0,0.0,,
25.545833000000016,13.321833295785797,-41.72812330280607,-121.65594157660618,-0.020345463078146223,0.049279550745827905,0.03506183349799512,0.0,0.0,0.0,,
25.55533600000001,13.32386049184225,-41.730694323149756,-121.67693868449444,-0.018112534195972137,0.04731390946190538,0.03448008262312643,0.0,0.0,0.0,,
25.564849000000038,13.335317231422605,-41.73228316569424,-121.70146510379502,-0.017160409993207167,0.047860252309483556,0.035540879824520775,0.0,0.0,0.0,,
25.574356000000023,13.353498827734457,-41.73217758082989,-121.72709220024305,-0.01637668354212374,0.04919006636851798,0.03725120312620804,0.0,0.0,0.0,,
25.583876000000032,13.375266902007525,-41.72982797667534,-121.75087575137516,-0.01681569170550526,0.04958768052109236,0.03735582356529117,0.0,0.0,0.0,,
25.593394000000046,13.396912230274504,-41.72817666291166,-121.77003593761866,-0.019342970125193218,0.04925546748600313,0.03553415607081773,0.0,0.0,0.0,,
25.602903000000026,13.413252197586736,-41.726513960328234,-121.78033602306509,-0.02281600175144163,0.04984070866795105,0.03403449963263225,0.0,0.0,0.0,,
25.612408000000016,13.422192863157624,-41.725162750547874,-121.78236245912491,-0.02548178178966741,0.051500825981306106,0.03404231190226542,0.0,0.0,0.0,,
25.621915,13.42342881420211,-41.72408623858663,-121.77818901747796,-0.02644941164118297,0.05386258266039837,0.035727624417525784,0.0,0.0,0.0,,
25.631428000000028,13.41610841359013,-41.72356067389963,-121.769862650838,-0.02806252315954179,0.05379926622002204,0.034723739872274985,0.0,0.0,0.0,,
25.640937000000008,13.404469839404738,-41.72337705037327,-121.76267103241139,-0.02760256801359307,0.05411493292124252,0.03530382523717563,0.0,0.0,0.0,,
25.650458000000015,13.388945238832306,-41.72237316117867,-121.75827611369981,-0.026501788959259982,0.05379265753228051,0.035651996120523076,0.0,0.0,0.0,,
25.659978000000024,13.372592384288305,-41.72109035656714,-121.75824495660359,-0.0253528940026422,0.0536284033831297,0.03617520101606107,0.0,0.0,0.0,,
25.669489999999996,13.358259518085093,-41.72211441240304,-121.76541512921074,-0.023536460266255457,0.052140512021191944,0.035820622290666786,0.0,0.0,0.0,,
25.679001000000028,13.349916327761644,-41.723919761090706,-121.7790065470435,-0.02052544657361743,0.04981381549515891,0.03536594498487009,0.0,0.0,0.0,,
25.68850500000002,13.347124189888227,-41.72435455465775,-121.79500242235709,-0.018854533746658415,0.049478767833461536,0.0360196460449972,0.0,0.0,0.0,,
25.69802500000003,13.348638257037988,-41.72486250669895,-121.811170907544,-0.018076728512085354,0.04863304846251169,0.03565952191348911,0.0,0.0,0.0,,
25.70753400000001,13.354821311280272,-41.726470798628235,-121.8249416235595,-0.01861078009100193,0.04871415097052766,0.03540793920860548,0.0,0.0,0.0,,
25.71704600000004,13.362943613333654,-41.72716362907178,-121.83411667944156,-0.02007078397060233,0.050251278591320635,0.036000436461166546,0.0,0.0,0.0,,
25.726548000000037,13.374337934146043,-41.72706052531961,-121.84085588881837,-0.020751836408208626,0.05002597692815071,0.035377323086806356,0.0,0.0,0.0,,
25.736069000000043,13.3870415810846,-41.72549573587054,-121.84726090398512,-0.021056814134675955,0.05052586590757641,0.035669467410021125,0.0,0.0,0.0,,
25.74557500000003,13.394760843800789,-41.722951617510745,-121.8518751756292,-0.023974745631653107,0.05318101935331997,0.03647100242152557,0.0,0.0,0.0,,
25.755093000000045,13.40143482606582,-41.71973021295467,-121.85846014921188,-0.02417897490336503,0.05379193026440088,0.036929957578739736,0.0,0.0,0.0,,
25.764597000000037,13.404011235429563,-41.715033437882035,-121.86672371823077,-0.02396637381998289,0.05385033733263945,0.03710969155598999,0.0,0.0,0.0,,
25.774114999999995,13.401832922316062,-41.71204940375352,-121.87649785948909,-0.0252726181246115,0.05437855713892106,0.03683357988928686,0.0,0.0,0.0,,
25.78362800000002,13.397834782515071,-41.71007328305695,-121.88816116270912,-0.024247668812905375,0.05214192141144094,0.03530143192084042,0.0,0.0,0.0,,
25.79325,13.389025964484832,-41.70758724488681,-121.8991211818672,-0.02352223305359583,0.05270122358190078,0.03625712150075195,0.0,0.0,0.0,,
25.802767000000017,13.38202870740557,-41.709714898207345,-121.90947099756046,-0.022580160959609248,0.04873900548750648,0.03302964344349605,0.0,0.0,0.0,,
25.81229000000002,13.376222750461853,-41.71329658040164,-121.91741216650964,-0.020539292842356633,0.04879818857969179,0.03428533361563055,0.0,0.0,0.0,,
25.82166600000005,13.372798582204618,-41.7175731360682,-121.9223314998084,-0.019996823735961032,0.048783285812752174,0.03458357467474622,0.0,0.0,0.0,,
25.83117100000004,13.3730104875193,-41.719833712744155,-121.92705019139312,-0.018257834578556256,0.04896634476581825,0.035782603233779714,0.0,0.0,0.0,,
25.840692000000047,13.37356827645468,-41.72023715783437,-121.93104703390183,-0.018788062636601724,0.05098825540024725,0.0373889145662744,0.0,0.0,0.0,,
25.850202000000024,13.374719416591912,-41.71880913282916,-121.93293034413477,-0.020984225965609074,0.05208729756594224,0.037132481593442346,0.0,0.0,0.0,,
25.859839000000022,13.37859491379839,-41.719378675254035,-121.93569044499192,-0.02212518126157764,0.05151028241610991,0.03590313393042025,0.0,0.0,0.0,,
25.86922100000004,13.379826036536222,-41.722532517317966,-121.93765751821559,-0.025358016828365436,0.05112044930455982,0.03360845122010998,0.0,0.0,0.0,,
25.888237000000004,13.378280538594833,-41.73081087801766,-121.94004450637995,-0.026478837890035724,0.051309757700682426,0.03311172845420553,0.0,0.0,0.0,,
25.897755000000018,13.374556877372761,-41.73472079886696,-121.94174810856497,-0.02707934136744578,0.0515938275674584,0.0330196094261037,0.0,0.0,0.0,,
25.907256000000018,13.369818650326804,-41.73666773590558,-121.94595096849783,-0.025546093183824403,0.05274815730284554,0.03502055025925531,0.0,0.0,0.0,,
25.91677100000004,13.364106962528066,-41.73399412005349,-121.95300605016313,-0.023718839597293876,0.05302041230685022,0.036360028238347226,0.0,0.0,0.0,,
25.926263000000006,13.358434177678719,-41.72816813633772,-121.9637567920822,-0.022087948449176917,0.05352865869102862,0.03780887090347262,0.0,0.0,0.0,,
25.935776000000033,13.357031345703962,-41.72199834003428,-121.97853983289414,-0.019722665135273394,0.052120054060492076,0.03786828335250425,0.0,0.0,0.0,,
25.945303000000024,13.358560079290138,-41.71628885845357,-121.99378511555477,-0.018969544806900045,0.05015077822091665,0.03643677881836403,0.0,0.0,0.0,,
25.95481000000001,13.362914627805823,-41.715892135725646,-122.00896373071197,-0.019034893167405482,0.04786521155887069,0.03421171319324855,0.0,0.0,0.0,,
25.964330000000018,13.365287268622476,-41.71534233282493,-122.0196284496395,-0.02017944987329931,0.05158265868362211,0.0370586607958578,0.0,0.0,0.0,,
25.973855000000015,13.367880166469732,-41.71760954960075,-122.02751494844706,-0.019864486124938924,0.05201701799192858,0.03764925827058951,0.0,0.0,0.0,,
25.983357000000012,13.368210372885507,-41.72086747404529,-122.03122537943437,-0.021902284816738525,0.0504082822594167,0.03489993938598783,0.0,0.0,0.0,,
25.992857000000015,13.365289666836278,-41.72505728732675,-122.03156924286606,-0.023247263039056477,0.05065465456943456,0.034328763076549466,0.0,0.0,0.0,,
26.002499999999998,13.359253929378426,-41.72874726251709,-122.03098439828423,-0.022063327353390887,0.05232294642654893,0.03661469891792393,0.0,0.0,0.0,,
26.012005000000045,13.347517312082754,-41.729555192887936,-122.02871338705833,-0.022994943922089426,0.05395835115377802,0.03761628096000737,0.0,0.0,0.0,,
26.02151200000003,13.338342745138828,-41.7266323598128,-122.030184803376,-0.020968284325874113,0.05054568715549206,0.03557987618225878,0.0,0.0,0.0,,
26.031030000000044,13.33412374016914,-41.72771293769573,-122.03614723292874,-0.019427358386405785,0.04846235774842368,0.03450958851330902,0.0,0.0,0.0,,
26.040543000000014,13.333767502904708,-41.7293315701824,-122.04537510293132,-0.018929786668809755,0.04844971814880981,0.03478400665711702,0.0,0.0,0.0,,
26.05005,13.339328405036287,-41.730996663711394,-122.05674224174102,-0.018907068098683012,0.04883147643887027,0.035148951032544735,0.0,0.0,0.0,,
26.059559000000036,13.348793470116187,-41.734351415815176,-122.06762914709316,-0.020101958294295414,0.04939579000627959,0.03496079344659483,0.0,0.0,0.0,,
26.069084000000032,13.35981137149191,-41.737984731126076,-122.07728800687934,-0.022239757541979734,0.051263055778148485,0.035449064811709875,0.0,0.0,0.0,,
26.07859000000002,13.371354415391659,-41.74066398713059,-122.08414908303027,-0.024237588399767276,0.05162687009897487,0.034595683996346924,0.0,0.0,0.0,,
26.087942999999996,13.37704530634616,-41.740237624292114,-122.0871290009097,-0.016704687457081077,0.07102076202411622,0.016809813859800512,0.0,0.0,0.0,,
26.097463000000005,13.3783387940402,-41.74061456098668,-122.08794660915389,-0.01910399604365007,0.07092936525568645,0.016385401444237335,0.0,0.0,0.0,,
26.106966999999997,13.374601840193776,-41.735395084339636,-122.089196852425,-0.01767613453460943,0.07182924243784795,0.018197404138284017,0.0,0.0,0.0,,
26.116484000000014,13.365500946562534,-41.73046866020607,-122.09136761439711,-0.01919092636232287,0.06923901740769009,0.016767971426783993,0.0,0.0,0.0,,
26.12599400000005,13.354625116631505,-41.726004693661,-122.09636932424483,-0.026522075086449073,0.052451143286443576,0.03402391001355608,0.0,0.0,0.0,,
26.13551000000001,13.34207286289022,-41.723423682694126,-122.10597773443588,-0.024599051698355023,0.04944179132233926,0.03230500461909122,0.0,0.0,0.0,,
26.145019000000048,13.334461275325099,-41.72196504394156,-122.12190557803008,-0.019750804387683257,0.04789228709090678,0.033711372243603856,0.0,0.0,0.0,,
26.154524000000038,13.328331073465632,-41.7214375232981,-122.13919833504612,-0.016979817844958545,0.0479573823691788,0.03541278434792088,0.0,0.0,0.0,,
26.164033000000018,13.327731840011271,-41.722826729248695,-122.15837324183069,-0.01525596299752488,0.046883805520700254,0.035405808388598095,0.0,0.0,0.0,,
26.17354800000004,13.33305144481081,-41.72537701285192,-122.17547102305394,0.008258701085930702,0.037022571709617556,0.040071847739266975,0.0,0.0,0.0,,
26.183052000000032,13.338364173846214,-41.72846256413996,-122.18631303134488,-0.01655264970005174,0.049142395106798735,0.03674689052653982,0.0,0.0,0.0,,
26.19257200000004,13.346123902624162,-41.72952572778953,-122.1917077360841,-0.017005078437658357,0.04972286390187737,0.03702180293231226,0.0,0.0,0.0,,
26.202105000000017,13.350681129555738,-41.730822835220806,-122.1894667323845,-0.019745053407395442,0.05181350384703863,0.03736907420820565,0.0,0.0,0.0,,
26.211606000000018,13.34966202578654,-41.732279631705296,-122.18016521914667,-0.023638094114881433,0.0538456273050238,0.03697900038213649,0.0,0.0,0.0,,
26.22112000000004,13.344971861993983,-41.73298384676526,-122.16762731547453,-0.026314251983896864,0.05462151763401469,0.03612904787059585,0.0,0.0,0.0,,
26.230625000000032,13.33512561310922,-41.73327963685552,-122.15312581519535,-0.028784198742058863,0.05493518688103795,0.034967354266732864,0.0,0.0,0.0,,
26.240147000000036,13.324096751592535,-41.731123299840505,-122.14234748522756,-0.028197077406455676,0.056967708105973014,0.0372610047010197,0.0,0.0,0.0,,
26.249656000000016,13.308690007268824,-41.729578518305296,-122.13589866711521,-0.029828084514460316,0.057441304346346984,0.036746770637668985,0.0,0.0,0.0,,
26.259146000000044,13.296701270763517,-41.73122723305462,-122.14084090028295,-0.027826972954666573,0.05478966735222509,0.03541555501353511,0.0,0.0,0.0,,
26.268658000000016,13.286012154462485,-41.733876015786315,-122.15496445920573,-0.026678300630542003,0.05377699490762345,0.03512191137952551,0.0,0.0,0.0,,
26.278164000000004,13.283566175359788,-41.73469872998294,-122.18016197639808,-0.022093530196926444,0.0512940884703324,0.03547712193585414,0.0,0.0,0.0,,
26.287689999999998,13.289517667500709,-41.734880573911724,-122.21295119008157,-0.01793938458879596,0.04846762123966805,0.03524899938909746,0.0,0.0,0.0,,
26.297203000000025,13.301053554056173,-41.73331136381675,-122.2482578363481,-0.01558925280751532,0.04766563282636747,0.03586802858400148,0.0,0.0,0.0,,
26.306712000000005,13.320553980466418,-41.72951378642501,-122.28421828270668,0.00837966426644811,0.03717438762843026,0.040255216608258246,0.0,0.0,0.0,,
26.316210000000012,13.340700956848277,-41.72518952036327,-122.31210127291759,0.008380267850382163,0.03718318250534217,0.040263055944282304,0.0,0.0,0.0,,
26.325715000000002,13.361070352168785,-41.7216753541569,-122.33091794343619,0.008413427406109066,0.037364097366242535,0.04045464757909427,0.0,0.0,0.0,,
26.33523200000002,13.379136027161598,-41.71950646949901,-122.33944498614694,-0.016140846220759963,0.04870147709412408,0.036467106655144174,0.0,0.0,0.0,,
26.344741999999997,13.388574190882972,-41.71643833106463,-122.336030558432,-0.010030140575980959,0.06737265744285985,0.01759901544473553,0.0,0.0,0.0,,
26.35424500000005,13.390382116469784,-41.71759111460402,-122.32398754249374,-0.01436714551074207,0.06792109077772318,0.017337347925613467,0.0,0.0,0.0,,
26.36376100000001,13.3839825822978,-41.71900369058716,-122.30662451643624,-0.01722864292700926,0.07129435555960034,0.01917354782944343,0.0,0.0,0.0,,
26.373274000000038,13.371609705117013,-41.72045146010883,-122.2890802798907,-0.028157100992275072,0.055274184516185126,0.03553748948355518,0.0,0.0,0.0,,
26.382783000000018,13.352226556192296,-41.72186727991866,-122.2730999604066,-0.029588530155155626,0.056394517190845636,0.03575756707903894,0.0,0.0,0.0,,
26.392299000000037,13.327081677548316,-41.72443239301385,-122.26148720533743,-0.030315374828649395,0.057036765515353485,0.03594082804065146,0.0,0.0,0.0,,
26.401813000000004,13.302755286694934,-41.72592499881894,-122.25845740981822,-0.0285465271123821,0.05588588655056759,0.0359095967390677,0.0,0.0,0.0,,
26.411311000000012,13.28366233130142,-41.72745317080663,-122.26539877535765,-0.025102727980008954,0.05384976148440562,0.0360312237801316,0.0,0.0,0.0,,
26.42082300000004,13.271377521873015,-41.72947022581604,-122.2816369678314,-0.021842662951069812,0.051375167655502915,0.035619284258540246,0.0,0.0,0.0,,
26.43034,13.268724503597202,-41.732949926414925,-122.30396442318873,-0.019241150548367725,0.048677596077574777,0.03459736296593098,0.0,0.0,0.0,,
26.439849000000038,13.275278544051458,-41.73618151880796,-122.3294714340368,-0.01740947533573602,0.047404690888770654,0.03446468730157863,0.0,0.0,0.0,,
26.449354000000028,13.286979551606128,-41.738930915415935,-122.35309909981045,-0.01685550087717238,0.047226541057799366,0.03460643200720283,0.0,0.0,0.0,,
26.45886900000005,13.305977691284635,-41.740592954348706,-122.37541061139054,-0.01624579405386336,0.04774578383343769,0.035444565259186774,0.0,0.0,0.0,,
26.468387000000007,13.327410419870787,-41.74012178172306,-122.39299662671745,-0.016964946353708887,0.049002959566487314,0.03618961063148196,0.0,0.0,0.0,,
26.477900000000034,13.34893810378878,-41.73801213622242,-122.40648121721557,-0.018984674611979706,0.0499080536567701,0.0358248394782663,0.0,0.0,0.0,,
26.48739800000004,13.366052169357603,-41.73424699826639,-122.41426662502127,-0.011185163535131515,0.06812864723060344,0.019380836417861584,0.0,0.0,0.0,,
26.49690800000002,13.375978029755377,-41.72725644817795,-122.4177757460622,-0.012922313139157263,0.07080943183254756,0.019550416977781163,0.0,0.0,0.0,,
26.50642000000005,13.381738883398093,-41.723307668061544,-122.42062317835891,-0.015111423090411453,0.06803551029706334,0.01715450782315602,0.0,0.0,0.0,,
26.515941999999995,13.380301995020078,-41.722478098073196,-122.42245758437308,-0.02647250814108705,0.05308112620476621,0.03433247199413715,0.0,0.0,0.0,,
26.525445000000047,13.373206924879119,-41.721369827135945,-122.42483235005115,-0.0252486097130864,0.053788354388523314,0.03573696753383347,0.0,0.0,0.0,,
26.53496700000005,13.356435531771528,-41.72166241846421,-122.42558814649696,-0.026296162557298046,0.05349810141771455,0.03483112568293368,0.0,0.0,0.0,,
26.544487000000004,13.339474356840931,-41.72383404817041,-122.42861586798936,-0.0240241004094133,0.05178612187579076,0.03457130835045873,0.0,0.0,0.0,,
26.56349,13.31485639562682,-41.73028888501141,-122.44082298301755,-0.0188394682863572,0.049557827782076166,0.035561752743536415,0.0,0.0,0.0,,
26.57299900000004,13.307334620790222,-41.73224224348245,-122.44891924089522,-0.01744451417112604,0.04985969721809384,0.03667727114603442,0.0,0.0,0.0,,
26.582531000000017,13.306430687815187,-41.73444467968412,-122.4583121722899,-0.016425814948733124,0.048901761543923165,0.036373588879380754,0.0,0.0,0.0,,
26.59204500000004,13.31390531765103,-41.737117936944216,-122.46737456754717,-0.016354249280812475,0.047476020698632784,0.035057786426281524,0.0,0.0,0.0,,
26.601557000000014,13.321118514977723,-41.7384909952084,-122.47275712317314,-0.01976471543569916,0.05096733438371834,0.03630100002032005,0.0,0.0,0.0,,
26.611057000000017,13.33052291063381,-41.73848278159722,-122.47687324676434,-0.02126692714143272,0.05236014994677759,0.0367103487707438,0.0,0.0,0.0,,
26.620577000000026,13.336479494576782,-41.73729648462242,-122.47878065829958,-0.024756308568718105,0.054418991585218485,0.03655666987459016,0.0,0.0,0.0,,
26.630085000000008,13.342493675817902,-41.73596125287708,-122.48217746253356,-0.025600855954240588,0.0553271056110293,0.03690534753186414,0.0,0.0,0.0,,
26.639595000000043,13.346839804059979,-41.734508024904194,-122.487244600411,-0.026573806563810993,0.055569341843321574,0.03654537699699738,0.0,0.0,0.0,,
26.649098000000038,13.346984972702195,-41.73201065541607,-122.4945115083153,-0.027095252520103325,0.055420877831087144,0.03608670708341547,0.0,0.0,0.0,,
26.658613000000003,13.344609982468691,-41.729419791209025,-122.50516743698019,-0.02578326665276036,0.05465186897094368,0.03614235633770046,0.0,0.0,0.0,,
26.668132000000014,13.338066595620372,-41.726452890416176,-122.51740654868277,-0.025157749916527,0.053812348516096585,0.035717128946806356,0.0,0.0,0.0,,
26.67763100000002,13.335321316793172,-41.72380727332522,-122.5329592788849,-0.022633415556033144,0.05089710777442838,0.03447133559302938,0.0,0.0,0.0,,
26.687156000000016,13.332530508230985,-41.721018257509584,-122.54783958251329,-0.02112736412625641,0.050940728482560246,0.03541116653099296,0.0,0.0,0.0,,
26.69666600000005,13.33109220400321,-41.71897289859162,-122.56315030320718,-0.02007966327235648,0.0501137460624275,0.035250895390418445,0.0,0.0,0.0,,
26.706165999999996,13.334953092646012,-41.717103559225286,-122.58120879143107,-0.01732508932843396,0.04963225641206989,0.03644644166233627,0.0,0.0,0.0,,
26.715682000000015,13.342173415311535,-41.7178615587533,-122.60037175822119,-0.016258617081315634,0.04829909140745645,0.03581469151656642,0.0,0.0,0.0,,
26.72519200000005,13.354368461967656,-41.71961338755718,-122.62002994044862,-0.01532247333052101,0.04668099218816335,0.03483461400486619,0.0,0.0,0.0,,
26.734703000000025,13.367821070575317,-41.720002935349946,-122.63805257705978,-0.015723941626789847,0.04671689361288208,0.034611762336093754,0.0,0.0,0.0,,
26.744214,13.380169231764082,-41.72332965589673,-122.65102015990479,-0.018524597160932455,0.04782510734623078,0.033949841097894694,0.0,0.0,0.0,,
26.753724000000034,13.391305095778335,-41.72663691083337,-122.65892758840785,-0.019660916702604208,0.0487385192155874,0.03411419098982307,0.0,0.0,0.0,,
26.763243000000045,13.396709732624007,-41.730460316295755,-122.66059280600197,-0.022852150285847823,0.05198178216918643,0.03523864727424473,0.0,0.0,0.0,,
26.77274200000005,13.394914508564412,-41.733465484335554,-122.65518442613961,-0.02545211980132268,0.05530013169484784,0.03679924384764606,0.0,0.0,0.0,,
26.782264999999995,13.385808941293169,-41.73546029526503,-122.64560231212393,-0.027544527074279828,0.05621021096273479,0.03640000788890729,0.0,0.0,0.0,,
26.791763000000003,13.372682650647029,-41.737410066095634,-122.63499385355725,-0.028639993299453034,0.05595522296983245,0.03550573440359529,0.0,0.0,0.0,,
26.801282000000015,13.357609142308494,-41.736652786941136,-122.626145566381,-0.028137660124828632,0.05623490962307626,0.03608370493784161,0.0,0.0,0.0,,
26.810790999999995,13.34314959722223,-41.737000327192206,-122.62204843891656,-0.027538968099918612,0.05378750535120921,0.034138809771670525,0.0,0.0,0.0,,
26.82030100000003,13.331672818759692,-41.7342736395129,-122.62493733824004,-0.024793550166901348,0.054523408125493056,0.03649322360701536,0.0,0.0,0.0,,
26.829814,13.324304229873842,-41.72896090482832,-122.636044430348,-0.02247935699561183,0.05363729529303052,0.03705178570080452,0.0,0.0,0.0,,
26.848846000000037,13.336813697045425,-41.713497643389076,-122.68470578344647,-0.01542247187816542,0.05135801026244995,0.03914935185050155,0.0,0.0,0.0,,
26.858340999999996,13.352681925909005,-41.709232127491816,-122.71574668055781,-0.015657753727886106,0.049132185217813214,0.036886567800545486,0.0,0.0,0.0,,
26.86785900000001,13.374435116590492,-41.70828367230129,-122.74715232523388,-0.01605443867244388,0.04755858911023771,0.03513755907672377,0.0,0.0,0.0,,
26.877362000000005,13.394339828670125,-41.710885835684245,-122.77284015151778,-0.018609357876544014,0.04804074797440574,0.03401780465045618,0.0,0.0,0.0,,
26.88688400000001,13.416727020277193,-41.716301734010436,-122.79443083066036,-0.01816536462170008,0.04903109288590638,0.03519732125699762,0.0,0.0,0.0,,
26.89639200000005,13.429775325076879,-41.72226508515502,-122.80518766543463,-0.022060998221720477,0.050652340983139955,0.034342365227249476,0.0,0.0,0.0,,
26.915386000000012,13.425660201377546,-41.72587511048009,-122.80107574754214,-0.015658894660454635,0.07073106345127819,0.017842452076188748,0.0,0.0,0.0,,
26.924912000000006,13.4125586093692,-41.72458557491365,-122.79380452760036,-0.024220640063250264,0.053927290742202844,0.036125338805502165,0.0,0.0,0.0,,
26.93442600000003,13.394097933992521,-41.72073390564473,-122.78535098323994,-0.023834928595826636,0.05458395048966481,0.03699184307837251,0.0,0.0,0.0,,
26.943925000000036,13.37581617574078,-41.717525592773704,-122.77980837591635,-0.021884733433366287,0.05257757079173775,0.036293589685853486,0.0,0.0,0.0,,
26.953446000000042,13.361511427271248,-41.71808642717759,-122.77902465367578,-0.020468567418426883,0.05157173610346608,0.03620502983780314,0.0,0.0,0.0,,
26.962942999999996,13.357687258347868,-41.72191922919907,-122.78624637773837,-0.01883066173899309,0.04998124922886775,0.035688892048037005,0.0,0.0,0.0,,
26.972464000000002,13.363975383077777,-41.7275727642629,-122.80265609994302,-0.017986239528509747,0.04968273099836399,0.03589962437333826,0.0,0.0,0.0,,
26.981967999999995,13.380452781373041,-41.73572473093663,-122.82600425649608,-0.018173020794817165,0.04862355087278191,0.03475892118203838,0.0,0.0,0.0,,
26.99149,13.403497849103728,-41.74037968998953,-122.85295107674519,-0.019282315387856082,0.0492168976011802,0.034615484129378586,0.0,0.0,0.0,,
27.000991,13.424837779661623,-41.7410486796681,-122.87692303817494,-0.011515759641805599,0.06787371613377317,0.01581547537399803,0.0,0.0,0.0,,
27.010492,13.444201825639187,-41.738637906595436,-122.89558991227797,-0.012494109624083035,0.07011019592569433,0.013326269946168432,0.0,0.0,0.0,,
27.020009000000016,13.455133579079039,-41.732616709970976,-122.90575812767933,-0.015072822442181508,0.07104858425568372,0.015319940828704269,0.0,0.0,0.0,,
27.02952700000003,13.456746137973067,-41.72491941190968,-122.90731347029526,-0.016940938081656108,0.07046991030561635,0.017828217238653712,0.0,0.0,0.0,,
27.03903600000001,13.45136169339864,-41.71729665264707,-122.90532923847053,-0.025978624172133404,0.05353877911270392,0.034589171625204584,0.0,0.0,0.0,,
27.048540000000003,13.440551028347251,-41.710240989836144,-122.90389372462438,-0.02434461986879124,0.05273216113140231,0.03483526384120142,0.0,0.0,0.0,,
27.058059000000014,13.428804293210469,-41.70484392052056,-122.90734051009116,-0.021550746150469636,0.05160898292926567,0.03548369725584504,0.0,0.0,0.0,,
27.067574000000036,13.423149525060182,-41.7037287468395,-122.92012103160933,-0.01782823157641386,0.04850704802378928,0.034821768954661256,0.0,0.0,0.0,,
27.077080000000024,13.423562759073286,-41.70485477115977,-122.94105779496613,-0.015690314292284072,0.04722338439179486,0.03489911763065808,0.0,0.0,0.0,,
27.086591,13.431421547913356,-41.70707901013434,-122.96927840666939,-0.013839635459064662,0.04717616074971913,0.03596054497945855,0.0,0.0,0.0,,
27.09610600000002,13.442101362279159,-41.7112508978942,-122.99844585280103,-0.014400997720089797,0.04732106704642517,0.035727319355511905,0.0,0.0,0.0,,
27.105614000000003,13.45299314674306,-41.713252438814095,-123.02161530321628,-0.016181492139375163,0.04852709819715438,0.03575354472670119,0.0,0.0,0.0,,
27.115133000000014,13.460998224796969,-41.714540278349794,-123.03362959376847,-0.01879088763912431,0.04918125721061854,0.03476200481385219,0.0,0.0,0.0,,
27.12463600000001,13.46317420154691,-41.71542521970055,-123.03244357471765,-0.0209980327444672,0.05125682603382917,0.03536422581885848,0.0,0.0,0.0,,
27.13415500000002,13.459274893798256,-41.71590901326311,-123.01833442819628,-0.022888704836963907,0.05334696642451585,0.03618648097117423,0.0,0.0,0.0,,
27.14367100000004,13.44692216181454,-41.71620512906098,-122.9954533373268,-0.02579711117399771,0.054781592954470805,0.03578079142465227,0.0,0.0,0.0,,
27.15318400000001,13.430648868618523,-41.715709559679944,-122.97024190735172,-0.02600828384146731,0.05716550812674749,0.037921407581184126,0.0,0.0,0.0,,
27.162671000000046,13.4136205487689,-41.7149704487362,-122.95033138765895,-0.026524351338766104,0.05716023056502603,0.037623175663389685,0.0,0.0,0.0,,
27.17219700000004,13.397878390949694,-41.71718303025783,-122.94034611629175,-0.027340034582563646,0.055883149016402484,0.035930953507052,0.0,0.0,0.0,,
27.181708000000015,13.389683920513308,-41.721097874756275,-122.94578398594717,-0.024775535894388755,0.05386866974279815,0.03558854625131338,0.0,0.0,0.0,,
27.191209000000015,13.383146330156835,-41.72708574912581,-122.9625545639463,-0.02551807022333645,0.052270916856254825,0.033608427100474715,0.0,0.0,0.0,,
27.200729000000024,13.384419398557856,-41.73050138252014,-122.992476160729,-0.021151569482858047,0.05219075816901182,0.03616561974219236,0.0,0.0,0.0,,
27.21023600000001,13.391044250133605,-41.731629958918504,-123.02812677136454,-0.019591800455986037,0.050823145801390246,0.035799611157881495,0.0,0.0,0.0,,
27.219741,13.40142983717238,-41.72930162227738,-123.06326971465458,-0.0174360144281875,0.04916250963032444,0.03553044458472568,0.0,0.0,0.0,,
27.229254000000026,13.412202208378886,-41.72389511423443,-123.09158301590985,-0.005816365156208054,0.06483645893313073,0.01917837533479293,0.0,0.0,0.0,,
27.238766,13.42170337188431,-41.71768600951413,-123.10971562344166,-0.004872185622783196,0.06432354879315406,0.019390279795262172,0.0,0.0,0.0,,
27.24828100000002,13.428476586251048,-41.71302144414618,-123.11405102099046,-0.016135676735827477,0.04906100792887121,0.03621113915836302,0.0,0.0,0.0,,
27.25778200000002,13.42990872883234,-41.71018506863832,-123.10634920304574,-0.01932132014903151,0.05009536867807096,0.03524073836973034,0.0,0.0,0.0,,
27.267291999999998,13.428488643949674,-41.71121547756677,-123.09098006823575,-0.022243132590440525,0.051034556037630616,0.034345633198076535,0.0,0.0,0.0,,
27.27680700000002,13.424832983232948,-41.71351698349264,-123.07320701909069,-0.02349613798567359,0.053760172587410004,0.036154227867674714,0.0,0.0,0.0,,
27.286324000000036,13.419798654310684,-41.71779958206979,-123.05897186171349,-0.025740676925952354,0.05423769188524461,0.03523798077430766,0.0,0.0,0.0,,
27.295844000000045,13.41274231283323,-41.72213145726091,-123.05105465305243,-0.027283918980562934,0.055487463002479344,0.035471436790790685,0.0,0.0,0.0,,
27.305354000000023,13.404089736964247,-41.72502669364168,-123.05076596119459,-0.028006765768100957,0.0560015005742654,0.0355092079169431,0.0,0.0,0.0,,
27.314855000000023,13.39614732515115,-41.725145023041655,-123.05897516655196,-0.027309151703193223,0.056407516893004696,0.036308715116086666,0.0,0.0,0.0,,
27.324363000000005,13.388809299532985,-41.725662808029945,-123.07529230497671,-0.025641911029693498,0.05476675674740665,0.0357694822571257,0.0,0.0,0.0,,
27.333876000000032,13.380923073567013,-41.72465659034699,-123.09567576498162,-0.023958137957289335,0.054189183195036766,0.036238661614717324,0.0,0.0,0.0,,
27.34337800000003,13.378001070985027,-41.72218249657699,-123.1205774304545,-0.019602346879463693,0.05187044534358854,0.03670884405354405,0.0,0.0,0.0,,
27.352895000000046,13.379496958624669,-41.71969036606637,-123.1461517713458,-0.0163733841692218,0.049157114902414076,0.03612178987494849,0.0,0.0,0.0,,
27.362393999999995,13.386382355910648,-41.719047770637204,-123.16932186278997,-0.014300288516189781,0.0469844726497125,0.03533654855004801,0.0,0.0,0.0,,
27.371925000000033,13.399538423820308,-41.718885584951074,-123.18889681181051,0.008637502350551905,0.035997963635409115,0.039093106102663484,0.0,0.0,0.0,,
27.381436000000008,13.414342927871285,-41.71928914040273,-123.20248719849005,-0.014062525312923098,0.04641141393757013,0.03491999928821922,0.0,0.0,0.0,,
27.390948000000037,13.431484395447194,-41.720480260532156,-123.21198979557005,-0.015332825929176112,0.048115559543775555,0.035730343967010865,0.0,0.0,0.0,,
27.400439000000006,13.446563663948591,-41.72027004766975,-123.21707453494841,-0.007571807727988523,0.0653166653809628,0.018894607352431807,0.0,0.0,0.0,,
27.409947000000045,13.457440552220605,-41.72007291598576,-123.21847322066972,-0.010750948479528932,0.0673358394997281,0.01810548962919815,0.0,0.0,0.0,,
27.419466,13.464018305319717,-41.71761592528077,-123.2175556714117,-0.012074362872945502,0.06859997268151834,0.01889727726108142,0.0,0.0,0.0,,
27.42897800000003,13.461996390419444,-41.715148587817325,-123.21333818324226,-0.025349341523273564,0.05370410036460238,0.034826188438506336,0.0,0.0,0.0,,
27.44800200000003,13.432172335415194,-41.71380800366663,-123.19814790332394,-0.027708690484035094,0.05540821327728051,0.03499336943606182,0.0,0.0,0.0,,
27.457509000000016,13.408401440206148,-41.716186310697665,-123.18986510979208,-0.027163936753125294,0.05531768387572716,0.0352486502763751,0.0,0.0,0.0,,
27.467030000000022,13.38689048437534,-41.720379607779456,-123.18555559306607,-0.02477836419589166,0.053881956962571205,0.03536478062266956,0.0,0.0,0.0,,
27.47653200000002,13.36846602177054,-41.72472250176533,-123.18624926438521,-0.021789885212708804,0.05308900188521802,0.036448884016389856,0.0,0.0,0.0,,
27.486041,13.356128288475013,-41.72916539657449,-123.19166404089592,-0.020656258276417597,0.05097482547741247,0.035150296703229986,0.0,0.0,0.0,,
27.49555300000003,13.351412119145273,-41.73094273842654,-123.20278830042184,-0.018811632532341884,0.05124573989651306,0.03652491893525487,0.0,0.0,0.0,,
27.505066,13.354449752215727,-41.73105996318437,-123.21883472039043,-0.018135957293858758,0.051140538937474764,0.03682734754506266,0.0,0.0,0.0,,
27.514595000000043,13.36579125584016,-41.72967725882956,-123.23715904830314,-0.017542008546076012,0.050171098285807354,0.03626952445824964,0.0,0.0,0.0,,
27.524099000000035,13.380313395664453,-41.729010999259195,-123.2549226933555,-0.019792184422489548,0.050675795259373206,0.03534541701832907,0.0,0.0,0.0,,
27.533612000000005,13.39478351494266,-41.72790053585301,-123.27007517150707,-0.02095488850714186,0.05267427829902266,0.03649200982064987,0.0,0.0,0.0,,
27.543120000000044,13.406983526350547,-41.724970575174275,-123.28220224870675,-0.02201808738058592,0.05297765735318828,0.03611488473670237,0.0,0.0,0.0,,
27.55263100000002,13.41440757792974,-41.72335191950157,-123.29048330881392,-0.023359102385583377,0.05286402223385365,0.03517725872934078,0.0,0.0,0.0,,
27.562145000000044,13.418736905678257,-41.72164672631591,-123.29718018510671,-0.023451599659503858,0.05272265223077614,0.034983531671450165,0.0,0.0,0.0,,
27.59080700000004,13.405897516314141,-41.714702186925564,-123.30941207679219,-0.02003411505103387,0.05110431358333865,0.03556856918531095,0.0,0.0,0.0,,
27.60031600000002,13.397116150469571,-41.71395542563729,-123.31314584825937,-0.019868968291303288,0.05028620646088363,0.034901011503005765,0.0,0.0,0.0,,
27.609837000000027,13.39072933412181,-41.71432578087966,-123.31861803093747,-0.019011155794440727,0.050437053696410175,0.03556581365826675,0.0,0.0,0.0,,
27.619209000000012,13.388141113486064,-41.71380100572704,-123.32666594028233,-0.01706560936780623,0.05027754031377108,0.03660921290492096,0.0,0.0,0.0,,
27.62872600000003,13.388672076159857,-41.71531146047611,-123.33480358550143,-0.017614542022572777,0.05000327032749239,0.036005159729902696,0.0,0.0,0.0,,
27.63836100000003,13.391835034615559,-41.717608560643164,-123.34307902092543,-0.018093148100431278,0.05115685873950767,0.03678130638848706,0.0,0.0,0.0,,
27.647880000000043,13.39620880425697,-41.72025909683606,-123.35079484897554,-0.0205532581760791,0.05122187723871147,0.03531535622676998,0.0,0.0,0.0,,
27.657380000000046,13.403516184629007,-41.72406655696027,-123.3591650864675,-0.02091314286183292,0.05107686668461843,0.03494545480626845,0.0,0.0,0.0,,
27.666894000000013,13.408641067358147,-41.72604605280026,-123.36589439650947,-0.022551857382708637,0.05257489165725554,0.035329325487486976,0.0,0.0,0.0,,
27.676401,13.412441196392571,-41.72782888478254,-123.37367950186233,-0.02262125218708205,0.052454465313297755,0.03516426880894266,0.0,0.0,0.0,,
27.685917000000018,13.41517708960141,-41.72856707442049,-123.38189887400644,-0.022642834845849266,0.052482460100781905,0.035168572123110024,0.0,0.0,0.0,,
27.69542800000005,13.415576213034644,-41.72958108240209,-123.39044643449961,-0.023211039374018402,0.0511273532785467,0.03354014400185038,0.0,0.0,0.0,,
27.71445600000004,13.410695357384569,-41.72773785773118,-123.40575746210602,-0.02390504836544363,0.05396367649184008,0.03575454468881301,0.0,0.0,0.0,,
27.72396100000003,13.407976738102386,-41.72695999474035,-123.41479129509946,-0.02211694574575626,0.05314834575840933,0.03608777680251691,0.0,0.0,0.0,,
27.733465000000024,13.403549480119212,-41.72568703430494,-123.42264715801787,-0.022620024588127324,0.05282032502026465,0.03546431885971559,0.0,0.0,0.0,,
27.742984000000035,13.399410393532348,-41.722878291663996,-123.42893828700207,-0.02196138151013679,0.05231250674139089,0.03539354434507507,0.0,0.0,0.0,,
27.752499,13.396009578989672,-41.72217477273575,-123.43363673290366,-0.02231859297701366,0.05065516518952849,0.033618217449144505,0.0,0.0,0.0,,
27.762051000000042,13.396324459886662,-41.72249340211747,-123.43898804723383,-0.020664861684501684,0.05045479961221129,0.03444745154207867,0.0,0.0,0.0,,
27.771555000000035,13.395195550953101,-41.72369122195988,-123.44279317063791,-0.021000465415374685,0.050981114849107785,0.03472774409444569,0.0,0.0,0.0,,
27.781075000000044,13.397491342357393,-41.72145566546147,-123.4488317014869,-0.01961943813147562,0.05179078484165611,0.036336473540487205,0.0,0.0,0.0,,
27.790591000000006,13.403403111467068,-41.71691236903584,-123.45910811435978,-0.018527630795327436,0.05163385283163907,0.03686160002485245,0.0,0.0,0.0,,
27.80009700000005,13.411133587171022,-41.71203669571316,-123.47320967711087,-0.018250856815447147,0.05221254248211778,0.03756860153795988,0.0,0.0,0.0,,
27.809605000000033,13.422110679718893,-41.70791900662677,-123.4905634183426,-0.017112058784201564,0.0515086082487959,0.037605442856320385,0.0,0.0,0.0,,
27.819119,13.432153452371656,-41.70749976608251,-123.50719823572047,-0.019526634372188666,0.05009887946338367,0.03477746034690924,0.0,0.0,0.0,,
27.828633000000025,13.440087583733808,-41.71059379015237,-123.52128520423956,-0.021263491182946116,0.05130512282502052,0.034813671283820895,0.0,0.0,0.0,,
27.838112000000024,13.442596818629601,-41.71674150011505,-123.52947015855385,-0.023244585806738424,0.05318002953669423,0.035324447661859715,0.0,0.0,0.0,,
27.84747100000004,13.439885207346277,-41.720669890278195,-123.5320869999025,-0.01366927809019097,0.06937966650210292,0.018648541739260765,0.0,0.0,0.0,,
27.85697700000003,13.428066325487718,-41.7221649253827,-123.52824054577894,-0.01498323186577013,0.07222369665341613,0.018999428313546944,0.0,0.0,0.0,,
27.866483000000017,13.411185799735325,-41.7208911001485,-123.5202020721168,-0.025879624170206148,0.056529549562855524,0.03682801021445616,0.0,0.0,0.0,,
27.876022000000034,13.392920434322729,-41.71777316138287,-123.51271672272095,-0.02353714662552708,0.05521371363544143,0.03705989604268415,0.0,0.0,0.0,,
27.88549500000005,13.373562141139478,-41.71244893520696,-123.50791402075266,-0.02208201948552556,0.05518819445190776,0.03794888699041491,0.0,0.0,0.0,,
27.895013000000006,13.359720738107336,-41.705997079736655,-123.51050479761248,-0.01882553607143257,0.05289607059319372,0.03782791071651948,0.0,0.0,0.0,,
27.904521000000045,13.355291639123037,-41.704159456749395,-123.52248300517412,-0.016491589154389263,0.04927792458629,0.035881331483240526,0.0,0.0,0.0,,
27.91403200000002,13.363855377776009,-41.70470058061162,-123.54365747350315,0.008921006786555215,0.03606791290811353,0.039266376428422047,0.0,0.0,0.0,,
27.923549000000037,13.383590833331423,-41.71186863466892,-123.57011148097857,0.008302399073648638,0.03356381574785749,0.03652545698864948,0.0,0.0,0.0,,
27.933059000000014,13.410643355076209,-41.721565115623925,-123.59604884983742,-0.015207815442262409,0.04428833197203669,0.03193585659246345,0.0,0.0,0.0,,
27.94256800000005,13.440174117547361,-41.73173492547385,-123.6186540213965,-0.018387917584405836,0.04663031057462394,0.03212051977115747,0.0,0.0,0.0,,
27.952080000000024,13.468473665349489,-41.73660379467297,-123.63662649269826,-0.009291366197805078,0.06630008096345898,0.01549399745808889,0.0,0.0,0.0,,
27.96158300000002,13.488543453634579,-41.735975236476264,-123.64632858865775,-0.01170195883252471,0.07148758911353355,0.013344362813898248,0.0,0.0,0.0,,
27.971101000000033,13.49852825450597,-41.72789985763412,-123.64962788611263,-0.012180356696456203,0.07491748427702495,0.01458019245922025,0.0,0.0,0.0,,
27.980605000000025,13.498414443077486,-41.717641574472914,-123.64862946823717,-0.014486336932136695,0.07285638387722032,0.01583731705136801,0.0,0.0,0.0,,
27.990124000000037,13.487003355873926,-41.706933024710445,-123.64401431103053,-0.027602753493734124,0.05543949792346208,0.034628478564117895,0.0,0.0,0.0,,
27.999637000000007,13.469863892811784,-41.69961132472333,-123.64204368009804,-0.02606616870198773,0.05391364772237371,0.03416915618395543,0.0,0.0,0.0,,
28.009140000000002,13.453038890852596,-41.69688262296995,-123.64608093400412,-0.022241970418286194,0.051749495169114215,0.03452444983109784,0.0,0.0,0.0,,
28.01864500000005,13.437555835657669,-41.69910388115695,-123.65595518344773,-0.01886066530167194,0.050743758205483235,0.035676319264210506,0.0,0.0,0.0,,
28.028164000000004,13.426928714198985,-41.706614531090075,-123.67169291549662,-0.016364591732988674,0.04929588125132005,0.03585419089006455,0.0,0.0,0.0,,
28.037678000000028,13.42211906261574,-41.71465893678891,-123.68931232248399,-0.015600175530720298,0.04902094328625317,0.03604895929750885,0.0,0.0,0.0,,
28.047195000000045,13.424292434468988,-41.720319539750385,-123.7071859633982,-0.013877999855815934,0.048115489699561274,0.03625483660040921,0.0,0.0,0.0,,
28.056703000000027,13.42895605310962,-41.72354999765542,-123.72105403536126,-0.004093135099419936,0.06448596781834215,0.018702352544903253,0.0,0.0,0.0,,
28.066210000000012,13.433621599005384,-41.72292926159436,-123.72606969925236,-0.006521456615154133,0.06692194682618212,0.018371837634978804,0.0,0.0,0.0,,
28.07572700000003,13.436137652587552,-41.7218257812516,-123.72104291287027,-0.020411873879777692,0.05080101394682976,0.03467960618877119,0.0,0.0,0.0,,
28.08523200000002,13.432606229467652,-41.7202610048305,-123.70463366250736,-0.024912620115751825,0.05410549320812746,0.03497811174233304,0.0,0.0,0.0,,
28.09474400000005,13.426792048204648,-41.716359797356276,-123.68201113553812,-0.025821521604965193,0.058085614974696324,0.03815509911568924,0.0,0.0,0.0,,
28.113766,13.399365046703487,-41.71315383970947,-123.64267834515995,-0.0291009083024679,0.060202156703200074,0.03813929047977097,0.0,0.0,0.0,,
28.123275000000035,13.382829698580116,-41.71514146410049,-123.63811194732746,-0.029360028085873905,0.05921887175557131,0.03706242750265516,0.0,0.0,0.0,,
28.132785000000013,13.371688402106354,-41.72069388498675,-123.64849352269711,-0.027817563215649644,0.05492497563110044,0.033993155757646054,0.0,0.0,0.0,,
28.142291,13.369979255600304,-41.726225217998945,-123.67451364578484,-0.024212129693441678,0.053520486292436574,0.034890309087264613,0.0,0.0,0.0,,
28.151814,13.372023453730733,-41.72689111103372,-123.71038004194833,-0.021323916222876105,0.05531668251711571,0.0383273568961469,0.0,0.0,0.0,,
28.161315000000002,13.378476471879617,-41.71913424042165,-123.75114531705617,-0.0059262241946979755,0.07109212553750728,0.021224013178915004,0.0,0.0,0.0,,
28.170833000000016,13.390518467920412,-41.7100382396253,-123.79378174087184,-0.002564845374292744,0.06766463006076899,0.018812816497231745,0.0,0.0,0.0,,
28.180346000000043,13.406956806884226,-41.701241496301876,-123.83012892772325,-0.0027226945634678374,0.062963954876641,0.017054765904914566,0.0,0.0,0.0,,
28.189849000000038,13.421739650350034,-41.69087847338286,-123.85295592039266,-0.0030767028561331624,0.06225887896840189,0.016008350132190104,0.0,0.0,0.0,,
28.199358000000018,13.43470341288361,-41.682234089903986,-123.86283608672657,-0.013951651209315035,0.04737599886587393,0.0354508471209513,0.0,0.0,0.0,,
28.208870000000047,13.443948281684756,-41.67783407944567,-123.86170669477157,-0.014327828047792791,0.04934237018080073,0.037055827759471804,0.0,0.0,0.0,,
28.218385000000012,13.447640626215629,-41.67697802208361,-123.85145914035047,-0.01659177316257479,0.049292764345902865,0.035601993377462046,0.0,0.0,0.0,,
28.22789400000005,13.448001895034832,-41.6845623053362,-123.83695906028665,-0.019909778948918624,0.04671077541641931,0.031121005275146274,0.0,0.0,0.0,,
28.23740300000003,13.449011811779002,-41.69795154686965,-123.82339666411559,-0.02143888415908417,0.0473477635407269,0.030756271711500794,0.0,0.0,0.0,,
28.246909000000016,13.446487655137513,-41.710306921001155,-123.81297075912626,-0.02370873109575116,0.050672701158886536,0.032434240642373234,0.0,0.0,0.0,,
28.256417999999996,13.442203403952655,-41.71893168423211,-123.81057327074247,-0.024277728322071337,0.05390891188783329,0.03508749088049241,0.0,0.0,0.0,,
28.265933000000018,13.436346724108384,-41.72117368840205,-123.8167383533302,-0.023498703877189147,0.056652003983250966,0.038120938857974324,0.0,0.0,0.0,,
28.275440000000003,13.428026204894765,-41.72053602048607,-123.82842877167188,-0.02437248402745622,0.055592269666193454,0.03657718644332787,0.0,0.0,0.0,,
28.284958000000017,13.420159389992818,-41.71742005422037,-123.84299403351174,-0.02430697162364258,0.05444262081656706,0.03553646121422939,0.0,0.0,0.0,,
28.29447200000004,13.415735003799757,-41.71567183206512,-123.86029363510028,-0.021929449376953493,0.052969838558836795,0.03563560375858488,0.0,0.0,0.0,,
28.30398100000002,13.410123562180075,-41.714363033220955,-123.87397017964702,-0.021651390302726208,0.05373855355724458,0.036514302463095435,0.0,0.0,0.0,,
28.313500000000033,13.407595411483268,-41.71549756088637,-123.88411947826106,-0.019739161058855283,0.05341128287077907,0.03739446030042521,0.0,0.0,0.0,,
28.322992999999997,13.406833127710264,-41.71776176132234,-123.89060780491579,-0.019536556677576634,0.05315993058327166,0.03727830567456522,0.0,0.0,0.0,,
28.332523000000037,13.40961359066575,-41.718456443692176,-123.89442094380352,-0.019114192489875906,0.052069562512064814,0.03652298354981702,0.0,0.0,0.0,,
28.34203100000002,13.41563672520991,-41.71946903152802,-123.89876603733732,-0.020077335350875594,0.05144940444436942,0.03533802595132337,0.0,0.0,0.0,,
28.35153200000002,13.426027555397768,-41.72009373311084,-123.90592954896569,-0.010158672814220825,0.0663753750836848,0.01769792695080838,0.0,0.0,0.0,,
28.36105100000003,13.43761488839693,-41.71706110511458,-123.91641213189143,-0.020085499472076572,0.052575388279419384,0.036368353902000675,0.0,0.0,0.0,,
28.370551000000034,13.446374764818167,-41.71223386493574,-123.92898202774505,-0.022067004428966294,0.05293127220400036,0.03545365946272899,0.0,0.0,0.0,,
28.38006800000005,13.45266903226226,-41.707423003958276,-123.94368615736475,-0.02273768932346183,0.05158651915199537,0.033773873227506274,0.0,0.0,0.0,,
28.389588000000003,13.454778268686313,-41.70396100407723,-123.95799565330289,-0.02223523123693853,0.05079192069488884,0.033339959900510106,0.0,0.0,0.0,,
28.399091,13.451679319247134,-41.702007565619674,-123.96967995115773,-0.021885141865544577,0.05006995201053179,0.032879092186233215,0.0,0.0,0.0,,
28.408603000000028,13.446062492358005,-41.70297588188815,-123.97657692552457,-0.021261342663941616,0.05123809362552455,0.034350106846996874,0.0,0.0,0.0,,
28.41811800000005,13.436138617723161,-41.70531347381396,-123.97744923332782,-0.02067941062956044,0.052971004648274464,0.03632403400634221,0.0,0.0,0.0,,
28.42763500000001,13.425761477367157,-41.708696639567094,-123.97630530561189,-0.019246319030583905,0.05322439472070519,0.037455151381287,0.0,0.0,0.0,,
28.43712800000003,13.418562938393451,-41.71160311921478,-123.97606157947259,-0.018877204543406783,0.05233843930771689,0.03685870185190535,0.0,0.0,0.0,,
28.44664700000004,13.417402164885369,-41.71247589320097,-123.98115305860989,-0.018159883473748386,0.05219593928266461,0.0371703197998455,0.0,0.0,0.0,,
28.45630600000004,13.422962629375158,-41.71306409087079,-123.99195411687869,-0.017694590028584128,0.052366697197742854,0.03761086205016961,0.0,0.0,0.0,,
28.465816000000018,13.432969853730096,-41.710074555319295,-124.00802802645218,-0.018518168790748187,0.053480716624662,0.03812027665385212,0.0,0.0,0.0,,
28.475184000000013,13.445154109303779,-41.703612183332226,-124.02814877758428,-0.0201460171676647,0.05349068335886106,0.0370980716242515,0.0,0.0,0.0,,
28.48469,13.459413040754084,-41.697210131157306,-124.05111209561342,-0.02027065735337905,0.05280704590781851,0.03637130137495701,0.0,0.0,0.0,,
28.494197000000042,13.469502028210062,-41.69202685953714,-124.0714543975213,-0.02176226520571403,0.05130782641242442,0.03402705472060751,0.0,0.0,0.0,,
28.503862000000026,13.474532618423936,-41.688402108894785,-124.08527207354065,-0.0217846047610394,0.05148739725469812,0.03417165516574871,0.0,0.0,0.0,,
28.513373,13.474943984475248,-41.686740134313695,-124.09278396006458,-0.02019469539466041,0.05200944730234711,0.03565293092908471,0.0,0.0,0.0,,
28.522903000000042,13.468145454873328,-41.68741446668579,-124.09262999090377,-0.020433403439514296,0.05356972138735266,0.03695285821791355,0.0,0.0,0.0,,
28.532284000000004,13.46084595569526,-41.68654914730963,-124.0899357689301,-0.01801122863461304,0.053142063916139445,0.038083235366770475,0.0,0.0,0.0,,
28.541803000000016,13.452615108990683,-41.68650905417604,-124.08894353455159,-0.0166088718657288,0.05247028935073042,0.0383420331937166,0.0,0.0,0.0,,
28.55130700000001,13.44762444738618,-41.688714465354295,-124.09315219788161,-0.016380359162751722,0.05019450652886848,0.036363214038710956,0.0,0.0,0.0,,
28.56090800000004,13.445579882527918,-41.691466715547925,-124.0997590186505,-0.016721325806415097,0.04965206487624503,0.035635388059345956,0.0,0.0,0.0,,
28.57030800000001,13.447590117519056,-41.69825469037565,-124.1088611049777,-0.01896665089945982,0.04658943564558576,0.03135991408875411,0.0,0.0,0.0,,
28.57980200000003,13.454461697871038,-41.70922443767935,-124.11798399188064,-0.019766114686801152,0.046535780545386346,0.03078738431443941,0.0,0.0,0.0,,
28.589298000000042,13.46149950475668,-41.720848434114245,-124.12376417196958,-0.022142139220894176,0.04795135996792366,0.030589378730982962,0.0,0.0,0.0,,
28.59882700000003,13.464622743179941,-41.7313973543955,-124.12382824610431,-0.024325651821896555,0.050894344703933066,0.03193609728827507,0.0,0.0,0.0,,
28.608344000000045,13.46122506139506,-41.73681616303576,-124.11752692264895,-0.02625447897887561,0.05456534373804117,0.03413002149445467,0.0,0.0,0.0,,
28.617846000000043,13.451141585688575,-41.736723422807444,-124.10665369133845,-0.02682861284789778,0.0575368324396256,0.03653830523197177,0.0,0.0,0.0,,
28.627351000000033,13.436424440183036,-41.73359154815575,-124.09538414142655,-0.026949250608870757,0.05825694565558996,0.03714704132923479,0.0,0.0,0.0,,
28.636886000000004,13.41911616230908,-41.728328055102075,-124.08790761578713,-0.025210820007305096,0.057541158578090924,0.03758974705846328,0.0,0.0,0.0,,
28.646389,13.40480377582908,-41.72239227231125,-124.08842294187494,-0.022715787262932493,0.056113000564110393,0.03783888179746368,0.0,0.0,0.0,,
28.655894000000046,13.396914773658754,-41.720113094817556,-124.0992055945489,-0.021081141287640527,0.053501457881776356,0.036433689875239664,0.0,0.0,0.0,,
28.665407000000016,13.397457180545619,-41.72017313598677,-124.12037356678916,-0.019610654176126487,0.05064577962537803,0.034687545952793594,0.0,0.0,0.0,,
28.674912000000006,13.408489746357924,-41.71804844265497,-124.1519227198632,-0.015814576277763462,0.0497997427296349,0.03626758796083964,0.0,0.0,0.0,,
28.684433000000013,13.422519908949019,-41.712898120161405,-124.18769115544019,-0.014825498585449024,0.05243520722050115,0.039314633812018544,0.0,0.0,0.0,,
28.693953000000022,13.440109490563886,-41.704024269596836,-124.22383667429486,-0.013444049723374074,0.05303708589610957,0.04072775207913723,0.0,0.0,0.0,,
28.703441999999995,13.45711036505146,-41.69341318972166,-124.2545071303549,-0.013583287209287606,0.05342229699929581,0.040987786059310125,0.0,0.0,0.0,,
28.712961000000007,13.469914709220374,-41.68744045669923,-124.27697345027728,-0.015591312590964837,0.05198488252397771,0.038374626909317214,0.0,0.0,0.0,,
28.722465999999997,13.478801552495824,-41.68711369018684,-124.28745572690889,-0.018375220828653293,0.047306143258183025,0.03226468125782311,0.0,0.0,0.0,,
28.731987000000004,13.485826597702031,-41.68986568188122,-124.28790935201593,-0.020017589766751682,0.04411040687725168,0.028257818012340542,0.0,0.0,0.0,,
28.741488000000004,13.490018866874173,-41.69915617639497,-124.2807652112632,-0.021558362241789718,0.045832849879797195,0.028877766447376028,0.0,0.0,0.0,,
28.75099800000004,13.491917910671896,-41.701299456018205,-124.26980059668155,-0.010016536420818012,0.06690451197303876,0.017612182455975546,0.0,0.0,0.0,,
28.760504000000026,13.4883473860963,-41.69368333881161,-124.25772497598253,-0.009366258812636278,0.0727284297784058,0.021395561706927475,0.0,0.0,0.0,,
28.770029000000022,13.479727223351766,-41.68192986486801,-124.2506755667151,-0.02007240891652565,0.05986961238280893,0.042890927770718415,0.0,0.0,0.0,,
28.779529000000025,13.46880630397545,-41.6737036819289,-124.24955244274804,-0.021471049239204794,0.05678968995275161,0.03916010228135496,0.0,0.0,0.0,,
28.78902800000003,13.45998886917284,-41.673852129319734,-124.2568766635969,-0.0226903470239897,0.05061809369418803,0.03265125452275186,0.0,0.0,0.0,,
28.80805300000003,13.448342610706966,-41.69802037713615,-124.27600253844003,-0.02402237754055869,0.0501839251252836,0.03136109564949339,0.0,0.0,0.0,,
28.81756900000005,13.439387692611215,-41.710574341155244,-124.27834256688902,-0.024151478307604893,0.05471834831189153,0.03546728476008131,0.0,0.0,0.0,,
28.82707800000003,13.42593116217162,-41.7168173153018,-124.27446224931059,-0.023131493910489746,0.05882415530435631,0.03991346826973694,0.0,0.0,0.0,,
28.836584000000016,13.408068421012535,-41.720788755660315,-124.26615101151503,-0.024712700241654936,0.05646880201859979,0.03673475008560442,0.0,0.0,0.0,,
28.846104000000025,13.388854527051071,-41.72254333134738,-124.25676600205175,-0.024480334062426452,0.055421959971720086,0.03591841278707835,0.0,0.0,0.0,,
28.855613000000005,13.373736232845198,-41.72189778354082,-124.25186523162776,-0.02204565450603418,0.053689647117987696,0.03585511497071147,0.0,0.0,0.0,,
28.865117999999995,13.364354458986613,-41.71927908733615,-124.2532141522659,-0.02050941592318223,0.05256045353845812,0.03578011340669664,0.0,0.0,0.0,,
28.874634000000015,13.365371716624255,-41.71433361899604,-124.26506470047134,-0.01724305350790463,0.05298905413182178,0.03823594134840883,0.0,0.0,0.0,,
28.884139000000005,13.37813110407254,-41.71195481210068,-124.28767265844768,-0.015766958504809574,0.0508512996983055,0.0371709766260825,0.0,0.0,0.0,,
28.893659000000014,13.401733258815964,-41.71078319884919,-124.31812519646387,-0.015232916637834312,0.049377083896090815,0.03611938554104516,0.0,0.0,0.0,,
28.90317200000004,13.429860272827302,-41.71078276368741,-124.3525136695925,-0.0169631836061194,0.0497251506595751,0.035319135050128014,0.0,0.0,0.0,,
28.912689,13.463232552427893,-41.71310431111905,-124.3894794004885,-0.017601458148405382,0.04794836026119699,0.03323645116572353,0.0,0.0,0.0,,
28.922189000000003,13.495727856440316,-41.715218911261246,-124.42213449267338,-0.008878445707565446,0.06453028191970221,0.012410328047189816,0.0,0.0,0.0,,
28.931691,13.52235409707728,-41.71420680928636,-124.4458118164834,-0.00817881116176047,0.0694859196919782,0.01047215869547866,0.0,0.0,0.0,,
28.941214000000002,13.539532681704122,-41.707480069610256,-124.45918144955874,-0.007422602684808211,0.07325177913966846,0.010162912600106008,0.0,0.0,0.0,,
28.950716,13.542647378468033,-41.69642695712541,-124.46195157737691,-0.008938577692618153,0.07494210886085394,0.013192275667541328,0.0,0.0,0.0,,
28.96022800000003,13.53445640126657,-41.68431237152257,-124.45801830149205,-0.01079486062020592,0.07142197786554605,0.015980945510967667,0.0,0.0,0.0,,
28.96973700000001,13.520079185167043,-41.671892895286874,-124.45361404545397,-0.010372485356763723,0.06761615524513555,0.018124548593633775,0.0,0.0,0.0,,
28.979259000000013,13.502725253967068,-41.66617216115152,-124.45314446859098,-0.019235609064930558,0.04969325705301516,0.033817298497386405,0.0,0.0,0.0,,
28.988763000000006,13.488833884242858,-41.66565429082661,-124.46033461697012,-0.015729165536439813,0.04836789358832207,0.0348132761506586,0.0,0.0,0.0,,
28.998275000000035,13.481610923677069,-41.67180247945268,-124.47395566285496,-0.013815776443030248,0.04586845365838441,0.03369681707673492,0.0,0.0,0.0,,
29.00777800000003,13.481018870527366,-41.68131870364558,-124.49037359490033,0.009338681720340752,0.03568296040516592,0.03897071252059277,0.0,0.0,0.0,,
29.017295000000047,13.482747845644013,-41.69262149596249,-124.50510816530583,-0.013889209259664137,0.048121745475132524,0.035687326821828694,0.0,0.0,0.0,,
29.026806000000022,13.483837135963372,-41.700651628019436,-124.51201942638237,-0.01607868010284218,0.050886481340602585,0.03683662862351922,0.0,0.0,0.0,,
29.03631800000005,13.48462285710715,-41.70800971842366,-124.51048729975143,-0.018568672864027073,0.05159133194558412,0.03589715943087354,0.0,0.0,0.0,,
29.064850000000035,13.449797480453567,-41.705245924630425,-124.44488306304507,-0.026847877654070658,0.05939887195387005,0.03792816714491156,0.0,0.0,0.0,,
29.07436800000005,13.431647088223842,-41.70274604238301,-124.41975898048756,-0.028275320968762636,0.05963347151411415,0.03727059429645174,0.0,0.0,0.0,,
29.083876000000032,13.41300192120994,-41.70246940626471,-124.40230151212162,-0.029197476667484127,0.058925217541415886,0.036049899986801144,0.0,0.0,0.0,,
29.093389000000002,13.395983442480757,-41.707325913401874,-124.39651039621566,-0.030315958452314034,0.05745920160241874,0.03398390148876146,0.0,0.0,0.0,,
29.102891999999997,13.385942223191048,-41.71394177330285,-124.40470862116082,-0.028285931310087706,0.05526927049474086,0.03322659106681163,0.0,0.0,0.0,,
29.11240600000002,13.382016614371768,-41.718966606610984,-124.42744614621999,-0.024856538925223656,0.05497702405664378,0.03510072396536274,0.0,0.0,0.0,,
29.121927000000028,13.383038684588985,-41.719607620070256,-124.46022279808324,-0.021842002773386233,0.05430870819683395,0.03636193008401789,0.0,0.0,0.0,,
29.131422000000043,13.391953362792686,-41.71698516015629,-124.50095888581315,-0.01736536628493394,0.05219944395988755,0.037220823915347374,0.0,0.0,0.0,,
29.14092800000003,13.40541751991715,-41.71052180358989,-124.54386628059409,-0.013738551877429277,0.04900287784041747,0.036545648121644014,0.0,0.0,0.0,,
29.15044800000004,13.421905187672127,-41.69972403407578,-124.58333376413071,0.020847578581041876,0.05299231649810389,0.023069003293091632,0.0,0.0,0.0,,
29.159965,13.43879718986657,-41.6895899600583,-124.61355255887227,0.020886985178403705,0.05250093851868575,0.02174489254030708,0.0,0.0,0.0,,
29.169467999999995,13.458081134168879,-41.68265629925243,-124.63221892260879,0.009479895627608223,0.035777043396619905,0.039111050526344414,0.0,0.0,0.0,,
29.178984000000014,13.47497247586816,-41.675970823811866,-124.63853004601795,0.009806066535344347,0.037059883096184625,0.04051257296314394,0.0,0.0,0.0,,
29.188485000000014,13.48634583147933,-41.67548242404663,-124.63467842182193,-0.015725650426726866,0.04948213113218228,0.03569532207137094,0.0,0.0,0.0,,
29.19799800000004,13.494099460163632,-41.677980189675374,-124.62574920906185,-0.01776571042768688,0.051402287004903034,0.03617211629993762,0.0,0.0,0.0,,
29.207516,13.494960636450498,-41.6811445907821,-124.61345812867353,-0.02102639608051895,0.05389542555744983,0.036402905704092964,0.0,0.0,0.0,,
29.21701900000005,13.493136249933716,-41.685474399751065,-124.60367856263163,-0.0229447684514392,0.0548402176783621,0.036056439843846384,0.0,0.0,0.0,,
29.22654,13.486208556667842,-41.68985371388411,-124.59774445317471,-0.0251873040239817,0.05520362727436929,0.03496290832779674,0.0,0.0,0.0,,
29.236050000000034,13.473358093087882,-41.69268056855111,-124.5952934061386,-0.02641178257754649,0.0554244010948204,0.034385456941025926,0.0,0.0,0.0,,
29.245559000000014,13.458599245396428,-41.69455635040194,-124.59875873179593,-0.025144783268703796,0.05572664910513627,0.0354665031761461,0.0,0.0,0.0,,
29.255066,13.443757770568364,-41.69668131716826,-124.60704408258313,-0.023561851959341285,0.0535084026232311,0.03441507953991595,0.0,0.0,0.0,,
29.26457700000003,13.430974051409223,-41.69796399082392,-124.61918379587634,-0.021270512037234453,0.05222761407104863,0.034679758978038024,0.0,0.0,0.0,,
29.27409,13.422185474799578,-41.70010768295762,-124.63268701897613,-0.01854482337573863,0.05093560035095618,0.03521009468173655,0.0,0.0,0.0,,
29.283600000000035,13.417808572760254,-41.70322992434837,-124.64468536831167,-0.017515150212622746,0.050836633512830964,0.03576138216451812,0.0,0.0,0.0,,
29.293109000000015,13.419940139716712,-41.70819451857514,-124.65718007226637,-0.016204933545012918,0.049352207562697245,0.03521048395566975,0.0,0.0,0.0,,
29.321654000000024,13.447524720173524,-41.7128796080438,-124.6833726725841,-0.019516729030354844,0.053798235422176426,0.03717080105217967,0.0,0.0,0.0,,
29.331146000000047,13.458905548846465,-41.71032979015456,-124.69091164546387,-0.009795839470580305,0.06999707114811579,0.019305444658682343,0.0,0.0,0.0,,
29.340666999999996,13.46579981408281,-41.70582825466505,-124.69653099256406,-0.012506628176000607,0.07146047359305739,0.017912464867163625,0.0,0.0,0.0,,
29.35016900000005,13.468866686338236,-41.701313778210384,-124.70160164820615,-0.013299794104068199,0.07059886028786151,0.018167038053673406,0.0,0.0,0.0,,
29.359683000000018,13.464559972599599,-41.69699894457185,-124.7054056513916,-0.024709388216363683,0.05546379177826807,0.03538973805472499,0.0,0.0,0.0,,
29.36919400000005,13.454459298408974,-41.696127106085186,-124.70731806438978,-0.024375964342096216,0.05436538199727411,0.03458837534152549,0.0,0.0,0.0,,
29.378710000000012,13.439978908603544,-41.697690484064864,-124.70759974216188,-0.022899277776313103,0.05364437843827971,0.034864671149035756,0.0,0.0,0.0,,
29.388217999999995,13.423405132008243,-41.70092267854892,-124.70839164111015,-0.021173185576666313,0.05281481247553713,0.03519763868820181,0.0,0.0,0.0,,
29.397730000000024,13.409353192132581,-41.70400942604893,-124.7114860602173,-0.01869600030511061,0.0512622662276948,0.03534174669521644,0.0,0.0,0.0,,
29.40724,13.40233276953226,-41.70657069251759,-124.7199596113168,-0.01504367993848388,0.04897175267501541,0.03555285558588769,0.0,0.0,0.0,,
29.41675700000002,13.40155134885997,-41.707750574096984,-124.73234096017248,-0.012982904118842065,0.0483624044631827,0.036297150994029394,0.0,0.0,0.0,,
29.42625700000002,13.404284937925718,-41.706323636020045,-124.74465831569597,-0.013010049436587299,0.04929032665699148,0.03712798090387712,0.0,0.0,0.0,,
29.435774000000038,13.410828904308106,-41.70456492236176,-124.75585665511154,-0.014038139785975784,0.04942366044553003,0.036586987605047645,0.0,0.0,0.0,,
29.445303000000024,13.421442475855388,-41.70578943604675,-124.76426981175008,-0.01557928076841141,0.04873983996712138,0.034962391735690754,0.0,0.0,0.0,,
29.454812000000004,13.430891964428774,-41.707872938318474,-124.76679672464799,-0.01853473757513922,0.05002035921353728,0.03424711663336207,0.0,0.0,0.0,,
29.464314,13.436107846049326,-41.713455861407056,-124.76363154372417,-0.022078828348958742,0.051603638961688014,0.033435235187666584,0.0,0.0,0.0,,
29.473742000000016,13.436275081942263,-41.715783916333685,-124.75661553665614,-0.023676049065014516,0.05476800853113281,0.035333925534991754,0.0,0.0,0.0,,
29.48334200000005,13.434659876397829,-41.71609379608101,-124.75191996885295,-0.022663873847132327,0.05482528100524414,0.03603818920761153,0.0,0.0,0.0,,
29.492848000000038,13.428380475015498,-41.715686863404216,-124.74971549546851,-0.023589802364826613,0.05562046921176331,0.03618174262153425,0.0,0.0,0.0,,
29.502355000000023,13.418465884371757,-41.714101811281346,-124.75114338313365,-0.024130091893511545,0.05493502635877085,0.03520504948097249,0.0,0.0,0.0,,
29.511871000000042,13.410992691784259,-41.712504520427494,-124.76019604145338,-0.021833278665075218,0.05399062703205997,0.03579664693513498,0.0,0.0,0.0,,
29.52138500000001,13.403097754224953,-41.712735602291794,-124.77318831694322,-0.020905344961347706,0.05335852509054179,0.03579519023686665,0.0,0.0,0.0,,
29.530911000000003,13.398046195831007,-41.71574331711319,-124.79058742320932,-0.01939035545963939,0.051377670774387214,0.03492002911610976,0.0,0.0,0.0,,
29.540404000000024,13.396262194102015,-41.71734054805598,-124.8093464623994,-0.016919008011660484,0.05130723226937517,0.036419022217145366,0.0,0.0,0.0,,
29.549915999999996,13.397138719893045,-41.72026424690635,-124.82627721041494,-0.01612503678213733,0.04968188349691729,0.0354130849960074,0.0,0.0,0.0,,
29.55942600000003,13.401646047482448,-41.724041776262865,-124.83966413061162,-0.01610972654513605,0.04807835049572527,0.03393137244888033,0.0,0.0,0.0,,
29.568933000000015,13.409246833071208,-41.72584925207483,-124.8491568215213,-0.015444881558083634,0.04816024028489641,0.034423025200817914,0.0,0.0,0.0,,
29.57845500000002,13.417031225779713,-41.72724102086134,-124.8535519679581,-0.0171239375867369,0.04955307668334527,0.034623570157249775,0.0,0.0,0.0,,
29.587963000000002,13.423331599210753,-41.72551954595991,-124.85299793013206,-0.018758554759372173,0.05198867932747557,0.035819896964978525,0.0,0.0,0.0,,
29.597485000000006,13.42960153182816,-41.72387514937037,-124.85146612428879,-0.020399002984193466,0.05259450745083312,0.03532958373160059,0.0,0.0,0.0,,
29.60698000000002,13.432140295467432,-41.72267727830767,-124.84934343216685,-0.02307348671194358,0.05461309383653665,0.03547691557061908,0.0,0.0,0.0,,
29.616493000000048,13.429982022412112,-41.72161003642359,-124.84867607484212,-0.02456578501648475,0.056236780223668674,0.036016991571711295,0.0,0.0,0.0,,
29.625999000000036,13.424078960483472,-41.719168497965875,-124.85056389305016,-0.024848912018444556,0.05762484080962254,0.03711432549446262,0.0,0.0,0.0,,
29.635515999999996,13.41517117008991,-41.718210616613334,-124.85562854008845,-0.024313912702351836,0.05643024101560183,0.03635370235863216,0.0,0.0,0.0,,
29.64503000000002,13.40426753817845,-41.71959067949142,-124.8625756971006,-0.023442175726814188,0.05454209420146877,0.035166058982738634,0.0,0.0,0.0,,
29.65453500000001,13.39407229807756,-41.721142723347526,-124.87126522291977,-0.0213205013004135,0.05278426391254614,0.03489855633772755,0.0,0.0,0.0,,
29.683062000000007,13.377711311077901,-41.71820332416733,-124.8994953048856,-0.016401453388329292,0.051094689002535026,0.03647827991962602,0.0,0.0,0.0,,
29.692594000000042,13.379744272756373,-41.71364187510918,-124.90799710091575,-0.015614596780616089,0.0514134145395197,0.03727539329985762,0.0,0.0,0.0,,
29.702088000000003,13.383795535094436,-41.71102530638306,-124.91484640962793,-0.017273833954361127,0.050925191367267045,0.03575851107955189,0.0,0.0,0.0,,
29.71160500000002,13.390551647338162,-41.70834296342256,-124.9204930175714,-0.018621670867328025,0.049922978983917246,0.033969317595165076,0.0,0.0,0.0,,
29.72112400000003,13.399746642700165,-41.708610832166116,-124.92752843828309,-0.019545851653096698,0.04966373970726679,0.03313077106382421,0.0,0.0,0.0,,
29.73062600000003,13.4103172508838,-41.708685586543695,-124.93567744600448,-0.019873260123735727,0.050765540692360576,0.03392669366183161,0.0,0.0,0.0,,
29.74013100000002,13.418420080200745,-41.70594660669917,-124.94447829992725,-0.019484405566842455,0.05350554496673859,0.036692403631916275,0.0,0.0,0.0,,
29.749670000000037,13.42382096290134,-41.70196193014328,-124.95527807045814,-0.019724607871518127,0.05470369335450687,0.03763532623554542,0.0,0.0,0.0,,
29.759173000000033,13.429080834963425,-41.69784299977547,-124.97007394081659,-0.018235260449129726,0.054145950164146535,0.038072140257847616,0.0,0.0,0.0,,
29.7688,13.432922339324337,-41.69422584280358,-124.98674989744221,-0.018246461064633065,0.05248839243793402,0.036530238258753456,0.0,0.0,0.0,,
29.778312000000028,13.435543353902903,-41.69249882847566,-125.0022124822556,-0.018143365001959615,0.05207224415302807,0.03620250169053556,0.0,0.0,0.0,,
29.787829000000045,13.435977247311529,-41.692877406978035,-125.01461939908928,-0.018876339705653996,0.05115991666491312,0.03488013889956707,0.0,0.0,0.0,,
29.797184000000016,13.433636967842727,-41.69648730897909,-125.0213000042871,-0.009402287315193207,0.06660415451079325,0.016787734325141444,0.0,0.0,0.0,,
29.806701000000032,13.428723591816773,-41.69886347645737,-125.0220311118752,-0.008901163558829292,0.0687982242149234,0.018710387146953878,0.0,0.0,0.0,,
29.816214000000002,13.418033888870967,-41.701122537635676,-125.01614760210026,-0.010846114413684323,0.06898329205273585,0.018686400766699564,0.0,0.0,0.0,,
29.825709000000018,13.402260190459856,-41.701593230472476,-125.00448979938417,-0.022279187026084356,0.05576318085666174,0.036919336239238786,0.0,0.0,0.0,,
29.835221000000047,13.382042137858289,-41.704024382485684,-124.99025615742751,-0.023910929843882493,0.055066125316764546,0.035239270529797403,0.0,0.0,0.0,,
29.844746000000043,13.363121149028087,-41.705085905097945,-124.9784847243562,-0.02186778621053872,0.056236147206914285,0.03763992604713941,0.0,0.0,0.0,,
29.85424800000004,13.349920716526649,-41.708345147862204,-124.97418809702069,-0.020328318414118238,0.05402113343840159,0.03659344791949409,0.0,0.0,0.0,,
29.863765,13.342888550321984,-41.71236290546705,-124.97919522047489,-0.019497449832762737,0.05217699073745167,0.03542279804758709,0.0,0.0,0.0,,
29.873261000000014,13.34897296727683,-41.717352493425224,-124.99756409896985,-0.01685974622630963,0.04949289438152297,0.03463069914998215,0.0,0.0,0.0,,
29.882775000000038,13.364575008251608,-41.72192808555475,-125.023340809377,-0.016615870463918173,0.04836236105204037,0.033722496345378584,0.0,0.0,0.0,,
29.892297000000042,13.387042512520143,-41.72242563546004,-125.05221716461958,-0.017109871685248593,0.04848728636980479,0.0334950305226085,0.0,0.0,0.0,,
29.901802000000032,13.408120092003376,-41.721983342454784,-125.0772660950431,-0.009047461976920253,0.06582150616897278,0.0157181204340739,0.0,0.0,0.0,,
29.91130800000002,13.428084158898145,-41.719703217076194,-125.09732518258036,-0.009174846181007588,0.06775939621596189,0.012677292051659237,0.0,0.0,0.0,,
29.920821000000046,13.440375923811947,-41.7151682659946,-125.10855931175175,-0.01023571514464041,0.0701064407426763,0.013130296454029512,0.0,0.0,0.0,,
29.930346000000043,13.442853839640874,-41.70888935100876,-125.11048339826544,-0.0116591471105294,0.07010273044613882,0.013070142797541082,0.0,0.0,0.0,,
29.939859000000013,13.4370432001804,-41.69915889354729,-125.10552521225137,-0.01183407492726939,0.07108423258911999,0.018099753087235403,0.0,0.0,0.0,,
29.949362000000008,13.426096144820372,-41.691686652199486,-125.0998163867888,-0.022138225269021622,0.053709905544329285,0.03504328157895736,0.0,0.0,0.0,,
29.95885800000002,13.413160742973956,-41.686536355762236,-125.09917909743588,-0.019073586705352523,0.05268882821693675,0.03609088426821773,0.0,0.0,0.0,,
29.968379000000027,13.400172039729215,-41.68384037340432,-125.10624785829158,-0.016814995080223546,0.05135576925607099,0.036321918372866795,0.0,0.0,0.0,,
29.977891999999997,13.39106069016295,-41.68694309814923,-125.12270316617816,-0.015227924353993866,0.04858242492131886,0.03478215316045184,0.0,0.0,0.0,,
29.98739500000005,13.389680367756256,-41.69132274075437,-125.1469516350825,-0.01340764068737023,0.04700849800513157,0.034489186671268324,0.0,0.0,0.0,,
29.99691100000001,13.396970630961244,-41.69804750908254,-125.17492953859367,0.009783319585409478,0.03533752712636136,0.03874785755777212,0.0,0.0,0.0,,
