timestamp,Roll,Pitch,Yaw,Acc X,Acc Y,Acc Z,Gyro X,Gyro Y,Gyro Z,Acc Magnitude,Gyro Magnitude
0.0,-8.663614511690033,4.48471769248331,-78.65252763934339,-0.06748576790970512,0.02553468278099723,0.012350068008022541,0.0,0.0,0.0,,
0.009512000000000853,-8.66649382214411,4.5074988287624365,-78.6409231494505,-0.06263005362849912,0.030572871533293366,0.03729867631391108,0.0,0.0,0.0,,
0.01903200000000993,-8.689521951724695,4.496444672033574,-78.6282800990638,-0.07197955584601845,0.040253636625858076,0.0138209555163081,0.0,0.0,0.0,,
0.028525999999999385,-8.723551167076637,4.4931851088844965,-78.6189580210343,-0.06847289757264295,0.061195938922213054,0.014249250021750565,0.0,0.0,0.0,,
0.03804800000000341,-8.774223131723522,4.506775353223809,-78.61474018341988,-0.05807050262885024,0.07874568869156405,0.04562488190870282,0.0,0.0,0.0,,
0.04756100000000174,-8.834415763865822,4.539020963202265,-78.61736118440578,-0.04710755429017121,0.08818271966340174,0.0569163512689527,0.0,0.0,0.0,,
0.05706600000002027,-8.895128749367494,4.599090314574004,-78.6296419096857,-0.014064958123466484,0.09940861549674684,0.04530209626390879,0.0,0.0,0.0,,
0.06657200000000785,-8.963303905837169,4.666376483727189,-78.65196308468381,-0.018736439120154155,0.09335929288602612,0.007772325037482306,0.0,0.0,0.0,,
0.07607600000000048,-9.017729636096952,4.716340266633141,-78.68190761560483,-0.01546194743735421,0.07725252465658965,0.00649990014702175,0.0,0.0,0.0,,
0.08559500000001208,-9.047303482763725,4.7435776564801655,-78.71678750114005,-0.012657599456880608,0.06344183116573425,0.005368205888563756,0.0,0.0,0.0,,
0.09510199999999713,-9.04620421764568,4.730079331570918,-78.7491478010392,-0.00982106224200041,0.04936997634717863,0.004165088749335265,0.0,0.0,0.0,,
0.10461100000000556,-9.010216158085756,4.677433924691424,-78.77191395015255,-0.033503806027968396,0.03111755477804245,0.007295373938617231,0.0,0.0,0.0,,
0.11412300000000641,-8.956965665844287,4.610971220411158,-78.78100424799064,-0.041308203860606595,0.026235884683258187,0.03502134124697443,0.0,0.0,0.0,,
0.12363400000000979,-8.901624241064754,4.5450842162554075,-78.77627854538677,-0.05632355052770229,0.029322885000233678,0.036645457355022414,0.0,0.0,0.0,,
0.1331519999999955,-8.854342637425907,4.479283164417266,-78.7592562369287,-0.07435373396624644,0.031488979605087696,0.013991145042692894,0.0,0.0,0.0,,
0.15216100000000665,-8.771951510708925,4.427878935307745,-78.72126101956188,-0.07448349546272244,0.050709175439624804,0.04686113721544912,0.0,0.0,0.0,,
0.16167599999999993,-8.762623752058307,4.429017877115796,-78.71538127274076,-0.07782890453230848,0.05921420584176766,0.015685885570464964,0.0,0.0,0.0,,
0.17118999999999573,-8.761635607536322,4.431768394924765,-78.72605184035834,-0.06094361245301368,0.0626295398482158,0.06195734802260621,0.0,0.0,0.0,,
0.1806980000000067,-8.774429156428447,4.446244720558485,-78.75838536169346,-0.05422038279014858,0.06584682153018177,0.0382910084123937,0.0,0.0,0.0,,
0.1902120000000025,-8.780078488215441,4.464014337592185,-78.8094708822288,-0.043955746219074186,0.06656070390258527,0.01044259044135305,0.0,0.0,0.0,,
0.1997389999999939,-8.778827582395284,4.477513395373504,-78.87199363904638,-0.012582955819211237,0.06397033225368223,0.0051053010897534855,0.0,0.0,0.0,,
0.20923799999999915,-8.757038310328689,4.487092782660314,-78.9352384029086,-0.010612894757212284,0.054271033494347434,0.004339590791093986,0.0,0.0,0.0,,
0.2187550000000158,-8.702716857954492,4.493308332827804,-78.9879015347917,-0.009008983545237858,0.04629500924031986,0.0037063005261742145,0.0,0.0,0.0,,
0.22825500000001853,-8.6246236688906,4.487006415134573,-79.02147180463344,-0.007381370797367555,0.0380499850890177,0.003041581608884266,0.0,0.0,0.0,,
0.23776900000001433,-8.519481460523984,4.475621818415179,-79.0321535595024,-0.006764031754511615,0.034902487807162506,0.002782773424450996,0.0,0.0,0.0,,
0.24727300000000696,-8.39598613093163,4.466705750230848,-79.02133893925406,-0.008050992289879438,0.041501280086554716,0.0033023970326913456,0.0,0.0,0.0,,
0.26630099999999857,-8.145473504067974,4.459757422101125,-78.97050550322746,-0.055403291551359084,0.05444971349111652,0.011306629967226957,0.0,0.0,0.0,,
0.27581200000000194,-8.039772252057592,4.475400830552,-78.95023510491885,-0.06483479891796061,0.06289103058247313,0.013111570587072815,0.0,0.0,0.0,,
0.2853269999999952,-7.957027066262195,4.506813792542002,-78.94499404362193,-0.06718470090064096,0.06914675170232872,0.049748215320776,0.0,0.0,0.0,,
0.2948289999999929,-7.89440441387195,4.544984017552912,-78.95597214475119,-0.06588681069162725,0.06679972662366661,0.05476112585603238,0.0,0.0,0.0,,
0.3043430000000171,-7.8559051513739355,4.592504035911435,-78.98062965509216,-0.06284131707052386,0.060393332765940506,0.050510612524297546,0.0,0.0,0.0,,
0.31385700000001293,-7.8329992527149646,4.642521352567158,-79.01015581317739,-0.055746905763339474,0.05057032637441162,0.03933936933633195,0.0,0.0,0.0,,
0.3233560000000182,-7.814029136360648,4.68620359182804,-79.03526913436832,-0.04483482482982422,0.03961542128228997,0.037150039342392936,0.0,0.0,0.0,,
0.33288100000001464,-7.790348995540683,4.716042816802631,-79.04894821588587,-0.036464342675653946,0.029008469625744118,0.0070790316051252715,0.0,0.0,0.0,,
0.342378999999994,-7.750009298992528,4.7374828091921435,-79.04767304376196,-0.005889428120562588,0.030433653726838216,0.002568938765308431,0.0,0.0,0.0,,
0.35189600000001064,-7.685612965776054,4.745608617780535,-79.03400058482902,-0.00591608012151892,0.03053231636645636,0.0025818271241573334,0.0,0.0,0.0,,
0.36140600000001655,-7.61124463875159,4.75997227275538,-79.01709433657997,-0.003531027319399774,0.040886311718108546,0.035862234170400166,0.0,0.0,0.0,,
0.3709220000000073,-7.5254421955779875,4.789931919800854,-79.00720767971755,-0.011671795045573264,0.060086534760834844,0.005129087230755877,0.0,0.0,0.0,,
0.38993899999999826,-7.369432548249978,4.901834872186576,-79.05155064827112,-0.01258996533241068,0.08376391575515942,0.03479236628666033,0.0,0.0,0.0,,
0.3994440000000168,-7.29067450824897,5.00016291057941,-79.11166318558898,-0.011627720656470705,0.09097972542367243,0.053259875878268526,0.0,0.0,0.0,,
0.4089580000000126,-7.22910120513543,5.095162483993806,-79.18822785600078,-0.04660018504587684,0.07130268176355135,0.04505199880637608,0.0,0.0,0.0,,
0.41846400000000017,-7.180701457646615,5.196679506288549,-79.26730105816435,-0.06345995404626364,0.05432809428700207,0.012537243689742796,0.0,0.0,0.0,,
0.4279850000000067,-7.143962142566687,5.298181110077222,-79.32922521457024,-0.06775816819641577,0.04130576894972428,0.012346503667198689,0.0,0.0,0.0,,
0.4374950000000126,-7.137543120733764,5.368308700842471,-79.36024331103475,-0.07425768469805828,0.022931356195489385,0.012052755375424952,0.0,0.0,0.0,,
0.4469970000000103,-7.133784533901583,5.413664765300631,-79.35439097228229,-0.06346143693083825,0.014004791759548899,0.04216888277949938,0.0,0.0,0.0,,
0.45650600000001873,-7.141371032466195,5.45176553174857,-79.31898901789913,-0.054401015525573734,0.02114850732842066,0.03507836452174797,0.0,0.0,0.0,,
0.4660220000000095,-7.164871610218939,5.488868485735345,-79.26897545435654,-0.05073695254696057,0.03483021839332918,0.009672502829843034,0.0,0.0,0.0,,
0.4755360000000053,-7.172816102454941,5.536177306785682,-79.22185272244509,-0.033287567078650916,0.05570050000395082,0.035332453789344076,0.0,0.0,0.0,,
0.4850529999999935,-7.181808398092979,5.597907387142414,-79.19578934118834,-0.01191275674999044,0.0795425716649364,0.033465457328922775,0.0,0.0,0.0,,
0.4945690000000127,-7.178680231517801,5.6713823528820475,-79.20017314262591,-0.017422646128162005,0.09133420898409374,0.009233846503516918,0.0,0.0,0.0,,
0.504066999999992,-7.163233614760622,5.761261796150865,-79.23615722093167,-0.017979273932521734,0.09457486814776915,0.009712861363297678,0.0,0.0,0.0,,
0.5135640000000024,-7.143407637392846,5.861978926536735,-79.29537809626693,-0.016788692931898226,0.08881237657673921,0.00927979444574874,0.0,0.0,0.0,,
0.5230840000000114,-7.10402404511205,5.956933304268198,-79.35988797165226,-0.00865817568785318,0.07093956603898799,0.044462652700282414,0.0,0.0,0.0,,
0.5326090000000079,-7.0705051509248085,6.042737023553508,-79.4137426334249,-0.03415734504046118,0.04606951092995637,0.035642650215763495,0.0,0.0,0.0,,
0.54209800000001,-7.035219403013614,6.118705903441134,-79.44312910785047,-0.04157341232862202,0.030306345954475327,0.008393762066227868,0.0,0.0,0.0,,
0.551620000000014,-7.002656563609167,6.177706192589664,-79.44390213463123,-0.04338990922165063,0.01974608972748709,0.007784694564105408,0.0,0.0,0.0,,
0.5611260000000016,-6.981869554675991,6.216740455730101,-79.42237256238802,-0.04774335173443885,0.019899445441580118,0.008416964096063795,0.0,0.0,0.0,,
0.5706399999999974,-6.961905590023768,6.2408967532580935,-79.39087595015697,-0.046631036916310646,0.03303107847800698,0.009372403321989043,0.0,0.0,0.0,,
0.5801390000000026,-6.95832607424593,6.257288388224978,-79.36749148895778,-0.048783967190091655,0.05455615743247178,0.011516984052814242,0.0,0.0,0.0,,
0.5896600000000092,-6.9676574485455935,6.271577470631491,-79.36834980325857,-0.04999845001159024,0.07632251812998954,0.013567955164165469,0.0,0.0,0.0,,
0.5991649999999993,-6.989284717087696,6.2968751187060885,-79.4004139211115,-0.044156547691486886,0.0944972101217482,0.042215105054955515,0.0,0.0,0.0,,
0.6086710000000153,-7.035565453396821,6.338435908537689,-79.46419975780803,-0.047229757379719316,0.10507851612387607,0.043117377205521126,0.0,0.0,0.0,,
0.6277039999999943,-7.148194706696305,6.432200517750893,-79.63438342471916,-0.03600428570029396,0.07593266692079172,0.04409326770662525,0.0,0.0,0.0,,
0.6372279999999932,-7.206765334041297,6.4881591065311675,-79.7070950883076,-0.03624373985485954,0.05583906356743315,0.010253218638273805,0.0,0.0,0.0,,
0.6467360000000042,-7.252369450118459,6.5270400777532815,-79.75026017784202,-0.006689470936885089,0.036994218271218314,0.004301287418075513,0.0,0.0,0.0,,
0.656234000000012,-7.290868851732726,6.539575585210315,-79.7592815135307,0.0,0.0,0.0,0.0,0.0,0.0,,
0.6657510000000002,-7.320257110004967,6.526282132630121,-79.73832736086531,0.0,0.0,0.0,0.0,0.0,0.0,,
0.6752529999999979,-7.342808511164949,6.482190170003977,-79.70254160977758,0.0,0.0,0.0,0.0,0.0,0.0,,
0.6847720000000095,-7.361825946510106,6.437050774166551,-79.67053396856495,-0.007933212879092362,0.043526395692163364,0.0049916706702719145,0.0,0.0,0.0,,
0.694279999999992,-7.387626543926147,6.407391359726677,-79.66157932478599,-0.03630180505335601,0.061952635665180396,0.036796555587835046,0.0,0.0,0.0,,
0.7037919999999929,-7.429725325621723,6.3995311131706,-79.68550314510094,-0.0523808434185442,0.08608917754440128,0.015291383578382025,0.0,0.0,0.0,,
0.7132990000000063,-7.479233412464662,6.410099508877605,-79.7415026359603,-0.05864338085359819,0.08997510172662866,0.04211523983621152,0.0,0.0,0.0,,
0.7228080000000148,-7.533164286713604,6.447240570240774,-79.81750612279832,-0.06581436169067088,0.08413720267579641,0.05241703906786207,0.0,0.0,0.0,,
0.7323159999999973,-7.592095213954132,6.5043795445644035,-79.89312362094707,-0.07204893115388185,0.06883325736696035,0.04796456884261963,0.0,0.0,0.0,,
0.7418399999999963,-7.650070188117009,6.557559704952836,-79.94500349822287,-0.06806801551575216,0.04316891568459166,0.043711465000802724,0.0,0.0,0.0,,
0.7513280000000009,-7.708739006019174,6.595814775030035,-79.95680138587643,-0.058221964357025605,0.01846073967223133,0.040039151825337405,0.0,0.0,0.0,,
0.7608570000000157,-7.772592821886169,6.62735654377589,-79.92713762197788,-0.047324863039611205,-0.009177917177222026,0.0065352131462895246,0.0,0.0,0.0,,
0.7703600000000108,-7.825978156305219,6.644216705195564,-79.86724462809313,-0.0326583101508731,-0.006374073120748445,0.004542123425964654,0.0,0.0,0.0,,
0.7798830000000123,-7.863756035423804,6.638738267843535,-79.80154900435647,-0.005069748081966225,0.028180846598680795,0.0033325988958091994,0.0,0.0,0.0,,
0.7893820000000176,-7.887027416181021,6.628919849194871,-79.75908739211214,-0.008783452939776207,0.048617166130047455,0.005741536310643587,0.0,0.0,0.0,,
0.8084029999999984,-7.890380709865235,6.629877005999027,-79.82191662252065,-0.017035930306793696,0.09488996697455727,0.011205629720528113,0.0,0.0,0.0,,
0.8179100000000119,-7.882776897330153,6.64885252280708,-79.9298780334955,-0.01862153507770459,0.10485738341692995,0.012414272536637861,0.0,0.0,0.0,,
0.8274200000000178,-7.876166175340413,6.688582172341011,-80.06465775361794,-0.038849323020935224,0.09477783459872632,0.042550305264654045,0.0,0.0,0.0,,
0.8369380000000035,-7.879150766432544,6.736061076655407,-80.19564814176401,-0.0511021007701599,0.07488284068337216,0.04260698147492277,0.0,0.0,0.0,,
0.8464409999999987,-7.8904051627487535,6.785368570107605,-80.29336697814854,-0.05872450608730124,0.04569787433262704,0.04154540347562094,0.0,0.0,0.0,,
0.855953999999997,-7.911645704786888,6.837417453972761,-80.33802883970341,-0.06130218251409897,0.023484198674822244,0.03884474163181782,0.0,0.0,0.0,,
0.8654690000000187,-7.939715092906143,6.877280368211817,-80.32531409606823,-0.05638456999498167,-0.01367967873986509,0.03324306778759679,0.0,0.0,0.0,,
0.8749740000000088,-7.967284629642506,6.895076306083052,-80.2673262752942,-0.0472932949461872,-0.012079298721262326,0.03233746254522972,0.0,0.0,0.0,,
0.8844940000000179,-8.00111387420516,6.902376067741055,-80.19188091466536,-0.042877001205204934,-0.008160523536848952,0.006089670947895174,0.0,0.0,0.0,,
0.8940070000000162,-8.031623143672379,6.900088434686465,-80.12753185068372,-0.03973198042660749,0.03741259927761345,0.009936702090332745,0.0,0.0,0.0,,
0.9035120000000063,-8.05659682230986,6.892425017762054,-80.09909897159523,-0.011334125830476575,0.06493558351294225,0.007968029298129151,0.0,0.0,0.0,,
0.9130240000000072,-8.085444349627524,6.896233614644556,-80.12111691624987,-0.015370645005760046,0.08826187702727767,0.010835637894188605,0.0,0.0,0.0,,
0.9225470000000087,-8.108487805612068,6.914637421774465,-80.18893836181094,-0.017440473590272235,0.10085348085061409,0.012412284917011894,0.0,0.0,0.0,,
0.9320260000000076,-8.133127206335377,6.9481834930046045,-80.28603472488604,-0.017252688011461976,0.10078446445379102,0.012460926145576727,0.0,0.0,0.0,,
0.9415549999999939,-8.154514834987648,7.000103450995715,-80.38610379317596,-0.042241452251851115,0.08458517972987539,0.015079530282808569,0.0,0.0,0.0,,
0.9510549999999967,-8.166385010791172,7.060736304736446,-80.46426492324088,-0.04004685054023103,0.06119997297388446,0.043087728843884114,0.0,0.0,0.0,,
0.9605710000000158,-8.17037381454285,7.123556052733745,-80.5025483498666,-0.040263070855080164,0.039552280762460944,0.03747755093584386,0.0,0.0,0.0,,
0.9700870000000066,-8.163950829546838,7.176556684585118,-80.49686855450452,-0.041928274842705504,0.024444854452797184,0.009303097568728743,0.0,0.0,0.0,,
0.9891159999999957,-8.130511223955251,7.227598846764153,-80.40665152744168,-0.0317983773331687,-0.005964156397801237,0.004584607136078903,0.0,0.0,0.0,,
0.9986179999999933,-8.111237259161882,7.2226213958878684,-80.36625496888229,-0.03533579060908885,0.031687961738473755,0.008951571041000679,0.0,0.0,0.0,,
1.008121000000017,-8.097818264423095,7.204975836554016,-80.35805498446709,-0.03639936978491661,0.051006109890194,0.01104895793078406,0.0,0.0,0.0,,
1.0176390000000026,-8.098873543731703,7.191200235508831,-80.39342057569556,-0.04239651820929041,0.07230476710796288,0.014152663914031964,0.0,0.0,0.0,,
1.027150000000006,-8.110048958195907,7.1905472097293455,-80.46763568482197,-0.047101068145472505,0.08895720601718551,0.01660789948201842,0.0,0.0,0.0,,
1.0366610000000094,-8.13828302382463,7.206056164988139,-80.56610154671112,-0.050343498152927935,0.09008579923062575,0.046619548405520746,0.0,0.0,0.0,,
1.0461720000000128,-8.169898009845095,7.23955088851058,-80.66389580451799,-0.04954913455135562,0.08127564432841893,0.049819912410679464,0.0,0.0,0.0,,
1.0556840000000136,-8.203103412775711,7.287624579052097,-80.73719769395858,-0.049140341071029846,0.06618922405773389,0.04105007799782711,0.0,0.0,0.0,,
1.0651770000000056,-8.231560545009225,7.344600567542202,-80.76927033044277,-0.04836643054840837,0.04925926058872227,0.01307791817514597,0.0,0.0,0.0,,
1.0747130000000027,-8.246614401693051,7.394897900552008,-80.7565546083232,-0.04009458746973682,0.03142243557239224,0.009907137437541716,0.0,0.0,0.0,,
1.084224000000006,-8.246851058012119,7.428909375023332,-80.7084874730831,-0.03237412794805494,0.02138574752994052,0.007598623489977627,0.0,0.0,0.0,,
1.0937270000000012,-8.232633776136835,7.440854380649705,-80.64630750631483,-0.0042151196210697,0.025589811153069523,0.003387128131954727,0.0,0.0,0.0,,
1.1030619999999942,-8.209267581345097,7.434236933014612,-80.59476608642001,-0.005838293050606586,0.035246287426938576,0.004661778917521766,0.0,0.0,0.0,,
1.1127439999999922,-8.185262420713089,7.414507987401536,-80.57639372757714,-0.008955785014737452,0.05395953111462643,0.007118073551794822,0.0,0.0,0.0,,
1.1222580000000164,-8.163393799013456,7.388963259992771,-80.6014410814303,-0.012244517986434354,0.07397468418685965,0.009723672409961645,0.0,0.0,0.0,,
1.1317669999999964,-8.151286625292157,7.3683785904090415,-80.66918619799807,-0.037437995839453925,0.08087207348455323,0.040534695827405806,0.0,0.0,0.0,,
1.1412799999999947,-8.152159918994524,7.365981233311332,-80.76578722915224,-0.0506250720649441,0.09077065106965995,0.017746057123539296,0.0,0.0,0.0,,
1.1507840000000158,-8.166707206444185,7.382135894642843,-80.86756447874139,-0.05323210858437898,0.08229766087794325,0.04513711110164021,0.0,0.0,0.0,,
1.1603080000000148,-8.192032644583882,7.413985305212995,-80.95141420106559,-0.05638400129469259,0.06808951394287896,0.046858130691267395,0.0,0.0,0.0,,
1.1698039999999992,-8.217406368624214,7.454360621143337,-80.99785373941043,-0.05279942646904771,0.05029419483695654,0.04287487466289755,0.0,0.0,0.0,,
1.179314000000005,-8.237004777979179,7.490204696025542,-81.00111195496366,-0.04824868305618149,0.03483029212016922,0.011677824622861384,0.0,0.0,0.0,,
1.1888280000000009,-8.250017502686253,7.515537964665879,-80.96857193559455,-0.03994619702546511,0.023801596018410708,0.009151710511042799,0.0,0.0,0.0,,
1.1983419999999967,-8.25441521285803,7.519483131142091,-80.91743432629691,-0.031428303959762816,0.02129648668705311,0.007480040148271342,0.0,0.0,0.0,,
1.2078610000000083,-8.24747620676046,7.50017272786184,-80.87021971859703,-0.005027774919200213,0.03128531370236002,0.004171735397591042,0.0,0.0,0.0,,
1.2173620000000085,-8.2336370196612,7.4624488038888535,-80.84784769781436,-0.00745225112405556,0.046256311881020036,0.006137048254557525,0.0,0.0,0.0,,
1.2268740000000093,-8.217207954522074,7.419760935318418,-80.86179340753328,-0.010516939812852896,0.06538024740518657,0.00862379430310477,0.0,0.0,0.0,,
1.2362050000000124,-8.201623327864665,7.379393128919406,-80.91337087706643,-0.013205320033476124,0.08256694540308755,0.010829278540040791,0.0,0.0,0.0,,
1.2457190000000082,-8.19227934957745,7.3555053802216674,-80.9932192776589,-0.042777254885687295,0.08977899514475399,0.016403678263700403,0.0,0.0,0.0,,
1.255408000000017,-8.187868452695902,7.352141404274271,-81.08033676551953,-0.04591519769596725,0.08772491052208638,0.05393800242827736,0.0,0.0,0.0,,
1.264918999999992,-8.190858906748,7.370411116864144,-81.15464274758772,-0.052159003358755764,0.07801512054954551,0.048062787589737095,0.0,0.0,0.0,,
1.2744330000000161,-8.198422956924414,7.400554844073748,-81.19947693319419,-0.05730562301537478,0.061750647854419236,0.01591998493211078,0.0,0.0,0.0,,
1.2839360000000113,-8.207172409452605,7.4354620910717255,-81.20838929565228,-0.05314021091957933,0.043693669014328744,0.013362526457494217,0.0,0.0,0.0,,
1.2934529999999995,-8.212994078640135,7.460016920340159,-81.18556902278502,-0.04173938895484827,0.02695471856007816,0.03683505441273391,0.0,0.0,0.0,,
1.302958000000018,-8.211807200155983,7.460156316472942,-81.14597818941866,-0.036479689487573096,0.021566574622461428,0.0082886438790258,0.0,0.0,0.0,,
1.3124590000000182,-8.207883229219835,7.432398940601503,-81.10900917647406,-0.02942668466006287,0.021307127317829862,0.007089548892461682,0.0,0.0,0.0,,
1.3219870000000071,-8.2043252713961,7.385049054691226,-81.09445218963138,-0.005886763969069648,0.037568289025225646,0.004928716890133152,0.0,0.0,0.0,,
1.331495000000018,-8.197663111188827,7.32343602762627,-81.11188729913509,-0.008769199831458012,0.05607505176323846,0.00729428431523082,0.0,0.0,0.0,,
1.3410010000000057,-8.195099478662351,7.26056646767018,-81.16392525546223,-0.011562305921120444,0.07437816776185056,0.009589850833900583,0.0,0.0,0.0,,
1.3505049999999983,-8.193771954138382,7.213156855545353,-81.2407765210906,-0.03882699358470263,0.08474914985359298,0.015045777645375952,0.0,0.0,0.0,,
1.36002400000001,-8.193611563585003,7.189544489664678,-81.32365685545432,-0.04531603824650836,0.08973968909842467,0.01658964791933675,0.0,0.0,0.0,,
1.3695280000000025,-8.196387090500647,7.191616653670899,-81.39422072161656,-0.04698526542706043,0.08212954953896535,0.045024103237461886,0.0,0.0,0.0,,
1.379051000000004,-8.196742310500285,7.210481736536888,-81.43686222725078,-0.0474602901635266,0.06609784556202661,0.046752495698156184,0.0,0.0,0.0,,
1.3883790000000147,-8.19430102338866,7.240026734657251,-81.44446956552348,-0.04630488722782579,0.04959007708636238,0.04270953615387296,0.0,0.0,0.0,,
1.4075710000000186,-8.17131312735647,7.260607421628177,-81.37826267651123,-0.037165949091406365,0.022635311507914452,0.008388949125092157,0.0,0.0,0.0,,
1.4169990000000041,-8.155450924987559,7.2364907676699906,-81.33778417081588,-0.030746929634123312,0.021923849862283917,0.007254078245066372,0.0,0.0,0.0,,
1.4265960000000177,-8.138025648567568,7.1852583432183526,-81.31680301214419,-0.005128635281217439,0.03358164541384442,0.00428265749587152,0.0,0.0,0.0,,
1.436109000000016,-8.122517344865617,7.117212067266319,-81.32783699278824,-0.007635711580976288,0.050062257379762505,0.006323147647245974,0.0,0.0,0.0,,
1.4456189999999935,-8.112225837588184,7.047415636043774,-81.3746777668802,-0.010354370516746382,0.06826102906329705,0.008535280337939682,0.0,0.0,0.0,,
1.4551289999999995,-8.10512298303792,6.99103292426658,-81.44810424946242,-0.03848710143273368,0.08146338336456427,0.014302838650512463,0.0,0.0,0.0,,
1.4646280000000047,-8.103530665748798,6.956143596154051,-81.53311208220488,-0.045500230602201014,0.08831457954233642,0.01606521978490131,0.0,0.0,0.0,,
1.4741510000000062,-8.103327943388807,6.948429326282094,-81.61001104535596,-0.04563087159625546,0.0838897939405308,0.04925665302713115,0.0,0.0,0.0,,
1.483668999999992,-8.100218610249907,6.963301998627429,-81.66109044579173,-0.04654040171759563,0.07217488424711994,0.04853255075434088,0.0,0.0,0.0,,
1.4929889999999943,-8.096550593307217,6.990915710347039,-81.6781157584916,-0.0491812521787442,0.057482219972527816,0.013629598033498119,0.0,0.0,0.0,,
1.5026720000000182,-8.08715540821987,7.016526531189242,-81.66169488393327,-0.040061995631430466,0.0359065400402516,0.03827474390590933,0.0,0.0,0.0,,
1.5121870000000115,-8.071832260653524,7.027572862319466,-81.62273675075863,-0.037117810950416746,0.026886565619568988,0.00863320801656861,0.0,0.0,0.0,,
1.5217039999999997,-8.053659390096053,7.01405853194256,-81.57917739010588,-0.031308376765667056,0.02168199938545088,0.007165583093896777,0.0,0.0,0.0,,
1.5312289999999962,-8.03459189859778,6.9771750301062925,-81.55003587307387,-0.004416611084563728,0.02972981279108972,0.0036782697637290232,0.0,0.0,0.0,,
1.540727000000004,-8.016743538072275,6.922651018285869,-81.54934606283179,-0.00647750197101243,0.043598806295939256,0.005351628372059681,0.0,0.0,0.0,,
1.550235000000015,-8.002779688182812,6.860351756232204,-81.58298300612101,-0.0049023222065433265,0.05926745769781597,0.03454917260201768,0.0,0.0,0.0,,
1.559568000000013,-7.995318372078057,6.8023818752043415,-81.64645614690124,-0.03568572463944362,0.07113600668870221,0.04531649462955987,0.0,0.0,0.0,,
1.5787600000000168,-8.004933940483165,6.756693912544407,-81.80453747612287,-0.05109264493788758,0.08496577216704508,0.016272776180047095,0.0,0.0,0.0,,
1.5882730000000151,-8.014157774093754,6.770079518719791,-81.86384088684831,-0.04693522047229169,0.07467072497789404,0.05162009759804838,0.0,0.0,0.0,,
1.5977980000000116,-8.018510018886873,6.799486067258991,-81.89272214314468,-0.043039382605575216,0.06136700619668209,0.051066900800836534,0.0,0.0,0.0,,
1.6072970000000169,-8.019014642412142,6.832614857450504,-81.88927299973098,-0.04315159811003732,0.04716662079559911,0.01144166758411782,0.0,0.0,0.0,,
1.6168059999999969,-8.011584882195915,6.856405554487636,-81.86115023640846,-0.03505373635683969,0.03208255139907817,0.008690827578186018,0.0,0.0,0.0,,
1.6263170000000002,-7.998450846987637,6.8593645725174275,-81.82426525919348,-0.030162799713175748,0.023476156669993052,0.007064277821754729,0.0,0.0,0.0,,
1.6358350000000144,-7.97943754343245,6.836245822759036,-81.79444815101212,-0.00026383594323475416,0.026793601979705275,0.028783861187278298,0.0,0.0,0.0,,
1.645341000000002,-7.96174073714012,6.788719863124362,-81.78781323666932,-0.005277232525201945,0.0365663611869272,0.00439807176839105,0.0,0.0,0.0,,
1.6548580000000186,-7.947493321133417,6.731471346775812,-81.81125361602744,-0.007301559711648171,0.050739907255664976,0.006050515667112671,0.0,0.0,0.0,,
1.6643590000000188,-7.936663125618866,6.677497463522634,-81.86350230375396,-0.034718221254743636,0.06375178938073535,0.011521564828642332,0.0,0.0,0.0,,
1.6736820000000137,-7.93218744496808,6.640515652584884,-81.9339915395849,-0.03852894174292453,0.07768688175311651,0.046169655098732734,0.0,0.0,0.0,,
1.683197000000007,-7.9303200348191565,6.622564180819777,-82.00704250932954,-0.04238709004051213,0.08168246143111574,0.0634591035927301,0.0,0.0,0.0,,
1.6928939999999955,-7.9337022203673,6.634057723892877,-82.06728593477715,-0.05197772765621681,0.08227299658663409,0.01594129940171618,0.0,0.0,0.0,,
1.702401000000009,-7.943664637514899,6.669539572769686,-82.1030913561498,-0.05314967708708353,0.07118718235113436,0.015121241196576778,0.0,0.0,0.0,,
1.7119140000000073,-7.953559913340816,6.714656102885979,-82.11041188902998,-0.04925499593280533,0.053098911507675255,0.01282648601599234,0.0,0.0,0.0,,
1.7214220000000182,-7.959767094558346,6.753265236381845,-82.09359272574962,-0.0394562599778125,0.036515503636394164,0.03882296517498443,0.0,0.0,0.0,,
1.730938000000009,-7.964123016561526,6.771530263310592,-82.06499767492652,-0.03354968988183303,0.02536368871565085,0.03439149068588393,0.0,0.0,0.0,,
1.7404490000000123,-7.9665705386594565,6.765660053504895,-82.03966633428992,-0.028488473900937252,0.02278749229472296,0.03358919066055734,0.0,0.0,0.0,,
1.7499569999999949,-7.971288746058225,6.740937504344698,-82.03230172301937,-0.005034130659679206,0.0359668177960114,0.004292624337123057,0.0,0.0,0.0,,
1.7594699999999932,-7.975049016925441,6.69795266939114,-82.05076624842604,-0.006666965860801413,0.04774484113120866,0.0056614006427234,0.0,0.0,0.0,,
1.7689740000000143,-7.979552888920416,6.65510754406569,-82.09649093150222,-0.008963680760003093,0.0645687184547169,0.007606046256646695,0.0,0.0,0.0,,
1.7784970000000158,-7.986361551847857,6.622593619331845,-82.16213907360967,-0.031771990775947785,0.0735501400969688,0.046590310787499804,0.0,0.0,0.0,,
1.7880020000000059,-7.991134192222875,6.612702976716225,-82.23338686432754,-0.04077863982451688,0.08447227084642416,0.01443861550961661,0.0,0.0,0.0,,
1.7975120000000118,-7.998161137230527,6.6293953038766515,-82.29620416841847,-0.04476837031483932,0.08311145330728467,0.014969377288321891,0.0,0.0,0.0,,
1.80702500000001,-8.004790101539037,6.669858093532921,-82.33734526235779,-0.04369713420144003,0.07051522750225428,0.04145274325151051,0.0,0.0,0.0,,
1.8165319999999952,-8.006638007206723,6.721346887576778,-82.35127210828637,-0.04321071520860891,0.05616060295798316,0.038171236995888376,0.0,0.0,0.0,,
1.8260370000000137,-8.007972326087543,6.7673543505036795,-82.33985067455572,-0.04386699076282686,0.041628733641629175,0.01096270743330979,0.0,0.0,0.0,,
1.8355590000000177,-8.00648357506667,6.800737103609591,-82.31348198244055,-0.040311370084609215,0.029312798041676216,0.009210851102741148,0.0,0.0,0.0,,
1.8450579999999945,-8.007187759755025,6.811659677840964,-82.28700081169603,-0.037348902087213094,0.02539020561370649,0.008364700431573542,0.0,0.0,0.0,,
1.8545770000000061,-8.008980016024655,6.796159779893127,-82.27455114542849,-0.02957822679392452,0.027463703148871522,0.037160861204998064,0.0,0.0,0.0,,
1.8640880000000095,-8.016146257092403,6.762388446041602,-82.28677734035072,-0.0333862894567633,0.040581846256151084,0.009219285097873326,0.0,0.0,0.0,,
1.8736000000000104,-8.02982747783908,6.73000414652453,-82.32667404893071,-0.03429584744592081,0.05843001900844228,0.011093473442865143,0.0,0.0,0.0,,
1.8831050000000005,-8.04918363456011,6.706227110227299,-82.38875064821279,-0.03803025926638879,0.07301470322126345,0.013092343950504267,0.0,0.0,0.0,,
1.892610000000019,-8.069594307520914,6.699547222598743,-82.46107247162377,-0.03716500932935332,0.07886038781099973,0.04131577520646581,0.0,0.0,0.0,,
1.902132999999992,-8.086269120095338,6.718549817682011,-82.52820928736762,-0.038953765946961504,0.08063837315373158,0.04884874948614709,0.0,0.0,0.0,,
1.9116360000000157,-8.101271408437137,6.75910776656276,-82.57608157639363,-0.044811687141998215,0.07582152392339919,0.014562376342447161,0.0,0.0,0.0,,
1.9211480000000165,-8.112072988511086,6.8114325324544,-82.59775307437253,-0.044266653302722565,0.06005406556427449,0.012985433507636675,0.0,0.0,0.0,,
1.9306620000000123,-8.113706382835531,6.865183979221283,-82.59318914968021,-0.03972929280645967,0.04581730937687829,0.010896033254958675,0.0,0.0,0.0,,
1.9401709999999923,-8.110106984098643,6.906218874293921,-82.57032895513595,-0.03351934185737708,0.031316744879782324,0.0348129648085648,0.0,0.0,0.0,,
1.9496870000000115,-8.101686011579197,6.9247603527725445,-82.54258557713894,-0.0336864947707398,0.029234302817212975,0.008297128046644623,0.0,0.0,0.0,,
1.9591880000000117,-8.096109319546963,6.922647289995358,-82.52504877681973,-0.03251744733159904,0.030660794196269988,0.008253105999086314,0.0,0.0,0.0,,
1.9686939999999993,-8.097471511617238,6.9067271463820274,-82.5301071137636,-0.03427359929088012,0.042434330700902176,0.009715927531734345,0.0,0.0,0.0,,
1.978221000000019,-8.10317533078797,6.885996599809316,-82.5618950548862,-0.036138636913588644,0.057717737380001646,0.01154418024278822,0.0,0.0,0.0,,
1.9877280000000042,-8.117217087963738,6.867924985570033,-82.61752680503125,-0.03671160701329745,0.06764500969313016,0.038157130018996295,0.0,0.0,0.0,,
1.997242,-8.135957841837776,6.867819161790583,-82.68677725973485,-0.04098689998832402,0.07743220583567208,0.04311583208548277,0.0,0.0,0.0,,
2.006743,-8.16060330927769,6.888108543470431,-82.75505264430522,-0.04917528981017482,0.08158075826094392,0.016085906142173395,0.0,0.0,0.0,,
2.0160700000000134,-8.184823798586258,6.928812187960413,-82.80763434469063,-0.048394251667210224,0.07537905438893237,0.015413829467801126,0.0,0.0,0.0,,
2.025586000000004,-8.205282732924356,6.982509597262086,-82.83607197692385,-0.04157125890564945,0.06079098471051394,0.03866730197449844,0.0,0.0,0.0,,
2.0350930000000176,-8.22035936378988,7.036565384795347,-82.83896823751587,-0.03742587861334399,0.04550212459618822,0.038379394192122114,0.0,0.0,0.0,,
2.044776000000013,-8.22669688602468,7.081562932390913,-82.82266190181542,-0.03542988367412019,0.037868389866086656,0.00964944631431389,0.0,0.0,0.0,,
2.0541200000000117,-8.226705613222032,7.110599773263779,-82.79824878635864,-0.030690297031265575,0.03289508025629055,0.008386471312304333,0.0,0.0,0.0,,
2.063623000000007,-8.220955463801781,7.1202324581050656,-82.77996779852522,-0.0047452131940307635,0.037456905793066896,0.0047163335945613685,0.0,0.0,0.0,,
2.0731289999999944,-8.21451773452143,7.111872457633094,-82.78086973420334,-0.0057364094500644445,0.045286749155809845,0.005695441559782125,0.0,0.0,0.0,,
2.0826490000000035,-8.209166751863894,7.093942927686425,-82.80573129365003,-0.0073020582180171635,0.05784827838210271,0.007256300853430836,0.0,0.0,0.0,,
2.092163999999997,-8.209088246297803,7.076662140787508,-82.85350708333542,-0.036371333725265256,0.0664527011749529,0.01279174407855195,0.0,0.0,0.0,,
2.1016690000000153,-8.216010660229006,7.069875855545542,-82.91576971281701,-0.04247082763880765,0.07404708897133179,0.014566425509372679,0.0,0.0,0.0,,
2.111185000000006,-8.228207073690397,7.079821457548007,-82.97967345834743,-0.04625433325386227,0.07752875113534029,0.015567630639127566,0.0,0.0,0.0,,
2.120683000000014,-8.242694214666054,7.107260995945417,-83.03270258901915,-0.04449970980661049,0.07200140630181791,0.04585398383036803,0.0,0.0,0.0,,
2.1302060000000154,-8.258080204680242,7.1474476059710055,-83.06463544337367,-0.04474128342438518,0.0637279438787064,0.04272346873300755,0.0,0.0,0.0,,
2.1398930000000007,-8.271815592984764,7.196830039985911,-83.07413268118411,-0.046069477179722505,0.05697289858223747,0.01353801248288818,0.0,0.0,0.0,,
2.149222000000009,-8.281480642050504,7.241639831070645,-83.06452792617327,-0.04021525991421544,0.046001901796650584,0.011461999830461811,0.0,0.0,0.0,,
2.1589170000000024,-8.287107781611848,7.274547440761251,-83.04704498088145,-0.03566781034631495,0.03921106881198311,0.010021537781898432,0.0,0.0,0.0,,
2.168250999999998,-8.287655616050662,7.288768130670649,-83.03328392081005,-0.030893594408654124,0.037917152695978736,0.009121091109069111,0.0,0.0,0.0,,
2.1777470000000108,-8.286761389728627,7.286228938736589,-83.03503534020287,-0.030362088832844223,0.04341370509448286,0.009632889732391825,0.0,0.0,0.0,,
2.1872649999999965,-8.287957538917636,7.271087147206365,-83.0568626002121,-0.03251366553367072,0.051450056481009865,0.010844151944598143,0.0,0.0,0.0,,
2.1967810000000156,-8.291467004395372,7.249251713526997,-83.0990699385107,-0.03105745490277726,0.05642175316522505,0.03845368300002742,0.0,0.0,0.0,,
2.2062860000000057,-8.29841589133274,7.235689145988281,-83.15399149961836,-0.039049810883008275,0.0697755292453551,0.01386424266660501,0.0,0.0,0.0,,
2.215806000000015,-8.307920460854689,7.235551220962582,-83.2111735712936,-0.04223424273679495,0.07400972774323411,0.014849630481087601,0.0,0.0,0.0,,
2.2253100000000074,-8.317448110622408,7.252912965998939,-83.25904664858503,-0.0452050971293403,0.07430045788607853,0.015396694718238195,0.0,0.0,0.0,,
2.244334000000009,-8.325841137005176,7.323728241195828,-83.29884020977094,-0.03944041408681874,0.05861370932685386,0.04241404958381178,0.0,0.0,0.0,,
2.253836000000007,-8.32476766960495,7.3596182194383335,-83.2927977838151,-0.03759699872738825,0.04821333253381543,0.037102404621328314,0.0,0.0,0.0,,
2.263344000000018,-8.321150212831808,7.386673733626328,-83.2788906461801,-0.03730725878887134,0.042760212864405116,0.01079778846821597,0.0,0.0,0.0,,
2.2728580000000136,-8.317552197621715,7.401993730138247,-83.26917461196973,-0.034068735842257634,0.041465893399537164,0.010140061141399377,0.0,0.0,0.0,,
2.282373000000007,-8.316604090236158,7.399274392190983,-83.2721754072317,-0.03425734527547064,0.042954334319815955,0.01033425328373742,0.0,0.0,0.0,,
2.2918710000000146,-8.316737526347344,7.380556022808022,-83.29374658677895,-0.030606823152501756,0.04517961630541377,0.03716975342963048,0.0,0.0,0.0,,
2.3013830000000155,-8.320067631371268,7.35411616938291,-83.33322452369342,-0.031271514340822766,0.0532846160568247,0.04283010578058626,0.0,0.0,0.0,,
2.3109050000000195,-8.325679616644864,7.329801677429004,-83.38468860620866,-0.033526373482527086,0.061671897743728,0.04083191963778924,0.0,0.0,0.0,,
2.3204240000000027,-8.335874454885005,7.313583498035977,-83.43832448487801,-0.03977152002387366,0.06772178486134191,0.01391161510267939,0.0,0.0,0.0,,
2.3299279999999953,-8.346134178328143,7.31261161795664,-83.48395190848423,-0.041947199591098445,0.06966982513746064,0.014488516183321924,0.0,0.0,0.0,,
2.3394440000000145,-8.349171305539347,7.323597682722358,-83.51400783277185,-0.040610318822644584,0.06723014406929365,0.014021640819508624,0.0,0.0,0.0,,
2.3489509999999996,-8.345653447174174,7.3447857183656735,-83.52579482873887,-0.04056027795169121,0.0641866393941435,0.013700818977282554,0.0,0.0,0.0,,
2.3584519999999998,-8.335902839889702,7.368443809832118,-83.52178222838454,-0.03809310038435886,0.05799547039663091,0.012633078005497598,0.0,0.0,0.0,,
2.367961000000008,-8.320984108476313,7.389706266554963,-83.51047938571132,-0.03484740532646589,0.05267962810034575,0.011527663538389452,0.0,0.0,0.0,,
2.3774760000000015,-8.308105607512042,7.400297384607279,-83.50262716038895,-0.03549191440726456,0.04776841149168001,0.01108290259236496,0.0,0.0,0.0,,
2.3869740000000093,-8.297494464239586,7.397491544697452,-83.5064189523973,-0.0345781910570875,0.04672134456682691,0.010810274080575551,0.0,0.0,0.0,,
2.396509000000009,-8.292424034046164,7.3809812784039694,-83.52649370490532,-0.03624730960176741,0.04801976766937686,0.011207717986155694,0.0,0.0,0.0,,
2.4060110000000066,-8.294443441200833,7.35327163901294,-83.56295516816064,-0.038735250057403775,0.051368605023954,0.011959057438907038,0.0,0.0,0.0,,
2.4155269999999973,-8.301234632818934,7.321377103517194,-83.61038653392596,-0.04004522797163058,0.05593066253629969,0.012652678051735672,0.0,0.0,0.0,,
2.425037000000003,-8.310091457623923,7.291111832204252,-83.66022279850105,-0.03655258393774202,0.056692432912378285,0.03912110676603088,0.0,0.0,0.0,,
2.4345480000000066,-8.32112838889358,7.271472726547088,-83.70351085941132,-0.042462684254033586,0.06435357447983937,0.013938560169779969,0.0,0.0,0.0,,
2.4440529999999967,-8.328922385018519,7.261424504450276,-83.73371423984239,-0.04087590091850746,0.06475142415315176,0.013723242579001383,0.0,0.0,0.0,,
2.453564,-8.331365821422175,7.265303535584013,-83.74847893459419,-0.03878800416117208,0.06617937205431688,0.013553631680317655,0.0,0.0,0.0,,
2.4630789999999934,-8.326553418049782,7.277169291619924,-83.7510195169645,-0.03666814867397284,0.06380499525991347,0.012962405863484815,0.0,0.0,0.0,,
2.4820960000000127,-8.300142498335758,7.304445607320844,-83.74404175793707,-0.03378508737543791,0.05759598899582481,0.011827124012209018,0.0,0.0,0.0,,
2.4916080000000136,-8.283165978161259,7.308946205451843,-83.7497223450142,-0.03358478526198138,0.05315523961289403,0.011296986578699666,0.0,0.0,0.0,,
2.5011130000000037,-8.267494249730996,7.298997236014766,-83.76778925832701,-0.03348371213324688,0.047740870842807585,0.010661226452324797,0.0,0.0,0.0,,
2.5106340000000102,-8.256035710288907,7.277386633070768,-83.79759059069134,-0.03645667896851191,0.046779723940601564,0.01100419880397711,0.0,0.0,0.0,,
2.5201470000000086,-8.250025455770523,7.242744383844779,-83.83528336008966,-0.03425324551620899,0.04352557770792624,0.03745886438855413,0.0,0.0,0.0,,
2.529639000000003,-8.250756650932706,7.202229866450675,-83.87484952690919,-0.037508322263726177,0.04552045393040343,0.03857068048119699,0.0,0.0,0.0,,
2.539159000000012,-8.255065679404424,7.163975199439294,-83.9096607131945,-0.038334574627518346,0.051961037297926824,0.03756274204666603,0.0,0.0,0.0,,
2.548678999999993,-8.258700200210722,7.1366704256741915,-83.93648264018029,-0.036250611004683124,0.05901289236652374,0.038422923834195,0.0,0.0,0.0,,
2.558179999999993,-8.259459418472414,7.122841417158018,-83.95314199945138,-0.0381800072559406,0.06764916696027093,0.013420884737255508,0.0,0.0,0.0,,
2.5676950000000147,-8.254640170201839,7.124560139486046,-83.9624585054257,-0.036156754366360025,0.0708022341009704,0.013444139627280671,0.0,0.0,0.0,,
2.5772019999999998,-8.244115567264243,7.13788073093364,-83.96859853944596,-0.033782794710179025,0.0696465314131565,0.012955017512469138,0.0,0.0,0.0,,
2.5867070000000183,-8.232314074031173,7.154887019094924,-83.97719073443068,-0.035304801003215106,0.0637983480893568,0.012572795786246878,0.0,0.0,0.0,,
2.596213000000006,-8.21795708137706,7.163756131189226,-83.99104987068465,-0.03551459704368305,0.054356466482941165,0.011574411310782561,0.0,0.0,0.0,,
2.605737000000005,-8.205236493122156,7.1575577918012625,-84.01128903527258,-0.032225024021331275,0.041742250903925485,0.03878484894015784,0.0,0.0,0.0,,
2.615253999999993,-8.199804468097273,7.135005063541374,-84.0378786430682,-0.035197587645506755,0.036228921415322836,0.036329214223852636,0.0,0.0,0.0,,
2.6247450000000185,-8.201045242421344,7.096293287827942,-84.06796080323042,-0.039971051623426256,0.03698703860750519,0.010313038801720364,0.0,0.0,0.0,,
2.6342730000000074,-8.206360240313792,7.048115939708527,-84.09773171578342,-0.03939754257406534,0.042063724601622075,0.01074005616095063,0.0,0.0,0.0,,
2.643775000000005,-8.21324064768299,7.001645060959736,-84.12520128179769,-0.03500345354861984,0.05009612627853823,0.03818532371317406,0.0,0.0,0.0,,
2.653275000000008,-8.219223613511119,6.9655221352429955,-84.14870821645118,-0.03456413934537017,0.06194403822824157,0.03804512657721859,0.0,0.0,0.0,,
2.6627840000000162,-8.220142997596101,6.950009081090577,-84.16829948220153,-0.03648456571379637,0.07612270972601681,0.01383966580788169,0.0,0.0,0.0,,
2.672314,-8.21522364872663,6.957326077001193,-84.18537746289839,-0.03491582094632726,0.08155577965518641,0.014183045462606018,0.0,0.0,0.0,,
2.681822000000011,-8.206357552797341,6.980410230670111,-84.20182703832654,-0.034475220644815244,0.07828412480951484,0.013796606487894362,0.0,0.0,0.0,,
2.6913389999999993,-8.19212708071454,7.008342899680438,-84.21949080415266,-0.03403333152142067,0.06688167108612428,0.012535729625640759,0.0,0.0,0.0,,
2.7008450000000153,-8.177815042741216,7.028588938885824,-84.23797152501001,-0.0352376514072094,0.05249478528141352,0.011188955357788343,0.0,0.0,0.0,,
2.710343999999992,-8.164039428335853,7.031214045043331,-84.25716712821718,-0.03301452948041744,0.03585762975663913,0.03528956454150737,0.0,0.0,0.0,,
2.7198630000000037,-8.154283217859541,7.0116764968942045,-84.27530657641636,-0.034338692151123736,0.02808729372311813,0.038047506595916825,0.0,0.0,0.0,,
2.729381000000018,-8.148931763389662,6.973580310433052,-84.2928939493423,-0.03532563058374734,0.028064005499292926,0.035096657208541944,0.0,0.0,0.0,,
2.7388779999999997,-8.146768111026583,6.926053205707147,-84.31038619690453,-0.03790599608690141,0.038410869237579505,0.00998967322055362,0.0,0.0,0.0,,
2.748402999999996,-8.148272798983086,6.88001368920497,-84.32928768099902,-0.03896206510859993,0.05202798980872374,0.011561626493030842,0.0,0.0,0.0,,
2.757913000000002,-8.149938866493754,6.84899790404539,-84.3508607266963,-0.038396496679275145,0.06898760023662523,0.013231728911634358,0.0,0.0,0.0,,
2.767415999999997,-8.150757488932967,6.835076848439429,-84.3753313619494,-0.03390507348546755,0.07568996988140485,0.039263240309081335,0.0,0.0,0.0,,
2.7769389999999987,-8.148643206100976,6.84456746153689,-84.40286735503913,-0.036876349665383217,0.08365419128465312,0.014541115161934208,0.0,0.0,0.0,,
2.786436000000009,-8.14518138922648,6.8697259703120155,-84.43143721880396,-0.036124310323403123,0.07819233427860958,0.013887561582629607,0.0,0.0,0.0,,
2.79594400000002,-8.139846368270106,6.902460626050582,-84.4588146995135,-0.03586947286147127,0.06742150331866285,0.012748759438385885,0.0,0.0,0.0,,
2.8054590000000132,-8.133291264234753,6.927329579577319,-84.48114909926146,-0.036279361620468784,0.050618645804623136,0.011043337645564128,0.0,0.0,0.0,,
2.8149720000000116,-8.124959445109432,6.934931070386037,-84.49783020641691,-0.03607829501106935,0.03711219880552062,0.009567017598611517,0.0,0.0,0.0,,
2.824487000000005,-8.114957860857348,6.923553955971939,-84.50814727580143,-0.03479493859148446,0.02966350134263272,0.008556940443579611,0.0,0.0,0.0,,
2.8339940000000183,-8.104727631840605,6.896489335377461,-84.51507195984497,-0.03394046050859347,0.031699844272546324,0.008620564189453433,0.0,0.0,0.0,,
2.8435029999999983,-8.096809042418643,6.85968947482177,-84.5228813943274,-0.03606107071142285,0.03990780957206917,0.009790826037394014,0.0,0.0,0.0,,
2.8530130000000042,-8.088770082241382,6.824897644366483,-84.53452453049046,-0.03567770321766314,0.05494889746826066,0.011287686289352998,0.0,0.0,0.0,,
2.8625179999999943,-8.082543578074379,6.803436790066299,-84.55379778848406,-0.03647652206036051,0.07011536108941907,0.012981770298685476,0.0,0.0,0.0,,
2.8720270000000028,-8.080079337987007,6.803850276781802,-84.58261537249412,-0.03858668095448886,0.08207455219628576,0.014567666468256402,0.0,0.0,0.0,,
2.8815340000000162,-8.081050731736253,6.82270156818275,-84.61755612489262,-0.04002634116433863,0.0825760043373892,0.014876179550906648,0.0,0.0,0.0,,
2.8910570000000178,-8.08262522650883,6.856149927468676,-84.65417357371591,-0.035937615644698266,0.0743788423398966,0.040336828605459764,0.0,0.0,0.0,,
2.9005730000000085,-8.08651147379885,6.8916294637687585,-84.68725654344335,-0.04000306972039434,0.06337328975722299,0.012935055610135292,0.0,0.0,0.0,,
2.910068999999993,-8.089513278701663,6.920503765503254,-84.71230150528399,-0.03745253638508995,0.04708104972405288,0.010827458912704977,0.0,0.0,0.0,,
2.9195780000000013,-8.092095642650836,6.9339646067786935,-84.72686126533543,-0.03550109147973274,0.03439877581684615,0.00917291717204855,0.0,0.0,0.0,,
2.929102999999998,-8.092151792892375,6.930780111723081,-84.73282274302015,-0.03387736059585785,0.030006532667611708,0.008447344526535673,0.0,0.0,0.0,,
2.938607000000019,-8.0904266279518,6.909179775655213,-84.73437560241342,-0.03284423060718006,0.03171565944201241,0.00845856097895687,0.0,0.0,0.0,,
2.948114000000004,-8.088323156507018,6.880718860385376,-84.73850572533013,-0.032931344363350434,0.04292569897166262,0.009653111235558454,0.0,0.0,0.0,,
2.9576330000000155,-8.08536677786388,6.855823699762108,-84.75066039398695,-0.03298216035115327,0.058955300328154964,0.011348977699730005,0.0,0.0,0.0,,
2.967123000000015,-8.084131317502253,6.844608050155601,-84.77479898049745,-0.03532152439462254,0.07401521633766626,0.013301158660690888,0.0,0.0,0.0,,
2.976647000000014,-8.08449544804287,6.848613712107438,-84.80957264576958,-0.03268528965987735,0.07863348934782236,0.04202903430596582,0.0,0.0,0.0,,
2.9861600000000124,-8.086993203313195,6.871303508802277,-84.85157608882584,-0.03463116471868032,0.08103238991689096,0.0399495433424694,0.0,0.0,0.0,,
2.99566200000001,-8.094344439878286,6.906332672339648,-84.893620395577,-0.04094123588855271,0.07531266799547524,0.01440910958433443,0.0,0.0,0.0,,
3.0051850000000115,-8.101467509228756,6.944425326129586,-84.92807444560465,-0.040334605137290425,0.06206410103887314,0.01293862560381728,0.0,0.0,0.0,,
3.014689000000004,-8.107896857509372,6.974867878420198,-84.951643256539,-0.035580197858461685,0.044347751819139455,0.035801902197417385,0.0,0.0,0.0,,
3.0241980000000126,-8.113837705890111,6.991220219033583,-84.96257977853537,-0.03757745616587655,0.036231335047883916,0.009750125397270892,0.0,0.0,0.0,,
3.033715000000001,-8.118450778809441,6.991668633269844,-84.96355871981653,-0.03619674519318352,0.03247365007394532,0.009129129069973261,0.0,0.0,0.0,,
3.043229999999994,-8.121118747654824,6.979147245488802,-84.96171887205774,-0.03358267589633442,0.03637619938831809,0.00914683522081049,0.0,0.0,0.0,,
3.0527270000000044,-8.12378915166035,6.9637637846798714,-84.96474451181756,-0.032935482155215724,0.048889894073297406,0.010402531270114137,0.0,0.0,0.0,,
3.062234000000018,-8.127066260991231,6.949914571000543,-84.97951357106524,-0.03374623167483672,0.06171602876589369,0.01191328209219496,0.0,0.0,0.0,,
3.0717559999999935,-8.132105183295854,6.946618494625926,-85.00804417004551,-0.03448971591104132,0.07437100204587754,0.013406953832617242,0.0,0.0,0.0,,
3.0812640000000044,-8.138353587791334,6.9561079871290525,-85.04800043761887,-0.032728412235137234,0.07701853560705706,0.042198601116328574,0.0,0.0,0.0,,
3.0907740000000103,-8.14772647940779,6.978375986560167,-85.0944719856983,-0.03951414190246625,0.07795999197122615,0.01463809449765604,0.0,0.0,0.0,,
3.100276000000008,-8.158647385949118,7.009424494664228,-85.13889337704937,-0.0397558958499055,0.06938154551800403,0.013786733642253956,0.0,0.0,0.0,,
3.1097910000000013,-8.170113821373127,7.042906357149382,-85.1727619164006,-0.04026655254235191,0.05805227041495977,0.012662899328698572,0.0,0.0,0.0,,
3.1193090000000154,-8.179077781884178,7.068368280250018,-85.1925299120218,-0.03852892319663015,0.04514013653266419,0.010990503563696142,0.0,0.0,0.0,,
3.1288179999999954,-8.18656028863854,7.082706433617707,-85.19829437899038,-0.03725158260447064,0.03723533015975369,0.009927217877639756,0.0,0.0,0.0,,
3.138327000000004,-8.19263884817618,7.0863139139614795,-85.19549163177382,-0.035203362870286685,0.03713580248054007,0.009604903865192907,0.0,0.0,0.0,,
3.147831999999994,-8.195548064397563,7.081628695161201,-85.19219923732172,-0.03224387395255687,0.042871318012150286,0.009784545193802624,0.0,0.0,0.0,,
3.1573429999999973,-8.199062481253256,7.069887096893495,-85.19720568226478,-0.032223261065586165,0.052084854364701866,0.010800534709092674,0.0,0.0,0.0,,
3.166860000000014,-8.204410501550601,7.0620407628781345,-85.21566329236444,-0.03343547672687547,0.06500500976818352,0.012423474882619528,0.0,0.0,0.0,,
3.176366999999999,-8.212114561096707,7.0627357780797775,-85.24963303582757,-0.03420767334518643,0.0734472853812548,0.013492479140206784,0.0,0.0,0.0,,
3.185880999999995,-8.223741493093446,7.073251770547502,-85.29575818263743,-0.03736155611192966,0.07661766047010486,0.014362753901774989,0.0,0.0,0.0,,
3.195393999999993,-8.234103358787973,7.091787420629105,-85.34432605188718,-0.03330395687497094,0.07028625860838113,0.04161536732305106,0.0,0.0,0.0,,
3.2049080000000174,-8.245318079838073,7.115621082354807,-85.38777072526418,-0.0352052468493785,0.06226045111403851,0.04013739123127985,0.0,0.0,0.0,,
3.21440800000002,-8.255551294565796,7.141932535242108,-85.41888003937324,-0.039381034860885164,0.056062052171065926,0.012481639257896833,0.0,0.0,0.0,,
3.2239330000000166,-8.263562590728,7.1624089174385706,-85.43374865131254,-0.0376585719156528,0.04542284809465074,0.011032119126132375,0.0,0.0,0.0,,
3.2334299999999985,-8.267741491702466,7.177595475825823,-85.43534409410036,-0.035858230577957007,0.04193010045530264,0.010369284118891037,0.0,0.0,0.0,,
3.242937000000012,-8.268246890655021,7.182036871151547,-85.42973534872512,-0.034685872392296736,0.04245109288199018,0.010249324185371344,0.0,0.0,0.0,,
3.252449000000013,-8.265142526931152,7.179147179184832,-85.42530566463324,-0.03352591523266621,0.04845054251522174,0.010747319273796371,0.0,0.0,0.0,,
3.261967999999996,-8.264260625424095,7.173274246038404,-85.43175959592824,-0.03405337261871623,0.0579899046541623,0.011909708694794699,0.0,0.0,0.0,,
3.2714809999999943,-8.266106769017568,7.168703000360209,-85.45358009534439,-0.034542186765363345,0.06484247468530903,0.012763556326412517,0.0,0.0,0.0,,
3.2809970000000135,-8.270607243324262,7.168611539281262,-85.49076796583265,-0.03563980110004105,0.07107843479174708,0.01365104887720091,0.0,0.0,0.0,,
3.2905110000000093,-8.278178563621434,7.174709938096892,-85.53892235378524,-0.03283228896348759,0.06992879064852286,0.039470940989155545,0.0,0.0,0.0,,
3.3000080000000196,-8.289222000882553,7.188469984947474,-85.58816976206559,-0.039547043950813265,0.07089172568957555,0.014287739842334444,0.0,0.0,0.0,,
3.3095189999999945,-8.30041231588832,7.205636397143321,-85.63046101920186,-0.03939982032112751,0.06260560118327683,0.01334729487494354,0.0,0.0,0.0,,
3.319031999999993,-8.310852701512976,7.223281262176881,-85.65869637140996,-0.03899513052130225,0.05359935177984093,0.012275916585221437,0.0,0.0,0.0,,
3.328540000000004,-8.31712760691552,7.240417228623316,-85.6705400388543,-0.03729289598330979,0.048605323777912345,0.011454416790267154,0.0,0.0,0.0,,
3.338044999999994,-8.319318696243862,7.251335507383811,-85.66887174868003,-0.035843140879100586,0.04587652882509466,0.010922823004807224,0.0,0.0,0.0,,
3.347566999999998,-8.31590604350416,7.255637207162031,-85.66217004653586,-0.0329050294036146,0.047777142965133634,0.010684357434431963,0.0,0.0,0.0,,
3.3570740000000114,-8.31013174607915,7.253265439399226,-85.65856401120573,-0.03230324354810609,0.051277169990886176,0.010989985141890465,0.0,0.0,0.0,,
3.3665890000000047,-8.304923070441049,7.247649248923089,-85.66627357768363,-0.03264369590063029,0.057910289017618466,0.011803141512784849,0.0,0.0,0.0,,
3.3761010000000056,-8.300237124475112,7.243230305821661,-85.68980001463039,-0.03256461070635244,0.06578474878581775,0.01269676970631432,0.0,0.0,0.0,,
3.3856059999999957,-8.298737617168618,7.241937978598024,-85.72757023321346,-0.030737278987490388,0.0676929952484567,0.04169701830024019,0.0,0.0,0.0,,
3.39512000000002,-8.301627678695926,7.239999135602447,-85.77373748352389,-0.0337566570267763,0.06395199565602239,0.048453776912511785,0.0,0.0,0.0,,
3.4046240000000125,-8.305752899457902,7.244515489605558,-85.82035849627289,-0.03453116752342825,0.06317942613283521,0.04006724063500932,0.0,0.0,0.0,,
3.4141360000000134,-8.311673036346042,7.2545606306144,-85.85854902960622,-0.038807975707698575,0.060478988027421646,0.013092592411295791,0.0,0.0,0.0,,
3.423652000000004,-8.315267176508984,7.26688187583136,-85.88229821258356,-0.03733130345732092,0.05457929759509109,0.01219230853734749,0.0,0.0,0.0,,
3.433166,-8.313678753993367,7.278698448452509,-85.89092331713968,-0.036357465163137474,0.050821418125762324,0.011613005784353642,0.0,0.0,0.0,,
3.4426630000000102,-8.306482772008822,7.284995914857329,-85.88854167596098,-0.034465129196712935,0.049667196159515196,0.011184507097238979,0.0,0.0,0.0,,
3.4521740000000136,-8.295529391685806,7.2842649814785165,-85.88302883763119,-0.03290345485688244,0.04884735380342534,0.01083823928290266,0.0,0.0,0.0,,
3.4616829999999936,-8.283909862206748,7.279323218708596,-85.88223587620838,-0.03216402335208113,0.05264558579375884,0.011156392344544972,0.0,0.0,0.0,,
3.471199000000013,-8.274500951309877,7.271694865549177,-85.89386253275086,-0.032666670177187905,0.057598987452047744,0.011801549543773908,0.0,0.0,0.0,,
3.490224000000012,-8.267859221517186,7.253119723264256,-85.95788132507663,-0.03384058980170957,0.06359883514475939,0.03844199107393507,0.0,0.0,0.0,,
3.499729000000002,-8.270113504345266,7.246547221863946,-86.002108681775,-0.037849987587069936,0.06662139085619284,0.013637953137999405,0.0,0.0,0.0,,
3.5092420000000004,-8.277100751177272,7.24380601504947,-86.04484399107344,-0.03968229515549986,0.06410274547089502,0.013633364925121561,0.0,0.0,0.0,,
3.5187449999999956,-8.284229296370789,7.2437815532384935,-86.07837578729293,-0.0387445466608207,0.059831509569276645,0.012996730289804305,0.0,0.0,0.0,,
3.5282610000000147,-8.2894733997633,7.2467800789833,-86.09992015815642,-0.03740459549107252,0.05602079548239835,0.012351816670654773,0.0,0.0,0.0,,
3.5377689999999973,-8.289873748645855,7.249797908611868,-86.10890562468344,-0.03470119623636393,0.05207753801675852,0.011475231553167781,0.0,0.0,0.0,,
3.5472819999999956,-8.284368273109926,7.251380965309513,-86.10928339622143,-0.03262764964769605,0.05222991012961347,0.011169994321883083,0.0,0.0,0.0,,
3.5567920000000015,-8.277056550534175,7.2470234009741485,-86.10810478772746,-0.028628633210377563,0.04938204557558104,0.036244107291206556,0.0,0.0,0.0,,
3.5663000000000125,-8.267266495287732,7.239745273977429,-86.11254325816182,-0.031470525133378294,0.055936228567754535,0.011403887872975449,0.0,0.0,0.0,,
3.5758220000000165,-8.257039290334806,7.227877792561867,-86.12799084102474,-0.031080853016692885,0.05861370716518932,0.011639991850590151,0.0,0.0,0.0,,
3.5853290000000015,-8.249091690129333,7.214808669992521,-86.15519266863969,-0.032323954832353556,0.06117732822413401,0.012115036875319526,0.0,0.0,0.0,,
3.59483800000001,-8.243745524532642,7.202326624882321,-86.19186703941904,-0.03498554822284249,0.06410190981331393,0.012852422537566995,0.0,0.0,0.0,,
3.6043520000000058,-8.241918566633034,7.191622851154903,-86.23271585497321,-0.0380607947138429,0.06332280091538366,0.01322575135586256,0.0,0.0,0.0,,
3.613855000000001,-8.242665753700413,7.1837871804229945,-86.27044826404448,-0.040068762780933014,0.06161354157265387,0.013330773840650236,0.0,0.0,0.0,,
3.623361000000017,-8.245547284007188,7.180154194892518,-86.29934277701716,-0.04044813015008042,0.05753405946831953,0.012914884893415168,0.0,0.0,0.0,,
3.6328840000000184,-8.247837506961954,7.1780681792230965,-86.31737091131077,-0.039709253627876064,0.0544852383668672,0.012447183440281954,0.0,0.0,0.0,,
3.642392000000001,-8.253268273116873,7.177307768527133,-86.32572408329419,-0.037404772079643024,0.050321519609255405,0.011611431028159576,0.0,0.0,0.0,,
3.6519069999999942,-8.2555685444665,7.169970421122949,-86.32856005361033,-0.035769859187717794,0.048156908610417194,0.011102848639870629,0.0,0.0,0.0,,
3.6614120000000128,-8.249051775339144,7.155945727144253,-86.33230482881247,-0.024043970324993967,0.04558959640069084,0.07275927151817226,0.0,0.0,0.0,,
3.6709240000000136,-8.248194519229145,7.137019894534633,-86.34330613168748,-0.026296752686205935,0.05224798647798859,0.06263249455404514,0.0,0.0,0.0,,
3.6804380000000094,-8.242982155644283,7.111135339293891,-86.36304909128893,-0.02865695913977422,0.059255802212906356,0.011230764741909293,0.0,0.0,0.0,,
3.689949000000013,-8.24205693167239,7.094058283506128,-86.39437758662064,-0.004077896398468633,0.06471496940835283,0.008069834147595016,0.0,0.0,0.0,,
3.6994590000000187,-8.241934892490258,7.087852697633241,-86.43384003985659,-0.031990711850775594,0.07108174050748584,0.01308381618319143,0.0,0.0,0.0,,
3.7089650000000063,-8.226651887919113,7.081882132335954,-86.47301183652932,-0.02584490186784684,0.06934206720117232,0.05286772167367452,0.0,0.0,0.0,,
3.718477000000007,-8.216660360700825,7.0754993864127425,-86.50709617065638,-0.030343228760656,0.062017600149963624,0.051173950248585426,0.0,0.0,0.0,,
3.7279809999999998,-8.206397141781876,7.088818576633281,-86.53208007716432,-0.03919787502806261,0.062289984304091287,0.013165462815482165,0.0,0.0,0.0,,
3.7375040000000013,-8.188796955604078,7.107415881872593,-86.54480311734373,-0.03547802548348587,0.05595173107586843,0.011876986652032335,0.0,0.0,0.0,,
3.7470100000000173,-8.18591683132713,7.105626622645424,-86.54763484679233,-0.04041577421686143,0.04078611166188466,0.010870587001676254,0.0,0.0,0.0,,
3.756500000000017,-8.17777052229684,7.100499366487736,-86.54547094404614,-0.03703200473893293,0.03694098647723621,0.04205652831296585,0.0,0.0,0.0,,
3.766020999999995,-8.166172751750148,7.0856906118251315,-86.5439214989997,-0.03191331285073669,0.04138170358858681,0.03674284688577269,0.0,0.0,0.0,,
3.7755380000000116,-8.169876035761826,7.048202069779608,-86.55148881917516,-0.03256043829754063,0.04089238239599335,0.0538225926382933,0.0,0.0,0.0,,
3.785063000000008,-8.172692828266975,7.02018553471929,-86.57225101423488,-0.03478283034841922,0.056815224048157836,0.011772474664135455,0.0,0.0,0.0,,
3.7945720000000165,-8.180002133019654,7.000534099734321,-86.60626766427622,-0.02957569348857121,0.06971905431397174,0.012439143472791125,0.0,0.0,0.0,,
3.804072000000019,-8.193752623470209,6.980666345575599,-86.6498641125537,-0.03379421368394331,0.07243396744712975,0.013375587867969963,0.0,0.0,0.0,,
3.8135699999999986,-8.193836159532445,6.98107461378412,-86.6959884238293,-0.030585430770263242,0.07657669009231478,0.013366366609351185,0.0,0.0,0.0,,
3.823094999999995,-8.194955749711372,6.996089775384784,-86.73825113252833,-0.029955252591070413,0.0720152406814582,0.04076957911759608,0.0,0.0,0.0,,
3.832601000000011,-8.194643709864799,7.01327143096828,-86.76923953157505,-0.036836908542534644,0.06489928569057257,0.013032169479132091,0.0,0.0,0.0,,
3.8421069999999986,-8.18164709594791,7.029791559022548,-86.78494310002593,-0.03340496978430749,0.05176338936664778,0.011015059087147625,0.0,0.0,0.0,,
3.851628000000005,-8.17552290061312,7.040249046955484,-86.78824230038812,-0.032485606363716196,0.038793744779091616,0.039167490561778366,0.0,0.0,0.0,,
3.861126000000013,-8.168082462509771,7.040188729181048,-86.78327252663193,-0.036455682789686854,0.03727549066411806,0.009810332502886335,0.0,0.0,0.0,,
3.8706470000000195,-8.155597327014437,7.017773237323197,-86.77676861065748,-0.03149229167794025,0.03560170668106117,0.008844622219378808,0.0,0.0,0.0,,
3.8801640000000077,-8.151317057534408,6.98878963666006,-86.77889584345678,-0.028475131437401206,0.04143777657151014,0.04906700210495352,0.0,0.0,0.0,,
3.889668999999998,-8.145343346567508,6.96098919893571,-86.79446164144532,-0.029731230434067595,0.056537676417601525,0.039948856593462395,0.0,0.0,0.0,,
3.899185000000017,-8.142569782033517,6.932093907032741,-86.82354022407044,-0.031853706735786844,0.06962842156501987,0.012695149978876944,0.0,0.0,0.0,,
3.908697000000018,-8.150556687258428,6.922220366372469,-86.866795578467,-0.03441223085515218,0.07570657381439903,0.013766252228785867,0.0,0.0,0.0,,
3.918210000000016,-8.152918364988572,6.9358037954233,-86.91564827659187,-0.03424687030818889,0.08351757526612778,0.014655935095425376,0.0,0.0,0.0,,
3.9277199999999937,-8.157893878789059,6.952015034741731,-86.96104149699484,-0.0320715384532478,0.07297896234286004,0.0513896888104411,0.0,0.0,0.0,,
3.937217000000004,-8.16427641188511,6.973073599132674,-86.99582361484897,-0.03920160255544975,0.06386603460196148,0.013226279422096292,0.0,0.0,0.0,,
3.9467319999999972,-8.164256095709,7.001127572708631,-87.01597610066362,-0.03648927612016227,0.053868006846864616,0.01170133071839858,0.0,0.0,0.0,,
3.956242000000003,-8.168180463366346,7.017364248310874,-87.02198545558686,-0.032009686754424484,0.03954673112258797,0.03562396350095618,0.0,0.0,0.0,,
3.96575900000002,-8.166529943313686,7.016846567096602,-87.01763654717786,-0.03279331745385788,0.03467716420164928,0.008946652317906405,0.0,0.0,0.0,,
3.984770999999995,-8.152626872650679,6.980905792729348,-87.01109786430727,-0.028703207473054305,0.04456617033493931,0.009434458832387584,0.0,0.0,0.0,,
3.9942939999999965,-8.145167916250323,6.955350436726326,-87.0241555072438,-0.029705057680086668,0.057085145099957595,0.010992749679564184,0.0,0.0,0.0,,
4.003799000000015,-8.138756419738641,6.936876355976727,-87.05216405696487,-0.03160022421344504,0.06894170991131143,0.012610220712576531,0.0,0.0,0.0,,
4.013303000000008,-8.139713841973652,6.930634391376557,-87.09336285871018,-0.03557095231943258,0.07705282431310781,0.014128976772176529,0.0,0.0,0.0,,
4.022822000000019,-8.141397342073734,6.93719395582475,-87.14041254506826,-0.03362018064229079,0.07638139944519992,0.04597095955492688,0.0,0.0,0.0,,
4.032329000000004,-8.15053208786463,6.95734750450738,-87.1856253502663,-0.04024998045128507,0.07510901042119808,0.014663885942476463,0.0,0.0,0.0,,
4.041831999999999,-8.16289560934438,6.986447126922727,-87.22093650015364,-0.04122986139681615,0.06557701375400227,0.013763431235939164,0.0,0.0,0.0,,
4.0513500000000136,-8.170754103660308,7.014956937734356,-87.24181536097274,-0.03391385376694566,0.052467756728141725,0.03716970152127617,0.0,0.0,0.0,,
4.060858999999994,-8.17922845115443,7.034633967927905,-87.24938176001572,-0.0323469904287372,0.041872075319187366,0.03703285954512182,0.0,0.0,0.0,,
4.070374000000015,-8.181164528092546,7.04428163858491,-87.24744649252874,-0.03148741073211783,0.04071591884965345,0.00948504058622922,0.0,0.0,0.0,,
4.089387000000016,-8.176926471267269,7.028768698089552,-87.2468904391864,-0.027990797539080063,0.04703919998171267,0.009679427537372902,0.0,0.0,0.0,,
4.108408999999995,-8.164770435887707,6.99693248318086,-87.29032525076995,-0.0286008678167878,0.06674282061891483,0.012021713619953306,0.0,0.0,0.0,,
4.117914000000013,-8.16233976201896,6.990155610546428,-87.3304254188317,-0.031992352642543624,0.07224151699795964,0.013162460176729153,0.0,0.0,0.0,,
4.1274250000000166,-8.160173255735028,6.996545889813001,-87.37445653157933,-0.03147272447040136,0.07241154320455069,0.039282721477276114,0.0,0.0,0.0,,
4.136944,-8.158364090251936,7.016383521959251,-87.41478800004917,-0.032830821229881194,0.07083531246308887,0.04284888916797955,0.0,0.0,0.0,,
4.146449000000018,-8.160846156151647,7.040381345200216,-87.444675870003,-0.036411345123401884,0.06236519979493729,0.04298717507745376,0.0,0.0,0.0,,
4.155956000000003,-8.163970132752596,7.070346898968633,-87.46185653272977,-0.04082597590248982,0.057257807269615296,0.012848469253978163,0.0,0.0,0.0,,
4.16547700000001,-8.168486892669142,7.095585197474183,-87.46660435232361,-0.03868089362802355,0.04870631315235456,0.011548038295921622,0.0,0.0,0.0,,
4.174988000000013,-8.173154533457923,7.112295325530613,-87.46509463912828,-0.03649475767828237,0.044668848536526876,0.010760528596556074,0.0,0.0,0.0,,
4.184499000000017,-8.173853810088348,7.115233571113549,-87.4637627587099,-0.03188032110898825,0.04441850257090093,0.010040950835089909,0.0,0.0,0.0,,
4.194001000000014,-8.177173782584592,7.1080579987059975,-87.47083308515194,-0.030085213509604,0.04902391685229715,0.010311931524329498,0.0,0.0,0.0,,
4.203523000000018,-8.181573257627743,7.095046984896784,-87.49078830975701,-0.02929980093890772,0.055371633488323184,0.010934855724946532,0.0,0.0,0.0,,
4.213035000000019,-8.187004380707924,7.08354235070005,-87.52392456299059,-0.029515308881816457,0.06333505084874438,0.011899792926210826,0.0,0.0,0.0,,
4.232060000000018,-8.200852313539277,7.080573061626641,-87.61186576252184,-0.030517801960983543,0.06930994957679425,0.03947292875086446,0.0,0.0,0.0,,
4.241558999999995,-8.205611671847093,7.093591727739328,-87.65161608764828,-0.036142164518208134,0.07107151416012729,0.01384560208171456,0.0,0.0,0.0,,
4.251078000000007,-8.210392210475684,7.117405328406201,-87.67962121860127,-0.03678494915821147,0.0657836574000797,0.013350466005036008,0.0,0.0,0.0,,
4.26058500000002,-8.212872129994826,7.145942130530969,-87.693908020383,-0.03718512834221828,0.05896614744081291,0.012633728481071443,0.0,0.0,0.0,,
4.270084999999995,-8.212331671793784,7.16925596994066,-87.69628321126186,-0.03544405392599724,0.05138878660685155,0.01148891150581432,0.0,0.0,0.0,,
4.279606000000001,-8.210613533691575,7.185750962284069,-87.69253301044608,-0.03465912127556702,0.048963328440038416,0.011093873699492995,0.0,0.0,0.0,,
4.28912200000002,-8.209323443610005,7.190972086036333,-87.6919327744178,-0.032170800428052426,0.04659306478939058,0.010438683247985985,0.0,0.0,0.0,,
4.298628000000008,-8.212324336786034,7.18717872746137,-87.70096995466461,-0.03200869504886492,0.05006726178060718,0.010830650960556548,0.0,0.0,0.0,,
4.3081320000000005,-8.219947686746538,7.175516981193559,-87.7238395337862,-0.03325170705487702,0.05481596676793839,0.011582468398100072,0.0,0.0,0.0,,
4.317642000000006,-8.22850460588233,7.1631872193953745,-87.76017945222556,-0.02877733419886311,0.059753642838919374,0.038208724832294774,0.0,0.0,0.0,,
4.327158999999995,-8.240943294845184,7.152980087643826,-87.80556892811589,-0.03304657754647294,0.06738375325556385,0.013052545355793017,0.0,0.0,0.0,,
4.336659999999995,-8.252798846327586,7.1502541206756876,-87.85253915398398,-0.03306793211530914,0.06842302358174551,0.013188580410393093,0.0,0.0,0.0,,
4.3461750000000166,-8.262449636502783,7.156436569436905,-87.89269853920312,-0.033603768397831024,0.06903291548873182,0.013360095025855966,0.0,0.0,0.0,,
4.355688000000015,-8.270418049928047,7.1706848547574165,-87.9213303652837,-0.032214764123076965,0.06276046567820824,0.0382651627598826,0.0,0.0,0.0,,
4.365210000000019,-8.271653026765243,7.189636210560264,-87.93611212304955,-0.03386362521657444,0.06167470109890353,0.012562177004710089,0.0,0.0,0.0,,
4.374718999999999,-8.270534900223328,7.209521145937821,-87.93911044827811,-0.03391407549701832,0.055752286605906066,0.0118743112267754,0.0,0.0,0.0,,
4.384231,-8.265170193218516,7.226304428181467,-87.93577478635518,-0.0319782496053998,0.05289772294597145,0.011249337076571728,0.0,0.0,0.0,,
4.3937310000000025,-8.258391556287407,7.234935047743056,-87.93487398359011,-0.03180697622242256,0.051545045562401595,0.011063661259645252,0.0,0.0,0.0,,
4.4032390000000134,-8.25400946411404,7.232333657994598,-87.9424078056674,-0.0316517976310229,0.052087578768906316,0.01110193602734377,0.0,0.0,0.0,,
4.412758999999994,-8.253992760019134,7.224654698252236,-87.96297753035539,-0.03272084012075187,0.05556714596654798,0.011679814664207687,0.0,0.0,0.0,,
4.422264000000013,-8.260003244756588,7.211755348370101,-87.99656308306051,-0.03367292604347512,0.05915121861466312,0.012250970245539122,0.0,0.0,0.0,,
4.4317609999999945,-8.270286429446864,7.199255210294249,-88.03920353941906,-0.03479581841945467,0.06320992710162125,0.012908220020391256,0.0,0.0,0.0,,
4.441290000000009,-8.282776788681511,7.190444547372048,-88.08361929448529,-0.03604025679519995,0.06501917216925268,0.013316512159548786,0.0,0.0,0.0,,
4.450801000000013,-8.294481484514609,7.186974640298855,-88.12267595560445,-0.03240350536352336,0.062212431289860586,0.03912355109846868,0.0,0.0,0.0,,
4.460314000000011,-8.304827708355022,7.1909288975784165,-88.15132060220547,-0.035323249091884695,0.06435692403881912,0.013148222441847041,0.0,0.0,0.0,,
4.4698040000000105,-8.310600873521226,7.2039277568906055,-88.1683759373004,-0.03347573868873553,0.06302076644241736,0.01272665736855038,0.0,0.0,0.0,,
4.47933500000002,-8.312955887460182,7.219321837760346,-88.17473317749997,-0.03259354599748995,0.059407521001777326,0.01217229714505986,0.0,0.0,0.0,,
4.488839000000013,-8.310066018824706,7.230359248732174,-88.17684697043117,-0.03131649296963284,0.05564597721777111,0.011530381491741275,0.0,0.0,0.0,,
4.498352000000011,-8.303062384368554,7.2379331177510515,-88.1797975272286,-0.030450879106736092,0.05507494070006048,0.011333991373452812,0.0,0.0,0.0,,
4.507843000000008,-8.294178218221514,7.236834246028441,-88.18901940024608,-0.029341569732741848,0.053700646943469856,0.0109936224094154,0.0,0.0,0.0,,
4.5173599999999965,-8.286802218949026,7.228820129288449,-88.20817836844743,-0.030913268882839812,0.05425600906701697,0.011288366181480769,0.0,0.0,0.0,,
4.526886000000019,-8.282528267399925,7.216102337842804,-88.23733022061427,-0.032972742380179304,0.057056273036691564,0.011927616223680076,0.0,0.0,0.0,,
4.536394000000001,-8.281841261548369,7.201452496412041,-88.27290782680106,-0.031390212017440876,0.05632677445060085,0.037780192770188264,0.0,0.0,0.0,,
4.5459140000000104,-8.28502368074846,7.187449205541974,-88.30975398977505,-0.036610744952230594,0.06178105422354332,0.013027385510996447,0.0,0.0,0.0,,
4.555412000000018,-8.288953842947523,7.179676234765765,-88.34239531847571,-0.03606961120357881,0.06341477852965051,0.013141227605210878,0.0,0.0,0.0,,
4.5649250000000166,-8.294659096558822,7.17844923525118,-88.36783343115818,-0.03619259710642217,0.06368697409685371,0.013197242974307447,0.0,0.0,0.0,,
4.583947999999992,-8.295949051397173,7.192382570323289,-88.39497454134585,-0.03269978606508176,0.06144083022246369,0.012417053723412215,0.0,0.0,0.0,,
4.593456000000003,-8.290890106786142,7.203479733226794,-88.40217391204892,-0.030115938641757278,0.0611287258399843,0.012000643674415487,0.0,0.0,0.0,,
4.602968000000004,-8.283007441920917,7.211739346292606,-88.41132757342608,-0.02994396665527562,0.05905946387094636,0.011727498882252581,0.0,0.0,0.0,,
4.612476000000015,-8.2744804907822,7.214080813367381,-88.42542278300787,-0.030510086647222035,0.05730407847191555,0.011596833830170013,0.0,0.0,0.0,,
4.621995999999996,-8.26628598196468,7.209917987871027,-88.4470022967265,-0.0308239410559289,0.05567731825865893,0.011437831912359833,0.0,0.0,0.0,,
4.631500000000017,-8.259804137808734,7.198886402951114,-88.47465257007634,-0.03233735166556308,0.055088617153795816,0.011579881233738177,0.0,0.0,0.0,,
4.641014000000013,-8.25667316924333,7.185597250785704,-88.50610948598975,-0.03382891312863368,0.05599728130976317,0.011901228466788849,0.0,0.0,0.0,,
4.650521999999995,-8.25568613461317,7.1708554544901935,-88.53615129827061,-0.03576093023199773,0.05667053414308003,0.012258676464628557,0.0,0.0,0.0,,
4.660040000000009,-8.255253829594558,7.158704845218413,-88.56217281766116,-0.035792725947488,0.05883417457241693,0.012516211804478192,0.0,0.0,0.0,,
4.669540000000012,-8.256981202218531,7.151333528985617,-88.58250615973972,-0.03627381732977546,0.060891865834700645,0.012833444201159637,0.0,0.0,0.0,,
4.679056000000003,-8.256776130376746,7.149788582435099,-88.5970214660526,-0.03437915425976805,0.06294625911093102,0.012800226071677856,0.0,0.0,0.0,,
4.6885580000000004,-8.254855169975807,7.153261985219098,-88.60779535786784,-0.032245633940371644,0.06370913610682884,0.012578666442215947,0.0,0.0,0.0,,
4.698070000000001,-8.251356807729223,7.160881675008473,-88.61893993959623,-0.03135014188783164,0.06458929843031994,0.012560496390507192,0.0,0.0,0.0,,
4.707578000000012,-8.246098826333878,7.167471811190869,-88.63350669656496,-0.03016983752577325,0.06259354852047062,0.012147013013722435,0.0,0.0,0.0,,
4.717095999999998,-8.242098430570897,7.171401234796994,-88.65401991635146,-0.030181038974985582,0.06108125529523078,0.011968041582379645,0.0,0.0,0.0,,
4.726609999999994,-8.238896565374922,7.16955647076265,-88.67983674853025,-0.030590397873511383,0.056748527601978065,0.011497394726590221,0.0,0.0,0.0,,
4.736110999999994,-8.235815777141815,7.163830643985457,-88.70930738175717,-0.030592328507416097,0.055893782025952375,0.011387997806464083,0.0,0.0,0.0,,
4.745626000000016,-8.232794530896719,7.154322065863756,-88.73915252782369,-0.03181137562395317,0.05554079369911037,0.011517083433940537,0.0,0.0,0.0,,
4.755143000000004,-8.230766754158463,7.138921155092578,-88.76666545139636,-0.03395059460468282,0.053800473091542775,0.011607657038722817,0.0,0.0,0.0,,
4.764639000000017,-8.227859141073981,7.124692543428928,-88.78854679447551,-0.03402651567231458,0.05623780110882432,0.011901850431776486,0.0,0.0,0.0,,
4.774163000000016,-8.22557170024873,7.113733823858476,-88.80436020426465,-0.03385973466693673,0.058866579422957074,0.012185768185466846,0.0,0.0,0.0,,
4.7836750000000166,-8.222698909605374,7.107535636327778,-88.81686539163246,-0.032749431330692316,0.061931616131462704,0.012386852047617292,0.0,0.0,0.0,,
4.793082999999996,-8.21934630274958,7.105972329929824,-88.82829566721021,-0.031863523730402174,0.0636949462896687,0.012467580818102396,0.0,0.0,0.0,,
4.802690000000013,-8.21470308332996,7.109491129470405,-88.8413284175351,-0.03125773363362977,0.06632859947776282,0.01270136684883866,0.0,0.0,0.0,,
4.812197999999995,-8.211462573588904,7.114012160612834,-88.85885124453988,-0.03150490438146892,0.06479599509432363,0.012556621882536026,0.0,0.0,0.0,,
4.821719000000002,-8.209538028244857,7.118300061923494,-88.8821458848559,-0.031956161632794786,0.06277838824926968,0.01238342895173335,0.0,0.0,0.0,,
4.8312150000000145,-8.208639937614416,7.120762187626446,-88.90978013542497,-0.032614596900194255,0.06006088114659711,0.01215368007936188,0.0,0.0,0.0,,
4.840734999999995,-8.207166441781746,7.117512823724751,-88.93911679809143,-0.03132138232984986,0.05581983637855975,0.011442833937742891,0.0,0.0,0.0,,
4.850240000000014,-8.206807910044878,7.1099252500721555,-88.9684846981148,-0.032690565973662856,0.05276864094826756,0.011266748326229687,0.0,0.0,0.0,,
4.859747999999996,-8.207077129441156,7.099543809959656,-88.9934460241066,-0.03314151887726196,0.0527043954669438,0.011317318917206477,0.0,0.0,0.0,,
4.869268000000005,-8.206681013592338,7.086585089044826,-89.01375120526585,-0.032168096197775185,0.05321723870052891,0.011224978461257697,0.0,0.0,0.0,,
4.878768000000008,-8.2052713354056,7.075851786504178,-89.02915320161443,-0.032717928681327224,0.056784548329294464,0.011729908079162214,0.0,0.0,0.0,,
4.888294999999999,-8.204179025319258,7.067578574373636,-89.0416189705995,-0.032539422153597605,0.06033299803581197,0.012126712092511926,0.0,0.0,0.0,,
4.897784999999999,-8.202611948572933,7.064247052747277,-89.05476211866214,-0.032382738990261964,0.06476398988800676,0.012638663879908672,0.0,0.0,0.0,,
4.907297,-8.200190286664611,7.065151171069568,-89.07012597421635,-0.0317177683537953,0.06695928688206333,0.012808848652501221,0.0,0.0,0.0,,
4.916811999999993,-8.197074192078292,7.070024032050941,-89.08997845910443,-0.0310312196699644,0.06739235180638152,0.012766795372539089,0.0,0.0,0.0,,
4.92632500000002,-8.19404520374434,7.0762440593642095,-89.11498031295696,-0.03054461247058703,0.0656172236574176,0.012487497225424658,0.0,0.0,0.0,,
4.935832000000005,-8.1931191380632,7.081030791675894,-89.14278955914398,-0.03190479929761499,0.06065858996297137,0.012090246967606568,0.0,0.0,0.0,,
4.945355000000006,-8.193355004181367,7.083207848327166,-89.17150762353504,-0.03254926415414679,0.05746600077293011,0.011799957391593357,0.0,0.0,0.0,,
4.954853000000014,-8.194177782581606,7.081859938370687,-89.19814635022784,-0.032464377119092495,0.05435747364023395,0.01140880177578192,0.0,0.0,0.0,,
4.964361999999994,-8.19600441397723,7.0747900591279205,-89.2203674724423,-0.03310304239456941,0.05205002061810058,0.011216431203830568,0.0,0.0,0.0,,
4.973877000000016,-8.197648367106515,7.065190109465216,-89.23805984302226,-0.03281680227231523,0.05223547231745418,0.01119007672952704,0.0,0.0,0.0,,
4.983390000000014,-8.198273130732389,7.053674344375741,-89.25299728963661,-0.032581794986225675,0.05487335866429895,0.011467417770819298,0.0,0.0,0.0,,
4.992901000000018,-8.197255740047247,7.0432618231494155,-89.26669557234852,-0.031176884241012195,0.05825379537680592,0.01166272399774009,0.0,0.0,0.0,,
5.002415000000013,-8.195015502122732,7.036272870549434,-89.28211733675049,-0.0300431994611176,0.06253571416781006,0.012009884326006881,0.0,0.0,0.0,,
5.011927000000014,-8.19167933314316,7.035310313312271,-89.3010245625236,-0.02940815811084746,0.06694109610270166,0.012451643441227707,0.0,0.0,0.0,,
5.021433000000002,-8.188125103306376,7.038893459903288,-89.323914993149,-0.02944804716974199,0.06737314808342833,0.012515055861031923,0.0,0.0,0.0,,
5.030957000000001,-8.18617124588339,7.043997594105818,-89.3496038281666,-0.03136398649224651,0.06554556988512127,0.012580616535667418,0.0,0.0,0.0,,
5.040460999999993,-8.184786010997554,7.051513433679649,-89.37686366126923,-0.03278490772740849,0.06345053845466926,0.012543441376142814,0.0,0.0,0.0,,
5.049956000000009,-8.183659097460708,7.05676907418062,-89.40313543355025,-0.033218234833998744,0.05948575992607266,0.012129761824614026,0.0,0.0,0.0,,
5.059465000000017,-8.182373494207276,7.06031761057023,-89.42630205385177,-0.033182594710957615,0.056046955606455874,0.011708574617510568,0.0,0.0,0.0,,
5.0689800000000105,-8.183420949117359,7.059936827692261,-89.44549314448462,-0.03456658991610033,0.05311983066411624,0.011553991563241292,0.0,0.0,0.0,,
5.078491000000014,-8.183703253218182,7.057108873483975,-89.46150327323035,-0.03382213722116056,0.053198407902534765,0.011453321638146469,0.0,0.0,0.0,,
5.088002000000017,-8.186002924638824,7.051016111418678,-89.47611977536603,-0.03329440645270713,0.05429545477516325,0.011506927618706326,0.0,0.0,0.0,,
5.097526000000016,-8.186839581014882,7.044722488956298,-89.49140359215056,-0.03135451012117412,0.056886893377559304,0.011535862979813745,0.0,0.0,0.0,,
5.107021000000003,-8.187827894454296,7.039402786259274,-89.50941640494084,-0.03038833272883869,0.06113158800116155,0.011910144887287838,0.0,0.0,0.0,,
5.116552000000013,-8.189258182717479,7.03796769406315,-89.53085135187489,-0.02988171464432398,0.06408678857173294,0.012198636236509781,0.0,0.0,0.0,,
5.126055000000008,-8.190733848001802,7.03881611409107,-89.55575444378474,-0.029598646766832326,0.06554457304009832,0.012339895387814236,0.0,0.0,0.0,,
5.135563000000019,-8.197244430871914,7.0473756880886125,-89.58394548312333,-0.02968429597069366,0.06346917097075733,0.012114408488866918,0.0,0.0,0.0,,
5.145066000000014,-8.192700853041874,7.049280144294845,-89.61097705612464,-0.018623089909909542,0.053790023947490335,0.07095324558547969,0.0,0.0,0.0,,
5.154592000000008,-8.220219276320325,7.074649499358022,-89.63843566893016,-0.03697211321476425,0.06405497499001056,0.013301595681572562,0.0,0.0,0.0,,
5.164096000000001,-8.202847028280623,7.077743864822718,-89.6577029775737,-0.033379612336608376,0.06337312138838506,0.01268679578287732,0.0,0.0,0.0,,
5.173608999999999,-8.178017305906723,7.066963522230118,-89.67531627970767,-0.04172993566515229,0.05974485450685164,0.01342964875466922,0.0,0.0,0.0,,
5.1831140000000175,-8.123916677870177,7.068043655725171,-89.69536769778233,-0.05382318819700265,0.07448299290397999,0.016955373564685548,0.0,0.0,0.0,,
5.1926249999999925,-8.014647640679634,7.043322243684905,-89.71850772616688,-0.05056790289710088,0.07163083125701891,0.016004894279068635,0.0,0.0,0.0,,
5.202134000000001,-7.89335711222988,7.004073929162609,-89.75310785569079,-0.0654058280601226,0.07325571498708892,0.01812658078602736,0.0,0.0,0.0,,
5.211645000000004,-7.741649411769354,6.9619274226572205,-89.79670762595357,-0.061199219640944984,0.08093012182668852,0.01825102108413511,-0.025161433740173048,-0.04272904143752241,-0.012440960077588952,,
5.22115100000002,-7.6134643612898705,6.882383620841495,-89.84418531592974,-0.06039656477382005,0.07660252966439032,0.06003147761435469,-0.03187571536963775,-0.03815330037326854,-0.012609696689840076,,
5.230660999999998,-7.508849930874702,6.772008894281695,-89.88915541071657,-0.06620501559128135,0.07145500232502702,0.017269687728136814,-0.03718107106738981,-0.03479808344392269,-0.011494275093300336,,
5.240171000000004,-7.395941515154098,6.664782997580494,-89.91961519775923,-0.050420063584866934,0.0738857247668169,0.015217564742609262,0.0,0.0,0.0,,
5.249691000000013,-7.309320678827585,6.549788775338821,-89.93012155267688,-0.04048609070900597,0.07098168968854478,0.013371512201175268,0.0,0.0,0.0,,
5.259196000000003,-7.214445046100511,6.406060765146927,-89.9105716918338,0.005629607733356157,0.05430083885710506,0.051521514866495595,0.0,0.0,0.0,,
5.268693000000013,-7.12810633483451,6.26829296018155,-89.8630780600585,0.005110794563353024,0.04867996708035947,0.047395672797192784,0.0,0.0,0.0,,
5.27821800000001,-7.050297663403147,6.13661678793243,-89.78928249200253,-0.00018543705154742854,0.0504215934305627,0.005421144395746511,0.0,0.0,0.0,,
5.287735999999995,-6.961231371610556,5.989606321201386,-89.69275913819438,-0.00021379341149059354,0.03986885950980446,0.004183134009299131,0.0,0.0,0.0,,
5.297262000000018,-6.877435337478344,5.8494795408706235,-89.58439223318204,-0.00026985389208163227,0.03720146531992326,0.0038113481188278777,0.0,0.0,0.0,,
5.306757000000005,-6.777454591016217,5.718054570070762,-89.47134370473094,-0.00041357040836069485,0.044821496879139174,0.004488236132543869,0.0,0.0,0.0,,
5.316265000000016,-6.6655224853583706,5.571883410233114,-89.36085575055041,0.002980900018055161,0.04402752797428548,0.03414127427071723,0.0,0.0,0.0,,
5.325772999999998,-6.566057490145956,5.428095088149099,-89.26141814064249,-0.0006207980607285228,0.048155987270797354,0.00457628672846529,0.0,0.0,0.0,,
5.3352820000000065,-6.476992580844482,5.309762056484289,-89.17367916268684,0.0025023983344925173,0.05606364428411955,0.03449368299286544,0.0,0.0,0.0,,
5.34479300000001,-6.417938978093663,5.199022558056493,-89.09463154377808,-0.038831630285134255,0.057441378173918735,0.04755578573561039,0.0,0.0,0.0,,
5.3542970000000025,-6.382681771731206,5.09811630684187,-89.01712649375244,-0.051460217674878996,0.05309898395097041,0.05613390921261436,0.0,0.0,0.0,,
5.363821999999999,-6.374843502770875,5.027142759841933,-88.93712565575893,-0.058486373923485484,0.050924044222844876,0.05160911278387105,0.0,0.0,0.0,,
5.3733270000000175,-6.401541076448217,4.977427972719295,-88.85201897094721,-0.06168720382287097,0.04792081654174536,0.046992915555622676,0.0,0.0,0.0,,
5.382843000000008,-6.448927825428793,4.934086169680379,-88.76166483341524,-0.05168480269966958,0.03870545895988655,0.05644561319805292,0.0,0.0,0.0,,
5.392351000000019,-6.516917690435806,4.906547224272359,-88.67303439649085,-0.041101095186986465,0.03609170691610809,0.05192899035556384,0.0,0.0,0.0,,
5.401861999999994,-6.589791347566317,4.891733281316617,-88.59560526483132,-0.026389965687466505,0.043516285273057266,0.04062384706032913,0.0,0.0,0.0,,
5.41136400000002,-6.652174421947104,4.870846866344111,-88.54022321722219,-0.0012508957365995462,0.04908664029632278,0.004184408921342555,0.0,0.0,0.0,,
5.42089900000002,-6.702685948276718,4.854550257861545,-88.51860225493314,-0.001477882642535174,0.05714708887945546,0.004855194620684587,0.0,0.0,0.0,,
5.43990100000002,-6.7286956191568805,4.829981779689167,-88.5952979330571,-0.001948294768790589,0.07945222243062901,0.006715678542290576,0.0,0.0,0.0,,
5.449415000000016,-6.7069207516263,4.810763000209145,-88.68857452775134,-0.0018822670953365964,0.08222131480782678,0.006921684151036779,0.0,0.0,0.0,,
5.4589260000000195,-6.669469472553403,4.801391142543965,-88.8054439532577,-0.0017534443424065624,0.08409015520239811,0.00706483914352068,0.0,0.0,0.0,,
5.468446999999998,-6.635946326940318,4.788087707390768,-88.92908953132404,-0.030928058174094546,0.07254649032712847,0.00957590480481577,0.0,0.0,0.0,,
5.477936999999997,-6.607944322734067,4.774658108510585,-89.04123404635699,-0.04471167827000318,0.05672588676727539,0.038479567488134,0.0,0.0,0.0,,
5.487455000000011,-6.590422499813902,4.764125215809195,-89.12621462716773,-0.0573039276813912,0.043880268188819,0.043518604138154005,0.0,0.0,0.0,,
5.496974999999992,-6.592599920752314,4.748636590705874,-89.17501954315784,-0.06701956420049232,0.03435060205820001,0.03966281609613771,0.0,0.0,0.0,,
5.506475999999992,-6.614180571656076,4.721808718622333,-89.18615560515819,-0.0686454591532549,0.030285811171884263,0.03830569547228689,0.0,0.0,0.0,,
5.53501,-6.7649531079171785,4.630681797365035,-89.12733249158832,-0.035267001949738114,0.05563272844764484,0.04129997872885679,0.0,0.0,0.0,,
5.544522999999998,-6.826298167480778,4.614411553920716,-89.13070944449018,-0.0010562177415564598,0.06961098903802307,0.005619036792033404,0.0,0.0,0.0,,
5.5540340000000015,-6.879507543075413,4.614708750349347,-89.1580511393491,-0.001148005081857954,0.07811770356364309,0.006306066348110484,0.0,0.0,0.0,,
5.5635269999999934,-6.916399272635902,4.6144246869492385,-89.20368765911421,-0.001072332196556807,0.07715082377754975,0.0062275588397893555,0.0,0.0,0.0,,
5.5730489999999975,-6.934659121943446,4.612518370395712,-89.25572946558955,-0.0009300259825381932,0.07159166453539376,0.005776359270328576,0.0,0.0,0.0,,
5.5825710000000015,-6.931560102942618,4.612227644051238,-89.30304794079603,-0.0008117954187563266,0.06673365349330966,0.0053839948374562515,0.0,0.0,0.0,,
5.592073999999997,-6.921802693224198,4.602501082033388,-89.33795846939674,-0.0006915973254065421,0.05985099499508904,0.004818447923861466,0.0,0.0,0.0,,
5.6015859999999975,-6.899376977851208,4.581822573587308,-89.3577202784054,-0.0005877484196104688,0.0524290151794352,0.004201861739382585,0.0,0.0,0.0,,
5.611277999999999,-6.872898406162254,4.558903435198866,-89.36694094570144,-0.02247736271175309,0.04631424643813254,0.039891846499801084,0.0,0.0,0.0,,
5.620787000000007,-6.8591774269908194,4.533742314038411,-89.37150183044164,-0.036136807061662723,0.04742967997228044,0.008089623540210323,0.0,0.0,0.0,,
5.63011800000001,-6.856018411091251,4.506665607689195,-89.37630137160357,-0.03847305736967031,0.045376402177362336,0.03987603860593606,0.0,0.0,0.0,,
5.639628000000016,-6.882089547079024,4.481834154452424,-89.3853754921877,-0.042635251694183036,0.04802269697729568,0.042578996737295795,0.0,0.0,0.0,,
5.649321000000015,-6.9417666852210616,4.461146343357009,-89.40005754795749,-0.048123313803651015,0.052972201649005304,0.03981744240143586,0.0,0.0,0.0,,
5.658659999999998,-7.016543666130693,4.441303500762534,-89.41882663254606,-0.04400031256454119,0.05512928940836692,0.042611277862446305,0.0,0.0,0.0,,
5.668161999999995,-7.101935767870633,4.433269964327314,-89.44079956740207,-0.038260462800589916,0.058185285495606254,0.04704766855494019,0.0,0.0,0.0,,
5.677671000000004,-7.191936109644792,4.4391433925788775,-89.46613955480741,-0.03209948251322478,0.06136279117088235,0.0403739470869907,0.0,0.0,0.0,,
5.687185999999997,-7.275434894836063,4.452553555986068,-89.49358656612249,-0.02316718972678528,0.061646024301348794,0.03483161316150587,0.0,0.0,0.0,,
5.696688999999992,-7.351568493970421,4.474255074241534,-89.52325882226141,-0.0005085333944913017,0.06111522600261632,0.004782407901546055,0.0,0.0,0.0,,
5.706196000000006,-7.412462336038628,4.503705288241602,-89.5553678207162,-0.00044764837898117357,0.05768329227523135,0.004543663844545661,0.0,0.0,0.0,,
5.715710999999999,-7.4566661322859895,4.528972053996062,-89.58943712773177,-0.0003823064912623979,0.05335156926733725,0.004226113876076006,0.0,0.0,0.0,,
5.725223999999997,-7.486633358949288,4.548015877789808,-89.62564692453687,-0.00031463810637530207,0.04815555213734254,0.003830614606244989,0.0,0.0,0.0,,
5.734737999999993,-7.507452826908713,4.568668305205657,-89.66256298318642,-0.00028292576709000323,0.04803937962469799,0.003838784473137373,0.0,0.0,0.0,,
5.744248999999996,-7.526041585753293,4.587835440439771,-89.7002420169943,-0.029983835424542565,0.04991162091596689,0.007957042793270011,0.0,0.0,0.0,,
5.753753000000017,-7.546008767879197,4.6074538708869275,-89.7369049056791,-0.03688070337804939,0.052400135371615766,0.009105858029237678,0.0,0.0,0.0,,
5.763279000000011,-7.574866340278725,4.634988418078879,-89.77254101208439,-0.03970862771215836,0.05482744781462886,0.03978115165136882,0.0,0.0,0.0,,
5.772775999999993,-7.615304284335243,4.672900099160104,-89.80583392079087,-0.04407605381208634,0.06013177625816499,0.04447750843508334,0.0,0.0,0.0,,
5.782292000000012,-7.668718277558139,4.717530613443848,-89.8366497563069,-0.045145142163767575,0.061095645238376274,0.04400059984121928,0.0,0.0,0.0,,
5.791808000000003,-7.7341816722224666,4.773643605084286,-89.86419990368215,-0.04405238543451558,0.061289712714667495,0.04150869450542648,0.0,0.0,0.0,,
5.8013210000000015,-7.8073704608374115,4.83822583081115,-89.88882974145714,-0.04005720340291392,0.059264080976647475,0.037486859150435085,0.0,0.0,0.0,,
5.810810000000004,-7.883949213981028,4.9029893701531195,-89.91036726479196,-0.034726073694153904,0.0548066585906615,0.03900163086386634,0.0,0.0,0.0,,
5.820322000000004,-7.956249429734573,4.969589248723654,-89.92936386571965,-0.03167143820081392,0.05376924917304659,0.009112706289220557,0.0,0.0,0.0,,
5.8298420000000135,-8.02002314645458,5.035421296046427,-89.94613127841168,-0.026709103001616188,0.051475036625595764,0.008308732429759519,0.0,0.0,0.0,,
5.839355000000012,-8.070359019642732,5.097495307579888,-89.96216485943661,-3.319157187448902e-05,0.050263767467800244,0.004483707935062354,0.0,0.0,0.0,,
5.848866000000015,-8.10666840378589,5.159544692204163,-89.97832812299826,-2.0074517459927573e-05,0.05307270206779802,0.004792213170907832,0.0,0.0,0.0,,
5.858364999999992,-8.130455011380851,5.225504428119118,-89.99610669946382,-3.82557181029145e-06,0.05629904924626375,0.005148884197397523,0.0,0.0,0.0,,
5.867885999999999,-8.143524720587328,5.296021675740399,-90.01486938577563,-0.025555686080184478,0.06105800164438137,0.009334165029820936,0.0,0.0,0.0,,
5.877392000000015,-8.150455846660035,5.371033764120809,-90.03526069956342,-0.03050385661069495,0.06260813572260453,0.010278071266250495,0.0,0.0,0.0,,
5.88691,-8.15724819208212,5.45601939522592,-90.05802994121431,-0.03545270207555796,0.0644722051718564,0.011268930589152135,0.0,0.0,0.0,,
5.896409000000006,-8.166198023615719,5.548810539938173,-90.0810124941867,-0.03891837252541753,0.06451934894495362,0.011886860727668912,0.0,0.0,0.0,,
5.9059190000000115,-8.182766150195341,5.644412185448024,-90.10482323064008,-0.04033770012979865,0.059010680353135905,0.04091053351552042,0.0,0.0,0.0,,
5.91543200000001,-8.207494059331612,5.743567541549506,-90.1278500983382,-0.04174108361596598,0.05586643941062146,0.03992292198124807,0.0,0.0,0.0,,
5.9249499999999955,-8.23865169474825,5.843234216817569,-90.1502117978014,-0.04151497896259369,0.05244172442544282,0.03918111768472261,0.0,0.0,0.0,,
5.943967000000015,-8.310204935929207,6.036117203151767,-90.1924220954282,-0.03721727584081797,0.052202387220644755,0.01099892677401223,0.0,0.0,0.0,,
5.953468000000015,-8.342970710947828,6.131648372074969,-90.21317292638697,-0.033274623864568004,0.05471746654979331,0.010802642964689017,0.0,0.0,0.0,,
5.962981000000013,-8.368827023426313,6.227815928139583,-90.23390944170511,-0.029208137242525946,0.0572220683535401,0.010588240022985996,0.0,0.0,0.0,,
5.972507000000007,-8.384000107186576,6.326699778681796,-90.25407458296563,-0.025559551278101153,0.0611282641114677,0.01059507861821474,0.0,0.0,0.0,,
5.982012999999995,-8.389020515168697,6.432045528180177,-90.27393548845534,0.0003081610033435658,0.06445382622008437,0.007266242901716963,0.0,0.0,0.0,,
6.010526999999996,-8.349402439232609,6.77943965056477,-90.3177725972706,-0.028854154636505033,0.06341335764292108,0.011835877957039878,0.0,0.0,0.0,,
6.0200530000000185,-8.327529721231178,6.898779874611658,-90.32655093681932,-0.03264351601607068,0.06153829768724752,0.01228766618454373,0.0,0.0,0.0,,
6.029560000000004,-8.307145395210023,7.0147757837626346,-90.33291678169613,-0.034967003076612956,0.05876930136456528,0.012400467292365831,0.0,0.0,0.0,,
6.039080000000013,-8.292295027254713,7.129503543483719,-90.33949136551365,-0.037422281637116334,0.05868449230025363,0.012860023698772795,0.0,0.0,0.0,,
6.058081000000016,-8.283867826098058,7.344934192178364,-90.36163413215587,-0.038563843263351376,0.06074454451686483,0.013515842236391993,0.0,0.0,0.0,,
6.0676090000000045,-8.28817660092008,7.448709209578089,-90.38003349196092,-0.035346449815723525,0.06358653735726155,0.013537298333069492,0.0,0.0,0.0,,
6.077099000000004,-8.295512827287448,7.551933356909904,-90.4036789111462,-0.0323130764082687,0.06619516391845885,0.013566489483456484,0.0,0.0,0.0,,
6.086620000000011,-8.304305815027224,7.654876079236028,-90.4308666663801,-0.02950318103133608,0.06711318838572604,0.013409407266603814,0.0,0.0,0.0,,
6.096138999999994,-8.310763612972423,7.75998160412955,-90.45770870756846,-0.02648502548583501,0.06896167783924127,0.01335405531786023,0.0,0.0,0.0,,
6.105637999999999,-8.312634490782564,7.863327406860077,-90.48239966937444,-0.024306580809173826,0.06647849449517519,0.012820257587467384,0.0,0.0,0.0,,
6.115151999999995,-8.307718376923685,7.965473910194116,-90.50217527051508,0.0005760726762307497,0.06572543453349021,0.009197076065145252,0.0,0.0,0.0,,
6.124663999999996,-8.296422739855497,8.062827249872491,-90.51642138723594,0.000564191700255894,0.0625940921232535,0.008867389730860074,0.0,0.0,0.0,,
6.13417800000002,-8.28078357017543,8.156809549038927,-90.52505456961843,-0.024224622998901962,0.06117018775795926,0.012379501992518775,0.0,0.0,0.0,,
6.143687,-8.262322042354954,8.245961051949724,-90.5311818683991,-0.025288639265556197,0.06106682542820369,0.012609019325743003,0.0,0.0,0.0,,
6.153196000000008,-8.24621845604032,8.330268682717543,-90.5377603362382,-0.028957538716033876,0.06198274683585135,0.01336201723381361,0.0,0.0,0.0,,
6.162706000000014,-8.232900657564794,8.40905229190524,-90.54708759260029,-0.030880469069476512,0.06325663156625612,0.013911861809150182,0.0,0.0,0.0,,
6.172224999999997,-8.225023113620265,8.484709805683506,-90.56186841196882,-0.03220338853231112,0.06628285367315256,0.01464158600635566,0.0,0.0,0.0,,
6.181725,-8.225307487247706,8.557655644901805,-90.58316062370442,-0.03363813312843302,0.06742697908930748,0.01511166715184267,0.0,0.0,0.0,,
6.191242000000017,-8.234282083501633,8.626660764089442,-90.61017601214016,-0.03420633513506338,0.06720459210478551,0.01525109998340908,0.0,0.0,0.0,,
6.200748000000004,-8.24916515905731,8.695050395167982,-90.64027902117623,-0.033210739840593424,0.06797605932795545,0.015320301708048465,0.0,0.0,0.0,,
6.210262,-8.268612366664788,8.75944369577657,-90.6705735874666,-0.0321600621649113,0.0666461746311506,0.015053549839484289,0.0,0.0,0.0,,
6.219767000000019,-8.288955719069339,8.821411308682471,-90.69906513905255,-0.029653530516171565,0.06488981605836383,0.01450166435427109,0.0,0.0,0.0,,
6.229285000000004,-8.307163504805278,8.87970779959346,-90.72350245949416,-0.02647547329005811,0.06223700362393697,0.013698924071521453,0.0,0.0,0.0,,
6.238796000000008,-8.322278682614176,8.93501440463003,-90.74385876296719,-0.02453423415110608,0.061790693355225745,0.01341542731188096,0.0,0.0,0.0,,
6.248312999999996,-8.332139723428005,8.98762027958387,-90.76075099417076,0.0008277379350655787,0.06233722147143684,0.00986030866713677,0.0,0.0,0.0,,
6.257821000000007,-8.337206090878167,9.036915242277702,-90.777069327414,0.00085360245156738,0.06293494982575329,0.010010407394486132,0.0,0.0,0.0,,
6.267325,-8.338410092465674,9.081213976499468,-90.79341655633463,0.0008810280013246408,0.0636184851962462,0.010169612264680718,0.0,0.0,0.0,,
6.276841000000019,-8.339564695816412,9.121392147192859,-90.81268773309631,-0.02540446083420898,0.0648571134950936,0.014262282876199826,0.0,0.0,0.0,,
6.286347000000006,-8.342847573181519,9.156884955956167,-90.83585673500365,-0.027994892470178515,0.06471337757602975,0.014662548033778816,0.0,0.0,0.0,,
6.29585400000002,-8.34852145534762,9.18889035878785,-90.86208699759128,-0.02955879120005668,0.06560469373759345,0.015079799067642084,0.0,0.0,0.0,,
6.3053720000000055,-8.360822347944502,9.219731243106523,-90.89126989622315,-0.03292958435941949,0.06698525709883923,0.015845959627029997,0.0,0.0,0.0,,
6.314877999999993,-8.37876851537212,9.24551978980764,-90.92079166812071,-0.03406869700406425,0.06582368594816153,0.015865450705601292,0.0,0.0,0.0,,
6.32439100000002,-8.400548857670078,9.268352110066468,-90.9492551857731,-0.03297819621908102,0.06424784692075426,0.015487083203609692,0.0,0.0,0.0,,
6.333897000000007,-8.427882807735605,9.289142322137597,-90.97670991863484,-0.03321069321659108,0.06462240483402239,0.01562630543057998,0.0,0.0,0.0,,
6.343407000000013,-8.457099889451873,9.307589852495093,-91.0015855332097,-0.031976458928676864,0.06432330861777372,0.01543541968156087,0.0,0.0,0.0,,
6.362437,-8.511885962786094,9.332404073595766,-91.04893865559201,-0.026668631595019768,0.06394747849685416,0.014648670850440727,0.0,0.0,0.0,,
6.371946000000008,-8.534381922394784,9.33781985162716,-91.07330866669068,-0.02434289888391466,0.06339511521211907,0.014229519953897062,0.0,0.0,0.0,,
6.38146500000002,-8.554275651824877,9.339442766503536,-91.09979774175255,-0.024929826425044536,0.06409576882374672,0.014447908761051708,0.0,0.0,0.0,,
6.3909710000000075,-8.571441597269368,9.338101839888804,-91.12783099560419,-0.024611882721054208,0.06389047284705122,0.014375236769520443,0.0,0.0,0.0,,
6.400481000000013,-8.587790624577357,9.332940160730288,-91.15705575738156,-0.027190006309350246,0.0642202897962919,0.014820882886586215,0.0,0.0,0.0,,
6.409997000000004,-8.602071650809119,9.322662519117433,-91.18597760640449,-0.029099906642329997,0.06343994718757792,0.014974629208760358,0.0,0.0,0.0,,
6.429020000000008,-8.632043426333281,9.291621810182857,-91.240402053118,-0.033339266137076266,0.06374752965923548,0.015648492756779483,0.0,0.0,0.0,,
6.438536999999997,-8.650062222751833,9.271465770937828,-91.26531008651318,-0.033751425771621185,0.06242206967267659,0.015479697936667994,0.0,0.0,0.0,,
6.44804400000001,-8.671410840460048,9.250876561227528,-91.28978119487876,-0.0335554021263779,0.06423472035386744,0.015743728626888623,0.0,0.0,0.0,,
6.4575530000000185,-8.693716796257874,9.226155252704107,-91.31417702248743,-0.032434062133292356,0.06347171428905034,0.015435027133524359,0.0,0.0,0.0,,
6.467062999999996,-8.718313161676607,9.19939271075129,-91.34067955777164,-0.03194941904819017,0.06466947452751852,0.015546464627696696,0.0,0.0,0.0,,
6.476575999999994,-8.742447187487876,9.169068803484178,-91.36893989563232,-0.029576949550523583,0.06424505099120367,0.015097797017112682,0.0,0.0,0.0,,
6.486077999999992,-8.765065640885032,9.13456898625605,-91.3991961799938,-0.0286842255232462,0.06340961739044243,0.014800070460084752,0.0,0.0,0.0,,
6.495593000000014,-8.787109938638784,9.096827285262611,-91.43106201558724,-0.028056931322374568,0.06190745105264149,0.014430052558677289,0.0,0.0,0.0,,
6.505089999999996,-8.804695272789978,9.05510484606598,-91.46218929356681,-0.02676835730002492,0.0609540417990462,0.014043373396618576,0.0,0.0,0.0,,
6.514602999999994,-8.818493109035431,9.010611895776112,-91.4914887471882,-0.027201436926565202,0.061253805652142314,0.014119427081777427,0.0,0.0,0.0,,
6.524113,-8.828751761178566,8.963532299479427,-91.51771969616777,-0.027707934235538884,0.06111597319714572,0.014130674855516534,0.0,0.0,0.0,,
6.533637999999996,-8.836808074164644,8.912389711261444,-91.54097211233136,-0.02924205261399817,0.06008659806276971,0.014150217641806564,0.0,0.0,0.0,,
6.543142000000017,-8.841595760284264,8.858680053068294,-91.56109251673679,-0.030063848490429833,0.0607864209106476,0.014334710533176608,0.0,0.0,0.0,,
6.552652999999992,-8.844401079645516,8.806576764898205,-91.57979728627868,-0.030868651637082082,0.06338738330240139,0.014818593298436671,0.0,0.0,0.0,,
6.56214700000001,-8.846663352547905,8.751410706558385,-91.59956509215178,-0.03223340173558612,0.06339388688333494,0.014969199765092648,0.0,0.0,0.0,,
6.5716620000000034,-8.849974121871067,8.697271314523613,-91.62139775983266,-0.03282143483262681,0.0645870725238719,0.015189617717730518,0.0,0.0,0.0,,
6.581177999999994,-8.853980485802289,8.641151042139324,-91.64549932007957,-0.03222142233338437,0.06460480030831975,0.01504042980586146,0.0,0.0,0.0,,
6.590678999999994,-8.860001500170165,8.582597418977493,-91.67289941130369,-0.0330635948081817,0.06346828314625201,0.014931414954306147,0.0,0.0,0.0,,
6.600191999999993,-8.867307740407126,8.519044530099343,-91.70199659588113,-0.03343947910270896,0.06096948878696298,0.014538348631096166,0.0,0.0,0.0,,
6.609712999999999,-8.873115296995135,8.452763656780176,-91.73171946726339,-0.03137063786668118,0.060430762269530335,0.01407270728089555,0.0,0.0,0.0,,
6.619218000000018,-8.876485645877011,8.381289972095217,-91.7598692522887,-0.030086392139670157,0.05926071815374632,0.013625373950800764,0.0,0.0,0.0,,
6.628731000000016,-8.877954758114745,8.306796519744008,-91.78552485597214,-0.029792541372180657,0.05838967137095537,0.013373426981453556,0.0,0.0,0.0,,
6.638245000000012,-8.874463344116245,8.23193050979432,-91.80789550027865,-0.02901307586657396,0.06041594564392324,0.01347933760133931,0.0,0.0,0.0,,
6.6477509999999995,-8.864952357180854,8.156698656768496,-91.82715467071434,-0.027426775400916346,0.06074927085955485,0.01320192048445341,0.0,0.0,0.0,,
6.657254999999992,-8.85149984728393,8.083130640097101,-91.84498184259157,-0.028944031034420677,0.06422367229841244,0.013859537000216693,0.0,0.0,0.0,,
6.666773000000006,-8.833255859326497,8.010109100847943,-91.86149919662749,-0.029190225925049627,0.06477872989584514,0.013886208993193348,0.0,0.0,0.0,,
6.676286000000005,-8.812176091818023,7.93527529184447,-91.87827864848806,-0.03030106485555728,0.06247647864824362,0.013626258088373859,0.0,0.0,0.0,,
6.685787000000005,-8.789076854808522,7.860853307208675,-91.89657443071665,-0.030185114566350795,0.06184557713735798,0.013424280357176736,0.0,0.0,0.0,,
6.695305000000019,-8.7670651086928,7.786135055754906,-91.91615415163174,-0.032735132329245915,0.060286734145625735,0.01349541364311773,0.0,0.0,0.0,,
6.7048130000000015,-8.74354673874438,7.707217993625255,-91.9361696559224,-0.032920712418646254,0.05804730209643407,0.013111543927510513,0.0,0.0,0.0,,
6.714320000000015,-8.720073565226501,7.624360076990748,-91.9558067681209,-0.030080133349367908,0.05415859147558486,0.03766025463941141,0.0,0.0,0.0,,
6.723839999999996,-8.696981333002439,7.537861608525454,-91.97518844986003,-0.03393700505475915,0.055710599129300924,0.012742420045102959,0.0,0.0,0.0,,
6.733343000000019,-8.672968704424187,7.451968232081301,-91.9928745595147,-0.03186001151134102,0.05645924413717684,0.012435830012905637,0.0,0.0,0.0,,
6.74285500000002,-8.645869473298951,7.3671019462135385,-92.01015204489946,-0.0295699450105126,0.05791059782370847,0.012191079099765021,0.0,0.0,0.0,,
6.752362000000005,-8.616747146974669,7.284752717222036,-92.02663756227125,-0.02872161167084082,0.06054942643617931,0.012317614171355124,0.0,0.0,0.0,,
6.761880000000019,-8.581743066712262,7.203600087377532,-92.04312000924617,-0.02663781343200059,0.060000467634369926,0.011833494557526589,0.0,0.0,0.0,,
6.771386000000007,-8.54321902513016,7.1259761346425465,-92.059270770088,-0.02671153317407657,0.06160402654903076,0.011952999160953706,0.0,0.0,0.0,,
6.780896000000013,-8.500679694081827,7.052083039112649,-92.07623066089369,-0.027184849312664947,0.06072968763222187,0.011808711740967277,0.0,0.0,0.0,,
6.790413000000001,-8.455632660907296,6.979639025582742,-92.09244845378443,-0.028428235299677935,0.059844440642848884,0.011776519927968151,0.0,0.0,0.0,,
6.799909000000014,-8.408160329964945,6.9073877247184665,-92.10791620646484,-0.02999218307455948,0.05799386399720252,0.011667442588929983,0.0,0.0,0.0,,
6.8094269999999995,-8.361181162396964,6.835917646161508,-92.1232808943648,-0.03176494322643471,0.056861677728432675,0.011681435763816361,0.0,0.0,0.0,,
6.8189330000000155,-8.313976188742856,6.766216119016541,-92.13765776461415,-0.03205200422513763,0.056881405216052325,0.011627802165454773,0.0,0.0,0.0,,
6.828448000000009,-8.267855471879509,6.695182764657022,-92.15142658302061,-0.03212447471073534,0.05570804052941608,0.011396033414503012,0.0,0.0,0.0,,
6.8379620000000045,-8.22210545276244,6.624667099074988,-92.16506106714759,-0.02742443508158652,0.0535243444066388,0.03937670485286187,0.0,0.0,0.0,,
6.847471000000013,-8.177224012987725,6.556729342385287,-92.17946351973055,-0.02677047324960062,0.05526164819280612,0.036917688637269575,0.0,0.0,0.0,,
6.856989999999996,-8.133499414787206,6.492684259807872,-92.19410320869389,-0.028629272003189907,0.0591938036543136,0.011047943553957294,0.0,0.0,0.0,,
6.866501999999997,-8.090012676783813,6.434109422306941,-92.20997514790007,-0.027841235682933257,0.060450365784712946,0.01100390785036042,0.0,0.0,0.0,,
6.876013,-8.047789830268515,6.383136170539251,-92.22666148370986,-0.027046890520204845,0.061331629381423454,0.010922601950247275,0.0,0.0,0.0,,
6.885521000000011,-8.005177417777164,6.336569961401735,-92.24367142194205,-0.026646639094792958,0.05850673213465236,0.010467819953592545,0.0,0.0,0.0,,
6.895028999999994,-7.958772245542501,6.289656421364521,-92.25986441623388,-0.025160606849007967,0.055020591783140955,0.03793917208268993,0.0,0.0,0.0,,
6.904482000000002,-7.883612369264402,6.190523592383833,-92.27234977244412,-0.015333599468360874,0.04707634251292234,0.13083602443955855,0.0,0.0,0.0,,
6.914047000000011,-7.834493870973571,6.139288360106249,-92.2857357748053,-0.025042554229171163,0.0534562420029638,0.07087793508758868,0.0,0.0,0.0,,
6.923564999999996,-7.78899941254,6.090273184814253,-92.29771515222892,-0.031297213465069924,0.05834587896682107,-0.03526182191676039,0.0,0.0,0.0,,
6.9330690000000175,-7.752350396097212,6.048244250942952,-92.310128418215,-0.00396793313615123,0.05375056518504535,-0.039616685785837345,0.0,0.0,0.0,,
6.942592000000019,-7.712739089192369,6.018030578706998,-92.32236177504596,-0.02207728353265306,0.055994703954237786,0.04628307222466408,0.0,0.0,0.0,,
6.952044999999998,-7.631739524212476,5.91825449756285,-92.33044252297853,-0.013110677382375785,0.05628594242603818,0.10006740862337939,0.0,0.0,0.0,,
6.971109000000013,-7.524784848682099,5.844818920416002,-92.35555217212625,-0.026818556622436155,0.060374242144929924,0.009949779115941243,0.0,0.0,0.0,,
6.980622000000011,-7.476842226571421,5.830752797728043,-92.37144064231346,-0.026965248340486393,0.06451927158923103,0.01037553982739079,0.0,0.0,0.0,,
6.990136000000007,-7.440353044987367,5.810915856262743,-92.3887606886419,-0.03313518234816494,0.06456638016761611,0.01112365160214549,0.0,0.0,0.0,,
6.999655000000018,-7.389366516115978,5.779069686694863,-92.40792728677786,-0.023947275702290965,0.0632269854750028,0.06251678412059208,0.0,0.0,0.0,,
7.009169000000014,-7.3486626927681336,5.745141324055969,-92.43781136447532,-0.02339810992791157,0.06628664524689065,0.050443032134224505,0.0,0.0,0.0,,
7.0186669999999935,-7.315758066406105,5.71824462620339,-92.48557994219443,-0.025637059178230007,0.07719646218339553,0.011348106214027903,0.0,0.0,0.0,,
7.0281750000000045,-7.277659192538035,5.685298114535688,-92.55378413391166,0.0034505904588770214,0.07736492938727055,0.007709654683226799,0.0,0.0,0.0,,
7.037673000000012,-7.24885246881875,5.6436312707629614,-92.64485357029065,0.003472590781443646,0.0751737089950512,0.007436568568906839,0.0,0.0,0.0,,
7.0472050000000195,-7.210865799129003,5.595863975232741,-92.75679754907846,0.003542676938726016,0.073572241296034,0.00721681143901651,0.0,0.0,0.0,,
7.056711000000007,-7.168100856970312,5.5348434493194825,-92.88598757145515,0.003505285913399442,0.06953190337006777,0.006746396435058643,0.0,0.0,0.0,,
7.0662200000000155,-7.131076210684854,5.461905783627993,-93.02554580907484,-0.020854913776074308,0.0606798942587143,0.038800122295672805,0.0,0.0,0.0,,
7.075727999999998,-7.090160635545017,5.3830912657908545,-93.16740237049784,-0.02065331850759721,0.053105711537870165,0.043624141959120594,0.0,0.0,0.0,,
7.085241999999994,-7.070235332970399,5.294267077487627,-93.30085504174343,-0.0276926520745634,0.04656482065773048,0.03859680135769952,0.0,0.0,0.0,,
7.094756000000018,-7.063639474665435,5.198947898737723,-93.41384607778126,-0.03165572460824787,0.04001468156100107,0.032993535468129616,0.0,0.0,0.0,,
7.104257000000018,-7.067842709885503,5.110539393793799,-93.49364799714466,-0.03481550227452541,0.03984795939894518,0.03612667194312038,0.0,0.0,0.0,,
7.1137740000000065,-7.07743657297482,5.0348529667342765,-93.53363203849261,-0.039151634183756126,0.04537592747067744,0.008996561365177614,0.0,0.0,0.0,,
7.12328100000002,-7.077026975238048,4.967592232378489,-93.53374248503674,-0.03177705576354524,0.04869342671820253,0.041241979014555966,0.0,0.0,0.0,,
7.132798000000008,-7.074211187199735,4.919606098173848,-93.50780918197049,-0.030373211040759938,0.05885673832999598,0.009121341362394427,0.0,0.0,0.0,,
7.142304999999993,-7.068237197967401,4.8892462882853716,-93.47387733298572,-0.025934207812640518,0.06620511591230274,0.009239154049760482,0.0,0.0,0.0,,
7.15182200000001,-7.060760292243825,4.865723549334014,-93.45015043132477,-0.022726571482367466,0.06960998159968108,0.009139313157234768,0.0,0.0,0.0,,
7.161338000000001,-7.05782751647311,4.843430435917942,-93.44908651814735,-0.019714583936742792,0.0655226263801723,0.03952239070530961,0.0,0.0,0.0,,
7.170844000000017,-7.060565767532068,4.819544335688265,-93.47540651363356,-0.020830027014293033,0.061523188470946046,0.04935129319534682,0.0,0.0,0.0,,
7.180341999999996,-7.068476748558166,4.785353187399839,-93.52264815739417,-0.023385554158840968,0.057582654442836854,0.03862390508042561,0.0,0.0,0.0,,
7.18985600000002,-7.079712433076867,4.7401555819403995,-93.58208112684301,-0.0280420209443466,0.05412928729676833,0.008243710528549547,0.0,0.0,0.0,,
7.199374000000006,-7.093737879204923,4.698086822473291,-93.64500276136319,-0.030501955152386972,0.0525954222693721,0.00837269796923856,0.0,0.0,0.0,,
7.208882000000017,-7.104767719379159,4.661706440992808,-93.70067720643478,-0.027503328602981072,0.05470125052145545,0.03348493947603902,0.0,0.0,0.0,,
7.218395000000015,-7.109624864415686,4.62231693153478,-93.74286373236424,-0.025375752649183795,0.055655741605220105,0.04113192154399656,0.0,0.0,0.0,,
7.2279080000000135,-7.112350035066188,4.593210937600681,-93.77260295810098,-0.029993651625909865,0.06081040021836804,0.008963548364297342,0.0,0.0,0.0,,
7.237414000000001,-7.109399434046686,4.58004308270821,-93.79336327433225,-0.027055912776228555,0.06527272992965051,0.008992205933031171,0.0,0.0,0.0,,
7.246928999999994,-7.111125980041686,4.573360136805458,-93.81043447392445,-0.027852448676936554,0.06349525488552314,0.008925894744071045,0.0,0.0,0.0,,
7.256437000000005,-7.10606452314586,4.564147901651026,-93.82866559148084,-0.01803978815395194,0.05724756970928633,0.05949322410669936,0.0,0.0,0.0,,
7.265938000000006,-7.123065210286075,4.5531858979945135,-93.85241822202552,-0.02289453698763106,0.05809377398718766,0.06485659937031393,0.0,0.0,0.0,,
7.275452999999999,-7.144127503055473,4.531020127338619,-93.88112987866243,-0.03371969320550865,0.05681827283306065,0.009024908541677845,0.0,0.0,0.0,,
7.2849700000000155,-7.146356415521529,4.513160224067835,-93.91351599735768,-0.02758966063693858,0.05313888812371242,0.00795393481418654,0.0,0.0,0.0,,
7.294474000000008,-7.155977123053541,4.505859860322642,-93.95150448116476,-0.031777203187288,0.059869654254369194,0.00904625473149847,0.0,0.0,0.0,,
7.3039850000000115,-7.145162558282823,4.49467575636355,-93.99465696238954,-0.025324041277221637,0.05941379257667879,0.04619998044637711,0.0,0.0,0.0,,
7.313506000000018,-7.12997625558468,4.481090938530841,-94.0456369058952,-0.024084444302072544,0.058653494703098275,0.058247149417642974,0.0,0.0,0.0,,
7.323003,-7.122790534713065,4.479029025857746,-94.10632188421143,-0.032160177119354656,0.06704147720356116,0.009680161492666336,0.0,0.0,0.0,,
7.332515999999998,-7.112492235554487,4.478337875645386,-94.17410841200855,-0.029345431142558515,0.06375079938908983,0.009056419787833348,0.0,0.0,0.0,,
7.342016000000001,-7.115898693969356,4.483559755210467,-94.24533872748324,-0.032572626955735706,0.060983544507355665,0.009212618894178364,0.0,0.0,0.0,,
7.351544000000018,-7.113388873459484,4.490618336942185,-94.31251375458649,-0.027376950534438414,0.05496461059824942,0.0578213473113098,0.0,0.0,0.0,,
7.361054999999993,-7.1076736553157875,4.492539558029247,-94.36935647192719,-0.024455014640447935,0.04935482551801503,0.045134843471836675,0.0,0.0,0.0,,
7.380082000000016,-7.0968522379727155,4.499677420598963,-94.44877070368476,-0.021904057216022933,0.04986694246866459,0.006989127096991223,0.0,0.0,0.0,,
7.389580999999993,-7.093748016683718,4.502015201923459,-94.4764413465938,-0.022485429496818102,0.055241873630665975,0.007534668877877495,0.0,0.0,0.0,,
7.399095000000017,-7.089989473085921,4.501889058124166,-94.50092496006613,-0.016572354150602518,0.058491947153009524,0.04770372139040273,0.0,0.0,0.0,,
7.408612000000005,-7.091426580254646,4.506087344676158,-94.52686854979346,0.009612911418403045,0.0639500043416887,0.04165511463628236,0.0,0.0,0.0,,
7.418117999999993,-7.110326404539629,4.521305734937585,-94.55631229334523,-0.022279825384959564,0.0746750804187938,0.009267701203309551,0.0,0.0,0.0,,
7.427625000000006,-7.136744038223339,4.543317802228877,-94.58532718935236,-0.02206503046850865,0.07428656679032869,0.009252407738698032,0.0,0.0,0.0,,
7.437135000000012,-7.175290008348179,4.574198083339621,-94.61010436804742,-0.023236963966259128,0.07016696013616505,0.039847476851628906,0.0,0.0,0.0,,
7.446657000000016,-7.213078378849137,4.605502377241426,-94.62506016047723,-0.021628471670110404,0.06239761365942508,0.05147777781192582,0.0,0.0,0.0,,
7.456159000000014,-7.250367529367197,4.634972553243912,-94.62997535966116,-0.021709111766194403,0.05461138235570459,0.0440476535236111,0.0,0.0,0.0,,
7.465671000000015,-7.286748391034322,4.660842665090089,-94.62826673694454,-0.02420985949528776,0.05142461116102429,0.007647710480952304,0.0,0.0,0.0,,
7.475178999999997,-7.3179381632013065,4.679261077560724,-94.62754569445295,-0.02165023226407597,0.04945752268631916,0.007186646769396586,0.0,0.0,0.0,,
7.484681999999992,-7.352140112579248,4.6825520456406995,-94.63809477377212,-0.02273630317699668,0.05264899000488664,0.007632638285158056,0.0,0.0,0.0,,
7.494192999999996,-7.3865443851030275,4.674204798187294,-94.66599290892394,-0.0194535723773006,0.055358134897960064,0.0361692787552931,0.0,0.0,0.0,,
7.503721000000013,-7.424830905167048,4.661358823427324,-94.7151025102681,-0.020220026880080733,0.06415392861470808,0.04060868475299297,0.0,0.0,0.0,,
7.5132289999999955,-7.476471283078371,4.6511205098566775,-94.78102799199264,-0.029219812674902507,0.07275240397028043,0.010332468069100653,0.0,0.0,0.0,,
7.5227350000000115,-7.532007530755821,4.650966641115465,-94.85384512347346,-0.02949292850273758,0.07152286186554853,0.03829616389326493,0.0,0.0,0.0,,
7.53224400000002,-7.5898347121255485,4.6669010858676145,-94.92049145864279,-0.03223176491947412,0.06990192212017038,0.039950565391489334,0.0,0.0,0.0,,
7.541758000000016,-7.645061210270786,4.695570361772819,-94.9672122198781,-0.03447974911449869,0.06206935153850458,0.04197816292043242,0.0,0.0,0.0,,
7.551266999999996,-7.694238168609397,4.73429221978537,-94.98643032067866,-0.03641546795522042,0.05275369308539567,0.03542440486824367,0.0,0.0,0.0,,
7.5607669999999985,-7.737602087119763,4.777802995456876,-94.97803964800201,-0.03817031191758993,0.04400083935878711,0.009092359751295393,0.0,0.0,0.0,,
7.570284000000015,-7.774188077972928,4.818859172110419,-94.94823596011754,-0.03736436085613583,0.035150834365585866,0.008196156652997574,0.0,0.0,0.0,,
7.579798000000011,-7.80293023024414,4.854451858324955,-94.90721921842893,-0.030484637417081555,0.032784856743954364,0.032861152377903664,0.0,0.0,0.0,,
7.589300000000009,-7.826874787302307,4.888599244839043,-94.86736808858241,-0.023889163676872688,0.0423585102991027,0.03332000855242398,0.0,0.0,0.0,,
7.59881900000002,-7.857992779850383,4.913548080823228,-94.84006665978582,-0.02396237098739675,0.054128082591320674,0.008403053550294718,0.0,0.0,0.0,,
7.608329999999995,-7.890666192576353,4.939273068032173,-94.83234501227716,-0.018301060082644174,0.0652169653993018,0.03413454041520227,0.0,0.0,0.0,,
7.61778000000001,-7.901567018250147,4.900171750815604,-94.84307905113464,-0.040701502411817296,0.09310759737015427,-0.14546355732101943,0.0,0.0,0.0,,
7.627341999999999,-7.948831585879376,4.937367551349294,-94.87259179285799,-0.03200409235404256,0.05909922704144842,-0.03149689438362364,0.0,0.0,0.0,,
7.636768000000018,-7.993798651238611,4.944522586134533,-94.9079937954674,0.08172179372093372,0.03450533445059359,0.814734759331927,0.0,0.0,0.0,,
7.646291000000019,-8.033791761625613,4.888473703410555,-94.92435765414957,-0.08989479435069492,0.12072353982069425,-0.24316414151171115,0.0,0.0,0.0,,
7.6558060000000125,-7.9533613355195225,4.794229548111699,-94.90163431694646,-0.03164580643436331,0.09752500998565113,-0.2784049115283834,0.0,0.0,0.0,,
7.665307000000013,-8.054118503863918,4.82887230272415,-94.86539351049787,-0.038132330530878014,0.06534441035950707,-0.3035425751246678,0.0,0.0,0.0,,
7.674824000000001,-8.204269611123058,4.944328715211592,-94.80030665758467,-0.011114448655171546,0.06344894620888643,0.44268979571435163,0.0,0.0,0.0,,
7.684320000000014,-8.137072224469078,4.929079829533439,-94.67664741103656,0.05792771027109518,0.06430227684173712,0.3744230925870276,0.0,0.0,0.0,,
7.693860999999998,-8.132885702296184,4.835185582505906,-94.53363956510381,-0.03984335888888467,0.02796785729751033,-0.29235981621977675,0.0,0.0,0.0,,
7.703349000000003,-8.125023128109444,4.8502402328951355,-94.40897193662485,-0.06146646140657746,0.06986503301544641,-0.17235964872635112,0.0,0.0,0.0,,
7.71292600000001,-8.11301304661947,4.8878613349777655,-94.31451585976961,0.006835918847749082,0.0906077798150166,0.007770510807999174,0.0,0.0,0.0,,
7.722447000000017,-8.168841873472752,4.81560874272318,-94.25084354054658,-0.06718947291536953,0.05814082475009779,0.07399808875253368,0.0,0.0,0.0,,
7.731895000000009,-8.171232055229355,4.724730036996856,-94.22358266466347,0.013074893435477537,0.037020068307719096,0.2774435091771198,0.0,0.0,0.0,,
7.741422,-8.288346404638272,4.656481095063817,-94.239978249816,-0.03860765448706777,0.09226976507299987,0.1113207570051134,0.0,0.0,0.0,,
7.750984000000017,-8.409267787967789,4.655783894353578,-94.27029728372878,-0.056738434741618674,0.10944492558395028,-0.06993078423258349,0.0,0.0,0.0,,
7.760426999999993,-8.450447791459897,4.535871191908098,-94.29430697409859,-0.013184242301633333,0.08020778419473826,-0.12305758495458774,0.0,0.0,0.0,,
7.769999000000013,-8.663623942513391,4.622299795735926,-94.32523685003706,-0.05820449540772202,0.10229682261557327,0.017943932087879193,0.0,0.0,0.0,,
7.779448000000002,-8.65239902606666,4.588395379042791,-94.31802991357375,0.03229857304953789,0.11950228354412835,0.16276947693034005,0.0,0.0,0.0,,
7.798536000000013,-8.78590588801404,4.681827590012099,-94.26428288355767,-0.0567533029442509,0.08122914019692927,-0.036452186094931636,0.0,0.0,0.0,,
7.808047000000016,-8.74135010116008,4.807584663975586,-94.24407507005178,0.006072543967556114,0.0818304474466734,0.0069013281872202905,0.0,0.0,0.0,,
7.8175620000000094,-8.849970096329947,4.829729869734102,-94.24914948651404,-0.051583965640241654,0.0562268082513733,0.01310400514599598,0.0,0.0,0.0,,
7.827017000000012,-8.814784647595374,4.759225109525761,-94.27397378669883,-0.01594320549928998,0.03432910407131428,0.10870145978912274,0.0,0.0,0.0,,
7.836588000000006,-8.828667493501573,4.753470044802921,-94.33839765066242,-0.015138773271136833,0.06685851037247265,0.049259848748649575,0.0,0.0,0.0,,
7.846084000000019,-8.913720702675258,4.710019389476074,-94.43251803623852,-0.05681144031780692,0.07828045701665294,-0.02202595253428746,0.0,0.0,0.0,,
7.85559600000002,-8.905311912189843,4.641089965562409,-94.53463503099775,-0.02202605908234857,0.06248118917396145,0.009143346940704473,0.0,0.0,0.0,,
7.86510100000001,-8.979972234625462,4.643264531882867,-94.64563129361873,-0.05047791783077707,0.09393040307730292,0.016454715996671254,0.0,0.0,0.0,,
7.874626000000006,-8.99159502221202,4.644640811422552,-94.73399634015212,-0.038687148983105504,0.10684833894309782,0.048705206436462395,0.0,0.0,0.0,,
7.884135000000015,-8.999341422707133,4.637347033752359,-94.79618003147966,-0.04165147369885578,0.09721323277304698,0.015461724763638782,0.0,0.0,0.0,,
7.893628000000007,-9.03551183857982,4.69858235200258,-94.84069654078421,-0.05362458839219461,0.0962930601105799,0.017336302940803554,0.0,0.0,0.0,,
7.90309400000001,-8.99400680993234,4.700606660997144,-94.86198132237523,-0.01754180494507651,0.08707902290115581,0.1303493835504677,0.0,0.0,0.0,,
7.912661000000014,-9.01728365042427,4.750284658750292,-94.87263818945237,-0.0371927031652456,0.06666715232911431,0.08003775899956105,0.0,0.0,0.0,,
7.922165000000007,-8.995963569849026,4.771127421781926,-94.8745371719131,-0.0284643493061398,0.04716596835255885,0.00886285680756532,0.0,0.0,0.0,,
7.931686000000013,-8.996728334871417,4.8027956607557645,-94.88265591505103,-0.033618316762278666,0.049529540877881216,-0.06713083641268748,0.0,0.0,0.0,,
7.941200000000009,-8.985836406952572,4.803691954761997,-94.89572959442262,-0.027908886903816713,0.04144826024937006,0.008244317428679468,0.0,0.0,0.0,,
7.950706999999994,-8.927244393835911,4.766117343311902,-94.91155114228266,0.012364619272239896,0.03407731495414523,0.06297787084462797,0.0,0.0,0.0,,
7.960234000000014,-8.888598944791044,4.730794230804256,-94.93317811396618,-0.029217221354917153,0.056728609344274344,0.06027324761254983,0.0,0.0,0.0,,
7.9697260000000085,-8.810136009795647,4.696426512832177,-94.95001591685904,-0.030036817157976237,0.07887711276599671,0.01195490380856565,0.0,0.0,0.0,,
7.979243999999994,-8.76345480563409,4.689762689517225,-94.96412027142473,-0.03961018379899228,0.09672981143500292,-0.023110482887272518,0.0,0.0,0.0,,
7.988743999999997,-8.734247392415368,4.729271943115278,-94.97277589767509,-0.046553508169539265,0.10685194259768484,0.017050103269495263,0.0,0.0,0.0,,
7.998208000000005,-8.637259622501487,4.693197248313947,-94.96656718885076,-0.023693894956714527,0.10618916346450126,0.10407775756372895,0.0,0.0,0.0,,
8.007711999999998,-8.564130204486382,4.675351026821564,-94.95102705867865,-0.03228313502693818,0.0974818363166846,0.12149976244483413,0.0,0.0,0.0,,
8.017279000000002,-8.508226590408281,4.760365949148989,-94.93085573126166,-0.031112757560182495,0.08242526777477088,0.0451942953647099,0.0,0.0,0.0,,
8.026781999999997,-8.46334750956678,4.854112461548577,-94.91157560305625,-0.034943745518614885,0.06959140858568129,-0.059870277860874614,0.0,0.0,0.0,,
8.036293999999998,-8.42592033676994,4.921749016692303,-94.89764504707885,-0.0331914124431946,0.04626463140048219,-0.03215588861718293,0.0,0.0,0.0,,
8.045803000000006,-8.353678283903111,4.955013129206972,-94.89055346510652,-0.015244018411275803,0.028359933982433933,0.07035466895432797,0.0,0.0,0.0,,
8.055320999999992,-8.276072022417207,4.963122246182514,-94.89419958580714,-0.020404143263115748,0.03967152164174649,0.06800850739225058,0.0,0.0,0.0,,
8.064834000000019,-8.182976880800892,4.941311594132368,-94.9089965851993,-0.022032186254408427,0.05327562967823099,0.00825251247764007,0.0,0.0,0.0,,
8.074352000000005,-8.101508873490259,4.934987222239697,-94.93789981998056,-0.028210106224641065,0.07263320202625972,-0.014632734540961529,0.0,0.0,0.0,,
8.083856999999995,-8.020205999193475,4.970998984635892,-94.97578247326015,-0.02717226368132829,0.10095049293336188,0.013609384852253261,0.0,0.0,0.0,,
8.093320000000006,-7.900877844385702,4.910224161276232,-95.01175899244501,-0.017491696108084313,0.10942232949339953,0.09494225499967847,0.0,0.0,0.0,,
8.102881999999994,-7.817024475703625,4.9847516157747656,-95.04397390687024,-0.02822656911129401,0.10987179002730856,0.08180288020015108,0.0,0.0,0.0,,
8.112382999999994,-7.722549566718406,5.104708628250832,-95.06487203096688,-0.02948379574179748,0.10664309868333725,0.014536980808479002,0.0,0.0,0.0,,
8.121903000000003,-7.650780540275571,5.236694020679988,-95.07081802995823,-0.034730807285575795,0.08352774943663728,0.013006765975921677,0.0,0.0,0.0,,
8.131403000000006,-7.57707829795953,5.349158346901064,-95.05969208043518,-0.03845617058362822,0.056250707418990235,0.010709458904674814,0.0,0.0,0.0,,
8.14091000000002,-7.4899740435131505,5.439215500856219,-95.03439661255638,-0.028144313957326677,0.035835811347226,0.06411999173933682,0.0,0.0,0.0,,
8.150431999999995,-7.414209637853491,5.498781836437403,-95.00347343235161,-0.030836135359429025,0.03451445682594314,0.045681318755162396,0.0,0.0,0.0,,
8.159943999999996,-7.333999555205706,5.521592620062918,-94.97545438915928,-0.026583997862425497,0.038416485676646815,0.007332170701745961,0.0,0.0,0.0,,
8.169459000000018,-7.2618069212901455,5.541581557026218,-94.96232836070594,-0.02029405653567741,0.055372504601089494,0.008383461562288527,0.0,0.0,0.0,,
8.17895900000002,-7.196540133064449,5.574410653940376,-94.9691790189794,0.010753725955981544,0.08021897300134108,0.0378480863048868,0.0,0.0,0.0,,
8.188473000000016,-7.124529238828487,5.608362243783614,-94.99216500931759,0.016947407028136574,0.1002017861393074,0.07557465319316115,0.0,0.0,0.0,,
8.197989000000007,-7.062002501042217,5.6625614923665335,-95.02694076944117,0.013276555677208715,0.1130741358334959,0.038194194802967436,0.0,0.0,0.0,,
8.207495999999992,-7.012245049566529,5.757151386693434,-95.06449211105345,0.010219130980058307,0.11531015666872121,0.011671225688562405,0.0,0.0,0.0,,
8.217002000000008,-6.973316701537845,5.871496345795854,-95.0918125732825,0.009148880181288021,0.10267689933151969,0.010600836025902175,0.0,0.0,0.0,,
8.226511000000016,-6.938969525185961,5.974040193605732,-95.09714778485281,-0.014734459898097175,0.07624366125780206,0.05906355972080285,0.0,0.0,0.0,,
8.236028000000005,-6.91262300408856,6.060702274279319,-95.07732642566883,-0.01736807363274138,0.052990945093790646,0.056365025246290126,0.0,0.0,0.0,,
8.245533999999992,-6.894288999701995,6.121171391819731,-95.03581403285662,-0.021320089541259104,0.04172712844817774,0.00728500838328,0.0,0.0,0.0,,
8.25505800000002,-6.886110861870448,6.1519799345792645,-94.98576541118227,0.0028409511038413114,0.03256540106984508,0.003523453363955064,0.0,0.0,0.0,,
8.264567999999997,-6.8861285567101636,6.162080218974939,-94.94390549717512,0.003763785540227547,0.04351085479197039,0.004715199801319059,0.0,0.0,0.0,,
8.293081999999998,-6.914960638303543,6.165197922402508,-95.01162497387173,0.00919326713724568,0.1048345382381343,0.01136770929228777,0.0,0.0,0.0,,
8.302611000000013,-6.947379369684396,6.2068245241369375,-95.1119544075753,-0.016641844655003,0.11604559854594661,0.01570817333768654,0.0,0.0,0.0,,
8.312117999999998,-6.994253013050502,6.259488727905585,-95.23143161139926,-0.021827147565363463,0.10577768651994161,0.056112900882374445,0.0,0.0,0.0,,
8.321620999999993,-7.0479770086563915,6.312667753617611,-95.34703358869808,-0.02887981604096398,0.08482797807282254,0.0671043294651718,0.0,0.0,0.0,,
8.33113800000001,-7.109034719915715,6.3656467052848065,-95.43794360725596,-0.03578155090772592,0.06644070766570832,0.03953376155467975,0.0,0.0,0.0,,
8.340643,-7.180458258384247,6.4089121308791706,-95.49029498649384,-0.040734279850182506,0.04651187314299859,0.010467299181065341,0.0,0.0,0.0,,
8.350156999999996,-7.251338297106453,6.432955285544332,-95.50203575395201,-0.03919456010271656,0.032102932698202295,0.008568944306230794,0.0,0.0,0.0,,
8.359668999999997,-7.316147331023842,6.440455037817072,-95.48237888679911,-0.030436918728054606,0.029964936898585485,0.042644051915007745,0.0,0.0,0.0,,
8.369177000000008,-7.374896669830402,6.431122854604537,-95.44896342558368,-0.022321615933875896,0.04331104713698147,0.04126111614303948,0.0,0.0,0.0,,
8.378698000000014,-7.4306350679990505,6.417313600503174,-95.42319020109994,-0.01925655569229444,0.06402503562698439,0.010274365989674395,0.0,0.0,0.0,,
8.388203000000004,-7.489176222295542,6.418196579444114,-95.42335301369177,0.00799382410711641,0.0841995144878131,0.009514157033397577,0.0,0.0,0.0,,
8.397712000000013,-7.552918300846455,6.437505830880778,-95.45825177456989,-0.015202604630044058,0.10445865109150627,0.014914711549518005,0.0,0.0,0.0,,
8.407218,-7.618450165132668,6.461973604897944,-95.52318742076328,-0.01318002738941906,0.10243928505999653,0.06643513649813361,0.0,0.0,0.0,,
8.416739000000007,-7.687934495397416,6.500000954463138,-95.60485913998437,-0.019159849136628375,0.09638915975747216,0.053888008542079285,0.0,0.0,0.0,,
8.426241000000005,-7.769071370320798,6.546508275358778,-95.68549330462525,-0.03148514368047417,0.08283332427488847,0.014530542064846544,0.0,0.0,0.0,,
8.435759000000019,-7.853496687582634,6.593153055692925,-95.74706279822762,-0.035798408478969174,0.06344344222156337,0.01270963397671596,0.0,0.0,0.0,,
8.44527100000002,-7.9348138915019835,6.6246980305996575,-95.77891116114341,-0.034695416111586566,0.042466811859583,0.04094533697080683,0.0,0.0,0.0,,
8.454768999999999,-8.008558102805088,6.639803444911003,-95.78105342079297,-0.033480212902032236,0.03376495932083988,0.040183693658012276,0.0,0.0,0.0,,
8.464287000000013,-8.073396709585678,6.6414681371880455,-95.7638610928774,-0.031240803216606657,0.03983252802345981,0.009259309720318864,0.0,0.0,0.0,,
8.473784999999992,-8.13557976484378,6.6339010349862315,-95.745292684667,-0.0256960075133099,0.04823797623451604,0.009657416313406428,0.0,0.0,0.0,,
8.483299000000017,-8.195360527862421,6.629115860184496,-95.74470011163808,-0.021502017131853724,0.06766381031034432,0.011658078187101153,0.0,0.0,0.0,,
8.492818,-8.2539963729235,6.626801994017518,-95.77381217698455,-0.017225233124686663,0.0814474151227588,0.04473454102301699,0.0,0.0,0.0,,
8.502318000000002,-8.313495922323433,6.631836462295319,-95.83496963758941,-0.01834753960158932,0.09282866546784489,0.042858531708611675,0.0,0.0,0.0,,
8.511842000000001,-8.378528962865332,6.6499367188299034,-95.92042784309308,-0.026092548400910368,0.09890281632328943,0.01651664407296676,0.0,0.0,0.0,,
8.521353000000005,-8.452376533195737,6.680347703485272,-96.0144217288781,-0.033386615721506696,0.09225024334602014,0.01674952742082318,0.0,0.0,0.0,,
8.530846999999994,-8.526700830993182,6.718579170291553,-96.09595370321058,-0.03473283053931476,0.07614643677690872,0.04443019519402003,0.0,0.0,0.0,,
8.540377000000007,-8.596078020462816,6.758431358905306,-96.14847093046235,-0.036757714437148356,0.0606060681884216,0.04648788722795671,0.0,0.0,0.0,,
8.549881,-8.659171392679001,6.7934751932724415,-96.16521468550414,-0.04191299564485259,0.05050035352746289,0.012667732294340091,0.0,0.0,0.0,,
8.55937400000002,-8.71082784401339,6.823338974211502,-96.1482585638872,-0.036718569190517754,0.043414942988455794,0.011045289467952262,0.0,0.0,0.0,,
8.568883999999997,-8.749142267621146,6.847213006296737,-96.11303713578317,-0.029985478802542275,0.043832242746393586,0.010194941953202778,0.0,0.0,0.0,,
8.578406000000001,-8.777709515446102,6.864406956444642,-96.07826426576453,-0.026805768907408448,0.0534422810689694,0.0110812927259527,0.0,0.0,0.0,,
8.587919,-8.796112340861935,6.876274956067423,-96.06244391537876,-0.022029444520713634,0.065936070837856,0.012126058087211032,0.0,0.0,0.0,,
8.60695100000001,-8.832401124299443,6.89442577708546,-96.12721714283774,-0.022829616926718595,0.08371122084656976,0.014720806838546884,0.0,0.0,0.0,,
8.616465000000005,-8.852602570088868,6.913350213163501,-96.20121984343402,-0.02598076240296628,0.08856315011167676,0.01588829088562051,0.0,0.0,0.0,,
8.625965000000008,-8.874543556052478,6.937411255730715,-96.28304934278893,-0.028187023162886612,0.08077360092440984,0.04613050829648804,0.0,0.0,0.0,,
8.635473000000019,-8.89235456687505,6.968997957995835,-96.35348729571484,-0.036061039103321334,0.07717365123631073,0.015882917319883283,0.0,0.0,0.0,,
8.644986000000017,-8.908152918041106,7.00748579784857,-96.39854473229909,-0.039087144231416966,0.06684155518978813,0.014939972867386159,0.0,0.0,0.0,,
8.654488000000015,-8.914629185815064,7.051975386763846,-96.41031550973979,-0.03768824758551284,0.058889109961530385,0.013677504222236934,0.0,0.0,0.0,,
8.663992000000007,-8.910292262122894,7.095764438175598,-96.3927935322791,-0.036230636851331655,0.05335601157105341,0.012725450714219183,0.0,0.0,0.0,,
8.673514000000011,-8.895456005867779,7.135595713616763,-96.35827989296317,-0.03161434541532464,0.05391426200674676,0.012167435321641143,0.0,0.0,0.0,,
8.683024000000017,-8.871420241918019,7.164685975026847,-96.32304264976798,-0.025876590786088373,0.055050244646037826,0.011519397189207683,0.0,0.0,0.0,,
8.692543999999998,-8.843104028320084,7.185485060468284,-96.3031814566337,-0.021995052011381896,0.06186017098284873,0.011940437277421615,0.0,0.0,0.0,,
8.70204000000001,-8.813858697021816,7.202944581951586,-96.30983777383142,-0.021430866890169497,0.07147324055647748,0.013237324865460563,0.0,0.0,0.0,,
8.71156000000002,-8.785607023489025,7.216185774366161,-96.34357348555794,-0.022135093906906704,0.07788650265076938,0.014259497000411136,0.0,0.0,0.0,,
8.721073000000018,-8.757233286679995,7.22891174340737,-96.39693515448734,-0.02401005219356872,0.0800539728328827,0.014841669912892121,0.0,0.0,0.0,,
8.730578000000008,-8.730219702617262,7.247064092650759,-96.45555562392036,-0.026534006035067045,0.08049262036826552,0.015273780894276175,0.0,0.0,0.0,,
8.74010100000001,-8.70401601272518,7.273925287769612,-96.50454185221919,-0.030078724764566647,0.07625595213084965,0.015181308778914824,0.0,0.0,0.0,,
8.749605000000003,-8.672197971691311,7.309746680826058,-96.53278228972066,-0.0313711987668552,0.0716404007483567,0.014718365016061186,0.0,0.0,0.0,,
8.759114000000011,-8.635354546689538,7.350479620373231,-96.53560781759826,-0.03170377998121213,0.06586047728603207,0.013946172186988837,0.0,0.0,0.0,,
8.787649000000016,-8.481488290211868,7.458266277030198,-96.45854690186937,-0.021542635433705257,0.05982944055528437,0.011696859081170028,0.0,0.0,0.0,,
8.797151000000014,-8.438479834811224,7.489972738562971,-96.44813821903699,-0.026512682381378692,0.0702758887328755,-0.03171261939622158,0.0,0.0,0.0,,
8.806598000000008,-8.351378284246795,7.4272781620484345,-96.45373669373133,-0.07526657192960892,0.10009640077147774,-0.3561277567701155,0.0,0.0,0.0,,
8.816095000000018,-8.284603214328586,7.397431392246997,-96.48798828419501,0.0938219277967437,-0.047656208915891486,0.8938100553442738,0.0,0.0,0.0,,
8.82562200000001,-8.266248645980466,7.3285228898776085,-96.53686341435495,-0.05234156883755966,0.12831542907569873,-0.04363196888832496,0.0,0.0,0.0,,
8.835125000000005,-8.107719447937932,7.131265881980552,-96.56721776162682,-0.058211557133785015,0.14044223403964465,-0.2892098896541538,-0.04283362925317648,-0.026778735951448796,-0.01007110870949733,,
8.844629999999995,-8.032631745502712,7.022340449384131,-96.60582403154817,-0.008826849134084278,0.041991745628755524,-0.3303898229117041,0.0,0.0,0.0,,
8.85414800000001,-8.120626036771846,7.125427207839854,-96.661202872341,-0.027805596384438257,0.06905620912313401,0.25524676068592844,0.0,0.0,0.0,,
8.863640000000004,-7.980873056621886,7.127980882568737,-96.67172255949973,0.03885242024910266,0.07727619383701319,0.5228802303271668,0.0,0.0,0.0,,
8.873171000000013,-7.810684230201807,6.9321300635390095,-96.64028919265692,-0.034489971597969286,0.03828305301625931,-0.2799582041165573,-0.04287256171241405,-0.029048397614379017,0.0021223393909075884,,
8.882677999999999,-7.739972460822541,6.86818585791231,-96.61661432057151,-0.09090092372629865,0.03135579468785842,-0.17163037903359835,0.0,0.0,0.0,,
8.89223800000002,-7.582136120079225,6.926289104942497,-96.59878581922393,0.012907516467466351,0.11157711431938312,0.013644655232750671,0.0,0.0,0.0,,
8.901747999999998,-7.517169063919404,6.820221942273921,-96.57853884597043,-0.04753062929694832,0.09472466652122878,0.08316996756155053,0.0,0.0,0.0,,
8.911211000000009,-7.4416730843579195,6.675681434205588,-96.57023685409762,-0.026604095082912702,0.023132987765345746,0.22534976460538586,0.0,0.0,0.0,,
8.920725000000004,-7.432579711866511,6.6590407979783865,-96.59506927246571,-0.0046342390487333915,0.09084758654169933,0.16096938738033775,0.0,0.0,0.0,,
8.930296999999996,-7.533901327269198,6.724449258658558,-96.63437770481147,-0.05720098989867866,0.1447499008480959,-0.06722150168410534,0.0,0.0,0.0,,
8.939817000000005,-7.485060937170886,6.617918585105561,-96.65466100554436,-0.000979191953286957,0.0567083653568175,-0.05128312177665077,0.0,0.0,0.0,,
8.949332999999996,-7.592736000697446,6.672424669208854,-96.69668468517422,-0.038311168597652615,0.06902485186916921,-0.06535062376319085,0.0,0.0,0.0,,
8.958778999999993,-7.536764666239021,6.666807298661364,-96.71890850134655,0.026702501891051354,0.11573340024332862,0.1125625654363777,0.0,0.0,0.0,,
8.968331000000006,-7.467033765773828,6.580212136746059,-96.71740909888997,0.006331357732634276,0.05375531674797527,0.0062437518479367725,0.0,0.0,0.0,,
8.977857,-7.507039794209244,6.525879088534009,-96.72846404932855,-0.05647775880735587,0.035330925380279064,0.01124531508615902,0.0,0.0,0.0,,
8.987367000000006,-7.387242229876119,6.615840816307283,-96.73545112820058,0.01147799786113667,0.09718853786025394,0.01135066746936389,0.0,0.0,0.0,,
8.996882999999997,-7.412185985270658,6.5607868122102975,-96.75083460841617,-0.03383039022696632,0.08407167889897912,0.014838282109647423,0.0,0.0,0.0,,
9.006392000000005,-7.399168952538169,6.459621148170845,-96.77571982134175,-0.044014190260008204,0.05714616547926852,0.041050615017409954,0.0,0.0,0.0,,
9.015895,-7.339234382060396,6.501148266104563,-96.81743872288482,0.02269832952023315,0.10915495401535781,0.08752246285967888,0.0,0.0,0.0,,
9.025414000000012,-7.4259023220177625,6.517065449131706,-96.87625812269678,-0.05041921304188258,0.12690240131888564,0.022262931447541472,0.0,0.0,0.0,,
9.03492,-7.401341825020786,6.4495932765077875,-96.92590243586909,-0.016209389673401606,0.06563739018001276,0.08296393627570532,0.0,0.0,0.0,,
9.044430000000006,-7.460566081817393,6.496427997220162,-96.9817000635212,-0.037775718666061234,0.08410981198241241,-0.0452978116304658,0.0,0.0,0.0,,
9.053863000000007,-7.456247078448539,6.445897194914721,-97.0142216754712,-0.07849218209480734,0.11412534904153471,-0.25083022521117265,0.0,0.0,0.0,,
9.063386000000008,-7.41989883879866,6.348879396612691,-97.02241122931689,-0.009614867284619194,-0.018930988529317006,0.1794323061791459,0.0,0.0,0.0,,
9.072884000000016,-7.480382354639819,6.313278951776836,-97.02785796442,0.01822400634475679,0.01757229317504176,0.6327214452760623,0.0,0.0,0.0,,
9.082416999999992,-7.459507604646619,6.177605761420708,-97.01333540084406,-0.08656610019477251,0.13981324666504377,-0.3728165908284177,0.0,0.0,0.0,,
9.091968000000008,-7.397328940824741,5.94490487550653,-96.99158950964319,-0.0019888161380123546,0.06259651891023117,-0.06784777764920233,0.0,0.0,0.0,,
9.101420000000019,-7.5169599881314335,5.8720916899717235,-97.00967171654602,-0.025125245252883576,0.07756820882493187,-0.25449769549529383,0.0,0.0,0.0,,
9.11093200000002,-7.54533983308146,5.86456916035003,-97.04646065133214,0.039365592613924937,0.10946773118566729,0.5697504873840016,0.0,0.0,0.0,,
9.120503000000014,-7.438892521710365,5.66781214544693,-97.07306126968449,0.004381630024665007,0.1348518818849914,-0.08099830230567333,0.0,0.0,0.0,,
9.129964000000001,-7.412918319547375,5.475304144735636,-97.11392190156516,-0.0524472759982504,0.05672484989407563,-0.13101035031404976,0.0,0.0,0.0,,
9.139533999999998,-7.337372316446479,5.487838242447855,-97.1728506790392,-0.042905788413074575,0.11317077041495026,-0.05410409257418974,0.0,0.0,0.0,,
9.149035999999995,-7.269716630853,5.44329988288916,-97.21698876773365,-0.03651036099630037,0.1342617360522656,0.05264483321946388,0.0,0.0,0.0,,
9.158568000000002,-7.317344235525801,5.308662883697933,-97.24459014683995,-0.08018357664303148,0.03252616233795126,0.07744373904987563,0.0,0.0,0.0,,
9.167999000000009,-7.295482907340633,5.271805875173882,-97.26005935904386,-0.026405588972006847,0.03390996296986515,0.24362830837455515,0.0,0.0,0.0,,
9.177589000000012,-7.4490996285154365,5.370947625860918,-97.27849987721274,-0.07527950828872894,0.12432543654473675,-0.03376026193929044,0.0,0.0,0.0,,
9.187101000000013,-7.4727749527201155,5.252910365233904,-97.26955860590711,-0.021467481969115455,0.06349159874652643,0.039435991724876364,0.0,0.0,0.0,,
9.196617000000003,-7.587739871760042,5.175818180521782,-97.27864200921049,-0.008732724414181934,0.04476711804810692,-0.10412321278476326,0.0,0.0,0.0,,
9.206119000000001,-7.680817196346267,5.272425219768978,-97.30854970535171,-0.0212693169242343,0.13234252996288126,0.08415703610705615,0.0,0.0,0.0,,
9.215625000000017,-7.639112770658428,5.249278570183233,-97.3336598484705,0.014701423865154016,0.11423007530153396,0.010581378604344384,0.0,0.0,0.0,,
9.225133,-7.714009440296933,5.159528754864836,-97.37948790579502,-0.027937306392596364,0.06098586927162739,0.0466087162282789,0.0,0.0,0.0,,
9.23464100000001,-7.699281789786028,5.259267483081175,-97.43902913161243,-0.01548314377918466,0.10587036240572825,0.013424139397989037,0.0,0.0,0.0,,
9.244158999999996,-7.672860302381176,5.301619571112556,-97.48738420167652,0.018492624722019003,0.10277341434986062,0.0465251869907966,0.0,0.0,0.0,,
9.253652000000017,-7.7358104320865015,5.218685516470332,-97.52341222722745,-0.06606313679653131,0.052965522309690816,0.013885856735177162,0.0,0.0,0.0,,
9.263171,-7.671297407834891,5.2408351052707385,-97.54179588105616,-0.016463220420871862,0.0645946201215843,0.09638108542140561,0.0,0.0,0.0,,
9.272692000000006,-7.716125534228979,5.313856998629136,-97.55136286427862,-0.041119088728420065,0.10387249968365533,0.016479235817124235,0.0,0.0,0.0,,
9.282202000000012,-7.7357882566664165,5.257016601159998,-97.54180906654261,-0.044034419232294654,0.058970925718779335,0.0811043117205279,0.0,0.0,0.0,,
9.291709999999995,-7.729954287270584,5.258079919869538,-97.53548037480603,-0.02904398519029295,0.05886686662084374,0.00999729607791286,0.0,0.0,0.0,,
9.310721000000001,-7.788637479607714,5.312299248248217,-97.55904328204879,-0.028562025351623246,0.07909588303174522,-0.013487380859982485,0.0,0.0,0.0,,
9.320245999999997,-7.825476726924731,5.28878985984344,-97.59377191614226,-0.03452146744795248,0.0651212406855717,0.051312111117016494,0.0,0.0,0.0,,
9.329764000000011,-7.8526522374733005,5.344720763589555,-97.64529469154076,-0.02631646195956574,0.09644245768074557,0.0614372335817562,0.0,0.0,0.0,,
9.339209000000011,-7.8450291042575016,5.256310149988438,-97.69242568593279,-0.013754152567858165,0.08482361311904554,0.12506723780825668,0.0,0.0,0.0,,
9.348777000000013,-7.893885480871424,5.232848460861749,-97.7382987936116,-0.036504830799491905,0.07136332012354643,0.012400411419563112,0.0,0.0,0.0,,
9.358272,-7.895206179878071,5.289781547001445,-97.77306252130586,0.006634679313240213,0.08830633619553328,-0.030702704083880716,0.0,0.0,0.0,,
9.367795999999998,-7.924125156719482,5.348243765175541,-97.79266371015895,-0.021621083840307264,0.09224773005011372,0.01302498982738571,0.0,0.0,0.0,,
9.377248000000009,-7.876542996688964,5.297698268273836,-97.7889902908167,-0.013480194046352626,0.06634382473808466,0.10245567189267414,0.0,0.0,0.0,,
9.38681600000001,-7.829817073698908,5.355239617909497,-97.7791522388591,-0.012662738310786605,0.07410544021727547,0.036205854445710076,0.0,0.0,0.0,,
9.396322999999995,-7.8125333673137325,5.425220927687578,-97.76938928459299,-0.034646653589393415,0.08797953686352664,-0.023429132588222115,0.0,0.0,0.0,,
9.405833999999999,-7.759501452998267,5.444186207268277,-97.76123261549768,-0.026298955052022743,0.06322359779166908,0.010367430619933119,0.0,0.0,0.0,,
9.415346,-7.744452091376276,5.477263363239141,-97.77101010886972,-0.03560134526765415,0.06508349737015187,0.04429144127126325,0.0,0.0,0.0,,
9.42485400000001,-7.731371378108991,5.516944293627332,-97.79521488161102,-0.038658599212039166,0.07894854870771832,0.056460912575094696,0.0,0.0,0.0,,
9.434363000000019,-7.710229394396264,5.5091698174003945,-97.8279741114183,-0.0269835639643672,0.07293640801257542,0.07553749237916234,0.0,0.0,0.0,,
9.443877000000015,-7.7422578879190205,5.513448120213692,-97.87188787984479,-0.04506351612672698,0.0825265564620757,0.014936113548404531,0.0,0.0,0.0,,
9.453397999999993,-7.749034364790994,5.568052760006678,-97.91659974901737,-0.02758960992443686,0.10167905124209052,0.015098427766246366,0.0,0.0,0.0,,
9.462898999999993,-7.770474310680701,5.617487727385015,-97.95395736950545,-0.02378309480283337,0.0961887984844445,0.014101063221819334,0.0,0.0,0.0,,
9.472408999999999,-7.783974734850945,5.664891076971093,-97.97844484034088,-0.022381182393375266,0.08073966802319588,0.04938984572647717,0.0,0.0,0.0,,
9.481920000000002,-7.767079325902829,5.75091279184042,-97.98985966451707,-0.012460445138565677,0.08259461813435143,0.040951993453788936,0.0,0.0,0.0,,
9.491433,-7.754077338896065,5.829075973523197,-97.98905361731543,-0.0195034786074325,0.079946328917616,0.011970161427045144,0.0,0.0,0.0,,
9.500945000000002,-7.722857037376981,5.872753096277267,-97.97985502249193,-0.019116907658560826,0.057109531014286403,0.00920613724672226,0.0,0.0,0.0,,
9.510452000000015,-7.6928403678887864,5.9298865166783905,-97.97282779898194,-0.018965384814542578,0.05591559591499488,0.048507969267911996,0.0,0.0,0.0,,
9.519965000000013,-7.653896239616445,5.977312746312128,-97.97112615324149,-0.018480376519104613,0.0669503838498318,0.045365928100565986,0.0,0.0,0.0,,
9.529476000000017,-7.616406351163353,5.983605797938784,-97.9777778895892,-0.021006086651550543,0.06567654428462832,0.010534227575291604,0.0,0.0,0.0,,
9.538988000000018,-7.598515516025975,6.006222664262339,-97.99998222396098,-0.029214215362655734,0.07537706251584164,0.012713546944589644,0.0,0.0,0.0,,
9.548501000000016,-7.572866937732515,6.0580865066179355,-98.03300551670938,-0.022716482734249924,0.09493962408463576,0.014421078523250764,0.0,0.0,0.0,,
9.558005000000009,-7.566496059665489,6.091849850004193,-98.07013070254158,-0.026414881297577616,0.09149429381269798,0.04821654583433788,0.0,0.0,0.0,,
9.567526000000015,-7.562026994996979,6.137418930721604,-98.10733841966449,-0.028786083765791524,0.08974331152492167,0.04173986044906748,0.0,0.0,0.0,,
9.577038000000016,-7.560493293996964,6.218718683484815,-98.1394854392094,-0.027025208365240957,0.09614681465012506,0.015343524444171941,0.0,0.0,0.0,,
9.586544000000004,-7.577273619602194,6.2913445852464704,-98.1623703863511,-0.03225284699529964,0.08650442552639391,0.014851867877039942,0.0,0.0,0.0,,
9.596058999999997,-7.582208932778169,6.350188428826898,-98.17351153325258,-0.02452855935436161,0.0659109232771049,0.039963595692760624,0.0,0.0,0.0,,
9.615061999999995,-7.599142005859991,6.463133023255778,-98.1792864382498,-0.02031329190639486,0.06337601304600356,0.010689334728430878,0.0,0.0,0.0,,
9.624585999999994,-7.597071905093717,6.484187291964067,-98.18158577719709,-0.016395478095260783,0.060304730245362634,0.009849507054010713,0.0,0.0,0.0,,
9.634091000000012,-7.593866197838749,6.5099026107502285,-98.19336815789528,0.009373211563766469,0.06509895655357731,0.007505093242979333,0.0,0.0,0.0,,
9.643597,-7.587147500601403,6.541443427636774,-98.21489496996496,0.011189842575904102,0.07750938885429431,0.00898001918143923,0.0,0.0,0.0,,
9.653115000000014,-7.578538859771561,6.562219995991334,-98.24460877447382,-0.016737185434707917,0.08515764576962503,0.013272620378242103,0.0,0.0,0.0,,
9.662623999999994,-7.5721040368742125,6.597639907671926,-98.28142064382064,-0.019515049290266477,0.09004581740896554,0.014301049309055415,0.0,0.0,0.0,,
9.672142000000008,-7.573377673341395,6.647209828907061,-98.31927605625243,-0.02466829420014479,0.0927983976225293,0.015349383078706851,0.0,0.0,0.0,,
9.681651000000016,-7.5785565263576995,6.698104751154461,-98.35245456606506,-0.025294718632701114,0.08468498851672729,0.04568176094159914,0.0,0.0,0.0,,
9.69115100000002,-7.59243888456282,6.7480967308979105,-98.37822564682439,-0.026571183970271865,0.07461457022952828,0.05335193796643302,0.0,0.0,0.0,,
9.700669000000005,-7.617031287009735,6.799528665348502,-98.39562132334007,-0.029571280299967053,0.0706695264118112,0.040765478055162084,0.0,0.0,0.0,,
9.710177000000016,-7.643075599315748,6.837230307474749,-98.40618658779965,-0.02841780939259797,0.06531532760997792,0.012339235251865128,0.0,0.0,0.0,,
9.719685999999996,-7.676655045303507,6.86296533920606,-98.41533914943986,-0.02563602589400791,0.06034728767006898,0.011375467764792504,0.0,0.0,0.0,,
9.72919300000001,-7.707855438874208,6.883833272123405,-98.42897902899479,-0.021502472452200543,0.06310704881613653,0.011316720060600952,0.0,0.0,0.0,,
9.738704000000013,-7.734596129767334,6.895143231188404,-98.45003242550209,-0.014987065583893944,0.0672544915916647,0.03703124986796339,0.0,0.0,0.0,,
9.748219000000006,-7.76376541269256,6.89500854290461,-98.4812598096292,-0.015020710078312564,0.07056548455458395,0.03857725371797839,0.0,0.0,0.0,,
9.757734999999997,-7.7931863045259355,6.904383087773445,-98.52121960869748,-0.01638877866995513,0.081899354136675,0.01342119170141131,0.0,0.0,0.0,,
9.76723800000002,-7.8217889469921715,6.923302481806933,-98.56535514100263,-0.017259184657600766,0.08707778574099162,0.014299785230225518,0.0,0.0,0.0,,
9.776755000000009,-7.852565477178217,6.945986643260029,-98.60867920662794,-0.02051353983068369,0.08591386093448816,0.014579418925519689,0.0,0.0,0.0,,
9.786266000000012,-7.8811095550982015,6.973655273914266,-98.64545499827622,-0.01962682844430362,0.07879953655917435,0.04911173466297422,0.0,0.0,0.0,,
9.79577900000001,-7.906309072243805,7.005459403352598,-98.67192313881559,-0.02103816823723559,0.07525375976914456,0.04077830118024569,0.0,0.0,0.0,,
9.805282000000005,-7.932816603935091,7.029718840650854,-98.68715147254082,-0.025456222282855358,0.06950908075194993,0.013005872592942773,0.0,0.0,0.0,,
9.814795000000004,-7.960527557888572,7.047229099884682,-98.6959046966645,-0.027729726790911537,0.06267110489311818,0.012337523790126039,0.0,0.0,0.0,,
9.824309999999997,-7.988286447656254,7.058430237930122,-98.70366088236791,-0.02721114864553559,0.06289539562626795,0.012337444863884491,0.0,0.0,0.0,,
9.83381,-8.019293696536788,7.054460526809793,-98.71573542998601,-0.02664446212944823,0.0646036332422578,0.01253116210741304,0.0,0.0,0.0,,
9.843327000000016,-8.051035629381737,7.040748818050811,-98.7372178924126,-0.025694151874505983,0.06863569945747602,0.013002026186623496,0.0,0.0,0.0,,
9.852841000000012,-8.087100244551943,7.031648907953518,-98.771210394888,-0.022085678578724986,0.07662967157813004,0.013723902541765282,0.0,0.0,0.0,,
9.862348999999995,-8.129348938906805,7.0243285770060995,-98.81576494705249,-0.023383254075468655,0.08209119779095084,0.014690233868173107,0.0,0.0,0.0,,
9.871850999999992,-8.16951158120072,7.018664404950235,-98.86559988454842,-0.018432261177599805,0.07911798692500387,0.04140075040352519,0.0,0.0,0.0,,
9.881372999999996,-8.207794873187458,7.021401477809964,-98.91398443438624,-0.022072895670281076,0.08250307906041257,0.014644449719587255,0.0,0.0,0.0,,
9.89088000000001,-8.242033905523806,7.031824940333293,-98.95436089714796,-0.02243647447509182,0.07921306785595443,0.014255094453785156,0.0,0.0,0.0,,
9.900375999999994,-8.271833398243967,7.041265239909007,-98.98262371360744,-0.024593399979917933,0.06982812527402453,0.013200325304873242,0.0,0.0,0.0,,
9.90991200000002,-8.297115137822999,7.050927991266683,-98.99905631700703,-0.027047938611168682,0.06536475903916433,0.012889959025565846,0.0,0.0,0.0,,
9.919419000000005,-8.314398423801423,7.053813603002129,-99.00537726344096,-0.023048879650007573,0.05829367378014819,0.0380656370022585,0.0,0.0,0.0,,
9.928923999999995,-8.328887116504145,7.045622412102612,-99.00800488802162,-0.022725226780190004,0.05802709407694291,0.03701243633602594,0.0,0.0,0.0,,
9.938440000000014,-8.343447142983267,7.031172738240766,-99.01398907235146,-0.02525895939652196,0.06375537659962395,0.012440657923987011,0.0,0.0,0.0,,
9.947946000000002,-8.362619414434596,7.014734078366476,-99.02983478371087,-0.02537927492518071,0.06847053193745282,0.013134418723655858,0.0,0.0,0.0,,
9.966962999999993,-8.403488161114836,6.980994114537751,-99.09663299595032,-0.021422046864968198,0.07696152167764271,0.04310060777374501,0.0,0.0,0.0,,
9.976462999999995,-8.424460667114387,6.970279131887512,-99.14188596043367,-0.024092057161477585,0.08111883293286254,0.014795500324567872,0.0,0.0,0.0,,
9.985986999999994,-8.444476324330388,6.96779354236057,-99.18645204568102,-0.023915692729909534,0.07969575781860416,0.014582418070363833,0.0,0.0,0.0,,
9.995486999999997,-8.463934006240065,6.971155984138737,-99.22451756712654,-0.025399697010850247,0.07571291279471916,0.01421821761311943,0.0,0.0,0.0,,
10.005003000000016,-8.476896440310165,6.973814135528117,-99.25010558787982,-0.02612357785201308,0.06820110792035979,0.013237790328008096,0.0,0.0,0.0,,
10.014522,-8.482631292776778,6.975916838989162,-99.26380593706645,-0.025407539018325456,0.06439868187829577,0.012601904530842745,0.0,0.0,0.0,,
10.024042000000009,-8.480318039958727,6.976106558804335,-99.26773878941091,-0.023005119053100154,0.06135899231739973,0.011851509791314776,0.0,0.0,0.0,,
10.033536999999995,-8.47205113403383,6.972084229287141,-99.26774014010202,-0.022210497141750985,0.059602624587333244,0.011486109596027874,0.0,0.0,0.0,,
10.04305100000002,-8.458256291546835,6.961006320280758,-99.26983985606131,-0.022133208722803232,0.061501009347496936,0.011732163031501987,0.0,0.0,0.0,,
10.05256,-8.440195128210956,6.944264743516246,-99.27941694375002,-0.022267128352435994,0.06549180935640156,0.012298553872200867,0.0,0.0,0.0,,
10.062067000000013,-8.423362685562646,6.924780534239828,-99.29960927307214,-0.023634420320236448,0.07069582655785718,0.01319288711049093,0.0,0.0,0.0,,
10.071584000000001,-8.405684020721237,6.907134121240858,-99.32908910705653,-0.02317010521186056,0.07365000392203985,0.013529266062301882,0.0,0.0,0.0,,
10.081101000000018,-8.392930597236159,6.892789928114932,-99.36399371631744,-0.02592512130509458,0.07579753333738816,0.014165171217083519,0.0,0.0,0.0,,
10.090610999999996,-8.38367945875091,6.884566886980137,-99.39931375226277,-0.024178848783763168,0.07283144980904119,0.04149945237027536,0.0,0.0,0.0,,
10.100104000000016,-8.373718914615631,6.883222413687413,-99.42899682736625,-0.027008162323437175,0.07519089451372912,0.014196702475681455,0.0,0.0,0.0,,
10.109622000000002,-8.363602866483896,6.886961640082893,-99.44966111223046,-0.02612801259351486,0.07109129905222564,0.013497085132102689,0.0,0.0,0.0,,
10.119135999999997,-8.351197058472371,6.892121898065168,-99.46149740290203,-0.025503196125882942,0.06724318672567065,0.012864833645625953,0.0,0.0,0.0,,
10.128647,-8.331605367484453,6.896144473392782,-99.4656412355406,-0.02297560087639828,0.06533139544522606,0.012264951641732889,0.0,0.0,0.0,,
10.138166000000012,-8.306539994942835,6.897402162082988,-99.46628444888673,-0.020057487115730264,0.06487732906934598,0.011820920246729535,0.0,0.0,0.0,,
10.147669000000008,-8.27806417096122,6.89781211939337,-99.46982318611838,-0.017867330605347224,0.06479261028973657,0.011520954797075034,0.0,0.0,0.0,,
10.157179000000014,-8.24541180916944,6.8974223963514065,-99.48048900779557,-0.017209362570174545,0.06617772346086613,0.011621918178699482,0.0,0.0,0.0,,
10.166697999999997,-8.21408438815262,6.894270577457686,-99.49888135979636,-0.018819444637285552,0.0684437126474577,0.0121279434464507,0.0,0.0,0.0,,
10.176188999999994,-8.178421100574527,6.885948148756549,-99.52283971044851,-0.02047976151551367,0.06934374696400875,0.012434274890050607,0.0,0.0,0.0,,
10.185717000000011,-8.145487112944918,6.875951084821057,-99.54993615598158,-0.022091288762080854,0.06586046224928016,0.0121059191123429,0.0,0.0,0.0,,
10.195215000000019,-8.11957061384004,6.871981795853229,-99.57694030922733,-0.026461962222132884,0.06856791401611503,0.013006818222674516,0.0,0.0,0.0,,
10.20473100000001,-8.091964681069522,6.867524305687465,-99.59857247541215,-0.0227784283946569,0.06405045650015553,0.04157640033567326,0.0,0.0,0.0,,
10.214253000000014,-8.06858728436661,6.8627576548960185,-99.61272067396723,-0.02205908751172426,0.06328085616169186,0.04154008075353585,0.0,0.0,0.0,,
10.223765000000014,-8.045522582567507,6.859481752019518,-99.62073171486972,-0.020350877352333808,0.06335518576369759,0.03704403991077084,0.0,0.0,0.0,,
10.233283999999998,-8.020446175157925,6.861409604900726,-99.62511103434468,-0.01852409671041869,0.06880928889137934,0.01201532429793548,0.0,0.0,0.0,,
10.242795999999998,-7.996479515276761,6.864564774529578,-99.63070533416045,-0.017295594145944736,0.06979584421396702,0.01200053823306168,0.0,0.0,0.0,,
10.252284000000003,-7.967048817090831,6.8691822038815875,-99.63992539388362,-0.014283927750114875,0.0717111952302784,0.01190664788819258,0.0,0.0,0.0,,
10.261794000000009,-7.938652420817858,6.873445256634109,-99.65679189056152,-0.014877147720426271,0.07100084522299714,0.011869451990340393,0.0,0.0,0.0,,
10.27131,-7.908889569075849,6.875301255364392,-99.67991136600745,-0.01639884211174772,0.06925343640159176,0.01179026094563843,0.0,0.0,0.0,,
10.280821000000003,-7.880707826771371,6.874907474960181,-99.70686150829052,-0.01805327770916546,0.06511841762576072,0.011383582805404977,0.0,0.0,0.0,,
10.290322000000003,-7.854532964007542,6.873344741476015,-99.73427584945689,-0.020260612237099313,0.06329643775511085,0.011368830317806533,0.0,0.0,0.0,,
10.29984300000001,-7.827351192017205,6.866874834384344,-99.75664516808688,-0.018078616391913282,0.05799718550960373,0.036380949811579105,0.0,0.0,0.0,,
10.309346000000005,-7.804453315269844,6.853704133536255,-99.77319290966973,-0.020439644036901874,0.056964783194496806,0.03590387406449539,0.0,0.0,0.0,,
10.318862999999993,-7.782486976834578,6.84141459994549,-99.78336564325411,-0.02212578057969983,0.062218554159181746,0.011361766700353474,0.0,0.0,0.0,,
10.32836900000001,-7.763712209781634,6.835069820500418,-99.79012184322985,-0.019762027086991457,0.06637974497469179,0.011661830970355344,0.0,0.0,0.0,,
10.337894000000006,-7.75056862844375,6.834058738455851,-99.79684823196853,-0.01941998494189147,0.07247774398900543,0.012477205132893798,0.0,0.0,0.0,,
10.347392000000013,-7.737785772976768,6.8333692679376,-99.80731800191055,-0.01519920149582952,0.07073592655054933,0.041456401761955135,0.0,0.0,0.0,,
10.356903000000017,-7.7327628146612915,6.841272593604682,-99.82525851476548,-0.017884244449519353,0.07727534363063052,0.012982281113680536,0.0,0.0,0.0,,
10.366420000000005,-7.727010308613525,6.852942835495769,-99.85064088489479,-0.01633243961182091,0.07389714903200013,0.012341068040988095,0.0,0.0,0.0,,
10.375921000000005,-7.728450549133082,6.864294213923709,-99.88295296309016,-0.019035427491000352,0.07070560663783065,0.0122141841778925,0.0,0.0,0.0,,
10.385431000000011,-7.734573222036656,6.871440444914965,-99.91735569788928,-0.01986370082395396,0.06137352012899702,0.037809501033137134,0.0,0.0,0.0,,
10.394942000000015,-7.73941953896463,6.865836062288028,-99.94876439541203,-0.01906108673269636,0.054086038639416044,0.04213677307752406,0.0,0.0,0.0,,
10.40444500000001,-7.752457957094095,6.854361926899717,-99.97538914100484,-0.023780226963657718,0.05328772442143117,0.010290558460725317,0.0,0.0,0.0,,
10.413968000000011,-7.766812340640587,6.839482144556583,-99.99578733186935,-0.022388878162093062,0.05407405431812658,0.010239409049079528,0.0,0.0,0.0,,
10.423475999999994,-7.777384239837699,6.817372759677684,-100.01030678444411,-0.015746158526804735,0.05289592646093929,0.04031606865446383,0.0,0.0,0.0,,
10.432979000000017,-7.789218578541757,6.793857387733982,-100.02211510422168,-0.012106162899959128,0.0583568225187553,0.05328187172278153,0.0,0.0,0.0,,
10.442500999999993,-7.793757175057167,6.77944203809249,-100.03444140401663,-0.007963537268722225,0.07014346674695848,0.04898084058466799,0.0,0.0,0.0,,
10.452007000000009,-7.80269855186185,6.779665023232244,-100.05276363714856,0.01375095185712539,0.07756774847146954,0.009365254806035775,0.0,0.0,0.0,,
10.461513999999994,-7.810429165974419,6.790688201693255,-100.07811279282424,0.013709350140991141,0.07713450872513321,0.009328964282545028,0.0,0.0,0.0,,
10.471028000000018,-7.81407245797564,6.81232932883964,-100.10955684128946,-0.009173365193555745,0.07715434037984108,0.039626556632511654,0.0,0.0,0.0,,
10.480552000000017,-7.8201028758590345,6.8310311178315555,-100.14503132750987,-0.014344201960960598,0.06974252594601303,0.045951147638813354,0.0,0.0,0.0,,
10.49005600000001,-7.82596923188704,6.84175772849018,-100.17950670803883,-0.023110870902807813,0.06259131777454084,0.011581758313974339,0.0,0.0,0.0,,
10.499561,-7.843048624645015,6.847488771302522,-100.21062609782352,-0.02855824350354826,0.052351710317496365,0.010765988712046147,0.0,0.0,0.0,,
10.509070000000008,-7.869256590994258,6.843175988185829,-100.23544177032295,-0.03295267498172031,0.04849714744492479,0.01073853105894622,0.0,0.0,0.0,,
10.518591000000015,-7.8959077631191,6.823476273280674,-100.25365569207766,-0.027190337677713634,0.04456324392653591,0.047784796330912684,0.0,0.0,0.0,,
10.528087,-7.931489462779371,6.794453043686746,-100.26887707411122,-0.024873851684761448,0.049548981371421226,0.04477906996166541,0.0,0.0,0.0,,
10.537607000000008,-7.969301171495542,6.772396047177857,-100.28535211206882,-0.022665944740877353,0.06551188674767992,0.011967298440487308,0.0,0.0,0.0,,
10.547121000000004,-8.009672125166633,6.761365749512919,-100.30712188671609,-0.01624440247284079,0.07521629619958622,0.012600712736487028,0.0,0.0,0.0,,
10.556623000000002,-8.048244359571061,6.761408847915338,-100.33592757167959,-0.012909898423672782,0.0815520798681384,0.013129134678571895,0.0,0.0,0.0,,
10.566135000000003,-8.077966804021768,6.775853472182972,-100.37124582289215,-0.0069788399717195145,0.08235161868453808,0.041031862484515895,0.0,0.0,0.0,,
10.575655000000012,-8.104033981520145,6.798382665834751,-100.41006121526743,-0.012513442596620811,0.08061782115437807,0.013036865158394773,0.0,0.0,0.0,,
10.58515700000001,-8.127265697738943,6.824744196324256,-100.44772524513124,-0.01660178844142811,0.07200881404416475,0.012341136016867855,0.0,0.0,0.0,,
10.594673999999998,-8.14707065572779,6.847476676200161,-100.47968431504866,-0.020504570785313602,0.05950435595218072,0.01104618254091305,0.0,0.0,0.0,,
10.604183000000006,-8.165897224313182,6.858659473172767,-100.50313510964494,-0.022588171217616457,0.046829176860457115,0.03660820864442838,0.0,0.0,0.0,,
10.613682000000011,-8.180700676640082,6.853846161366366,-100.51686349140321,-0.02378270368514062,0.042668975217428906,0.03643149183325574,0.0,0.0,0.0,,
10.62321,-8.197331202009897,6.839542961259479,-100.52498723055844,-0.026976908896284072,0.04748923371148761,0.010115837149964764,0.0,0.0,0.0,,
10.632720000000006,-8.215203602395206,6.823600610193109,-100.53280311235659,-0.024676721989320187,0.05549279718817741,0.010991220367161743,0.0,0.0,0.0,,
10.642223999999999,-8.234378161684692,6.809976928947879,-100.5460314189493,-0.022387376847168974,0.06591715395656396,0.012215507487206439,0.0,0.0,0.0,,
10.651740000000018,-8.254933081404207,6.80409954839501,-100.5686360455808,-0.02024972152811418,0.07795552032199823,0.013697946054675324,0.0,0.0,0.0,,
10.661248999999998,-8.275520460974853,6.811232568064414,-100.60213559603804,-0.018396822631457345,0.08441287263723689,0.014429798286153333,0.0,0.0,0.0,,
10.670760000000001,-8.300431945903798,6.8332785096366395,-100.64449210960365,-0.019539809232952017,0.08620484412939079,0.014881213640472922,0.0,0.0,0.0,,
10.680272000000002,-8.325894216158709,6.863497392491613,-100.68911166952677,-0.02133022527935716,0.08059402467708114,0.014349330938681546,0.0,0.0,0.0,,
10.689784000000003,-8.348022865414187,6.896149741507002,-100.72880467464982,-0.018469828968297457,0.06649018342957341,0.04886491063629086,0.0,0.0,0.0,,
10.699285000000003,-8.367246210595153,6.92401359168406,-100.758608547138,-0.020455460368327967,0.055987817319371636,0.041759273179918954,0.0,0.0,0.0,,
10.70880600000001,-8.381789864024096,6.9455240294850995,-100.77563074278285,-0.023197374701743052,0.05100730670500028,0.010373810917234329,0.0,0.0,0.0,,
10.718311,-8.392557023790209,6.961993232456775,-100.78148760564511,-0.02255990153955039,0.04692407703480202,0.009712027756417843,0.0,0.0,0.0,,
10.727827000000019,-8.396810125289162,6.971296368556588,-100.78094320869586,-0.020210780295932367,0.048567099182761524,0.0096749794686854,0.0,0.0,0.0,,
10.737334000000004,-8.40526983181309,6.9798439506783065,-100.78184815236459,-0.026160168488328823,0.057960502980516436,-0.033731494870200836,0.0,0.0,0.0,,
10.746846000000005,-8.39904315322259,6.976663255114783,-100.78883745860927,-0.016516530269730937,0.055940667151297474,0.04252872712219947,0.0,0.0,0.0,,
10.75629600000002,-8.367705442268349,6.919851785481622,-100.80480200017765,0.013732926242922949,0.03919948595261216,0.29171885245338947,0.0,0.0,0.0,,
10.765847000000008,-8.394151774902953,6.955455923838097,-100.8379439046642,-0.034243464447029116,0.10457305243443192,-0.08260383366462302,0.0,0.0,0.0,,
10.775316000000004,-8.339957599374223,6.860855597773239,-100.86864589768838,-0.030778173750633072,0.09517066408453821,-0.13956064644184188,0.0,0.0,0.0,,
10.794331,-8.364528391283981,6.900807783069821,-100.95331114997242,-0.012255829930709573,0.07809965800725152,0.20516448754033337,0.0,0.0,0.0,,
10.803853000000004,-8.29605014789435,6.842501255384773,-100.97044604873449,-0.0014124271964033113,0.06347498223195619,0.11507723746814313,0.0,0.0,0.0,,
10.813400000000001,-8.257494705468012,6.781135797217535,-100.97635381920401,-0.04353015384823135,0.06427160316569829,-0.12610277418314328,0.0,0.0,0.0,,
10.822917000000018,-8.273650485598221,6.859011433425122,-100.98514597091827,-0.033315860455607596,0.06845343986508778,-0.03904169723983191,0.0,0.0,0.0,,
10.832381999999996,-8.232552255374442,6.852904201920967,-100.98086668343274,0.0007449350176207091,0.058350706797147975,0.1273236583511068,0.0,0.0,0.0,,
10.841942000000017,-8.240008975518412,6.842103923453008,-100.97765908205504,-0.03276712404390034,0.05769343397915713,0.03812884189468189,0.0,0.0,0.0,,
10.851458000000008,-8.193220183335669,6.842124330053502,-100.98013699978762,0.010414251865142778,0.05367602210557761,0.006560609100494763,0.0,0.0,0.0,,
10.860970000000009,-8.209116576253985,6.881938817265899,-101.00179817442395,-0.0155362075751672,0.07498114689799738,0.039607700502011234,0.0,0.0,0.0,,
10.870474999999999,-8.206217441142096,6.894570509611356,-101.03113995407514,-0.021213503723453576,0.0807349353781247,0.014359698101961388,0.0,0.0,0.0,,
10.879987999999997,-8.167585158254086,6.879829231169157,-101.06347357517915,0.016912360175176517,0.058235793380967585,0.04534463341062012,0.0,0.0,0.0,,
10.889496000000008,-8.198288641156651,6.916151720360754,-101.10632237727815,-0.03329093898768794,0.08378098577960783,-0.02219939677497777,0.0,0.0,0.0,,
10.899016000000017,-8.155162209136751,6.9524672026696885,-101.1366743051771,-0.010365120219386232,0.08595594527311085,0.013905163576693736,0.0,0.0,0.0,,
10.908524999999997,-8.146192039154615,6.956298767961437,-101.15836276683783,-0.017934702371370518,0.06459216410674132,0.046132534876661496,0.0,0.0,0.0,,
10.927546000000007,-8.099357720852579,7.0365043540250936,-101.17381875683401,-0.011631806499705919,0.07807274362737662,0.012981388953396967,0.0,0.0,0.0,,
10.937039999999996,-8.118942308676935,7.046098276309793,-101.17476886615864,-0.030470267480870387,0.06824511144784252,0.013743413017436028,0.0,0.0,0.0,,
10.946563999999995,-8.105766186237643,7.067905170156637,-101.17727536192207,-0.020821852387523303,0.06342498771515659,0.011910328799475305,0.0,0.0,0.0,,
10.956073000000004,-8.097746066789988,7.117257433685749,-101.18980959459759,-0.01070071250815783,0.07795985693974784,0.012964350139518618,0.0,0.0,0.0,,
10.965575000000001,-8.12490586115649,7.131546856070909,-101.21363942496149,-0.03256232954866285,0.07086209633445222,-0.06048795262858865,0.0,0.0,0.0,,
10.975027000000011,-8.089578501511703,7.074723442558966,-101.24003397238087,0.05527243503084796,0.0046765377476559,0.37978268758437267,0.0,0.0,0.0,,
10.984606000000014,-8.148025208508859,7.130229852704506,-101.28197916701542,-0.04308774495292465,0.10654646068955897,-0.10497128208755031,0.0,0.0,0.0,,
10.994054000000006,-8.064965306642806,7.008760439749578,-101.30450339846423,-0.006407620455121668,0.08573432479801243,-0.15399310668157853,0.0,0.0,0.0,,
11.003625999999997,-8.086654708002328,6.996675145727956,-101.33689082537327,0.00042967740447734913,0.049178075746127446,-0.05963471260246322,0.0,0.0,0.0,,
11.013071999999994,-8.073427846261813,7.002814188656158,-101.36485407077699,-0.01832652159864225,0.08390296548516615,0.1788489543912105,0.0,0.0,0.0,,
11.022580000000005,-7.980857383528352,6.922181675565515,-101.36964016426742,0.04245896766114696,0.06921635850548101,0.2102959619919584,0.0,0.0,0.0,,
11.03215400000002,-8.015107874379899,6.8847708358819695,-101.37583302483665,-0.04402369453471996,0.07610965177895379,-0.07042092611078643,0.0,0.0,0.0,,
11.04161000000002,-7.950939024267722,6.858808330338479,-101.37893320323523,-0.031184326144861878,0.09122576345115592,-0.12332683716429015,0.0,0.0,0.0,,
11.051108,-7.9275559796272725,6.8553617909939595,-101.38927642556406,0.03296141692035725,0.06617752266637898,0.1477729426898243,0.0,0.0,0.0,,
11.06069100000002,-7.9763403938555255,6.844705094363163,-101.4060945040448,-0.04344805047714501,0.0660218676594704,0.014590142277479424,0.0,0.0,0.0,,
11.070199000000002,-7.902457522307719,6.802092286636978,-101.41793712339195,0.018883722811533,0.03670801564888655,0.08631128023657537,0.0,0.0,0.0,,
11.079701,-7.951453163843217,6.825373818127464,-101.44998416975045,-0.02899514135478359,0.07949201392779834,-0.06310199881785743,0.0,0.0,0.0,,
11.089213,-7.955512336796286,6.804004171890741,-101.4802898074525,-0.018750979295820508,0.073295907782993,0.05412144632133657,0.0,0.0,0.0,,
11.098737,-7.9270024943705915,6.756185002381507,-101.50814787192216,0.015217195881980559,0.052644539299246486,0.03835166381774082,0.0,0.0,0.0,,
11.108244000000013,-7.9648218900874665,6.7649871452746435,-101.5432468377856,-0.025735305425599226,0.08847574628267324,0.048332057962798144,0.0,0.0,0.0,,
11.117756000000014,-7.93660656023092,6.7783975161858105,-101.567828268269,0.011167824754257004,0.09685213249394303,-0.04971460310207846,0.0,0.0,0.0,,
11.127217000000002,-7.920780972163375,6.681823829274589,-101.58608136107138,-0.011435786237385451,0.07867205614391902,0.10216388705977698,0.0,0.0,0.0,,
11.136783000000008,-7.937854009519005,6.726276873779839,-101.60863063391352,-0.025460647752357228,0.09205927708133588,0.016133438368316388,0.0,0.0,0.0,,
11.146281000000016,-7.908277796191199,6.766903805098542,-101.62267914703965,0.026991676789462953,0.07792111241842548,0.08755944759528209,0.0,0.0,0.0,,
11.155804000000018,-7.948906363625916,6.765078552660824,-101.6385969882995,-0.03134870366020686,0.06701332840200971,-0.014956184669823173,0.0,0.0,0.0,,
11.165306000000015,-7.9474988301257055,6.770598191758751,-101.65366415777916,-0.017768261088114412,0.054096648246198975,0.00984671015029672,0.0,0.0,0.0,,
11.174814999999995,-7.978707193987952,6.8000052723544835,-101.6753827552083,-0.028870486044229822,0.07114610687723186,-0.08465530875997676,0.0,0.0,0.0,,
11.184255000000007,-7.961344587666146,6.719784984956629,-101.69180866783897,-0.0061791756823627916,0.028320548438372582,0.17224291098413821,0.0,0.0,0.0,,
11.193768000000006,-7.942508919748379,6.629517026377973,-101.71293359603737,-0.004605690549265728,0.04178459942121177,0.18184991954051632,0.0,0.0,0.0,,
11.203358000000009,-7.9747415278541345,6.619251323611269,-101.74170009497387,-0.03445607489565208,0.10224457120762323,-0.10469381972134177,0.0,0.0,0.0,,
11.21280200000001,-7.9373550910471895,6.469704136101033,-101.76394839285395,-0.0031630936016771192,0.08252092174301191,-0.13470636860564245,0.0,0.0,0.0,,
11.222374000000002,-7.996149119222218,6.46647342781301,-101.80244296404335,-0.016481047720561897,0.07960788611009052,0.0753534829048864,0.0,0.0,0.0,,
11.231807000000003,-7.975147301929193,6.412259602014279,-101.83469276970203,0.009630837304627375,0.1005077661860222,0.22624699304376578,0.0,0.0,0.0,,
11.241392000000019,-7.952973967465412,6.39251173622043,-101.85723551735373,0.023775492211869722,0.08838128698417033,0.04703074184486103,0.0,0.0,0.0,,
11.250851000000011,-7.930366074832156,6.305343067593847,-101.87542302694293,-0.04300772744555407,0.08593822605678551,-0.11928113546767458,0.0,0.0,0.0,,
11.260413,-7.919924299672391,6.38658154568148,-101.89763260137421,0.016400530192597844,0.07784203352788416,0.008904208470429619,0.0,0.0,0.0,,
11.269929000000019,-7.947614599630978,6.4138753513190405,-101.91429306953238,-0.02205709109041169,0.06784341068195401,0.09461185400286705,0.0,0.0,0.0,,
11.279442000000017,-7.94458770350863,6.373249195862707,-101.92259647942832,-0.03110906714318758,0.04482387100475203,0.04299165660162119,0.0,0.0,0.0,,
11.288954000000018,-7.930390031793549,6.349888234351994,-101.93352216711837,-0.011817841341276393,0.04244054589706666,0.058448327702885786,0.0,0.0,0.0,,
11.298462,-7.991506530817533,6.348808174647531,-101.95531593579615,-0.03627262799498033,0.07324650593573198,0.014292722966465665,0.0,0.0,0.0,,
11.31747900000002,-8.008463889201865,6.2409071751803085,-102.00386547637085,-0.018191408842313624,0.06819458249964747,0.011406409086318712,0.0,0.0,0.0,,
11.326983000000013,-8.037122334057036,6.254030805615066,-102.04242390906043,-0.019826621245296744,0.10315771930611689,0.01641437440818034,0.0,0.0,0.0,,
11.336498000000006,-8.013631602119606,6.249427385200274,-102.07550790641342,0.020490300119417635,0.09577844786891536,0.010725809977171461,0.0,0.0,0.0,,
11.34600900000001,-8.049545588900868,6.232976672231604,-102.11184994445586,-0.020341568326166518,0.07953270546199658,0.07991887950700095,0.0,0.0,0.0,,
11.35551700000002,-8.041218610485389,6.286088183259616,-102.14340834023811,-0.016901707834616763,0.09267722501203814,0.014708153833074012,0.0,0.0,0.0,,
11.365030000000019,-8.034598497784167,6.325379065201153,-102.16401025863796,-0.01279422013915472,0.0835056464485074,0.013025086540788763,0.0,0.0,0.0,,
11.374533000000014,-8.065946468883919,6.316934131754386,-102.17761981790699,-0.03763656318874507,0.056225849088092056,0.012141845738541848,0.0,0.0,0.0,,
11.384051,-8.046091785402002,6.338562603978645,-102.1845193144441,-0.01665230277932361,0.054919304586017854,0.04891098135511353,0.0,0.0,0.0,,
11.39355900000001,-8.054307953603033,6.348864171832437,-102.1907199200229,-0.018740218283669452,0.06118958315197688,0.049086730733150376,0.0,0.0,0.0,,
11.403077999999994,-8.063190574303304,6.309199465836626,-102.19791752585402,-0.023224270957121415,0.04999096535057652,0.05664614408808659,0.0,0.0,0.0,,
11.412582000000015,-8.056945754165394,6.290298545872516,-102.21299017875342,-0.016578567450206142,0.060428056883897255,0.010251672021056544,0.0,0.0,0.0,,
11.422097000000008,-8.075248061055454,6.295452863360326,-102.23968316931607,-0.020434442795257867,0.08373199780358376,-0.02703553877326949,0.0,0.0,0.0,,
11.431551000000013,-8.045011879997789,6.196779230645497,-102.26755144926473,-0.037701449834659326,0.09157595213955619,-0.12748678815499953,0.0,0.0,0.0,,
11.441043000000008,-8.015332163150688,6.12287703268544,-102.30099503975887,0.029548802881901814,0.03823252813488473,0.37046556482769555,0.0,0.0,0.0,,
11.450574000000017,-8.009122525469968,6.063480341213342,-102.33651717458514,-0.023070676495823724,0.10584079806806532,0.12645389424044629,0.0,0.0,0.0,,
11.460059999999999,-7.9252355970320645,5.950710908810482,-102.35510097376245,-0.005529746463052049,0.11474335208464112,-0.2047714871012869,0.0,0.0,0.0,,
11.469592000000006,-7.894993124206359,5.879917441128642,-102.3715569951616,-0.0024475176461160666,0.06895659065747585,-0.11755055686373862,0.0,0.0,0.0,,
11.479153999999994,-7.958885995388194,5.990474124658461,-102.396956206794,-0.03050742626399458,0.08281559271397623,0.07773136934110757,0.0,0.0,0.0,,
11.488596000000001,-7.883149156632414,5.974198940069163,-102.39806066602324,0.027351590646791452,0.07580749693851667,0.3039762217098059,0.0,0.0,0.0,,
11.498184000000009,-7.878846573486938,5.932508922343716,-102.39337340170886,-0.02651273029237258,0.05406912616253129,0.010113586504736299,0.0,0.0,0.0,,
11.507608000000005,-7.817497216305168,5.893734284153693,-102.39205512384592,-0.05089534806867455,0.07672667354942211,-0.18500927735071848,0.0,0.0,0.0,,
11.517198000000008,-7.775825202990533,5.959101560080045,-102.40358809496537,0.02171307335819647,0.06379612109108622,0.062235371468634886,0.0,0.0,0.0,,
11.526712000000003,-7.826340219874653,5.9551765466979525,-102.42503334726972,-0.04147218451909295,0.0682293505323717,0.04354408022959924,0.0,0.0,0.0,,
11.536181,-7.746939988556578,5.8547813163312314,-102.44228589172405,-0.008798873407514913,0.05359362026725276,0.1154175616307662,0.0,0.0,0.0,,
11.545737000000003,-7.755203412156261,5.871034739798463,-102.47648935275816,-0.01605221358813111,0.08726545443251553,0.013131664285069075,0.0,0.0,0.0,,
11.555245000000014,-7.791689564690526,5.894105853839272,-102.51533864546614,-0.03067941650668693,0.10973336706657182,0.01776410001973574,0.0,0.0,0.0,,
11.564758000000012,-7.763035483223211,5.895505098491529,-102.54652070280237,0.01882223218989046,0.08457656513069389,0.00894708881924813,0.0,0.0,0.0,,
11.574275999999998,-7.797714897539831,5.947315357836188,-102.58020773338293,-0.019648537149788488,0.09795318868986658,0.08254103840589148,0.0,0.0,0.0,,
11.583781000000016,-7.7864193835240485,6.036736911660566,-102.60293309385393,-0.014613120810837321,0.11300882002668101,-0.06158901292610617,0.0,0.0,0.0,,
11.593294000000014,-7.7725248982471085,6.0700746198174915,-102.61379349016737,-0.005369979410610069,0.07625162859910793,0.08560165702279765,0.0,0.0,0.0,,
11.602791999999994,-7.7932421910120295,6.136712563991632,-102.62456185477802,-0.03160215076596589,0.06949407463689843,0.01288421462786696,0.0,0.0,0.0,,
11.612302,-7.746864304822014,6.207552468390082,-102.6273567391374,-0.002275302703043333,0.06423200049796951,0.084504277043763,0.0,0.0,0.0,,
11.631326999999999,-7.7467211440168375,6.2104666852323165,-102.63569780068468,-0.023866939114066975,0.04799280737403136,0.009151358214223065,0.0,0.0,0.0,,
11.640836000000007,-7.737937775343868,6.225771669849253,-102.64967522792087,-0.015317862664874213,0.06576467208101235,0.010645613674121703,0.0,0.0,0.0,,
11.650358000000011,-7.750461839205761,6.223725359881037,-102.67295780968365,-0.02264225616260464,0.0794880978463014,0.013327493872244084,0.0,0.0,0.0,,
11.659874000000002,-7.734813902740025,6.1946343432227735,-102.70093773756044,-0.011541735223863515,0.06617963596959311,0.07011229421901488,0.0,0.0,0.0,,
11.669299999999993,-7.709134767283061,6.128343464769569,-102.73444684293942,0.006806360282318381,0.08902650611057798,0.24103918579735029,0.0,0.0,0.0,,
11.678831000000002,-7.669178885698344,6.038904303346481,-102.76551822411982,-0.030223389352529238,0.13940744092264995,-0.1440735426558371,0.0,0.0,0.0,,
11.68839300000002,-7.666989357102086,6.062332819230175,-102.79627606453684,-0.013405718312014103,0.09843296418290487,-0.036896365720481536,0.0,0.0,0.0,,
11.697890000000001,-7.7097661430252336,6.163222243564693,-102.83022839877792,-0.016916241071055153,0.08938325663277291,0.013954069514571718,0.0,0.0,0.0,,
11.707359999999994,-7.6912870452700215,6.1907530532780575,-102.85018661299578,0.004398454783422707,0.07970899017923792,0.24519388266412023,0.0,0.0,0.0,,
11.716931000000017,-7.6652909097553446,6.208768976239085,-102.85445489065656,-0.014700496382337787,0.06654087461480249,0.010646216568170802,0.0,0.0,0.0,,
11.726371999999998,-7.622351433222956,6.1642326393088265,-102.85114382801072,-0.04301601495693886,0.05742478434976573,-0.15739344014481868,0.0,0.0,0.0,,
11.735952999999995,-7.620315778151867,6.222381798129727,-102.85659091507922,-0.01771138059122608,0.05355240707116586,0.009190321628466742,0.0,0.0,0.0,,
11.745407,-7.596165106179269,6.184216123676764,-102.86091691905854,-0.011975216702003999,0.059704977214776474,0.1339741988500913,0.0,0.0,0.0,,
11.754976999999997,-7.590295873918983,6.137099554162094,-102.87191306185227,-0.02617198710537803,0.06511153798443556,0.04544108264669997,0.0,0.0,0.0,,
11.764485000000008,-7.577860302481773,6.110867111935389,-102.89468392815442,-0.012240945950894326,0.08043792790384112,0.012100313556914995,0.0,0.0,0.0,,
11.773998000000006,-7.634776145493759,6.153523158827604,-102.93678436432161,-0.023283699808881328,0.11530890220901742,0.018094319121563087,0.0,0.0,0.0,,
11.78349,-7.638140613227176,6.176718574646716,-102.980065172421,-0.005082380579480094,0.11164251108834171,0.05299162812328045,0.0,0.0,0.0,,
11.793027999999993,-7.663512872930998,6.2011038628586705,-103.02567518997766,-0.006901031792523337,0.09637927832884673,0.07456322416920977,0.0,0.0,0.0,,
11.802528999999993,-7.709905649574617,6.290262553449,-103.06995813150085,-0.02230014642974969,0.11075813782123867,0.01770665676953675,0.0,0.0,0.0,,
11.812039999999996,-7.700800676236983,6.357085480284292,-103.09694914293728,-0.0020081580168937446,0.08803556660882868,0.03913651401912379,0.0,0.0,0.0,,
11.821551999999997,-7.748208235335677,6.395535909023892,-103.11501759349443,-0.02913104233793077,0.06125943772388437,0.011734053085392715,0.0,0.0,0.0,,
11.831058000000013,-7.755286408519774,6.448243774772152,-103.12082906724672,-0.02438304790432077,0.05557106988453997,0.010474650526793979,0.0,0.0,0.0,,
11.840562000000006,-7.7505684007988265,6.4712227178037445,-103.11747784151177,-0.013769516232021163,0.050377046359207436,0.008613500960492288,0.0,0.0,0.0,,
11.850081000000017,-7.78709800786644,6.443210860482956,-103.11655890221256,-0.031045871973590294,0.050154913481313734,0.010448210672094109,0.0,0.0,0.0,,
11.859587000000005,-7.773658944396583,6.41729737737142,-103.12143643947087,-0.011395686556963868,0.058618225774934224,0.03693059315583148,0.0,0.0,0.0,,
11.869100000000003,-7.794290470679755,6.412557684036894,-103.14351441370303,-0.013492929033984332,0.08957858748955824,0.014074772765983066,0.0,0.0,0.0,,
11.878614999999996,-7.819510434121184,6.398812139534235,-103.17992180100619,-0.014739961606788688,0.09697832480244953,0.042279046449795035,0.0,0.0,0.0,,
11.888131000000016,-7.823812934417843,6.401032680587579,-103.22602044427455,-0.0036830542620001233,0.10020984997365476,0.04849746887605792,0.0,0.0,0.0,,
11.897627,-7.86355985984282,6.449115430693545,-103.28103123030752,-0.01602746192805821,0.11388038965586408,0.01791649825500114,0.0,0.0,0.0,,
11.907132000000018,-7.885632637543875,6.500312590718212,-103.32956708032998,-0.014838082280154588,0.10329897896249722,0.01639583643856265,0.0,0.0,0.0,,
11.916661000000005,-7.913977973223553,6.542916259351328,-103.36686816235505,-0.01904645457258008,0.0761388569167341,0.06267027430485318,0.0,0.0,0.0,,
11.926166999999992,-7.944460109174543,6.594029090686315,-103.38972872451778,-0.02330037584270256,0.06479343833021498,0.05878786372400741,0.0,0.0,0.0,,
11.935666999999995,-7.95799239986662,6.618457935875735,-103.39532508092329,-0.01968436531199803,0.05360710278446491,0.03778558488622194,0.0,0.0,0.0,,
11.945164000000005,-7.990436393056776,6.613361028044595,-103.39338138126034,-0.029159399420482568,0.048214578995766526,-0.024373019380496394,0.0,0.0,0.0,,
11.954684000000015,-8.010877824075889,6.604383832119517,-103.39136952479922,-0.02079701369803492,0.04991392092143911,0.00956837857537569,0.0,0.0,0.0,,
11.964201000000003,-8.022318003842939,6.588440655395591,-103.39697590670629,-0.009318136545551269,0.06073150949488471,0.05737349323652753,0.0,0.0,0.0,,
11.973714999999999,-8.032592459607308,6.558143924597971,-103.41559382652525,-0.008891149668775898,0.07539051829031326,0.04847249807319868,0.0,0.0,0.0,,
11.983231000000018,-8.037867929620004,6.536590710611336,-103.44950862101057,-0.007768017261068765,0.09071544205415813,0.013975218092746494,0.0,0.0,0.0,,
11.992736000000008,-8.056468792829682,6.55005223424952,-103.49729526127665,-0.010866522181924325,0.10410090412032355,0.016298799689610205,0.0,0.0,0.0,,
12.002248000000009,-8.07521226371762,6.575934444944205,-103.54949314027752,-0.013987048946982761,0.10386809178986965,0.01668021966609216,0.0,0.0,0.0,,
12.011750000000006,-8.091192551120415,6.604437900651692,-103.596512135859,-0.015304618166469811,0.0867548288346799,0.06137902395293001,0.0,0.0,0.0,,
12.021271000000013,-8.11195354921877,6.648222823297495,-103.63254807766496,-0.02469753130923669,0.08317435210393373,0.01500027341415231,0.0,0.0,0.0,,
12.030777999999998,-8.126371150775629,6.6767657305868635,-103.65087246036444,-0.022575496973697557,0.06385885254604305,0.04727986351427732,0.0,0.0,0.0,,
12.040291999999994,-8.147476167692387,6.68909560298492,-103.65393884428528,-0.02847666938847249,0.05474274435172795,0.011302001490670902,0.0,0.0,0.0,,
12.049796000000015,-8.160229828637657,6.698013735382014,-103.64926473619303,-0.02298817022755026,0.050859436966251434,0.010125150491826775,0.0,0.0,0.0,,
12.059318000000019,-8.167973883803446,6.688717988378964,-103.64490601626001,-0.018494153838110188,0.05448089488270092,0.010151791039971741,0.0,0.0,0.0,,
12.068821000000014,-8.178035437581432,6.666182453024726,-103.65025877272402,-0.01512608806199957,0.06063744806228144,0.03964416397077256,0.0,0.0,0.0,,
12.078329999999994,-8.174466039615787,6.644045110670263,-103.66988216328599,-0.008541257995109222,0.07433359879341288,0.03786253751358446,0.0,0.0,0.0,,
12.087837000000007,-8.177690773569077,6.631315759545088,-103.7062005235709,-0.009625479441517254,0.08781765134439624,0.014016822282420967,0.0,0.0,0.0,,
12.097353999999996,-8.185236827777294,6.6320510039201475,-103.75372836532604,-0.012873557439148505,0.09403381987253133,0.01531217099651439,0.0,0.0,0.0,,
12.106863000000004,-8.186623270686674,6.645087426517765,-103.80400675517086,-0.010636162650158078,0.09035953593365152,0.04598297270819338,0.0,0.0,0.0,,
12.116378999999995,-8.19505006087427,6.66961608107039,-103.84706471942945,-0.015907079668187052,0.0868126999659605,0.04691830573045634,0.0,0.0,0.0,,
12.125887000000006,-8.196044443318117,6.697122318417598,-103.8753722153604,-0.021271325928519574,0.07870581500149298,0.014105124921988904,0.0,0.0,0.0,,
12.135397000000012,-8.194299820794958,6.72477317029209,-103.88695548224597,-0.021964519146875052,0.06694288082196599,0.0124624070085903,0.0,0.0,0.0,,
12.154412000000008,-8.188498990679888,6.754637598255938,-103.87638267526413,-0.02247019829979084,0.05632771166134579,0.010956939282960404,0.0,0.0,0.0,,
12.163934000000012,-8.180546866876108,6.745713975319634,-103.86943809004364,-0.020218076526887157,0.05696167160668114,0.010785808783062456,0.0,0.0,0.0,,
12.173441999999994,-8.173850197286113,6.73243584914999,-103.87458890868373,-0.016934924550202478,0.06465235001428403,0.011550170349506004,0.0,0.0,0.0,,
12.182946000000015,-8.167344363876131,6.71728664978885,-103.89554273033403,-0.014388505586116374,0.07429421172920198,0.012684087504836431,0.0,0.0,0.0,,
12.192461000000009,-8.165648320574268,6.702901623810867,-103.93187399738595,-0.01408587821426305,0.08245857270486791,0.013850837532571308,0.0,0.0,0.0,,
12.201975000000004,-8.164165076602623,6.698536266637458,-103.97845150311142,-0.014266445069730732,0.08857425747991873,0.014780357555317092,0.0,0.0,0.0,,
12.211483000000015,-8.1628698281243,6.704865812538366,-104.02597537750594,-0.014890234745950696,0.08888316069814116,0.014910966428120257,0.0,0.0,0.0,,
12.220999000000006,-8.160460037402709,6.7234049662792685,-104.06510233564015,-0.016719037105525934,0.08551799168523107,0.014642809892611918,0.0,0.0,0.0,,
12.23051000000001,-8.15345388062068,6.749672743402177,-104.08957428656895,-0.017453062567605534,0.07702470207721986,0.013486422237791012,0.0,0.0,0.0,,
12.240014000000002,-8.14222215468057,6.7757562920403,-104.09767452915044,-0.01857724317830231,0.06836753663173313,0.012336007436110623,0.0,0.0,0.0,,
12.249515000000002,-8.126220198915474,6.794193204532069,-104.09283047255296,-0.019466747094326668,0.06102960358142886,0.011339404959116405,0.0,0.0,0.0,,
12.259041999999994,-8.106323045106677,6.802445867104725,-104.08271962396611,-0.018846731725683546,0.0579970282072047,0.010809747991312556,0.0,0.0,0.0,,
12.268538000000007,-8.085696966201432,6.801939491121897,-104.07638037490777,-0.01648720726240004,0.05795180268270588,0.010531103534135663,0.0,0.0,0.0,,
12.278061000000008,-8.067120538461797,6.794722710534448,-104.08223193627278,-0.014929710917941576,0.06543302775187766,0.01146868302139429,0.0,0.0,0.0,,
12.287560000000013,-8.050880559400587,6.781412024739348,-104.10400352227772,-0.011802507284256011,0.06882783885259264,0.04348906249377227,0.0,0.0,0.0,,
12.297079999999994,-8.038247239861239,6.769757109482971,-104.13971589763145,-0.01285524878478948,0.0803551902395588,0.013441384085577546,0.0,0.0,0.0,,
12.306590999999997,-8.032752113260827,6.765836964087775,-104.18509331338032,-0.014269553826756298,0.08377004290194819,0.014103842443401996,0.0,0.0,0.0,,
12.316106000000019,-8.029555442110249,6.7720479708045485,-104.2307675037822,-0.0149332768713759,0.08309586716424604,0.014086898578586268,0.0,0.0,0.0,,
12.325619000000017,-8.026811332369613,6.78406385185851,-104.26796077289298,-0.013698764857611663,0.07542975818479816,0.04761616496435338,0.0,0.0,0.0,,
12.344637000000006,-8.009897836578473,6.815995025557997,-104.29760513538837,-0.01765901176551183,0.06855610744786239,0.012243630533746129,0.0,0.0,0.0,,
12.35414800000001,-7.995897521540731,6.832854828631221,-104.29361035452769,-0.014813408537359286,0.06409312649341829,0.01127342275880201,0.0,0.0,0.0,,
12.363661000000008,-7.98154620514665,6.845780042003774,-104.28652384766433,-0.014887420402412387,0.06288101766324636,0.011103255838955368,0.0,0.0,0.0,,
12.373159000000015,-7.963226618578818,6.847198469584447,-104.2838257705827,-0.012271098802425663,0.05974630426431278,0.010341212673867416,0.0,0.0,0.0,,
12.382683000000014,-7.945623762044184,6.841647843055213,-104.29200735177545,-0.012222133071544116,0.0630749727277076,0.010825326927951963,0.0,0.0,0.0,,
12.392185000000012,-7.9301267057837235,6.830708216254162,-104.31504991188623,-0.01191127210089543,0.06818816041625653,0.011546117297598371,0.0,0.0,0.0,,
12.401688000000007,-7.917563373701284,6.811260903448434,-104.35043663106636,-0.013624068653709144,0.07095478987957941,0.012119084561114643,0.0,0.0,0.0,,
12.411215999999996,-7.912793010344657,6.796491682337012,-104.39323924364797,-0.01574650356222504,0.07349371570591155,0.012709634889563186,0.0,0.0,0.0,,
12.420715999999999,-7.910853613596127,6.792132345661976,-104.43589188102962,-0.017262433343224214,0.0781958914500276,0.01357409651963101,0.0,0.0,0.0,,
12.430230999999992,-7.911427442357853,6.792565223240947,-104.47043686720784,-0.01494792737072125,0.07601438552267138,0.0492647053048977,0.0,0.0,0.0,,
12.439737000000008,-7.915448228304469,6.803390365769995,-104.49378691988294,-0.01996401524176374,0.08067450198873438,0.014255895163563249,0.0,0.0,0.0,,
12.449252999999999,-7.91888352366631,6.824881952851177,-104.50567710904274,-0.017307381443898182,0.07716398097056755,0.013476931458106682,0.0,0.0,0.0,,
12.458765999999997,-7.92579277995547,6.84798028407894,-104.51020258687437,-0.013825459453567515,0.06823177405751667,0.03803272674505157,0.0,0.0,0.0,,
12.468254000000002,-7.930997511594254,6.867042696549508,-104.51254368318197,-0.011680791269164412,0.062264739936329444,0.050130134459570444,0.0,0.0,0.0,,
12.477785000000011,-7.933345050165206,6.877636130619964,-104.51826791970282,-0.012448990396702428,0.06408940375106081,0.011053788341821965,0.0,0.0,0.0,,
12.487292999999994,-7.939455484321827,6.874315619135284,-104.53291941568028,-0.01225998954453385,0.05663469663946073,0.009901893208832599,0.0,0.0,0.0,,
12.496798000000013,-7.944373788749597,6.864601366028162,-104.55814514329775,-0.012108432358758596,0.05678282661643016,0.009903496861586085,0.0,0.0,0.0,,
12.506310000000013,-7.945915385642239,6.848579622589432,-104.59125179243827,-0.010989721026441334,0.06179777164895553,0.010533916901830115,0.0,0.0,0.0,,
12.51582000000002,-7.944275130512905,6.8206209530596995,-104.62745652668951,-0.01230763007491278,0.06338334067483686,0.010886970082874897,0.0,0.0,0.0,,
12.525334000000015,-7.942941341724195,6.797517395630025,-104.66238186426472,-0.014569578040296153,0.07184710794033189,0.01238154269651864,0.0,0.0,0.0,,
12.534840000000003,-7.9453755422893835,6.791457610149246,-104.69276456765297,-0.015486682675937348,0.08042719538762585,0.013769966128389372,0.0,0.0,0.0,,
12.544360000000012,-7.949201614485915,6.797926064642562,-104.7164050851884,-0.015955830605008194,0.08492973643316308,0.014513034837669404,0.0,0.0,0.0,,
12.553859000000017,-7.955791913692252,6.816086282126901,-104.73305414216148,-0.013409869388306482,0.0805119169338329,0.04432142017803118,0.0,0.0,0.0,,
12.563391999999993,-7.967474960297426,6.844291172591431,-104.74684171742803,-0.014283343706953753,0.07797095894287709,0.048134261723642796,0.0,0.0,0.0,,
12.572892999999993,-7.981804828417554,6.873691813071752,-104.7601610751706,-0.01716456531029811,0.07516064246917029,0.01328290941830159,0.0,0.0,0.0,,
12.582400000000007,-8.0010561987817,6.894230889688206,-104.77754270563732,-0.01729171922121775,0.0638583143912147,0.011605877204191168,0.0,0.0,0.0,,
12.591906999999992,-8.021270801263345,6.902430154184181,-104.7996923171187,-0.017383283762946428,0.05451638233283625,0.010205467185939959,0.0,0.0,0.0,,
12.601421000000016,-8.040683662880403,6.89517296666265,-104.82681166543578,-0.017400364963122555,0.051171340533032274,0.009700363874298897,0.0,0.0,0.0,,
12.610930999999994,-8.059167503228418,6.868732307018511,-104.85650257141499,-0.01700483206786318,0.051311576255139664,0.009669572236461244,0.0,0.0,0.0,,
12.620436000000012,-8.073455436602872,6.835424101274396,-104.88631691689172,-0.014822035441788629,0.05562385487717476,0.010075372553999568,0.0,0.0,0.0,,
12.629946000000018,-8.086557701075325,6.812325911840198,-104.9150794903269,-0.012522026932020206,0.06796002850232435,0.011694421519414088,0.0,0.0,0.0,,
12.63947300000001,-8.095766602636687,6.798221383721987,-104.94031455638721,-0.008209293440396047,0.07501847301123545,0.04010020381682491,0.0,0.0,0.0,,
12.648977000000002,-8.101961314100707,6.797490373119257,-104.96182902297583,-0.007289504698501616,0.08208769459527204,0.049038309782380045,0.0,0.0,0.0,,
12.667997000000014,-8.11257018200486,6.855451815516138,-104.99830087689939,-0.00993408688896851,0.08680343718898344,0.014374140353604669,0.0,0.0,0.0,,
12.677504999999996,-8.121574953278529,6.894950855581082,-105.01779129225423,-0.01462833660597764,0.07704072164495791,0.01343998409633994,0.0,0.0,0.0,,
12.687025000000006,-8.130781705183967,6.92730773827018,-105.03903361706823,-0.015567474488585947,0.06084322611181143,0.04049893047336446,0.0,0.0,0.0,,
12.696532000000019,-8.142274003659509,6.942675395435913,-105.06159837833177,-0.018976210906964424,0.05048971597539944,0.0368633510128572,0.0,0.0,0.0,,
12.706040999999999,-8.156442941098272,6.937147768825984,-105.08553745073047,-0.02240445782731661,0.04656098574062193,0.00963342411803114,0.0,0.0,0.0,,
12.715540000000004,-8.173654747537773,6.9164875738915175,-105.11070522690684,-0.022081482927088458,0.045614738719755216,0.009448598004190581,0.0,0.0,0.0,,
12.725052000000005,-8.191941387454941,6.8900218026425755,-105.13638825678282,-0.01994907546220981,0.05405738796952741,0.010515228537551885,0.0,0.0,0.0,,
12.73457400000001,-8.205835698220461,6.862002319716241,-105.16045280752796,-0.01244109027734566,0.06138102133893021,0.041770018752422006,0.0,0.0,0.0,,
12.744077000000004,-8.217984792287085,6.846028854645616,-105.18385538297716,-0.011003254915469208,0.07959354440950012,0.013453268124662006,0.0,0.0,0.0,,
12.753589000000005,-8.227756601770997,6.851654229016716,-105.20728612818938,-0.007294689229198206,0.08880961486667784,0.014485433183557059,0.0,0.0,0.0,,
12.763113000000004,-8.234196654061169,6.879504774872559,-105.23141957550503,-0.006268413772061966,0.09205787746329265,0.014924837293772813,0.0,0.0,0.0,,
12.77260800000002,-8.237551325416353,6.919633729410051,-105.25424364214963,-0.005354875296836687,0.08329718426263864,0.042460348710176975,0.0,0.0,0.0,,
12.791631999999993,-8.239003492017533,7.001234297119667,-105.29543119150847,-0.01813576394639815,0.06368473360723945,0.011959197227971806,0.0,0.0,0.0,,
12.801140000000004,-8.239320752938008,7.0237758634747065,-105.31307525080561,-0.020248686915053004,0.05133546554258337,0.010268768425094736,0.0,0.0,0.0,,
12.810669000000019,-8.240284251719839,7.02554677444363,-105.3284650226843,-0.023000313023696452,0.04301873333952721,0.009259687671855088,0.0,0.0,0.0,,
12.820177999999999,-8.242187076541198,7.009808425198781,-105.34368763422393,-0.022941779470456156,0.04579369465367889,0.009680944415148055,0.0,0.0,0.0,,
12.82968200000002,-8.243170198607451,6.982741690936491,-105.35996033945224,-0.017309892989428182,0.04928382965281484,0.036198442527669676,0.0,0.0,0.0,,
12.839195000000018,-8.248333968158423,6.958435643674091,-105.37990963441186,-0.016801444898841274,0.06666166014660847,0.012248477127471749,0.0,0.0,0.0,,
12.848700000000008,-8.252876409796812,6.948360118736868,-105.4040499711371,-0.011086856593927013,0.08064104523775319,0.01380742117364542,0.0,0.0,0.0,,
12.858206999999993,-8.256924858904705,6.956494236678516,-105.43276301456451,-0.007973929772577468,0.08971147624636543,0.014906203051398005,0.0,0.0,0.0,,
12.867734000000013,-8.26048874609292,6.981331698068076,-105.4637610556144,-0.005615194733232949,0.08861487098165075,0.04911113554024155,0.0,0.0,0.0,,
12.877230999999995,-8.26195221182421,7.0196720184193335,-105.49331090589342,-0.006619786300521574,0.08403195632306179,0.03970503667671486,0.0,0.0,0.0,,
12.886741999999998,-8.263503732535492,7.063831171116777,-105.51886581682845,-0.013035261263058665,0.07612781769926956,0.013476226887357116,0.0,0.0,0.0,,
12.896253000000002,-8.26214218116066,7.104230556396089,-105.53849191719439,-0.016137389288918096,0.06321163461978704,0.011804494141368482,0.0,0.0,0.0,,
12.905761000000012,-8.257637519003971,7.127160419384017,-105.55138078880307,-0.01885539199488772,0.051008188344221016,0.01016935151028812,0.0,0.0,0.0,,
12.915280999999993,-8.251018485570855,7.132077657863431,-105.5591880278765,-0.02054053061994509,0.045359863928475866,0.00944821737826717,0.0,0.0,0.0,,
12.924770999999993,-8.240751068423005,7.120391975878905,-105.56396121258871,-0.01785542339115207,0.04662712378806561,0.009349020321862668,0.0,0.0,0.0,,
12.934292999999997,-8.232186450371731,7.10067451643734,-105.57264633205324,-0.0167731208614988,0.05370782986091431,0.010341552049097796,0.0,0.0,0.0,,
12.943801000000008,-8.22340197695395,7.080989445949134,-105.58746868774594,-0.013526552599870114,0.06673361123510971,0.012042089048905809,0.0,0.0,0.0,,
12.953322000000014,-8.215186768617878,7.070759112888107,-105.61038806050452,-0.007143389640539278,0.07581284570155072,0.03826480374063146,0.0,0.0,0.0,,
12.972336000000013,-8.21008013268186,7.094635785365208,-105.67657025362111,-0.010074860114828756,0.09115857097605988,0.015576543963569863,0.0,0.0,0.0,,
12.981847000000016,-8.210001819822292,7.128419669112588,-105.71202919289348,-0.01047198563238363,0.08692021617711863,0.01499778576655346,0.0,0.0,0.0,,
12.991356999999994,-8.210678094987191,7.16470777191191,-105.74230986708217,-0.01442197127354736,0.07630897240575336,0.013770220367306614,0.0,0.0,0.0,,
13.000868999999994,-8.210972247886179,7.193939375102925,-105.7635245565668,-0.015489307263646659,0.05928702560577241,0.03667554628759781,0.0,0.0,0.0,,
13.010383000000019,-8.208700306269858,7.213770590376895,-105.77498636671443,-0.018310725628227484,0.053694121722771285,0.010595025081610006,0.0,0.0,0.0,,
13.019891000000001,-8.204333083072482,7.21601985267518,-105.7800892129095,-0.01913021067263425,0.04661486139762542,0.00953868032237231,0.0,0.0,0.0,,
13.029406999999992,-8.197245416385693,7.205666122500881,-105.78277630833658,-0.017300557312517725,0.04907394768395123,0.009730991041146338,0.0,0.0,0.0,,
13.038917999999995,-8.184773028482958,7.186808976538046,-105.78793580044344,-0.01196310648649669,0.056269849507257615,0.010305595517991357,0.0,0.0,0.0,,
13.067443999999995,-8.156130841251837,7.155915643023324,-105.85572104347612,-0.007275356366287578,0.08491413219936068,0.014367647701174784,0.0,0.0,0.0,,
13.076956999999993,-8.152402207804665,7.168266859696574,-105.89336576909143,-0.006142319265875215,0.08288899429063673,0.04146649851089082,0.0,0.0,0.0,,
13.086479999999995,-8.15111054295744,7.187957040224879,-105.92993976955962,-0.010030294841992428,0.07772020083496645,0.039870621962150334,0.0,0.0,0.0,,
13.095973000000015,-8.151014913495708,7.211203478013812,-105.96080994415209,-0.015048646541895435,0.07427175185000465,0.013548981567537378,0.0,0.0,0.0,,
13.105501000000004,-8.152513446602663,7.231714288377108,-105.98203070797302,-0.01766672818757724,0.06409300590661979,0.012202173184099378,0.0,0.0,0.0,,
13.115000000000009,-8.153745253390724,7.241661231854294,-105.99344904418871,-0.018918323745102734,0.05523706571675842,0.01090960003409671,0.0,0.0,0.0,,
13.12450800000002,-8.152184808076466,7.238366944170395,-105.998553790116,-0.017956035442121147,0.05078353132480724,0.01008520105456457,0.0,0.0,0.0,,
13.13401300000001,-8.150200256034005,7.224477832648621,-106.00285850101346,-0.015846677910687095,0.052976687437864226,0.010208850017173064,0.0,0.0,0.0,,
13.15303800000001,-8.142322385035074,7.183908143456096,-106.02924490871207,-0.007567172486099999,0.06728806956074818,0.01161633819079496,0.0,0.0,0.0,,
13.16253900000001,-8.139047868047836,7.1678225660403285,-106.0563252935946,-0.006997651554686957,0.07545719799970847,0.01285342920988279,0.0,0.0,0.0,,
13.172055,-8.137484514223125,7.158676220625347,-106.09144639242194,-0.0077547642667273094,0.0806057236539263,0.013750670029714552,0.0,0.0,0.0,,
13.191073000000017,-8.140163268244894,7.170142136595488,-106.16435404530546,-0.012440212663400299,0.07869494899794498,0.013953664749649333,0.0,0.0,0.0,,
13.200590000000005,-8.142865399463178,7.182273848174179,-106.19199212951483,-0.015212573803890746,0.07146930164888561,0.01309543962906829,0.0,0.0,0.0,,
13.210103000000004,-8.145830150278478,7.190328698298017,-106.2101491576064,-0.017645991401254304,0.06371884281015949,0.0121084808439513,0.0,0.0,0.0,,
13.219605000000001,-8.147510165109853,7.192167239192788,-106.21928710055958,-0.017841670645901177,0.057724900287995144,0.011164329404259522,0.0,0.0,0.0,,
13.229135000000014,-8.149114007387336,7.18623628975217,-106.22470424171408,-0.01698927011692222,0.055345790163855026,0.010688148689611156,0.0,0.0,0.0,,
13.238630999999998,-8.150601173944699,7.172148644813816,-106.23171212057505,-0.014313796043640971,0.05663170640950398,0.010607674679309391,0.0,0.0,0.0,,
13.248142000000001,-8.152088716695658,7.15325751469,-106.24525779254283,-0.012124779376481466,0.0614002529650339,0.011132850073758846,0.0,0.0,0.0,,
13.257652000000007,-8.154401237439654,7.132526685912861,-106.26822705176227,-0.010153497549187587,0.06877489840387478,0.012095235664459256,0.0,0.0,0.0,,
13.267162000000013,-8.158541218721526,7.113911086395583,-106.30092128284369,-0.00895964675605965,0.0733178664239485,0.012684196745050174,0.0,0.0,0.0,,
13.276664000000011,-8.164299471287434,7.101910365099424,-106.33968620401888,-0.009333620126815496,0.07666836804985062,0.013252476681310476,0.0,0.0,0.0,,
13.286194999999992,-8.17157986211567,7.0961507169274824,-106.37891276698183,-0.010995032192637455,0.07724916664933736,0.013518994297131248,0.0,0.0,0.0,,
13.295701000000008,-8.177417800137464,7.095722942727699,-106.41271025316864,-0.012274973335623059,0.07411248574677788,0.01315541727890989,0.0,0.0,0.0,,
13.30522000000002,-8.183167269735895,7.099837237576376,-106.43790066364944,-0.014704097828044736,0.0696994891671012,0.012710139163540676,0.0,0.0,0.0,,
13.31472100000002,-8.18772542351355,7.10194123754288,-106.45220086938244,-0.016008647078943308,0.06324885614059432,0.011816180532492527,0.0,0.0,0.0,,
13.324238000000008,-8.190914921487803,7.10348973378257,-106.45923100715181,-0.016108375200701266,0.060991947165956704,0.011468001280371674,0.0,0.0,0.0,,
13.333740000000006,-8.192646305746164,7.097293803549802,-106.46337012510492,-0.016030938163976615,0.05857295231192732,0.011066962645193707,0.0,0.0,0.0,,
13.343265000000002,-8.191824257180327,7.085593375059515,-106.47007009172646,-0.013030472344954757,0.060218913924829476,0.01100831153189376,0.0,0.0,0.0,,
13.352760000000018,-8.191231975954532,7.068580942886888,-106.48434713450679,-0.011852328690651774,0.062467950047629256,0.011230154037116134,0.0,0.0,0.0,,
13.362273000000016,-8.193160815993267,7.051584495138256,-106.50938170181547,-0.01079367636272764,0.06751868199491998,0.011913184514132358,0.0,0.0,0.0,,
13.371789000000007,-8.193295211324509,7.031476270968823,-106.54306742624773,-0.006056962219965512,0.0651882181255818,0.05996074814724681,0.0,0.0,0.0,,
13.381297000000018,-8.207329994751637,7.0257338686274755,-106.5832853740831,-0.012144184180605644,0.07367762927767697,0.013022573957356868,0.0,0.0,0.0,,
13.390809000000019,-8.207464599731862,7.01321851834938,-106.62164609530943,-0.008582981742865089,0.06635344260996492,0.04177122163269419,0.0,0.0,0.0,,
13.400322000000017,-8.218036967812525,7.009235846154146,-106.65490607737051,-0.01245549033903032,0.06288618279499618,0.05853461411898423,0.0,0.0,0.0,,
13.40982200000002,-8.2257181334849,7.016728919643995,-106.67786630448978,-0.016530282990110997,0.07185415623611854,0.01319786245690279,0.0,0.0,0.0,,
13.419337000000013,-8.217406651864481,7.009179233144659,-106.68827963302564,-0.01104548563471188,0.05863828486831542,0.010505259252548695,0.0,0.0,0.0,,
13.428848000000016,-8.230455467369133,7.011808967481923,-106.6953261404516,-0.01813832583913574,0.0585729166298874,0.011243753204446934,0.0,0.0,0.0,,
13.438355999999999,-8.224195289435439,7.020686003386305,-106.69898478434244,-0.009543297452391884,0.0609224360806224,0.05151977661650161,0.0,0.0,0.0,,
13.447868,-8.21268985908253,7.005395002453358,-106.70442008664739,-0.0051667535553376245,0.05597867387272097,0.06410108975970547,0.0,0.0,0.0,,
13.457384000000019,-8.226041266351478,6.998507856662443,-106.721151073825,-0.018588955150427636,0.06763001918987158,-0.022290289074934858,0.0,0.0,0.0,,
13.466905999999994,-8.213092103403573,6.996716033650123,-106.74630343758518,-0.0037807384517088336,0.06389258819134992,0.042593589976849755,0.0,0.0,0.0,,
13.476406999999995,-8.228252952602015,6.993612725201803,-106.78118587934414,-0.011920640928651145,0.06641603910553699,0.04462734870997349,0.0,0.0,0.0,,
13.48591300000001,-8.227586933309405,6.983520684030306,-106.8176576553494,-0.011247107465528023,0.0662805882030773,0.045745569474633076,0.0,0.0,0.0,,
13.495427000000007,-8.221305037774242,6.975337130915656,-106.85231726708831,-0.009764084095618984,0.0637474524288275,0.011168343258575695,0.0,0.0,0.0,,
13.504931,-8.243646171411775,6.981769461790481,-106.88374381168647,-0.020731516899981865,0.06777101368823779,0.01297278870830368,0.0,0.0,0.0,,
13.514441000000005,-8.23257402026749,6.981930656990118,-106.90227473361135,-0.008186158615717757,0.05940012519666075,0.0386350137905272,0.0,0.0,0.0,,
13.523945999999995,-8.23247759504952,6.977827812491323,-106.91282043696276,-0.010543634775057327,0.05654610571367201,0.04710546495437453,0.0,0.0,0.0,,
13.533468,-8.233809162002501,6.98548334338961,-106.91920952018091,-0.014740450020403249,0.06551798180955791,0.011990353186135968,0.0,0.0,0.0,,
13.54298,-8.214778141803647,6.9899116370930034,-106.92356203796811,-0.0058133990805364745,0.06692484940247283,0.011284996858858868,0.0,0.0,0.0,,
13.552480000000003,-8.219137333257416,6.993761581417052,-106.93521423317637,-0.014483791989532232,0.06883079620884514,0.012494147198418128,0.0,0.0,0.0,,
13.562009000000018,-8.202131068068349,7.003019616209118,-106.95317618971364,-0.004997842393509825,0.06666565017938651,0.04962965226764447,0.0,0.0,0.0,,
13.571517,-8.196897520572627,7.009975345093931,-106.97932440086507,-0.010641032839144353,0.07099138939345165,0.012452407176494942,0.0,0.0,0.0,,
13.581015000000008,-8.200987204012359,7.010521232917821,-107.01197445603101,-0.016365077745669677,0.06760264685420007,0.01250490925707697,0.0,0.0,0.0,,
13.590527000000009,-8.19530836478727,7.017072119568509,-107.04579016217842,-0.012720010621604307,0.06570191329889127,0.011832175094682849,0.0,0.0,0.0,,
13.600041000000004,-8.202938544415069,7.023531074692534,-107.07694940356771,-0.01434070679504309,0.06198814614809185,0.039738618000821374,0.0,0.0,0.0,,
13.609542000000005,-8.200623235614263,7.019291269430987,-107.09950046204625,-0.012317193368140395,0.055232965240547716,0.0441411623353441,0.0,0.0,0.0,,
13.619056,-8.199334835846672,7.0186081605684825,-107.11472758410713,-0.014651916179438866,0.06223731228662347,0.011484108830955828,0.0,0.0,0.0,,
13.628569999999996,-8.199482801648227,7.027120386625061,-107.1249925134359,-0.011990437710036567,0.06510060870631673,0.011680355946290952,0.0,0.0,0.0,,
13.638089000000008,-8.192568652344164,7.031786705204696,-107.13223385453266,-0.009050687566453598,0.06517888628129735,0.01139391843078354,0.0,0.0,0.0,,
13.647597000000019,-8.186139252212126,7.042975406327046,-107.14254176160262,-0.0064745666214444785,0.06723380950923025,0.037557279675134565,0.0,0.0,0.0,,
13.657110000000017,-8.172489072421884,7.055435488846063,-107.1576886453892,-0.0028904538526859152,0.06918688748100704,0.043966359489332286,0.0,0.0,0.0,,
13.666615000000007,-8.164435490798239,7.063850111248887,-107.17980603942051,-0.009412582383099149,0.07203873708845125,0.01256007116956251,0.0,0.0,0.0,,
13.676120999999995,-8.157941168543271,7.077567838631938,-107.20833603147817,-0.010058996193910527,0.07022860269797927,0.012349016273481488,0.0,0.0,0.0,,
13.685640000000006,-8.153847254791446,7.090931963683935,-107.23948715029323,-0.010844850299566456,0.0661977053428017,0.011793081478115822,0.0,0.0,0.0,,
13.695150000000012,-8.155357868230796,7.098358080693132,-107.26959341029608,-0.013820861695337767,0.06067695218572103,0.03858380049862768,0.0,0.0,0.0,,
13.704657999999995,-8.148437886063524,7.101112217214474,-107.29355830835807,-0.01125675577814403,0.05717964594090908,0.03923868596728323,0.0,0.0,0.0,,
13.714165000000008,-8.150648604026253,7.104305251382133,-107.31118950352763,-0.016006767078030587,0.06094468145519935,0.01148106081180891,0.0,0.0,0.0,,
13.723679000000004,-8.148287145176848,7.108265155159898,-107.32298312311002,-0.013854763052624567,0.06226836872328837,0.01148209339672907,0.0,0.0,0.0,,
13.733181000000002,-8.145859124216523,7.110313360366117,-107.33203203827729,-0.011927722579127603,0.06369035878036129,0.011520064594923338,0.0,0.0,0.0,,
13.742699000000016,-8.146113072341782,7.114690979754349,-107.3428569433716,-0.008608030204829191,0.06449002165852027,0.04615849715524923,0.0,0.0,0.0,,
13.752216000000004,-8.138714038657705,7.12313727221784,-107.35701794645068,-0.006662867773675004,0.0727758069519752,0.012477602082854488,0.0,0.0,0.0,,
13.76172200000002,-8.139395834902729,7.1311077779798335,-107.37863901992144,-0.007610090401202784,0.07367677492276299,0.012731156549983974,0.0,0.0,0.0,,
13.771231999999998,-8.141647350269036,7.143532785246199,-107.40679724185365,-0.009589910676404209,0.07278622536167753,0.01280369951167992,0.0,0.0,0.0,,
13.780749000000014,-8.139211407903698,7.160177629551387,-107.43903858937416,-0.00356135823216998,0.06901496427714959,0.03858091784290179,0.0,0.0,0.0,,
13.790249000000017,-8.143303313751543,7.167154318577797,-107.47081595766353,-0.009648231217578546,0.06390952277500139,0.03814610691726846,0.0,0.0,0.0,,
13.799772000000019,-8.143157113766799,7.174145664047374,-107.4990264210686,-0.01222458844944083,0.063215527711577,0.011548859662012597,0.0,0.0,0.0,,
13.80926500000001,-8.144734299083824,7.182660267637488,-107.52092830595568,-0.01273190158665124,0.06145609514667099,0.011322691325303573,0.0,0.0,0.0,,
13.818780000000004,-8.146690594056704,7.183689406295921,-107.53627198734854,-0.015125685786468508,0.06013549661381675,0.011348160371037827,0.0,0.0,0.0,,
13.828302000000008,-8.1451084914435,7.184084842507414,-107.54686123302197,-0.013108738964115851,0.06256588528505676,0.011545276412528968,0.0,0.0,0.0,,
13.837794000000002,-8.144280647185779,7.184693358298618,-107.55625569292643,-0.009409223464022327,0.061690245055065034,0.036584842211395324,0.0,0.0,0.0,,
13.847307999999998,-8.145063118718149,7.185285058437538,-107.56914308611029,-0.010265561421110304,0.06827686438371344,0.012200289012147746,0.0,0.0,0.0,,
13.856831,-8.148255613977563,7.187772756500192,-107.58803597050502,-0.009388000529423585,0.07000077251883054,0.012401611093790843,0.0,0.0,0.0,,
13.866338000000013,-8.152365296674416,7.192385244374603,-107.61371457856855,-0.006215368274751105,0.06835088388989564,0.03815921879262955,0.0,0.0,0.0,,
13.875842000000006,-8.159723783125122,7.196621446532752,-107.6449565737196,-0.0073548538390385935,0.06843430172205064,0.03782914388829873,0.0,0.0,0.0,,
13.885358999999994,-8.166525780366706,7.198697308786208,-107.67821704728202,-0.010587309075372796,0.07046009110898492,0.012627245695585427,0.0,0.0,0.0,,
13.904386000000017,-8.183697414729256,7.208520451022379,-107.73739531125187,-0.012626252931837386,0.06688188632283806,0.012267499351682344,0.0,0.0,0.0,,
13.913881000000003,-8.189137075780875,7.2106322042069655,-107.75808101225367,-0.009861851700010686,0.06061465764113729,0.04091509825996649,0.0,0.0,0.0,,
13.923399000000018,-8.19143905673461,7.206506929234583,-107.77322453335819,-0.00859549441218698,0.05800500405222505,0.054268864656951445,0.0,0.0,0.0,,
13.932913000000013,-8.201311500984913,7.213102515828483,-107.78592124581888,-0.011373499427121082,0.06568977396269311,0.011965115772133626,0.0,0.0,0.0,,
13.942428000000007,-8.197260856481789,7.211684902625557,-107.797594401745,-0.00450115453309443,0.06137388331993114,0.037804787501939885,0.0,0.0,0.0,,
13.951932999999997,-8.207347386940299,7.214963668957863,-107.81461484099184,-0.011973721355033091,0.06812718898372977,0.012434787292933291,0.0,0.0,0.0,,
13.961444999999998,-8.20797586465135,7.216998036800766,-107.83611800657816,-0.006425320354675182,0.06655413100896032,0.045614068802603415,0.0,0.0,0.0,,
13.970961000000017,-8.205395714093932,7.2096165873237,-107.8610860074837,-0.007130688291476544,0.06577506321829456,0.011561549989716171,0.0,0.0,0.0,,
13.980469,-8.221552710309835,7.206773481498797,-107.89224470190025,-0.015493209565705216,0.06559191896105869,0.012373113243414372,0.0,0.0,0.0,,
13.989975000000015,-8.225638694226749,7.206242746307184,-107.92301974914992,-0.012026661405190037,0.06735038007270518,0.012321954119861126,0.0,0.0,0.0,,
13.999495999999994,-8.235087314320717,7.196957542375226,-107.95155338175131,-0.01015604507396125,0.061294357360359375,0.052849014730920574,0.0,0.0,0.0,,
14.009006999999997,-8.249701965591203,7.190763824864853,-107.97658715980744,-0.015792289479378746,0.06830112411173965,0.012857357566083574,0.0,0.0,0.0,,
14.018525000000011,-8.251153282024886,7.188697229405159,-107.99571860916306,-0.006738089551780116,0.06421474571954819,0.04332446157104802,0.0,0.0,0.0,,
14.028047000000015,-8.271136401534541,7.192607406669437,-108.01349369416883,-0.013424885324344686,0.06959133972106947,0.012851793589081522,0.0,0.0,0.0,,
14.037543999999997,-8.273190810290778,7.1945032623085625,-108.02953703826317,-0.005535843708782511,0.06463204050370382,0.042369244022257856,0.0,0.0,0.0,,
14.047049000000015,-8.277618554298476,7.199129550904843,-108.04666340678368,-0.0077735567801990755,0.06776422096632664,0.01199654163259592,0.0,0.0,0.0,,
14.056569999999994,-8.285128852970537,7.201156742752248,-108.06695106107712,-0.011934156626143864,0.06698568596024564,0.012293154266256764,0.0,0.0,0.0,,
14.066057999999998,-8.281297259521137,7.199145540560995,-108.08903118543496,-0.007856771506274422,0.06249401359729428,0.011137982655270615,0.0,0.0,0.0,,
14.07557700000001,-8.285586173402514,7.191208828900771,-108.11474573953852,-0.01292792967673552,0.0614222294982956,0.011465274910436921,0.0,0.0,0.0,,
14.085087000000016,-8.286397342023388,7.18064547339726,-108.14029180355453,-0.01451814658694402,0.061864334803207494,0.011689828136898806,0.0,0.0,0.0,,
14.094587000000018,-8.283915567005163,7.166669048710032,-108.16455364860921,-0.009506416193545546,0.06122257364547115,0.03942350607022633,0.0,0.0,0.0,,
14.10411000000002,-8.290082766702344,7.152164076605552,-108.18693163908725,-0.014730739870074054,0.06703498278358966,0.012542151220218527,0.0,0.0,0.0,,
14.11361500000001,-8.289862267203086,7.1472125553229455,-108.20698820428012,-0.011323708135712566,0.07115204185550737,0.012875806970793525,0.0,0.0,0.0,,
14.123133999999993,-8.29548748337744,7.14783993377946,-108.22617771731903,-0.011226187602278878,0.07416173642128349,0.013368658647473376,0.0,0.0,0.0,,
14.132653000000005,-8.298148709410706,7.148889935358297,-108.24463150351464,-0.006956716282030337,0.06874944958323861,0.043634584918376275,0.0,0.0,0.0,,
14.14214800000002,-8.299190057952824,7.159620026870625,-108.26483491188556,-0.007954568473326273,0.0729555766875461,0.012861381886316749,0.0,0.0,0.0,,
14.151651000000015,-8.304157056316326,7.171033782556871,-108.28713466309836,-0.010051845249605233,0.07011530106559415,0.012619795435317605,0.0,0.0,0.0,,
14.161181,-8.305745283803992,7.1744359962121695,-108.31004658765063,-0.011143792548236789,0.06204074373936527,0.011397870376083771,0.0,0.0,0.0,,
14.170682999999997,-8.306672196388563,7.173126435439913,-108.33350664821995,-0.010517515834378457,0.05604124251644537,0.03777726188469057,0.0,0.0,0.0,,
14.180192000000005,-8.304033369740875,7.161936291096905,-108.35598341182774,-0.013493049857424189,0.0564329991733229,0.010694516864618898,0.0,0.0,0.0,,
14.189706000000001,-8.303206420145825,7.143073612834734,-108.37676600514698,-0.015068544735617882,0.057786557885265884,0.011060034130401181,0.0,0.0,0.0,,
14.199207000000001,-8.29888296924783,7.128346823775257,-108.39511290519577,-0.011970092342868834,0.061915956700109465,0.011417000561479644,0.0,0.0,0.0,,
14.208724000000018,-8.293062295479684,7.1149115370284175,-108.41197454451542,-0.009287942399606997,0.06716511287901733,0.011998911273276815,0.0,0.0,0.0,,
14.218236000000019,-8.288663551652338,7.106350186507619,-108.42853690118513,-0.007922490585804002,0.0685965351810277,0.04230843449434073,0.0,0.0,0.0,,
14.227737000000019,-8.27931807448029,7.106801736880978,-108.44546673558888,-0.007127760177335171,0.07578782759869579,0.01319031859898052,0.0,0.0,0.0,,
14.237251000000015,-8.27334257773125,7.1138288187570415,-108.46492661249306,-0.008084501330248054,0.07546345578410764,0.013239634098481553,0.0,0.0,0.0,,
14.256279000000006,-8.26180611099234,7.1381802683642235,-108.51099302783761,-0.00789335652766774,0.06505876810230195,0.037278976364448775,0.0,0.0,0.0,,
14.265788000000015,-8.259263564502287,7.14342095826436,-108.53519368151791,-0.010954855663652932,0.059556790474697155,0.038920053516622345,0.0,0.0,0.0,,
14.275295,-8.254505966618273,7.143527098896125,-108.55841895332736,-0.013833462626214965,0.05978200298615083,0.01125025090424156,0.0,0.0,0.0,,
14.284811000000019,-8.252954813680109,7.133397452277464,-108.57936991478854,-0.01470569149489093,0.055684562280401285,0.010650362030020745,0.0,0.0,0.0,,
14.294325000000015,-8.250527916474567,7.122103117248778,-108.59750030672622,-0.013579186960722476,0.05986079679932369,0.011218270510618538,0.0,0.0,0.0,,
14.303840000000008,-8.244872785872793,7.110709949445624,-108.6138831768025,-0.010505704257544891,0.06469108152020084,0.011698602666695,0.0,0.0,0.0,,
14.313345999999996,-8.239561244984417,7.099073846295661,-108.62965306589335,-0.009651505641927694,0.06895900095227282,0.012303391563918738,0.0,0.0,0.0,,
14.322850000000017,-8.22750804648381,7.093812395489117,-108.64596893005394,-0.0024266916485405554,0.06779444190696193,0.046888941140177616,0.0,0.0,0.0,,
14.332359999999994,-8.221446407164427,7.101782971082161,-108.66507146920556,-0.005597640424863587,0.07577033918498578,0.01302327422705701,0.0,0.0,0.0,,
14.341881999999998,-8.208313957171807,7.110554605375516,-108.68517853772711,-0.002028236652013791,0.0697274107164243,0.04071164970825293,0.0,0.0,0.0,,
14.351371,-8.199951696847638,7.126010067170006,-108.70772194941426,-0.005133056302894636,0.06751751945943657,0.03769830468167258,0.0,0.0,0.0,,
14.360895,-8.190685739832473,7.141655815740136,-108.73028608752446,-0.009500705311021432,0.06793813301842028,0.012149094948839019,0.0,0.0,0.0,,
14.370404000000008,-8.180290121086047,7.142955830008344,-108.7517771057777,-0.013759406740508304,0.05963113647450318,0.011186676509160212,0.0,0.0,0.0,,
14.379916000000009,-8.17943714787184,7.142612383293381,-108.77202813843981,-0.017835381810537038,0.05663286403851978,0.011086269521482494,0.0,0.0,0.0,,
14.389422999999994,-8.17097266187819,7.135560014223807,-108.78989219247447,-0.012033545871845658,0.054339201539167534,0.04011581449591713,0.0,0.0,0.0,,
14.398941000000008,-8.166047442570338,7.117408169725238,-108.80656638632715,-0.01089557784186819,0.05480707231120339,0.040260816480953664,0.0,0.0,0.0,,
14.408444000000003,-8.170911584753997,7.1036138382343275,-108.82458294975771,-0.014110988974649762,0.06559013544657583,0.012164148081362163,0.0,0.0,0.0,,
14.417962000000017,-8.163782802471022,7.095377631335556,-108.8440803557793,-0.002825612076927704,0.06705236094131858,0.040180363393898626,0.0,0.0,0.0,,
14.42746600000001,-8.171078155043814,7.09257071562302,-108.86757794130394,-0.004950925266810297,0.07240765892563059,0.041033601955288254,0.0,0.0,0.0,,
14.436960999999997,-8.165600046104137,7.099305226243241,-108.89223709964718,-0.0007703309297514945,0.07428060083018942,0.044673407054725514,0.0,0.0,0.0,,
14.446490000000011,-8.160342343165352,7.11383684753261,-108.91742688899181,-0.0018064637100582133,0.07420685463082315,0.012411396575454137,0.0,0.0,0.0,,
14.456001000000015,-8.160667227246485,7.1327823455015675,-108.9425810801358,-0.006906647123707561,0.06966956125534911,0.012178158356713398,0.0,0.0,0.0,,
14.465509999999995,-8.148064776604722,7.146348062738363,-108.96320623604632,-0.007536791365125957,0.06174936824965402,0.010938793633467118,0.0,0.0,0.0,,
14.475019000000003,-8.14356961729564,7.150440601042167,-108.98006637225413,-0.011648493387198419,0.053089744925923756,0.037360059137226544,0.0,0.0,0.0,,
14.484531000000004,-8.135495213619683,7.142161111971158,-108.99341513559983,-0.016829059587453028,0.05238594339552032,0.010269389797938499,0.0,0.0,0.0,,
14.494038000000018,-8.124335866772435,7.126907459929399,-109.00414249562996,-0.013048241340117324,0.055007149595469956,0.010323458821651628,0.0,0.0,0.0,,
14.503552000000013,-8.125508083364068,7.1075217040541006,-109.01729208167194,-0.014310231807045456,0.060869354764163934,0.011394508325388065,0.0,0.0,0.0,,
14.513070999999997,-8.122387411335406,7.092035699499899,-109.03406895706898,-0.009491071316612608,0.06901440673307906,0.01225931754558404,0.0,0.0,0.0,,
14.522575000000018,-8.124430461549828,7.084413387410915,-109.05709699640471,-0.002865307756707704,0.074193317778318,0.039735100302819876,0.0,0.0,0.0,,
14.532096999999993,-8.131254489470528,7.084435946138778,-109.08660615857315,-0.004446646014449986,0.07726704017155325,0.040416077033726516,0.0,0.0,0.0,,
14.541595999999998,-8.134378387881458,7.0963836356470535,-109.12075597146789,-0.0036456362566281795,0.07980627947343069,0.013499940779910574,0.0,0.0,0.0,,
14.551098999999994,-8.142837856217872,7.114218936676789,-109.15470916075711,-0.006534879396302289,0.07534806062942563,0.013070883692961053,0.0,0.0,0.0,,
14.56061600000001,-8.149162313047942,7.129414774853869,-109.18455389718034,-0.010435304468974812,0.06591954592517967,0.01190667843197117,0.0,0.0,0.0,,
14.570130000000006,-8.152472880961932,7.13762819043159,-109.20783199888947,-0.012503660178306883,0.057543489885818463,0.01072748592220951,0.0,0.0,0.0,,
14.579639000000014,-8.15395981996711,7.136098181620318,-109.22244549448027,-0.014069261867959933,0.05146878809170862,0.009869801194923011,0.0,0.0,0.0,,
14.589148999999992,-8.154359252307348,7.125076127668284,-109.23141325766197,-0.013140634928077502,0.05187912027777217,0.009841291791282503,0.0,0.0,0.0,,
14.598665000000011,-8.151571041525104,7.108453684754693,-109.23828620381776,-0.011054789774890817,0.05430354307120415,0.010029037829670089,0.0,0.0,0.0,,
14.608172999999994,-8.148999510574075,7.090681103597496,-109.24678236376823,-0.007778830078879845,0.0645141456723126,0.011385899648657568,0.0,0.0,0.0,,
14.617681000000005,-8.148636239911216,7.075965984655716,-109.2628974840693,-0.006887389166287901,0.0721456649017728,0.012544351884761301,0.0,0.0,0.0,,
14.627192000000008,-8.148589154684602,7.072946428862566,-109.2866786051474,-0.003501941858708195,0.08027449274648234,0.013560232093094683,0.0,0.0,0.0,,
14.636703000000011,-8.152360847101113,7.07763690615332,-109.31891265966841,-0.0038499513982550872,0.0826152745953304,0.013991637223833845,0.0,0.0,0.0,,
14.646206000000006,-8.154823045048497,7.089579194947123,-109.35595390132808,-0.0011029642728178348,0.07573338669507926,0.05735453380191331,0.0,0.0,0.0,,
14.655722999999995,-8.165372142118814,7.108258589410226,-109.39326431223628,-0.00987881146887766,0.07618727955272443,0.013558066757535528,0.0,0.0,0.0,,
14.665230000000008,-8.18295234216738,7.125954945629776,-109.42568329036392,-0.01469508463725756,0.06370664582255839,0.01197884984111244,0.0,0.0,0.0,,
14.674740000000014,-8.192373793198572,7.134938146725517,-109.4499392516155,-0.015342383155451398,0.05407623630648379,0.010454805171897678,0.0,0.0,0.0,,
14.684245000000004,-8.20692695564506,7.136833499349307,-109.46633269691712,-0.014806982829513524,0.047487431843770925,0.052561015061412565,0.0,0.0,0.0,,
14.693757000000005,-8.21167819444077,7.120933815170868,-109.4749755450423,-0.015419140051012546,0.052074569221088524,0.010130185718165303,0.0,0.0,0.0,,
14.703267000000011,-8.217985031002957,7.096629833615689,-109.48185180610265,-0.011820581777986932,0.050300764189211276,0.009476295978357828,0.0,0.0,0.0,,
14.712792000000007,-8.231026539667683,7.082267263140852,-109.49413337114474,-0.010678892146699159,0.06294999519012678,0.011459498513600855,0.0,0.0,0.0,,
14.722302000000013,-8.227771775276713,7.066863401335053,-109.51120185870208,0.003441397473335421,0.06652116839276316,0.08338220341765235,0.0,0.0,0.0,,
14.731801000000019,-8.235482925040614,7.056883671222378,-109.53658217316004,-0.0015813306888565204,0.0838821617229698,0.014028957942802466,0.0,0.0,0.0,,
14.741320000000002,-8.241155263680382,7.065022485436928,-109.56966125739238,-0.00019852561074426995,0.08302990410709928,0.01377393211047717,0.0,0.0,0.0,,
14.750830000000008,-8.24787544255783,7.096419306899942,-109.60704988314932,8.152721114555215e-05,0.08263181697054145,0.013733221436538413,0.0,0.0,0.0,,
14.760345999999998,-8.256244172768037,7.125220202154823,-109.64245241150466,-0.004309412295017824,0.06875453891677716,0.06914805011197053,0.0,0.0,0.0,,
14.769856000000004,-8.248331151713147,7.142152328652163,-109.668185720072,-0.00842065521651564,0.05901714076973198,0.037137142844371085,0.0,0.0,0.0,,
14.77937,-8.251366307179557,7.154494509588523,-109.68591688494917,-0.016263705094066154,0.050841112589901025,0.010062257827870895,0.0,0.0,0.0,,
14.788869000000005,-8.25466452970571,7.159196929109871,-109.69623572717651,-0.0201503059624926,0.046963488339347936,0.009789002000453954,0.0,0.0,0.0,,
14.798377000000016,-8.2507539544872,7.145714214255076,-109.70145307233169,-0.015073346122826315,0.04260433222716402,0.04647681978947308,0.0,0.0,0.0,,
14.807894000000005,-8.255766977550703,7.1163096645406405,-109.7077192833279,-0.014993481771473319,0.04908492175192011,0.048971978617847,0.0,0.0,0.0,,
14.817413000000016,-8.2542048452819,7.09012328569206,-109.71962734908388,-0.0056241527907268975,0.06145125635803872,0.03862194997264971,0.0,0.0,0.0,,
14.826917000000009,-8.264522630735677,7.0771509550476965,-109.74272949125961,-0.0032754099672349887,0.07830929547529443,0.013336409431653819,0.0,0.0,0.0,,
14.836434999999994,-8.275723285577232,7.075176667770533,-109.77598839078922,-0.00218021580325679,0.08566054771756881,0.014461928209144393,0.0,0.0,0.0,,
14.845934999999997,-8.280746706994368,7.090289114134408,-109.81556664536637,0.0019230449516819076,0.08809912769754831,0.014505147411438948,0.0,0.0,0.0,,
14.855457000000001,-8.286737397229858,7.11533596171731,-109.85520728511396,2.8466312688811948e-05,0.07935848438431366,0.04276073868026309,0.0,0.0,0.0,,
14.864967000000007,-8.285552058220073,7.140484311515644,-109.88801700967863,-0.004726925708320551,0.06858958187003474,0.04075318242488758,0.0,0.0,0.0,,
14.874471,-8.281478756391742,7.159910516621841,-109.91000908159573,-0.009424768616359205,0.05511605720044289,0.04396096018203854,0.0,0.0,0.0,,
14.883978000000013,-8.281793513951238,7.177832811545485,-109.9210609344936,-0.01621143013434495,0.051809645307132286,0.01026456512372938,0.0,0.0,0.0,,
14.893486999999993,-8.27282568627596,7.174653341235791,-109.92163119211646,-0.01598562782345447,0.04437311795183742,0.008983968030264007,0.0,0.0,0.0,,
14.902996000000002,-8.264640138893956,7.158557352802189,-109.91908855387281,-0.011922972584011407,0.04302965671953092,0.039626815552464924,0.0,0.0,0.0,,
14.912511999999992,-8.256039610330028,7.139580079341913,-109.92116142176147,-0.01146371087448465,0.05907619730043797,0.01098734612751272,0.0,0.0,0.0,,
14.922021999999998,-8.242875840897906,7.116545123762048,-109.93228603635775,-0.00572517024137677,0.06700884068863423,0.011741966947401632,0.0,0.0,0.0,,
14.931535999999994,-8.245038960243804,7.106878216501092,-109.95916636204379,-0.0057194769489517325,0.07743519625319088,0.013476085000750837,0.0,0.0,0.0,,
14.941045000000003,-8.24441704689443,7.110183253536714,-109.99783674761633,-0.0017833131813875496,0.08170099074042085,0.04319297753989457,0.0,0.0,0.0,,
14.950547999999998,-8.241573136091885,7.1150027217702725,-110.04166822160744,-0.0003863301090381829,0.07885560790330785,0.06222740109048709,0.0,0.0,0.0,,
14.96006300000002,-8.254287919489629,7.131217923937925,-110.08490982438761,-0.009515874119414751,0.08092924711284527,0.014470287305503742,0.0,0.0,0.0,,
14.969572,-8.257078497498544,7.154509908561659,-110.11935195063714,-0.010012987017438562,0.0730096832469845,0.013221010403434492,0.0,0.0,0.0,,
14.979081000000008,-8.270545337795678,7.176236743793506,-110.14171533132658,-0.011742007927595739,0.05963518799990955,0.04248810675405541,0.0,0.0,0.0,,
14.988606000000004,-8.27253500442059,7.187567951449379,-110.14948091991752,-0.010162668845880003,0.052077851777504805,0.04408855438562411,0.0,0.0,0.0,,
14.998099999999994,-8.26238988439022,7.189095259110132,-110.14719428735498,0.015347206201480395,0.04183141413608253,0.005620352711062098,0.0,0.0,0.0,,
15.007625000000019,-8.257490290274772,7.187033609800768,-110.14365669630128,-0.008133586572952566,0.05281936616444891,0.009677564201162602,0.0,0.0,0.0,,
15.017140000000012,-8.238186571542396,7.182392244901094,-110.14441257034062,0.01863655100524551,0.05080470930669296,0.006819426637417801,0.0,0.0,0.0,,
15.026634999999999,-8.219069669145812,7.168909159206891,-110.15551831878604,-0.0007001044547523132,0.06034078868513203,0.03741474795749804,0.0,0.0,0.0,,
15.036137999999994,-8.204631777037605,7.1584141722885475,-110.17956124172751,-0.005389435094128131,0.071886007880196,0.012579314626035804,0.0,0.0,0.0,,
15.045661999999993,-8.189655325737743,7.153235244309571,-110.21465432108879,-0.002424812541688385,0.07348016431831038,0.040393226875641834,0.0,0.0,0.0,,
15.055168000000009,-8.18976456729162,7.15387655708877,-110.25633338759145,-0.010981076357706128,0.07883282316619858,0.014258503502883164,0.0,0.0,0.0,,
15.064678000000015,-8.187659648881429,7.15748608608063,-110.29540515577764,-0.010935603111390527,0.07544321268757995,0.01369140509455551,0.0,0.0,0.0,,
15.074194000000006,-8.193261903183203,7.165504099448955,-110.32766425004574,-0.009821911129341087,0.06712351215596826,0.04628460714809343,0.0,0.0,0.0,,
15.08370100000002,-8.199820088374839,7.175209092169221,-110.34924540260512,-0.011304894475338034,0.06371588935764333,0.04515702195012005,0.0,0.0,0.0,,
15.093200999999993,-8.197881734641305,7.182165780676105,-110.35909656064682,-0.006695855231050925,0.05996637771687646,0.03790470757802479,0.0,0.0,0.0,,
15.102716000000015,-8.208365188687713,7.195597673574758,-110.364514142193,-0.009099455267113775,0.061827058039739216,0.011286670661016338,0.0,0.0,0.0,,
15.112235999999996,-8.203391760274306,7.199296505190076,-110.36897991413848,-0.004941997687442976,0.05799452089309613,0.010256712496265724,0.0,0.0,0.0,,
15.121748999999994,-8.199214079171007,7.201346407543673,-110.37899762449922,-0.0014682993209447826,0.056031087886512274,0.05198270774362365,0.0,0.0,0.0,,
15.131243000000012,-8.18882729717664,7.194952911505566,-110.39602196408178,-0.001462701980524332,0.06123848493692141,0.03765460535441228,0.0,0.0,0.0,,
15.140769000000006,-8.179597656723583,7.178154188808817,-110.42071179441284,-0.004267033774416304,0.06150616225832807,0.010760261697159332,0.0,0.0,0.0,,
15.150279000000012,-8.181253073572618,7.170490697697109,-110.45409267520085,-0.009486605886245,0.06529969803417543,0.011874619682863454,0.0,0.0,0.0,,
15.159800000000018,-8.17594318214975,7.164286310677859,-110.48763472755556,-0.00407808318690502,0.0645743224910202,0.046275947225482894,0.0,0.0,0.0,,
15.169299999999993,-8.173498937688045,7.148655304968888,-110.5171753073397,-0.006319094781969655,0.06183095773814453,0.06558955748133384,0.0,0.0,0.0,,
15.178811999999994,-8.17215234754651,7.139884997122661,-110.54003703383631,-0.010654367570253004,0.06992345436466428,0.012728425360233941,0.0,0.0,0.0,,
15.188332000000003,-8.16952628355861,7.143494890002801,-110.55560860739564,-0.006122962119339804,0.07108441476205651,0.012512784016531046,0.0,0.0,0.0,,
15.197828000000015,-8.175997430200718,7.15353044201995,-110.56776602613044,-0.008429788964804464,0.07146726017347521,0.012804557507744927,0.0,0.0,0.0,,
15.207353000000012,-8.169710519777373,7.161894545286867,-110.57783079681613,-0.0011709998989171966,0.06519106962872007,0.05379741670118223,0.0,0.0,0.0,,
15.216860999999994,-8.169644136732128,7.169665210511521,-110.59086473519795,-0.0038174036996450203,0.06579114766897734,0.0400058666214037,0.0,0.0,0.0,,
15.226372999999995,-8.169325835472275,7.173285061962218,-110.6101854477556,-0.005821401928746821,0.06763085963371446,0.01194196699836587,0.0,0.0,0.0,,
15.235879000000011,-8.169936841718833,7.174749164634469,-110.63682743274452,-0.004793900855186789,0.06339733159674468,0.011138115874433424,0.0,0.0,0.0,,
15.245395000000002,-8.177873635095859,7.169666545884336,-110.66913243714022,-0.007683589414208689,0.05772830088178982,0.03878099798352438,0.0,0.0,0.0,,
15.254896000000002,-8.1799890943192,7.157423593454936,-110.70165146189612,-0.006732875724080862,0.057027314435555164,0.03929141542091481,0.0,0.0,0.0,,
15.264407000000006,-8.181355811105707,7.135851869748407,-110.73078935580534,-0.006550354057198573,0.05658686726776602,0.039387024197381375,0.0,0.0,0.0,,
15.273928000000012,-8.186683060841945,7.1177360982576605,-110.75356980455037,-0.010429534501585168,0.0636972264018747,0.01166272829378433,0.0,0.0,0.0,,
15.283432000000005,-8.185073413810741,7.108808615257613,-110.7698429363601,-0.006474831280642801,0.06733900139418703,0.011904783655568449,0.0,0.0,0.0,,
15.292935,-8.185541899462004,7.102648189792666,-110.78072729683896,-0.006121398655476982,0.07093300462348681,0.012470570483896886,0.0,0.0,0.0,,
15.302441000000016,-8.179664713992597,7.102282396458155,-110.78909694335289,-0.0011747279279763166,0.06931321053248765,0.04614341568534738,0.0,0.0,0.0,,
15.311957000000007,-8.172160278161245,7.107211427167496,-110.80002351302193,-0.0006635247086476093,0.07071491482784306,0.045333650553976756,0.0,0.0,0.0,,
15.32147900000001,-8.16895141835153,7.118847725865272,-110.81706760460726,-0.0025879857057679377,0.07684406881077646,0.013156363172056896,0.0,0.0,0.0,,
15.33098800000002,-8.17543126957779,7.130954335850076,-110.84240629005683,-0.007110709843882469,0.06797034453577556,0.012094073207704576,0.0,0.0,0.0,,
15.340487999999993,-8.173736332506584,7.136500591906017,-110.87352629233439,-0.003142229607501201,0.05766717720537753,0.05937175772289955,0.0,0.0,0.0,,
15.350002000000018,-8.184077699320419,7.137397952565565,-110.90825989545684,-0.009249719295872483,0.0588051721462695,0.04077706047452551,0.0,0.0,0.0,,
15.359508000000005,-8.184782816251522,7.119182410141783,-110.93983169952156,-0.013993701050552032,0.05734630887968598,0.010929805262799627,0.0,0.0,0.0,,
15.369023999999996,-8.195292598514158,7.097308438298076,-110.96793906073246,-0.014058499110493826,0.051866904758592396,0.010002753989197762,0.0,0.0,0.0,,
15.378535,-8.20907286773235,7.086973848975671,-110.98999548973944,-0.013158739645785409,0.0602428517085528,0.011329812676444537,0.0,0.0,0.0,,
15.388036999999997,-8.206489843969258,7.068553834850766,-111.00418095428843,-0.004533730958676812,0.058778964356304565,0.05957717534733899,0.0,0.0,0.0,,
15.407069000000007,-8.21399961372271,7.049360527181767,-111.02625982133848,-0.0013208237261732093,0.07520191372609848,0.012725515290739946,0.0,0.0,0.0,,
15.416582000000005,-8.213523333817353,7.061295772588705,-111.04103846009068,0.001119479115717615,0.07951031107444011,0.013242189017736238,0.0,0.0,0.0,,
15.426095000000004,-8.222668152919432,7.07784474209802,-111.06227918751875,-0.0028624218267410445,0.07653828298183897,0.04287069909974027,0.0,0.0,0.0,,
15.435585000000003,-8.213006314812816,7.087055567749016,-111.08758117043739,0.001465822892714314,0.06493464739570674,0.045000041097272354,0.0,0.0,0.0,,
15.445120000000003,-8.219675573607587,7.098711041530344,-111.11801816630432,-0.007505197622515526,0.06602622945343505,0.011815548046421527,0.0,0.0,0.0,,
15.454615000000018,-8.2195943611294,7.104766616353406,-111.14871583102702,-0.009956853007015484,0.05961019819788037,0.010964208611390518,0.0,0.0,0.0,,
15.464123999999998,-8.217926419440047,7.096839420790717,-111.17585349256878,-0.01107543180811976,0.05014253945811923,0.035004651273776714,0.0,0.0,0.0,,
15.473640000000017,-8.224669025611854,7.084507857109458,-111.19866860682689,-0.01641371987614739,0.055937235955927596,0.010919014553071317,0.0,0.0,0.0,,
15.483145000000007,-8.21724362076539,7.065947355820991,-111.21471968534404,-0.00915684830663234,0.054082203694915176,0.03614591809241498,0.0,0.0,0.0,,
15.492655000000013,-8.220455700333908,7.045380755264872,-111.2284448794657,-0.01072017204872156,0.06335744192394617,0.01161321985249936,0.0,0.0,0.0,,
15.50218000000001,-8.22242762961821,7.035467412075379,-111.24172077805946,-0.007486769439840981,0.07087283594868037,0.01257221781458169,0.0,0.0,0.0,,
15.511685,-8.219907828275918,7.037019203068502,-111.25716082072238,-0.0019893022202219367,0.07708397225226939,0.013116505242624098,0.0,0.0,0.0,,
15.521197999999998,-8.221627177714844,7.0445577479011545,-111.2779583909351,0.0009113737508402456,0.07561913007225832,0.05246350948570575,0.0,0.0,0.0,,
15.530698999999998,-8.2195555754265,7.057197715803376,-111.30309591464331,0.0002963749078267981,0.07419273959663868,0.043377400884364606,0.0,0.0,0.0,,
15.540216000000015,-8.215979734598228,7.07394082781173,-111.3306846298829,0.00024361911205533516,0.06902984148506297,0.040326638477450216,0.0,0.0,0.0,,
15.549724999999995,-8.223063712617865,7.09639761277548,-111.35980044453257,-0.0067924277846094705,0.0656809709724554,0.011712198885866368,0.0,0.0,0.0,,
15.559235999999999,-8.219028494789946,7.102606403680529,-111.38462252530546,-0.006631400351729908,0.05239359845145176,0.036754473513831924,0.0,0.0,0.0,,
15.569125000000014,-8.218922353056653,7.105398023292285,-111.4050896067957,-0.010891135967409595,0.051316590215167185,0.03721374745611751,0.0,0.0,0.0,,
15.578261999999995,-8.2103862267277,7.09884243036772,-111.41905520349282,-0.011424283576462238,0.056284788917819885,0.010540847719483711,0.0,0.0,0.0,,
15.587773999999996,-8.203537639492321,7.078889020271215,-111.42919927458142,-0.011784144221625195,0.05498653016736919,0.010333672017410072,0.0,0.0,0.0,,
15.606794000000008,-8.194893917272275,7.0631861323206975,-111.45462479049446,-0.002227181615817767,0.06744457434965229,0.04168504606682627,0.0,0.0,0.0,,
15.616305000000011,-8.194648267881828,7.056246376327168,-111.47488666344337,-0.0013059515072865987,0.07166972824674556,0.05794075850169454,0.0,0.0,0.0,,
15.62581400000002,-8.197625819409293,7.062755190304232,-111.50175704872227,-0.003069795457808584,0.08050142130341378,0.013838083184304831,0.0,0.0,0.0,,
15.635318000000012,-8.199490430877011,7.077461081667048,-111.53316599924264,0.0010602364991244943,0.07476290310041463,0.04070823904447677,0.0,0.0,0.0,,
15.644830000000013,-8.211411690886484,7.09763446221249,-111.56731028117296,-0.006258312524035322,0.07487935047249705,0.013233426604128016,0.0,0.0,0.0,,
15.654347999999999,-8.211177773276027,7.111318768939932,-111.59717035880378,-0.002475958723129012,0.06125667404595553,0.05057236510246833,0.0,0.0,0.0,,
15.663861999999995,-8.21472031828892,7.121896059392641,-111.62087606704426,-0.007985693043404562,0.05907531566816286,0.010741083290149667,0.0,0.0,0.0,,
15.673361,-8.213866824850228,7.1298167352467114,-111.63667385423045,-0.009737980919519704,0.05597494636941908,0.010378431974518057,0.0,0.0,0.0,,
15.682871000000006,-8.2055217475986,7.128085520479601,-111.64570666511231,-0.008530347118881633,0.05348891063567886,0.009843357966386156,0.0,0.0,0.0,,
15.692385000000002,-8.196888462125253,7.120338032099766,-111.65180538583243,-0.007522723173630146,0.05267080026130361,0.043591978766532494,0.0,0.0,0.0,,
15.701904000000013,-8.180518142002931,7.111100325159363,-111.6581377052979,-0.0050081438223812105,0.06412608951705175,0.01130749445799461,0.0,0.0,0.0,,
15.71140600000001,-8.171948602184983,7.103218670807427,-111.67027029846525,-0.005508189121738749,0.07041818776352778,0.012405160055214155,0.0,0.0,0.0,,
15.720917000000014,-8.168522281159902,7.1030204927783425,-111.69102976080647,-0.0046501480103635145,0.07528502196878116,0.013152839585846446,0.0,0.0,0.0,,
15.730435999999997,-8.162548091371177,7.11139428805639,-111.71885142943952,0.0009826401456620407,0.07536898225532031,0.04009978102672971,0.0,0.0,0.0,,
15.739937999999995,-8.161942327248685,7.117683183465068,-111.75183070281363,3.3200769723282265e-05,0.07128908259143613,0.06460524181070981,0.0,0.0,0.0,,
15.749455000000012,-8.165817875792952,7.130656428205119,-111.78631129929978,-0.0057478652328735585,0.07498302808398316,0.013239835817701962,0.0,0.0,0.0,,
15.75896800000001,-8.171269916945747,7.145434657300969,-111.81721964479301,-0.007063085732936587,0.0661626195411365,0.01187843630584386,0.0,0.0,0.0,,
15.768472000000003,-8.174528641709585,7.156860932671423,-111.84094778664924,-0.00759772653247958,0.060728164627023934,0.011014957689952273,0.0,0.0,0.0,,
15.777986999999996,-8.17720085994268,7.169131935405383,-111.85796820364082,-0.008057375413838668,0.0553813718198308,0.0365018354924439,0.0,0.0,0.0,,
15.78749400000001,-8.16806667409706,7.164789913994381,-111.86769787755823,-0.005705968843903457,0.05274520069758441,0.0457432048579418,0.0,0.0,0.0,,
15.796996000000007,-8.167230316088915,7.152758670827168,-111.87524596409845,-0.010086176119481751,0.05736770258897542,0.010654769697636407,0.0,0.0,0.0,,
15.806520000000006,-8.162998868236205,7.150147574076899,-111.88495337738979,-0.0060642383205037915,0.062365389340943274,0.011150266080872924,0.0,0.0,0.0,,
15.816023999999999,-8.15638148007067,7.147965456490935,-111.9000999872963,0.000917798067209681,0.06537032128914437,0.04499280924938829,0.0,0.0,0.0,,
15.825538999999992,-8.163495549087699,7.1455307116824835,-111.92280629510748,-0.006112359310916843,0.07699982571612594,0.013644947426064017,0.0,0.0,0.0,,
15.835050999999993,-8.161180885217211,7.145894907048633,-111.95125692828024,0.0001835156342155289,0.07333229059578496,0.041705536957010354,0.0,0.0,0.0,,
15.844556000000011,-8.170176039038795,7.157966275395502,-111.98500236656776,-0.003072708772597398,0.07693763963338912,0.01339506384166259,0.0,0.0,0.0,,
15.85408000000001,-8.182998647692042,7.173391334791805,-112.01893606110431,-0.007672844189155181,0.07454434797061353,0.013417100378297476,0.0,0.0,0.0,,
15.863574,-8.18458631570937,7.180793167005696,-112.04776590653762,-0.006065743179614509,0.06291639940527885,0.011298937274602558,0.0,0.0,0.0,,
15.873091000000016,-8.19518512168407,7.1849491705285695,-112.07079784006527,-0.011378220767366004,0.05763255179400166,0.010867965561803649,0.0,0.0,0.0,,
15.88259500000001,-8.194817564918552,7.181339964050876,-112.08522866534688,-0.010178691981990801,0.05543090214688082,0.010383634755943668,0.0,0.0,0.0,,
15.892111999999997,-8.192710463825751,7.166130441317422,-112.09496915052114,-0.008698813780880173,0.05592752775963125,0.010326027553013786,0.0,0.0,0.0,,
15.901622000000003,-8.194146642108207,7.149950796222686,-112.10467381573898,-0.008000069549305634,0.060115022866728214,0.010967669756683058,0.0,0.0,0.0,,
15.911131000000012,-8.184328802666451,7.13787464613052,-112.11699946963545,0.0012586286013401627,0.06500078565697721,0.04298534101775379,0.0,0.0,0.0,,
15.920646000000005,-8.18515405263409,7.13064766645299,-112.13652361524026,0.0014572505831177167,0.07474552806512824,0.040138014202714345,0.0,0.0,0.0,,
15.930151999999993,-8.181987457262855,7.132846226769446,-112.16340622082987,0.0010339500256100595,0.08396542091800167,0.014230946600759999,0.0,0.0,0.0,,
15.939659000000006,-8.183684547874794,7.1502328460963875,-112.19673282455517,0.0003076703390541262,0.08264196875599086,0.014097342428842686,0.0,0.0,0.0,,
15.949179000000015,-8.19317822751104,7.1721341915923,-112.23235508177635,-0.005625710286549633,0.07780302921572499,0.013822267366702298,0.0,0.0,0.0,,
15.958681000000013,-8.196704130377682,7.188502959633101,-112.26403143459217,-0.0058411890548960696,0.061496043313071694,0.04620139749460796,0.0,0.0,0.0,,
15.968198000000001,-8.204956453981898,7.195069643564013,-112.28885568200653,-0.01433444079343961,0.05586448250951565,0.010846172124975266,0.0,0.0,0.0,,
15.977711999999997,-8.2136968696132,7.188998971840264,-112.30476624263432,-0.015870536107874828,0.04723441652780197,0.009496786472385044,0.0,0.0,0.0,,
15.996726999999993,-8.221605838005905,7.14569651237542,-112.31881586444906,-0.010477795561731163,0.05296142831591923,0.009983568862123106,0.0,0.0,0.0,,
16.006237,-8.21757296237613,7.115019984004222,-112.32592098512077,-0.0006508078091020562,0.05902563155450202,0.03994102743244886,0.0,0.0,0.0,,
16.01576,-8.214216242007232,7.0929220531079595,-112.34100431898915,0.002142919477302419,0.07501964086634122,0.01259535364674361,0.0,0.0,0.0,,
16.025263999999993,-8.212125411099942,7.0879715414732365,-112.36714219907124,0.005557563876738369,0.08522707211658344,0.014032284695832589,0.0,0.0,0.0,,
16.034773,-8.21216077082773,7.1007792870788,-112.40225966441585,0.007509095590931327,0.08695283605120449,0.040958980874739176,0.0,0.0,0.0,,
16.044279000000017,-8.21283623941931,7.123639307150754,-112.44287296441726,0.002891609860117113,0.08235039974970461,0.04464071016223366,0.0,0.0,0.0,,
16.053797000000003,-8.215633086206367,7.148990470669533,-112.48182515365885,-0.003356357007083635,0.07249948000070196,0.040615830847125826,0.0,0.0,0.0,,
16.06330600000001,-8.221520858181982,7.171421384843993,-112.51343979934987,-0.012759315536772361,0.06284978706984484,0.011911508868508362,0.0,0.0,0.0,,
16.072818000000012,-8.226527303900484,7.182189162598038,-112.53301062508478,-0.017054476747446642,0.05160561290644312,0.010360157049305894,0.0,0.0,0.0,,
16.082326999999992,-8.229756346286766,7.173881321393432,-112.54138211531124,-0.016512629117073026,0.039236450760412774,0.038150243909079645,0.0,0.0,0.0,,
16.091838000000024,-8.235177259682905,7.151179095250041,-112.54251642020986,-0.01749473899167907,0.045078150102589844,0.009259701233239747,0.0,0.0,0.0,,
16.101343000000014,-8.23144785537685,7.117176371504623,-112.54188049648815,-0.008730835959383247,0.05058391004410438,0.009418135496095796,0.0,0.0,0.0,,
16.110859000000033,-8.23399394816512,7.0860383534172255,-112.54822886013672,-0.004323922439313146,0.06608543915193078,0.0116585485396628,0.0,0.0,0.0,,
16.12988500000003,-8.227853521387624,7.061550387530305,-112.59730686263482,0.010671331784429767,0.0850885024422483,0.041541177905045024,0.0,0.0,0.0,,
16.139387000000028,-8.231371160980789,7.072836806390871,-112.63835516380607,0.006866409355117857,0.08827824301249008,0.04396517590706305,0.0,0.0,0.0,,
16.148905999999982,-8.230860898632388,7.1009908468685285,-112.68267981531869,0.0020403979565224045,0.08861664996585339,0.014990497811860322,0.0,0.0,0.0,,
16.158410000000032,-8.233742086996466,7.129905868167694,-112.7228405304072,-0.0046575337543932815,0.07486925277435094,0.013257154812281194,0.0,0.0,0.0,,
16.167933000000033,-8.239726397264702,7.153404643690112,-112.752305815413,-0.013655270390746278,0.06057272357162883,0.011604560504447397,0.0,0.0,0.0,,
16.17743900000002,-8.234978288696023,7.1643006176682436,-112.76696322764857,-0.012073777946907189,0.044201578544990724,0.03538635441224966,0.0,0.0,0.0,,
16.186938000000026,-8.234882045412727,7.157618965699568,-112.76990706777329,-0.017515914367923383,0.0440644784835276,0.009094280236315594,0.0,0.0,0.0,,
16.196449,-8.22780006441829,7.1340581918708645,-112.76570142023353,-0.014399242236602255,0.044302124339449425,0.008848591240329102,0.0,0.0,0.0,,
16.205960000000033,-8.218673782413694,7.102520136039921,-112.76301508049215,-0.007044673161292204,0.051600457526794374,0.009440563564931247,0.0,0.0,0.0,,
16.215476999999993,-8.215491591614928,7.074842273578968,-112.77117567480742,-0.0047462626293322055,0.06840847942106064,0.012089297906336881,0.0,0.0,0.0,,
16.224992000000015,-8.207631232382548,7.055367979276573,-112.79220623870916,0.0049073771703479685,0.07710504753713975,0.039134049182947786,0.0,0.0,0.0,,
16.234481999999986,-8.204867019356925,7.049941119583082,-112.8269944067857,0.005185637921427327,0.08918552963177286,0.014746961747638983,0.0,0.0,0.0,,
16.24400799999998,-8.206564559170262,7.064544583127937,-112.8707607558376,0.00361659985554335,0.09269381674939908,0.015509582487041597,0.0,0.0,0.0,,
16.253518000000014,-8.210055080128322,7.090576055935333,-112.91555044366902,0.001755409055941156,0.08171800726944745,0.03984380579327689,0.0,0.0,0.0,,
16.263022000000007,-8.216886386580404,7.117954211668205,-112.95343921617017,-0.005374146474707846,0.07000889917483509,0.0403046779763265,0.0,0.0,0.0,,
16.27253600000003,-8.218429812178764,7.139003952860819,-112.97832706574916,-0.01178845377691589,0.05919787736970408,0.011193312954831768,0.0,0.0,0.0,,
16.28205699999998,-8.21878202954401,7.149712755176851,-112.98889543674368,-0.014733828704487674,0.04975136887444075,0.009826182524460702,0.0,0.0,0.0,,
16.29156900000001,-8.216057283095905,7.145398835612299,-112.9876608212026,-0.015423807544313894,0.04515073319186182,0.009087680495616883,0.0,0.0,0.0,,
16.301053999999993,-8.207985443246523,7.126882383813738,-112.98290707784251,-0.011885260897890111,0.04641722370295753,0.008987977198652464,0.0,0.0,0.0,,
16.310584000000034,-8.195481372493452,7.100938292335506,-112.98307915310477,-0.004827396317191692,0.05554251707559078,0.009927626055865658,0.0,0.0,0.0,,
16.320096000000007,-8.184766141494025,7.0755105301330605,-112.99486093022604,0.0018060112915562739,0.06487927830383663,0.03832965964112361,0.0,0.0,0.0,,
16.32960399999999,-8.177217616836419,7.060146522264805,-113.0213030728696,0.0031377592053762195,0.08052618300036826,0.013472558116377053,0.0,0.0,0.0,,
16.339106999999984,-8.172802375159762,7.058348256572843,-113.06046223769162,0.004129660470679147,0.08723155506266748,0.014532935888550006,0.0,0.0,0.0,,
16.348619000000014,-8.17473258817068,7.070559673392448,-113.10636646594234,0.0030070805659385773,0.0835805064326261,0.04561156384882574,0.0,0.0,0.0,,
16.35814400000001,-8.176738033574662,7.092765357735829,-113.14948402725418,-0.0008795295379404781,0.0783767536369608,0.04389789179356107,0.0,0.0,0.0,,
16.367640000000023,-8.179540192125664,7.115517754142995,-113.18253646755667,-0.00840520587070527,0.07015406590776475,0.01275690920940714,0.0,0.0,0.0,,
16.377164000000022,-8.183713596017398,7.1352021326395745,-113.20136558736303,-0.012459627901027937,0.05863944705698972,0.011140429099055969,0.0,0.0,0.0,,
16.386669000000012,-8.183284859806857,7.1467764299188055,-113.20643529575845,-0.0143202321813993,0.051864565236376385,0.010138847315801443,0.0,0.0,0.0,,
16.39617899999999,-8.178741287544012,7.141866134023166,-113.20220750076393,-0.01195929572865794,0.048377796605433,0.00933395841854549,0.0,0.0,0.0,,
16.405688000000026,-8.173225000957597,7.121042096053785,-113.19720316226612,-0.00989253224618259,0.04975298817585451,0.00937899425398467,0.0,0.0,0.0,,
16.415186000000034,-8.164680865813397,7.099797568926356,-113.20056701738633,-0.0023570629793087227,0.06093715923242758,0.010644557377638341,0.0,0.0,0.0,,
16.42469200000002,-8.15783151938784,7.081974380236467,-113.21795612688081,0.0029635594747767324,0.07296759949401337,0.012238166716910213,0.0,0.0,0.0,,
16.434222000000005,-8.151841575635542,7.068331742440002,-113.24981423329785,0.007019436675086134,0.0770373181668403,0.038632631350159506,0.0,0.0,0.0,,
16.44373299999998,-8.14956417570335,7.069631035284395,-113.29353952152736,0.007043015574925057,0.08254862748346276,0.04131506166227273,0.0,0.0,0.0,,
16.453238000000027,-8.15156730881147,7.083185121693184,-113.34116118770164,0.0010418764247678923,0.08609346435040856,0.014659145505136932,0.0,0.0,0.0,,
16.462752999999992,-8.154067794419277,7.1045537242738925,-113.38325344594814,-0.003139028570067906,0.07801172885033845,0.013655943412073579,0.0,0.0,0.0,,
16.47226200000003,-8.15861068425927,7.125657902348557,-113.41257930364087,-0.009426188325154437,0.06686938003023786,0.012291652442687503,0.0,0.0,0.0,,
16.48177799999999,-8.161040051879043,7.142667659129589,-113.42594860900668,-0.01369528737661755,0.0581062568154033,0.011153987245388332,0.0,0.0,0.0,,
16.49128299999998,-8.16180196659663,7.147511670189836,-113.42539672689132,-0.014434491313625746,0.05151199063860044,0.010082113355069226,0.0,0.0,0.0,,
16.500800999999996,-8.160233184886211,7.1377828831925125,-113.41916375034572,-0.01216502993303054,0.04892278706857918,0.009439464325702874,0.0,0.0,0.0,,
16.510298000000006,-8.155270435776481,7.122797856678431,-113.41539601397483,-0.006668406465140576,0.054530054258000143,0.009935124814990575,0.0,0.0,0.0,,
16.519817000000018,-8.151166596437882,7.10355608073347,-113.42267713202149,-0.0008858654808554646,0.06377102336652045,0.011024682267306065,0.0,0.0,0.0,,
16.52933299999998,-8.149115127534834,7.085262849467398,-113.44560243336959,0.002295836931906404,0.07355111531978895,0.012419669153748205,0.0,0.0,0.0,,
16.538848,-8.149803435287149,7.077642685275265,-113.48379230667543,0.0044182364792850785,0.0825293503579202,0.01377783474813431,0.0,0.0,0.0,,
16.548349,-8.153084038130741,7.080716309597198,-113.53154073888136,0.004077333591000506,0.08447187488924053,0.01415151485807347,0.0,0.0,0.0,,
16.55785499999999,-8.15970534242126,7.09297161635997,-113.5797262246983,-0.00035367654100949917,0.08112625207319549,0.013970138842956828,0.0,0.0,0.0,,
16.576888000000025,-8.170245767589735,7.128003731655418,-113.6449272007921,-0.006653084160767724,0.06014752195628444,0.04362199719342895,0.0,0.0,0.0,,
16.586386000000033,-8.17306169045276,7.138502410060343,-113.65436192294317,-0.011557832709248858,0.05718095484343052,0.010831959153388207,0.0,0.0,0.0,,
16.595905999999985,-8.173892050407924,7.142495086783361,-113.65176602537827,-0.011386350933701836,0.051525247478470544,0.009844002905156317,0.0,0.0,0.0,,
16.605413000000027,-8.171896256776815,7.13738562319291,-113.64594543805684,-0.008951181364599442,0.05296354120251007,0.009886680751189486,0.0,0.0,0.0,,
16.614916000000022,-8.169941245631577,7.125277689162741,-113.64539602762157,-0.0030409148878483344,0.0543094356274148,0.03783587226356436,0.0,0.0,0.0,,
16.62443700000003,-8.163943532797715,7.110237383011054,-113.65751761836908,0.00016178446684301774,0.06804092801682061,0.0117078934631468,0.0,0.0,0.0,,
16.633928999999995,-8.162379676724443,7.094269924556707,-113.68558721494061,0.002385967549840073,0.07188695107129713,0.012170549692474915,0.0,0.0,0.0,,
16.64345499999999,-8.167408595875147,7.0879759557426585,-113.72815731245879,0.0021312072368307768,0.078168926474811,0.01327183283781181,0.0,0.0,0.0,,
16.652974,-8.171641451268925,7.091187521510456,-113.77668696348016,0.00408476606341747,0.07731478751235187,0.04459683265127445,0.0,0.0,0.0,,
16.662473000000006,-8.181021937708689,7.0974586558983415,-113.82278663126084,-0.0012254337547211583,0.07439167932307894,0.039121200286434364,0.0,0.0,0.0,,
16.671978999999993,-8.192710381329258,7.1066404587842245,-113.8587394251892,-0.008667451450220052,0.07139967687579525,0.013044102562635815,0.0,0.0,0.0,,
16.68149600000001,-8.202010170373633,7.120812188536196,-113.8799241468092,-0.009936519132651287,0.06511269124841368,0.012084066350558084,0.0,0.0,0.0,,
16.691018000000014,-8.207922661992024,7.132429919426792,-113.88622242404722,-0.009683233841245456,0.06006146394886642,0.011203698867105443,0.0,0.0,0.0,,
16.700511000000034,-8.207099977441995,7.1332244665307964,-113.88295909502884,-0.008033148618047443,0.054883051224845894,0.010170735569887476,0.0,0.0,0.0,,
16.710026,-8.207082378305255,7.130435528304844,-113.87943119595161,-0.0068137292724355335,0.05704666401684599,0.01044266546272336,0.0,0.0,0.0,,
16.719540000000023,-8.202008729689018,7.124153294111894,-113.88280157885548,-0.0016509969975694457,0.062346678410687015,0.01092756265525542,0.0,0.0,0.0,,
16.72905,-8.197994281574086,7.1116084277353435,-113.89952868240464,-0.0004077420851932294,0.06705942192579052,0.011626987115805407,0.0,0.0,0.0,,
16.738552999999996,-8.199705950395472,7.100727434242155,-113.930961510828,-0.0008716759132141189,0.07299582462253754,0.012682661377866049,0.0,0.0,0.0,,
16.74805999999998,-8.200349214363126,7.096215170030551,-113.97353596415255,0.002787899414572492,0.07295796878250405,0.039361085133034296,0.0,0.0,0.0,,
16.757577999999995,-8.206227731633293,7.094803368067958,-114.01921262227305,-0.0025435223671519264,0.07702197285075092,0.013521315267530372,0.0,0.0,0.0,,
16.76708499999998,-8.21477494201012,7.096889149648108,-114.0610237001828,-0.006442347178362734,0.07314106912134417,0.013181989584620612,0.0,0.0,0.0,,
16.776606999999984,-8.223530077939047,7.106847228473486,-114.0917955895449,-0.008365339690296809,0.06958092587935702,0.012742607642670031,0.0,0.0,0.0,,
16.786123000000003,-8.230821096006363,7.116319994084355,-114.10820135032071,-0.009637014165442584,0.06521720644174109,0.012106002859892665,0.0,0.0,0.0,,
16.79561800000002,-8.23294996752418,7.122167313806281,-114.11209400378311,-0.008558759885683397,0.06043902576354707,0.01119539930133547,0.0,0.0,0.0,,
16.80511800000002,-8.234432583776245,7.125872375300907,-114.11085844007279,-0.007749996471432903,0.059234085202794204,0.010923982326694942,0.0,0.0,0.0,,
16.81465,-8.232644969486941,7.125458580345639,-114.11107082129473,-0.004662698627315831,0.06029470792236959,0.010853580987003206,0.0,0.0,0.0,,
16.824156999999985,-8.227986683401582,7.11987659633332,-114.11978526686542,-0.0011268877217599693,0.06363446644934069,0.011136321810172479,0.0,0.0,0.0,,
16.833660999999978,-8.22444867266815,7.112185167000485,-114.14111690826236,-0.00013288190979057367,0.06889381500312608,0.011959293769989969,0.0,0.0,0.0,,
16.843177999999995,-8.22127387900611,7.105136945016139,-114.17477367984336,0.001619514627347322,0.07224475720303586,0.012390609179131299,0.0,0.0,0.0,,
16.852682999999985,-8.224101690147329,7.101984411090487,-114.21601655973345,-0.000872427535271388,0.07470989538504368,0.013023787350629945,0.0,0.0,0.0,,
16.86220399999999,-8.228127574438567,7.104125811316472,-114.25777514263842,-0.0029443842983316536,0.07452865878568334,0.013170730026095026,0.0,0.0,0.0,,
16.871715000000023,-8.231686755822203,7.108361157445517,-114.29257462824914,-0.003684700814460345,0.06648970010853918,0.03844330332409938,0.0,0.0,0.0,,
16.881225,-8.236749234472887,7.114490862313956,-114.31627743919006,-0.008862618093273048,0.06795365528261552,0.012533737908681872,0.0,0.0,0.0,,
16.890734999999978,-8.237763758563286,7.122355493801579,-114.32751993495697,-0.008092491905974934,0.0643175145830644,0.011848100040849241,0.0,0.0,0.0,,
16.900244000000015,-8.237938319697449,7.129989608151228,-114.32998952689148,-0.007511140953710727,0.06207911845151042,0.011418919110320107,0.0,0.0,0.0,,
16.909746000000013,-8.234238200734461,7.134385012149152,-114.33076164088098,-0.004684336130190021,0.06262415846628157,0.011286064644657909,0.0,0.0,0.0,,
16.91927100000001,-8.229049580099767,7.133641848393343,-114.33573146420213,-0.002503311092238932,0.06354677428097961,0.011266368307141264,0.0,0.0,0.0,,
16.928774000000004,-8.225732026196289,7.130014955486183,-114.35074361284849,-0.0018790692998151024,0.06678129828613212,0.011774469328265941,0.0,0.0,0.0,,
16.93828499999998,-8.222683073171527,7.1269068401909035,-114.37714529645933,0.0007911198010782852,0.07097521047898789,0.012285195916785148,0.0,0.0,0.0,,
16.9478,-8.222981638970982,7.124010696004952,-114.41322048932588,-0.0003679548358003111,0.07181391520451286,0.012525465169532984,0.0,0.0,0.0,,
16.95731600000002,-8.223856055967142,7.120754461991446,-114.45375736828255,-0.0022101754622712954,0.07111312931660854,0.012553245019872738,0.0,0.0,0.0,,
16.966827999999992,-8.225341187075532,7.121603076090419,-114.49109264920517,-0.003798268105507784,0.07154389593473569,0.01276181944130487,0.0,0.0,0.0,,
16.976332999999983,-8.228274825078882,7.12524944433149,-114.5205811890749,-0.006197925216730778,0.07015983988863282,0.01272289673136891,0.0,0.0,0.0,,
16.98583099999999,-8.228015890704642,7.1305266997837515,-114.53855473332518,-0.0066000845272858235,0.06575834051606975,0.011995105735861067,0.0,0.0,0.0,,
16.995356999999984,-8.225726469420513,7.136408326247934,-114.54658462346723,-0.006388371895469832,0.06397577142364752,0.011672386263476515,0.0,0.0,0.0,,
17.00485599999999,-8.22171782714903,7.141331995539037,-114.54878614196639,-0.005197177573274737,0.06442156091017248,0.011657107482347471,0.0,0.0,0.0,,
17.01437100000001,-8.214734505542681,7.144771080633616,-114.5516533709941,-0.002611092843923419,0.06455284252778692,0.011472205303451794,0.0,0.0,0.0,,
17.023881999999986,-8.210021467651718,7.145830856032495,-114.56125764373976,-0.0017961879854601073,0.06708759144978152,0.011848541079399437,0.0,0.0,0.0,,
17.033389000000028,-8.205958058419792,7.143436622971166,-114.58084874094372,-8.725538676273728e-05,0.0674552061312734,0.01177288742869655,0.0,0.0,0.0,,
17.042901,-8.203604191176094,7.141756303946265,-114.61119885434884,-0.00041523001182095664,0.07081563228077753,0.01238505088679722,0.0,0.0,0.0,,
17.052414000000027,-8.201883641757552,7.13869484651219,-114.64815981093487,-0.00047427067606147026,0.07065572621676297,0.012361037085622039,0.0,0.0,0.0,,
17.061921000000012,-8.20244154981357,7.135194027466416,-114.68625086285682,-0.0027497683957854882,0.06962575841184972,0.012362769589896908,0.0,0.0,0.0,,
17.071436000000034,-8.204281827963777,7.133642824105628,-114.7196429668849,-0.004704601721611905,0.06868187473221324,0.01235609282092749,0.0,0.0,0.0,,
17.08093800000003,-8.205829677471458,7.1341209402202725,-114.74432012552796,-0.0064511438388390515,0.06707537373964834,0.012218215883796995,0.0,0.0,0.0,,
17.090450000000004,-8.205854559530488,7.135182232168576,-114.75900906403646,-0.006404890755310891,0.06598630807556759,0.012026653955881199,0.0,0.0,0.0,,
17.09996800000002,-8.202260576511462,7.135917461193271,-114.76528282046772,-0.0050311975048234064,0.06563677663311586,0.011855537355138444,0.0,0.0,0.0,,
17.109477999999996,-8.195928868633459,7.1364080358839495,-114.76842191308837,-0.002596378043483303,0.06482322990227328,0.011517475779988254,0.0,0.0,0.0,,
17.11898800000003,-8.189769265605527,7.139640310234205,-114.77522890676636,-0.00011806992879950593,0.06870034393466765,0.01199842292955597,0.0,0.0,0.0,,
17.128494000000018,-8.184427054185827,7.141518405358511,-114.78971966772501,0.0004944286286349771,0.07078346455246454,0.012314241184135858,0.0,0.0,0.0,,
17.13801200000003,-8.179843487205206,7.1418380718800565,-114.8134571469652,0.0006710399134180702,0.07071256378689666,0.012288244639174073,0.0,0.0,0.0,,
17.147526999999997,-8.178441856474809,7.139631785229253,-114.84609383844523,-0.0015702410397512461,0.0704385300432183,0.012417008445720563,0.0,0.0,0.0,,
17.157032999999984,-8.179136139735702,7.136990189857405,-114.8823667462327,-0.0027686931143100857,0.06945133996872306,0.012339790646684858,0.0,0.0,0.0,,
17.166549000000003,-8.182768663821982,7.1321315664772005,-114.9177873199545,-0.0062688582895975425,0.06740820621677694,0.012258465335087463,0.0,0.0,0.0,,
17.176050000000004,-8.18495059288563,7.126451518865441,-114.94667176571828,-0.0070601496839500285,0.06497226779969047,0.011893179141985505,0.0,0.0,0.0,,
17.185565000000025,-8.185502646630495,7.120548275412086,-114.96668080767219,-0.006288851129115283,0.0636950710290189,0.011605475360737543,0.0,0.0,0.0,,
17.195065000000028,-8.183759168695742,7.115673516171097,-114.97778614595784,-0.005416009978249167,0.06446641001948075,0.01166623449356209,0.0,0.0,0.0,,
17.20458800000003,-8.18329991859805,7.112811432349159,-114.98485016973278,-0.004779774932593555,0.06583183870161129,0.011851577491719894,0.0,0.0,0.0,,
17.214086999999978,-8.188008385231239,7.118471349898104,-114.99264046650401,-0.005092302934314787,0.06995783434831045,-0.0197650064146881,0.0,0.0,0.0,,
17.223599000000007,-8.207010023426283,7.134471451542954,-115.00723134913368,-0.012546236862101948,0.07704564501297854,-0.0794427937673903,0.0,0.0,0.0,,
17.24257300000002,-8.163652896410282,7.010788827140881,-115.04960138014788,-0.0009621582406304287,0.0780667337811444,0.10333506743544615,0.0,0.0,0.0,,
17.252064999999988,-8.099401087173899,6.897777783829446,-115.0739660907655,0.014313061181470146,0.09127648280252211,-0.1712974480516197,0.0,0.0,0.0,,
17.261629999999997,-8.123507752222675,6.888878047558787,-115.11098291762148,0.01009768018545834,0.056476164650035625,-0.09790993984798924,0.0,0.0,0.0,,
17.271087999999992,-8.136026563674417,6.883513962647724,-115.14880724367947,-0.00026518307073379593,0.06985652011106128,0.1199640200598199,0.0,0.0,0.0,,
17.290178999999995,-8.073869987469255,6.778659724422206,-115.17973202715689,-0.011847253276633546,0.06398848961095821,-0.035041323394349955,0.0,0.0,0.0,,
17.299633,-8.019774256113758,6.735098273853685,-115.1836772783378,-0.02285559724016486,0.08392004434538979,-0.15023752142684627,0.0,0.0,0.0,,
17.309140999999983,-7.977726097607624,6.7243812384168695,-115.18825158567908,0.015332882426203535,0.06252739223640637,0.09836132143652546,0.0,0.0,0.0,,
17.31871300000003,-8.006466394110223,6.718182617923455,-115.19548228124266,-0.020074949551097433,0.06844899642609736,0.07339472756869757,0.0,0.0,0.0,,
17.32822300000001,-7.9599994339932385,6.683546367071882,-115.19983059957865,-0.0018790440642350123,0.05630377248694978,0.052088392424930234,0.0,0.0,0.0,,
17.33773599999998,-7.983178948800587,6.699783803424156,-115.2215365926769,-0.0040843491089013004,0.08112505938543024,-0.012207349781155263,0.0,0.0,0.0,,
17.347246000000013,-8.020017709030443,6.713413968311536,-115.25418581541777,-0.0037162768469771804,0.08760987711387352,0.05798303669902111,0.0,0.0,0.0,,
17.35675599999999,-8.006092293581398,6.693845700675291,-115.28781823640763,0.035910989263962655,0.05148765357732712,0.08225850338637127,0.0,0.0,0.0,,
17.366274000000004,-8.049356468474134,6.704386977177465,-115.33029853923604,-0.0012286178243479824,0.07947911449374212,0.04434380033634942,0.0,0.0,0.0,,
17.375771000000015,-8.054086222730104,6.7400951899945785,-115.3679562602275,0.0260879067313208,0.08094371670542873,-0.06906952806522729,0.0,0.0,0.0,,
17.385291000000024,-8.053543153414628,6.741426851286761,-115.39575302566415,0.030486992895478612,0.05336724055538689,0.04036111939661233,0.0,0.0,0.0,,
17.39479700000001,-8.067700869306261,6.76390815626216,-115.41729675973308,-0.006790258851409182,0.06273587104395043,0.04247622126921736,0.0,0.0,0.0,,
17.40430699999999,-8.022807633414187,6.788159973738715,-115.42434104945232,0.033693051915796746,0.047066112319565784,0.07982899078946237,0.0,0.0,0.0,,
17.413821000000013,-8.02346846752007,6.7785151797499195,-115.42597872251014,-0.010508293964502181,0.05887351795218387,0.010719050868708396,0.0,0.0,0.0,,
17.423328999999995,-8.012375514617535,6.766858423303658,-115.4265313478818,-0.010277654425372328,0.059791156817292766,0.010838414375543656,0.0,0.0,0.0,,
17.432846000000012,-7.996158303172585,6.778529456070642,-115.43338845433573,0.0008265831931761693,0.0742158144944601,0.012411930982264304,0.0,0.0,0.0,,
17.442349000000007,-8.000101506647328,6.773147671268951,-115.44959665798939,0.00016750379208025008,0.07592546699714744,0.0730088270604956,0.0,0.0,0.0,,
17.451853999999997,-7.99252903632902,6.757928184331897,-115.47509473632063,0.0026585119834097466,0.07183831167407297,0.06858494005810742,0.0,0.0,0.0,,
17.47088499999998,-8.019620399290702,6.804318293673207,-115.55325704123827,0.0010856039905777198,0.09225936131121995,-0.029342594284468945,0.0,0.0,0.0,,
17.480392000000023,-8.038537075301631,6.813573381836744,-115.59338773175983,-0.0023314307460893446,0.06915019088037992,0.05148333778689469,0.0,0.0,0.0,,
17.499417000000022,-8.054942238664253,6.850647173207412,-115.6474385349361,8.092067953815828e-05,0.05681487742312457,0.06451967617737887,0.0,0.0,0.0,,
17.508926000000002,-8.065290675827514,6.838975833890533,-115.65781002567493,-0.009156978858663827,0.05404374779218157,0.009884700166056365,0.0,0.0,0.0,,
17.51844600000001,-8.066252200596246,6.841058067380851,-115.66151323496568,-0.002611861546389402,0.06021855074725247,-0.015356430334243422,0.0,0.0,0.0,,
17.527941000000027,-8.068190760416371,6.842161189840415,-115.66476132782,0.0035994503067725693,0.06156084166023955,0.03801709670449743,0.0,0.0,0.0,,
17.537453,-8.05672543723721,6.831120332473252,-115.67145121675922,0.008046182360918686,0.06504888961893769,0.06301967761643851,0.0,0.0,0.0,,
17.54696900000002,-8.03528294501486,6.8236196250881,-115.68617955549114,0.03377493178076929,0.06135931605252578,0.03577588659947664,0.0,0.0,0.0,,
17.556483999999983,-8.032556649197309,6.8351474476891525,-115.71266174534209,0.006326497111919574,0.0851567330602556,0.013966594475138122,0.0,0.0,0.0,,
17.56598299999999,-8.02443960053109,6.854190076941929,-115.74715750255866,0.0054268731076892035,0.08629372342836222,0.014254859411615294,0.0,0.0,0.0,,
17.575506999999988,-8.0241717809758,6.870927773963635,-115.78565757424612,-0.00017988115328842837,0.07389207116653726,0.05352835646631562,0.0,0.0,0.0,,
17.58501099999998,-8.032417393731269,6.894604368403923,-115.82184619358748,-0.007682449635557556,0.07257750677553015,0.04628362318131806,0.0,0.0,0.0,,
17.594522000000012,-8.036279848519465,6.905601749738417,-115.84872325576264,-0.009294507476900455,0.06789726745287897,0.012309350070568418,0.0,0.0,0.0,,
17.604033999999984,-8.057618564514417,6.901744062598167,-115.86721119589073,-0.013961093726414969,0.055937488750610935,0.041536221789231165,0.0,0.0,0.0,,
17.61354800000001,-8.071754447105194,6.905016267845062,-115.87810838070094,-0.010359658242153017,0.0614782321217454,0.011315693994629875,0.0,0.0,0.0,,
17.62304800000001,-8.080878786748185,6.9009140649852805,-115.88481900486197,-0.001149795658595891,0.061823685144784535,0.010679002121173843,0.0,0.0,0.0,,
17.63255799999999,-8.095251443016194,6.884458637076496,-115.89383742983682,-0.0017861023308972557,0.06323974401740569,0.010961601377524133,0.0,0.0,0.0,,
17.642071000000016,-8.092070528637294,6.881895050414755,-115.90826197222495,0.030680878359206236,0.06316159422876774,0.008474916019901435,0.0,0.0,0.0,,
17.651584999999983,-8.091197024424723,6.884662377484992,-115.93184621757293,0.011124378938614624,0.0810248758098251,0.013026652389005215,0.0,0.0,0.0,,
17.661099000000007,-8.089186905691136,6.886595538756238,-115.96367009176012,0.00667850578555373,0.07960076767507845,0.013126147870853117,0.0,0.0,0.0,,
17.67061099999998,-8.08089278809656,6.903316928047404,-115.99898985307271,0.006911795021947893,0.07865502701356729,0.012968659168082085,0.0,0.0,0.0,,
17.680125000000004,-8.081994733760084,6.923724129787077,-116.03366625664519,0.0013557883871845712,0.07373639063815358,0.04235128330652452,0.0,0.0,0.0,,
17.68962000000002,-8.080270124093383,6.934727881251147,-116.0610177617739,-0.005478335487272807,0.07077945400013384,0.012591740144185478,0.0,0.0,0.0,,
17.69913599999998,-8.079717782258365,6.9439012229433725,-116.07975511906736,-0.008955466984951036,0.06475647446034062,0.011825788173287628,0.0,0.0,0.0,,
17.708658999999983,-8.086405099998045,6.953668233580233,-116.09096640795782,-0.011525156396344804,0.06417525935315442,0.011932541395916832,0.0,0.0,0.0,,
17.71816099999998,-8.088417511858191,6.952819111614411,-116.09704323630606,-0.00928147102116427,0.062074407558599595,0.011402933520739405,0.0,0.0,0.0,,
17.737177000000003,-8.098453796234217,6.938124585152762,-116.11741723351976,-0.0006738797822936351,0.06876407157781425,0.011903137521749225,0.0,0.0,0.0,,
17.746689000000032,-8.104970166280733,6.936780046427036,-116.14024157844567,0.0034235116607177984,0.07570769164528392,0.012796475204599688,0.0,0.0,0.0,,
17.756208999999984,-8.113625260621122,6.9345646631440205,-116.17231053947644,0.0031548403960359366,0.07857028376523077,0.013315963400217934,0.0,0.0,0.0,,
17.77522400000001,-8.12850791009871,6.947698350379037,-116.2481957659036,0.0050459063756066215,0.07455579015983944,0.038490763215170885,0.0,0.0,0.0,,
17.78473199999999,-8.132679572733874,6.957188268572185,-116.27990098168124,0.001707198902177078,0.07352361921037054,0.012602800642799021,0.0,0.0,0.0,,
17.794252999999998,-8.136552301258545,6.9704087042338285,-116.30302665595431,-0.0020878597962465683,0.06891558521326338,0.012108314622039774,0.0,0.0,0.0,,
17.803758999999985,-8.135749154594434,6.984642549214915,-116.31599013778334,-0.003372051207862866,0.06523866596109938,0.011581905372341703,0.0,0.0,0.0,,
17.813268000000022,-8.130457714639903,6.992090272617699,-116.32073842021288,-0.0034967552537760365,0.06355023050915942,0.011302761811168365,0.0,0.0,0.0,,
17.822783999999984,-8.123051568771764,6.993019372543804,-116.32258623165986,-0.0018882981486810153,0.059156089866751464,0.03747233512952215,0.0,0.0,0.0,,
17.832281999999992,-8.115205758842814,6.994715154268633,-116.32865757684219,-0.0014702514098731095,0.06549308283913255,0.011484143562668022,0.0,0.0,0.0,,
17.841804999999994,-8.113566282083696,6.990904500393392,-116.3433141522209,-0.0018985283813585524,0.06792136219297057,0.011933907174136374,0.0,0.0,0.0,,
17.85131199999998,-8.114017279500045,6.985886870398981,-116.36881996386496,0.0009617402547393389,0.06835842769456446,0.03732143783436144,0.0,0.0,0.0,,
17.860826000000003,-8.116425789762177,6.983379787992259,-116.4033880915687,0.0041465729683656805,0.07141579597824527,0.04606077397145867,0.0,0.0,0.0,,
17.870340000000027,-8.124900577018648,6.981224553999191,-116.44300471089268,-0.00037635642162585326,0.07790095623737253,0.01355853865483933,0.0,0.0,0.0,,
17.879850000000005,-8.133567107854393,6.98448993462222,-116.48210445828295,0.0005584644107931691,0.07446632474520923,0.012905389459678564,0.0,0.0,0.0,,
17.88934900000001,-8.145767239887633,6.995160427194071,-116.51587591902589,-0.0013644961835183984,0.07439295418777842,0.013058646250304366,0.0,0.0,0.0,,
17.898863000000034,-8.152429584751848,7.005075998854768,-116.53923074023554,-0.00013935575228339202,0.06559602249528938,0.041340816649083074,0.0,0.0,0.0,,
17.908377,-8.15338655524389,7.010758228805802,-116.55128272750075,-0.0014151650374691679,0.06635500551566667,0.011685903833625541,0.0,0.0,0.0,,
17.917877000000004,-8.153640661592432,7.016669940353715,-116.55707419871734,-0.002640304998711141,0.06280427827575298,0.011163426654654557,0.0,0.0,0.0,,
17.92739800000001,-8.149412039204785,7.027241165510273,-116.56060893141517,0.0012351163946418054,0.06477552079211783,0.011229752201383988,0.0,0.0,0.0,,
17.93689500000002,-8.142448963225771,7.028440697944958,-116.56708553894374,0.0034082315648867045,0.06613234774600783,0.01130481643880037,0.0,0.0,0.0,,
17.946424000000007,-8.138822954204006,7.021505836034986,-116.58122933788798,0.0074183327935117074,0.06526467776872821,0.03800865320639555,0.0,0.0,0.0,,
17.955930999999993,-8.141558403556523,7.010078606518115,-116.60572438919067,0.006294826920884405,0.07398299885392173,0.012445044233502135,0.0,0.0,0.0,,
17.965434999999985,-8.151016201015995,6.995336217201537,-116.63969109905494,0.006601649806743455,0.0752114976343418,0.012626999990431882,0.0,0.0,0.0,,
17.974951000000004,-8.16546015903637,6.980949878666067,-116.67907464126213,0.006119810373340577,0.07735267619681341,0.013029820040580726,0.0,0.0,0.0,,
17.98446199999998,-8.18198574789566,6.966624522843736,-116.71928784156994,0.007424154742936593,0.0728237620591516,0.03953612534330793,0.0,0.0,0.0,,
17.993964000000034,-8.202891478281451,6.9503414487812085,-116.75557364626623,0.0035612781840537364,0.0759915927223049,0.012973615610993722,0.0,0.0,0.0,,
18.003484999999984,-8.227792796836695,6.931741398362227,-116.78574312298596,0.002822435366828628,0.07242069944131008,0.012401400563256093,0.0,0.0,0.0,,
18.013001000000003,-8.255612462179702,6.908912319966764,-116.80889469987366,-0.0006826658132354299,0.06703569237113269,0.0117203193209129,0.0,0.0,0.0,,
18.022517000000022,-8.285277242334834,6.880718411182341,-116.82452157873806,-0.003360873519093396,0.0643095134504462,0.011438827768740252,0.0,0.0,0.0,,
18.032014000000032,-8.309029919875679,6.847571756477653,-116.83416349690631,-0.0016001162878766413,0.0580426256646445,0.039901052600513576,0.0,0.0,0.0,,
18.041510999999986,-8.328493300924015,6.809275341118621,-116.84116961878335,-0.004070238409459944,0.060658254409008176,0.0108165743792387,0.0,0.0,0.0,,
18.051031999999992,-8.346073676422229,6.775123071931499,-116.84937948903087,-0.005248298526913262,0.06350828749411007,0.01137933985126362,0.0,0.0,0.0,,
18.060542000000027,-8.360989125400652,6.746683825578415,-116.86276562676102,-0.0017149628931849169,0.0677374510562839,0.011813126167892873,0.0,0.0,0.0,,
18.070054999999996,-8.37788796747505,6.715613464354516,-116.88457940582462,-0.0010615114365278109,0.06661062469137072,0.03717655456870647,0.0,0.0,0.0,,
18.079575000000006,-8.392346078425959,6.689165253891369,-116.9165633411792,0.0012367569560620857,0.06925323582688551,0.03964882400836203,0.0,0.0,0.0,,
18.08906700000003,-8.407819516591834,6.670180106358088,-116.95823387362884,-0.0007698831411100102,0.0755523510446148,0.013033733429360308,0.0,0.0,0.0,,
18.09859400000002,-8.426874144148584,6.6524071186424365,-117.00665755588659,-0.0031050499712346083,0.07437118081545442,0.013013331175479623,0.0,0.0,0.0,,
18.10811099999998,-8.446299922292464,6.637688568682372,-117.05699021612536,-0.006120472213751664,0.07184903527117997,0.012822748128929118,0.0,0.0,0.0,,
18.117608999999987,-8.46469212401833,6.623901390117736,-117.1020588413337,-0.006110768167405877,0.0635813763841677,0.03831446332014576,0.0,0.0,0.0,,
18.127118000000024,-8.478442909947619,6.608420367521372,-117.13583665423164,-0.00748171601013872,0.06069167566858004,0.036688229433831536,0.0,0.0,0.0,,
18.136633999999987,-8.487197959957673,6.59103031607333,-117.1562299561101,-0.00977231121482954,0.05976655974755869,0.011032921321619356,0.0,0.0,0.0,,
18.146139000000034,-8.49043051699856,6.579981412631641,-117.16414014633278,-0.007439036493635604,0.06099937338112512,0.011047830082512962,0.0,0.0,0.0,,
18.155651000000006,-8.485822304230014,6.570017910763783,-117.16215850589907,-0.0050235561897825414,0.06270482191068488,0.011131710325969706,0.0,0.0,0.0,,
18.16515899999999,-8.473791350004026,6.5613384354277855,-117.15621333436427,-5.411395563457932e-05,0.06167851392044471,0.039081508638990826,0.0,0.0,0.0,,
18.174667000000028,-8.455134001269752,6.559586979411427,-117.15244417496298,0.0010540151329217645,0.06936822531880454,0.011749337654321835,0.0,0.0,0.0,,
18.184188000000034,-8.435373046712208,6.563392863335992,-117.15653668963024,0.002159529916484555,0.07172535571796797,0.012056196152106442,0.0,0.0,0.0,,
18.19369900000001,-8.415059190728972,6.570686027797501,-117.1712045483482,0.002043471444212976,0.0738116161126199,0.012419872340995126,0.0,0.0,0.0,,
18.20320799999999,-8.394843149074857,6.582464973177223,-117.19572965551315,0.0023568568086390802,0.0698921539696818,0.041846221297134244,0.0,0.0,0.0,,
18.212711999999982,-8.375519249307782,6.595959395043756,-117.22708387282727,0.0003138439921883162,0.06879175800608472,0.041556372800911984,0.0,0.0,0.0,,
18.22223599999998,-8.356158818748494,6.6078327563744725,-117.26039143267974,-0.0044256150539706786,0.06904459843792961,0.012133153113836111,0.0,0.0,0.0,,
18.23173399999999,-8.338476513504684,6.6207207885485655,-117.29179886100279,-0.006220469327319127,0.06510815655626795,0.011605532991441063,0.0,0.0,0.0,,
18.24124500000002,-8.317813548815423,6.63542918287303,-117.31690592830267,-0.006214128127574031,0.06321498867613203,0.011284582190040898,0.0,0.0,0.0,,
18.25074700000002,-8.293875566337073,6.6475561390887306,-117.33416093061732,-0.003654598053083653,0.058576456999313596,0.03903566483624863,0.0,0.0,0.0,,
18.26025899999999,-8.264596490297954,6.6601114547779625,-117.34486779372084,-0.0028468671311922453,0.06325154159024014,0.011026426476599032,0.0,0.0,0.0,,
18.269788000000034,-8.233540506968104,6.674942472998724,-117.35197553743986,-0.0008009682055974849,0.06520068573707188,0.011202244398892605,0.0,0.0,0.0,,
18.27928399999999,-8.20073227625164,6.694189910993495,-117.35795682233845,0.0007482008513136834,0.06730951272381834,0.011448822454993457,0.0,0.0,0.0,,
18.288805999999994,-8.165561207111656,6.715200983918109,-117.36583304159174,0.0022558490760425077,0.06994656950988806,0.011792004103623287,0.0,0.0,0.0,,
18.298320000000018,-8.128303582256084,6.741823178684819,-117.37680873913098,0.005290857143992291,0.0690116198639225,0.038443628246909084,0.0,0.0,0.0,,
18.307828,-8.092013992343988,6.7695294087363065,-117.3902581260034,0.0022750146168550025,0.07268697678469445,0.012283719749323893,0.0,0.0,0.0,,
18.31734000000003,-8.058396851244533,6.799445219208568,-117.4051875773478,0.0005298366531196867,0.07054913335252704,0.012059782110292043,0.0,0.0,0.0,,
18.326848000000012,-8.025256834429866,6.832870439284111,-117.41940458534351,0.0006236054763707861,0.06932209525942779,0.011862159700492406,0.0,0.0,0.0,,
18.345868000000024,-7.962450741791968,6.895056960115144,-117.44285981186725,-0.0011906365310613632,0.06551720249744387,0.011367851627588235,0.0,0.0,0.0,,
18.35537500000001,-7.932700568775642,6.923386610881685,-117.45284656146657,0.00019103487810467345,0.06455659767475118,0.011120668863891353,0.0,0.0,0.0,,
18.364879000000002,-7.904091592804492,6.951196787777832,-117.46378632691899,0.0018329664594724626,0.0650997937537796,0.011117203982477196,0.0,0.0,0.0,,
18.37438899999998,-7.877142640035088,6.977778571844482,-117.47745057136153,0.0037588777677167685,0.06769088007849675,0.01145101624042395,0.0,0.0,0.0,,
18.383906999999994,-7.850450221037526,7.001614791473886,-117.49522859345528,0.005143963393849933,0.06817092038364678,0.01145650150343312,0.0,0.0,0.0,,
18.39341600000003,-7.827093177991834,7.026928451520828,-117.51711446351547,0.004977238057662648,0.07129350917192788,0.012027842116543478,0.0,0.0,0.0,,
18.402938000000034,-7.804282544000347,7.052763091658977,-117.5421189971344,0.006847779594217759,0.0714944280311299,0.011961636596596775,0.0,0.0,0.0,,
18.412440000000032,-7.784478886593703,7.079451290063761,-117.56778876975812,0.004490903865798379,0.07027437068778027,0.011926608892838888,0.0,0.0,0.0,,
18.421953000000002,-7.767274438996235,7.107728766156525,-117.59112969918877,0.0038142471048042666,0.07061865351391368,0.012055790577094763,0.0,0.0,0.0,,
18.431452000000007,-7.752091158894114,7.137772944162929,-117.61019335398372,0.003028094277419432,0.07016914883526834,0.012055551518066214,0.0,0.0,0.0,,
18.44097100000002,-7.738889026024944,7.1650196361428495,-117.62461169127326,0.0014952805067127875,0.06770895182147721,0.011747107074851609,0.0,0.0,0.0,,
18.450485999999984,-7.7284714777647014,7.191103867020283,-117.63505714268666,0.0007864959001045319,0.06620990239461655,0.011552357943974979,0.0,0.0,0.0,,
18.459981999999997,-7.72218107704157,7.214274004469587,-117.64452429064795,0.0003011422224597192,0.06655056703313535,0.011664203160651735,0.0,0.0,0.0,,
18.46949700000002,-7.717718231225672,7.232896972079959,-117.65523921739351,0.0013956146579700611,0.06618662131751574,0.011550277144627058,0.0,0.0,0.0,,
18.479022000000015,-7.716279135555193,7.248230163840539,-117.66923760370693,0.0029131688703944534,0.06702952057675471,0.011621293727922574,0.0,0.0,0.0,,
18.488526000000007,-7.7187160197934945,7.263465324819943,-117.68933192415705,0.005510391012877899,0.06977164824060142,0.01196387605011738,0.0,0.0,0.0,,
18.498043000000024,-7.726260529331972,7.276238319295591,-117.71583420186046,0.005146392691257337,0.07134528348106073,0.01228515658690026,0.0,0.0,0.0,,
18.507554999999996,-7.737532420501156,7.288558371578199,-117.74686996305978,0.00570424180254508,0.07192398933357363,0.012376252746652348,0.0,0.0,0.0,,
18.517060999999984,-7.750688635416091,7.302118143202294,-117.78011195227948,0.00552340757867395,0.07258122953891676,0.012529888459376144,0.0,0.0,0.0,,
18.52656700000003,-7.766884856436721,7.316203776785968,-117.81309369456932,0.003946958670938309,0.07203587516718694,0.01255863172387962,0.0,0.0,0.0,,
18.53607600000001,-7.783951083608261,7.32979945945354,-117.84291972475894,0.003215238428182136,0.06944488374025626,0.012170200057515242,0.0,0.0,0.0,,
18.545592000000028,-7.802569918280536,7.341531521966984,-117.86892606573535,0.0011190011567427656,0.0678501459363536,0.012040643089424666,0.0,0.0,0.0,,
18.55511400000003,-7.821721647268467,7.350234353435476,-117.89005762864355,0.0002406073739573902,0.06596648200694077,0.011779975711675349,0.0,0.0,0.0,,
18.564618000000024,-7.840670634151988,7.355882211702233,-117.90849480031042,0.0017957590775347543,0.06507675732106877,0.011541460799708483,0.0,0.0,0.0,,
18.574114999999978,-7.861722631918695,7.357304039375884,-117.92620136434824,0.0020435318613573335,0.06628807881402893,0.01175688335032688,0.0,0.0,0.0,,
18.58363399999999,-7.885398687459949,7.355559919682618,-117.9466898229139,0.002361784651634043,0.06752681577036246,0.011971386381206275,0.0,0.0,0.0,,
18.59314100000003,-7.913854275714342,7.350962259002805,-117.97135999707116,0.00205722883394665,0.07049726890393429,0.012536489003603286,0.0,0.0,0.0,,
18.602654,-7.944745245410745,7.346006791404874,-118.0004488369647,0.0029561451661009614,0.07150857647437035,0.01267531554338686,0.0,0.0,0.0,,
18.612165000000033,-7.978989705315544,7.340732242462434,-118.03342105352752,0.0031547930408151047,0.07261316669938711,0.012877417621156085,0.0,0.0,0.0,,
18.621676000000008,-8.016145048081846,7.337780612383716,-118.0688674193204,0.002268677472073585,0.07259772980678897,0.012952657384782483,0.0,0.0,0.0,,
18.631188999999978,-8.054260270864281,7.333724555646303,-118.10365227205783,0.0016963299039827898,0.07108535943660979,0.012737045377014736,0.0,0.0,0.0,,
18.640706999999992,-8.091410395326172,7.331170735437264,-118.13603047141925,0.0015351099495386532,0.06987529020937963,0.012549809269241022,0.0,0.0,0.0,,
18.650210999999985,-8.128723426252433,7.3261305068900775,-118.16455219687553,-0.00040935617388779933,0.066362077985166,0.012059658951426598,0.0,0.0,0.0,,
18.65972000000002,-8.165859680346337,7.321002279970465,-118.18973745199777,-0.0011650160672697775,0.06713365411950127,0.012267945605721493,0.0,0.0,0.0,,
18.66922500000001,-8.200906515958733,7.311153012044359,-118.21291227182276,-0.0008949186912167313,0.0652951883495074,0.011927612738815548,0.0,0.0,0.0,,
18.678728000000007,-8.23370144023302,7.2981886935760265,-118.23536548637874,0.0002811416098363279,0.06522736523572611,0.0118424369551647,0.0,0.0,0.0,,
18.697768000000025,-8.296464551236838,7.268157099633396,-118.28751915276655,0.0021212076985187597,0.07033602307193178,0.012652771271761695,0.0,0.0,0.0,,
18.70727100000002,-8.327381235479066,7.253357334874383,-118.31763022809128,0.001808160408707062,0.07161909885644926,0.012911683553424588,0.0,0.0,0.0,,
18.72628499999999,-8.391003357469401,7.229267322129367,-118.38295178828227,0.00036747989162315653,0.072597572721859,0.013207242518110974,0.0,0.0,0.0,,
18.745327000000003,-8.452226894563855,7.209848188956805,-118.44213860358681,-0.002570646437634986,0.06989936416099,0.012945355507877256,0.0,0.0,0.0,,
18.754831999999993,-8.481783236615145,7.200115775171157,-118.4661325980135,-0.004451563092347085,0.06835247637139308,0.012808313410433233,0.0,0.0,0.0,,
18.76433799999998,-8.507862092417643,7.188431157274278,-118.4871810035594,-0.004016125188228922,0.06564130910905455,0.012287771168066402,0.0,0.0,0.0,,
18.773847000000018,-8.530056089876151,7.176450036511468,-118.50627536116554,-0.0015782076612056105,0.06625761309288397,0.012226330784937687,0.0,0.0,0.0,,
18.783349000000015,-8.54917674580262,7.163211804562855,-118.52573900291827,-0.0011537373354984224,0.06630722447486853,0.012203636102770945,0.0,0.0,0.0,,
18.792860999999988,-8.565775689566014,7.148998783349261,-118.54685779044445,-0.0005082990641189188,0.06735333103662015,0.012344178974265319,0.0,0.0,0.0,,
18.80238699999998,-8.57741971901377,7.135625772322608,-118.5711803488639,0.0005055428791547894,0.06873943742980784,0.012517482396664453,0.0,0.0,0.0,,
18.81189100000003,-8.585980477386018,7.1237227960088845,-118.59812929381978,0.0014646993934911057,0.07012690913394994,0.012694530188396152,0.0,0.0,0.0,,
18.821406999999994,-8.591604848191459,7.115571691867933,-118.62568801211211,0.0010116321504917724,0.07053977356849983,0.01280014374713206,0.0,0.0,0.0,,
18.830928,-8.595144617605007,7.10987851692129,-118.65320682132298,-0.0005814102357863943,0.07095441641850285,0.012991800535308068,0.0,0.0,0.0,,
18.840439000000032,-8.59835752957981,7.103549918300196,-118.67729897799695,-0.0038649391726830735,0.06980631276716333,0.01302205234336116,0.0,0.0,0.0,,
18.849953,-8.596099792615183,7.099355427163324,-118.6975981566132,-0.0030202706841670444,0.06836820706363932,0.012693008861615005,0.0,0.0,0.0,,
18.859451000000007,-8.592175218936834,7.093232486853316,-118.71402314098391,-0.004811336809709488,0.0667052280861958,0.012514328095560866,0.0,0.0,0.0,,
18.86893999999998,-8.586378746519506,7.087301057676151,-118.7277721969664,-0.004636555422411754,0.06619356332345687,0.012399456417556354,0.0,0.0,0.0,,
18.878446000000025,-8.576622844249979,7.08084380330954,-118.74101000995205,-0.0022258501080028624,0.06588616860293267,0.012154436127855349,0.0,0.0,0.0,,
18.88798799999998,-8.56587316908182,7.074969881756752,-118.75493297793635,-0.00237933934955904,0.06745908703282086,0.012440298031815308,0.0,0.0,0.0,,
18.89748799999998,-8.550968776960376,7.070200174431653,-118.77177077574231,0.0006430082011460662,0.0684389375417123,0.012384425399830663,0.0,0.0,0.0,,
18.90699200000003,-8.532796608628509,7.06887751175962,-118.79125557076625,0.0029690297042650484,0.0702642883000063,0.012536162196986363,0.0,0.0,0.0,,
18.916513999999978,-8.513306536695922,7.069431513546843,-118.81262612500245,0.0019201540344671128,0.06999882890584844,0.012555726000040873,0.0,0.0,0.0,,
18.92602500000001,-8.49036644076932,7.071213087162843,-118.83421756259162,0.002206820952462263,0.06928041644052908,0.012395708624028893,0.0,0.0,0.0,,
18.935686000000004,-8.466164615230484,7.074746012998839,-118.85435043668355,0.0008456186638137833,0.06912157518125885,0.012456324294221803,0.0,0.0,0.0,,
18.94518500000001,-8.437931336107004,7.080182768176064,-118.87155550597576,0.0006641305442068848,0.06775458361240003,0.012212742819991617,0.0,0.0,0.0,,
18.954702000000026,-8.408386542971375,7.084396022943294,-118.88478280373366,-7.570084815889603e-05,0.06643014902525184,0.012013963909638901,0.0,0.0,0.0,,
18.96420900000001,-8.376908796190255,7.0876349654048,-118.89618374837083,-0.0012657742871837584,0.06536188613902891,0.011890282232641524,0.0,0.0,0.0,,
18.973595000000017,-8.342952106135186,7.091523084114233,-118.90524635233517,0.00092015670692882,0.06550724131378455,0.011749824546923374,0.0,0.0,0.0,,
18.98309100000003,-8.30920609910341,7.094502200605352,-118.91482071963767,0.0008663132477402419,0.06658085797042541,0.01193203703435305,0.0,0.0,0.0,,
18.992610999999982,-8.276222713785607,7.095678001311718,-118.92601266164358,0.0014821295364377083,0.06733672395704822,0.012009578449771043,0.0,0.0,0.0,,
19.00212000000002,-8.243747705570149,7.097611915364806,-118.94057516155071,0.002007035430305881,0.0684016075463028,0.012150457611558014,0.0,0.0,0.0,,
19.011612999999983,-8.210070070599512,7.101340761912508,-118.95830255308661,0.0057604663068613095,0.0664336068145176,0.04054367495203894,0.0,0.0,0.0,,
19.02112600000001,-8.178933822565893,7.104603980731054,-118.977504877238,0.003160075960346175,0.07069387062885563,0.012459059528000948,0.0,0.0,0.0,,
19.03063499999999,-8.147882133246295,7.110695951814644,-118.99638820567364,0.003538474526630511,0.07093482050606183,0.012468404060335905,0.0,0.0,0.0,,
19.040148000000016,-8.118446905476603,7.118999196543193,-119.0144207884079,0.0033122890151582856,0.0695335787394901,0.012226979567696932,0.0,0.0,0.0,,
19.049680999999993,-8.087797476875506,7.12797691703554,-119.03000949524088,0.0031757237721214333,0.06834400291511941,0.012017497179008692,0.0,0.0,0.0,,
19.059179999999998,-8.054381980603614,7.135888014819676,-119.04208062998667,0.0037377728870176463,0.06652708448175033,0.011648416456761066,0.0,0.0,0.0,,
19.068698000000012,-8.023166967899858,7.14289694677507,-119.05234857787016,0.002610020487542817,0.06507784477807496,0.011453230888727543,0.0,0.0,0.0,,
19.08772000000002,-7.958380917014294,7.150384709267579,-119.07175875580543,0.004431991433382801,0.0656202033697631,0.011411768603590928,0.0,0.0,0.0,,
19.097228,-7.930406204703129,7.1491494985763655,-119.08483309277021,0.003471258006124688,0.0653431163334948,0.011407520839625292,0.0,0.0,0.0,,
19.10674800000001,-7.904694600422998,7.1490056668307265,-119.10181785974946,0.004614132033680505,0.06776546484437122,0.011755805080678777,0.0,0.0,0.0,,
19.116247000000016,-7.882682777787195,7.149711967213898,-119.12212972699139,0.00493552892304593,0.07006296345425225,0.012135143872327472,0.0,0.0,0.0,,
19.125758999999988,-7.86222701306015,7.147605899748484,-119.14476063324531,0.005481552765378315,0.06872833592584912,0.011854191997969506,0.0,0.0,0.0,,
19.135276000000005,-7.845040745852955,7.147624928555579,-119.16766233991773,0.0054867936744795774,0.06928818903928179,0.011946295938438517,0.0,0.0,0.0,,
19.144777000000005,-7.830312230521528,7.150644861823985,-119.18970456219827,0.005265958076337325,0.06936030188411228,0.011970006010459628,0.0,0.0,0.0,,
19.154286999999982,-7.815897200551061,7.152699571378252,-119.20875404450327,0.006427644679808414,0.06843298330993879,0.011733142917982217,0.0,0.0,0.0,,
19.163804999999996,-7.804715108082371,7.152773087778415,-119.22610322496725,0.004199065938635847,0.06579177534908841,0.011393946897369911,0.0,0.0,0.0,,
19.173314000000033,-7.795793416457145,7.154221080570568,-119.24170181779236,0.003549850717777729,0.06639621803708251,0.011537496997981001,0.0,0.0,0.0,,
19.18281600000003,-7.786997785741842,7.153173418303485,-119.2567225968816,0.005053250667140068,0.06589197590239493,0.011355207742311496,0.0,0.0,0.0,,
19.19233,-7.781771902247207,7.147879161748956,-119.27290729908998,0.003265098994149893,0.06531864381020298,0.011352134623787874,0.0,0.0,0.0,,
19.201836999999983,-7.776440417645558,7.143824303710592,-119.29118144706233,0.00700430636562651,0.06669411334042925,0.011369935156811853,0.0,0.0,0.0,,
19.211345000000023,-7.775489349509478,7.1388518819372875,-119.31292780837106,0.005286436728675702,0.06855502635208895,0.011795370947731325,0.0,0.0,0.0,,
19.220998999999978,-7.777823175423183,7.130228664794195,-119.33766019773581,0.004858078724119971,0.06814489156971482,0.01174187718795325,0.0,0.0,0.0,,
19.23049499999999,-7.782619075286355,7.123877102921521,-119.36458390566675,0.005373955898338479,0.06883181976189763,0.011830563547544491,0.0,0.0,0.0,,
19.240014000000002,-7.7920152586186395,7.118073603446592,-119.3924841119796,0.00408579333964983,0.0691079699371138,0.011955964031640749,0.0,0.0,0.0,,
19.249520999999987,-7.80462669200517,7.110949545402556,-119.41961593980373,0.0036135031879133014,0.06924426304627677,0.012009117875228119,0.0,0.0,0.0,,
19.26853700000001,-7.833672431541389,7.098296134647012,-119.46867404264627,0.005680821709407282,0.0678483814006462,0.011645777844213941,0.0,0.0,0.0,,
19.27795499999999,-7.852577338274022,7.091977427032879,-119.49142474370188,0.005740784372695338,0.06822739995273379,0.01171383332310129,0.0,0.0,0.0,,
19.287452000000002,-7.873926908974855,7.08164957671216,-119.51480656198687,0.0065109273433710734,0.06829990545511694,0.011681936047031785,0.0,0.0,0.0,,
19.296960999999982,-7.898139956017573,7.068966429231179,-119.54165844927786,0.007587628680039802,0.06880455261586287,0.011706481663156739,0.0,0.0,0.0,,
19.306603000000024,-7.922214368849957,7.05081437363165,-119.57215100630829,0.00932535594733063,0.06850698989181433,0.011542163144528293,0.0,0.0,0.0,,
19.31609899999998,-7.9490242975730165,7.027263132084633,-119.60792138892964,0.00912869799644036,0.06909681533043284,0.011647494071905334,0.0,0.0,0.0,,
19.32560700000002,-7.978082869327352,7.001875350746661,-119.64814254963395,0.008960571026174272,0.06915831827301287,0.01165731099790381,0.0,0.0,0.0,,
19.335121999999984,-8.011989815610738,6.973115776305687,-119.69064690766434,0.0078019345919538435,0.07121105056847865,0.012079472483978766,0.0,0.0,0.0,,
19.34450799999999,-8.048998742650905,6.9374940853450235,-119.73152004926021,0.004469659490353895,0.0693466068055148,0.011943218851565076,0.0,0.0,0.0,,
19.353985999999992,-8.090736328990081,6.8981587425029955,-119.7672090263105,0.00047690350009468277,0.06764170573681408,0.01188169024930222,0.0,0.0,0.0,,
19.363508999999993,-8.134103106961986,6.858012663185347,-119.79399331409208,0.00024725739811366857,0.06664424219647919,0.011706790807556646,0.0,0.0,0.0,,
19.373017000000033,-8.179706333264715,6.81563949492167,-119.8121063910229,-0.002144097681566841,0.06521600963985037,0.011598586503701238,0.0,0.0,0.0,,
19.382531,-8.223892619193204,6.775844328554246,-119.82153908394197,-0.0016337743790513447,0.06600511858664651,0.011691076222421744,0.0,0.0,0.0,,
19.392055,-8.26620331771818,6.739257688601153,-119.82661331369889,-0.001666791933793656,0.06592083089301251,0.011667991000128275,0.0,0.0,0.0,,
19.401556,-8.307001355911979,6.7026355388684,-119.83233501938405,-0.0017509593616733743,0.06531275729469443,0.01155593173085042,0.0,0.0,0.0,,
19.411062999999984,-8.34585977997176,6.670258385712546,-119.84303518570897,0.0009539579349395065,0.06274451539624272,0.0366092863244271,0.0,0.0,0.0,,
19.420570000000026,-8.383332347685824,6.642866640020826,-119.86123044937867,0.0019447355072324808,0.06807372323009078,0.01176669947508068,0.0,0.0,0.0,,
19.43008899999998,-8.424276501808475,6.614642285958992,-119.88890197721899,0.000485042747122419,0.06890217598225198,0.012011834300862131,0.0,0.0,0.0,,
19.439599000000015,-8.463915776494186,6.584592615829935,-119.92467428866682,0.0016651251779512852,0.06242712539091848,0.03687203111692847,0.0,0.0,0.0,,
19.449110999999988,-8.504281206959805,6.561755717288839,-119.96491275231993,0.0041143668457322485,0.06464833848170781,0.03888323276866971,0.0,0.0,0.0,,
19.458617000000032,-8.546265942054744,6.53434685556662,-120.00418320747733,0.0028002333399887013,0.061707741947986804,0.037029462579911944,0.0,0.0,0.0,,
19.468122000000022,-8.593299842140205,6.504065656002827,-120.03502616333934,0.0005905288879010766,0.06392249891339716,0.011131292881545301,0.0,0.0,0.0,,
19.47764200000003,-8.645842863555742,6.477268182339089,-120.05317868358031,0.0021435099524135513,0.06332326238923433,0.010913753840167514,0.0,0.0,0.0,,
19.487154000000004,-8.701146598263396,6.449113873007876,-120.05468910802735,0.002497724125237612,0.06396200295753497,0.011000097692426762,0.0,0.0,0.0,,
19.49665200000001,-8.75589023343475,6.423082325243066,-120.04015118888849,0.007719754414290818,0.06047456546627493,0.03603230617114482,0.0,0.0,0.0,,
19.506167000000033,-8.810010141162957,6.399693399722618,-120.01425772521733,0.006237707807417268,0.06533636819221864,0.01095026591343291,0.0,0.0,0.0,,
19.515672000000023,-8.8612876438193,6.383568093125361,-119.98302514611103,0.01028129271153908,0.06727816638147405,0.010971869075915843,0.0,0.0,0.0,,
19.525195000000025,-8.911563636859766,6.368062508518983,-119.95454248227294,0.00986781721137532,0.06779960745212261,0.011098110735753222,0.0,0.0,0.0,,
19.534703000000007,-8.960320572463974,6.353903938429924,-119.93536001240841,0.00789151566577103,0.06805395322162122,0.011308403939898952,0.0,0.0,0.0,,
19.54421800000003,-9.007977502931919,6.3382873917992395,-119.92949200791126,0.0040571269970646395,0.06798482930757622,0.011618832858426435,0.0,0.0,0.0,,
19.55372700000001,-9.057087698833604,6.319406088208921,-119.93752294015692,-0.0005254041738246455,0.06701674316731346,0.011839336695137705,0.0,0.0,0.0,,
19.56324700000002,-9.108409413142521,6.296557111079493,-119.95547628132196,-0.00563324788080657,0.06504034546663977,0.011933119193946256,0.0,0.0,0.0,,
19.572745000000026,-9.165766949863919,6.273784626751695,-119.97744425628453,-0.009526167744599905,0.06544331751256342,0.012356262819199305,0.0,0.0,0.0,,
19.58224400000003,-9.2246634684026,6.251137627651702,-119.99610756962637,-0.010175704041590329,0.06515579327303091,0.01238553490480608,0.0,0.0,0.0,,
19.591758999999996,-9.284968507036838,6.231237743052602,-120.00687813733217,-0.010199673117451605,0.06640126491579174,0.01263525506835716,0.0,0.0,0.0,,
19.601271000000025,-9.345027108806224,6.220331930419845,-120.00719236455926,-0.006604660984695867,0.06961268869803254,0.01292015094183193,0.0,0.0,0.0,,
19.610787999999985,-9.400336148765689,6.21713646352796,-119.99709241526446,0.00020712342439009777,0.0708822232874127,0.012570459129436105,0.0,0.0,0.0,,
19.620300000000015,-9.450349119211241,6.220151993261637,-119.9823211966095,0.00494364221145661,0.0706824175597923,0.012139372371254134,0.0,0.0,0.0,,
19.629809999999992,-9.494006442464402,6.231345039322941,-119.96918405216277,0.00981951119181817,0.07190983761547888,0.011949454108793375,0.0,0.0,0.0,,
19.639301000000017,-9.530586098688971,6.243672591876351,-119.962378735601,0.01017900178412661,0.07035142798367851,0.011669179558375934,0.0,0.0,0.0,,
19.64882800000001,-9.558722149038122,6.254472833469702,-119.96531593548832,0.008927481066167982,0.06722567736561848,0.011249564762374433,0.0,0.0,0.0,,
19.65834300000003,-9.580180549903103,6.262536770037748,-119.9785752605876,0.0039052251902984953,0.06402709677863666,0.011158233560011239,0.0,0.0,0.0,,
19.667843000000033,-9.595880652980643,6.268249438789431,-119.99931338799769,-0.0011680170784001723,0.06284954242879319,0.011431080993945523,0.0,0.0,0.0,,
19.677357,-9.605643457045844,6.269166385360068,-120.02020064916952,-0.00562276488047704,0.06198309642662693,0.011695368231191645,0.0,0.0,0.0,,
19.68685500000001,-9.61281706929521,6.2688285503903804,-120.03825674873357,-0.009922112888145998,0.062442463873150285,0.012181808525156101,0.0,0.0,0.0,,
19.696382,-9.61948972671377,6.2715026337260165,-120.04901348998699,-0.010029515946611289,0.0663375974745228,0.012902754647296117,0.0,0.0,0.0,,
19.70589400000003,-9.630010208791433,6.277258700475196,-120.05147135605863,-0.006648145137037892,0.06665828607527548,0.03871319536348583,0.0,0.0,0.0,,
19.71539800000002,-9.643103299587418,6.29059562662668,-120.04652329189567,-0.001618342489051305,0.0692834410976041,0.039805592783737194,0.0,0.0,0.0,,
19.72490000000002,-9.66212908364852,6.310660748246026,-120.0353720786422,0.0013057876188738897,0.07589533485385955,0.013651830481282792,0.0,0.0,0.0,,
19.734425000000016,-9.688078691577768,6.332771327124296,-120.01942921580249,0.003817457578258072,0.07460553305021055,0.013224398660768298,0.0,0.0,0.0,,
19.74393699999999,-9.717525506015615,6.354508123491155,-119.99841597161503,0.006493138330899708,0.07156997246836527,0.01246090665649174,0.0,0.0,0.0,,
19.762952000000013,-9.770697457514704,6.392351464047211,-119.94119051516631,0.030577259709081442,0.05308713133964572,0.006863517835259904,0.0,0.0,0.0,,
19.772457000000003,-9.787506507047533,6.401998257570462,-119.90307749133413,0.029491369520894685,0.05128068938220488,0.006637514389614347,0.0,0.0,0.0,,
19.781967999999978,-9.796233177909667,6.406074111951631,-119.8610320719032,0.028331953873297767,0.049348414444982974,0.0063888165766698935,0.0,0.0,0.0,,
19.791483999999997,-9.798016474409785,6.408149764180146,-119.81757279929374,0.03008513122998627,0.052494260755069994,0.006795351970692324,0.0,0.0,0.0,,
19.80099900000002,-9.796581756624962,6.404688406967446,-119.77459346804125,0.007842849964293856,0.06693694175312127,0.011551744665326383,0.0,0.0,0.0,,
19.810502000000014,-9.796661385775954,6.400461558348378,-119.73615956742285,0.005812167261879888,0.07170112055122954,0.012609904598270506,0.0,0.0,0.0,,
19.82001599999998,-9.80078992402155,6.398035529946832,-119.70292983263353,0.0030433518042453332,0.07600065937062685,0.013658094085551527,0.0,0.0,0.0,,
19.829532,-9.811169487620345,6.39273335415231,-119.673088955766,0.0028424287851816833,0.07159068146630902,0.03845640404129262,0.0,0.0,0.0,,
19.839039999999983,-9.835007421806793,6.385283308626063,-119.64367756824238,-0.003704307136939563,0.07574201310082428,0.014258319228400903,0.0,0.0,0.0,,
19.848538999999988,-9.869974057269733,6.377176565351614,-119.60968632477186,-0.004446562748285109,0.07379359519935605,0.013984945469963105,0.0,0.0,0.0,,
19.858055000000007,-9.913769722636026,6.364478660613306,-119.56715659719491,-0.005503740354797865,0.07099698865674457,0.013587598856350847,0.0,0.0,0.0,,
19.867572000000024,-9.95866038042586,6.348047132740312,-119.51241115899975,-0.0033778778169999356,0.06599349443811539,0.012466657942424197,0.0,0.0,0.0,,
19.87707900000001,-10.000771049419718,6.331199811551487,-119.44619359371832,-7.422929458949423e-05,0.06367152835213866,0.011712880371878722,0.0,0.0,0.0,,
19.88659800000002,-10.03557516762608,6.313564904622624,-119.37009563220712,0.0045892989115934105,0.06256745832117508,0.01103327920811183,0.0,0.0,0.0,,
19.896108999999996,-10.062816324706544,6.296689042690928,-119.28892189972368,0.029478316358668658,0.05255354858420654,0.006648855809095211,0.0,0.0,0.0,,
19.905613999999986,-10.086270528405775,6.275935059565117,-119.20696966568393,0.030880786170920507,0.05523888135463864,0.00695979606449686,0.0,0.0,0.0,,
19.91512800000001,-10.10648359119717,6.252460475734565,-119.12623714010918,0.031473601365861935,0.056486015888107394,0.0070845214594145445,0.0,0.0,0.0,,
19.924634999999995,-10.125716167603667,6.22570821075978,-119.04697831861675,0.03209215818773685,0.05778399941122914,0.0072105098906557075,0.0,0.0,0.0,,
19.934154000000007,-10.148143973438168,6.19799017837654,-118.96685586245302,0.006376803549837439,0.07055160291615328,0.012186154966997273,0.0,0.0,0.0,,
19.94366199999999,-10.174283038484756,6.166750920838198,-118.88062468984818,0.0030942620419627774,0.06983363512354047,0.012367678481915244,0.0,0.0,0.0,,
19.953159,-10.207721905376271,6.1308584116396405,-118.7829969598606,-0.0016015267308525363,0.06828904468760372,0.012555117925953327,0.0,0.0,0.0,,
19.962680000000006,-10.249449020070644,6.093915022208536,-118.67208034819369,-0.004913238117150472,0.06848199302349806,0.012921999927789883,0.0,0.0,0.0,,
19.97218699999999,-10.295822166470877,6.055701466033655,-118.54647198093562,-0.004696178783957052,0.06848270826513224,0.012875624993789568,0.0,0.0,0.0,,
19.981698000000023,-10.347685824653789,6.016576270700744,-118.40805710258545,-0.0035335367335588854,0.0685511679474565,0.012736328437786305,0.0,0.0,0.0,,
19.991220000000027,-10.40207267693303,5.973647634799493,-118.26169668692779,-0.0012754141360751896,0.06704185039730895,0.012182276916721623,0.0,0.0,0.0,,
20.00071699999998,-10.456273256016418,5.930252578704909,-118.1132193124388,0.0012466643791468738,0.06705589862044782,0.011863293098154674,0.0,0.0,0.0,,
20.010232000000002,-10.509320619912906,5.888191262912909,-117.96770360903191,0.0029138213321599953,0.06858055087597917,0.01190581652816955,0.0,0.0,0.0,,
20.019740999999982,-10.555697026630096,5.8462676974100125,-117.8272707607188,0.004327294882659277,0.06833658095636136,0.01165344686340105,0.0,0.0,0.0,,
20.02926099999999,-10.595983406061631,5.805066837919406,-117.69256094983831,0.0027272248927778034,0.06824187991997951,0.01178129266105921,0.0,0.0,0.0,,
20.03876699999998,-10.627860114632398,5.764638259605159,-117.56102466137385,0.0010907268129629506,0.0673322843292894,0.011770326160726947,0.0,0.0,0.0,,
20.048287999999985,-10.651497571364793,5.724928070912251,-117.43098393127968,-0.002510015551204152,0.06656546478436953,0.012024538874311968,0.0,0.0,0.0,,
20.057778000000013,-10.665012270854682,5.689844746807478,-117.30032526356658,-0.0032341327941178563,0.06806595519489833,0.012330630733660352,0.0,0.0,0.0,,
20.067302000000012,-10.671939070849932,5.656451008653769,-117.16890085161043,-0.005390827291577595,0.06860744141428562,0.012642245981239753,0.0,0.0,0.0,,
20.076809999999995,-10.672629208817158,5.628422302531245,-117.03912808916553,-0.006698305630060113,0.07051245649681727,0.013089516766701144,0.0,0.0,0.0,,
20.095826000000017,-10.658544997227738,5.579930142321919,-116.79685156504142,-0.00583741722730071,0.07167720527686845,0.013089411797999651,0.0,0.0,0.0,,
20.105323000000027,-10.645993731092645,5.560742545866746,-116.69103148906616,-0.0045921784212538475,0.0732640460661121,0.013162199073299435,0.0,0.0,0.0,,
20.114848000000023,-10.628655631374967,5.544559707806132,-116.597138994184,-0.003437706440358307,0.07323154208169216,0.012968540595385089,0.0,0.0,0.0,,
20.124364999999983,-10.605613646700435,5.52818450770174,-116.51437921094391,-0.0031137662101796033,0.07065115665155654,0.012441817943504086,0.0,0.0,0.0,,
20.133877000000012,-10.575204563471281,5.512411450325585,-116.44046139409821,-0.002024289441683569,0.07039389933701179,0.012214954161258257,0.0,0.0,0.0,,
20.143383,-10.537075998738581,5.4975709813990195,-116.3724940349243,-0.0020219909382769583,0.0676847804694802,0.011706855086124724,0.0,0.0,0.0,,
20.152893000000034,-10.488510003213916,5.4849363336880925,-116.30638863911362,-0.0016516267323108415,0.06664359679228604,0.011434629537784059,0.0,0.0,0.0,,
20.162403000000012,-10.427574805860859,5.476490657567054,-116.24213576440158,0.00033816636688076653,0.06664096532481172,0.011136558595147193,0.0,0.0,0.0,,
20.181426000000016,-10.270591994044388,5.470117787217835,-116.11828892485042,0.0002216232173916339,0.06890630855005049,0.01141971305155406,0.0,0.0,0.0,,
20.19094199999998,-10.17590863025791,5.469335587449611,-116.06298912291174,0.00034545960728775155,0.06856978265826276,0.011288737240058912,0.0,0.0,0.0,,
20.20044900000002,-10.077031334184532,5.4729833882937475,-116.0166735824442,-0.0007257726709285771,0.07085626450281299,0.011735561594945206,0.0,0.0,0.0,,
20.209964999999983,-9.973829075956212,5.479011531556347,-115.98028700528802,-0.0014388367890120506,0.07293337196382346,0.012101082200970234,0.0,0.0,0.0,,
20.219477000000012,-9.869695236704732,5.48397946301443,-115.95560963095407,-0.002114437841030238,0.0718039740612002,0.011934640007264718,0.0,0.0,0.0,,
20.22898699999999,-9.76718520446581,5.4892419388469085,-115.94156060364689,-0.003524841539793995,0.07182183024985982,0.012039911297972014,0.0,0.0,0.0,,
20.238493000000034,-9.664110657118798,5.496112993248643,-115.93472443079399,-0.0033160341665969314,0.07132615139944562,0.011879061625982495,0.0,0.0,0.0,,
20.248006000000004,-9.559963561228168,5.500651022532708,-115.93273222412972,-0.00317164468923975,0.06742512474431941,0.011177281667907222,0.0,0.0,0.0,,
20.257531,-9.452207808658692,5.506201083628097,-115.93157756939297,-0.0017083743006792774,0.06637311435298206,0.010793610964875073,0.0,0.0,0.0,,
20.267048000000017,-9.34054674353048,5.514568130569975,-115.93104312294291,-0.0007569123352894289,0.06496967988146224,0.010416336588515863,0.0,0.0,0.0,,
20.276554000000004,-9.223473644675526,5.524648397879466,-115.92883636112663,0.0026741509514190322,0.06612636625854491,0.01018999321619475,0.0,0.0,0.0,,
20.286061999999987,-9.104654925194628,5.533619495795688,-115.92552148223928,0.02694310814908714,0.055424297219339946,0.00597042221749646,0.0,0.0,0.0,,
20.295558,-8.987883589396818,5.542965311471024,-115.92176393607005,0.027823877737629905,0.057245663795225325,0.006176906875419089,0.0,0.0,0.0,,
20.305093000000028,-8.880675057603376,5.547242601259515,-115.91650385854645,0.028104522790043433,0.05783657571445962,0.006245234548827556,0.0,0.0,0.0,,
20.31457900000001,-8.780811065675332,5.548085026760575,-115.90877724149871,0.02830254269057418,0.058264068965955436,0.006291944753419587,0.0,0.0,0.0,,
20.324089999999984,-8.68338244417474,5.550420110976943,-115.89730305924644,0.031009756775525768,0.054201733148953414,0.03383298430371407,0.0,0.0,0.0,,
20.333594000000033,-8.58876852895264,5.555655000608068,-115.88257194511692,0.028748444375974437,0.05925094550477396,0.006405880398026661,0.0,0.0,0.0,,
20.34310500000001,-8.498985298238281,5.55577126034342,-115.86588793136075,0.02841245226659875,0.05860190437855891,0.006334948358070285,0.0,0.0,0.0,,
20.352632999999997,-8.416989978518426,5.5539715792099535,-115.85051370676354,0.027986816690678852,0.05776349128165851,0.006241467500239156,0.0,0.0,0.0,,
20.36214400000003,-8.347787039570262,5.551481171459664,-115.83956255314848,0.02905315762676844,0.05999358947636773,0.006478909457602796,0.0,0.0,0.0,,
20.37165999999999,-8.29281608597799,5.5365240739531405,-115.83391390502754,0.030839784789037258,0.054619290511016515,0.033340290791859975,0.0,0.0,0.0,,
20.381171000000023,-8.253863587609898,5.512086271486273,-115.8323597775467,0.029476631805656236,0.051654077335925246,0.033590624557850654,0.0,0.0,0.0,,
20.39067800000001,-8.226257263396874,5.486874287194932,-115.83315394172479,0.030180216748696587,0.05357300627124407,0.03243759249232381,0.0,0.0,0.0,,
20.400181000000003,-8.20990459588295,5.458040861147862,-115.83430860284936,0.027745396584340415,0.05730651152843485,0.0060836483478289806,0.0,0.0,0.0,,
20.40967600000002,-8.198258879556617,5.427284690033425,-115.83280035972315,0.026918685021575142,0.055602718361141557,0.005869236567286615,0.0,0.0,0.0,,
20.41918799999999,-8.190723609086104,5.401111311945127,-115.82987909087623,0.027325981474580544,0.05645136050814148,0.005929761943309313,0.0,0.0,0.0,,
20.42871199999999,-8.184918519194797,5.376913633303592,-115.82671035793122,0.007007131309838029,0.06279920801383165,0.035946902071793026,0.0,0.0,0.0,,
20.438215999999983,-8.181323334160354,5.354271259995143,-115.82863084624988,0.0034647979281478805,0.06716760509236894,0.009583050786756364,0.0,0.0,0.0,,
20.447728000000012,-8.179828665373291,5.332041090419761,-115.8371025891367,0.0014728473194254362,0.06585051452883212,0.009543221526454553,0.0,0.0,0.0,,
20.45724400000003,-8.180819536829619,5.3116534336075345,-115.85530500164802,0.0010123858574080668,0.066468716094558,0.009655816086712895,0.0,0.0,0.0,,
20.46674500000003,-8.188502131802615,5.285528914557881,-115.88405602040547,-0.0026468696421229486,0.06628870363415379,0.009936489805379957,0.0,0.0,0.0,,
20.476260999999994,-8.200113918068032,5.259288275525105,-115.92240328487564,-0.001920080047654249,0.06347060638284571,0.03658349997130577,0.0,0.0,0.0,,
20.485772000000026,-8.217606847242502,5.233992724552408,-115.96718455647172,-0.004179926768491181,0.0644730074192561,0.03742074742145281,0.0,0.0,0.0,,
20.49527900000001,-8.238104275403954,5.209962471663492,-116.01492956424526,-0.007010267876893732,0.06773361321476563,0.010504939982603812,0.0,0.0,0.0,,
20.504784,-8.26061462329972,5.18933582604318,-116.06179522137877,-0.004955016708939623,0.06438686797480736,0.03527813854853992,0.0,0.0,0.0,,
20.514310999999992,-8.28129992433084,5.175202656130098,-116.1027591433332,-0.006174154738089947,0.06699197088576554,0.010320644880735426,0.0,0.0,0.0,,
20.523822000000024,-8.299404109601824,5.166414520366055,-116.1357176726934,-0.0037072431722336,0.06291737297603262,0.03526801488831342,0.0,0.0,0.0,,
20.53332100000003,-8.314113705011605,5.162130012125131,-116.15935847691775,-0.0060260987932036015,0.06478920245140796,0.009998373792848186,0.0,0.0,0.0,,
20.542831000000007,-8.32484054200579,5.163796445909179,-116.17370178634121,-0.005528594621440455,0.0642600066458633,0.009884825426939732,0.0,0.0,0.0,,
20.552339999999987,-8.331195546299421,5.169740728790009,-116.18098575804916,-0.0037285712710003176,0.06383155114256084,0.009666838329880852,0.0,0.0,0.0,,
20.561856000000006,-8.335259044618404,5.17589418539087,-116.18497218792882,-0.003928253134771467,0.06380952170167128,0.00969072919640375,0.0,0.0,0.0,,
20.571346000000034,-8.33582404117485,5.183592215234799,-116.18953331133774,-0.0004136966447211377,0.06161504452684538,0.03444430114657341,0.0,0.0,0.0,,
20.590394000000032,-8.33564263089515,5.2083652990636775,-116.21411747961822,-5.512946825585878e-05,0.06942752575165936,0.010194869967267477,0.0,0.0,0.0,,
20.599902000000014,-8.338865346420828,5.223066868173421,-116.23719986419043,-0.0011902958263155516,0.07077321312332199,0.010517314434432051,0.0,0.0,0.0,,
20.609409,-8.341686195141277,5.240011518518411,-116.26627393184556,0.0008118202375142683,0.07193004675510252,0.010528469521090935,0.0,0.0,0.0,,
20.618926000000016,-8.346693658175305,5.257937418622833,-116.29935219331307,-0.0011626719250708289,0.07039073812835354,0.01050853347464316,0.0,0.0,0.0,,
20.62843000000001,-8.351652233489848,5.277064822112837,-116.33324844109575,-0.00021578420761825902,0.06931805014910301,0.010291043617543792,0.0,0.0,0.0,,
20.637939999999986,-8.358976815192507,5.2964949758527275,-116.36553979453247,-0.0021747574994908825,0.06882043770258557,0.010424413777829293,0.0,0.0,0.0,,
20.64744600000003,-8.366124972258945,5.314726718145345,-116.39457467832813,-0.002604003613356788,0.06653483857452717,0.010149717709993246,0.0,0.0,0.0,,
20.65696699999998,-8.372556355314188,5.332547514608339,-116.41875170452262,-0.002075894621643378,0.0662194733322854,0.010079169888418078,0.0,0.0,0.0,,
20.666473000000025,-8.377542088457941,5.34918007571105,-116.43883680997442,-0.0023252403447733662,0.06548935274602483,0.010014518491913692,0.0,0.0,0.0,,
20.67613400000002,-8.379389151199739,5.367141242968091,-116.45545262796568,-0.0011205043167386956,0.06672784775651443,0.010112176426353026,0.0,0.0,0.0,,
20.68564999999998,-8.380434973794873,5.384082208233268,-116.47199928557465,-0.0017651800694297106,0.06698833992754989,0.010229710703333726,0.0,0.0,0.0,,
20.695018000000033,-8.38024446467618,5.403796332054748,-116.48928257129987,-0.0010407155750214252,0.06950217981461926,0.01056540726748307,0.0,0.0,0.0,,
20.70451399999999,-8.378873355184412,5.424160444954042,-116.50905535913184,0.00031883052537438075,0.0706209867576201,0.010635595833185617,0.0,0.0,0.0,,
20.71403699999999,-8.381307105224245,5.443086892415678,-116.5322457684499,-0.001506883603777887,0.07114705614254188,0.010904470458226416,0.0,0.0,0.0,,
20.72352600000002,-8.383357313587751,5.461487941220422,-116.55862616476219,-0.0006123647279294022,0.0711835522390167,0.010854405876082936,0.0,0.0,0.0,,
20.733045000000033,-8.388491757854132,5.479435581693485,-116.58723977645212,-0.0021639633293177732,0.07106222449213845,0.011001186112847273,0.0,0.0,0.0,,
20.761588999999987,-8.40456794796438,5.526842527669063,-116.66507086136814,-0.004163298352960616,0.06738063238994603,0.010686529283049586,0.0,0.0,0.0,,
20.771264000000002,-8.407227778695802,5.543577564199172,-116.68320445511665,-0.003256402241628447,0.0679767185569187,0.010717833100363882,0.0,0.0,0.0,,
20.790291999999994,-8.405687470403425,5.5748116652613815,-116.70911253021046,-0.0020893272686531746,0.06708997668629231,0.010512216838369079,0.0,0.0,0.0,,
20.799802000000028,-8.40006812619446,5.593538507869338,-116.7209894590869,-0.0005694892436992441,0.06869506494235096,0.01064277536241424,0.0,0.0,0.0,,
20.809281000000027,-8.392774577626662,5.613087937652697,-116.73432586854734,-0.00017196944452344998,0.06813056026330055,0.010539013129115092,0.0,0.0,0.0,,
20.818787000000015,-8.38552270239004,5.633373055794759,-116.74964770587376,-0.002929639669964235,0.0677363788545695,0.010739819105568147,0.0,0.0,0.0,,
20.828191000000032,-8.37347507407006,5.655022788606839,-116.76580844352517,-0.0032890438025405663,0.06228614574792238,0.03796811246892934,0.0,0.0,0.0,,
20.837699000000015,-8.359318626261413,5.679033520770269,-116.78108805454248,-0.00627609359305877,0.06633905613534619,0.01084944811135206,0.0,0.0,0.0,,
20.84721600000003,-8.344140735549924,5.702246760856413,-116.79326994469534,-0.00799077149064271,0.06511193639281909,0.010821614599048832,0.0,0.0,0.0,,
20.856720000000024,-8.327910858549943,5.727228129691198,-116.80255101127618,-0.00865060678964546,0.06441544029265626,0.010784205572784518,0.0,0.0,0.0,,
20.86622600000001,-8.31005419495871,5.757828237791369,-116.80865009729018,-0.005894264674723908,0.06680404984670323,0.010939401470088699,0.0,0.0,0.0,,
20.875721000000027,-8.291556473883317,5.789849497149014,-116.81353412327658,-0.002724146881788703,0.06950219506518444,0.0111135499321973,0.0,0.0,0.0,,
20.885226000000017,-8.272303613166125,5.824269245759259,-116.8223106340143,-0.0001292784477117518,0.07054585429334781,0.011084770608852374,0.0,0.0,0.0,,
20.894734,-8.249434050243755,5.8642074193655445,-116.8400051912327,0.0028173801340644054,0.07293538489185722,0.011247809522972118,0.0,0.0,0.0,,
20.904237999999992,-8.2197734080697,5.906724513306695,-116.86958634419636,0.008418719659512578,0.07044383084371182,0.03677262007719223,0.0,0.0,0.0,,
20.91374600000003,-8.189944720056207,5.94918347157159,-116.91220756307635,0.005772199621835297,0.0733951209444487,0.011154564934819892,0.0,0.0,0.0,,
20.923261999999994,-8.1579903525676,5.988756959697504,-116.96551160528638,0.002397220117714926,0.06944575835924074,0.010838326599165228,0.0,0.0,0.0,,
20.932773000000026,-8.125231388746231,6.024711235885793,-117.02119304413624,-0.0009577622327772089,0.06664311993175921,0.010689021580539953,0.0,0.0,0.0,,
20.942288999999988,-8.09373151569996,6.052625224623247,-117.07090921694345,-0.006313387483438252,0.0630894263108845,0.010561910733238068,0.0,0.0,0.0,,
20.951791999999983,-8.060416903077396,6.07493831607916,-117.10675755529805,-0.007850878787899519,0.06127545240253365,0.01039588019458974,0.0,0.0,0.0,,
20.961302000000018,-8.031360224528932,6.095833485022363,-117.12448417545295,-0.010070588471324372,0.0622489804374023,0.010725571914200743,0.0,0.0,0.0,,
20.970811999999995,-8.001464652557594,6.119058362073191,-117.12323138053033,-0.008525692662741237,0.06428244558387577,0.010932786648103956,0.0,0.0,0.0,,
20.980317999999983,-7.970284227421968,6.1467928816097315,-117.10736313549356,-0.004100163594132908,0.06831347694345452,0.011245109774989078,0.0,0.0,0.0,,
20.989836999999994,-7.939665685565051,6.180717913509822,-117.08528498769594,0.002457173253020993,0.06742120969296826,0.03751660185283719,0.0,0.0,0.0,,
20.99934600000003,-7.908754088737834,6.222208056629512,-117.06458148137663,0.006924836468290179,0.07120260815851008,0.03732541255832935,0.0,0.0,0.0,,
21.008861999999993,-7.8819492763985455,6.266653018539677,-117.05248902572872,0.008359464954490704,0.07550120339400572,0.011546862956270382,0.0,0.0,0.0,,
21.018372000000028,-7.85824265839321,6.3114191732839675,-117.05378020248699,0.03225327220935722,0.0631539950447058,0.007843210497672982,0.0,0.0,0.0,,
21.027882000000005,-7.839105426561294,6.352085433448195,-117.07058264237875,0.030846541929834617,0.06035582269634136,0.007545524420173733,0.0,0.0,0.0,,
21.037387999999993,-7.823702499078024,6.385491028772691,-117.10093321120002,0.004550737196960456,0.06752670396554014,0.010652474172915233,0.0,0.0,0.0,,
21.046906000000007,-7.806866633102323,6.411319270164149,-117.13774567402763,0.002882219707244031,0.061649535902965465,0.00983835880336702,0.0,0.0,0.0,,
21.05641399999999,-7.78939738416087,6.43266639297526,-117.17462750965998,6.732815161364444e-05,0.059399752936771716,0.009687522742171936,0.0,0.0,0.0,,
21.065920000000034,-7.770737098918722,6.452615653080917,-117.20628283577744,-0.0020823803997254654,0.060093450002795645,0.009964333216162613,0.0,0.0,0.0,,
21.075436999999994,-7.751143848333133,6.470285774581522,-117.2294327475547,-0.002265288106304224,0.06201916343641039,0.01029983403644511,0.0,0.0,0.0,,
21.08494600000003,-7.730953577450466,6.490104067767852,-117.24432691624816,-0.0009449099303724841,0.06531835133920065,0.010757409796592128,0.0,0.0,0.0,,
21.09445100000002,-7.714040382036334,6.518821921890264,-117.25506616717992,0.000376006957805804,0.07114693889533406,0.01164344645500635,0.0,0.0,0.0,,
21.103968999999978,-7.700513720970206,6.551112308998361,-117.26527564670867,0.001365335290246372,0.07409347898823333,0.012089874051748793,0.0,0.0,0.0,,
21.113475000000022,-7.692102186086218,6.586516569877025,-117.27853851327369,0.0017345768861762355,0.07458275758316778,0.012183732656220284,0.0,0.0,0.0,,
21.122994000000034,-7.689072759714323,6.624039262441891,-117.29759015940337,0.0015151860844585105,0.07424379838867129,0.012187298463027836,0.0,0.0,0.0,,
21.132491999999985,-7.690760885564932,6.661225036938688,-117.321540324893,0.0015697412381662176,0.07161333550496374,0.011793923108346142,0.0,0.0,0.0,,
21.142015999999984,-7.696863720097234,6.693255136409132,-117.34818032149083,-0.00025001309531038854,0.06676867202703995,0.0111504498764096,0.0,0.0,0.0,,
21.151516999999984,-7.705690944743059,6.719961025904719,-117.3739972606369,-0.002081688238124317,0.0633863769113086,0.010742120931276118,0.0,0.0,0.0,,
21.170540999999986,-7.72373549540038,6.766075677120034,-117.41288083582936,-0.0005106293115567578,0.06254018689610469,0.01055332662419336,0.0,0.0,0.0,,
21.18005500000001,-7.7312820120610075,6.787808694544603,-117.42448630871569,0.0017405169708406513,0.06343740935846612,0.010581062193838382,0.0,0.0,0.0,,
21.189564999999988,-7.734051964309645,6.811570001475114,-117.43419517127272,0.005442318089939031,0.06573599529360212,0.010750282907939855,0.0,0.0,0.0,,
21.199081000000007,-7.736363722148703,6.837219655073729,-117.44649097539529,0.006633585630532788,0.06898013998539053,0.011251261254203846,0.0,0.0,0.0,,
21.208586999999994,-7.738235099336671,6.867873749211737,-117.46364700875962,0.009836454013333393,0.06892039944343727,0.03788324387828242,0.0,0.0,0.0,,
21.218088999999992,-7.742168368234647,6.899324258703785,-117.48777678199181,0.007210421468196056,0.07400176151843145,0.012147753432144756,0.0,0.0,0.0,,
21.227600000000024,-7.7513623033920505,6.927588985575305,-117.51968595666743,0.0038680398411885222,0.07188997667734892,0.012047922328696274,0.0,0.0,0.0,,
21.23711499999999,-7.766600827711693,6.9553694630197045,-117.55704260940061,0.0002096892167429079,0.07103483191623577,0.012184358916962233,0.0,0.0,0.0,,
21.246631000000008,-7.785711613901627,6.9773100881233265,-117.5948464924501,-0.000532982449333893,0.06509968148279932,0.036930630878986556,0.0,0.0,0.0,,
21.256148000000024,-7.810604282733844,6.992120607388805,-117.63037576950204,-0.004744040038635023,0.06553258064635153,0.011631799124061766,0.0,0.0,0.0,,
21.265644999999978,-7.839545471224864,7.005870268019464,-117.66038927037233,-0.004927814882635208,0.06510348777606853,0.011603074480003292,0.0,0.0,0.0,,
21.275153000000017,-7.870925838159758,7.019311437902541,-117.68330013732458,-0.003851892278487744,0.0664812120198173,0.011805438003442048,0.0,0.0,0.0,,
21.29416999999998,-7.929909011796039,7.043787640924146,-117.71324375253683,0.0021505921685027736,0.06841757557372179,0.011805963600965527,0.0,0.0,0.0,,
21.303686999999996,-7.958933483761961,7.05975768884274,-117.72796951185309,0.003931388239556702,0.07019757032243447,0.012032720436505946,0.0,0.0,0.0,,
21.313208000000003,-7.983803076163125,7.077364317230158,-117.74632134111789,0.006729220981638992,0.07197694621879121,0.012191947614197623,0.0,0.0,0.0,,
21.32272100000003,-8.00720568346951,7.093056974671499,-117.77053901033977,0.006768247735863773,0.07166230228902629,0.012166730575771922,0.0,0.0,0.0,,
21.33221499999999,-8.030687021858528,7.107268525312908,-117.7998462007432,0.004403513211644481,0.06988103463617472,0.01204356804364078,0.0,0.0,0.0,,
21.34174500000003,-8.054291156605418,7.120026954451806,-117.83340119261672,0.0024057278299023615,0.0693027608512064,0.012106553884485803,0.0,0.0,0.0,,
21.351236,-8.079430730175376,7.126216687118585,-117.86805243042483,-0.0006230139390845427,0.0677489031995236,0.012060605268492982,0.0,0.0,0.0,,
21.36076,-8.10554472030127,7.131863692559814,-117.90102677846427,-0.0029452504212492616,0.06802008282021947,0.012291126784559814,0.0,0.0,0.0,,
21.37027200000003,-8.132979222689734,7.134162821262563,-117.93032274490804,-0.004032704731708567,0.06800105131064767,0.012383853859842218,0.0,0.0,0.0,,
21.37977600000002,-8.162018234415497,7.134288610716006,-117.95523244091838,-0.0044132994092838254,0.06874919570113153,0.012563844401802592,0.0,0.0,0.0,,
21.38928999999999,-8.191867240221384,7.1373145392181465,-117.97734229421977,-0.002710086567392147,0.07082382786924944,0.012840369792506204,0.0,0.0,0.0,,
21.398803000000015,-8.220861983499747,7.140631468355356,-117.99905355806767,-0.0005252832000864355,0.07074580040043182,0.012697890405924925,0.0,0.0,0.0,,
21.408312999999993,-8.250103567938437,7.143752915606499,-118.02190962981769,0.0002610711583251236,0.07111140500293527,0.012731407105017661,0.0,0.0,0.0,,
21.417827000000017,-8.27857135801137,7.1458263217493085,-118.04659427672482,0.000794434382855734,0.06999705989133079,0.012515166639074529,0.0,0.0,0.0,,
21.42734199999998,-8.306806810797223,7.148004849169255,-118.07401415450201,0.0008953806302728047,0.06910214203865914,0.012368222729728201,0.0,0.0,0.0,,
21.436852000000016,-8.332825344401918,7.1472344876168075,-118.10323435053458,0.000317785848975069,0.06752498344486665,0.012141773016859843,0.0,0.0,0.0,,
21.44636299999999,-8.356457786293674,7.145122928557631,-118.1322839001887,0.0002843693885196925,0.06705501617574507,0.01207300994432234,0.0,0.0,0.0,,
21.455884999999995,-8.377333149635016,7.141081965229937,-118.15874662168036,-0.0018399206743709986,0.06687582787805012,0.01220275705090383,0.0,0.0,0.0,,
21.465384,-8.393844492752217,7.135862315742413,-118.18206304001122,-0.0007458007396903025,0.0672465049803696,0.012197206653881479,0.0,0.0,0.0,,
21.474902000000014,-8.408523476642271,7.129701683039742,-118.20264213578456,-0.001836508465340194,0.06820982945007609,0.012453684625174386,0.0,0.0,0.0,,
21.484409999999997,-8.419053033588652,7.12649788885305,-118.22124461125789,-0.0005974441136169041,0.07009651076261832,0.01270951391415954,0.0,0.0,0.0,,
21.493931000000003,-8.426504765613453,7.124293308709979,-118.23896146092093,0.001187795943449562,0.07004976922640348,0.012575458252489837,0.0,0.0,0.0,,
21.503433,-8.43370628015076,7.122412110213642,-118.25829005967367,-0.00026664081014903223,0.07111759141512411,0.012877750811492849,0.0,0.0,0.0,,
21.512947000000025,-8.441250228275864,7.120723597650517,-118.28053783124844,-0.0009987380731743098,0.07045200373359704,0.012815148115345914,0.0,0.0,0.0,,
21.522453000000013,-8.447714175345796,7.118933424571865,-118.3061752257386,-0.0009690614142646914,0.07021557461319156,0.0127744325573606,0.0,0.0,0.0,,
21.53208600000002,-8.45358420213924,7.1154502976952045,-118.33366789163671,-0.000962405189343942,0.06893585474962068,0.01254451024136407,0.0,0.0,0.0,,
21.541600999999986,-8.459837863895956,7.10698954596727,-118.36165503661975,-0.0030995794632069722,0.06722540014246116,0.012387377300942023,0.0,0.0,0.0,,
21.550971000000033,-8.463856369160283,7.0971536754992375,-118.38753498231931,-0.0034999564039239887,0.06627918035222267,0.012239686443978907,0.0,0.0,0.0,,
21.560485,-8.46540678211115,7.084658415005427,-118.40951915709329,-0.003014603622206793,0.06655980274018795,0.012244948491324454,0.0,0.0,0.0,,
21.570141000000007,-8.46412726215201,7.07385612373254,-118.42803658688824,-0.0017995776556923022,0.06779035268262018,0.012368180606095708,0.0,0.0,0.0,,
21.579645999999997,-8.458243018968053,7.066742567178324,-118.44305438841124,0.0010582027087745662,0.06918580022173065,0.01240222289564162,0.0,0.0,0.0,,
21.608187000000015,-8.418339378558308,7.060425139820594,-118.48349813308856,0.0024221241571729447,0.06999322479004529,0.01242308786103774,0.0,0.0,0.0,,
21.617677999999984,-8.401216431962395,7.059351289998236,-118.50086585514754,0.0010725235445268448,0.06909018123256672,0.012348272083791436,0.0,0.0,0.0,,
21.62720600000003,-8.38200982305167,7.056119400478319,-118.52017773501471,0.0006500336166165872,0.06693046657254673,0.011977563476093498,0.0,0.0,0.0,,
21.636719999999997,-8.361701786775264,7.049713150642345,-118.54148253033412,-0.0011271188150791414,0.0663579544087186,0.011984649194518384,0.0,0.0,0.0,,
21.64623100000003,-8.341694367822848,7.042286929177465,-118.56339690465366,-0.0015537633638373427,0.0667413609383182,0.012065781945588366,0.0,0.0,0.0,,
21.655591999999984,-8.321932761121971,7.031302002860111,-118.58373863747288,-0.0027587051178844958,0.06568853000579215,0.011940730168732401,0.0,0.0,0.0,,
21.66510500000001,-8.301724336437955,7.020209206712874,-118.60245850043854,-0.001920954841250945,0.06739467267656611,0.012164385548388062,0.0,0.0,0.0,,
21.674646000000024,-8.282232331505814,7.01113239848467,-118.61991671869981,-0.0010101496277348234,0.06820264473780863,0.012224745833792367,0.0,0.0,0.0,,
21.68415200000001,-8.259873789675092,7.003886478376457,-118.63524580693228,0.0022906567550548384,0.06520472927737282,0.03788236000744821,0.0,0.0,0.0,,
21.693667000000033,-8.23543041323435,6.995498249555077,-118.64883503529408,0.0021455714167629954,0.06851969100834501,0.012020352716821312,0.0,0.0,0.0,,
21.70317700000001,-8.21216727336963,6.990014830394158,-118.66281688640476,0.00250071540825363,0.0684513292018188,0.011966122686565387,0.0,0.0,0.0,,
21.712672000000026,-8.185685727688558,6.988022907724589,-118.6776171892009,0.004526602436178646,0.06853231997090756,0.01182662234489921,0.0,0.0,0.0,,
21.722181000000006,-8.157586866794267,6.982529059934356,-118.69223147338316,0.003958506041324062,0.06594013368298172,0.011387658014340865,0.0,0.0,0.0,,
21.731685,-8.129878886425772,6.975651119163781,-118.70837489690263,0.0019866651036854837,0.06630107005003351,0.011564451562935684,0.0,0.0,0.0,,
21.741197000000028,-8.100668946991703,6.968563448073071,-118.72462107595892,0.0016075052876795962,0.06610402661969893,0.011533253471835463,0.0,0.0,0.0,,
21.750707000000006,-8.070853012565328,6.959971391112379,-118.74062098181619,0.001697599023197147,0.06678427910615167,0.01162284664153266,0.0,0.0,0.0,,
21.760212999999993,-8.041160752667947,6.947675626167008,-118.75638137802022,0.00048104604576591314,0.06658345026473939,0.011640051802142684,0.0,0.0,0.0,,
21.779240999999985,-7.986185882476944,6.9327191878254695,-118.78721504353156,0.0026166020025572023,0.06933354433582367,0.01193637384324227,0.0,0.0,0.0,,
21.78875400000001,-7.961318679398751,6.923936418320056,-118.8031049850246,0.00370454308678101,0.06494447465875787,0.036581834986178854,0.0,0.0,0.0,,
21.798265999999984,-7.93863715225067,6.915108394717276,-118.81978714947905,0.0020126423245068687,0.06783088534625228,0.011670766004148701,0.0,0.0,0.0,,
21.80777900000001,-7.917219618151805,6.9068429073912965,-118.83788456331581,0.002403879021417594,0.06725097686006941,0.011525593964831259,0.0,0.0,0.0,,
21.817284,-7.899001787405379,6.896962648605325,-118.85654035302737,0.0019063915145267085,0.06744702049513908,0.011572474104231747,0.0,0.0,0.0,,
21.826808,-7.8798115915654625,6.884782398211599,-118.87556419260831,0.002441805704376147,0.06604519688289197,0.011273611864430603,0.0,0.0,0.0,,
21.836300000000023,-7.860782013714598,6.872671319607919,-118.89445418955567,0.003060184498499637,0.06679033923810243,0.011341655133609681,0.0,0.0,0.0,,
21.84582000000003,-7.843465729306873,6.86152073619828,-118.91258560956628,0.003929861222437898,0.06793099013162167,0.011463680898803518,0.0,0.0,0.0,,
21.864840999999984,-7.810284985860604,6.840486895951279,-118.94769823201955,0.00400629821332015,0.06915016585596992,0.011630904348453229,0.0,0.0,0.0,,
21.874342999999982,-7.794200787102898,6.831929760416593,-118.96465870335244,0.005118213213322162,0.06818889776689116,0.01137968541272376,0.0,0.0,0.0,,
21.883859,-7.779908065032903,6.823324287070685,-118.9826924352535,0.0035160129083492706,0.06675282820066632,0.011218356453436303,0.0,0.0,0.0,,
21.893377000000015,-7.767110707995558,6.816340151505123,-119.00095407345889,0.003810492114657815,0.06619554897328596,0.011091986857456257,0.0,0.0,0.0,,
21.902862,-7.75603136399231,6.804778678457482,-119.0198363588892,0.0017897571935427462,0.06339439058182636,0.010722250201913263,0.0,0.0,0.0,,
21.91237700000002,-7.746974281287949,6.791114728534308,-119.03918986748731,0.0013451706046903285,0.06336355673772151,0.010727508321140816,0.0,0.0,0.0,,
21.92187900000002,-7.740683875450727,6.7740576892739215,-119.05951402926567,0.0010682992147388506,0.06303590272221656,0.010669934818956095,0.0,0.0,0.0,,
21.93139800000003,-7.736777816324092,6.757056657660152,-119.08098770599976,0.0013659365623981963,0.0651482496776032,0.010993254220452034,0.0,0.0,0.0,,
21.940913999999992,-7.73719443565978,6.739329056948418,-119.10345814017404,0.0017829310124193138,0.06831169986822243,0.011488187009949767,0.0,0.0,0.0,,
21.950417999999985,-7.738742814783116,6.724403488784838,-119.12654892466067,0.003546688050478222,0.06987397576530459,0.011630125627335253,0.0,0.0,0.0,,
21.959941999999984,-7.741987103271025,6.713954370149498,-119.15044342374294,0.005630187868280453,0.07145076022998062,0.011759922489356955,0.0,0.0,0.0,,
21.96945100000002,-7.747363825242554,6.707716222265552,-119.17487961482342,0.007174284490095599,0.0678837190759966,0.037057493357279744,0.0,0.0,0.0,,
21.978947000000034,-7.7533721041604196,6.703808808380935,-119.19910809620168,0.005548890431593503,0.06979611629702111,0.011483461707548643,0.0,0.0,0.0,,
21.988461,-7.758709111868621,6.701575879039156,-119.22246158434596,0.005014235393738173,0.06711353378603412,0.01106446551648617,0.0,0.0,0.0,,
21.997967999999986,-7.764791234253198,6.69697449963614,-119.2447785295619,0.0028280987794257724,0.06343992098725326,0.010578219433277303,0.0,0.0,0.0,,
22.007486,-7.7725188602800825,6.68711306250882,-119.26578904357606,-0.00044983857317757554,0.060734100800437785,0.010320385114275535,0.0,0.0,0.0,,
22.01700600000001,-7.780109494506503,6.674046680205189,-119.28576566169227,-0.0006746048506997762,0.060023317239360295,0.01020719890706753,0.0,0.0,0.0,,
22.026504000000017,-7.787973995807275,6.65778307190008,-119.30578335120326,-0.00022545681453056996,0.0614904864931689,0.010417546046245799,0.0,0.0,0.0,,
22.036012999999997,-7.79784289745287,6.638034139086895,-119.32588485226165,-0.0002584912679706611,0.06301229867128866,0.010664641495746393,0.0,0.0,0.0,,
22.045530000000014,-7.809217439297393,6.62167458945562,-119.3482612461143,0.0028124332420026046,0.0680243942050306,0.011307989072824638,0.0,0.0,0.0,,
22.055036,-7.823054668062904,6.609774602072858,-119.3727183777328,0.004511677416072937,0.07148759017589844,0.011781246456694974,0.0,0.0,0.0,,
22.064559000000003,-7.839860009217663,6.60431239934771,-119.39967582127372,0.005542237181750076,0.07463620630254442,0.012252809768972932,0.0,0.0,0.0,,
22.07405700000001,-7.8595239931247685,6.605187236287856,-119.42833949826002,0.0043797509597295345,0.0752665647928094,0.012449105214050562,0.0,0.0,0.0,,
22.08358100000001,-7.879441140406315,6.610875490293795,-119.45785522122108,0.004324212821893503,0.07244229423184355,0.01199573398887214,0.0,0.0,0.0,,
22.09307400000003,-7.898804184905081,6.617682800774356,-119.48611054308593,0.0022302481092361433,0.0684962871612204,0.011482584172959477,0.0,0.0,0.0,,
22.102589999999992,-7.917656275377327,6.621334876221469,-119.51128868075213,-0.00011619754100546176,0.06364471699558608,0.010826398194538789,0.0,0.0,0.0,,
22.112088999999997,-7.934444980327426,6.619559915217623,-119.53360293532634,-0.0015773819787287297,0.05896825056764092,0.010134868160456697,0.0,0.0,0.0,,
22.121610000000004,-7.950305114587298,6.613409914065452,-119.55268255089985,-0.002141646141385369,0.05885610274840739,0.01015681106924885,0.0,0.0,0.0,,
22.131112,-7.966173703117343,6.601432104153132,-119.57090596378596,-0.0022963719418759025,0.05946405132524531,0.010269552117249729,0.0,0.0,0.0,,
22.140631000000013,-7.98046899273981,6.590209747043236,-119.58909634816372,0.0004292095108016257,0.06373071638404397,0.01081552005085036,0.0,0.0,0.0,,
22.150142999999986,-7.995906927694769,6.581658969889394,-119.61039243293078,0.002002531327926284,0.06885294165060347,0.011585186152095585,0.0,0.0,0.0,,
22.159659000000005,-8.0133922662091,6.579578560596017,-119.63462352437907,0.003676707489500608,0.07407041227219266,0.012373056854028185,0.0,0.0,0.0,,
22.17866699999999,-8.051426621916967,6.600186063230071,-119.69265916354874,0.007050516253102377,0.07235523978228273,0.03769570733020799,0.0,0.0,0.0,,
22.188192999999984,-8.07132308789004,6.619273443052727,-119.72274971031675,0.0031241835646099512,0.07335998064825355,0.012378005863554116,0.0,0.0,0.0,,
22.19769599999998,-8.090360150411122,6.636951084916231,-119.75025560534232,-0.0002639567563361437,0.06769728449215888,0.01166382826326187,0.0,0.0,0.0,,
22.20721499999999,-8.109058531326136,6.650061520549112,-119.77409536540873,-0.0034431656947392967,0.06145554188580734,0.010826261129993782,0.0,0.0,0.0,,
22.21672300000003,-8.124100232577746,6.658590749549894,-119.79410700848553,-0.0031457127561348537,0.057537628345514596,0.010147844565174674,0.0,0.0,0.0,,
22.226226000000025,-8.136887995529037,6.660974783448704,-119.8105271729432,-0.003080139882649586,0.05718647673728773,0.010092940256629154,0.0,0.0,0.0,,
22.235736000000003,-8.149633853452826,6.658432716768365,-119.82597177482803,-0.002613283629465165,0.05947845909142921,0.010463940341152625,0.0,0.0,0.0,,
22.245252000000022,-8.15818617532494,6.65464461605147,-119.84303103151095,0.002733816199819082,0.05870794161031791,0.03614720540050419,0.0,0.0,0.0,,
22.254756000000015,-8.16715884596291,6.65722032103132,-119.86318483605065,0.00604590410592808,0.06730192792590434,0.039931202017703823,0.0,0.0,0.0,,
22.264260000000007,-8.176017922794635,6.6657314443757665,-119.88757505303934,0.006322666915140327,0.0754722793250956,0.012662470696587859,0.0,0.0,0.0,,
22.273784000000006,-8.183978607419093,6.68322616485939,-119.91548971738136,0.008104066379472596,0.07775461733329188,0.01296860089975744,0.0,0.0,0.0,,
22.28329499999998,-8.194131267201131,6.711133899238073,-119.94526719720022,0.006053665921398903,0.07862824919144486,0.013302834348555849,0.0,0.0,0.0,,
22.29280300000002,-8.200665153896642,6.741734070140403,-119.97394314023445,0.006835257505426967,0.06944448455182162,0.03964555224736064,0.0,0.0,0.0,,
22.321342999999985,-8.212248865226927,6.824402022773972,-120.03220080038597,-0.003403535809304222,0.05812367279933986,0.010474748897310735,0.0,0.0,0.0,,
22.330855000000014,-8.213365207534656,6.838665625392444,-120.04383810059014,-0.004167814934031884,0.0577175865686657,0.010467036339085082,0.0,0.0,0.0,,
22.34035300000002,-8.21246902548542,6.845695253359615,-120.05547754967495,-0.002960916897460835,0.05885419895280938,0.010594735343083793,0.0,0.0,0.0,,
22.34985800000001,-8.210435724411855,6.851536006747337,-120.06919504617882,0.0010024875869801993,0.06430289126756848,0.011303003423373738,0.0,0.0,0.0,,
22.35937099999998,-8.209970856667194,6.85863897031016,-120.08817028686921,0.004264078161373277,0.07039664789366852,0.012176043295839023,0.0,0.0,0.0,,
22.368893999999983,-8.209122531148466,6.872449165368471,-120.1132627024318,0.007529022602722852,0.07552657170147781,0.012889315226670374,0.0,0.0,0.0,,
22.378393999999986,-8.208407140503706,6.894354608964315,-120.14239856294019,0.009305618448527384,0.07855339845887092,0.013341081291679067,0.0,0.0,0.0,,
22.387906000000015,-8.20826551999833,6.924407335664492,-120.17283124876866,0.008684886629045627,0.07887306636033628,0.013480506517420141,0.0,0.0,0.0,,
22.39742400000003,-8.207288788654862,6.958770078883265,-120.20137411030707,0.005484719901588406,0.07527687249378681,0.0130909204863462,0.0,0.0,0.0,,
22.416438999999997,-8.199865328327736,7.028717566469763,-120.2410294982117,0.0003268359931883765,0.06375201176319856,0.011431626296182001,0.0,0.0,0.0,,
22.425944999999984,-8.19284563068669,7.0524148713249915,-120.25166524644975,-0.0022641786436347353,0.060020262113070065,0.01094347098391237,0.0,0.0,0.0,,
22.435468999999983,-8.18339373824416,7.068607810718864,-120.25911023926335,-0.0011340077740092543,0.057960455691322896,0.010511293858492301,0.0,0.0,0.0,,
22.444975000000028,-8.174565218500915,7.078838834446786,-120.26729436692791,6.012322173066322e-05,0.061255725911676766,0.011035373701499485,0.0,0.0,0.0,,
22.454478000000023,-8.165157681552579,7.085413683584057,-120.27943296324696,0.0037910277546470404,0.06459239768140464,0.011406608082433625,0.0,0.0,0.0,,
22.463993999999985,-8.15657805300312,7.090087348127634,-120.29794790340516,0.0063633886578615805,0.06972939646117356,0.012175046513942338,0.0,0.0,0.0,,
22.473507000000012,-8.148793944425485,7.100105849975823,-120.32328017482703,0.008401609879493663,0.07534108129631324,0.013071147542493531,0.0,0.0,0.0,,
22.483013999999997,-8.142110087014137,7.115591549359259,-120.35354608600417,0.010757179339703455,0.07761405732442493,0.013355840064628198,0.0,0.0,0.0,,
22.492527000000024,-8.137526590044095,7.136381265816238,-120.38511212839887,0.008334787402862922,0.07691360256414581,0.013404958210921749,0.0,0.0,0.0,,
22.502035000000006,-8.133690221371326,7.1607055291444786,-120.4138034739988,0.005958684773876278,0.07389412924704084,0.01303325684707503,0.0,0.0,0.0,,
22.51154699999998,-8.129911368418014,7.184266246723324,-120.43720428743329,0.0028451213772363306,0.06963630313091172,0.012475843449748674,0.0,0.0,0.0,,
22.53056699999999,-8.118718714285773,7.216358758558447,-120.4634329183501,0.00010544140456614732,0.06055427528515405,0.01101709712330913,0.0,0.0,0.0,,
22.540091999999987,-8.11129143515098,7.222370750497242,-120.47054932494065,0.00033401181197489726,0.05975434118906395,0.010859834665869093,0.0,0.0,0.0,,
22.549597000000034,-8.103111859475918,7.22354432583918,-120.47897650409963,0.0031045897225552084,0.06234112546369354,0.011163350731800107,0.0,0.0,0.0,,
22.55910300000002,-8.09472210898406,7.221002394107484,-120.49233394819096,0.005228906240132509,0.06620346438794009,0.011734268954267253,0.0,0.0,0.0,,
22.568614999999994,-8.087247773792974,7.216337480159258,-120.51284520644793,0.007869140597811896,0.06898631477967639,0.01207701445287065,0.0,0.0,0.0,,
22.57811799999999,-8.082772265717844,7.214892349746901,-120.54007824788975,0.008837173923414737,0.07404485379195722,0.012938139504896456,0.0,0.0,0.0,,
22.58762500000003,-8.080208570588677,7.2172120631543475,-120.57187422250999,0.008717108209073185,0.07575442198144382,0.013260785233500579,0.0,0.0,0.0,,
22.597143999999986,-8.079460065154104,7.220461164682708,-120.60437440724247,0.00787756251663869,0.06975156635095142,0.03769198073685297,0.0,0.0,0.0,,
22.606656000000015,-8.079183200078564,7.225509752393936,-120.63347380170974,0.006432712539629273,0.06766432076696874,0.037664301356576994,0.0,0.0,0.0,,
22.616158000000013,-8.081017297643166,7.231350933302074,-120.65717400327627,0.0028360001423091735,0.06940084254109284,0.012474206710750666,0.0,0.0,0.0,,
22.625685000000004,-8.082956318007227,7.233669528456243,-120.67360245089166,0.0006036476241659367,0.06506582196639059,0.011819682925731977,0.0,0.0,0.0,,
22.635193999999984,-8.083961140787178,7.231774177882458,-120.6852836272864,0.0017110925027540272,0.06308783768382298,0.011394144465685202,0.0,0.0,0.0,,
22.64469900000003,-8.08311292404876,7.223550806777373,-120.69542370746092,0.001920364114291748,0.06202496993120917,0.011180530716552117,0.0,0.0,0.0,,
22.654214999999994,-8.0811379378366,7.210429946493472,-120.70692575208754,0.004728989710703458,0.06347908547860233,0.01126779101062132,0.0,0.0,0.0,,
22.66372800000002,-8.079548939612728,7.194428918351339,-120.72359502920763,0.006526805985215384,0.06556938250414733,0.011526437023317966,0.0,0.0,0.0,,
22.673231000000015,-8.080008091502886,7.178637814973605,-120.74798796323265,0.007513536868990626,0.06951618175834656,0.0121701010828385,0.0,0.0,0.0,,
22.682744999999983,-8.081650284687642,7.165990813409959,-120.7784230707981,0.009129408258588961,0.07304517038765272,0.012704388849382992,0.0,0.0,0.0,,
22.692251000000027,-8.083848170394303,7.153112445312541,-120.81189798364731,0.008806727642643133,0.06875073728557192,0.0375089957819761,0.0,0.0,0.0,,
22.701760000000007,-8.088273564982464,7.140627489191854,-120.8451687712274,0.005416410226111527,0.07209327107292729,0.012730068090314586,0.0,0.0,0.0,,
22.711285000000004,-8.093996477370496,7.131032603459965,-120.87383981766496,0.0038394912190254033,0.0701382809225608,0.012463943953421843,0.0,0.0,0.0,,
22.72077900000002,-8.100362968154249,7.1203434723142545,-120.89614633088416,0.0017752472323585657,0.06736463136375784,0.012077739428360913,0.0,0.0,0.0,,
22.730294999999984,-8.10631226586263,7.1076940615300295,-120.91166893497564,0.0007931356244844559,0.06595866133090045,0.011873089560891616,0.0,0.0,0.0,,
22.73980500000002,-8.109595966784994,7.092790992995975,-120.92312400603826,0.0031315188330734572,0.06408146620294146,0.011383231792913819,0.0,0.0,0.0,,
22.74932800000002,-8.113037160513683,7.073544355332745,-120.93460212157835,0.003332551296835064,0.06379963526822903,0.011303739220696243,0.0,0.0,0.0,,
22.768336000000005,-8.118337146409619,7.029428822106285,-120.97046268602065,0.005975369127989481,0.06793321129557574,0.011849578120098356,0.0,0.0,0.0,,
22.77785300000002,-8.122953125935176,7.005174280029391,-120.99758277596703,0.004375970011016831,0.06880010362718056,0.012079359957833042,0.0,0.0,0.0,,
22.787361000000004,-8.125307095266256,6.981666193570626,-121.02795899768866,-0.0019378576484244754,0.06986474615636037,0.012627915831297304,0.0,0.0,0.0,,
22.79687500000003,-8.116440852374854,6.958815561153647,-121.0520216917047,-0.0073841422449874355,0.0704176544540171,0.013025702620059343,0.0,0.0,0.0,,
22.80639099999999,-8.104169902775748,6.9323642764990145,-121.05699971225401,-0.01625161701227924,0.0696537952192863,0.013387093402197495,0.0,0.0,0.0,,
22.815886000000006,-8.08046591659575,6.908516614306248,-121.03242887338251,-0.016670768211809083,0.062403770567708954,0.0413272825866221,0.0,0.0,0.0,,
22.825402000000025,-8.055426016218128,6.898631406133958,-120.97716219940432,-0.012490078609818678,0.06367868708236644,0.037960491592341813,0.0,0.0,0.0,,
22.834913,-8.029674268074267,6.898502761762373,-120.8998690509919,-0.005195547342872744,0.06969318935155867,0.01263156165545986,0.0,0.0,0.0,,
22.84442500000003,-8.002126212046905,6.902883727136176,-120.81923901934887,0.009845261036457012,0.06708630113979128,0.04351686044613858,0.0,0.0,0.0,,
22.85393400000001,-7.979712774373476,6.918877688407823,-120.75949154579313,0.037688278428504716,0.06332442471004968,0.008942248029980282,0.0,0.0,0.0,,
22.863445999999982,-7.942485638749596,6.924322680667323,-120.73795906171952,0.04395069340565269,0.060480743023472915,0.05859922458685952,0.0,0.0,0.0,,
22.872963999999996,-7.911371516288893,6.931163787753431,-120.76934477493168,0.039077055209972573,0.06563218433158849,0.009285704091523296,0.0,0.0,0.0,,
22.882461000000006,-7.872630440659995,6.9384977428965335,-120.85544114841402,0.042464381655049864,0.07107819783103779,0.010075982721898063,0.0,0.0,0.0,,
22.891974000000033,-7.830107677750392,6.926475357607034,-120.99034727947232,0.04086843424241917,0.06804245978537533,0.009642352494446517,0.0,0.0,0.0,,
22.90149199999999,-7.789238339449042,6.883044625370363,-121.16118544584906,0.039123512384654356,0.056663866349419,0.03891420141737711,0.0,0.0,0.0,,
22.910995999999983,-7.750250844907074,6.8351297902358255,-121.35167767733502,0.03493768039854923,0.057345808443797386,0.008048967135473054,0.0,0.0,0.0,,
22.920518999999985,-7.721505381396994,6.7736548606316775,-121.53919148754136,0.013890573350885949,0.06404554921946512,0.03687727532114191,0.0,0.0,0.0,,
22.930019999999985,-7.70962683921666,6.693385872118066,-121.70175127559882,-0.00081810771566404,0.06487293275728132,0.011168447200830352,0.0,0.0,0.0,,
22.939539999999994,-7.713895667412565,6.6054595536476,-121.81900462240296,-0.012668154369326457,0.06089712199152857,0.04247097753235196,0.0,0.0,0.0,,
22.95855400000002,-7.752664394122484,6.430714496613535,-121.87193267893431,-0.023446241871711106,0.06327522083484043,0.011966463025218333,0.0,0.0,0.0,,
22.968069999999983,-7.7735506262848375,6.364787609692062,-121.8148859038549,-0.018798026252046567,0.06600620482825095,0.012124924253557271,0.0,0.0,0.0,,
22.977578000000022,-7.7891353209610905,6.310610177103603,-121.72981588767988,-0.009286106892584392,0.06811411002101563,0.011883667451201046,0.0,0.0,0.0,,
22.98708000000002,-7.795775639655499,6.257804298966241,-121.64823106695083,-0.005647868332208116,0.05828140718196009,0.04064333980577413,0.0,0.0,0.0,,
22.996587000000005,-7.7825911400720855,6.231714085687697,-121.60101515031603,0.004156232369038065,0.0584027038743652,0.046153690532538115,0.0,0.0,0.0,,
23.006095999999985,-7.7669454200956825,6.222574021648214,-121.60631956005962,0.007373331841418298,0.07625185772552888,0.012123457170549235,0.0,0.0,0.0,,
23.01562500000003,-7.73190764581746,6.1634547299279765,-121.65913703439325,0.00145299572802676,0.0671836524248725,0.010904405889002907,0.0,0.0,0.0,,
23.025131000000016,-7.695576433379515,6.087412945072696,-121.74448792676762,-0.011867133334725258,0.056892841243639934,0.04050554275949897,0.0,0.0,0.0,,
23.03464599999998,-7.6540314728693275,6.046270056369855,-121.83431648734712,-0.01317572136996992,0.06506074609355547,0.042404792031225,0.0,0.0,0.0,,
23.044151000000028,-7.605449627997241,6.00787782296962,-121.89711379623556,-0.013150710104875382,0.06119355988153457,0.04325510650889703,0.0,0.0,0.0,,
23.05365900000001,-7.567287997558129,5.98264654578539,-121.91750717704447,-0.017767732723186828,0.05724321790804639,0.03750630988946426,0.0,0.0,0.0,,
23.06317500000003,-7.522205743110014,6.001520634209674,-121.89206208819992,-0.005645752852912755,0.0638883236280374,0.010507216185785815,0.0,0.0,0.0,,
23.072679000000022,-7.476383834014724,6.028328673325282,-121.82730484482782,0.007315445255338564,0.05961480099588512,0.03802979641411468,0.0,0.0,0.0,,
23.082198000000034,-7.426241883952779,6.045518102856408,-121.74333334547983,0.030125124159487957,0.04146319496637353,0.03476378897069642,0.0,0.0,0.0,,
23.09170000000003,-7.360847384974563,6.087365441728641,-121.66852776977109,0.034052292776201865,0.055203162127743476,0.006917174169303636,0.0,0.0,0.0,,
23.10120900000001,-7.291764532266572,6.131611648179576,-121.62660110240914,0.03831570892282428,0.06221655382164318,0.007849537469607213,0.0,0.0,0.0,,
23.11072199999998,-7.218100687169224,6.150603603725821,-121.63469616021767,0.036242614381489534,0.05883167208751474,0.007446300190804684,0.0,0.0,0.0,,
23.12022600000003,-7.148862516891395,6.168530259056324,-121.69864680625398,0.03739249903892481,0.05401329181303601,0.0346216217165233,0.0,0.0,0.0,,
23.129744999999986,-7.0941463938608855,6.182456455629472,-121.8065268592964,0.037648569337677316,0.05460595234038088,0.03315876727822195,0.0,0.0,0.0,,
23.13924499999999,-7.052925829769629,6.171613354284217,-121.93131328253666,0.004271425985012345,0.06299797416756403,0.009720993269670302,0.0,0.0,0.0,,
23.14876000000001,-7.029337527376064,6.16363660824617,-122.04575067074065,-0.009558111176528978,0.05575433476914235,0.03864872243766309,0.0,0.0,0.0,,
23.15827900000002,-7.017801051404179,6.1821421378250525,-122.12344715398065,-0.013408598835446171,0.060266218073323524,0.04005447484951212,0.0,0.0,0.0,,
23.167776000000032,-7.012325587439044,6.207426573495894,-122.14933974588111,-0.012367550368718064,0.05840980988249848,0.04990441014612156,0.0,0.0,0.0,,
23.177294999999987,-7.016099643987111,6.24577496208826,-122.1295158278562,-0.011477440853305012,0.0580868175080505,0.037068106990450225,0.0,0.0,0.0,,
23.186807000000016,-7.017723132696491,6.310316523894002,-122.08277104908097,0.0008198923884609334,0.06661932205577868,0.010586357177737747,0.0,0.0,0.0,,
23.196331000000015,-7.01710197890555,6.382195518025221,-122.03739571918891,0.013377821349079236,0.06856282285674607,0.010394915722043454,0.0,0.0,0.0,,
23.205832000000015,-7.013799324175778,6.445876469330327,-122.02091217841516,0.03789662270754705,0.05463957199472185,0.033347203891825376,0.0,0.0,0.0,,
23.215339999999998,-7.006885866507517,6.508039501138825,-122.05065287885685,0.03903433759545775,0.06234528401848583,0.008391202707632661,0.0,0.0,0.0,,
23.224846999999983,-6.998719771353655,6.559156369413939,-122.13069786562006,0.03980931502248267,0.06338601855467337,0.008606409006715351,0.0,0.0,0.0,,
23.23436799999999,-6.986446154192121,6.588494243033219,-122.24670743756116,0.016576512040982885,0.07471793294848807,0.01150891010435019,0.0,0.0,0.0,,
23.243874000000034,-6.981876697351217,6.597558755475882,-122.37517415523502,0.004525606870458348,0.07546070016290285,0.012161550996315855,0.0,0.0,0.0,,
23.253388,-6.972004776308494,6.59927351993193,-122.48845881648273,-0.0019512789704177445,0.07438053065125319,0.012258078238170255,0.0,0.0,0.0,,
23.26289399999999,-6.963209518143785,6.605207450436633,-122.5666928884349,-0.00551321903854582,0.06992622399845116,0.0396138464571314,0.0,0.0,0.0,,
23.272396999999984,-6.956827171681774,6.6203396173592735,-122.60203253789396,-0.007915239294015825,0.0685770601334361,0.04149966316464881,0.0,0.0,0.0,,
23.281915999999995,-6.9422129813810685,6.65054867500488,-122.59916542589549,-0.0056193074285774405,0.06516897981888592,0.03817345844293416,0.0,0.0,0.0,,
23.29141899999999,-6.922017989547916,6.693730216923491,-122.57401958336469,-0.0008243446319715882,0.06726269171608824,0.011111755574376053,0.0,0.0,0.0,,
23.310452000000026,-6.879995462488871,6.75753761675836,-122.53930828829031,0.03254201045486838,0.05100347322097757,0.007168802578632006,0.0,0.0,0.0,,
23.31995900000001,-6.87466419786123,6.771625349494599,-122.56934336583667,0.03543722113155096,0.05547701412997256,0.007816605570512303,0.0,0.0,0.0,,
23.32947500000003,-6.866894149637885,6.768961092055948,-122.6406286508146,0.03840629252795038,0.05996052791826009,0.008451692455333037,0.0,0.0,0.0,,
23.33896899999999,-6.859814594575136,6.74901610334468,-122.74367369210475,0.016569145451399196,0.07226383513898724,0.01130009694611115,0.0,0.0,0.0,,
23.34848500000001,-6.851105514286369,6.72381556841028,-122.85777389569446,0.007850954376138506,0.07172258038322062,0.011515012696869172,0.0,0.0,0.0,,
23.357998999999978,-6.8380962645385,6.707441544578966,-122.95732516380703,0.0009718203772830995,0.07244259798820064,0.011870782126913717,0.0,0.0,0.0,,
23.367513000000002,-6.828158305478341,6.6985459429031415,-123.01947312777806,-0.0061844412986325455,0.06686923377918028,0.040528885621676745,0.0,0.0,0.0,,
23.377020999999985,-6.813353132958634,6.70149927250114,-123.03344117793534,-0.007343349848797675,0.0639319317032487,0.03931386724401693,0.0,0.0,0.0,,
23.386543999999986,-6.799294060542532,6.7153178749304185,-123.00293111284162,-0.004579865762303782,0.06636646932406608,0.01106054351911094,0.0,0.0,0.0,,
23.39605400000002,-6.78795589680809,6.728072559146268,-122.94528430928675,-0.0005241048112564618,0.06551314895813153,0.010775088374480699,0.0,0.0,0.0,,
23.40555600000002,-6.772158334554381,6.734064166833288,-122.88518021864687,0.009010876754032324,0.06480306944292226,0.010305717673897725,0.0,0.0,0.0,,
23.41507900000002,-6.759556242396666,6.734917622590551,-122.8474568076602,0.03578867823691747,0.05543227165664645,0.007791820671293093,0.0,0.0,0.0,,
23.424577000000028,-6.747808960297861,6.7260558316968355,-122.84748952817645,0.03836940788990122,0.059429430778615594,0.00834258976315513,0.0,0.0,0.0,,
23.44359799999998,-6.730401384940349,6.672457900099542,-122.97159645284367,0.0382131920609714,0.058907066876608245,0.008214270820336243,0.0,0.0,0.0,,
23.453109000000012,-6.729661414529805,6.637562829100701,-123.07210288557441,0.010826542230064948,0.07119531117557694,0.01116760147822932,0.0,0.0,0.0,,
23.46262600000003,-6.731543917772562,6.605177787120016,-123.17084892367646,0.0036068658794553305,0.06961426458339197,0.011142885346564893,0.0,0.0,0.0,,
23.47212600000003,-6.733764556926533,6.571904289909932,-123.2465864408825,-0.004316898650622419,0.06878969705513995,0.011266607013727408,0.0,0.0,0.0,,
23.48164399999999,-6.725615195791922,6.534231151664187,-123.28364312925643,-0.008688332746582386,0.06318815036479315,0.010482401735978423,0.0,0.0,0.0,,
23.491156000000018,-6.708964959397669,6.504918261872095,-123.28039170069,-0.011183943355903489,0.06078364824128029,0.01015016078344071,0.0,0.0,0.0,,
23.50066000000001,-6.682887467633166,6.489045855328206,-123.24489882503217,-0.0059512240639089335,0.058102306140943,0.03708718074547211,0.0,0.0,0.0,,
23.51016100000001,-6.651248225387776,6.48062535828371,-123.19523783016649,-0.0008899993917344084,0.05924196162335173,0.039941176619497885,0.0,0.0,0.0,,
23.519686000000007,-6.617691675963788,6.477038513979132,-123.15146498767206,0.0020464430845758626,0.06635360030211268,0.010470723270106182,0.0,0.0,0.0,,
23.529195999999985,-6.581895193013609,6.474897076791016,-123.12972537669384,0.007569902533594765,0.06977198201403244,0.010792831877475623,0.0,0.0,0.0,,
23.538704000000024,-6.547814809607716,6.468286594371264,-123.14002619620129,0.010176715672992715,0.07170871395909784,0.010982430607495932,0.0,0.0,0.0,,
23.548224000000033,-6.517358632400041,6.455229026251898,-123.18090643547689,0.00827743746516754,0.07321317093799132,0.011255749635480733,0.0,0.0,0.0,,
23.55771899999999,-6.484765444154195,6.440285843791296,-123.24373844340172,0.006400811897644379,0.06735485178159624,0.03596219555306068,0.0,0.0,0.0,,
23.567245999999983,-6.450245798806929,6.428955636404158,-123.31343476482127,0.000755092143779672,0.06553501741304467,0.037720933335173054,0.0,0.0,0.0,,
23.576756000000017,-6.407529226810918,6.423661176516608,-123.3733114251592,-0.003960475585509348,0.06253418788263806,0.044938155656324745,0.0,0.0,0.0,,
23.58624899999998,-6.354657672280003,6.428443090642511,-123.40978035371809,-0.0031983778584339963,0.06833647123755078,0.010744973260519632,0.0,0.0,0.0,,
23.59577600000003,-6.303539251044692,6.423850974331144,-123.41273860972609,-0.0053969958497031385,0.06351173587887783,0.01002282801261852,0.0,0.0,0.0,,
23.605289,-6.256507009583021,6.41246519142703,-123.3788641994885,-0.006308015093623059,0.06056407264002407,0.009551056701037338,0.0,0.0,0.0,,
23.614787000000007,-6.205651579012805,6.4143688480005725,-123.310768781214,0.0019458921203932226,0.06104164572061187,0.03705024464088581,0.0,0.0,0.0,,
23.62430600000002,-6.152301484245288,6.417936180316084,-123.21915026185803,0.009811253727387776,0.06788367446872924,0.010136363980035028,0.0,0.0,0.0,,
23.63381000000001,-6.09716872508101,6.415042504441877,-123.12047221812153,0.035775254229725224,0.05483629014896307,0.00736152901222443,0.0,0.0,0.0,,
23.643331000000018,-6.040598096198394,6.426110139990836,-123.03491421484321,0.03981833664959991,0.06123313971738618,0.008226574161909275,0.0,0.0,0.0,,
23.652844999999985,-5.98079596108154,6.442125480055111,-122.97581912584762,0.0434307010310048,0.06693924654929383,0.009009745313562637,0.0,0.0,0.0,,
23.662349000000034,-5.921648880851869,6.434249779409721,-122.94887595940256,0.04066262363899194,0.05629485377912022,0.0418188901042367,0.0,0.0,0.0,,
23.671865999999994,-5.8665373367236375,6.423629029062543,-122.95424214029171,0.03423176006914165,0.04777454825035462,0.033407511189340204,0.0,0.0,0.0,,
23.681360000000012,-5.8187378463660355,6.42903234550009,-122.98615373434038,0.03379823325794358,0.0520722605734779,0.006995164250700447,0.0,0.0,0.0,,
23.69087399999998,-5.782545129581048,6.422534613555855,-123.03613230239577,0.029014240844349937,0.044616389590761474,0.0059908599558649266,0.0,0.0,0.0,,
23.70040000000003,-5.759383328982108,6.406157074348254,-123.09568525080036,0.026032991740751663,0.034793161398485865,0.032913854327630464,0.0,0.0,0.0,,
23.70991699999999,-5.739276448644611,6.395574366424368,-123.15660429068647,0.003310288100020425,0.055516010523795525,0.008203035748252107,0.0,0.0,0.0,,
23.71943300000001,-5.713799718183545,6.377379014545624,-123.21028152166693,0.0009366406964474812,0.061467776538433494,0.009116006305482073,0.0,0.0,0.0,,
23.728942999999987,-5.678021725143205,6.349189071367254,-123.25120834954221,-0.0011608497458699143,0.06161436062574659,0.03844285021098662,0.0,0.0,0.0,,
23.73844299999999,-5.633386384848015,6.336088178072369,-123.27749870145489,-0.002783676880919249,0.07413855474302887,0.038452177271283465,0.0,0.0,0.0,,
23.747939000000002,-5.5869220398124195,6.321459590672895,-123.28370288835414,-0.009703652166211432,0.08361997127680068,0.012468706439231727,0.0,0.0,0.0,,
23.75746000000001,-5.542021060276224,6.294490532000887,-123.26656553392272,-0.02202342698502759,0.07823557336730086,0.011869806134165089,0.0,0.0,0.0,,
23.766974000000033,-5.514676341906789,6.283742381425632,-123.22736500525625,-0.024647006817167798,0.07207621325865753,0.04406893486733836,0.0,0.0,0.0,,
23.776498000000032,-5.51366992337234,6.285968298267849,-123.17309867776571,-0.019205134373687212,0.07248249768750974,0.04426569965243603,0.0,0.0,0.0,,
23.78592499999999,-5.534744696081079,6.271933289435112,-123.11587913202075,-0.008841018392783305,0.06141131744698022,0.04319129414508411,0.0,0.0,0.0,,
23.795508000000012,-5.577330454857766,6.259654964024724,-123.07620113808703,0.005336484916757191,0.055635256319801624,0.03421108631038847,0.0,0.0,0.0,,
23.805007000000018,-5.6239651985452594,6.259570381885067,-123.07094335270705,0.03548105006560954,0.05448820322911152,0.00713206590438541,0.0,0.0,0.0,,
23.81453400000001,-5.655343340485285,6.242624315973522,-123.10558471366657,0.037926939276686326,0.058167413307763614,0.007595860580321597,0.0,0.0,0.0,,
23.82404699999998,-5.664237836077938,6.213536537961399,-123.1775819592929,0.03761298902831191,0.05752778589825486,0.0074831905657247,0.0,0.0,0.0,,
23.833541999999994,-5.655259084403936,6.190387332928517,-123.2742217980174,0.038596171115484856,0.05881470394542285,0.007630291248706729,0.0,0.0,0.0,,
23.843045999999987,-5.63127858847601,6.162161505659407,-123.37391746852835,0.03669977699969146,0.05571330371311465,0.0072029558037196885,0.0,0.0,0.0,,
23.852563000000004,-5.5989810089550565,6.124090030913694,-123.4549103364079,0.00795469170500389,0.057958255689927116,0.0361364733728933,0.0,0.0,0.0,,
23.862063000000006,-5.574030965250066,6.095382090210522,-123.49909161717895,-0.005228052113687232,0.06255163430985615,0.009078398271797173,0.0,0.0,0.0,,
23.871583000000015,-5.558560350376128,6.07214363342978,-123.49621893273428,-0.010784913391415499,0.06431668393481096,0.009426537518646312,0.0,0.0,0.0,,
23.88110100000003,-5.545439287121232,6.048354854544796,-123.44898855639015,-0.005871556435406835,0.0579612545233312,0.03981965230221609,0.0,0.0,0.0,,
23.89060600000002,-5.545648709411318,6.042200580022252,-123.37763155438525,0.004051021273185734,0.06275043119039983,0.041484801505426584,0.0,0.0,0.0,,
23.90009599999999,-5.550352014081075,6.054219881596334,-123.30771421991005,0.018231876755204355,0.07003683785098713,0.037795082174761456,0.0,0.0,0.0,,
23.909633000000014,-5.550882591384929,6.072153186196798,-123.26545175064417,0.04351715838777912,0.0616990892070338,0.03434388486425217,0.0,0.0,0.0,,
23.919139,-5.55288065798239,6.098026659756307,-123.27049481380635,0.04280087665714516,0.06523128677661595,0.008335156987108827,0.0,0.0,0.0,,
23.928645999999986,-5.551997389998934,6.12512012410931,-123.32644792143792,0.04247220159831763,0.06459275133882672,0.008295836271674106,0.0,0.0,0.0,,
23.93817199999998,-5.548386644830274,6.13174899925332,-123.42067935779298,0.03618885663493248,0.049906312068334686,0.03475182654029112,0.0,0.0,0.0,,
23.94767299999998,-5.539785396884211,6.123967767376712,-123.53226927477345,0.008918703408946916,0.053385460479858655,0.03730496655179386,0.0,0.0,0.0,,
23.95720000000003,-5.532223993116285,6.114149326094198,-123.63494593977529,-0.0006345425455898107,0.057838869725896906,0.008292943162739635,0.0,0.0,0.0,,
23.96670100000003,-5.532028547000274,6.091829149070525,-123.70444552112279,-0.011237980065393368,0.05715509483936246,0.008408863946950493,0.0,0.0,0.0,,
23.976190000000003,-5.531134749221382,6.065574474650928,-123.7256813033877,-0.014116950822637874,0.052214505380613736,0.03426668288813764,0.0,0.0,0.0,,
23.985714,-5.537132066111129,6.061281154318935,-123.70016072577617,-0.007925631211619558,0.060288000447648274,0.03626961351112425,0.0,0.0,0.0,,
23.995225000000033,-5.538309170446579,6.071723352491075,-123.64183755246108,0.0038141009980201465,0.06808981578270243,0.04109621076008373,0.0,0.0,0.0,,
24.00473100000002,-5.530379233637904,6.088849039223854,-123.57537389271613,0.016810928080110966,0.07144814120906313,0.04082447168766631,0.0,0.0,0.0,,
24.023754000000025,-5.511476905005421,6.148822567053266,-123.52807198184111,0.04649131966371529,0.07016600450326874,0.009067804468276026,0.0,0.0,0.0,,
24.033266999999995,-5.508191215753791,6.1600685200611105,-123.57757081136788,0.04040601673182436,0.0608676248590625,0.007885156328103025,0.0,0.0,0.0,,
24.042770999999988,-5.513588805838843,6.155233772028165,-123.67510050557021,0.03396501229963756,0.0509763652778479,0.006606034576818145,0.0,0.0,0.0,,
24.05229399999999,-5.52372191083944,6.130788873249081,-123.8017725217314,0.005068150614088646,0.05677155007761541,0.008032343697427769,0.0,0.0,0.0,,
24.061790000000002,-5.5315361589443865,6.078349817275898,-123.93148379607227,-0.009515268692936427,0.049634042793181746,0.034076964048583416,0.0,0.0,0.0,,
24.071314,-5.535933376882856,6.021483314546564,-124.03674811737069,-0.016017016702088185,0.05320080386885437,0.034590044595194,0.0,0.0,0.0,,
24.080820999999986,-5.545673295250164,5.97134321583205,-124.09888184522146,-0.016802406533581102,0.05966971592136096,0.03418669494361118,0.0,0.0,0.0,,
24.090334000000013,-5.557475955550644,5.936187355080358,-124.11073929220284,-0.009573920580763007,0.06714169624760975,0.03624776992580337,0.0,0.0,0.0,,
24.099837000000008,-5.5665815887928805,5.923282636612793,-124.08086096343793,0.0037178627519821534,0.07501128592628868,0.036051860498630815,0.0,0.0,0.0,,
24.109331000000026,-5.569184196630576,5.931755891193583,-124.02977758784168,0.01866401556767462,0.08289813713395815,0.011254889004067264,0.0,0.0,0.0,,
24.128378000000026,-5.566096997112456,5.978766253079483,-123.96232688618997,0.04558898873325313,0.06327169280722895,0.03359730633514287,0.0,0.0,0.0,,
24.137884000000014,-5.5597642080862615,6.002199840347345,-123.98000868069794,0.040604490727741735,0.06024396399694411,0.0076386699130150185,0.0,0.0,0.0,,
24.14739899999998,-5.552454503860896,6.010016317141249,-124.03577884790325,0.03433932761110284,0.05084163421247104,0.0064591933798008455,0.0,0.0,0.0,,
24.15689599999999,-5.546582698811323,5.998360797109143,-124.11831174258225,0.028128908757482158,0.0415176363157868,0.0052694504507926326,0.0,0.0,0.0,,
24.16640800000002,-5.5423020155477225,5.972355491917679,-124.20995972509533,0.0003684877214532732,0.05119855799481895,0.007229833194978619,0.0,0.0,0.0,,
24.175911000000013,-5.532618222569387,5.938590969439591,-124.29026469637675,-0.005958006683168777,0.05675780749743562,0.008122135500599556,0.0,0.0,0.0,,
24.185442999999992,-5.513767651488245,5.902721221269477,-124.3433953933896,-0.010064925475198801,0.05777005611321038,0.035974887428996086,0.0,0.0,0.0,,
24.19495500000002,-5.492305048611558,5.8825868159906936,-124.36384122107391,-0.007145447748902953,0.06548282376063573,0.03565138340875827,0.0,0.0,0.0,,
24.204443999999995,-5.4800184676519175,5.8798897352086,-124.35461164585772,-0.0007129532117968457,0.07328640845917023,0.038288131966110216,0.0,0.0,0.0,,
24.223468999999994,-5.502800614090389,5.900471106190162,-124.30008325172703,0.009793646712841378,0.076023424427657,0.035846636654095786,0.0,0.0,0.0,,
24.232991999999996,-5.525778774474348,5.922201449225094,-124.28571433867265,0.01785436888516649,0.07248956366892892,0.03529309516495726,0.0,0.0,0.0,,
24.24250200000003,-5.553323429942948,5.937792736342973,-124.29628495219545,0.018688231258103944,0.06714183855307604,0.03758787199503277,0.0,0.0,0.0,,
24.252009000000015,-5.569334232950397,5.948094710260388,-124.3351944510908,0.03603280029623215,0.0527524743603741,0.006655988472249432,0.0,0.0,0.0,,
24.26152700000003,-5.573771982433276,5.951715030916905,-124.40062554904294,0.03276678891918492,0.04785356749346562,0.006046295823941046,0.0,0.0,0.0,,
24.271022999999985,-5.576367575784135,5.939941765136814,-124.48350447064455,0.027593043858571843,0.04017290040402211,0.005070758604393297,0.0,0.0,0.0,,
24.28053300000002,-5.572908758528836,5.9173641367163246,-124.56760395012638,-0.0010902238487897706,0.05237519189530785,0.007409165479492513,0.0,0.0,0.0,,
24.290048999999982,-5.563864301798831,5.892989859862605,-124.63714950699497,-0.009033373495184172,0.05771676487679693,0.008312037932954538,0.0,0.0,0.0,,
24.309071999999986,-5.542494398765259,5.878969924167268,-124.69504061434957,-0.006677281629682225,0.06760852384162797,0.04295733267957074,0.0,0.0,0.0,,
24.31859,-5.541024832272911,5.904612070733408,-124.6866654213966,0.00298293536405213,0.07406907608547073,0.04298725557430894,0.0,0.0,0.0,,
24.32810600000002,-5.545987235443751,5.946327335772343,-124.66882360044082,0.013490819676254335,0.07717252534469674,0.04087564354308561,0.0,0.0,0.0,,
24.337594999999993,-5.554245575607565,5.993545330457475,-124.65580501323117,0.021600944852330835,0.07141130263973676,0.03857735391525431,0.0,0.0,0.0,,
24.347116999999997,-5.565999692240835,6.041983928703667,-124.65984617565876,0.04064676951792792,0.05878937714624764,0.0075650411735611114,0.0,0.0,0.0,,
24.356640999999996,-5.571525351828598,6.080943602396435,-124.68636335478543,0.037250695625679585,0.05382420286715525,0.006973349426066483,0.0,0.0,0.0,,
24.366135000000014,-5.571406765048133,6.107789232052059,-124.73402774049529,0.033435512470753756,0.048225792032396984,0.006279441610394133,0.0,0.0,0.0,,
24.37563700000001,-5.5574529254211145,6.11880028123416,-124.79434669238172,0.030746760273148432,0.044248105835929114,0.005776195603997976,0.0,0.0,0.0,,
24.38516100000001,-5.533441739389058,6.110554784313685,-124.85649426000943,0.029073966070510996,0.04174406603707392,0.005446024145338468,0.0,0.0,0.0,,
24.394672999999983,-5.506697310121047,6.090615102468013,-124.91096027730282,0.006114193830891858,0.056664145193499244,0.007989582158245826,0.0,0.0,0.0,,
24.40418600000001,-5.486105835429969,6.073147967626211,-124.95027796344444,0.004946263029934251,0.06402724722653484,0.009036194518148185,0.0,0.0,0.0,,
24.41368300000002,-5.482127601596855,6.063218813868899,-124.97230983680542,0.003713660369555428,0.06821195666158046,0.03829079982592905,0.0,0.0,0.0,,
24.423215,-5.4890271969710245,6.0627512278730755,-124.97784875699934,0.007095967627655902,0.07216950920062434,0.04275166590239994,0.0,0.0,0.0,,
24.432721999999984,-5.508813448392225,6.077211053008752,-124.97388287746207,0.01211730550997912,0.07684608023169474,0.03947345067238764,0.0,0.0,0.0,,
24.442222999999984,-5.539052290326063,6.0952480779113385,-124.96922273481145,0.013752331932409663,0.08135530614621314,0.011409203943597995,0.0,0.0,0.0,,
24.451724999999982,-5.56827744177721,6.1081111288243175,-124.97288737448899,0.017895422059389546,0.07707321152428513,0.010749865206543438,0.0,0.0,0.0,,
24.461225999999982,-5.59670034146253,6.111923215719336,-124.9919265713226,0.017523804544628156,0.07225870650103715,0.010083787530846738,0.0,0.0,0.0,,
24.47076100000001,-5.618720491178225,6.100704166730303,-125.02854948220414,0.03626025134446402,0.05173012558034514,0.006752017665585566,0.0,0.0,0.0,,
24.48028400000001,-5.63362847244455,6.076441851885088,-125.08143937603835,0.034319120544992025,0.04886480975996818,0.006356584410030487,0.0,0.0,0.0,,
24.499290000000002,-5.656192328294505,5.98392259672146,-125.21480483274941,0.009038157154030751,0.057951136313173585,0.008101583731303746,0.0,0.0,0.0,,
24.508792,-5.667403287515118,5.925589626634247,-125.27750251360385,0.0049859847660383,0.05792268735287385,0.033893169795505725,0.0,0.0,0.0,,
24.518305000000026,-5.677688896169603,5.87126889496222,-125.32313720976802,0.0035593579605169186,0.06449035354633705,0.00905892260628123,0.0,0.0,0.0,,
24.527816,-5.693122650676933,5.825827684845281,-125.34485267529216,0.002058327569177335,0.06857924308584051,0.009636406269544888,0.0,0.0,0.0,,
24.537331000000023,-5.709120079566572,5.7890769618951445,-125.33968707429979,0.003295176506044277,0.06708411163380022,0.0354417777879672,0.0,0.0,0.0,,
24.546838000000008,-5.724572538205367,5.763369682991308,-125.31109622521615,0.004445670460056011,0.07146989244593208,0.009942519828125036,0.0,0.0,0.0,,
24.556341000000003,-5.740198199134602,5.745609827049823,-125.27252609624968,0.009151382317352429,0.06967804059955883,0.03931124210011008,0.0,0.0,0.0,,
24.565855000000028,-5.753455633134038,5.723248901412723,-125.23711264437982,0.010829010122783925,0.07345498680834353,0.01003501970281084,0.0,0.0,0.0,,
24.575372999999985,-5.760950922468021,5.68634912170087,-125.21760716440849,0.012123177851123334,0.0682978421207363,0.03645317097800672,0.0,0.0,0.0,,
24.58487900000003,-5.76458730583876,5.640484591407604,-125.22028792053722,0.009688970156296937,0.07067409290793465,0.009585979824738015,0.0,0.0,0.0,,
24.594401000000033,-5.76375945556688,5.585572748767528,-125.24587549468994,0.008614489993523284,0.06525250332184594,0.03608857615737293,0.0,0.0,0.0,,
24.60389599999999,-5.767182646439524,5.526313785242434,-125.28668425591225,0.006766070292405158,0.06630582361696608,0.008940899792018033,0.0,0.0,0.0,,
24.613411000000013,-5.780081946030835,5.460958464070957,-125.33154096415645,0.0075416770844412475,0.0623712281772715,0.034683252857485816,0.0,0.0,0.0,,
24.622927000000033,-5.805679893026595,5.386587352663847,-125.3658447737504,0.00829474646650275,0.06293904807948993,0.00832179559051264,0.0,0.0,0.0,,
24.63243300000002,-5.846736840168914,5.3117397267967545,-125.37873980751,0.010848730544932749,0.06476163343678097,0.035407873297258266,0.0,0.0,0.0,,
24.641946999999988,-5.879435942947703,5.234698923727778,-125.36438175380098,0.01428888589866432,0.06998442557654429,0.008970064628475315,0.0,0.0,0.0,,
24.651457000000022,-5.892366802186271,5.155963043869899,-125.32694350357869,0.03976381488644206,0.05117479087152034,0.03357451975543645,0.0,0.0,0.0,,
24.660952999999978,-5.892237996351204,5.092631998728103,-125.2770330719223,0.03833998008540511,0.05419554642713245,0.005916194726029321,0.0,0.0,0.0,,
24.670472999999987,-5.8757782033961155,5.040457332707152,-125.22613904665522,0.03713382132778364,0.052589595604431556,0.005678194820620378,0.0,0.0,0.0,,
24.68948800000001,-5.8657427864687035,4.924672372031226,-125.16239994990853,0.005400406424594166,0.05426092994428441,0.04062455020186894,0.0,0.0,0.0,,
24.69900099999998,-5.871923251742973,4.849544801505605,-125.1512075824265,-0.003378126344550093,0.05019033220120861,0.037047114377087395,0.0,0.0,0.0,,
24.70852499999998,-5.897812601502887,4.766737873733374,-125.1465644038216,-0.014862529969113322,0.05531550523382475,0.007618863198837191,0.0,0.0,0.0,,
24.718022999999988,-5.92329126495037,4.681148173680194,-125.13308595063684,-0.017737181139975088,0.05762733355998911,0.007985505084844467,0.0,0.0,0.0,,
24.727535000000017,-5.949738394918378,4.60104472788772,-125.09978169735128,-0.01295288898106508,0.0609686058037856,0.04211816944965953,0.0,0.0,0.0,,
24.737045999999992,-5.9737457627074475,4.529492420949796,-125.0407003463046,-0.0073235166553148765,0.06824780012368543,0.0407394947860117,0.0,0.0,0.0,,
24.746560000000017,-5.987971086388409,4.473517449039085,-124.95690091028622,0.00102619530856681,0.07481394280894534,0.03865454358163705,0.0,0.0,0.0,,
24.756069999999994,-5.992992957576081,4.43725930056981,-124.85665703717893,0.007383620906399088,0.07847475158251892,0.03629678170992791,0.0,0.0,0.0,,
24.76558300000002,-5.980153347953168,4.418756509840418,-124.7497467089885,0.016326557748755723,0.0771385119314082,0.035418873068823,0.0,0.0,0.0,,
24.775104000000027,-5.9638843186341575,4.400942385491188,-124.64578946322443,0.017948914761586426,0.06828510089654519,0.038840825900564445,0.0,0.0,0.0,,
24.784595999999993,-5.953417554492611,4.380061721212936,-124.55237831145533,0.03352362996226225,0.04868178464086038,0.004527418869819938,0.0,0.0,0.0,,
24.794112000000013,-5.942406665635578,4.354319331418099,-124.47156996037616,0.029577805065335003,0.043081753695641795,0.0039791151095418895,0.0,0.0,0.0,,
24.803634000000017,-5.934412056525631,4.318962834525861,-124.4046608067365,0.02767596794543838,0.04041267924954095,0.003699207117674264,0.0,0.0,0.0,,
24.813140000000004,-5.921590364574536,4.265607658504823,-124.35240982753454,0.028163651388264092,0.04120535326128611,0.003722672818054066,0.0,0.0,0.0,,
24.82263900000001,-5.901820042176795,4.202597244270814,-124.3168645920277,0.03300997961145335,0.048360237244980585,0.004302480322708726,0.0,0.0,0.0,,
24.83215199999998,-5.8940644124365615,4.143552358221413,-124.3007435319361,0.01630078589835864,0.07506678479225638,-0.024328589243893403,0.0,0.0,0.0,,
24.841679000000028,-5.839869577972439,4.07266777570735,-124.29628388213594,0.019572726952570355,0.09675663349898696,0.010409017693030402,0.0,0.0,0.0,,
24.85117900000003,-5.728807013099385,3.9437799029605367,-124.29056793288511,0.019454229167506287,0.08254068172141814,0.08318654749217085,-0.050729789674324996,0.00019829499747537805,-0.00041751541439425733,,
24.860679000000033,-5.652855455332152,3.8340186011685344,-124.27933697828412,-0.0011451012550559975,0.09490995997861058,0.050593173389801994,0.0,0.0,0.0,,
24.870205000000027,-5.57036156875241,3.767944304894763,-124.25242527528792,0.0024017659278858616,0.09887479921063184,0.010716631251398321,0.0,0.0,0.0,,
24.87971300000001,-5.518821037062077,3.6926351412881524,-124.20802233002942,-0.002222487799435141,0.08246542356958972,0.04242332255837334,0.0,0.0,0.0,,
24.889218999999997,-5.494665013919923,3.605771018006044,-124.15392117650111,-0.012086565464134223,0.06121224434690426,0.04180831365351055,0.0,0.0,0.0,,
24.908244999999994,-5.475633101303261,3.4401639634493493,-124.06435715430565,0.01774033822783355,0.02623751350950838,0.001903955239189732,0.0,0.0,0.0,,
24.917756000000026,-5.465598399122547,3.3183916483283378,-124.04791761802817,0.0011967501624320113,-0.0025924041289114475,0.025489826059588893,0.0,0.0,0.0,,
24.927265000000006,-5.446455339026221,3.2052364200834362,-124.061609582492,0.018395315214421507,0.027209019857255008,0.0018392672971160688,0.0,0.0,0.0,,
24.93678300000002,-5.416460207512269,3.104334272251207,-124.10664990373209,0.02951295887566488,0.043579562167683265,0.002854474168866109,0.0,0.0,0.0,,
24.946281000000027,-5.355707305815629,2.9998368717122585,-124.1759283759731,0.03667653987477897,0.04857863680184973,0.03581526010381134,0.0,0.0,0.0,,
24.955795999999992,-5.298508364166063,2.917739163257793,-124.26072804041316,0.040518008032947465,0.059484720572450044,0.003668345753578735,0.0,0.0,0.0,,
24.96532099999999,-5.230813164553373,2.86433407803574,-124.34133152319096,0.02141634733956195,0.07647591758594675,0.006097506439805284,0.0,0.0,0.0,,
24.974815000000007,-5.162556119313007,2.821035188444631,-124.39701348496425,0.006598625039464854,0.07835939533047695,0.036369821336927725,0.0,0.0,0.0,,
24.984328000000033,-5.103397442791462,2.782929367751218,-124.41061616115839,-0.01516458672576016,0.0775803407370275,0.040526166037424566,0.0,0.0,0.0,,
24.993836000000016,-5.042175915219867,2.751113683128358,-124.3737317210613,-0.024546877955724508,0.07434778952446319,0.04976622054817751,0.0,0.0,0.0,,
25.003344,-5.000812256983582,2.7113296136933656,-124.29455627728562,-0.02938400735293842,0.0729782234869395,0.04159311394134111,0.0,0.0,0.0,,
25.012858000000023,-4.972099647862315,2.6573842542857986,-124.19106863484791,-0.024906629773767546,0.07076219614228818,0.034897540275103466,0.0,0.0,0.0,,
25.022369999999995,-4.953060156986506,2.593049895286203,-124.08818633341596,-0.010746665454297623,0.08017346285025699,0.007404533146398411,0.0,0.0,0.0,,
25.03188000000003,-4.9353834485621855,2.495464083812503,-124.00946712617291,0.008531717548299862,0.0790704909465873,0.03709292879262537,0.0,0.0,0.0,,
25.041390000000007,-4.920604653958328,2.383009343212865,-123.97246990716012,0.025303053565987912,0.08354359545603979,0.005686122943871801,0.0,0.0,0.0,,
25.05090500000003,-4.910396842305242,2.26622911518422,-123.98475522100557,0.05150337725480567,0.07640073804760396,0.003646306434617071,0.0,0.0,0.0,,
25.060416000000004,-4.895820700829008,2.1390134028851455,-124.03832311271505,0.049408327758059443,0.07314527753477285,0.0032968626737531173,0.0,0.0,0.0,,
25.069928000000033,-4.887679224064625,1.9976098395838928,-124.1162820003636,0.04139909061385836,0.05640032159131241,0.03333959696433004,0.0,0.0,0.0,,
25.07943000000003,-4.892754746848029,1.8461726292152454,-124.1961360093876,0.029722950216023766,0.039421194306578054,0.029974749753362884,0.0,0.0,0.0,,
25.088941000000005,-4.8953797705036095,1.683049168865661,-124.2555308690301,0.01898267379371131,0.02338483587059695,0.030397422281310205,0.0,0.0,0.0,,
25.098457000000025,-4.897458759436828,1.5098600131323354,-124.28194284906839,-0.019917251347587345,0.012567991302137062,0.031643982572342064,0.0,0.0,0.0,,
25.10796000000002,-4.902692958421068,1.337524265901515,-124.27357837119573,-0.02188392157991032,0.014849338040923043,0.0022678805795918163,0.0,0.0,0.0,,
25.117490000000004,-4.917218244356766,1.1725324500473298,-124.24025273926335,-0.005250248054056824,0.034245744341668716,0.03845639367123748,0.0,0.0,0.0,,
25.126991000000004,-4.943384696441528,1.026820392944123,-124.19779364789187,0.0046494195057273325,0.044345125997765356,0.048221748282825876,0.0,0.0,0.0,,
25.136505000000028,-4.988146228159648,0.9143031804319767,-124.16271181872919,0.03684674772944057,0.04845015666276523,0.038575055461024035,0.0,0.0,0.0,,
25.146015000000006,-5.056214204217302,0.8179486970722445,-124.14656509512652,0.016140903216527325,0.07523247879189547,0.003572921233084522,0.0,0.0,0.0,,
25.155512000000016,-5.121839846674934,0.7370763208095047,-124.15330164236005,0.01070597366439622,0.07580447906356552,0.029714632547486533,0.0,0.0,0.0,,
25.165036000000015,-5.1756049372725235,0.6853778934517458,-124.17925628289397,0.00043641427480913827,0.07550777746231555,0.040245512147514595,0.0,0.0,0.0,,
25.174543,-5.228129332755105,0.647071718499872,-124.21206701866015,-0.017853522227820166,0.06755240178382822,0.04135310745828811,0.0,0.0,0.0,,
25.19357499999998,-5.333437165320545,0.56875886751533,-124.2403566044837,-0.04966171392602876,0.03326167394516986,0.04493169824395413,0.0,0.0,0.0,,
25.20307299999999,-5.396814417988602,0.5295612432979127,-124.21457772433344,-0.047219126917160736,0.03171891738128983,0.03477915918616372,0.0,0.0,0.0,,
25.212590000000006,-5.473102115627609,0.4869421516663284,-124.16077974977505,-0.04485626737329459,0.03038610496532879,0.005191017675476562,0.0,0.0,0.0,,
25.22209000000001,-5.541829070810436,0.44811573722236014,-124.08962824081262,-0.008998582453113267,0.05553453823981119,0.03517964547596153,0.0,0.0,0.0,,
25.24111000000002,-5.66012732940108,0.39602818758998054,-123.96188547338429,0.0483542663739967,0.0640489930957857,0.044193828456235006,0.0,0.0,0.0,,
25.250639000000007,-5.700730554119653,0.41274621030903696,-123.9423989524338,0.05088041738385538,0.07559714695508615,0.0006564550439935644,0.0,0.0,0.0,,
25.26015300000003,-5.728280087876797,0.4359029572194653,-123.9638370897886,0.04645707599648262,0.06896930658795544,0.0006326630118126184,0.0,0.0,0.0,,
25.26965199999998,-5.749694175817998,0.44801380260835677,-124.02103607636494,0.036032560819031556,0.0533781841143259,0.0005035873222742674,0.0,0.0,0.0,,
25.279162000000014,-5.774726468938342,0.43565348973106327,-124.09993283172689,0.027962381702067583,0.036152290903136035,0.02888705761562037,0.0,0.0,0.0,,
25.288669999999996,-5.816222636160343,0.3900633192058497,-124.18073610685212,-0.004831126006482154,0.04457605503259429,0.0031906980881684713,0.0,0.0,0.0,,
25.298183000000023,-5.868066208284414,0.3198236580599219,-124.24559464883389,-0.007563045866951133,0.046311006182496596,0.02931164914126608,0.0,0.0,0.0,,
25.30768500000002,-5.920382927610255,0.24895268092364367,-124.28554405910724,0.0028909242892295687,0.060808258669423555,0.034081775669515965,0.0,0.0,0.0,,
25.317212000000012,-5.971091064238658,0.18340917823556444,-124.29979507515998,0.01325416304299774,0.07585084881747135,0.03541910966376323,0.0,0.0,0.0,,
25.32671000000002,-6.008493979349776,0.13472944105576817,-124.2964082240461,0.02662890570092567,0.08669761519317698,0.03398614887085587,0.0,0.0,0.0,,
25.33622299999999,-6.037813826671307,0.10854058873945996,-124.29032816738969,0.056195751869434235,0.07656103346953676,0.0313328521537035,0.0,0.0,0.0,,
25.345740000000006,-6.066628193915132,0.09649783763671575,-124.29401241152247,0.0547116288092825,0.0742906548461439,0.031601476235816384,0.0,0.0,0.0,,
25.364745999999997,-6.135902348272895,0.05586644570912681,-124.36541627633386,0.03634522227552839,0.04783038182170938,0.027988539418529558,0.0,0.0,0.0,,
25.374270999999993,-6.171308899833804,0.009933664567522635,-124.429671552626,0.028130615547907363,0.03433914157241327,0.03503615572302433,0.0,0.0,0.0,,
25.383774999999986,-6.203535441060856,-0.05629858595352737,-124.50005483582703,0.02276161234650791,0.027036557046577515,0.03165654308476712,0.0,0.0,0.0,,
25.393297999999987,-6.238711184965972,-0.13884847670046485,-124.5636692908074,0.017432443329998243,0.02530407759325069,-7.446431742188985e-05,0.0,0.0,0.0,,
25.40279799999999,-6.274252319049923,-0.22466203613731214,-124.60889007524008,-0.0021931614922423848,0.04423875726856387,0.0028231449927976987,0.0,0.0,0.0,,
25.412312000000014,-6.316607917383619,-0.29409889824387475,-124.62921095440471,0.006549297340788392,0.05704883084053871,0.028405916310301458,0.0,0.0,0.0,,
25.421812000000017,-6.352277128914336,-0.3366912594787835,-124.62812649239447,0.021469218817901987,0.07031529607969442,0.043040496827029644,0.0,0.0,0.0,,
25.43133000000003,-6.381906890228019,-0.34623242298318707,-124.61612270276146,0.051956769098082514,0.06781670901501524,0.037341737668547134,0.0,0.0,0.0,,
25.440830000000034,-6.4003303865202295,-0.3226638380401296,-124.60660087971107,0.056518105497058505,0.07595661693405392,0.029596929809036138,0.0,0.0,0.0,,
25.450349999999986,-6.40252367701596,-0.28163616494946797,-124.61066415621161,0.05555130940526432,0.07454177484275258,0.02967339549892159,0.0,0.0,0.0,,
25.459859000000023,-6.40021024427974,-0.2422326148682352,-124.63398759242381,0.05031850752080182,0.06518022857414697,0.038504149637344366,0.0,0.0,0.0,,
25.469373999999988,-6.393639331419578,-0.2173584661006332,-124.67420155601037,0.04117771838692469,0.052830992254572794,0.0337343779887266,0.0,0.0,0.0,,
25.478875999999985,-6.387776448585799,-0.21746802931469122,-124.72425500487707,0.010224910019953655,0.05437646676516774,0.03059987092390495,0.0,0.0,0.0,,
25.488392000000005,-6.38641229448861,-0.24476543859035887,-124.7736071809292,-0.0035782733476061343,0.04631912144349392,0.003132039792814941,0.0,0.0,0.0,,
25.497897999999992,-6.393172562781347,-0.28734141569414506,-124.81109705636824,-0.007092909349849455,0.04332537141995326,0.030810478429256667,0.0,0.0,0.0,,
25.507416000000006,-6.409234798251078,-0.330692055351237,-124.82963098880593,-0.00459762529848462,0.04911637201699807,0.03437621627115254,0.0,0.0,0.0,,
25.51691100000002,-6.428643862740824,-0.3664724708518533,-124.82940149673398,0.004700924985313761,0.05799854463585349,0.03428341082453273,0.0,0.0,0.0,,
25.526432000000028,-6.452299092827541,-0.38325590775554375,-124.81861706147697,0.014621876700008618,0.07013615990671798,0.028194653467004237,0.0,0.0,0.0,,
25.53595500000003,-6.47432329556035,-0.3778024766667724,-124.80988003543584,0.023382370005058353,0.08154619623282754,0.002574618744814104,0.0,0.0,0.0,,
25.545455000000032,-6.4891423349827395,-0.3570869610198687,-124.81507363440474,0.05216939510905502,0.06816208968619879,0.03388813863031217,0.0,0.0,0.0,,
25.55496500000001,-6.49977670767552,-0.3299769298243983,-124.84072814727831,0.03130802478572577,0.0803722875665525,0.04407517486798552,0.0,0.0,0.0,,
25.56447399999999,-6.50641815809208,-0.30935383943796635,-124.88422453748565,0.023414244832725715,0.07319298244963102,0.0368400678325709,0.0,0.0,0.0,,
25.57399000000001,-6.5114231307313855,-0.30910721237333566,-124.93804856675519,0.00796444725023988,0.0635446140166521,0.0031028232386522974,0.0,0.0,0.0,,
25.583496999999994,-6.514282406227948,-0.3284110794235815,-124.9919675235862,-0.0036288155014930447,0.05483602881164817,0.0036847590079210767,0.0,0.0,0.0,,
25.593008000000026,-6.514543336454042,-0.364329920558705,-125.03679657692973,-0.006007606114208795,0.048272251945979505,0.030067908062341105,0.0,0.0,0.0,,
25.60252399999999,-6.522967992887355,-0.4152771972610552,-125.0666298185854,-0.009159782285286107,0.04870951394388826,0.0038063730033356343,0.0,0.0,0.0,,
25.612036000000018,-6.544467188184021,-0.47203197040596717,-125.08165544995501,-0.0065407465456309,0.0534642351479515,0.003809903039710162,0.0,0.0,0.0,,
25.621544,-6.57403477659743,-0.5217848328253706,-125.08469897871097,0.000923542833094844,0.06151192263558776,0.0035244456935902167,0.0,0.0,0.0,,
25.631049999999988,-6.602350708410978,-0.5533102434560246,-125.08434821698701,0.01256953595443742,0.06805906400976648,0.03196520618174146,0.0,0.0,0.0,,
25.640559000000025,-6.6253597813654395,-0.562671071028928,-125.08940127154139,0.021134822863231092,0.07428602825116655,0.0408549950214217,0.0,0.0,0.0,,
25.650082000000026,-6.644808691904363,-0.5551245725743638,-125.10809617980676,0.022857831356654045,0.07647339392635877,0.03890607622985386,0.0,0.0,0.0,,
25.65958200000003,-6.656766680890776,-0.5402815720976407,-125.14275904512775,0.019939611064731598,0.07432036815457196,0.037405836734310166,0.0,0.0,0.0,,
25.669095,-6.666710286311195,-0.5296938508172372,-125.19146952441844,0.01348676557971971,0.0672957107276745,0.035470077027276,0.0,0.0,0.0,,
25.678615000000008,-6.681596530660151,-0.5303888943291798,-125.24631893199279,0.003967162678098514,0.05937489886272842,0.030596493982630122,0.0,0.0,0.0,,
25.68811100000002,-6.700911829412683,-0.5458740959302403,-125.29611459215904,-0.0042370062546114575,0.05149920416872139,0.030017691950295553,0.0,0.0,0.0,,
25.697638000000012,-6.726032797550696,-0.5723986793661554,-125.33083183765591,-0.011733912397305485,0.047000268916829145,0.03376344120299228,0.0,0.0,0.0,,
25.707135000000022,-6.747904249105244,-0.5984329842707989,-125.34568748959073,-0.012102642881813463,0.04514435853476581,0.032759470581272376,0.0,0.0,0.0,,
25.716651999999982,-6.7636270333291595,-0.6156056248639646,-125.3415156394607,-0.007481990987806166,0.0479436590370581,0.03396312782396538,0.0,0.0,0.0,,
25.726167000000004,-6.7757830329114315,-0.6168211658208873,-125.32616267438543,-0.0010649072283257738,0.053303113848002695,0.03561957610266766,0.0,0.0,0.0,,
25.735675999999984,-6.787026362651323,-0.5947990270260708,-125.31011608502685,0.007839274675405525,0.061131754991035424,0.03423174764882341,0.0,0.0,0.0,,
25.745187000000016,-6.799612206611309,-0.556678118862391,-125.30330960284739,0.015128337641942182,0.06946603135500524,0.03356009231604417,0.0,0.0,0.0,,
25.754693000000003,-6.8139549957076975,-0.5077772578119102,-125.31094468430973,0.018874058838895428,0.07558014425851388,0.031428741486042175,0.0,0.0,0.0,,
25.76420299999998,-6.827534000452441,-0.45704178167121245,-125.33337474802111,0.019245550686129178,0.07720740742706315,0.032080290652091586,0.0,0.0,0.0,,
25.773719,-6.8374127572294086,-0.4056659119595681,-125.36743533284728,0.017370814814033055,0.07746458677858412,0.036802488991955186,0.0,0.0,0.0,,
25.783220999999998,-6.844274068196586,-0.36058742182700093,-125.40877999326129,0.013697274432910602,0.07369753429084897,0.034798073941247024,0.0,0.0,0.0,,
25.79272899999998,-6.8508815443451265,-0.3256228022875561,-125.45130421228399,0.007248210838754799,0.06824054410884373,0.032454057340805975,0.0,0.0,0.0,,
25.802244,-6.8548427256833895,-0.2987362649158832,-125.49029866922109,0.0053173420393419135,0.062151790513869605,0.031553800114205124,0.0,0.0,0.0,,
25.811795999999987,-6.8648919123730385,-0.2825963547445868,-125.51959758953542,0.00047625342897837604,0.06240552802104347,0.004066468285168328,0.0,0.0,0.0,,
25.82126500000001,-6.878410811027433,-0.281977825197674,-125.53789340535204,-0.0006516621916480209,0.06081320726238187,0.004086303217207055,0.0,0.0,0.0,,
25.83077399999999,-6.891300435242172,-0.29082873883372234,-125.54599258344592,0.004270638782511716,0.060653386465127176,0.029952751474219323,0.0,0.0,0.0,,
25.84028200000003,-6.903002908388493,-0.30087159222551224,-125.54923016939053,0.007726157716948477,0.06471850246918529,0.031861049818567216,0.0,0.0,0.0,,
25.849797999999993,-6.9079505803803976,-0.304224207978899,-125.5528931930092,0.01460683369152985,0.07009663854182695,0.03521484569735706,0.0,0.0,0.0,,
25.859316000000007,-6.911208462776886,-0.2984290062523725,-125.56348601594033,0.018801855255358584,0.07536239524376515,0.03343344885681588,0.0,0.0,0.0,,
25.86881600000001,-6.914500265821027,-0.28586516948436047,-125.58436092528243,0.018363418753038447,0.0748042382238598,0.03248433647644137,0.0,0.0,0.0,,
25.878344999999996,-6.916533916058073,-0.2688118938062758,-125.61222938711819,0.01709903870579392,0.07238571621469839,0.03911690542222602,0.0,0.0,0.0,,
25.88783700000002,-6.922429919536538,-0.2517978894821151,-125.64370495903272,0.01153952815891628,0.06760869079808612,0.03988980986521559,0.0,0.0,0.0,,
25.897359000000023,-6.930420865933052,-0.2406347413098306,-125.67285124160178,0.005655526476999314,0.061365227899993206,0.03518487747720811,0.0,0.0,0.0,,
25.906867000000005,-6.9392637396319925,-0.23942374599403668,-125.6968929801957,0.0014833466247137035,0.0565093072844518,0.029162038823006754,0.0,0.0,0.0,,
25.916372999999993,-6.946508768509804,-0.25067098814079136,-125.71598982013673,-0.0024939527925407754,0.05348412177943571,0.0038671610061800435,0.0,0.0,0.0,,
25.925879999999978,-6.950669683941521,-0.26903678241941087,-125.73338012618713,0.0020994274534422187,0.051936402863071565,0.029050200395651208,0.0,0.0,0.0,,
25.93539100000001,-6.953533493389045,-0.2908286653055262,-125.75360384685428,0.007020005694617231,0.0558254130930723,0.03249184051220204,0.0,0.0,0.0,,
25.944909000000024,-6.956186449759396,-0.3113915408703241,-125.78109263295731,0.009729904714448352,0.06246384377098499,0.032162103414850866,0.0,0.0,0.0,,
25.954414000000014,-6.956019656698448,-0.32427817793817987,-125.81889337757721,0.015808557376320146,0.0707269045877864,0.03257703161123328,0.0,0.0,0.0,,
25.963930000000033,-6.95724279507554,-0.3288102028896748,-125.86741281943233,0.018769825524284203,0.07803639008218191,0.030556103389704894,0.0,0.0,0.0,,
25.982940000000013,-6.965463189075103,-0.3200312996752045,-125.98882872680137,0.0197204003129159,0.07998967647042518,0.03703412479838403,0.0,0.0,0.0,,
25.992468000000002,-6.980194211011696,-0.31499801459331583,-126.05254793415315,0.014967151638678048,0.07522250723647293,0.035780081862504476,0.0,0.0,0.0,,
26.001969000000003,-6.999443965291847,-0.3189180668005346,-126.11086804203545,0.0073119492305275735,0.06432776886485163,0.03637493074183676,0.0,0.0,0.0,,
26.011483000000027,-7.018692499036483,-0.32814722285827513,-126.15850861499307,0.0021925489049577115,0.05501092924963592,0.036318833148446375,0.0,0.0,0.0,,
26.020989000000014,-7.038958198297294,-0.3460431823133079,-126.19399558576778,-0.0014643074357249077,0.04810418886363916,0.03233994000796616,0.0,0.0,0.0,,
26.03051000000002,-7.058607645099731,-0.3750729542872239,-126.21849210888716,-0.0045024017795563314,0.045618400201122844,0.00356391307744418,0.0,0.0,0.0,,
26.040013000000016,-7.073947678411712,-0.4061761046375987,-126.23668699599827,-0.0005249513628914509,0.04853198828720643,0.003337401588761792,0.0,0.0,0.0,,
26.049530000000033,-7.082727944444338,-0.43690730419576257,-126.25569935749715,0.007474616761013694,0.05448518337820603,0.029451458244971886,0.0,0.0,0.0,,
26.05902999999998,-7.084548593062683,-0.4665449952957657,-126.28203031652492,0.013320613913699009,0.06419839867135911,0.030458623429690773,0.0,0.0,0.0,,
26.068551999999983,-7.081629222557175,-0.4868062378528559,-126.32164036898259,0.018607388549435177,0.07264030726049964,0.03437972045310966,0.0,0.0,0.0,,
26.078050999999988,-7.081394607392856,-0.49098343382845755,-126.3775440657616,0.020860872853624004,0.08110234723354354,0.03372808270233075,0.0,0.0,0.0,,
26.08757799999998,-7.086301696621814,-0.4867880538148907,-126.44596799290218,0.017614392408075698,0.0828741395190639,0.03643140035820193,0.0,0.0,0.0,,
26.09707899999998,-7.098278059255626,-0.48165101066148797,-126.51838548571659,0.00988005056604212,0.07734528268450439,0.04012129756150525,0.0,0.0,0.0,,
26.106599999999986,-7.114620039840361,-0.47380966790076257,-126.5850856453652,0.0032314725430836752,0.06968634569605811,0.038892395928316906,0.0,0.0,0.0,,
26.11610600000003,-7.136296835992461,-0.47366934192788657,-126.63572808863543,-0.005748986900879287,0.060263986863272216,0.036563099294445046,0.0,0.0,0.0,,
26.12560700000003,-7.156652320977887,-0.48253978727344443,-126.66549994457169,-0.008639779501355574,0.05253763855757432,0.030251775997377186,0.0,0.0,0.0,,
26.135125999999985,-7.16963455067184,-0.5008733587479245,-126.67670414347383,-0.007301726395940459,0.05076535371265273,0.004233261821838777,0.0,0.0,0.0,,
26.144627999999983,-7.176797927130192,-0.5286676874880246,-126.67793003388053,0.0025406964144487265,0.05071753544061141,0.02897536541613723,0.0,0.0,0.0,,
26.154149999999987,-7.178892462783103,-0.5610022479351723,-126.68066100924972,0.011558610649683705,0.0559707839384326,0.027861496896717772,0.0,0.0,0.0,,
26.16365600000003,-7.1720882362040275,-0.5876405931111967,-126.69906790670866,0.02061722843982966,0.06596945261815655,0.029001924764176738,0.0,0.0,0.0,,
26.173170999999996,-7.155548312873144,-0.6067977371860966,-126.74126447300087,0.02714002102259147,0.07345254899498248,0.03096018567922403,0.0,0.0,0.0,,
26.182675999999987,-7.139449267767025,-0.6207080640942819,-126.80721371283828,0.025312087479375682,0.07821919508287709,0.03142467750735656,0.0,0.0,0.0,,
26.192184000000026,-7.12145664537969,-0.6259129328169328,-126.88941305756508,0.0214387598749678,0.07769860811949736,0.036434391241092386,0.0,0.0,0.0,,
26.201703999999978,-7.107653603076414,-0.6256865412810809,-126.97495248560236,0.011247275289457827,0.0725928797727992,0.03641681500555601,0.0,0.0,0.0,,
26.21120700000003,-7.102104693523666,-0.6262828490078756,-127.04797823065127,-0.0004884641446525078,0.06531384472626357,0.036189092821982814,0.0,0.0,0.0,,
26.22073400000002,-7.1001529148947,-0.6313394419356311,-127.09681139457078,-0.009309170654410961,0.05474049627004278,0.0388781298828896,0.0,0.0,0.0,,
26.230226999999985,-7.104604878878031,-0.6370424707162392,-127.115729432156,-0.014999357992760969,0.04901913841337151,0.033458799461876666,0.0,0.0,0.0,,
26.239742000000007,-7.106533388624868,-0.6426064925645617,-127.10661187193746,-0.01227409366161862,0.046150539970502086,0.03298253400423302,0.0,0.0,0.0,,
26.249247999999994,-7.105394184282478,-0.6495609989049025,-127.07933896353366,-0.004064587142259954,0.045928736418424876,0.0355305598604791,0.0,0.0,0.0,,
26.258759000000026,-7.105538209635737,-0.6520198677920532,-127.04996373187954,0.0055581582488246845,0.05116275206403808,0.030423505040846302,0.0,0.0,0.0,,
26.268272999999994,-7.103019968175565,-0.6454323613983011,-127.03403466206193,0.03787931661930502,0.04402580601520858,0.029217709301583027,0.0,0.0,0.0,,
26.277793000000003,-7.101285766220456,-0.6278610731612385,-127.04414970355768,0.04480205199827515,0.0530837058213526,0.029587788566802567,0.0,0.0,0.0,,
26.287297999999993,-7.097617066007146,-0.603273681005355,-127.08376594434245,0.049059807949357694,0.058493037593948194,0.03025917405980731,0.0,0.0,0.0,,
26.296802999999983,-7.094907803418938,-0.5716464560639615,-127.14705879236652,0.04955184766738533,0.058359007311356764,0.03343588315172533,0.0,0.0,0.0,,
26.306315000000012,-7.093753923520575,-0.535439155380287,-127.22143751008706,0.022828503165802115,0.0735319095172075,0.032644303908414246,0.0,0.0,0.0,,
26.31583100000003,-7.089581782185659,-0.4992433772252745,-127.28940606947218,0.01368686869818518,0.07079945444038299,0.030990867457866483,0.0,0.0,0.0,,
26.32533300000003,-7.085641249740592,-0.4692291566900888,-127.3363124502241,0.004958677563950386,0.0663724754134996,0.030633428131382732,0.0,0.0,0.0,,
26.334843000000006,-7.085288548805912,-0.4480677820033689,-127.35422842306969,-0.0023368639970330466,0.06288159945353944,0.030674236131844942,0.0,0.0,0.0,,
26.344362000000018,-7.086883933982833,-0.4358371088516535,-127.34400823689585,-0.004232492756659893,0.06006635164039206,0.03216270952160429,0.0,0.0,0.0,,
26.353870999999998,-7.092398449781283,-0.4275327986242715,-127.31599336640764,0.0004555609735154741,0.061794999783457226,0.03132455288542708,0.0,0.0,0.0,,
26.363376999999986,-7.100602425158975,-0.4250452325797549,-127.28562121839317,0.007873867388831128,0.06559365736564052,0.03354711026144127,0.0,0.0,0.0,,
26.372888000000017,-7.109393563645699,-0.4306527663768236,-127.27063175583986,0.01616025222488311,0.06954979058333496,0.03642295428495282,0.0,0.0,0.0,,
26.38240399999998,-7.11889262279426,-0.44057595561081253,-127.28487431051207,0.022825987016327966,0.07449640997074007,0.03363289714552219,0.0,0.0,0.0,,
26.39191100000002,-7.125146504857488,-0.4532334408606743,-127.3357794070797,0.028080203418817007,0.07570212063494168,0.032196581359324204,0.0,0.0,0.0,,
26.401422999999994,-7.132358195404662,-0.46814728928164995,-127.42134651996763,0.02881742479223998,0.0742701951773764,0.030068912701780377,0.0,0.0,0.0,,
26.41092999999998,-7.145150357175594,-0.484903526673373,-127.5314891535079,0.025505965504223252,0.07048286567431801,0.030430029338019346,0.0,0.0,0.0,,
26.420447999999993,-7.16415440905604,-0.5019215253536843,-127.65129838621813,0.01828690452013502,0.06670606275055513,0.03663078891481015,0.0,0.0,0.0,,
26.42995700000003,-7.177065170268242,-0.5241066309856081,-127.76293961633968,0.008260139105554986,0.0623718280608448,0.03495310860544411,0.0,0.0,0.0,,
26.439472999999992,-7.177854456194188,-0.5549846030754589,-127.85258318128564,-0.0016052328355396967,0.057451270345092446,0.004169729904381701,0.0,0.0,0.0,,
26.448984000000024,-7.177193134648586,-0.590475513564911,-127.91098403756969,-0.007197965177495825,0.053368173457753396,0.004456264920976488,0.0,0.0,0.0,,
26.458482000000032,-7.179339013343919,-0.6237247798378147,-127.93725391821485,-0.003336563364398565,0.05272792972424479,0.03128960889516834,0.0,0.0,0.0,,
26.467989000000017,-7.186376327927781,-0.6575711116384386,-127.93934158102385,0.0015568214385054215,0.05538451165123074,0.04005434855906406,0.0,0.0,0.0,,
26.477510000000024,-7.195598631038485,-0.684525195472838,-127.93258673072522,0.007950981240275566,0.059681057532106584,0.040165957048311766,0.0,0.0,0.0,,
26.48702499999999,-7.204800958771827,-0.6991302031349915,-127.93499386855382,0.017418995149550472,0.06861482616728876,0.032888525936398245,0.0,0.0,0.0,,
26.496534000000025,-7.210978883236076,-0.7142986875764851,-127.961829383281,0.023373677367886935,0.07292757560607235,0.02836824277597567,0.0,0.0,0.0,,
26.506051999999983,-7.216084383671057,-0.7334327151908258,-128.02209629700317,0.025868364101654443,0.07435371606175033,0.03557971820310808,0.0,0.0,0.0,,
26.51555399999998,-7.225807541785552,-0.753269598198303,-128.11698547081133,0.0257088959504868,0.07558228758202347,0.03398019564158275,0.0,0.0,0.0,,
26.52505800000003,-7.23963484232291,-0.7792711437744491,-128.2377772089064,0.02404272321667481,0.07197588601193883,0.03419255594940108,0.0,0.0,0.0,,
26.534569000000005,-7.264763093856678,-0.8142019632010284,-128.37184314371237,0.016595448137974,0.06748365176854441,0.03057164398691577,0.0,0.0,0.0,,
26.54408700000002,-7.297911542459533,-0.8523923132039303,-128.50655009833935,0.006227316278824593,0.0643376230823936,0.0036995904441511013,0.0,0.0,0.0,,
26.553590000000014,-7.328225014556211,-0.8905153767480265,-128.63255092587602,0.00694364030580455,0.05776844354138623,0.03112644346365232,0.0,0.0,0.0,,
26.563097999999997,-7.353784047147103,-0.931571901170673,-128.74407161632143,0.004605985678373132,0.053591474182157116,0.0368231202139445,0.0,0.0,0.0,,
26.57261200000002,-7.371245488047776,-0.973314364440188,-128.84337972293048,0.0042689781585527106,0.05361652246506608,0.035426863865517744,0.0,0.0,0.0,,
26.58213200000003,-7.376322678415462,-1.0167677938962087,-128.93737999140532,0.007435439457798131,0.05510775746264525,0.04206839338524421,0.0,0.0,0.0,,
26.591638000000017,-7.376407710844186,-1.059859827218392,-129.03493902139815,0.010849719662608677,0.06096217708311659,0.002877564960974536,0.0,0.0,0.0,,
26.601155000000034,-7.385920585019966,-1.1017475425198788,-129.14878580056697,0.02000045573138841,0.06679262219971985,0.0022172626692640745,0.0,0.0,0.0,,
26.61066600000001,-7.41997400697899,-1.1513264406839177,-129.28634064081203,0.024803039174822565,0.07086866157832326,0.033376667730445585,0.0,0.0,0.0,,
26.62017399999999,-7.4581433766097245,-1.2032242685592525,-129.44711853897908,0.02720343797994707,0.07058267574789254,0.05901696994702821,0.0,0.0,0.0,,
26.629677999999984,-7.506443171409713,-1.250932833499835,-129.62076298487494,0.017718181307898536,0.07132646386815002,0.0327181035218259,0.0,0.0,0.0,,
26.639189000000016,-7.552283769207403,-1.2993356688687259,-129.79038362309674,0.007095795403542337,0.06914676505133946,0.0038373848467500083,0.0,0.0,0.0,,
26.64870499999998,-7.592159530466388,-1.3528226214782646,-129.93960104259344,0.001127295079993645,0.06373243305775773,0.004168734728262386,0.0,0.0,0.0,,
26.658198999999996,-7.6298419786085745,-1.4086641520017593,-130.05771132063919,-0.00019310227011781278,0.05932112654627033,0.04715647318769296,0.0,0.0,0.0,,
26.667719000000005,-7.658895845651432,-1.4656396429475,-130.14165687992715,-0.0009570645426849396,0.05728622186993472,0.048178280214120295,0.0,0.0,0.0,,
26.677234000000027,-7.686293470288695,-1.5286081221604078,-130.19658361966694,-0.0031919404919577153,0.056893469164437695,0.029777094013639,0.0,0.0,0.0,,
26.686740000000015,-7.70799089027497,-1.587649592058996,-130.23418638753301,-0.0008138326728092527,0.06209330248811583,0.004215285387042571,0.0,0.0,0.0,,
26.696249999999992,-7.719808611846551,-1.644028605553625,-130.26896967040486,0.0061887027226167676,0.06738767455110914,0.0036760437842557584,0.0,0.0,0.0,,
26.705761000000024,-7.727366820762407,-1.701599183143726,-130.3146986186906,0.016508200048951507,0.07011959767408822,0.04162883082686617,0.0,0.0,0.0,,
26.71527999999998,-7.733067781942611,-1.759317859277903,-130.38141523022495,0.019039315312407646,0.07236402582357558,0.04367445604355482,0.0,0.0,0.0,,
26.724773,-7.741076668702709,-1.8126954126042083,-130.47421649266133,0.02084382733875161,0.07093218256807071,0.03696155395257168,0.0,0.0,0.0,,
26.734290000000016,-7.7607815890033045,-1.866071282043019,-130.58907978269607,0.01650241247499012,0.0680123975854902,0.03046518503018325,0.0,0.0,0.0,,
26.743814000000015,-7.788517997374027,-1.922257067353111,-130.71293526348953,0.010147371121300442,0.06121942910086344,0.03411008071306784,0.0,0.0,0.0,,
26.75331300000002,-7.817622683790274,-1.9769702420953106,-130.83012835826912,0.004122555006125067,0.055103389411476,0.0382678409919343,0.0,0.0,0.0,,
26.762845999999996,-7.843427123452548,-2.0309868155971174,-130.92689535015631,-0.0017228662163464772,0.05002520142528115,0.03384473767201928,0.0,0.0,0.0,,
26.772340000000014,-7.861589582541187,-2.0817714573553174,-130.9948939446918,-0.0024014237573201738,0.04711651676174782,0.028882125137017822,0.0,0.0,0.0,,
26.781852999999984,-7.869336447137296,-2.1213587107159815,-131.03422169089177,0.003231460892958313,0.04878238208201062,0.03075753563461559,0.0,0.0,0.0,,
26.791357000000033,-7.870319087052086,-2.1508789298280817,-131.05506663943473,0.010194525605593507,0.05284490031005091,0.03110452451045291,0.0,0.0,0.0,,
26.80087499999999,-7.86536875480963,-2.1719498483709363,-131.07425443801645,0.021868485316627405,0.0577376989691227,0.030625911148063734,0.0,0.0,0.0,,
26.810382000000033,-7.865994250194453,-2.184899674815549,-131.1090611989809,0.04975207388529538,0.0496917831379048,0.03219412110924023,0.0,0.0,0.0,,
26.81988400000003,-7.879463121941927,-2.196906366081448,-131.1770148807362,0.035627898619181426,0.07198686050061258,0.030766284999834127,0.0,0.0,0.0,,
26.82939300000001,-7.892506012329796,-2.210233382968273,-131.2875749243049,0.057103589345440915,0.05698017642197047,0.03522807322214076,0.0,0.0,0.0,,
26.83892499999999,-7.917698999167059,-2.2241785158950655,-131.44402222748846,0.036115596880244974,0.07220620844329419,0.04072357014441505,0.0,0.0,0.0,,
26.84842899999998,-7.951308225443942,-2.2452280443438686,-131.63813671436998,0.026199635866671664,0.06866823855734984,0.030328124800125162,0.0,0.0,0.0,,
26.867446,-8.037057319089426,-2.317163911044714,-132.0778198059022,0.006309496723534494,0.059660257363696755,0.02971589653855282,0.0,0.0,0.0,,
26.87695199999999,-8.080346193043425,-2.3645997612084715,-132.29278359723875,0.002616481503785789,0.05782288600753595,0.03690988024456433,0.0,0.0,0.0,,
26.886471,-8.123812396710145,-2.4144550213671967,-132.4936782123028,0.0006460441658465921,0.06445512595025968,0.0041302408249284115,0.0,0.0,0.0,,
26.895984000000027,-8.159416588299177,-2.4661586332367555,-132.68620393771627,0.00757340172363794,0.06976460828918651,0.0035592357013537945,0.0,0.0,0.0,,
26.905498999999992,-8.186587269419238,-2.5153512678413508,-132.88764777071145,0.024060432956234917,0.07259205300623844,0.032937220979424454,0.0,0.0,0.0,,
26.91500099999999,-8.212845611475617,-2.560743309328052,-133.11723400377,0.03336707348197344,0.07782369974496253,0.04273852138993469,-0.01960650730053045,0.01717292572158163,-0.04618868130489463,,
26.924519000000004,-8.233246649585762,-2.6075295677173087,-133.38747147185617,0.03289829274688283,0.0786631975856304,0.03802045560101746,-0.02082004262947902,0.016461915239610776,-0.0542795708420511,,
26.934021,-8.253165369243895,-2.660763677861178,-133.69886697230706,0.013606058772106642,0.07513905627673113,0.0031480194946749236,-0.02088148243243192,0.013906194886555772,-0.06251682359491681,,
26.943535000000026,-8.269715604319146,-2.7127617462512004,-134.03550089115564,-0.006737447796629839,0.06462426529701325,0.005261644096005059,-0.019343358299716885,0.008314213792698137,-0.06754240687245326,,
26.953046,-8.273613477354822,-2.7648005971208285,-134.3652429852417,-0.0392320091858393,0.03891438086048826,0.008025775065917463,-0.017446710406118365,0.002340916936652082,-0.06604537801833109,,
26.962553999999983,-8.276176540004926,-2.8202757728146137,-134.64950288216664,-0.03715017362393907,0.04011706516715606,0.04936972363349526,-0.014777026030204799,-0.0009699067525564464,-0.05692878993041592,,
26.972068000000007,-8.280230740955787,-2.865469807427543,-134.85754957594548,-0.036975740922278566,0.04087759507706721,0.05785570074848033,0.0,0.0,0.0,,
26.981571000000002,-8.287096650084445,-2.8887656424389867,-134.97870173686567,-0.03457491998124138,0.03712369619454434,0.03608914190256399,0.0,0.0,0.0,,
26.991074999999995,-8.294795573335456,-2.890587392219381,-135.0232047490949,-0.03174817052946009,0.032244569937283904,0.006588646264705938,0.0,0.0,0.0,,
27.000594000000007,-8.288198158115142,-2.8599636538135593,-135.02085954004278,0.007763382284996144,0.055156618001146476,0.0026682366298614985,0.0,0.0,0.0,,
27.01011600000001,-8.266892583804907,-2.7978187347654218,-135.00862774506487,0.04107202776869009,0.06933184871778807,0.03737433661847523,0.0,0.0,0.0,,
27.019622999999996,-8.227958314527992,-2.7150845534349535,-135.01570837928452,0.07234434715241636,0.06438612052666866,0.034191517251500186,0.0,0.0,0.0,,
27.02912599999999,-8.182181820794924,-2.619295672220109,-135.05730736265517,0.07628754044482071,0.06884407870445583,0.03123422661018296,0.0,0.0,0.0,,
27.038640000000015,-8.133666137527177,-2.5195370050532535,-135.13270415162967,0.047452846048274704,0.08323245628630851,-0.0004136215176790754,0.0,0.0,0.0,,
27.04814300000001,-8.084793458786152,-2.4346764425561105,-135.22795100818823,0.026452507153352005,0.06877558610072772,0.029320971019907334,0.0,0.0,0.0,,
27.05765900000003,-8.040696047112712,-2.3646777414916658,-135.3183936798175,-0.0037773182679999378,0.05673698447461873,0.03103063681361498,0.0,0.0,0.0,,
27.06716800000001,-7.9947445937863595,-2.31090830308246,-135.3762705494338,-0.03631052163735663,0.038942149480785775,0.03745163102144983,0.0,0.0,0.0,,
27.076678999999984,-7.955060647318755,-2.2816118128341962,-135.3769593687174,-0.044926378569220785,0.04603086971614388,0.00898105395827273,0.0,0.0,0.0,,
27.086183000000034,-7.910581359027894,-2.2573182207603137,-135.3110263969934,-0.03723953609148307,0.04037459950230078,0.04868007783159516,0.0,0.0,0.0,,
27.095709000000028,-7.880558964470835,-2.2335905530221596,-135.18821128172874,-0.004916974019758927,0.06093229383881563,0.04275429466353025,0.0,0.0,0.0,,
27.105216000000013,-7.863805089861323,-2.2095163939050035,-135.03838794273105,0.03386432295991272,0.08052087493169434,0.03872104731058524,0.0,0.0,0.0,,
27.114726999999988,-7.849302782867924,-2.1722210494791163,-134.90484001351646,0.08666366023140118,0.08124188600514382,0.024757439295750028,0.0,0.0,0.0,,
27.12423099999998,-7.836359737537743,-2.110391331452238,-134.8286558797908,0.10564363518313798,0.09959172495292984,0.028922392557827324,0.0,0.0,0.0,,
27.143254999999982,-7.812631304573763,-1.971020899334472,-134.91811098136182,0.0902455877169437,0.08082288153246286,0.04568735190452553,0.0,0.0,0.0,,
27.152769000000006,-7.810356571729209,-1.9371929607582128,-135.0544527529011,0.05629743497697868,0.051037632592662495,0.024036788502551674,0.0,0.0,0.0,,
27.162274999999994,-7.806426489099356,-1.94979995017169,-135.19991239754157,0.018767800432499916,0.018637288700966478,-0.0009004372550629075,0.0,0.0,0.0,,
27.171778999999987,-7.806299052445353,-2.0158409673031956,-135.30811647866264,-0.020404605171328177,0.020825164864098862,0.0039945338883883175,0.0,0.0,0.0,,
27.18129400000001,-7.815847231720714,-2.119289798862034,-135.3459686615426,-0.049401794751552666,0.00640596384080458,0.03253046013778839,0.0,0.0,0.0,,
27.19080299999999,-7.824653491060829,-2.231581632370338,-135.30281745930674,-0.033377983479096936,0.034095667409775786,0.006551824617758785,0.0,0.0,0.0,,
27.200322,-7.834504486059626,-2.323559296442393,-135.1927372791282,-0.0340003597717139,0.03461395064211605,0.006670533491873907,0.0,0.0,0.0,,
27.209840000000014,-7.844102290360129,-2.368879982915573,-135.0525000577305,0.011774139978887975,0.07515399962860941,0.041971694642834345,0.0,0.0,0.0,,
27.219336000000027,-7.845971645405936,-2.365080951366238,-134.92620730337225,0.04682827236901057,0.10273548627557473,0.04210236567461359,0.0,0.0,0.0,,
27.22884000000002,-7.847729860928763,-2.322203765416511,-134.85592435968564,0.0684440909085767,0.11831071190248463,0.030364282149608984,0.0,0.0,0.0,,
27.238371,-7.85876609737324,-2.257208790783157,-134.8704660116772,0.07489463228192988,0.11836299901127569,0.04005258652166845,0.0,0.0,0.0,,
27.247870000000006,-7.885881426079183,-2.1902869776914056,-134.975179239698,0.06383362398078454,0.10682282624611461,0.048491637769293466,0.0,0.0,0.0,,
27.25738099999998,-7.9241368349339165,-2.155134734587781,-135.15251011413233,0.037742244564563855,0.0825360897301387,0.04430346437490302,0.0,0.0,0.0,,
27.266897999999998,-7.976275706753788,-2.170453895691809,-135.36632755371227,0.0019783265688666203,0.05284788564509681,0.029559114436631912,0.0,0.0,0.0,,
27.27641600000001,-8.028826612028624,-2.2306800093053476,-135.57351589386795,-0.029250482724750254,0.030171593324211647,0.0059229000983927645,0.0,0.0,0.0,,
27.285923999999994,-8.066594426220572,-2.3280094711534045,-135.73537337304649,-0.02854517166440904,0.029626805253238086,0.0058258390415928535,0.0,0.0,0.0,,
27.295425999999992,-8.088278252155748,-2.4397337113923845,-135.82693874508115,-0.02874060008463011,0.029942734489022824,0.005892789595047881,0.0,0.0,0.0,,
27.30493400000003,-8.085806536994117,-2.5354001051916217,-135.84217484794107,-0.027758831752620786,0.028948920344694287,0.005692282505928975,0.0,0.0,0.0,,
27.314446000000004,-8.055141345761324,-2.5965917138677774,-135.79071755868762,0.003963527228348842,0.048215808501522864,0.030049214676797775,0.0,0.0,0.0,,
27.323965000000015,-8.013271390881258,-2.6094793805032888,-135.69707548435724,0.025058988871387067,0.0660704658946864,0.041452073590448446,0.0,0.0,0.0,,
27.33346800000001,-7.9635313780504875,-2.5628095588839166,-135.59269000545572,0.04180916109228538,0.07972908975973757,0.04597463356279618,0.0,0.0,0.0,,
27.342978999999985,-7.912896165730854,-2.466288823740502,-135.5099511933583,0.04937725639300035,0.0865292155048811,0.04043650676842068,0.0,0.0,0.0,,
27.35250099999999,-7.874363057718487,-2.3572593000080437,-135.46947379460443,0.03940397953742448,0.08540110448491639,0.033702700096290526,0.0,0.0,0.0,,
27.36200900000003,-7.843219504389395,-2.2632582450587027,-135.47695693971002,0.022991851874514854,0.07272215852798973,0.031387584868942366,0.0,0.0,0.0,,
27.371543000000003,-7.8265782431994655,-2.201385052376742,-135.52230637105782,0.0017211515524221252,0.06039269647601287,0.030910624378955514,0.0,0.0,0.0,,
27.381045,-7.820233849707258,-2.174701685226954,-135.58202020252207,-0.011477771276906088,0.05048838343927063,0.03600866856349329,0.0,0.0,0.0,,
27.390517000000017,-7.825228537854297,-2.173140906974261,-135.6298623316918,-0.029994216451936905,0.03287203541182836,0.04074484999333226,0.0,0.0,0.0,,
27.400046000000003,-7.837082646079568,-2.1786741903208884,-135.6446386400048,-0.027975152740703963,0.03066164707900988,0.037668341507289385,0.0,0.0,0.0,,
27.409546000000006,-7.848235207782629,-2.1698956870864583,-135.6143724733664,-0.0011639707081992751,0.055240007645860324,0.00412524313271585,0.0,0.0,0.0,,
27.419078999999982,-7.850546992144647,-2.1327141519136745,-135.54065723408135,0.019358616158845186,0.06071542467270443,0.0276131605000469,0.0,0.0,0.0,,
27.428573999999998,-7.831962733043838,-2.0584964357859157,-135.4374500565498,0.03540260483310655,0.06484922079891303,0.036997168364040565,0.0,0.0,0.0,,
27.43808500000003,-7.792536744761923,-1.9471191777358046,-135.3255276732186,0.06042060958322336,0.05248766886322306,0.0349808399703455,0.0,0.0,0.0,,
27.44760099999999,-7.742441449652922,-1.8155089870542465,-135.22515464915793,0.05949546822920253,0.05263709460427922,0.030880329142577417,0.0,0.0,0.0,,
27.457104999999984,-7.686572836684057,-1.6835021175992053,-135.1525212297877,0.052961230168339146,0.04562658153549013,0.035018705162668744,0.0,0.0,0.0,,
27.466613000000024,-7.6436265946709865,-1.5644425253609386,-135.11589485443005,0.02547314342075168,0.05575433799247665,0.028802562983468706,0.0,0.0,0.0,,
27.47612799999999,-7.608368709623572,-1.471938080093953,-135.1112886538573,0.014947359008258946,0.05235957082224418,0.033124333442111104,0.0,0.0,0.0,,
27.48564300000001,-7.585499114097945,-1.4096951126699333,-135.127046341015,0.004663521542805518,0.052219118335544115,0.03618878624401049,0.0,0.0,0.0,,
27.495141000000018,-7.575805495060488,-1.3620556087416198,-135.14901703608663,0.0009771739964417672,0.059853048594817916,0.034466207355811275,0.0,0.0,0.0,,
27.504663000000022,-7.57024384487514,-1.3122244702863977,-135.1612270477619,0.01009904663110995,0.07050758346995174,0.033803291485013764,0.0,0.0,0.0,,
27.514174999999994,-7.574085483950431,-1.26083612195866,-135.15515799681373,0.013785163948425936,0.08222907329203193,0.004969896187756909,0.0,0.0,0.0,,
27.523696,-7.576256592084551,-1.1952823184176185,-135.12977057731894,0.02948484291075401,0.08680820766033098,0.03578653975064058,0.0,0.0,0.0,,
27.533202999999986,-7.577832287718584,-1.114374269310509,-135.0919472457004,0.038061652667270414,0.08986083496252323,0.03371486249278642,0.0,0.0,0.0,,
27.552205999999984,-7.5649615993954,-0.9499787112813965,-135.0121198743231,0.0385413753162549,0.07607221227427333,0.031202558601137523,0.0,0.0,0.0,,
27.561737000000022,-7.550923142129617,-0.8816314373529317,-134.98741061510236,0.033116398815791974,0.06489341947547568,0.030876311275803123,0.0,0.0,0.0,,
27.57123900000002,-7.535113983344749,-0.8375235353021682,-134.97779448908554,0.02294186045878456,0.05352964682527167,0.02852299643904037,0.0,0.0,0.0,,
27.58075599999998,-7.516973805477452,-0.8196735590363037,-134.98328893727776,0.014162489094036316,0.04463081015236386,0.029884869866355877,0.0,0.0,0.0,,
27.59026300000002,-7.497260623229412,-0.8211479339394595,-134.99949973792476,0.00838608028819911,0.04472863161377502,0.0028439605009433276,0.0,0.0,0.0,,
27.59977699999999,-7.474894949655834,-0.8336651915827544,-135.02319768164543,0.012095212305767116,0.04600509493657452,0.02812447065195143,0.0,0.0,0.0,,
27.609274999999997,-7.4565929977425,-0.8497303345595716,-135.04916465339792,0.01523094254625674,0.055385037377755394,0.028516725167179013,0.0,0.0,0.0,,
27.618797999999998,-7.440591050612088,-0.8577340141604964,-135.0743929462054,0.022169788650223593,0.0663644897559851,0.0328388036265663,0.0,0.0,0.0,,
27.628296000000006,-7.425377622696395,-0.8514765615658877,-135.09742633102886,0.02838428020422561,0.07458878705477219,0.0367764784550267,0.0,0.0,0.0,,
27.63781000000003,-7.415108521556605,-0.8289788633211734,-135.11833169841023,0.030419119251561478,0.08132396148636976,0.0368711391542186,0.0,0.0,0.0,,
27.647324999999995,-7.409094924430781,-0.7972496451070227,-135.1373311926776,0.028736422101749832,0.08086520966280374,0.03850202148745025,0.0,0.0,0.0,,
27.656834000000032,-7.405298743818738,-0.7623366960153685,-135.15369562342136,0.02474132598588779,0.07537055487039467,0.039711700828930246,0.0,0.0,0.0,,
27.666348999999997,-7.4078854106958465,-0.733116921292301,-135.16680809492422,0.016804445557345282,0.0676398770527978,0.03473972834472615,0.0,0.0,0.0,,
27.675848000000002,-7.412333610730771,-0.7145818632152384,-135.17542271929025,0.010306244206103744,0.05805730288163118,0.030439379878077648,0.0,0.0,0.0,,
27.68536900000001,-7.419882239145541,-0.7071371870020673,-135.18014961964965,0.0035184937158414613,0.05524271979123552,0.004269050889616582,0.0,0.0,0.0,,
27.694872000000004,-7.4236160496432335,-0.7121089000920879,-135.18355235049515,0.007682440959605694,0.04925256455511135,0.0324633528347573,0.0,0.0,0.0,,
27.704380999999984,-7.423745978841307,-0.7257617837443473,-135.18946978834188,0.011641390612553548,0.049484650004935564,0.03552316065105124,0.0,0.0,0.0,,
27.713893000000013,-7.421672819109004,-0.7403453318935789,-135.20053680272096,0.01992923273795769,0.055649702969217694,0.031742642302563934,0.0,0.0,0.0,,
27.72341800000001,-7.415940016963357,-0.7507248061221662,-135.21829164419356,0.0273575019739888,0.06086043624555713,0.028944006206056642,0.0,0.0,0.0,,
27.732918000000012,-7.410187295080854,-0.7535751908515208,-135.241494202521,0.03158799656539758,0.06611587954142452,0.033122102419059954,0.0,0.0,0.0,,
27.74243800000002,-7.404118933048404,-0.745575142987753,-135.26702386845662,0.03218591438235907,0.06987113602251603,0.03533793782294471,0.0,0.0,0.0,,
27.751949999999994,-7.396891919657167,-0.7283572486267734,-135.29061105778558,0.029699355432378616,0.07026253036545307,0.03758979647136565,0.0,0.0,0.0,,
27.761448,-7.390255668487281,-0.703449581543662,-135.30911374883047,0.02410633998818857,0.0685736889271507,0.030635039467514197,0.0,0.0,0.0,,
27.770959000000033,-7.383428273040772,-0.679387904065504,-135.31966216171594,0.019563459109396893,0.06460913080007077,0.03248156926738988,0.0,0.0,0.0,,
27.780477999999988,-7.3828112815518026,-0.6668426348152128,-135.3219036731214,0.010309877997012638,0.06079626950424523,0.031859618278472626,0.0,0.0,0.0,,
27.78999300000001,-7.384548432832025,-0.6628491349794068,-135.31694874734487,0.006959030877316274,0.05782876817436342,0.031704566554601535,0.0,0.0,0.0,,
27.799498999999997,-7.3883400155298355,-0.6672141789234642,-135.31020166896025,0.006571941298808566,0.05830283410152321,0.030314447404262666,0.0,0.0,0.0,,
27.80900299999999,-7.38785810292024,-0.6776648685064466,-135.30856012532493,0.013750217665788595,0.06003508451432958,0.03318174130650153,0.0,0.0,0.0,,
27.818521000000004,-7.386823382442454,-0.6918123715148501,-135.32223337118853,0.019495068502017838,0.06428770950932021,0.03147724110719803,0.0,0.0,0.0,,
27.828024,-7.387676085280466,-0.7041474125150384,-135.35650671234845,0.025111039544447388,0.07009038457583357,0.033367481749267784,0.0,0.0,0.0,,
27.83753900000002,-7.3864258624743675,-0.7150256766927362,-135.40871942768342,0.029006043293166157,0.07070462599209958,0.037453152548198115,0.0,0.0,0.0,,
27.847054999999983,-7.390763335106823,-0.7200304816561399,-135.47122407944485,0.02564239553726952,0.07222535255058155,0.03818026618223742,0.0,0.0,0.0,,
27.85656400000002,-7.394388323820488,-0.7194758640556495,-135.5306240363209,0.020131906297901018,0.06798786946806408,0.030768411721477498,0.0,0.0,0.0,,
27.866064000000023,-7.393964609177975,-0.713267442662142,-135.5749040760897,0.016148504547240396,0.0629099022173214,0.03321045444740595,0.0,0.0,0.0,,
27.875583000000034,-7.39270740525545,-0.70595244397938,-135.59602725511,0.011631979345981404,0.05859019374148127,0.030841156263310226,0.0,0.0,0.0,,
27.88509400000001,-7.383642364762038,-0.6997514151368001,-135.59276253779748,0.009733082647398982,0.05476708270102302,0.02970149886153397,0.0,0.0,0.0,,
27.894599,-7.369690734905677,-0.6986958927540448,-135.5709322771128,0.007120272687720219,0.0548466430045289,0.0038912545340763407,0.0,0.0,0.0,,
27.904106999999982,-7.351279167319704,-0.6983915934407701,-135.54235407967937,0.014475687352106583,0.05476898119535544,0.03159393905728159,0.0,0.0,0.0,,
27.91362699999999,-7.329652718835893,-0.6977791978173153,-135.51992035068045,0.020068108389738538,0.05650587807503434,0.040225583828360695,0.0,0.0,0.0,,
27.92313199999998,-7.308924096294182,-0.6945194816622199,-135.51565292566238,0.025800075332658517,0.06105106528637913,0.04145819003462572,0.0,0.0,0.0,,
27.932648999999998,-7.291482917591507,-0.6890028906120942,-135.53589838275647,0.027727333299691716,0.06474537574603118,0.033662084051377515,0.0,0.0,0.0,,
27.951667000000015,-7.269212233975439,-0.6814284368748766,-135.6362026820945,0.02011385105045296,0.06540946982323591,0.03294525432886431,0.0,0.0,0.0,,
27.96117000000001,-7.260820132281009,-0.676128961720249,-135.69231996543738,0.012080695505256363,0.062353113978189795,0.03198684719302486,0.0,0.0,0.0,,
27.970676999999995,-7.2585873701249675,-0.6653535422699163,-135.73110233895414,0.003573353718072762,0.0623451426157467,0.004833747397352497,0.0,0.0,0.0,,
27.980203999999986,-7.257067629268541,-0.6505112568777949,-135.74054465227354,0.005445678908790032,0.058107747475638225,0.03524175193049771,0.0,0.0,0.0,,
27.989701999999994,-7.25642268484871,-0.6281993934776433,-135.71908790705302,0.009197637444252935,0.05824686243729315,0.03785082561227492,0.0,0.0,0.0,,
27.999213000000026,-7.253696598397064,-0.5971687416218744,-135.67628895599228,0.015938637291487232,0.06158413083776439,0.03158387790267888,0.0,0.0,0.0,,
28.008734000000032,-7.244090981285891,-0.5633539895005883,-135.6285464933676,0.024222945935848107,0.06103810633558576,0.039344944015233176,0.0,0.0,0.0,,
28.01824400000001,-7.235986582772314,-0.5255464224889537,-135.59117255288905,0.02631393540535044,0.06053931309990741,0.028040294358477547,0.0,0.0,0.0,,
28.027762000000024,-7.223708349774456,-0.47728701206625723,-135.57689281400764,0.030559122478391716,0.061736222910687776,0.04078430811808332,0.0,0.0,0.0,,
28.037262000000027,-7.209880814805106,-0.4307142024264904,-135.58855875655073,0.024786604856422943,0.059042804818282335,0.002697531813630229,0.0,0.0,0.0,,
28.046779999999984,-7.199479740970232,-0.38803479246670747,-135.62135900433773,0.021199685317904417,0.05537278338049548,0.03794513097139666,0.0,0.0,0.0,,
28.05629400000001,-7.192471564222421,-0.3502874047431331,-135.664979668472,0.014698695807609114,0.054020575805843726,0.029840001324246728,0.0,0.0,0.0,,
28.065799,-7.189771883500734,-0.31679994325050925,-135.70563481626706,0.01298195620490309,0.05399531923993236,0.04206847682948317,0.0,0.0,0.0,,
28.075304999999986,-7.192225917008285,-0.28666134730725223,-135.7352343373401,0.01042040957627392,0.05509440271167304,0.032839056192480835,0.0,0.0,0.0,,
28.084823999999998,-7.198301302466943,-0.2461027411099952,-135.75181156584136,0.013640362562425186,0.06106775308924789,0.004097822263294648,0.0,0.0,0.0,,
28.094324,-7.211736707503986,-0.19295703537982556,-135.760096837231,0.023293384989598938,0.06428835434162498,0.02941218827586203,0.0,0.0,0.0,,
28.103833999999978,-7.227868160307963,-0.13665728731012797,-135.76865043501505,0.031106571541184385,0.06641324836554191,0.04449609505581802,0.0,0.0,0.0,,
28.11335699999998,-7.2459820329344025,-0.07023958225989448,-135.78666585007028,0.036455265364912365,0.06723960032437117,0.045205803180381775,0.0,0.0,0.0,,
28.12285399999999,-7.271368998099478,0.00432707960293688,-135.8200603373599,0.03737779852427427,0.06926046325829817,0.029243071556627705,0.0,0.0,0.0,,
28.132367000000016,-7.299191490349945,0.07371775911369842,-135.8684400404113,0.030254687535597433,0.06752975907898547,0.0035983778561693848,0.0,0.0,0.0,,
28.151397000000003,-7.361237205958332,0.18591491612087405,-135.98749741594517,0.01623949016231855,0.054210969633658145,0.03484945914036817,0.0,0.0,0.0,,
28.16090299999999,-7.393855235221047,0.22768606027106356,-136.0410056324389,0.008998224062014677,0.05009213927038318,0.04063462699404908,0.0,0.0,0.0,,
28.170402999999993,-7.42868202924042,0.2608831141700504,-136.07943710001877,0.002340487316226102,0.04882446669005492,0.03359418056400842,0.0,0.0,0.0,,
28.179925999999995,-7.466213131440969,0.29346171671020005,-136.09749348242516,-4.124788519243863e-05,0.0531397693518521,0.005210182574680113,0.0,0.0,0.0,,
28.18943600000003,-7.5066164256445616,0.33505121159752627,-136.0957423748508,0.010110695466734168,0.05854369513206831,0.033178759869988236,0.0,0.0,0.0,,
28.198949,-7.547629373061171,0.3848199946181311,-136.07798740379508,0.016461305585129666,0.06252115775311058,0.041314738296782456,0.0,0.0,0.0,,
28.21796900000001,-7.630796082918794,0.5355562234851136,-136.03566950845988,0.0303484434214964,0.07520902572106021,0.005122344196080739,0.0,0.0,0.0,,
28.227469000000013,-7.673022032443123,0.6300412227452902,-136.03106482979751,0.0347584074093606,0.07274068134330619,0.03210885430296665,0.0,0.0,0.0,,
28.23699000000002,-7.7154066238595265,0.7294793288398592,-136.04542075519075,0.032242415900221845,0.06778339440718857,0.03626012113838172,0.0,0.0,0.0,,
28.24650699999998,-7.759567785520018,0.8259667362331339,-136.0775274996995,0.025077350549651326,0.0628481029125834,0.03783662463828845,0.0,0.0,0.0,,
28.256017000000014,-7.805776555248026,0.9095465528973952,-136.12161768306714,0.015424716602249772,0.057435487336983684,0.03436381106517422,0.0,0.0,0.0,,
28.265528999999987,-7.853910180967891,0.9817352670576637,-136.1694129568978,0.006624756053013102,0.05560255354464997,0.005642612640270641,0.0,0.0,0.0,,
28.275024000000002,-7.902472613430288,1.0438024392739067,-136.21234318680914,0.0032043227030479258,0.05480744280718003,0.0059182092563168955,0.0,0.0,0.0,,
28.284547000000003,-7.947426306049323,1.1025041889064264,-136.2436554781926,0.008045464507497043,0.05384800422727659,0.03450138500764208,0.0,0.0,0.0,,
28.29405399999999,-7.99066104043497,1.1633761035306702,-136.26223186582,0.012602123848380298,0.059033643914500084,0.03887150078050911,0.0,0.0,0.0,,
28.303562000000028,-8.02739224910854,1.2380486878272383,-136.27111074550407,0.021568723883018042,0.06442485792707028,0.03503350394013632,0.0,0.0,0.0,,
28.31307799999999,-8.06424988720852,1.327369620163954,-136.27526743467718,0.025789522909904175,0.07452196318918229,0.006731511861481729,0.0,0.0,0.0,,
28.322577999999993,-8.098930777944128,1.428907334634113,-136.2808823103501,0.02984672394273548,0.07311697508151893,0.0329583842171554,0.0,0.0,0.0,,
28.332098000000002,-8.12922547101842,1.5411310052924876,-136.29335745762486,0.03225236799557084,0.07139472884592002,0.03753295030144283,0.0,0.0,0.0,,
28.34160799999998,-8.161028274190356,1.654980699927271,-136.31396986208063,0.026053723070589684,0.06788872261426589,0.036654989676592364,0.0,0.0,0.0,,
28.35112000000001,-8.193774293349145,1.760121988220605,-136.34104260995028,0.017591340695224455,0.062203365249479385,0.03219359880859166,0.0,0.0,0.0,,
28.360625,-8.22930680664221,1.855334562292546,-136.37017358508118,0.008101426168252884,0.06097045062062053,0.0071296298698444865,0.0,0.0,0.0,,
28.37014000000002,-8.26448007274407,1.9409151225951655,-136.3967457480469,0.004815339077042276,0.05731854000976554,0.00700742316845636,0.0,0.0,0.0,,
28.379649,-8.29831718435394,2.017718695793885,-136.41686216020176,0.006206387106161529,0.0536712027062526,0.032684535770607565,0.0,0.0,0.0,,
28.389164000000022,-8.329344044781989,2.0934581336515343,-136.42927597639462,0.01058138655850844,0.057228955263915436,0.0354987367284727,0.0,0.0,0.0,,
28.39867000000001,-8.35630886377527,2.17686794364902,-136.43461569516313,0.016681106090754863,0.06541832303683541,0.007451043543125611,0.0,0.0,0.0,,
28.40819000000002,-8.379613075330724,2.273376264055661,-136.4363495863339,0.024028783271993013,0.07186511887391334,0.007892882814487039,0.0,0.0,0.0,,
28.417700999999994,-8.39888135388375,2.380658626898631,-136.438280968928,0.030277115920876004,0.07062637581870858,0.03286804877318899,0.0,0.0,0.0,,
28.427212000000026,-8.412876039818501,2.4995710787154897,-136.44448781537793,0.03235239075873711,0.07002323735665043,0.03736655375041362,0.0,0.0,0.0,,
28.436718000000013,-8.42327714981802,2.623571325362984,-136.45773750987038,0.028289778583371245,0.06711388786399446,0.038026724396018584,0.0,0.0,0.0,,
28.446229999999986,-8.432909019376405,2.7463043231574837,-136.47741379252872,0.021971667975029457,0.06377700075916551,0.03357213075117552,0.0,0.0,0.0,,
28.455726,-8.44250908172276,2.864469898684032,-136.50051412992528,0.013466340834932066,0.06300514391453109,0.008073175663777755,0.0,0.0,0.0,,
28.465249,-8.451616649017163,2.9737377965094813,-136.52413447497074,0.008011649164138707,0.05960279216340871,0.00804753759404183,0.0,0.0,0.0,,
28.47475799999998,-8.458588866427963,3.075549994043877,-136.54431044606795,0.006651140914503743,0.05880997868303898,0.008109228909449923,0.0,0.0,0.0,,
28.484259999999978,-8.463516954801374,3.170163014663903,-136.55934721640972,0.00856690911939353,0.0561902457684179,0.034243791219382744,0.0,0.0,0.0,,
28.49377899999999,-8.466819577290877,3.268566767712767,-136.56976589713935,0.014331350178400502,0.06070556077526589,0.034005665259366616,0.0,0.0,0.0,,
28.50328399999998,-8.46843615898186,3.3740370546459695,-136.57792673974794,0.01938487575772423,0.06932153252021102,0.009161349083198673,0.0,0.0,0.0,,
28.512790000000024,-8.46805254838803,3.490954043290497,-136.5866637014723,0.02543835008685394,0.07307588119777376,0.009501150829542471,0.0,0.0,0.0,,
28.522310000000033,-8.465971296550313,3.6184144064860053,-136.59869328549217,0.0288446051128309,0.07084656795156613,0.036659128906169916,0.0,0.0,0.0,,
28.531821000000008,-8.46188551358811,3.7566800362995627,-136.6143354636723,0.02940074619943439,0.07098058121901155,0.035978864389685644,0.0,0.0,0.0,,
28.541335000000032,-8.45407005148774,3.89739304545035,-136.63321038302198,0.024970277945468716,0.06999016448171144,0.00953655897798994,0.0,0.0,0.0,,
28.550840000000022,-8.443725940651824,4.0350518403403495,-136.6527553925626,0.020257566812004354,0.06545560713691714,0.009222903346300992,0.0,0.0,0.0,,
28.560355999999985,-8.433681815894083,4.165988830418962,-136.6701668427882,0.016348292657399097,0.06201195449274695,0.009003813846322737,0.0,0.0,0.0,,
28.569871000000006,-8.422686654153708,4.28541387052669,-136.68316997967096,0.013622743263634517,0.059382697952794807,0.008823115608956593,0.0,0.0,0.0,,
28.579375999999996,-8.410472196340104,4.396498098962581,-136.6912554495874,0.015400902269471651,0.06070217649638518,0.00904649366581465,0.0,0.0,0.0,,
28.588887000000028,-8.398366888409676,4.501226805175219,-136.69567937498024,0.019028143270693212,0.06376476408775202,0.009472288307532653,0.0,0.0,0.0,,
28.59839500000001,-8.385117316833911,4.605330721331603,-136.69868700686771,0.0259450050798118,0.06763403112592091,0.009904827197744947,0.0,0.0,0.0,,
28.60790799999998,-8.372983689216909,4.711921978719699,-136.70382363796077,0.03150377377439502,0.06838245241930402,0.035909636407023715,0.0,0.0,0.0,,
28.617418000000015,-8.35934153463615,4.821230141174768,-136.7122658399258,0.03340812233611922,0.0723250182087837,0.010619480908190227,0.0,0.0,0.0,,
28.626925999999997,-8.345199749107236,4.935981856108083,-136.72588092633652,0.031972960761317414,0.07197867850776159,0.010760758214106703,0.0,0.0,0.0,,
28.645940000000024,-8.309121570112163,5.169135122595738,-136.76163745328137,0.021238949715702334,0.06605464004790065,0.010416316061026535,0.0,0.0,0.0,,
28.65545499999999,-8.28777034766401,5.277942501227733,-136.78005288766462,0.01486006334387204,0.06189394908116896,0.010025318379703609,0.0,0.0,0.0,,
28.664975999999996,-8.264654254055095,5.379691780947477,-136.79686929904787,0.011194995962469896,0.059998967340851424,0.009899132947184355,0.0,0.0,0.0,,
28.674476999999996,-8.241265477543976,5.474508474993362,-136.81039740757288,0.01254237476129687,0.06182723309325925,0.010241791376706538,0.0,0.0,0.0,,
28.683988000000028,-8.219382192756646,5.560055672117705,-136.82221404134418,0.014537987381458908,0.06356430408753273,0.010549654497046323,0.0,0.0,0.0,,
28.693502999999993,-8.19891120549431,5.643581046269792,-136.83378901039285,0.02128297045731305,0.06707248607980908,0.01104324089801713,0.0,0.0,0.0,,
28.70302000000001,-8.182128923514,5.730538970917481,-136.84716744617327,0.028263465994228975,0.07269544227402784,0.011928900398469364,0.0,0.0,0.0,,
28.71253299999998,-8.16847151142338,5.818406337441897,-136.86366318904322,0.03050092015257724,0.0741210177249915,0.012227387726887464,0.0,0.0,0.0,,
28.722032999999982,-8.156055227807757,5.911984543604286,-136.88157837664227,0.03173605819640829,0.07145501314725926,0.038532742289353876,0.0,0.0,0.0,,
28.731550999999996,-8.141733191757421,6.009428518739904,-136.8984153875558,0.02979845916472195,0.07111793952150249,0.011946760814074727,0.0,0.0,0.0,,
28.741062000000028,-8.12451247754747,6.107228039270424,-136.91133661287043,0.02635874257900466,0.06699315732859554,0.011395408505311344,0.0,0.0,0.0,,
28.750556999999986,-8.102442085022195,6.1981678571254974,-136.9180275556747,0.01943764051353038,0.06105902455074511,0.010556163854226927,0.0,0.0,0.0,,
28.760089000000022,-8.074310909861671,6.2850263702435,-136.91936662287077,0.01670701990753653,0.05787024896439119,0.010101233743473909,0.0,0.0,0.0,,
28.769584999999978,-8.0412367768888,6.363403885059971,-136.91818182074547,0.01666406851345716,0.056649158753798105,0.00993604994799243,0.0,0.0,0.0,,
28.779100999999997,-8.006866004359178,6.433668397136755,-136.91941848360918,0.01574353739226584,0.057939898712221174,0.01022746390923377,0.0,0.0,0.0,,
28.788618000000014,-7.9725724475086555,6.504757360258813,-136.92739767107798,0.01975066789341182,0.0628357067763897,0.011106736321807108,0.0,0.0,0.0,,
28.798124,-7.939681722892248,6.575824307442135,-136.9441244354333,0.02393024851292207,0.06250994834190617,0.03973455611761177,0.0,0.0,0.0,,
28.807639000000023,-7.910578115511167,6.649580958696032,-136.96998083273294,0.02759790805888701,0.06689426041608665,0.04088881010955029,0.0,0.0,0.0,,
28.817149,-7.887499858103425,6.728385434753063,-137.00236190660738,0.02873564942878203,0.07450482910182728,0.013341573667418569,0.0,0.0,0.0,,
28.826666000000017,-7.869785264441883,6.810663435996975,-137.0366503372942,0.028716906710904173,0.07388294435576712,0.01332558516081128,0.0,0.0,0.0,,
28.83617000000001,-7.857399194957443,6.89061965071884,-137.06739106005728,0.02838237697205957,0.07119828945734008,0.012930712209331795,0.0,0.0,0.0,,
28.845680999999985,-7.851341589911691,6.961314213206457,-137.08961290408152,0.027491146084717664,0.06687169499233428,0.012221449340786533,0.0,0.0,0.0,,
28.855193000000014,-7.849704294813921,7.0174203950996885,-137.09955587541455,0.028234802013875474,0.0636477555192896,0.011685813105100036,0.0,0.0,0.0,,
28.864700999999997,-7.849676279913337,7.061828933466409,-137.09763189422839,0.04559813427462508,0.04237591335093716,0.007711381988378968,0.0,0.0,0.0,,
28.87421500000002,-7.848984963618782,7.096095975165414,-137.0859773523618,0.048346679870986176,0.04494856234092837,0.008217841258611006,0.0,0.0,0.0,,
28.88371700000002,-7.843948224301961,7.119683955381944,-137.07140607536044,0.050872371008552346,0.04732085788338399,0.008678245113809388,0.0,0.0,0.0,,
28.89322999999999,-7.837799932090753,7.136557627713457,-137.06196924421695,0.05366358891900626,0.04993370338744894,0.009177722901156316,0.0,0.0,0.0,,
28.902743000000015,-7.830741888724915,7.15165627316296,-137.06679110076263,0.0563120930556207,0.05238928178528238,0.009650511437726758,0.0,0.0,0.0,,
28.912255999999985,-7.8254285413183124,7.1614352540704616,-137.09003672736839,0.05745027289313848,0.0534047078599375,0.009855452122191133,0.0,0.0,0.0,,
28.921765000000022,-7.824847280969665,7.160515506391324,-137.13470898635575,0.035847633599688775,0.06997628524876491,0.013007459550903423,0.0,0.0,0.0,,
28.931277999999992,-7.83185896689848,7.150478879204714,-137.19761312260115,0.029563138188848086,0.06947949420403579,0.012925777684587617,0.0,0.0,0.0,,
28.940781999999984,-7.849701678769276,7.128486237112817,-137.27153220201726,0.020248334410639942,0.06757015186996691,0.012581473834070189,0.0,0.0,0.0,,
28.9503,-7.8732572969671235,7.090464669084794,-137.34723703601873,0.00714853518233139,0.06076244023323956,0.0399574067107814,0.0,0.0,0.0,,
28.95980799999998,-7.897036265276352,7.044574282640009,-137.4118172640256,-0.003909825396325635,0.05625962457974758,0.044059011868417715,0.0,0.0,0.0,,
28.978830999999985,-7.9385339110213025,6.976586365021323,-137.46451601329167,-0.00847275974656012,0.0624358477238586,0.011669209884960565,0.0,0.0,0.0,,
28.98833399999998,-7.946492711141401,6.953726853088779,-137.44393112820805,-0.002883692110769662,0.06378222658118099,0.011883224722130341,0.0,0.0,0.0,,
28.997844000000015,-7.9482115468195795,6.947296929156452,-137.40133798453624,0.010435978158404979,0.0628938219850027,0.04187928186964422,0.0,0.0,0.0,,
29.007372000000004,-7.9380275876251805,6.9586403166892685,-137.35457723855336,0.03031972099286308,0.06758289089383485,0.045126754886798334,0.0,0.0,0.0,,
29.01686700000002,-7.925999044487687,6.972031179634651,-137.32444244251872,0.059730215111772816,0.05507029639534595,0.009935140336632868,0.0,0.0,0.0,,
29.02638399999998,-7.91649763487171,6.99051398445789,-137.32549150906615,0.06091963075752928,0.05616485491641106,0.010159939130139385,0.0,0.0,0.0,,
29.035886000000033,-7.903907484844535,7.0121760656027705,-137.36115258920202,0.060499556969712695,0.055707946152217386,0.010115658464852744,0.0,0.0,0.0,,
29.0454,-7.894114727908448,7.018993288444466,-137.42320635639678,0.05274736386134081,0.042506139300514716,0.04020410118945454,0.0,0.0,0.0,,
29.054915000000022,-7.883934951218167,7.008748973313166,-137.49446723908022,0.04031984580965973,0.03695349497430612,0.006723850990989362,0.0,0.0,0.0,,
29.06442899999999,-7.872945001101019,6.992468404178499,-137.559282435934,0.015478611665925195,0.04812087211390296,0.008876104716226392,0.0,0.0,0.0,,
29.07394100000002,-7.863602435965992,6.967556445565477,-137.60536054406322,0.008527942065653523,0.04520644757773717,0.008339913433622965,0.0,0.0,0.0,,
29.08345,-7.848221664353921,6.9354482277236595,-137.6271207357872,0.006753649491540425,0.04685654194905669,0.008622924553955929,0.0,0.0,0.0,,
29.09296600000002,-7.8320929804661565,6.906013846348846,-137.6279803678055,0.011501688773777519,0.05351173266612054,0.009800930030892316,0.0,0.0,0.0,,
29.10246600000002,-7.8175370633443775,6.887860677213328,-137.6160465678473,0.018870684764331215,0.06450625262965144,0.011766583156705786,0.0,0.0,0.0,,
29.111974000000004,-7.805176354114948,6.8841184282829,-137.60262965474266,0.026120563239516538,0.07208324017115547,0.013114975275990776,0.0,0.0,0.0,,
29.121475000000004,-7.799968055548995,6.897928632845676,-137.59781832816174,0.032866807583909856,0.07533398773231115,0.04321252101293763,0.0,0.0,0.0,,
29.13098800000003,-7.799762629702307,6.92329677017162,-137.60916497266803,0.0349161443483786,0.07636456896229586,0.051671808862305095,0.0,0.0,0.0,,
29.140502999999995,-7.810386853681137,6.953678715431132,-137.63994873401663,0.03204582386631609,0.0799495553208949,0.014637907185562614,0.0,0.0,0.0,,
29.15002899999999,-7.828116850617164,6.979591471164111,-137.68603567399074,0.023340709243205308,0.07055968394359002,0.012978681093448626,0.0,0.0,0.0,,
29.159528999999992,-7.848608449897259,6.994812504802293,-137.738738956744,0.01700760687000391,0.06033777581400094,0.01113620842784733,0.0,0.0,0.0,,
29.169044000000014,-7.874772147458497,6.996105036146824,-137.7896221283661,0.00966328166368551,0.05366192045682491,0.009936567232154662,0.0,0.0,0.0,,
29.17855399999999,-7.8945859363254955,6.981532563422605,-137.83012922183195,0.009851712256224398,0.04713331161981649,0.008725203211030761,0.0,0.0,0.0,,
29.188067000000018,-7.910442588614181,6.95719366775399,-137.8575935013481,0.030439734862870164,0.027545361797328683,0.00500950760834238,0.0,0.0,0.0,,
29.19757899999999,-7.922295111551946,6.9336353317504615,-137.87465361839475,0.03829514691847927,0.03463310496113018,0.006279040811833744,0.0,0.0,0.0,,
29.207076999999998,-7.922362521655942,6.918587533561069,-137.88689119286798,0.04927699271868976,0.044545662725308535,0.008060408994867206,0.0,0.0,0.0,,
29.2166,-7.922880399935752,6.9138346942409665,-137.90316138418075,0.05797805739414618,0.052381384351976826,0.009474661931703297,0.0,0.0,0.0,,
29.226118000000014,-7.918325779873688,6.924364843928176,-137.92776540278388,0.04581099602428421,0.07160630261428001,0.038997351286241586,0.0,0.0,0.0,,
29.235614000000027,-7.914075067634412,6.942038639718528,-137.962382741708,0.04152380541983601,0.07336216299264477,0.04088361867234806,0.0,0.0,0.0,,
29.25464100000002,-7.926318146103304,6.975171461155109,-138.04686725464472,0.01857932079661304,0.0689983015707828,0.012789262992302774,0.0,0.0,0.0,,
29.264154999999988,-7.946346924468185,6.976037456704779,-138.0812629711517,0.0037863981610396806,0.057326131213517144,0.03997715258774128,0.0,0.0,0.0,,
29.273669000000012,-7.970412827982575,6.961343875841407,-138.10064308699526,-0.0032418253142999886,0.05481933731471584,0.010236232060778398,0.0,0.0,0.0,,
29.283176999999995,-7.99751067360355,6.930231736716172,-138.10229118859786,-0.004204391406617757,0.05202132105571001,0.009719861029327257,0.0,0.0,0.0,,
29.29266800000002,-8.026765594952122,6.893608053620522,-138.09076085618346,0.003232811834245513,0.053473672567172156,0.00995512999505007,0.0,0.0,0.0,,
29.30219200000002,-8.04821051077903,6.86061256237307,-138.0743641233384,0.019545645734425483,0.05951491030019373,0.01098044580766063,0.0,0.0,0.0,,
29.311705999999987,-8.067112083014102,6.837512132459146,-138.06447197197838,0.03420771373235007,0.06673591905763332,0.012222440600078507,0.0,0.0,0.0,,
29.321214000000026,-8.080234756257484,6.832714751707849,-138.07075822022176,0.06350511858943,0.057038414203449635,0.010227964740590255,0.0,0.0,0.0,,
29.330738000000025,-8.08793073881856,6.845802061881823,-138.09942644401758,0.0680524900845907,0.061061236861661344,0.010976614974336012,0.0,0.0,0.0,,
29.340247000000005,-8.094906164591851,6.869688477340658,-138.14948846196853,0.06508952525250333,0.058300088872022086,0.010527435338053384,0.0,0.0,0.0,,
29.349743000000018,-8.096815211610876,6.894683319366556,-138.21163839962207,0.037028840464101126,0.06403551499723732,0.03858030284083777,0.0,0.0,0.0,,
29.359256999999985,-8.099917144201903,6.91310329785694,-138.2748567592319,0.020267910387100206,0.06003737828341803,0.011168806877699475,0.0,0.0,0.0,,
29.368775999999997,-8.104240154710368,6.916162251928809,-138.32768316385767,0.004100423918048006,0.053242661514413515,0.009979039948699343,0.0,0.0,0.0,,
29.378270000000015,-8.106584825736384,6.901349553375994,-138.36022547508858,-0.005248262520840564,0.048074611931727816,0.009046748320867437,0.0,0.0,0.0,,
29.387797000000006,-8.108976147961002,6.873407277118456,-138.370733934333,-0.0061871707079522295,0.04910668189994462,0.00923237822951376,0.0,0.0,0.0,,
29.39729700000001,-8.108106075533286,6.838377959218037,-138.3643187604793,0.0018871146894793717,0.053385942396913626,0.009967852935712517,0.0,0.0,0.0,,
29.406807999999984,-8.109728384889147,6.80730891866803,-138.35099516309091,0.015069507350728798,0.06345595119242498,0.011745517575465146,0.0,0.0,0.0,,
29.416326999999995,-8.11340767806557,6.791404490941537,-138.34275498528777,0.03050798198011081,0.07355401605289442,0.013515231422568202,0.0,0.0,0.0,,
29.425826,-8.116546002348334,6.792513555153907,-138.34870047562765,0.043163042034338725,0.07599941664842554,0.04000370809885794,0.0,0.0,0.0,,
29.435343000000017,-8.12418800455207,6.81272023540487,-138.3727298103027,0.047927447670861704,0.07917415584020698,0.04513536134684029,0.0,0.0,0.0,,
29.444850000000002,-8.133345928619914,6.84447808525054,-138.41196960698886,0.04418852910819497,0.080623423220543,0.01484836254279375,0.0,0.0,0.0,,
29.454354999999993,-8.143572930541035,6.879894187252841,-138.45871591128216,0.03324030427779903,0.07125498389426234,0.01321323896516766,0.0,0.0,0.0,,
29.463867000000022,-8.152493056524175,6.906847089682793,-138.50241321953786,0.01926958968852352,0.05895222762361379,0.011009095085509386,0.0,0.0,0.0,,
29.473382999999984,-8.1544019626389,6.921499731162608,-138.53374511292452,0.008276223746766252,0.04980557320445469,0.009352482478517565,0.0,0.0,0.0,,
29.48290799999998,-8.147726799907828,6.916672770950346,-138.54870237137135,0.0018998325550320674,0.04076543741513367,0.007671578439533664,0.0,0.0,0.0,,
29.492403999999993,-8.135004367829024,6.898292794930314,-138.5493867895366,0.002541668023752682,0.041614109697413325,0.0078120697823728415,0.0,0.0,0.0,,
29.501925,-8.112213864786609,6.873647827781301,-138.5424723514479,0.01205590964690602,0.047632014612693056,0.008869846676524525,0.0,0.0,0.0,,
29.511426,-8.085557637626966,6.850591233278496,-138.53793434148815,0.02472223444969019,0.058780613915298006,0.010862263691637166,0.0,0.0,0.0,,
29.52094600000001,-8.061128597568528,6.838539657754562,-138.5461295852446,0.036631121711137964,0.07048471311320746,0.012964792118322119,0.0,0.0,0.0,,
29.530451999999997,-8.040734192362823,6.846694134551578,-138.57222850407967,0.04655042404914194,0.0769593574690462,0.04115888767631308,0.0,0.0,0.0,,
29.53995599999999,-8.029774787252881,6.869301771996162,-138.61607907452472,0.04609310874262108,0.08156006986797694,0.042074490320400795,0.0,0.0,0.0,,
29.549475,-8.027714790293778,6.900644257818285,-138.67079744383759,0.03855844476062329,0.0830439680574725,0.015382984336444697,0.0,0.0,0.0,,
29.558989000000025,-8.032014772431372,6.936204425880058,-138.72515561024767,0.026738171019900656,0.07537236035632221,0.014038476919325176,0.0,0.0,0.0,,
29.568495000000013,-8.040536279995546,6.965646073650114,-138.7668732260525,0.011273438286386498,0.06574487209968122,0.012309001306631196,0.0,0.0,0.0,,
29.57800499999999,-8.045617384277906,6.977916058877022,-138.78427311091687,-0.0009155417861832144,0.053652129679742304,0.01007578604341183,0.0,0.0,0.0,,
29.587502,-8.044495463678782,6.976091701095489,-138.77485325076793,-0.005340505718201629,0.04595260008767922,0.008636376147857174,0.0,0.0,0.0,,
29.597017000000022,-8.034970491458102,6.964754947131911,-138.74206940780135,-0.00033994704024397065,0.04575032153219333,0.008577324414234255,0.0,0.0,0.0,,
29.606526000000002,-8.014999448771531,6.9507992079022864,-138.69668584208662,0.013105900042409803,0.05000351375514415,0.009325362988687105,0.0,0.0,0.0,,
29.616045000000014,-7.988396615145951,6.94135689014782,-138.65577256408807,0.047027804590393456,0.04137929838140145,0.007626242045114467,0.0,0.0,0.0,,
29.62555599999999,-7.959366755818375,6.944299200809017,-138.63662384372924,0.060427898239587524,0.053205749280894325,0.009806340931967196,0.0,0.0,0.0,,
29.635087000000027,-7.929946272344984,6.962878041957483,-138.6517543412018,0.07110898147928466,0.06257693529770346,0.011568174747215169,0.0,0.0,0.0,,
29.644575000000003,-7.908858678353405,6.994358350764907,-138.70576769975438,0.07349052963236781,0.059819740136495,0.03739172420793864,0.0,0.0,0.0,,
29.65409600000001,-7.896254746736686,7.029146497367764,-138.791280695848,0.06600172822704985,0.05258334919388652,0.0388929387031877,0.0,0.0,0.0,,
29.66360499999999,-7.896015575621108,7.059813627102633,-138.89237372938285,0.03443498219393941,0.06185920323958846,0.040218155200186144,0.0,0.0,0.0,,
29.673108999999982,-7.90582594285042,7.078172332042306,-138.98745543601092,0.015135660362612527,0.05232083814073597,0.03527265106849143,0.0,0.0,0.0,,
29.682625,-7.920322792447617,7.079768722277849,-139.0582379600425,-0.0002178617435992536,0.047635164544668256,0.008920856560986823,0.0,0.0,0.0,,
29.692128999999994,-7.933867998996098,7.067093349951822,-139.09094167245897,-0.0059823172700316325,0.043904581786193574,0.008213674801667434,0.0,0.0,0.0,,
29.701632999999987,-7.941146085705346,7.043547088199576,-139.08505376570972,-0.0035781758248708143,0.045817800218392706,0.008569454597040832,0.0,0.0,0.0,,
29.711152,-7.938743348992184,7.020369169276105,-139.05083741821497,0.012806086502920835,0.05242295593657901,0.009806024051203628,0.0,0.0,0.0,,
29.720669000000015,-7.932952968984234,6.999948640003135,-139.00777381849727,0.031729405574876086,0.06519309371818893,0.012177712930967503,0.0,0.0,0.0,,
29.730176,-7.931072196057314,6.9829110257524905,-138.97631669974191,0.04393765970130118,0.07557864149745404,0.01409130721437149,0.0,0.0,0.0,,
29.739677999999998,-7.933564459326667,6.984060353967003,-138.9704341107281,0.05106180635145832,0.0768668274635058,0.04139048658861501,0.0,0.0,0.0,,
29.749201999999997,-7.943766436680946,7.011598209401054,-138.99550778674998,0.05037845411780494,0.07965112059067903,0.04477903978842671,0.0,0.0,0.0,,
29.75871200000003,-7.957623056814453,7.047713913887012,-139.04508904792775,0.0422650965358653,0.07173701678420744,0.04769540806597703,0.0,0.0,0.0,,
29.76822200000001,-7.979477191297697,7.082333321909823,-139.11123620427463,0.025776958267774295,0.06685244300441504,0.01261356526141464,0.0,0.0,0.0,,
29.77773700000003,-8.004843430187167,7.106350035488312,-139.18014667268778,0.011319576662287882,0.055936221072840527,0.01057674519774809,0.0,0.0,0.0,,
29.787237000000033,-8.028271008739276,7.10822226688245,-139.23809158663286,0.0031576714337024953,0.04799398278566,0.009079845497191052,0.0,0.0,0.0,,
29.796751999999998,-8.046030668344846,7.085115219326143,-139.27662480914924,0.0011753745423919734,0.04648611713018419,0.008789513659666777,0.0,0.0,0.0,,
29.806254999999993,-8.056499471419736,7.045997589134655,-139.29412181107764,0.00988524919264817,0.05084736934061713,0.009603005223884511,0.0,0.0,0.0,,
29.815776999999997,-8.059710032444677,7.00669643993946,-139.29710084798387,0.02428802032134372,0.06155325122322528,0.011594168819085747,0.0,0.0,0.0,,
29.825277999999997,-8.052008554635474,6.972769592546948,-139.29683167962708,0.04101993769164944,0.0687772996878889,0.012907285636726735,0.0,0.0,0.0,,
29.834795000000014,-8.044110293068115,6.955065552807857,-139.30672345028412,0.052887062401445924,0.07849842503351713,0.014699664268013373,0.0,0.0,0.0,,
29.84429400000002,-8.040965223730941,6.951298786019015,-139.33626155834935,0.055998048168460594,0.08277055774740494,0.015497067391983414,0.0,0.0,0.0,,
29.853815000000026,-8.047384585849551,6.951986709428411,-139.38600629678794,0.04942394065485105,0.07815196038504856,0.014645463222667833,0.0,0.0,0.0,,
29.863320000000016,-8.06790570954388,6.951073454492329,-139.44944165101305,0.034011452921880424,0.07041613468343894,0.013214877733280964,0.0,0.0,0.0,,
29.872829999999993,-8.092340322931111,6.938394118990541,-139.51390525786778,0.01715330870355582,0.054246498824034414,0.037296049412566326,0.0,0.0,0.0,,
29.882342000000023,-8.120480964991408,6.907172074909474,-139.56625815139444,6.0844044187012104e-05,0.045945287382445056,0.0357481265892354,0.0,0.0,0.0,,
29.89185599999999,-8.144852176976253,6.862164765779069,-139.5964668484295,-0.025940154155398763,0.029440723511601083,0.005574741847064623,0.0,0.0,0.0,,
29.901367000000022,-8.158327171852468,6.81131324692314,-139.6015592284458,-0.023856703457198723,0.02708629835065612,0.005137232401727522,0.0,0.0,0.0,,
29.910890000000023,-8.163834368926883,6.761629783941749,-139.58732654865466,0.0039060453451638818,0.0499477501156468,0.009319865985990517,0.0,0.0,0.0,,
29.920384999999982,-8.160066088457285,6.721642870885497,-139.56503179729435,0.017069431044438112,0.05839607410221011,0.010814033371986621,0.0,0.0,0.0,,
29.92990499999999,-8.151330807885083,6.701351553760927,-139.55002001497897,0.03187009213439781,0.06741170243535913,0.012404641142308468,0.0,0.0,0.0,,
29.93940699999999,-8.139117874954099,6.701467665183241,-139.55361112708906,0.04160733277094088,0.0724892755040922,0.01330298573737766,0.0,0.0,0.0,,
29.948926,-8.132758348148496,6.717934350869585,-139.5816408541978,0.03980612316847505,0.07147184189992546,0.03864122158441066,0.0,0.0,0.0,,
29.958433999999983,-8.130428765362078,6.749026149569442,-139.63127011995837,0.03397603589972596,0.06924570231372287,0.04232292096862412,0.0,0.0,0.0,,
29.967938000000032,-8.132935887766054,6.781888754202832,-139.69206827072588,0.023497186314671816,0.06359310325005704,0.03844063431164202,0.0,0.0,0.0,,
29.977454999999992,-8.139748601601962,6.807613608608955,-139.74960168996589,0.01117805887138429,0.05631748227280105,0.037708252926147746,0.0,0.0,0.0,,
29.98696300000003,-8.146666563920538,6.827578869893943,-139.79092127539963,0.003552132328578842,0.05432103660812003,0.010173997820638738,0.0,0.0,0.0,,
29.996475000000004,-8.149528796720972,6.845044375526431,-139.80813351728784,0.003923149802279428,0.05234890207077167,0.009817549650929893,0.0,0.0,0.0,,
