timestamp,Roll,Pitch,Yaw,Acc X,Acc Y,Acc Z,Gyro X,Gyro Y,Gyro Z,Acc Magnitude,Gyro Magnitude
0.0,-21.17976811188347,31.838168637339393,149.5044692022223,-0.031987784175891605,-0.0032503260545820745,0.04173197916198356,0.0,0.0,0.0,,
0.009515999999962332,-21.030896017066173,31.866417710185797,149.61375771412685,-0.026737714908310922,-0.0026586233559816284,0.03494041624318306,0.0,0.0,0.0,,
0.019062999999960084,-20.852164335926233,31.878727912830445,149.79251403088955,-0.023228779936505177,-0.002274892458737051,0.03043741820178385,0.0,0.0,0.0,,
0.028575999999986834,-20.643009173638106,31.870340704784955,150.05939805578052,-0.026443853799995386,-0.0025777562507344276,0.0347872519970176,0.0,0.0,0.0,,
0.03804499999995414,-20.410551400332654,31.849800447455884,150.40178404097531,-0.02582263809239162,-0.00252808900508082,0.0341328996078859,-0.02910032740320828,0.03412612410315667,0.0400902259809888,,
0.047559999999975844,-20.181661709070163,31.834420840720842,150.77475510243139,0.025929498606106022,-0.027175781039129876,0.05769369638132866,-0.023484889760290423,0.04129145456933829,0.04653908698793924,,
0.057106999999973596,-19.98178498985203,31.812582408131497,151.1220082959872,0.06496293693090635,-0.04615068664965255,0.07836467315083954,-0.013129912848094548,0.0472024011153582,0.04441459543835957,,
0.06652499999995598,-19.85855379957803,31.657152288592705,151.3703779842333,0.08376860818812257,-0.08746347582785136,0.09474657825426958,-0.000443683173628058,0.051464872522311696,0.032755620665956046,,
0.07607600000000048,-19.801107875508016,31.452162579976704,151.4968350445721,0.10797184417098497,-0.09979775533399243,0.07189758752766318,0.013963049654645223,0.05483277383467204,0.015314004512653107,,
0.08563699999996288,-19.740496032880337,31.312739059663606,151.53257649721021,0.08748102837045325,-0.09285336262668997,0.05693431793069514,0.026553968900766074,0.05866844389912684,-0.003169683057375832,,
0.09516199999995933,-19.712739213216032,31.091641007542037,151.4832651961589,0.05187592301698683,-0.06766589899107339,0.03245419688546495,0.034478155392174095,0.06316561124903301,-0.01674215174335578,,
0.10466499999995449,-19.693638492504917,30.775960086581556,151.41150316412592,0.0,0.0,0.0,0.036668198222177095,0.07118460992656726,-0.02030191910155752,,
0.11418399999996609,-19.64648364785799,30.366250068247478,151.39319506061221,-0.02335248677012961,0.012735787355901739,-0.015584840381317373,0.03334582362289916,0.08207889264173678,-0.012409209211042008,,
0.1236849999999663,-19.551306935330555,29.894594202980457,151.4855280145352,-0.05604317176103306,0.018161687149782852,0.0017686594857982292,0.026436470788273485,0.09363826582507243,0.005003099168933278,,
0.13315899999997782,-19.392853057337735,29.400411024098762,151.71441764104986,-0.0411492897956645,0.03267458217864436,0.034411063787050514,0.018615506045013674,0.10546561494086865,0.02621902765461731,,
0.14271099999996295,-19.187946176530602,28.922440828050522,152.05814039097666,-0.02267402963962365,0.024152394338287766,0.05673425150010722,0.013326438616375108,0.11476453788215456,0.04488807275727985,,
0.1521579999999858,-18.957572532893092,28.44087381240382,152.45662944303527,0.04422683929174636,-0.01838028593484129,0.10436791301540187,0.011683049931040706,0.11836874524209572,0.05367936118632611,,
0.16166999999995824,-18.752983204400547,27.96808351009011,152.81938756846654,0.0778717836399439,-0.06827575818633029,0.1372649815986966,0.013960228237461896,0.11487384752394283,0.04929856146521231,,
0.1711349999999925,-18.605431949901856,27.513276121767074,153.0780119012122,0.10046346692824613,-0.08388473033740701,0.16459429850552842,0.020559233702470803,0.10721327481632137,0.03406717275269057,,
0.18067199999995864,-18.517796612391304,27.074351340464503,153.20113491755228,0.09596644712328514,-0.08207469024778326,0.16326516696708626,0.02817609367849063,0.09967854514449963,0.012665931848979522,,
0.1901969999999551,-18.481925317082567,26.654736910967877,153.2026513937812,0.07159918258954107,-0.06514308882835136,0.1334161203138985,0.03451402195903625,0.0921211516703186,-0.006849006929069044,,
0.199703999999997,-18.47417538894357,26.260096754695176,153.13506113679216,0.029234763613288434,-0.04153312778798377,0.10169466517403644,0.03677149522635472,0.08538093636560422,-0.01809619636583634,,
0.20922199999995428,-18.46721433141165,25.88882409245768,153.07535116710787,-0.0010622083005651798,0.0044234976368251805,0.07766313057536411,0.034849495762197105,0.08111598687809991,-0.016412862073371462,,
0.21875999999997475,-18.452557199151602,25.512227902958085,153.08456342332008,-0.018788344018927396,0.02849752695047735,0.06213514860062171,0.02842191841379825,0.0793139853904964,-0.003237351283212775,,
0.22831600000000662,-18.40191680906376,25.17032125925455,153.2013733809356,-0.018750033877182836,0.030932241106579803,0.06529077538031625,0.019837535565886258,0.07802345438189863,0.015248594005634943,,
0.237829999999974,-18.315149526472485,24.898681509111512,153.41623319103226,0.031153437530711203,-0.0018327681323196754,0.0901074713024531,0.012940896105006629,0.076295874199091,0.03185394164091784,,
0.25673000000000457,-18.144558915233326,24.390954281299063,153.8766926861335,0.12586201361914426,-0.0790137804058418,0.11903059743582198,0.011307099750797998,0.061712634899258274,0.03140689343374631,,
0.26628299999998717,-18.140556084632166,24.213116430649812,153.95120955547927,0.15198521999527284,-0.08944592599698074,0.12464088681905168,0.017046996166654376,0.04660393822278181,0.010802811621371923,,
0.275763999999981,-18.204282053321194,24.074507132381246,153.857313110549,0.14253880445958142,-0.08114365268441807,0.1065773629397218,0.0,0.0,0.0,,
0.2852659999999787,-18.314086527717016,23.955768201696603,153.60226255777548,0.1000134353806193,-0.07631154063492927,0.046225145946198476,0.030629619872802685,0.026733507544820737,-0.045827173659944535,,
0.304395999999997,-18.54237297194292,23.78307118489732,152.8365693222035,0.0,0.0,0.0,0.03231482104235291,0.02439810528822332,-0.07531429913429875,,
0.31390699999997196,-18.63203253585234,23.58979064410224,152.46789488703934,-0.048881336941400046,0.025480836186934145,-0.02407139799628184,0.02725486955689088,0.0312415507402639,-0.07021611933272608,,
0.32358399999998255,-18.679613234992576,23.367764900256027,152.19377989393087,-0.05665291703703654,0.029877555116528284,-0.027673526183805534,0.01947341583646171,0.037936755673563485,-0.05466809845424759,,
0.33293499999996357,-18.6883172976141,23.15571726164176,152.04400784537933,-0.027265252592833834,0.05433257048033416,-0.00824001133924931,0.011663643200896735,0.04454758006946658,-0.03285776731985032,,
0.34259499999996024,-18.679285201175656,22.972692115540834,152.01708283551014,0.01616240302425634,0.04330618538667434,0.01426427736476046,0.0,0.0,0.0,,
0.3519579999999678,-18.69137945884537,22.8629603994038,152.0715664034682,0.04004656341719679,0.03515132530519422,0.026266781406316664,0.0,0.0,0.0,,
0.36147499999998445,-18.73672615814573,22.826720020415966,152.15651381027973,0.0727100623905654,0.011602657045806732,0.04105374057608734,0.0,0.0,0.0,,
0.3709769999999821,-18.827720407925156,22.829124492575804,152.21226757123515,0.09838961027432075,-0.008178143053971618,0.018431740053087804,0.0,0.0,0.0,,
0.38048199999997223,-18.959839388369137,22.851330532270314,152.1833141283813,0.09853512195484189,-0.036433544141196775,0.0004345276354840031,0.0,0.0,0.0,,
0.38998999999995476,-19.125859237549253,22.862128385709422,152.03579697559493,0.09530166336901963,-0.03216064513282041,-0.009108092430227687,0.0,0.0,0.0,,
0.3994629999999688,-19.310141204889018,22.82954787925926,151.77150095622798,0.0685680857508414,-0.050287030478275235,-0.03934938929748105,0.0471241699420898,0.01987380699603001,-0.04196039591268608,,
0.40897599999999557,-19.488420589248072,22.74873163316603,151.4229439960565,0.03797727429871413,-0.04220654658840348,-0.054614354114366305,0.04907035296082939,0.02180147444946215,-0.05929391032241486,,
0.4185309999999731,-19.651220900743837,22.645840384778293,151.04446023504363,0.016919451315648558,-0.025808521943057522,-0.06543437858808422,0.045285474903569246,0.022454754305135077,-0.0664983345700955,,
0.4280430000000024,-19.780588171626587,22.537228929011356,150.70384769659245,0.023618389522764602,-0.016819328631323814,-0.06946863301908103,0.03659285394658333,0.024550177518488467,-0.06151060126565342,,
0.4375509999999849,-19.867528753045374,22.447576724738752,150.4496200756806,0.03421184238522069,0.008448094279262956,-0.06195240635472989,0.02506712644751282,0.024605458786070056,-0.04748473240419616,,
0.4470179999999573,-19.917330590116773,22.412259891368304,150.29135364718235,0.0316210903168403,0.007786199876076404,-0.05723756247431448,0.0,0.0,0.0,,
0.45657799999997906,-19.941112415581674,22.43371144059024,150.20349294760723,0.03153383431152858,0.0077199209691339804,-0.05698979554646556,0.0,0.0,0.0,,
0.46603999999996404,-19.962886483797554,22.48395742488479,150.12922310921886,0.060919609111257676,-0.011450573342199639,-0.03659132799419154,0.0,0.0,0.0,,
0.47554700000000594,-20.012692339922936,22.54150468770606,149.99731237745885,0.07515686290736656,-0.01982909214249667,-0.029540778633277632,0.0,0.0,0.0,,
0.4850659999999607,-20.11182429391508,22.578588866051277,149.75079366189104,0.08235904164865537,-0.024989935244044203,-0.024043010924299744,0.020176715954228937,0.017563243058883078,-0.04492829752551837,,
0.49461299999995845,-20.280817482682764,22.551720851008525,149.37045092315924,0.06674642036879838,-0.022904727701934427,-0.01319708213029136,0.03429282522231346,0.019452138418004656,-0.06629909369501216,,
0.5041279999999801,-20.52497485108357,22.458313207972278,148.869992722634,0.05583071197243801,0.022636152499640575,-0.00044693061742783873,0.0464148573849786,0.019566155644065098,-0.0845500179547392,,
0.5136019999999917,-20.825246049669552,22.31277041344751,148.3059459530141,0.03601421252396059,0.05570654189231011,-0.0033528230810098225,0.05350917172674337,0.01838553045928672,-0.09301850807880646,,
0.523023999999964,-21.158215830079907,22.123402250172177,147.75760037702338,0.004109804211666405,0.08520545542736645,0.013958420447607712,0.05631384378503268,0.01668389419626746,-0.08748408357381064,,
0.532669999999996,-21.485186121112353,21.926616205470644,147.29776938131914,-0.010551096326454791,0.1026171886420891,0.008329373992001971,0.05263156284709682,0.013878665732750308,-0.0703464346429556,,
0.5421269999999936,-21.774387601701317,21.765762647036823,146.97217518589846,-0.010178033622352443,0.09574670147264078,0.007897336123454269,0.044775522000161175,0.01040252279848802,-0.04640506529092801,,
0.5516450000000077,-22.011533417409797,21.65852144294387,146.78488977358242,-0.0017680559518697138,0.07067638691080974,0.009336472046553477,0.0,0.0,0.0,,
0.5611949999999979,-22.177035984630226,21.609842641716103,146.70694597606754,0.012478332893463435,0.027060813802587975,0.011168014760634233,0.0,0.0,0.0,,
0.5707079999999678,-22.29947170653153,21.625441727719313,146.67128792193196,0.021647041799802327,-0.01423498225727846,0.010271048588156173,0.0,0.0,0.0,,
0.5801739999999995,-22.39053465253922,21.67849925744157,146.61689154914336,0.036104099944534375,-0.023790998845013286,0.01718766574067747,0.0,0.0,0.0,,
0.5897259999999847,-22.460076274160922,21.72354301563241,146.49995027675206,0.014993548559208737,-0.05125490600715007,0.0009156340901303174,0.0,0.0,0.0,,
0.5992329999999697,-22.523732568814314,21.73175381241259,146.30282064052778,-0.015464973804880065,-0.03321353008605793,-0.013950185348542601,0.0,0.0,0.0,,
0.6087549999999737,-22.594570686820585,21.69332836597969,146.03736956236295,-0.037848510137992675,-0.003951368303261121,-0.02254745486897369,0.019265145050341787,0.006260227524949889,-0.05047779855857599,,
0.6182579999999689,-22.652765491714142,21.60079419250864,145.75003096602137,-0.05965877550953929,0.040620167217271096,-0.02857708810275264,0.015021867697135016,0.010056661065614805,-0.0557894926048988,,
0.627760999999964,-22.686655247819417,21.46995210934434,145.48932276093169,-0.0807249277019031,0.055502857656156555,-0.03852998336781905,0.009001753400380865,0.014475283821743559,-0.052244934817852695,,
0.637237999999968,-22.6920340440758,21.324603868467925,145.29533041750906,-0.08418377185707322,0.08516903820145139,-0.005640064281716682,0.0,0.0,0.0,,
0.6467989999999872,-22.65762767796179,21.21483944974416,145.18554104295302,-0.06899882037577638,0.08602131154212905,0.024703452941871155,0.0,0.0,0.0,,
0.65629899999999,-22.585827285251344,21.177236649671176,145.15754815467545,-0.041624764106746495,0.06817799988523889,0.0678732436740457,0.0,0.0,0.0,,
0.6657500000000027,-22.465223644650692,21.26021487153555,145.20229650906236,-0.010785367702056728,0.05188638404968711,0.09886605312131837,0.0,0.0,0.0,,
0.6752619999999752,-22.34834211346092,21.409190810013094,145.27131646013618,0.013099077419954178,0.033414754582538994,0.11909793366973492,0.0,0.0,0.0,,
0.6847740000000044,-22.25424497388035,21.636684846341566,145.33385839631876,0.02483209572708228,0.01611997653474698,0.11818618784567601,0.0,0.0,0.0,,
0.6942929999999592,-22.196811857112912,21.93595170910246,145.37215461030647,0.016789906985206035,0.008784158549530541,0.10649374553723494,0.0,0.0,0.0,,
0.7038249999999948,-22.16419172237819,22.28643035282454,145.38135220394446,-0.00854879348231003,0.001774656366401254,0.08612612555078493,-0.04143695916050847,-0.04190018899043212,-0.003333716655334341,,
0.7133779999999774,-22.129565690287638,22.656420718674,145.37217477806826,-0.032184091614741915,-0.00679643638857738,0.05419295471605928,-0.04349713983117103,-0.05051387255760745,-0.00723057569136934,,
0.72288199999997,-22.075405195104448,23.028001561902794,145.35825142047253,-0.05158469811416747,0.01278790708525886,0.02924630543892043,-0.04652080482632365,-0.05400798550224496,-0.009770378373701599,,
0.7323859999999627,-21.99027825599954,23.39289858154402,145.35337263653562,-0.07517160684997007,-0.004077950392406043,0.010015892715635206,-0.049693099215724366,-0.053601757155260346,-0.010503897694107181,,
0.7419019999999819,-21.87549787846505,23.75817158615806,145.36439037385057,-0.07413128097212122,-0.008647834893303433,0.0035143176915078457,-0.053137660882563185,-0.05049006385162315,-0.009850473824184714,,
0.751418000000001,-21.72290157560049,24.136056413139116,145.3972734334945,-0.0569590456880239,-0.021908124820757702,0.005701584083238737,-0.05725442055305701,-0.04489825924256139,-0.0087470351174419,,
0.7608769999999936,-21.540814705168525,24.523900295439418,145.45032151818657,-0.035948328875191685,-0.03539879201412239,0.020894959816234102,-0.06032398528758161,-0.03960201421796968,-0.007409795045976451,,
0.7799449999999979,-21.17177606914351,25.365545125242633,145.54611524648737,0.0014359499958507124,-0.01947849680272849,0.04935898017406472,-0.0648476411365614,-0.039831074476251026,-0.010317166615752119,,
0.7894589999999653,-21.013939638377266,25.786464845069897,145.56613943393467,-0.0037810679733712663,-0.01814848458079876,0.05290768067010599,-0.06300223323961547,-0.04036679374321032,-0.012887632418057932,,
0.798973999999987,-20.89054990987564,26.172100668434812,145.55902580761503,-0.030648750130198268,-0.0034540170333116887,0.04745663886688347,-0.058228442187706266,-0.03989907914965506,-0.01556261886500236,,
0.8084349999999745,-20.810565227029358,26.511498242893946,145.52159383553055,-0.021350710035896333,0.023114820773689735,0.061514541207994114,-0.0505469209607143,-0.037625318837808265,-0.017967051951868915,,
0.8179959999999937,-20.772291367578955,26.786340392625135,145.4607563068304,-0.021796694578588925,0.0328286310505785,0.07243451599531786,-0.03968464989459532,-0.03221126005556011,-0.019019495282230646,,
0.8274979999999914,-20.775273258065827,26.99492395025654,145.3820303074475,-0.023365345871573514,0.04176791423207637,0.08432659109107607,0.0,0.0,0.0,,
0.8369639999999663,-20.781430688737473,27.18630871361678,145.30571875102183,-0.027334334270822228,0.04662614725659737,0.09542661780253298,0.0,0.0,0.0,,
0.846465999999964,-20.815778750872198,27.32504092546948,145.22930130571137,-0.0017827722604074592,0.03488637245331568,0.10949669961834603,0.0,0.0,0.0,,
0.8559750000000008,-20.86484666686227,27.422900745510013,145.16459702889696,0.002286871045888876,0.027657822301446946,0.11637016186223532,0.0,0.0,0.0,,
0.8654549999999972,-20.92215680648901,27.5004116571861,145.11971571149215,0.005583390677873847,0.02110866820137469,0.11324905167498113,0.0,0.0,0.0,,
0.8750009999999975,-20.979913739812385,27.56318973729887,145.10277462582522,0.0027219100267057584,0.02032492068015049,0.1082239781158701,0.0,0.0,0.0,,
0.8845010000000002,-21.027243604796695,27.604773837985746,145.11988211535117,-0.00980959940526209,0.019393419174905564,0.10371982677766892,0.0,0.0,0.0,,
0.8940230000000042,-21.060068715390976,27.6202047613201,145.16684362321666,-0.03837636856958486,0.0318171808005843,0.0949353897392156,0.0,0.0,0.0,,
0.9034959999999614,-21.075486511344305,27.595601123240883,145.23847774583137,-0.04141786867407724,0.029601048522486195,0.09738764284239068,0.0,0.0,0.0,,
0.9130309999999895,-21.077860723883763,27.517095295972123,145.32550370861424,-0.023068106131836318,0.016803339164661823,0.11129050340766307,0.0,0.0,0.0,,
0.9224989999999593,-21.074982477654935,27.387389189566306,145.41701299456003,-0.0182215787741559,0.015228078576241701,0.12057063204331232,0.0,0.0,0.0,,
0.9320109999999886,-21.079899223860615,27.217322498724084,145.5050519938269,-0.007981688405028657,0.015262246078143313,0.13259938942469618,0.02409061954635764,0.0415212692182809,0.014690064765055022,,
0.9415169999999762,-21.10040866178637,27.018181904548275,145.5871714577155,0.00778931897972864,0.01860122618308773,0.13625463707763516,0.029605473449579648,0.044793191431402875,0.01494475822636014,,
0.9510369999999853,-21.13555810247112,26.803220029240894,145.66253299470864,0.01908229315456724,0.023840905187541738,0.13258429013218131,0.033484328494541735,0.04598038848021147,0.014927806230109204,,
0.9605809999999906,-21.182455315054952,26.580593276737403,145.7300706207589,0.026570457533362367,0.0245211617318432,0.12696351764547725,0.03602428832176466,0.04610759534966065,0.014424019453131104,,
0.9700429999999756,-21.24586319672959,26.35269182316038,145.7864696145434,0.020461847997569883,0.025324159697691643,0.1283227610803338,0.039014523934881834,0.045356763617818464,0.013666957203784557,,
0.9796109999999771,-21.330956732652638,26.124364834478683,145.82736938183723,0.016685615115938583,0.024839747591837196,0.11498096002210849,0.04224881582567632,0.04327169361140469,0.012476683675970705,,
0.9891089999999849,-21.435867986771953,25.895688395811945,145.85526621594607,0.002836744334116384,0.02653976104018944,0.11448756068503237,0.04522038142785465,0.041349222313019296,0.0115946700102802,,
0.9986299999999915,-21.55515182374702,25.664343849385418,145.88399897019502,-0.0019416109267325603,0.03156501063087314,0.0990973992758487,0.04765574936408672,0.040355020700522035,0.012983248696760801,,
1.008139999999969,-21.68309372814826,25.436709037966583,145.9314660326064,-0.019336912849854372,0.04329020371575254,0.08466536834837551,0.04851993101297478,0.03888758652354674,0.01744107368137284,,
1.0176069999999982,-21.81405433267824,25.223719602504666,146.01580247703464,-0.010313388862691144,0.041605095563077586,0.06752188643178411,0.04729868445685275,0.03619929139657697,0.025037951494412045,,
1.027234999999962,-21.968002180308375,25.02100077452534,146.13362465519427,-0.0037477140399802614,0.034024099618356514,0.04728845408560125,0.04391096453544604,0.03373579083059054,0.03366706740350899,,
1.0367369999999596,-22.0915767472499,24.85101133672188,146.29444298445168,0.0,0.0,0.0,0.039054513184368464,0.03184950748789608,0.0396581507053297,,
1.046259999999961,-22.172780186854787,24.71193811021372,146.47168839722906,0.0,0.0,0.0,0.03397916430248146,0.03176322136762728,0.03935542219516203,,
1.0557680000000005,-22.2076216057629,24.570752879317794,146.62941375593866,0.0,0.0,0.0,0.03095706378407163,0.035144707344867285,0.031554436846988596,,
1.065273999999988,-22.197753687329733,24.398113831720877,146.73310837928076,-0.014309353518099949,-0.032598534599293134,-0.013045517748732522,0.029181564662796998,0.04174715504603433,0.017013946480731384,,
1.0747939999999971,-22.156522236799724,24.180509666698274,146.76335750052698,-0.013325655944379818,-0.03026044999829275,-0.012115425238509196,0.02738507111902124,0.050371329907467836,-0.00025904575088093974,,
1.0842559999999821,-22.097549134002076,23.913968848716735,146.7322401813571,0.0,0.0,0.0,0.024852139190542844,0.05928806983392452,-0.013943522276164726,,
1.0938039999999773,-22.03007047280473,23.61321690611127,146.6779637746655,-0.028592725386378148,0.018797655932952066,-0.014959032702096291,0.02012383047485154,0.06536839809263226,-0.019185897457246675,,
1.1032789999999864,-21.965646590898924,23.319822833840856,146.64619812532794,-0.018669319811839044,0.05697347441484131,-0.003832248688028299,0.013189301041252802,0.06579176801063569,-0.014340948595903288,,
1.112782999999979,-21.910455134251617,23.071537587551877,146.68149996266754,-0.006016643560153535,0.07620398953698776,0.00642280267547969,0.005248980946253234,0.060889465290950864,-0.00011194858510794814,,
1.1222970000000032,-21.85969866201846,22.88536144547619,146.80762547220286,0.005980110920918613,0.07858562393635518,0.014015019275619113,-0.001655557029169753,0.05343568400174596,0.018454161993047485,,
1.1318089999999756,-21.807430172128846,22.77141627862491,147.01245882032373,0.026753966271212067,0.05957444769221439,0.023809867686664262,-0.0069555111415820275,0.0453015383087747,0.03410319402360596,,
1.1413699999999949,-21.7532682125037,22.721450699200254,147.25438047728318,0.03248808434284786,0.04396007625170117,-0.008469602297963546,-0.0075936956930502154,0.038112337417353745,0.041372579065997735,,
1.1508670000000052,-21.703885216896207,22.69898629813038,147.47250075734453,0.04080095949812347,-0.014078413944259278,-0.00986500266214499,-0.0030447802433037035,0.03392320422112701,0.03697062336586846,,
1.1603339999999776,-21.666598717488686,22.675806279067874,147.60780977631578,0.04843869662288038,-0.016745266173976675,-0.011379298387122875,0.0,0.0,0.0,,
1.1698900000000094,-21.655632511305907,22.62515817967687,147.62015251720712,0.04822845275641535,-0.013347138797558398,-0.019762332740118866,0.0,0.0,0.0,,
1.1794059999999718,-21.664545801677647,22.51734548107786,147.51091537285748,0.0187550203519354,0.004522993295358121,-0.0322993050436677,0.0,0.0,0.0,,
1.1889239999999859,-21.687350224335052,22.346049551243734,147.31177093506756,0.016729675689389076,0.004047334873784285,-0.028934855623519964,0.026513884728822944,0.04080668459332741,-0.04097096069874594,,
1.1984259999999836,-21.71354809584348,22.129634667429475,147.0799534967526,-0.01880587330904341,0.02419676014579672,-0.039122795196398934,0.025717944977016013,0.04354316572120732,-0.047239367021830736,,
1.207935999999961,-21.727681157072077,21.890543047754193,146.8840271470674,-0.049189557559490595,0.03208581323894111,-0.023597703962035272,0.020131576270095288,0.04595077734134792,-0.04094873098040475,,
1.217457999999965,-21.710599198998295,21.666591216408612,146.78250977697368,-0.03995529738431561,0.06240650038110168,-0.013870766767856358,0.010569563186701252,0.04636717123284229,-0.024357373469556375,,
1.2269609999999602,-21.647337139963373,21.49602924905248,146.80343905772787,-0.02314221009483078,0.05904909583737701,-0.004687044831235648,0.0,0.0,0.0,,
1.2364319999999793,-21.535810628388788,21.392688515472347,146.9411827145865,0.014166846334691808,0.030565078550901906,0.012252377740761983,0.0,0.0,0.0,,
1.2459869999999569,-21.382743264875174,21.35148673671497,147.1588301699861,0.0,0.0,0.0,-0.01902535979455299,0.039582895834786753,0.02956873810468391,,
1.264966999999956,-21.006482180397754,21.373433623194252,147.63528399029624,0.015683136824805564,-0.021373647950277554,0.03667140164099523,0.0,0.0,0.0,,
1.274518999999998,-20.82218892102879,21.370363519953205,147.81738016002862,-0.02672668738926939,-0.03013482516884302,0.01678987039788425,0.0,0.0,0.0,,
1.2839849999999728,-20.640789994061354,21.31903796780333,147.95489126986215,-0.031999237519311066,-0.04213199710358574,0.01221947904692766,0.0,0.0,0.0,,
1.2935400000000072,-20.45477446738596,21.2025299560565,148.07739968340755,-0.08858735703741676,-0.016287488626628713,-0.007571623712503967,0.0,0.0,0.0,,
1.3029909999999632,-20.256002891251065,21.030824689440358,148.22864753848643,-0.11540189039157293,-8.298908424681531e-05,-0.015646755002060763,0.0,0.0,0.0,,
1.3125049999999874,-20.018757443220046,20.826351733707803,148.45729278000994,-0.12628572771251645,0.00935234760455078,-0.01679347209508215,-0.015241793809639283,0.044014620350433346,0.025729138207389337,,
1.3220079999999825,-19.72965052968597,20.639387442797656,148.79521592691395,-0.11318935969698077,0.004442398615351159,-0.013732611999611972,-0.024646940931602506,0.049030351141350736,0.04403476886253523,,
1.33151799999996,-19.392589646342064,20.51624838882868,149.24764354116917,-0.06458240653319168,-0.007312081084253039,-0.03414326514405677,-0.0362427082049413,0.05105146316175604,0.06365665537136984,,
1.3410339999999792,-19.00613177223176,20.468813385420923,149.79259666222097,-0.016359826685267496,-0.037915883186495865,-0.0132301848808574,-0.04808360679465134,0.05042111487903745,0.07870919537402175,,
1.3505439999999567,-18.594184718116324,20.49990413144587,150.38143566750952,-0.017245475427331923,-0.04082757970104649,-0.01387028152770132,-0.05694479657034496,0.04604245918900197,0.08560377005138858,,
1.3600589999999784,-18.18526246888225,20.57986374951084,150.95729796352987,-0.018156462527290685,-0.04392927745013643,-0.014521716071881123,-0.06060436537184465,0.03980522929540186,0.08303961645784101,,
1.369562999999971,-17.81248937256831,20.656872983877566,151.46996187811388,-0.0008249031852111861,-0.037147181154899074,-0.04513818526378674,-0.05831618475237364,0.03274042511524987,0.07276074799031106,,
1.3790740000000028,-17.504078418021802,20.67834035640956,151.8914920684643,-0.0459438085638587,0.0040824537679332714,-0.08624901220328164,-0.051472820842101204,0.026737514867975855,0.05896463075194444,,
1.3885319999999979,-17.260139722953664,20.73398447221449,152.23351356557237,-0.10188500602373804,0.0727952536190559,-0.10528995635506011,-0.043259623036479684,0.02583727700468981,0.04749045243262634,,
1.3980429999999728,-17.0315856646612,20.75184973728466,152.5484226496517,-0.16868185634047927,0.1031864827613322,-0.12293531483731895,-0.03732009703770093,0.030936145686059926,0.043071652289259854,,
1.4076179999999567,-16.80858990664269,20.411483344558132,152.88865411239493,-0.20337940038794833,0.11361495999477128,-0.11646992706009747,-0.03466721214737095,0.04539645867627051,0.04874521964550397,,
1.4171230000000037,-16.525816317937863,19.979652703387057,153.31751512503723,-0.21016188921688078,0.10561993371032881,-0.0855147369733048,-0.03417017123320283,0.06637286332203622,0.06262513527075766,,
1.4266349999999761,-16.17098564516594,19.55995747666979,153.83781396191563,-0.17148191826371845,0.0727958261259244,-0.028500207427611723,-0.03932078839943861,0.08155352058875516,0.07637708436336854,,
1.436146000000008,-15.73774404393785,19.2285178314825,154.4273103406206,-0.08922166090534861,0.026222180015280237,0.023827542416144206,-0.046832089266940644,0.08973211723058495,0.08531468850666402,,
1.4456619999999702,-15.27066972634618,18.983389916551083,155.03730713525917,-0.03277979119510821,-0.008810306814823698,0.07557890263994577,-0.05032911899659483,0.08937605470667284,0.08746646907424471,,
1.455161999999973,-14.805124766958265,18.8631250297692,155.6048383564398,0.008061774081807626,-0.06294987255792714,0.08476912979757019,-0.055680263360199,0.07467877240557631,0.07922158261037199,,
1.464683999999977,-14.365861058047479,18.85493615596302,156.09998991055136,0.019645065259553195,-0.07274653708612622,0.08472602272878704,-0.0589992923345374,0.05387078746417065,0.06644072556375806,,
1.4741939999999545,-13.97868095853945,18.877252091715285,156.52577799734806,-0.0005513280806189161,-0.05120458421234641,0.04490117603045852,-0.05676825029222505,0.03953123367948324,0.05585428372878674,,
1.4837059999999838,-13.612844279810371,18.86358595587502,156.90595073835073,-0.05137296311713577,-0.02904209857940273,0.01259625414241015,-0.05494861807478059,0.03288380105817447,0.04805461972650574,,
1.493208999999979,-13.265745499466782,18.808180681463835,157.25951733536897,-0.07128859167555439,-0.012462074960713778,-0.030477687856752055,-0.051951125001481635,0.03272228638284013,0.04392371788647992,,
1.5027299999999855,-12.920243988142058,18.670562316406276,157.61000128496605,-0.08407927108610513,-0.004547910393250184,-0.03445722444260167,-0.04757860683948972,0.044893971452270115,0.043454709525452176,,
1.5122279999999932,-12.571301856077461,18.470582766730015,157.96033525649466,-0.0809696002740874,-0.01342619831947088,0.00030977728278597526,-0.04215120264830125,0.05834550686545998,0.04332132826358643,,
1.521742999999958,-12.258643578331473,18.28139237379559,158.29253501928537,-0.013596954449974875,-0.0031395245326591415,0.03472446386953931,-0.035835072744532515,0.06369499184520247,0.04212607220930148,,
1.5313199999999938,-11.990606076911481,18.118132616856233,158.59697819545815,0.013038003442760819,-0.012731673357953137,0.04064482892126147,-0.0320625019796648,0.06615397992314725,0.039484594503749304,,
1.5408289999999738,-11.779540955586945,17.974135407460416,158.87277796312998,0.03871442987906694,0.011996392655919143,0.050649606315689245,-0.028754354738435958,0.06377540874672782,0.03739194184462713,,
1.550327999999979,-11.655497619461281,17.876311892374513,159.12105458276204,0.06026764751240434,0.05445955728269724,0.027586058108092035,-0.025796294205013996,0.05295594324369467,0.03732272959352279,,
1.5598099999999704,-11.603060332725455,17.804055554434584,159.3596965448628,0.0573890009527518,0.0910152451391962,0.029674456401692095,-0.02330452541025953,0.04388505537154647,0.03982608738250884,,
1.5693650000000048,-11.605848439870487,17.70692174293431,159.60174055149818,0.03828654160941914,0.12662005387371886,0.02583022522628376,-0.019434666506685717,0.041732406994441154,0.04391431926725184,,
1.5788729999999873,-11.651702582255139,17.582066846234277,159.84634606871992,0.04250473179285537,0.1426768197382297,0.02920864877232481,-0.014302367732045523,0.04123361004857377,0.04706939530585028,,
1.588374999999985,-11.751196795257952,17.44706880445756,160.0814239905918,0.04531304235026522,0.15446149290657452,0.03188302405052513,-0.005920264636931754,0.0418501356277933,0.04841214180745542,,
1.5978559999999788,-11.907617596944032,17.311026700830986,160.29629928864577,0.04683859763371166,0.16213503614207544,0.03390910971777231,0.004574866389183185,0.04328546777783962,0.04778091920365277,,
1.6073599999999715,-12.1272241753411,17.202131364792947,160.4817160217916,0.09366847200977113,0.15442556844902414,0.05113931491200088,0.014983227820173218,0.039889115135421184,0.045635297446283134,,
1.6168690000000083,-12.404795376195743,17.156845453471927,160.6403997589927,0.1252602023078089,0.15416247986743453,0.06374671086953372,0.021589602858603337,0.030657962759172153,0.043722390534773926,,
1.6263789999999858,-12.722382480601086,17.181428283722703,160.79400688283886,0.14569610764676486,0.1532719156578758,0.07248239566400155,0.02437420239536007,0.01954482220641468,0.04512510728542604,,
1.635930999999971,-13.062680385787177,17.276735171033202,160.97263141139464,0.1497754021016323,0.15685048078151065,0.07602818115279673,0.022846787934004003,0.006337351107062722,0.0515942642953692,,
1.6644789999999716,-13.813078024469512,18.071060507933105,161.93040206488078,0.13301539995411377,0.12874036119870808,0.04032935788152333,-0.017588170572673357,-0.029735381988939866,0.08783381381779018,,
1.6739309999999819,-13.892751166214609,18.45675449976868,162.42159096054226,0.12157554745384948,0.10769220042846399,0.030871645160083467,-0.032532286451789724,-0.037970165136172136,0.09896307847763203,,
1.683493999999996,-13.897818756500778,18.886169358758337,162.97570509453544,0.11236546227686268,0.08036402283189462,0.023127356035583684,-0.04240051404733297,-0.04391899164549192,0.10685326421141843,,
1.6929999999999836,-13.858469429381978,19.330812809835262,163.56253283726704,0.0993930158189131,0.05582339603825082,0.01874228519411886,-0.045384181525567786,-0.04732173081489072,0.11046609862131382,,
1.7025160000000028,-13.797880609483025,19.789774309467216,164.14840623759088,0.0949984104790933,0.030725130299666455,0.011544956158285727,-0.04386111587174938,-0.05007824895906911,0.1087597646821667,,
1.7120309999999677,-13.732944240693001,20.24973222224414,164.70611346750403,0.09531269162287148,0.008859868617350554,0.0011490486744000965,-0.03914672078812773,-0.05012556932610997,0.10270009382322257,,
1.7214909999999577,-13.66640172726819,20.690951707352628,165.2193637304444,0.09511240737911292,-0.015420163282283145,-0.004906850138189586,-0.03236562952886004,-0.04667487006478325,0.09356323839087291,,
1.7310429999999997,-13.598333976547112,21.109985773813246,165.67372558808685,0.09475758975650288,-0.015972583649110958,0.0016470994681912488,-0.025776561642799855,-0.04353744820618064,0.08154672482745164,,
1.7405619999999544,-13.536457675058696,21.51282340771409,166.0587399770624,0.09068963098129937,-0.05638129592439371,-0.007771482116723765,-0.019189509857237986,-0.04095277722466556,0.06799568326763478,,
1.7500699999999938,-13.472167912885833,21.880211339414053,166.3737861752516,0.0799504743313508,-0.07233635966562468,-0.007218765805416075,-0.013919521449987532,-0.03656858202273277,0.05370366267280274,,
1.7595420000000104,-13.403190815562068,22.188047742964795,166.61839412992515,0.04526141706176038,-0.07977809009806612,0.008211296691696157,-0.010432330881226115,-0.03144070252694985,0.039147400037486395,,
1.7690939999999955,-13.328162232738146,22.476850017480142,166.79070181515468,0.05795476560161119,-0.07588332360341879,-0.04440542246279801,0.0,0.0,0.0,,
1.7785659999999552,-13.240709385622633,22.64539097899488,166.91006529592428,0.008731854397254653,-0.07477446291871535,0.02116648176940031,0.0,0.0,0.0,,
1.7881209999999896,-13.16277847781494,22.763380247201994,166.9776039533677,-0.006445451459492727,-0.04673792047531113,-0.010132891768697552,0.0,0.0,0.0,,
1.7976269999999772,-13.0668578637283,22.841479584344153,167.02331064280943,2.7753592752389673e-05,-0.04605584406810157,0.05124180485128051,0.0,0.0,0.0,,
1.8071349999999597,-12.981302536220268,22.880336027044255,167.06282199497613,0.019770462739292442,-0.014879173040674805,0.05697551176836602,0.0,0.0,0.0,,
1.8165789999999902,-12.85827168479826,22.86987838722308,167.11930499083005,0.018384631851902464,-0.02401833919524865,0.10165688755206187,0.0,0.0,0.0,,
1.8260539999999992,-12.728274478547572,22.870564959790745,167.1937219977757,0.044985002754280246,-0.006851132737155752,0.13773439535266713,0.0,0.0,0.0,,
1.835484000000008,-12.58548793358086,22.876018344184036,167.2787878312495,0.06757709299281249,-0.0050415799215166235,0.14518489971130893,0.0,0.0,0.0,,
1.845055000000002,-12.453484741204425,22.89066489547302,167.34976871104348,0.05574170826850141,-0.039228578873830314,0.15472505599928435,0.0,0.0,0.0,,
1.8545879999999784,-12.36982347466619,22.92996387002725,167.36825308204558,0.053341963596216055,-0.03446957905120021,0.1339809878555856,0.0,0.0,0.0,,
1.8641269999999963,-12.330522484518966,22.965430975188944,167.30704026746935,0.026587552992197498,-0.030757228291790048,0.1339122464622644,0.0,0.0,0.0,,
1.8735979999999586,-12.342572409683926,22.961872310719066,167.15002213381325,-0.014722578236751625,-0.05111307695158359,0.10758960529661121,0.0,0.0,0.0,,
1.883149000000003,-12.371333235283792,22.910972666658356,166.89700849655745,-0.05060635986723496,-0.059001499061056485,0.08497260538477651,0.006623082048590561,0.022799905781757574,-0.05334113839471347,,
1.8927309999999693,-12.319683502215357,22.754240501308548,166.60512687526565,-0.05309948794150103,-0.06633127251213046,0.08652063366285659,0.010049177919695677,0.03305272662032279,-0.06739953171316851,,
1.9022489999999834,-12.273085064636424,22.52645709009116,166.27824105996314,-0.08619955692269006,-0.04896070412571085,0.08249243355312857,0.011587589365830202,0.04274607122004301,-0.0739849203780133,,
1.9117029999999886,-12.27156087761869,22.35732216879892,165.94417795636824,-0.09470559465757576,-0.0353763135488738,0.09577883103985228,0.00721533992629013,0.04702424707668237,-0.07191092273329788,,
1.9307000000000016,-12.172848984182071,22.072244756520647,165.5263889886351,-0.08702845217548684,-0.007430312603951166,0.11138360069578881,-0.005870235399923513,0.04222100766987797,-0.04079638295183262,,
1.940213999999969,-12.099815407737983,21.993776193803775,165.48708496377822,-0.08712923909532648,-0.010017928787332125,0.12557928666975512,0.0,0.0,0.0,,
1.9497259999999983,-12.036974943721777,21.96623987937747,165.54312393135612,-0.05121225761125177,0.01440351524666028,0.13186490213293112,0.0,0.0,0.0,,
1.9592389999999682,-11.992862742295635,21.96274780244465,165.65229847973598,-0.05519046160529302,-0.015044555280837889,0.12334395528317095,0.0,0.0,0.0,,
1.9687490000000025,-11.99528617039837,21.97856000428066,165.75263609134166,-0.022483279153327988,-0.023050082423546534,0.1349683230053461,0.0,0.0,0.0,,
1.9782599999999775,-12.051066039806434,22.010575012115385,165.78321206743445,0.011863632942465905,-0.03071590902479592,0.14341211778108726,0.0,0.0,0.0,,
1.9877280000000042,-12.154320674614427,22.04344430668254,165.70486580486647,0.025270984928602344,-0.06922084749873479,0.145306161945624,0.0,0.0,0.0,,
1.9972629999999754,-12.302979790436597,22.091087464613036,165.50754367390957,0.022288518413466022,-0.07803152088592445,0.14870132737099723,0.0,0.0,0.0,,
2.0067960000000085,-12.484238382849973,22.17584760321711,165.2171637781718,0.011287495505412585,-0.07374202599832287,0.1427674108500052,0.02775184848966035,-0.010821632907389063,-0.04931002958026782,,
2.0163109999999733,-12.676404392295883,22.29599801972169,164.89394383177307,-0.016930730379293005,-0.058231578985184884,0.1306597449712673,0.027794734618404777,-0.01832174065136824,-0.05496241553387849,,
2.02577500000001,-12.861051400609648,22.45521557717496,164.60812624684223,-0.05280549337316135,-0.014621207429138907,0.11379381683042615,0.02425678212312707,-0.02563252829613413,-0.047932673950117494,,
2.03528,-13.018641253038007,22.656196547787335,164.4158434925349,-0.0470922468714186,-0.012962081480508396,0.10032959246469524,0.0,0.0,0.0,,
2.0447939999999676,-13.13746734244317,22.87806681485224,164.3477999445278,-0.06800278449797839,-0.0043921213184626665,0.0778571259611138,0.0,0.0,0.0,,
2.0543409999999653,-13.22490788472704,23.108291439373886,164.39141871934797,-0.041450528019833364,-0.03799885701296802,0.06959760696013725,0.0,0.0,0.0,,
2.0638849999999707,-13.228415593441524,23.32717679404258,164.5228862826241,-0.0343272134380492,-0.04940386168659735,0.0461442812947209,0.0,0.0,0.0,,
2.0734359999999583,-13.22805930958342,23.5699068882546,164.65559597090584,0.009429282841355253,-0.06741371227457953,0.035766784403087774,0.0,0.0,0.0,,
2.0829069999999774,-13.258393974016405,23.81675142254906,164.72081386235072,0.0377059373448885,-0.07334603498451392,0.008922899801048564,0.0,0.0,0.0,,
2.0924569999999676,-13.353790624999837,24.05595103717009,164.66815731627602,0.035643515239840426,-0.06849417670603852,0.008707435790364882,0.0,0.0,0.0,,
2.101979999999969,-13.537634052926531,24.26498191508543,164.48027355495304,0.04644596261052292,-0.04305479133601092,-0.042112027555534864,0.0,0.0,0.0,,
2.1114819999999668,-13.803876686420898,24.408106761384555,164.17292062647238,0.036220993816036585,0.009642592554674234,-0.07099738330006963,0.04049442657098995,-0.01877939011522232,-0.04426407537494194,,
2.1209929999999986,-14.129575710168314,24.49480698020127,163.7862033232058,0.04637522507080248,0.01246984074383253,-0.0900951432856795,0.04619459525051067,-0.012271005883106178,-0.05506897557432003,,
2.130498999999986,-14.4877293735791,24.544131822446207,163.36613943603408,0.05470774548613963,0.039122614220608594,-0.09026339059989245,0.04876486283372238,-0.004925286423561484,-0.05889892687418149,,
2.140014000000008,-14.843334763444625,24.575464860598537,162.95014957295345,0.05586092161168612,0.0516668964953761,-0.08365497166488052,0.04754772198777084,0.0023587182183265236,-0.058165530364342494,,
2.1495279999999752,-15.169762995296521,24.631284170237386,162.5564416790706,0.07930334836566136,0.04691714154110927,-0.06322430240865484,0.0425396043215385,0.004729553852080493,-0.05601209361808097,,
2.159027999999978,-15.474026046028904,24.730577103260497,162.1857678279272,0.09215886114711931,0.04115571909273386,-0.03133877286068141,0.03759848332260734,-0.0003643000540814156,-0.05311784805823022,,
2.168498999999997,-15.77124858514755,24.889846659272195,161.82882563848915,0.09760516542030334,0.04609975450578297,-0.026469175278456176,0.031391815139708935,-0.010534092734113525,-0.05078928058603968,,
2.1780599999999595,-16.0521655041725,25.094261856571524,161.49152436781623,0.08172532008694576,0.05364697657757068,-0.03798276337339931,0.023571773493710858,-0.02177274535908305,-0.04803806557751681,,
2.1875249999999937,-16.326174489791164,25.306216364475542,161.1803995518531,0.05762560562408678,0.06971714078332765,-0.06779354667043212,0.016961470593326693,-0.029057318790347075,-0.04318157727971998,,
2.197083999999961,-16.567284982643024,25.492443213292574,160.906400547331,0.023960497496243096,0.0807898129726094,-0.10110898749922059,0.0,0.0,0.0,,
2.2064929999999663,-16.649896111997847,25.657988551024204,160.71350889114956,0.006935258432223967,0.08132267136069152,-0.1222748642015495,0.0,0.0,0.0,,
2.2159959999999614,-16.69177745249103,25.76268203412812,160.529583665674,0.004044299332707487,0.06996969710371181,-0.12225276030117624,0.0,0.0,0.0,,
2.2255119999999806,-16.70545913989533,25.793505407066256,160.31916805153395,0.011038132334085378,0.05741224242568739,-0.10305021615624921,0.0,0.0,0.0,,
2.235119999999995,-16.788433018505604,25.77740756413189,160.01493780755516,0.028733356793581785,0.05020211370067931,-0.07858738148727051,0.0038132471962820987,0.019215158654350865,-0.05785231628653499,,
2.2446279999999774,-16.878572423287014,25.73320863202396,159.63594223737377,0.043024176757400834,0.04960216696308831,-0.04787408365383293,0.007280689039448724,0.026327911483982527,-0.0721741725867789,,
2.2540989999999965,-16.986026620206477,25.65917132689311,159.19293232482931,0.03543409831430737,0.06065329545042066,-0.02410072487766885,0.01005341742020667,0.02841675711681635,-0.08347017865406633,,
2.263651999999979,-17.120161253233924,25.571354526041755,158.7137736999064,0.011377940664984602,0.08660763369372555,-0.021708824165531677,0.010306162163991654,0.024678462627455367,-0.08839005440873661,,
2.273167000000001,-17.26049518610417,25.466609157388284,158.25259277647135,-0.01656318612680591,0.11233010813156447,-0.024829762431197763,0.006882435120752813,0.020858833787938885,-0.08426305445448729,,
2.2826839999999606,-17.38427556751679,25.336533430610785,157.86743151086455,-0.043173263668583844,0.13064955670707287,-0.03923497623039856,0.0016271664959173076,0.020282816165759873,-0.07048216289860235,,
2.2921859999999583,-17.463136840111954,25.194879729590173,157.5978942346517,-0.07380161851850739,0.1295837654034435,-0.02345999503466368,-0.0054411898478890375,0.020955993170056725,-0.05119978171844343,,
2.301715999999999,-17.480342982643222,25.072773268324532,157.4507765436137,-0.06989756628555611,0.11034411757573849,-0.023886354883290984,0.0,0.0,0.0,,
2.3112049999999726,-17.429497355337375,24.980686380868764,157.40805783383684,-0.048756813901097505,0.07475464682681002,-0.016935305976215516,0.0,0.0,0.0,,
2.3207119999999577,-17.332316060942937,24.940315631428447,157.41818166784796,-0.016769154034301296,0.03438627135159744,-0.004629645642737366,0.0,0.0,0.0,,
2.330180999999982,-17.198819186340376,24.965026620622467,157.42727394591878,0.0,0.0,0.0,0.0,0.0,0.0,,
2.339697000000001,-17.047254204631013,25.033313579615193,157.3948056938071,0.02601007724422955,-0.03833358980712602,0.0095023403514248,0.0,0.0,0.0,,
2.3492539999999735,-16.903982557935425,25.121843932407486,157.29237420807127,0.02612371728341372,-0.04425911401887676,-0.02482791465232811,0.0,0.0,0.0,,
2.3587210000000027,-16.76094257618991,25.2035297601853,157.12383591994796,0.0038965667195103217,-0.045920441973690336,-0.0455576587336195,-0.018717561454442984,0.008660351624916235,-0.050065429920753794,,
2.3777859999999578,-16.413724841141097,25.175395922014765,156.70097214077688,-0.08938267269277898,-0.022144340933341628,-0.08537488209600462,-0.021426744904719373,0.01653443877011549,-0.0635471252660742,,
2.387293999999997,-16.17644162534184,25.07131868444277,156.50754754314235,-0.11306418977309012,-0.020978196270485992,-0.06519329105600725,-0.025055039254835463,0.025447576590465336,-0.06313888370934012,,
2.396761999999967,-15.874042204303711,24.933136604154562,156.35845113055603,-0.10082181039120998,-0.024458924364089082,-0.05808262805423422,-0.03220119553610665,0.03963957908341028,-0.059743044558899415,,
2.406309999999962,-15.49863336963857,24.790534064112087,156.2656944594327,-0.07685511398505405,-0.034386159757171554,-0.045165515919594515,-0.04150767598910445,0.05118466371445337,-0.054558380482723094,,
2.4158329999999637,-15.083773980734293,24.706112900031453,156.21834001290293,-0.02978828138600979,-0.037721382321745295,-0.054026615500998236,-0.05166504989668283,0.052992734260452215,-0.04874294341562057,,
2.425301999999988,-14.633292632291457,24.679353339192104,156.2139172026828,0.001756617838551184,-0.044036072850075145,-0.042149422184176936,-0.061963668786895874,0.04981761642297172,-0.04315956601785306,,
2.434849999999983,-14.182122936824445,24.68012846569307,156.2402943218177,-0.013585810536359265,-0.021622680522969534,-0.05893268447707645,-0.06829693893062218,0.04379987235467641,-0.037118503049942374,,
2.4443579999999656,-13.71987093325878,24.66153235950226,156.29460965058368,-0.0593115426641265,-0.006721692473119998,-0.03175286446129463,-0.07220618490535101,0.038012997070398506,-0.03250014722694513,,
2.4538029999999935,-13.348007180187615,24.695074762330204,156.3472631540489,-0.3177575170124539,-0.045535337046040784,0.42113074667804773,-0.06283801068749104,0.0350204278297198,-0.025408203744616567,,
2.4633099999999786,-13.200182043763729,24.633782393256965,156.40509864774145,-0.23852825072947134,-0.03424703058991385,0.2649183994878976,0.0,0.0,0.0,,
2.4728359999999725,-13.226921737822543,24.389285302265993,156.48831596611456,-0.10390916846630587,0.018056633381169855,-0.12482063788702312,0.0258195333775187,0.05694021830122935,0.014013896760878214,,
2.482413000000008,-13.241946346804156,23.905203171976765,156.61114615395564,-0.17153093443971812,0.018954754170777747,-0.08616758835719152,0.038379522017316474,0.060342133055532356,0.020928085568059387,,
2.491799999999955,-13.313892002611198,23.633411599914847,156.70349369571983,-0.02277039273360867,-0.024680995642930637,-0.19629536630178446,0.03534392621678297,0.05879256965541996,0.01949743137405541,,
2.5013720000000035,-13.309135426186698,23.192539980376356,156.79766936476628,0.022380733102783518,-0.08553926679841595,-0.12666989307575036,0.03566258280834116,0.09552592806138188,0.013704589047369825,,
2.510898999999995,-13.146160731219775,22.74748176094952,156.85606945788345,0.011620844799062743,-0.08712445149899442,-0.1071571754622634,0.03157501601594165,0.11314232547178141,-0.005910619169148008,,
2.5204089999999724,-12.909519100893185,22.505121228943707,156.76094352486476,0.10894934443645417,-0.13910442303180817,-0.04715055037221764,0.012627930172605339,0.10097177670494412,-0.04218710273446737,,
2.5299589999999625,-12.658551013227848,22.282660049127756,156.5034181639002,0.12829591625092618,-0.1396093026189056,-0.008157842567814771,0.007668013846620629,0.10167436324578662,-0.07565032629486582,,
2.539481999999964,-12.426171354444067,21.916538097626482,156.10480647020353,0.003728197784694997,-0.08636528730321087,0.09080114230441774,0.009280961508337494,0.0991581618743931,-0.1022296326579223,,
2.548917999999958,-12.321867847666992,21.61399356359192,155.57515286014413,-0.08448369631587571,-0.03567029965604419,0.1569194304373452,0.008936231213045138,0.07721356606525931,-0.11863067170579185,,
2.5584240000000023,-12.268590428381815,21.279369807372156,155.04584778703574,-0.14101863554413013,0.006004914704165225,0.21595605575850454,0.020913232296239717,0.07901797752317252,-0.11470545082325381,,
2.5678780000000074,-12.2926918915863,20.851824250908315,154.5994080009457,-0.24527566235254886,0.04204938122176711,0.23886945811740593,0.042524358986787206,0.0895564112495229,-0.09244784963610478,,
2.5773949999999672,-12.411528263072276,20.41237909720458,154.27544574803488,-0.21477355773592713,0.04491853047799887,0.17651261090544304,0.06013184012371133,0.0837792149082669,-0.06122329033887693,,
2.5869109999999864,-12.557834709251114,19.9227741709429,154.11556367272198,-0.19462702971996884,0.02684798087535581,0.22266360802350119,0.06950761557352551,0.09032458280018334,-0.02659668070249276,,
2.596410999999989,-12.758350140267325,19.408363810532954,154.1070219481172,-0.15598225077737865,-0.006830417667755709,0.2993355532845517,0.08102232434331688,0.09022685354548036,0.00719116199716043,,
2.605917999999974,-12.981152333459562,18.972485609286302,154.18631832647043,-0.012463099433760663,-0.09487139762141938,0.2893944413164791,0.07795030184549276,0.07427057347533411,0.02601170553206875,,
2.6154189999999744,-13.105970639573739,18.62375726588355,154.28018004392302,0.11892281409278814,-0.18879291529099046,0.30679513889077237,0.053578751312099035,0.06672381609661442,0.022370865282297796,,
2.624930000000006,-13.143057327950117,18.395682007884773,154.28923388045027,0.19481171230617175,-0.22464195348325727,0.32374643696129,0.028050359766116265,0.052221748812596294,-0.00027261098253980663,,
2.6344419999999786,-13.0837271396084,18.360043585825114,154.13356473222558,0.23868125095069323,-0.20397116088174813,0.2612139612006408,0.0,0.0,0.0,,
2.6439530000000104,-12.960830995475884,18.496523489823385,153.80262121854176,0.18438100995530915,-0.12069467126739487,0.1964124305811116,-0.030963346118851424,-0.00022317773385314033,-0.078508708003775,,
2.6534749999999576,-12.827472108605308,18.760105081389046,153.34953583324463,0.06597339609431727,0.021097848336116148,0.09067188953553365,-0.044008537588492255,-0.021957599950839686,-0.10375634412202565,,
2.6629949999999667,-12.67525007145088,19.116843051317826,152.86127394721507,-0.062843554589199,0.14052959805295662,0.04041829989607951,-0.05573671878844538,-0.036664323580632374,-0.11222030279055643,,
2.6724969999999644,-12.527926778017179,19.482862388244122,152.42738158395755,-0.1310223715788484,0.225029356162938,-0.009565615178241007,-0.05597843008454765,-0.03834464435040346,-0.10125397134275309,,
2.682017999999971,-12.383380677859698,19.725372566230753,152.12855185339873,-0.16460872533725995,0.2772460625232524,-0.05942960742986143,-0.0441951550967429,-0.01637510033763362,-0.07423385717094198,,
2.6915449999999623,-12.227841836906375,19.82464665806876,151.9945208578241,-0.17414006462135218,0.29535609288780484,-0.10634142788434091,-0.03262322950157655,0.010078405853278983,-0.042116548989683186,,
2.701102999999989,-12.260375582293591,19.626339791959026,151.9389773838015,-0.121071741907209,0.22640681276215965,-0.043123909180227835,0.0,0.0,0.0,,
2.7106190000000083,-12.314115925909725,19.484969713205537,151.98816753587957,-0.015378392458581391,0.1522929040942115,-0.07577746278511495,0.0,0.0,0.0,,
2.7201309999999808,-12.31635307789,19.334452073989844,152.10592846286377,-0.00944548996412605,0.08184240186190156,-0.0006492411234673251,0.0,0.0,0.0,,
2.7296399999999608,-12.315933088853631,19.303992786373033,152.2112313420948,0.012542975053452967,0.028627116351473584,0.006423318961883576,0.0,0.0,0.0,,
2.739148,-12.286098165528179,19.372535109722158,152.27777760088705,0.04425575693628389,-0.023256692325033763,0.017578895199175947,0.0,0.0,0.0,,
2.7486619999999675,-12.207897684413236,19.41475976636021,152.3124692307164,-0.03011584278010728,-0.03005628654344072,0.03603904487677129,0.0,0.0,0.0,,
2.75816599999996,-12.095616607721709,19.469436750015163,152.31652017441135,-0.06801131314251434,-0.025881803660809496,0.03433773639244112,0.0,0.0,0.0,,
2.7675899999999842,-11.91286918465931,19.55807452899747,152.3223203854036,-0.09942136000721516,-0.02625268209206096,0.038341658009706896,0.0,0.0,0.0,,
2.7771929999999543,-11.67005136243965,19.610258341095275,152.3606350516686,-0.12515131987319475,-0.01813886025281579,0.038314115845856714,0.0,0.0,0.0,,
2.7867009999999937,-11.374121546765075,19.64444315521323,152.4342952462729,-0.13544152028606574,-0.006539955131525909,0.043263202494348736,-0.04875038552740981,0.0049565753169655054,-0.010024479277150963,,
2.7962139999999636,-11.028449374255663,19.744231064552476,152.52887692152933,-0.1015260342686888,-0.026326916948895808,0.060494326771628734,-0.05902891630621433,0.005005184822831559,-0.00934704993983326,,
2.805725999999993,-10.690251516050607,19.884315248791193,152.6170681626841,-0.046577544202908404,-0.04023764939537994,0.06318179258228837,-0.0591063921630813,0.00742167619820197,-0.010366023214767222,,
2.8152359999999703,-10.370741895640924,20.037933199744607,152.6664614908646,-0.04821950680927333,-0.03550319500173661,0.07275095826458298,-0.056129728611428634,0.007224736727158296,-0.017111003987372374,,
2.824750999999992,-10.116134324246111,20.26001575051294,152.6404401828622,-0.003403691085146158,-0.04463926939968188,0.07130988782187302,-0.05113093550151529,-0.004497737389863916,-0.028008178767792238,,
2.8342549999999846,-9.940163166372681,20.511800703272414,152.534789297158,0.013393303018137534,-0.016420628731016563,0.058411112071742786,-0.0434215045500335,-0.014395956675429996,-0.038718934555140284,,
2.843771000000004,-9.831897536643316,20.727110970882844,152.37607234071538,-0.019259908495608904,0.0005158565407909101,0.04572735133452097,-0.03431333804418665,-0.019740888269176526,-0.04473496323507637,,
2.8532789999999864,-9.786209586838812,20.92559067272253,152.2025431984115,-0.049834252986353036,0.01793501351430166,0.025721051379157284,-0.028085389074106844,-0.027946808550234924,-0.04334412339126502,,
2.8722960000000057,-9.755422565211866,21.27608709197301,152.02246853041743,-0.07217385386815788,0.030550566807342777,0.012532415664888275,0.0,0.0,0.0,,
2.881800999999996,-9.712450164126983,21.457007998836886,152.09071714775354,-0.040491632792775935,0.015646573523188694,0.015238986855644485,0.0,0.0,0.0,,
2.8913159999999607,-9.622661755442596,21.6913657852647,152.26309204112658,0.012178613762061372,-0.012192337607084032,0.03906571176959774,0.0,0.0,0.0,,
2.9008399999999597,-9.484101140315508,21.960070240871435,152.4995448718377,0.03309956262917079,-0.06350466556317737,0.06911797721593028,0.0,0.0,0.0,,
2.910281999999995,-9.372517884313183,22.188402790067112,152.72047308326933,0.05441075841951564,-0.08276864864650194,0.10878335299644241,-0.036680327351668915,-0.017491733859455853,0.030288630314202987,,
2.9198020000000042,-9.233398543232873,22.427870839627563,152.90308016364185,0.04886174446490483,-0.08818981324632529,0.10618319325756718,0.0,0.0,0.0,,
2.9293629999999666,-9.06933618855376,22.740663738972394,153.04750051371366,0.03826606103960917,-0.07175935825852152,0.047636458646474825,0.0,0.0,0.0,,
2.938883999999973,-8.946998309630636,22.96627786571819,153.14056662193315,-0.011864628260363044,-0.027490998152887896,-0.0043321409793847295,0.0,0.0,0.0,,
2.9483979999999974,-8.806495336692132,23.089655679160103,153.22369287463212,-0.07185915872766774,-0.01835241119497336,0.03361409533724108,0.0,0.0,0.0,,
2.9674099999999726,-8.593489659176216,23.13146823538326,153.44836391900768,-0.06381237654153994,0.024077068251759936,0.021292380850388374,0.0,0.0,0.0,,
2.9769169999999576,-8.447007614004097,23.10013362861121,153.6445311818078,-0.0189765513344268,0.001868409816075293,0.04180986209567509,0.0,0.0,0.0,,
2.9864349999999718,-8.294946562877984,23.14851451825921,153.88601186674478,0.03371402980949019,-0.02155320799579781,0.05066767943669775,0.0,0.0,0.0,,
2.9959440000000086,-8.112420302060675,23.261757205395227,154.15307633849747,0.08850014482518496,-0.0503200135723323,0.09485325603432729,0.0,0.0,0.0,,
3.0054039999999986,-7.9860795509717315,23.31199653046929,154.3785696402232,0.11131287236845433,-0.06232802259156764,0.11746196429121283,0.0,0.0,0.0,,
3.0149109999999837,-7.893336399446678,23.44081549652032,154.52860994034626,0.11878276908222589,-0.06484918310283945,0.11725245336626812,0.0,0.0,0.0,,
3.0244789999999853,-7.835049731408873,23.709058675306466,154.58817263412757,0.09157315338222774,-0.04968372881788165,0.08998076150439703,0.0,0.0,0.0,,
3.043495000000007,-7.926118846317402,24.020991303181106,154.41731015655148,-0.012756910471098745,0.001498824109051424,0.027270256260165476,0.0,0.0,0.0,,
3.0530049999999846,-8.049270594188663,24.05955953861991,154.24341862421474,-0.03957027933320805,0.04883198714986574,-0.021237709435020808,0.0,0.0,0.0,,
3.062521000000004,-8.179249189560036,23.987445927878884,154.07491719659984,-0.053380658799234426,0.07191350255929986,-0.028848733733717134,0.0,0.0,0.0,,
3.072025999999994,-8.291397069107447,23.865110633573494,153.95139258622837,-0.03761025629086478,0.08191413157825425,-0.021767433018193966,0.0,0.0,0.0,,
3.0815429999999537,-8.365533519199548,23.765372821379696,153.90210474579018,0.027087322531198083,0.06473384429449512,0.009427497859931497,0.0,0.0,0.0,,
3.091050999999993,-8.392280066420325,23.707112359048143,153.93742071295833,0.0515942638672283,0.060000885942598746,0.021113445234897568,0.0,0.0,0.0,,
3.100557999999978,-8.38410055177043,23.71965918213663,154.04258747185872,0.06931299250930524,0.04440932347130918,0.0697955277701865,0.0,0.0,0.0,,
3.110085999999967,-8.357041493181882,23.828059238977783,154.18504688684882,0.08752797298024183,0.02074783789384043,0.08899232027463226,0.0,0.0,0.0,,
3.1195789999999874,-8.339240805878042,23.99146407777104,154.32195274540896,0.08386742263730575,0.0036681544755786176,0.08828734739034097,0.0,0.0,0.0,,
3.129101999999989,-8.346879591532602,24.168365577297386,154.40730694050805,0.05721407386632435,-0.000977982126386986,0.07575047304565113,0.0,0.0,0.0,,
3.1385999999999967,-8.381934546722155,24.341944652425248,154.40911830983038,0.023661961155626993,-0.017447968662427878,0.05415080763811012,0.0,0.0,0.0,,
3.1481259999999907,-8.45789019942029,24.46564278223916,154.31754122330815,0.0,0.0,0.0,0.0,0.0,0.0,,
3.1576319999999782,-8.557626790641061,24.506497309629733,154.1530750549728,0.0,0.0,0.0,0.0,0.0,0.0,,
3.1671460000000025,-8.669190367554126,24.499786308591307,153.94906685398254,-0.028321019275222695,0.013844262513980653,-0.01436603631925697,0.0,0.0,0.0,,
3.1861659999999574,-8.843911897839233,24.384656917705588,153.6142002120593,-0.023189120701365275,0.011504016953283742,-0.011733989394723032,0.0,0.0,0.0,,
3.1956729999999993,-8.880718996477539,24.339413069041772,153.55493413327437,0.010131926318019,0.024149552038106772,0.0037206313391601907,0.0,0.0,0.0,,
3.205189999999959,-8.873538815044457,24.327140429516955,153.5829688066805,0.010253602688767167,0.024467427144936604,0.003766251437641414,0.0,0.0,0.0,,
3.2242009999999937,-8.782466428732059,24.370506522720927,153.80492643834287,0.012455539819118405,-0.014506304748635894,0.06138713331461763,0.0,0.0,0.0,,
3.2337139999999636,-8.736185816033837,24.43606292945662,153.90848543890152,0.022801874151414325,-0.020874474429327525,0.07579683701523461,0.0,0.0,0.0,,
3.2432230000000004,-8.720311047288416,24.50305182185498,153.9502755556391,0.021460749173974634,-0.021034055278567578,0.08086899251159571,0.0,0.0,0.0,,
3.2527379999999653,-8.745160164560877,24.562682213069635,153.90758973848799,0.0037824676229306,-0.04064805653010876,0.0719780971240527,0.0,0.0,0.0,,
3.262247000000002,-8.808474866954755,24.606164770875537,153.78321001109066,-0.011436748675574182,-0.041690136937413365,0.06194199768571668,0.0,0.0,0.0,,
3.2717719999999986,-8.907324309889125,24.621332983515103,153.5980891665758,-0.03603823681897631,-0.03236411301002449,0.03903270091975596,0.0,0.0,0.0,,
3.2812809999999786,-9.015540462376027,24.60943826879176,153.3858977443607,-0.03601249077929088,-0.03628315910945629,0.03480662358004167,0.0,0.0,0.0,,
3.2907859999999687,-9.125162882640916,24.579977124461603,153.17782335907313,-0.034832208638718686,-0.03942609847302952,0.029064958126381758,0.0,0.0,0.0,,
3.300288999999964,-9.231070665663609,24.541410774508076,152.99338337439124,-0.03813096788654649,-0.02683989933569973,-0.017312943587464016,0.0,0.0,0.0,,
3.309806999999978,-9.312910015180822,24.49292969360901,152.8477258561889,-0.04189514413770536,-0.021992273944828604,-0.0193824474949122,0.0,0.0,0.0,,
3.319313999999963,-9.377852112253427,24.441998911240095,152.73614446476023,-0.0326949232303981,-0.01242527580745861,-0.015342806193078332,0.0,0.0,0.0,,
3.3288369999999645,-9.415451318472192,24.391468411102757,152.6532593381696,0.0,0.0,0.0,0.0,0.0,0.0,,
3.3383309999999824,-9.438911939975617,24.349166966245157,152.58345823208137,-0.013949517796865193,0.0013324207578565472,0.02871780215462904,0.0,0.0,0.0,,
3.347851999999989,-9.451079295199651,24.33730454332404,152.51275208235862,0.0235184466667582,0.012299845094063396,0.05204187638248417,0.0,0.0,0.0,,
3.3573579999999765,-9.453419943692788,24.351178918360787,152.43694243056999,0.045008031906882386,0.02296390089974912,0.06888139958085834,0.0,0.0,0.0,,
3.3668729999999982,-9.466157155247311,24.397292314352196,152.35616840911206,0.06024109648625999,0.03996524575349735,0.06777084499459783,0.0,0.0,0.0,,
3.376383999999973,-9.483224029758418,24.474274951964087,152.2836282149545,0.05792502172615024,0.05213584041595482,0.0705899312363672,0.0,0.0,0.0,,
3.3858899999999608,-9.511810429789453,24.570180693779196,152.23178908316493,0.04550977604718809,0.05896495528092841,0.06322225319675995,0.0,0.0,0.0,,
3.39540199999999,-9.553043532819887,24.664479452884677,152.2091390878779,0.011972943341053996,0.06561318638031197,0.04355406384884071,0.0,0.0,0.0,,
3.4049119999999675,-9.600049845532073,24.751789289375594,152.21292451239302,0.006907373176256769,0.04408082182791606,0.03131815379422847,0.0,0.0,0.0,,
3.4144259999999917,-9.655527890125915,24.820124692475368,152.22483044168695,0.0,0.0,0.0,0.0,0.0,0.0,,
3.4239339999999743,-9.697238428985013,24.84685117716218,152.22890236431144,-0.013937893872284886,0.0013766020090369307,0.0280178740343226,0.0,0.0,0.0,,
3.4334499999999935,-9.746500768674215,24.845098295365027,152.203775901512,0.0,0.0,0.0,0.0,0.0,0.0,,
3.4429680000000076,-9.790937063305615,24.815684602274096,152.14886905886922,0.0,0.0,0.0,0.0,0.0,0.0,,
3.452473999999995,-9.815211993954737,24.763499330767214,152.08053604750327,0.0,0.0,0.0,0.0,0.0,0.0,,
3.4619819999999777,-9.824168851795665,24.710930350520815,152.0179659002761,0.0,0.0,0.0,0.0,0.0,0.0,,
3.4714989999999943,-9.788172538011386,24.66786860527989,151.99432073072194,0.0,0.0,0.0,0.0,0.0,0.0,,
3.4810099999999693,-9.71891332933559,24.648782771695085,152.02757807829326,0.014453406152871402,0.032636395049633386,0.005542190128919631,0.0,0.0,0.0,,
3.5000239999999962,-9.46544083323637,24.69250866619281,152.28957910431225,0.010233311400212615,0.05564266432376419,0.0365696487211263,0.0,0.0,0.0,,
3.5095339999999737,-9.321703813943525,24.74732793167423,152.47533874048295,0.014110674699986371,0.06053265620390243,0.03354044936724297,0.0,0.0,0.0,,
3.519046000000003,-9.188195371370181,24.805134000979592,152.65752811327596,0.010235504591356373,0.05521498078227971,0.03520046637103509,0.0,0.0,0.0,,
3.528560999999968,-9.09316846194394,24.849061202879508,152.80502756514946,0.007350890837206205,0.048934789146740584,0.03417344927904848,0.0,0.0,0.0,,
3.538071000000002,-9.035690707308559,24.86848245915582,152.9035689277903,-0.00013001571695867427,0.03696593321808194,0.03657551037259753,0.0,0.0,0.0,,
3.5475759999999923,-9.015277475795601,24.854648943492325,152.95700736965557,-0.019411735732665168,0.0021646559116467643,0.03944871612584027,0.0,0.0,0.0,,
3.5570859999999698,-9.030216045217177,24.824309918849895,152.9806548888143,0.0,0.0,0.0,0.0,0.0,0.0,,
3.5666049999999814,-9.028112098519648,24.77104169373527,153.01179709183836,0.0,0.0,0.0,0.0,0.0,0.0,,
3.576112999999964,-8.99619575878115,24.71745965631195,153.07788869619213,-0.015656186302372126,0.001696547103574497,0.03199435789303283,0.0,0.0,0.0,,
3.5856259999999907,-8.93952244742215,24.701167085897193,153.18685304928508,-0.009809418371604373,-0.02305107479829706,-0.003572381579558473,0.0,0.0,0.0,,
3.595133999999973,-8.820082063667474,24.70041180163968,153.34619981885814,-0.014226784042942418,-0.03360761953166598,-0.005133901064561097,0.0,0.0,0.0,,
3.6046519999999873,-8.657644628287821,24.72249160782545,153.53463032795148,-0.017016216797296983,-0.04043720884452241,-0.006055576549556473,0.0,0.0,0.0,,
3.6141569999999774,-8.473986072535732,24.747086653073225,153.71445806751063,-0.026058709264044026,-0.03452188701966602,0.01752129725806454,0.0,0.0,0.0,,
3.6236710000000016,-8.288853921584767,24.772068040036153,153.8570108423664,-0.03071702309523216,-0.029465422453319266,0.03161990020810136,0.0,0.0,0.0,,
3.633172000000002,-8.152381819011016,24.77703741350472,153.94090419214226,-0.01557367589356848,0.0019639592361417714,0.032179223193158156,0.0,0.0,0.0,,
3.6426799999999844,-8.051615421335812,24.757011403898584,153.9699273667087,-0.02311115320826143,0.002987362837240098,0.04787510384301965,0.0,0.0,0.0,,
3.652202999999986,-8.011537995732873,24.746124272219493,153.944384778067,-0.02481329319227921,0.0032540958861649897,0.05146357336169589,0.0,0.0,0.0,,
3.661719000000005,-8.02064783937805,24.753472754171728,153.87802074791287,0.0002352624319454979,-0.008337290196218846,0.05948018746409028,0.0,0.0,0.0,,
3.6712229999999977,-8.066284472197703,24.780389336753164,153.79239107081455,0.00606505091848457,-0.010733762878426157,0.05872845590824319,0.0,0.0,0.0,,
3.6807339999999726,-8.12687529374164,24.83198977313509,153.70854474917812,0.008079113181932126,-0.009652197172232195,0.04449130695327643,0.0,0.0,0.0,,
3.6902450000000044,-8.173320143430896,24.89351303950797,153.64691003173832,-0.012502276541397092,0.0016488188080778122,0.025719159251724386,0.0,0.0,0.0,,
3.699750999999992,-8.207052193895152,24.945526995100018,153.61479981447857,0.0,0.0,0.0,0.0,0.0,0.0,,
3.7092700000000036,-8.207077178491819,24.986148934596578,153.61535064159733,0.0,0.0,0.0,0.0,0.0,0.0,,
3.718775999999991,-8.189619416679424,25.005682652441365,153.63789238186388,0.0,0.0,0.0,0.0,0.0,0.0,,
3.7377919999999563,-8.14115224399053,24.975082939841048,153.68363200975008,-0.013398748842944532,0.0017876437572514408,0.027486490528610744,0.0,0.0,0.0,,
3.7473079999999754,-8.13958438489988,24.94746627275322,153.67579002448937,-0.011803845476591504,0.0015734290780914002,0.024242713728164344,0.0,0.0,0.0,,
3.7568259999999896,-8.157252795303748,24.912311321101278,153.63873981522428,-0.015426826970873631,0.0020496972286117433,0.031721145456956076,0.0,0.0,0.0,,
3.7663420000000087,-8.195862945291758,24.88149900251881,153.57625942755413,0.007871153945046163,-0.009009152049367941,0.040068427779769024,0.0,0.0,0.0,,
3.7758369999999672,-8.25467061476441,24.858658003779997,153.4998619067281,0.010679732248492035,-0.009752437411552684,0.03654637216901735,0.0,0.0,0.0,,
3.785357999999974,-8.317377671080768,24.846095893448865,153.4286716493506,0.008653529418816499,-0.008642340095387951,0.03446038181660693,0.0,0.0,0.0,,
3.794866999999954,-8.375672678167719,24.846726907478025,153.37782288648,0.0,0.0,0.0,0.0,0.0,0.0,,
3.8043839999999705,-8.41288705605021,24.86992205539971,153.35931844502733,0.02551677745341782,-0.012800519211651675,0.013233093096786488,0.0,0.0,0.0,,
3.813894000000005,-8.428748660106116,24.920993849539418,153.3747561740299,0.03355788765137126,-0.016823035216462723,0.017441558123849312,0.0,0.0,0.0,,
3.8234129999999595,-8.430174084065435,25.012617130784143,153.41714246245513,0.0470030299403121,-0.023519777288130924,0.024522828586259076,0.0,0.0,0.0,,
3.8329049999999825,-8.428381448173534,25.142665134526258,153.47628415606434,0.06013428936683971,-0.030012935302045667,0.03154355520843593,0.0,0.0,0.0,,
3.8424229999999966,-8.437346673112014,25.302880245942035,153.53922464498356,0.06692682588033645,-0.03331129631156323,0.03534280794912034,0.0,0.0,0.0,,
3.8519339999999715,-8.453723734889733,25.48541899584476,153.59864647415299,0.06472967347405825,-0.03213399493052463,0.03444703491946255,0.0,0.0,0.0,,
3.861437999999964,-8.48289057221624,25.669085170003118,153.650790045905,0.052075995279787304,-0.025793235552342683,0.0279296186523262,0.0,0.0,0.0,,
3.8709429999999543,-8.51612793496069,25.824623821063838,153.69728406633712,0.013805973366515763,-0.012662595000603813,0.04753710758831576,0.0,0.0,0.0,,
3.8804719999999975,-8.55385641127873,25.947371550461764,153.74006160463438,-0.015503427758512699,0.001982966310732301,0.03037584073677213,0.0,0.0,0.0,,
3.8899680000000103,-8.579035267685576,26.01625669703863,153.78710544747187,0.0,0.0,0.0,0.0,0.0,0.0,,
3.8994920000000093,-8.591477419146944,26.011683964684813,153.83980816075325,-0.011698901778592459,0.00146778686397745,0.022844234735713568,0.0,0.0,0.0,,
3.9089969999999994,-8.630498295750161,25.97802147958479,153.8792920966717,0.0,0.0,0.0,0.0,0.0,0.0,,
3.918513999999959,-8.656794638633116,25.900057608311464,153.9098115102502,0.0,0.0,0.0,0.0,0.0,0.0,,
3.928011999999967,-8.70782537988616,25.779122632698108,153.92009215999423,0.0,0.0,0.0,0.0,0.0,0.0,,
3.9375329999999735,-8.764959900540726,25.6433230408296,153.91529739138875,0.0,0.0,0.0,0.0,0.0,0.0,,
3.9565569999999752,-8.900938366211541,25.316548294652915,153.8919020087771,-0.01551406368395151,0.0016287260957358269,0.030964593431166497,0.0,0.0,0.0,,
3.966062999999963,-8.95140948089222,25.1462767073804,153.88750853711662,-0.022004048276786935,0.0022248195058079475,0.04417658698515791,0.0,0.0,0.0,,
3.9755759999999896,-9.001451844023443,24.989187212306305,153.88667891210667,-0.0217816742573513,0.0021196474859102544,0.04396533949190516,0.0,0.0,0.0,,
3.985081999999977,-9.032553852714006,24.82737462933296,153.89083564069557,-0.01750324541262276,0.029011075046816243,0.06156870552255175,0.0,0.0,0.0,,
3.994598999999994,-9.055771158427284,24.67700631920064,153.89016552332748,-0.019916114251531423,0.03350711312816769,0.07101770611128669,0.0,0.0,0.0,,
4.004109999999969,-9.086087670783431,24.55662615826918,153.87524544577516,-0.009496320945987196,0.03469281426611406,0.052092970782368554,0.0,0.0,0.0,,
4.013614999999959,-9.129906685363961,24.432320530002503,153.84358495639634,-0.012548201026481933,0.03710297874768002,0.060794660250375096,0.0,0.0,0.0,,
4.023135999999965,-9.18692403721016,24.326641300724134,153.79170239171717,-0.01442061517540707,0.03690542882671429,0.06467225835805653,0.0,0.0,0.0,,
4.032629999999983,-9.257714133113897,24.26345996750201,153.72329864106902,-0.012164600657926652,0.03229279919278419,0.05591533761473711,0.0,0.0,0.0,,
4.0421440000000075,-9.346083633199505,24.22737271151301,153.64709246929127,-0.007876129372261929,0.026616293441357936,0.04193974908968657,0.0,0.0,0.0,,
4.051664999999957,-9.433639459967583,24.222122668543143,153.57814042413654,-0.01903882177081669,0.0014566088336648059,0.03933969995005702,0.0,0.0,0.0,,
4.061177999999984,-9.509295049259718,24.27140245875825,153.5278104055118,-0.012724295672503353,0.0009569621028424978,0.026206050634727827,0.0,0.0,0.0,,
4.070681999999977,-9.556411422401684,24.34487945007326,153.50977011442023,0.0,0.0,0.0,0.0,0.0,0.0,,
4.080196999999998,-9.56478647855568,24.43094255066539,153.52774297063831,0.0,0.0,0.0,0.0,0.0,0.0,,
4.089700999999991,-9.537526484908215,24.544432648702838,153.57314035417824,0.0,0.0,0.0,0.0,0.0,0.0,,
4.099201999999991,-9.484714793992108,24.66054802101827,153.63162515870061,0.0,0.0,0.0,0.0,0.0,0.0,,
4.10871800000001,-9.422735522522519,24.760959362144558,153.68465514842364,0.0,0.0,0.0,0.0,0.0,0.0,,
4.11823899999996,-9.368056383070902,24.857452535613312,153.71276481998194,0.0,0.0,0.0,0.0,0.0,0.0,,
4.127747999999997,-9.338182215325569,24.945690076345556,153.70519408165777,0.0,0.0,0.0,0.0,0.0,0.0,,
4.1372670000000085,-9.340752680557696,25.00771117523296,153.66335890175657,-0.013525916853867928,0.0012013996483347534,0.027129116444765386,0.0,0.0,0.0,,
4.146759999999972,-9.376780464013502,25.06626961921198,153.59443660995387,0.010434626032333619,-0.011104862180291287,0.042152184150756826,0.0,0.0,0.0,,
4.156277999999986,-9.443494335752268,25.1287715131843,153.51237276500171,0.027910864358470216,0.009428203206390538,0.05348283919445832,0.0,0.0,0.0,,
4.165794000000005,-9.537013536471699,25.18963387231425,153.43309711606406,0.032646146470916904,0.012438189943660504,0.0524961693921929,0.0,0.0,0.0,,
4.175302999999985,-9.635920806718241,25.25724910654374,153.37224945833714,0.03121679662410815,0.007457879404610898,0.05021221333037498,0.0,0.0,0.0,,
4.184827999999982,-9.737100736104022,25.337083402856567,153.33279002814024,0.0340316532983856,-0.017091742768193016,0.01803170666624309,0.0,0.0,0.0,,
4.1943299999999795,-9.818063488826235,25.40671882514732,153.32087754347924,0.025638292843599707,-0.012883014803106687,0.01362861034652021,0.0,0.0,0.0,,
4.203829999999982,-9.876755441785075,25.458487344368283,153.33047474092947,0.0,0.0,0.0,0.0,0.0,0.0,,
4.213260999999989,-9.907142501207716,25.491955381429463,153.35205910098924,0.0,0.0,0.0,0.0,0.0,0.0,,
4.222861999999964,-9.914929868623735,25.492569930353298,153.3746358039013,0.0,0.0,0.0,0.0,0.0,0.0,,
4.232362999999964,-9.910441508544173,25.46072559078871,153.38694288428476,0.0,0.0,0.0,0.0,0.0,0.0,,
4.24189100000001,-9.906521163922301,25.40865762379291,153.3811427114369,-0.014154796152386621,0.0011068072510682604,0.027683866592650888,0.0,0.0,0.0,,
4.251396,-9.913263234928722,25.343600420423854,153.35673572965277,-0.01425049999999658,0.0011049220208931376,0.027939174003865613,0.0,0.0,0.0,,
4.260898999999995,-9.929055620249228,25.26505830074215,153.3223211757059,-0.019835862424646376,0.0015183342747925512,0.03899962971038052,0.0,0.0,0.0,,
4.270403999999985,-9.960607830169105,25.190127525627304,153.28482664498497,-0.01118245683983522,0.02457982463702526,0.044729630015574354,0.0,0.0,0.0,,
4.279927999999984,-9.999098141125115,25.123158302087926,153.25609765988088,-0.012487723215440968,0.030183410681813228,0.05274701358533541,0.0,0.0,0.0,,
4.289440999999954,-10.046058863035748,25.062862464904686,153.24154587524683,-0.008657854390884383,0.03184280550928557,0.04718823713856055,0.0,0.0,0.0,,
4.298950999999988,-10.094229917605142,25.016180921990117,153.24071954047062,-0.0059166788804640765,0.0283236221302354,0.03864886775168372,0.0,0.0,0.0,,
4.308459999999968,-10.136803832913786,24.97788655990172,153.24963718501647,-0.01573552195039774,0.0010458124487349,0.031174299874021986,0.0,0.0,0.0,,
4.317972999999995,-10.178139806542205,24.949069880275417,153.25807905415883,0.0,0.0,0.0,0.0,0.0,0.0,,
4.3274789999999825,-10.205879912504248,24.918933303017432,153.26178342912584,-0.012762384598769758,0.0008032687589770597,0.025310960407567102,0.0,0.0,0.0,,
4.336982999999975,-10.229508608128363,24.8941958987094,153.2534058710282,-0.01292575117410911,0.0007999954085842882,0.025649198703912177,0.0,0.0,0.0,,
4.346505999999977,-10.245204493131407,24.880067917679398,153.23403954412012,-0.012786963214939663,0.0007859855169045677,0.025381245675345415,0.0,0.0,0.0,,
4.356011999999964,-10.251162563702128,24.87276811502123,153.2119153951831,-0.013865927906877202,0.0008532949697015754,0.027528497697362472,0.0,0.0,0.0,,
4.3655109999999695,-10.256028699037197,24.87073490582622,153.1942090076962,-0.012768103804944326,0.0007870851547689141,0.025349250384516377,0.0,0.0,0.0,,
4.375035999999966,-10.248542822309734,24.877367821724498,153.19070075345937,-0.01398839852562714,0.0008682434191064677,0.027768587774914682,0.0,0.0,0.0,,
4.384552999999983,-10.233818363869085,24.89638527614711,153.20513171841313,-0.011841565360228515,0.0007414109197100215,0.02349522286077933,0.0,0.0,0.0,,
4.394067000000007,-10.216611649037475,24.917413857259035,153.2347351320079,0.0,0.0,0.0,0.0,0.0,0.0,,
4.403562999999963,-10.193721063511008,24.94108326744585,153.27426124590795,-0.011946960355972293,0.0007582089089771103,0.023678079945855357,0.0,0.0,0.0,,
4.413083999999969,-10.17561874782565,24.97072891311491,153.310629583441,0.0,0.0,0.0,0.0,0.0,0.0,,
4.422583999999972,-10.158341959337617,24.996252275924057,153.33630237402207,0.0,0.0,0.0,0.0,0.0,0.0,,
4.432111999999961,-10.145517037564344,25.01758556473568,153.34568423986744,0.0,0.0,0.0,0.0,0.0,0.0,,
4.441610999999966,-10.140534900051694,25.03476709613015,153.33717502635676,-0.012102945353228525,0.0007934569250946361,0.023920538500714995,0.0,0.0,0.0,,
4.451125999999988,-10.131167907039202,25.04086720474492,153.32163547604918,-0.015855421545121515,0.0010504722733029527,0.031335304355248055,0.0,0.0,0.0,,
4.4606339999999705,-10.12224290329448,25.040695165698892,153.3065312339388,-0.015731117713630203,0.0010514593220189736,0.031095291285588005,0.0,0.0,0.0,,
4.4701409999999555,-10.105332564539511,25.038744751948524,153.2999554887406,-0.01613885747142673,0.0010900554688330964,0.03191345783285213,0.0,0.0,0.0,,
4.479649999999992,-10.083511857781648,25.03729724257295,153.30561332169688,-0.017751437723689655,0.0012109342364235408,0.035117498294025114,0.0,0.0,0.0,,
4.489167000000009,-10.064214142852007,25.040769516541275,153.3194746278731,-0.017075925719602588,0.0011734710483703766,0.03378751617896866,0.0,0.0,0.0,,
4.498686999999961,-10.048688852142659,25.050163875962085,153.3337528203254,-0.01774887745722457,0.0012275186790472806,0.035115209788916205,0.0,0.0,0.0,,
4.508188999999959,-10.051195612124767,25.067473735901803,153.33734870192083,-0.01506713020393392,0.0010432086495565872,0.029787948186970385,0.0,0.0,0.0,,
4.517693000000008,-10.066679732625012,25.089000898635266,153.3257189803255,-0.014178897855132704,0.0009807020457953597,0.02800113308307339,0.0,0.0,0.0,,
4.527119999999968,-10.097611075803536,25.10839362636171,153.29704889344896,0.0,0.0,0.0,0.0,0.0,0.0,,
4.536721,-10.136177698671732,25.11328861609556,153.2565842374739,-0.011500645499255837,0.0007841552629878716,0.022664622286128516,0.0,0.0,0.0,,
4.546234999999967,-10.167109202532489,25.100701457690157,153.21653225955296,-0.014257293606658764,0.0009637557001146387,0.028096965712567503,0.0,0.0,0.0,,
4.555744000000004,-10.187813926236958,25.072128742163656,153.18532486218305,-0.012857061075991315,0.0008615633481152198,0.02535732701264406,0.0,0.0,0.0,,
4.565246999999999,-10.187721148621163,25.035125912502977,153.17288292265934,-0.013271315220558563,0.0008856391430547107,0.02621246582820561,0.0,0.0,0.0,,
4.574765999999954,-10.177665639903962,25.000476605714628,153.1812398758307,-0.01246894994870474,0.0008289735717483521,0.02466509899530468,0.0,0.0,0.0,,
4.584278999999981,-10.157177157293207,24.978414498798625,153.20811495180317,-0.01224920312679046,0.0008140449014441193,0.02425931316427367,0.0,0.0,0.0,,
4.593787999999961,-10.127243594482337,24.97942357894805,153.24860144296088,0.009792982916932598,-0.010227053759821277,0.035397832512438235,0.0,0.0,0.0,,
4.603296,-10.10032966657342,24.99961800930676,153.29020215274673,0.0267754047934894,-0.01347236309768965,0.013976755062238095,0.0,0.0,0.0,,
4.61280899999997,-10.071605708002805,25.029768478264348,153.3273857637379,0.015547902699493769,-0.012775879794864104,0.0367354331885078,0.0,0.0,0.0,,
4.622323999999992,-10.0519935098062,25.064734571244237,153.35058676792355,0.008803628793067212,-0.010126728608706436,0.03758009596139792,0.0,0.0,0.0,,
4.631831999999974,-10.03916655977295,25.09381171251576,153.35915876352516,-0.011954456534931948,0.0008325439059288354,0.023614263586601087,0.0,0.0,0.0,,
4.641340999999954,-10.032114864280848,25.109781785205417,153.35604851983788,-0.01277420628628475,0.000896315764406539,0.02522107914523219,0.0,0.0,0.0,,
4.650854999999979,-10.033597556007619,25.112545586377067,153.34380350729077,-0.013888410456296442,0.0009772403481920029,0.027417678903066366,0.0,0.0,0.0,,
4.669885999999963,-10.031528975251685,25.107844385697742,153.32166047523964,-0.011443507457510394,0.0008097969583709742,0.022596675042547136,0.0,0.0,0.0,,
4.679380999999978,-10.029195294862983,25.110757825128047,153.31955679820675,0.0,0.0,0.0,0.0,0.0,0.0,,
4.688893000000007,-10.021103680136147,25.121724696130137,153.32944160675876,-0.011699984944003095,0.0008329367507729189,0.02309464770328762,0.0,0.0,0.0,,
4.698399999999992,-10.009473984929107,25.141286423255156,153.35275722319238,-0.011534975030302548,0.0008243345500957628,0.022755581738185714,0.0,0.0,0.0,,
4.707922999999994,-9.994774661590828,25.157559025830754,153.39234177805753,-0.014442258823518786,0.0010328884982307783,0.028478805233396347,0.0,0.0,0.0,,
4.717425999999989,-9.982197380101725,25.17184328165261,153.4451958748617,-0.01679562687825667,0.0011964616214378764,0.033106121264314614,0.0,0.0,0.0,,
4.726939999999956,-9.976666051527038,25.18870845743768,153.50610747224405,-0.014534998327688304,0.0010260405214840979,0.028631946436904688,0.0,0.0,0.0,,
4.736449999999991,-9.979128517644831,25.19627668747341,153.5725692010486,-0.01589337896338148,0.0011035669136751772,0.03129464748686635,0.0,0.0,0.0,,
4.745967000000007,-9.989356003320205,25.19679418673226,153.63827458817715,-0.016905728309237814,0.0011482262665881535,0.03327878297241363,0.0,0.0,0.0,,
4.7554700000000025,-10.005917425378973,25.196240749407966,153.70029950869127,-0.01637692451930472,0.0010845516149187492,0.032226924582051585,0.0,0.0,0.0,,
4.764976999999988,-10.02230724904551,25.187856984300613,153.7585937299949,-0.01592824566642167,0.0010273442315955573,0.031343269829757964,0.0,0.0,0.0,,
4.774490999999955,-10.033993736064456,25.172552536425698,153.81283770862672,-0.013899791436382059,0.0008746059806431001,0.027360879617198228,0.0,0.0,0.0,,
4.783999999999992,-10.039612002182166,25.155627564726924,153.8634838290404,-0.013624524739702328,0.0008393720394782019,0.02683268241842407,0.0,0.0,0.0,,
4.793520999999998,-10.033981144977322,25.13784478751425,153.91046794678832,-0.013550863338572175,0.0008232530500400899,0.026707411798199007,0.0,0.0,0.0,,
4.803020000000004,-10.023242935857985,25.120106280981247,153.95218307181608,-0.01236721378464742,0.0007442128748853317,0.02439490477454544,0.0,0.0,0.0,,
4.812545,-10.008919453514755,25.109170691883214,153.98693576870406,-0.011755905606797928,0.0007046746941055081,0.023203869666281043,0.0,0.0,0.0,,
4.822045000000003,-9.995597133089843,25.102859233720753,154.01111810112644,-0.013036722713100413,0.0007811412047757874,0.02574355938358741,0.0,0.0,0.0,,
4.831559999999968,-9.985875326324223,25.096587494348782,154.02606940428979,-0.011567793068839437,0.00069321834339013,0.022851944042925735,0.0,0.0,0.0,,
4.84106700000001,-9.980765337512533,25.089869779934528,154.0319048448842,-0.002178417810735393,0.028455754834822548,0.030794199953165773,0.0,0.0,0.0,,
4.8505799999999795,-9.984834724771044,25.08588612719104,154.02930325847558,0.0005894294153075844,0.03509994822331803,0.031701957193091906,0.0,0.0,0.0,,
4.860095000000001,-9.99964329488572,25.08187678315555,154.01888403351188,0.0008450922047752189,0.03829328376819693,0.03421790229823725,0.0,0.0,0.0,,
4.869609999999966,-10.029349394117164,25.07709711966421,154.00086829252328,-0.0015672992709920021,0.03935305478108993,0.039875033495562845,0.0,0.0,0.0,,
4.87912,-10.06998580627631,25.081468161024276,153.97592392132847,-0.001795430113134676,0.035550569822280075,0.036772850681201404,0.0,0.0,0.0,,
4.888631999999973,-10.11866466190661,25.085892130478562,153.9465217997662,-0.0027676049216295196,0.03075724617498476,0.034168120794408424,0.0,0.0,0.0,,
4.89813799999996,-10.16497792553785,25.08858154426085,153.91879943686723,-0.004430461543805659,0.024209780621318552,0.03123299126927819,0.0,0.0,0.0,,
4.907650999999987,-10.199754370127529,25.09525086673141,153.89857572884634,-0.01352185734112602,0.0007355306559759461,0.026618781644779432,0.0,0.0,0.0,,
4.917160999999965,-10.220129843543775,25.103911983369038,153.89142697354066,-0.012367877569375617,0.0006666504007511781,0.024330481262258955,0.0,0.0,0.0,,
4.9266680000000065,-10.224096327990885,25.11061104141161,153.90016397372548,-0.01295123584232629,0.0006954270941829199,0.02546947659825137,0.0,0.0,0.0,,
4.93620599999997,-10.211435242353378,25.124254726669857,153.92485345200294,0.0,0.0,0.0,0.0,0.0,0.0,,
4.945695000000001,-10.184008254862693,25.144272628972978,153.96070199606658,0.0,0.0,0.0,0.0,0.0,0.0,,
4.955206999999973,-10.146919783831247,25.160786788480902,154.00021028453628,-0.01180981893990262,0.0006542770616151684,0.0232079287899156,0.0,0.0,0.0,,
4.964718000000005,-10.100748841476557,25.17352066989889,154.03337840974524,-0.013892697513367044,0.000787122273201213,0.02730821559982971,0.0,0.0,0.0,,
4.974227999999982,-10.058724428309837,25.18362754332514,154.04936109537363,-0.014643882031119042,0.0008497909317180693,0.028793672203479264,0.0,0.0,0.0,,
4.983736999999962,-10.026653382529425,25.185304218895553,154.0438597110298,-0.014492980399735058,0.0008595683584414737,0.028510904984413384,0.0,0.0,0.0,,
4.9932529999999815,-10.012153501922276,25.184371900543216,154.01491987092777,-0.014689053760189245,0.0008861739288547165,0.028905732115257474,0.0,0.0,0.0,,
5.002756999999974,-10.020096636143103,25.18738071967059,153.96741177950815,-0.014490087511598266,0.0008826367296193631,0.028508393108666843,0.0,0.0,0.0,,
5.0122670000000085,-10.047408561732805,25.19389950568261,153.91128043531552,-0.014000550671701138,0.0008539500163389117,0.027526967727746755,0.0,0.0,0.0,,
5.0217739999999935,-10.080531475903726,25.206277424589235,153.86205013830465,-0.015200922417246285,0.0009245575514867425,0.029857171047943786,0.0,0.0,0.0,,
5.031286999999963,-10.113730504862948,25.222429950549515,153.830534286907,-0.014424439288134106,0.000871083560548945,0.02829895814473615,0.0,0.0,0.0,,
5.05030499999998,-10.12611599580588,25.246318970830803,153.84799228732624,-0.013202534274518455,0.0007915330585168474,0.025871657862021294,0.0,0.0,0.0,,
5.059824999999989,-10.09877700273046,25.245197797757235,153.89168562957119,-0.012716142738187258,0.0007649908098383964,0.02493018419325098,0.0,0.0,0.0,,
5.069339999999954,-10.059401541838033,25.233152734649263,153.94128555006083,-0.011951171697645702,0.0007236778558470646,0.023456075562971468,0.0,0.0,0.0,,
5.078842000000009,-10.015724807369837,25.213199436624517,153.98346903268472,-0.012811655634984513,0.0007831804074073622,0.02518223224997552,0.0,0.0,0.0,,
5.0883609999999635,-9.977619221119976,25.192068393479687,154.0071940978238,-0.013673614342513412,0.000845257307251673,0.026915573421975002,0.0,0.0,0.0,,
5.097870999999998,-9.952806688153546,25.172901282876232,154.00797226970235,-0.014118431501677148,0.000881708528352041,0.027823825621130154,0.0,0.0,0.0,,
5.1073729999999955,-9.943341548864867,25.156053687673314,153.98777916433963,-0.016247359311694375,0.001022394059505704,0.03204643180886672,0.0,0.0,0.0,,
5.116895999999997,-9.949521686690279,25.146718328198126,153.953924720035,-0.015668943157812823,0.0009898500616169928,0.030914715751262534,0.0,0.0,0.0,,
5.135906999999975,-9.991747023076476,25.149640743201434,153.8825205873473,-0.014306072757571876,0.0009002787455547665,0.028204240284599242,0.0,0.0,0.0,,
5.145431999999971,-10.014581247167307,25.157192600311117,153.85984690636437,-0.012821549482201449,0.000802614440605228,0.025260735283312692,0.0,0.0,0.0,,
5.154939999999954,-10.029416614444633,25.165056495940853,153.84617308237088,-0.012098563642509757,0.0007550086763754373,0.02382325904845593,0.0,0.0,0.0,,
5.1644489999999905,-10.036159525354087,25.165458657496934,153.8388907510232,-0.01564392035672531,0.0009745142737621342,0.030800589428113173,0.0,0.0,0.0,,
5.1739579999999705,-10.042029975985157,25.16389577621013,153.8288870958378,-0.015204604851994617,0.0009462655498016855,0.029934759131848905,0.0,0.0,0.0,,
5.183474999999987,-10.042561815047359,25.176854442214335,153.81509749481262,-0.013044249358927881,0.0008169517253056977,0.025668624348025738,0.0,0.0,0.0,,
5.192983999999967,-10.044249822242074,25.187985698538586,153.80004001148166,-0.01739866187230097,0.0010957531387796064,0.034221987997811336,0.0,0.0,0.0,,
5.2024920000000066,-10.045162841586228,25.20943894816254,153.7863323361565,-0.01250508148345586,0.0007936933514810854,0.02457606050181711,0.0,0.0,0.0,,
5.211999999999989,-10.035631962191204,25.24489517565671,153.7836165066499,-0.014726564615950326,0.0009473477877436152,0.028906784149108033,0.0,0.0,0.0,,
5.221499999999992,-10.02274877268307,25.296458894589513,153.7921189932937,0.0,0.0,0.0,0.0,0.0,0.0,,
5.231019000000003,-9.995512558353678,25.350312293673163,153.81722061345184,0.0,0.0,0.0,0.0,0.0,0.0,,
5.240527999999983,-9.963120995065402,25.409008243400347,153.85335781467535,-0.012244934361928524,0.0008310274388762429,0.023910418447407676,0.0,0.0,0.0,,
5.259555999999975,-9.882271007632077,25.522889739298062,153.93418422609025,-0.011779212852019313,0.0008343131541416267,0.022928852453923666,0.0,0.0,0.0,,
5.269069000000002,-9.852651644277902,25.571302797203668,153.95938493846916,0.0,0.0,0.0,0.0,0.0,0.0,,
5.278581999999972,-9.8336293142395,25.614552112023866,153.96628789200193,-0.014066331481073413,0.0010294212056918821,0.027305053261513557,0.0,0.0,0.0,,
5.297587999999962,-9.821229267862153,25.701396959787907,153.92175978322211,0.013548608214003537,-0.01239858635761196,0.04169119085490935,0.0,0.0,0.0,,
5.307116000000008,-9.820492589635935,25.750193527013828,153.87973056247196,0.019653899750169953,-0.015382339062523794,0.044865625116744225,0.0,0.0,0.0,,
5.316611999999964,-9.820800570739559,25.808973309345422,153.83647480766186,0.022003004330075415,-0.01664084656359924,0.04668509786562553,0.0,0.0,0.0,,
5.326126999999985,-9.82121196496228,25.863457413382207,153.7999620982494,0.013868540941526107,-0.013106644966102126,0.045025314369469216,0.0,0.0,0.0,,
5.335645999999997,-9.824133654748591,25.915117413923717,153.77329951112114,-0.015553353337788145,0.0012547320437407998,0.02985525966216428,0.0,0.0,0.0,,
5.3451559999999745,-9.82707286553377,25.95567207356211,153.7554444058805,-0.015717315127980268,0.0012791190429230026,0.0301221625697892,0.0,0.0,0.0,,
5.354659999999967,-9.836318081655437,25.96618874002756,153.74036648362713,-0.01678761631344432,0.0013673037823612216,0.03215602054017559,0.0,0.0,0.0,,
5.364180999999974,-9.854566188606354,25.94802030837947,153.71786923802796,-0.015839172810062658,0.0012824304370512402,0.030352107831466364,0.0,0.0,0.0,,
5.373689999999954,-9.885286318489483,25.909384256653876,153.6804430175731,-0.01494169897172333,0.0011960222598775883,0.028661459956028788,0.0,0.0,0.0,,
5.3832009999999855,-9.936127583633969,25.8506900486906,153.62095841995293,0.0,0.0,0.0,0.0,0.0,0.0,,
5.392718000000002,-9.998803020798375,25.782390796875983,153.5428098250402,-0.013371805410935547,0.001027118351073822,0.02573070429506332,0.0,0.0,0.0,,
5.40221600000001,-10.072978758210212,25.724648512055293,153.4518757437692,0.0,0.0,0.0,0.0,0.0,0.0,,
5.41173699999996,-10.144697971735901,25.681072805593015,153.363374901636,0.0,0.0,0.0,0.0,0.0,0.0,,
5.42123799999996,-10.203315855607928,25.656588341568835,153.29380840736005,-0.011723307598953627,0.0008472361484948932,0.022595619353397385,0.0,0.0,0.0,,
5.430750999999987,-10.237509842021424,25.65997859660703,153.25265768988143,-0.013470649977205158,0.0009674103236293173,0.02594605187716021,0.0,0.0,0.0,,
5.4402639999999565,-10.242527261447899,25.68911602538951,153.243754769939,-0.013477248951374097,0.0009726709959102125,0.025927776440232007,0.0,0.0,0.0,,
5.449771999999996,-10.221455453549241,25.733860638807027,153.26150146201383,-0.01350577362792828,0.000988464869065895,0.025946962241172496,0.0,0.0,0.0,,
5.459282999999971,-10.183961839315147,25.784411176123132,153.2926221695201,-0.012856807411941559,0.0009594556300306005,0.024667324656182776,0.0,0.0,0.0,,
5.468796999999995,-10.139642322475453,25.828081922504573,153.32486099581433,-0.012621991786078288,0.0009617391035468671,0.02419373488270129,0.0,0.0,0.0,,
5.47831199999996,-10.1062844802221,25.85343168010172,153.3432110056392,-0.002789725584707822,0.026604355159806938,0.029777168583377416,0.0,0.0,0.0,,
5.487820999999997,-10.095256276756832,25.858539716515818,153.33891008631886,-0.0036255963660421072,0.026843366510102672,0.03153638676875914,0.0,0.0,0.0,,
5.497332999999969,-10.115942086405306,25.852069526944543,153.31003387597906,-0.0022513829530853165,0.027338318853062364,0.0294936041894225,0.0,0.0,0.0,,
5.506839999999954,-10.163827057036137,25.835836688315993,153.26570573424823,-0.003714537433796631,0.02487050413821742,0.02995833472163163,0.0,0.0,0.0,,
5.5163499999999885,-10.227742284100929,25.81479230804675,153.21916942261166,-0.014052617578049641,0.0010504141260935323,0.026912493739366307,0.0,0.0,0.0,,
5.525863999999956,-10.287164337962421,25.800810812556207,153.18622957888488,-0.015215649078416051,0.001111315003073964,0.029126748195093078,0.0,0.0,0.0,,
5.535364999999956,-10.330228881118892,25.797453260108405,153.1773777326297,-0.015493568071903278,0.0011096925318214335,0.029640818908359286,0.0,0.0,0.0,,
5.544887999999958,-10.344774559468798,25.80534597653428,153.19556941062586,-0.015095026227268523,0.0010700941984679764,0.028861745434144857,0.0,0.0,0.0,,
5.554404999999974,-10.331167018710849,25.824987519457373,153.23604952873868,-0.013455966652083973,0.0009542443638701787,0.025713297639327334,0.0,0.0,0.0,,
5.563912999999957,-10.294902425142867,25.849196987463703,153.2878745586569,0.0,0.0,0.0,0.0,0.0,0.0,,
5.573419999999999,-10.24313048777897,25.867192030105038,153.3390705197588,0.0,0.0,0.0,0.0,0.0,0.0,,
5.582926999999984,-10.18897362016859,25.8756042091036,153.38038616188942,0.0,0.0,0.0,0.0,0.0,0.0,,
5.592438999999956,-10.139772170672865,25.87299011912324,153.4066061008025,-0.013361101096746378,0.0010064545951206513,0.025563583570689132,0.0,0.0,0.0,,
5.601951999999983,-10.103920489516794,25.860431680628317,153.41742399134984,-0.01585589241662535,0.001209058466548121,0.030369670230112177,0.0,0.0,0.0,,
5.611450999999988,-10.089393750680344,25.845067825687316,153.41603514800536,-0.016111950001340896,0.0012341697010391486,0.030886061232890963,0.0,0.0,0.0,,
5.620970999999997,-10.094072726690403,25.830918712758624,153.40867454184837,-0.017077624530142915,0.0013044347358885852,0.03275269876416773,0.0,0.0,0.0,,
5.630476999999985,-10.113582166141702,25.822128018107925,153.40096135051007,-0.016508412084977952,0.0012498770231743278,0.03166141788930277,0.0,0.0,0.0,,
5.639996999999994,-10.136764927596458,25.814379670053,153.39860472139586,-0.01673818997784997,0.001252499962270018,0.032098966487827424,0.0,0.0,0.0,,
5.649510999999961,-10.15727958067143,25.805838952522873,153.40324052929287,-0.015382522410692745,0.0011368991342602202,0.02949828410667937,0.0,0.0,0.0,,
5.659016000000008,-10.16755255122682,25.79487207423995,153.41306290706817,-0.014340531074659832,0.001050163800832092,0.027506483176415783,0.0,0.0,0.0,,
5.668532999999968,-10.164163271996602,25.782661364900378,153.42569457445754,-0.011583719274422519,0.0008453010910531072,0.022230010446490093,0.0,0.0,0.0,,
5.678029999999978,-10.146369973843615,25.762297617047267,153.43723405186614,0.0,0.0,0.0,0.0,0.0,0.0,,
5.68754100000001,-10.118777980779617,25.73818956921044,153.4468671017706,0.0,0.0,0.0,0.0,0.0,0.0,,
5.697068000000002,-10.087275735151875,25.708439193594614,153.4549186395207,0.0,0.0,0.0,0.0,0.0,0.0,,
5.706569999999999,-10.055961052579068,25.6845618700185,153.4613816231611,-0.012404785817757374,0.0009297753650499001,0.023939085124344738,0.0,0.0,0.0,,
5.716088999999954,-10.029652934504076,25.66407810182534,153.46595341534282,-0.005033946577107027,0.02442324466288091,0.03208000656618919,0.0,0.0,0.0,,
5.725594999999998,-10.013156360336223,25.650399162614693,153.46812448062818,-0.006644476165710774,0.027075868606928406,0.0375662779437331,0.0,0.0,0.0,,
5.735098999999991,-10.013149754525045,25.6434541551974,153.46148705158734,-0.006540246782561351,0.028669272079417052,0.03887186382719449,0.0,0.0,0.0,,
5.744616000000008,-10.031385048703346,25.643567653193355,153.44426268093346,-0.006039262971146027,0.02881629976649625,0.03808932412266067,0.0,0.0,0.0,,
5.754117000000008,-10.05776297631943,25.637269939443183,153.41984862451886,-0.0064902338669875406,0.02545356548176618,0.0358256890441123,0.0,0.0,0.0,,
5.763642000000004,-10.085373872879131,25.62078296142434,153.39329087403416,-0.012540213483651062,0.0009314459448508442,0.02424982854271136,0.0,0.0,0.0,,
5.773152999999979,-10.106581722755687,25.588763395878757,153.37285140785391,0.0,0.0,0.0,0.0,0.0,0.0,,
5.782661999999959,-10.106098007587068,25.54337554359818,153.36853882690852,0.0,0.0,0.0,0.0,0.0,0.0,,
5.792172999999991,-10.092711899024453,25.484816940872594,153.38210113470214,0.0,0.0,0.0,0.0,0.0,0.0,,
5.80159900000001,-10.058646107856617,25.438873937181206,153.41086196966293,-0.011817994986364181,0.0008576726525039393,0.023024525687684257,0.0,0.0,0.0,,
5.811189999999954,-10.01705482849641,25.410317268036867,153.4452372695998,-0.01632345252602379,0.001193198768986463,0.03185916230063156,0.0,0.0,0.0,,
5.820697999999993,-9.976447364227077,25.405513311108965,153.4740556189141,0.015108026716641878,-0.012794373344511932,0.03871547438028493,0.0,0.0,0.0,,
5.830206999999973,-9.937720615959451,25.42606855429321,153.49076005396296,0.019749726449093983,-0.015844920243301266,0.04566188966133639,0.0,0.0,0.0,,
5.83972399999999,-9.909414963030756,25.46464595354862,153.49265878458272,0.019010399289515797,-0.01671840514337969,0.052715599242236205,0.0,0.0,0.0,,
5.849231999999972,-9.884870384577306,25.51028861328401,153.48326476559308,0.011546263348928085,-0.013126610626621193,0.049635145702228926,0.0,0.0,0.0,,
5.8587440000000015,-9.864535857100229,25.555008389049398,153.4704446219422,-0.01900041899739858,0.001520383636746418,0.03697307721266822,0.0,0.0,0.0,,
5.868176000000005,-9.843391119380337,25.593636213313253,153.46553087439545,-0.015998562447651136,0.0013016221251371117,0.031096808650515565,0.0,0.0,0.0,,
5.877770999999996,-9.81377900953437,25.613593494663448,153.47976414917872,-0.015810158165186293,0.0013032275540837465,0.03072198217211583,0.0,0.0,0.0,,
5.887278999999978,-9.782810627238172,25.621258161545256,153.51373540006088,-0.013453167325724283,0.0011172507826776774,0.02614687888528988,0.0,0.0,0.0,,
5.896780999999976,-9.751674193025273,25.620792670078586,153.5626659897464,-0.01229326542762266,0.0010241069090968667,0.02390413386566538,0.0,0.0,0.0,,
5.90629899999999,-9.730382514537991,25.61438199842207,153.61426245692448,0.0,0.0,0.0,0.0,0.0,0.0,,
5.915801999999985,-9.724416755789948,25.60613621877304,153.65233748419186,0.0,0.0,0.0,0.0,0.0,0.0,,
5.925319000000002,-9.73423334943579,25.602440185513185,153.66623336651423,0.020224023579354572,-0.01001016948040794,0.010812894006281245,0.0,0.0,0.0,,
5.934826999999984,-9.760460322839906,25.597813486813813,153.65061216492566,0.021464055182730167,-0.01063122749363508,0.011475055314658799,0.0,0.0,0.0,,
5.944339999999954,-9.795989598684933,25.589652379898585,153.60920368871348,0.0,0.0,0.0,0.0,0.0,0.0,,
5.953859999999963,-9.833542570672181,25.57773125684995,153.55495396374917,-0.011910761798596224,0.0009521627631907371,0.023166541105749144,0.0,0.0,0.0,,
5.963369,-9.865169317576228,25.555960828287528,153.50455303768817,-0.01443610343707635,0.0011463509664497093,0.028088659333290602,0.0,0.0,0.0,,
5.97288599999996,-9.886055282294917,25.52723159976177,153.47292731895348,-0.006681372967067669,0.02468923466349536,0.035607536889976754,0.0,0.0,0.0,,
5.982385999999963,-9.89049231354157,25.50489941673571,153.47164938991884,-0.005299514197996963,0.02701407181084794,0.03522912258048276,0.0,0.0,0.0,,
5.991906999999969,-9.882108962944217,25.491165373013438,153.4992297323678,-0.0047871451260728766,0.02869013361770093,0.03583570450257299,0.0,0.0,0.0,,
6.020432999999969,-9.834796329750548,25.534205632664023,153.63820325424356,0.008957569612000633,-0.010417102101453815,0.04028613480687052,0.0,0.0,0.0,,
6.029938999999956,-9.82803048098699,25.566256300726824,153.65382977739029,0.0065728006508655595,-0.010292487135300886,0.045358458576139564,0.0,0.0,0.0,,
6.039455999999973,-9.827715047447976,25.598105234395536,153.64213862719626,-0.00023588329126592465,-0.008592741112471174,0.05168090001311717,0.0,0.0,0.0,,
6.0489599999999655,-9.825799677525236,25.608105921952244,153.6105769298533,-0.036118954645083426,0.0028761017777964846,0.07017300265253824,0.0,0.0,0.0,,
6.058471999999995,-9.863299239727052,25.654529770391257,153.55966138538201,0.04142230426996836,-0.0033038054714503804,-0.08028587684113589,0.0,0.0,0.0,,
6.067984999999965,-9.87563065927572,25.619591048544297,153.5317860563609,-0.03693707992332837,0.01163213750422045,0.020199229293522497,0.0,0.0,0.0,,
6.077499999999986,-9.91594819041071,25.604235373291004,153.50908953369103,-0.04351511476437105,0.0033991439251348046,0.08443564882699338,0.0,0.0,0.0,,
6.087008999999966,-9.925756922219383,25.62598730742111,153.4961168019134,0.017739274838568887,-0.001388382611085002,-0.034386700962975685,0.0,0.0,0.0,,
6.0965139999999565,-9.894420087328164,25.581869774468903,153.50606544958754,-0.035669305087230874,0.002805656820315542,0.06929779711799175,0.0,0.0,0.0,,
6.106026999999983,-9.893274551794242,25.613625828422236,153.49977538201654,0.023398315646602184,-0.011666084372330044,0.012534393027528606,0.0,0.0,0.0,,
6.115543000000002,-9.813746268691261,25.624961815879885,153.51053370037516,-0.000724171642207882,-0.012326961111852082,0.07513710296272744,0.0,0.0,0.0,,
6.12505299999998,-9.807707322610085,25.64406270591368,153.50341732131346,0.0,0.0,0.0,0.0,0.0,0.0,,
6.144021000000009,-9.751446625090553,25.692444155422283,153.51869984267861,-0.037539586419901336,0.029368858266091747,0.09706127249216501,0.0,0.0,0.0,,
6.153583999999967,-9.7938831032212,25.705311030633396,153.51759943343563,0.014823526299065968,0.0363230327525061,0.006084897029292677,0.0,0.0,0.0,,
6.163105999999971,-9.781059726490945,25.66813476495823,153.53950422345164,-0.0340736229190853,0.002836550626491639,0.066103175341886,0.0,0.0,0.0,,
6.172618,-9.85389311460969,25.675197148831646,153.53749157666164,0.010432709621033652,0.025617422465673643,0.004317975241694228,0.0,0.0,0.0,,
6.191628999999978,-9.918892228658347,25.62322153748864,153.53840180347865,-0.015108197021896913,0.0011744386241173792,0.029291400467665984,0.0,0.0,0.0,,
6.201141000000007,-9.964939916695506,25.614724455381094,153.52416640212846,0.0,0.0,0.0,0.0,0.0,0.0,,
6.210648999999989,-9.964501046871968,25.590321085033338,153.5221673101237,-0.018734721807137568,0.0014231001583006788,0.036340850738580115,0.0,0.0,0.0,,
6.220161999999959,-9.988046935915271,25.56883644183097,153.5176571929619,0.0,0.0,0.0,0.0,0.0,0.0,,
6.229674999999986,-9.956954458973254,25.554016723046843,153.5286357959056,-0.016793829227595997,0.001270513159811301,0.03262573351037842,0.0,0.0,0.0,,
6.239182999999969,-9.94077491703386,25.55372504095324,153.53780222775094,-0.011971046062653055,0.0009106530379758448,0.02326288753903539,0.0,0.0,0.0,,
6.248685999999964,-9.919195273806215,25.550460408601385,153.54454011258937,-0.012486065324952887,0.0009575366225966566,0.0242755982305441,0.0,0.0,0.0,,
6.258208999999965,-9.895571236744406,25.548623467682205,153.54553364682945,-0.018577766456448902,0.001439756457713424,0.03613643855720765,0.0,0.0,0.0,,
6.267719999999997,-9.902302679969761,25.55914455294133,153.52960986756176,0.0,0.0,0.0,0.0,0.0,0.0,,
6.286741000000006,-9.935538137054824,25.53654018298117,153.4750583204087,-0.003822032502294685,0.027181270189300884,0.03256568615981494,0.0,0.0,0.0,,
6.296238999999957,-9.972184733620203,25.523966443879992,153.4426510099384,-0.002942929331241469,0.02677434384688158,0.030582989970693773,0.0,0.0,0.0,,
6.305758999999966,-10.00380260189927,25.497774449121273,153.42137288618335,-0.01664206659887511,0.0012502618585212228,0.03237963967092077,0.0,0.0,0.0,,
6.3151790000000005,-10.03828674143199,25.472365211928082,153.41379730292894,-0.013251366558484814,0.0009764888394710163,0.025792690961198985,0.0,0.0,0.0,,
6.324784999999963,-10.049573949977484,25.453558544748624,153.42689843261044,-0.01687289362413953,0.0012285073499703457,0.03285861313499095,0.0,0.0,0.0,,
6.334288999999956,-10.056995896651777,25.44527890313985,153.45381026694594,-0.013956430809753352,0.0010043417991199748,0.027183319934391825,0.0,0.0,0.0,,
6.343805999999972,-10.045760251340852,25.443434876672427,153.49166684959147,-0.014601949340565565,0.0010466520320469,0.02844683796854505,0.0,0.0,0.0,,
6.353320999999994,-10.022183071576874,25.45299978967809,153.5299997077427,-0.014493346517621627,0.001043222332447415,0.028234975140809488,0.0,0.0,0.0,,
6.362834999999961,-9.99634762803732,25.468698234638538,153.55862255155182,-0.011620184794628854,0.0008437514976406419,0.022633201952981866,0.0,0.0,0.0,,
6.372341000000006,-9.962709194335934,25.480601407465855,153.57477384242785,-0.013065156733092668,0.0009628110435235061,0.02545017401986932,0.0,0.0,0.0,,
6.381845999999996,-9.936393782265721,25.49204665104137,153.5723317670786,-0.01229112044645383,0.000919767011319855,0.023942734857575202,0.0,0.0,0.0,,
6.391357999999968,-9.91559360706247,25.49713481891439,153.55490238480144,-0.012391896162218061,0.0009412053102223639,0.02414351360873049,0.0,0.0,0.0,,
6.4008739999999875,-9.902868881234065,25.49802257551661,153.52879025808429,-0.01204280955653042,0.0009258780790269934,0.023468552621694984,0.0,0.0,0.0,,
6.41038599999996,-9.900001907576286,25.495003671640546,153.49921615933505,-0.013362721905630249,0.0010351599608524073,0.02604612450357054,0.0,0.0,0.0,,
6.419895999999994,-9.899564196395948,25.493938177649728,153.4737194983423,-0.01447058580047075,0.0011274912790593251,0.02820788623322434,0.0,0.0,0.0,,
6.429406999999969,-9.907940759333808,25.490894821662728,153.45227804338103,-0.014470666135718341,0.0011280047789838808,0.028208092621586037,0.0,0.0,0.0,,
6.438912999999957,-9.91566133701848,25.49096488447905,153.43797918622985,-0.01592881748965534,0.0012412439716481128,0.031046867010010186,0.0,0.0,0.0,,
6.448418000000004,-9.928113294193782,25.49395754400777,153.4266550411839,-0.0154017355156785,0.001196905444764057,0.030010021317142418,0.0,0.0,0.0,,
6.45793900000001,-9.94490928682358,25.495435087405255,153.4166327104084,-0.015209007776386172,0.001175679476251893,0.029624555593590007,0.0,0.0,0.0,,
6.486469,-10.000143897873766,25.47404305980715,153.36829281821866,-0.013647409298728468,0.001035611845783729,0.026581029855086338,0.0,0.0,0.0,,
6.495980999999972,-10.009943009966848,25.45426472870508,153.34202924767357,-0.01325220790236375,0.001003659999504124,0.02582755289577476,0.0,0.0,0.0,,
6.50548299999997,-10.011504915965938,25.42934000518996,153.30802077244107,0.0,0.0,0.0,0.0,0.0,0.0,,
6.515003999999976,-10.000762369828884,25.39421845279466,153.26920516106378,-0.01267836785751173,0.0009707224317310344,0.024773075299177664,0.0,0.0,0.0,,
6.524510999999961,-9.985046806090164,25.354651398141787,153.2214968888088,0.0,0.0,0.0,0.0,0.0,0.0,,
6.534025999999983,-9.952945321370864,25.295142805338664,153.17238636043024,-0.014342231144178664,0.001128789939551768,0.028159439565336737,0.0,0.0,0.0,,
6.543531999999971,-9.938629908627629,25.243195270611903,153.11301374933478,0.0,0.0,0.0,0.0,0.0,0.0,,
6.55304000000001,-9.930351180570213,25.205310576082486,153.05095854328414,0.0,0.0,0.0,0.0,0.0,0.0,,
6.562553999999977,-9.946173671524251,25.180234906584253,152.98846904845456,-0.019409693597288447,0.0015658501186833118,0.038293778306160736,0.0,0.0,0.0,,
6.572074999999984,-9.97519837945264,25.199207384818717,152.93356891382507,0.0076933017230029,-0.010906640858895991,0.0445898949792228,0.0,0.0,0.0,,
6.581574999999987,-10.005232717883553,25.245074803504284,152.89970259572027,0.0025876230560339586,-0.011690001055012954,0.06142566575274616,0.0,0.0,0.0,,
6.591095999999993,-10.039406426407204,25.32624859031509,152.89079293053211,0.00521011155585752,-0.010862602899248034,0.05012560843845038,0.0,0.0,0.0,,
6.600597999999991,-10.040788524644439,25.426231475900273,152.9220824916762,-0.020857184315518248,0.0017026525694624915,0.040694579208371356,0.0,0.0,0.0,,
6.6101019999999835,-10.02178246809599,25.543420126313674,152.9894060896824,-0.014158493039509328,0.0011702684088968425,0.027506667969770447,0.0,0.0,0.0,,
6.619620999999995,-9.968514262380491,25.663197332247574,153.088099068498,-0.011744275957017034,0.0009908835752296308,0.022729317342756853,0.0,0.0,0.0,,
6.6291349999999625,-9.889160457676677,25.782368069330744,153.20338015451182,0.0,0.0,0.0,0.0,0.0,0.0,,
6.638643999999999,-9.803407491250121,25.896442592589008,153.31201331077418,0.0,0.0,0.0,0.0,0.0,0.0,,
6.648152999999979,-9.715422228125906,25.994623410809467,153.39546951992548,0.0,0.0,0.0,0.0,0.0,0.0,,
6.667172999999991,-9.611854001749862,26.164540811942732,153.41029299704434,0.02259393430431951,-0.011309123196552409,0.012413107215113312,0.0,0.0,0.0,,
6.676693,-9.601929398740133,26.22260217515556,153.33843236970415,0.02438225526165884,-0.012242511755727601,0.013438374180462986,0.0,0.0,0.0,,
6.686199999999985,-9.621690684132778,26.2674746668855,153.2260768493185,0.007590002242136716,-0.008936401988558842,0.03532197394950736,0.0,0.0,0.0,,
6.714739000000009,-9.75903686759283,26.329865842941636,152.86221076449965,-0.005125793877444908,0.03424222486359453,0.04077856851450786,0.0,0.0,0.0,,
6.724233999999967,-9.810233966403056,26.323051341500342,152.78974022311382,-0.0027595183547122594,0.04017163747508841,0.04208930642236473,0.0,0.0,0.0,,
6.733750999999984,-9.855747311543606,26.32009311665257,152.75339572170262,-0.00022515666421727592,0.0417645372669911,0.039058311180058265,0.0,0.0,0.0,,
6.7432680000000005,-9.894079365041415,26.315901554335596,152.75032440350105,-0.004268528399093704,0.03903465287182786,0.0438103586843998,0.0,0.0,0.0,,
6.752779999999973,-9.93305819316514,26.339943331004513,152.76606229033771,0.02822413824304184,0.019615700870962333,0.054946108920795184,0.0,0.0,0.0,,
6.762294999999995,-9.96001655358407,26.388225250014067,152.79273933758853,0.037372172282040324,0.0041234328605733025,0.05979553772736406,0.0,0.0,0.0,,
6.771802999999977,-9.982930409251274,26.442833119571105,152.81851438744752,0.027361707217247462,-0.020243124822302384,0.05165521421543385,0.0,0.0,0.0,,
6.781309999999962,-9.999673536197067,26.505400837684434,152.8358257292609,0.020292479505490693,-0.016383648490857536,0.04640044565014516,0.0,0.0,0.0,,
6.790815000000009,-10.013610555011125,26.569963456030436,152.84028595300418,0.01247926363551795,-0.011484099930010913,0.036804676375329276,0.0,0.0,0.0,,
6.800340000000006,-10.02566024074688,26.608383872699292,152.83075311357453,0.0,0.0,0.0,0.0,0.0,0.0,,
6.809836999999959,-10.029350081566998,26.61563582350716,152.81005105646165,0.0,0.0,0.0,0.0,0.0,0.0,,
6.819352999999978,-10.030898570454585,26.60034119589649,152.77788184419796,0.0,0.0,0.0,0.0,0.0,0.0,,
6.8288650000000075,-10.026045077126836,26.55602084117519,152.7389303625667,0.0,0.0,0.0,0.0,0.0,0.0,,
6.83838099999997,-10.018302445273372,26.498413124552393,152.69461675857588,-0.012777429183992101,0.001276470172918699,0.023948096142269525,0.0,0.0,0.0,,
6.84788199999997,-10.009451193540228,26.448987481264606,152.64727272891028,-0.013712709729480665,0.0013774136570070899,0.025755165307626032,0.0,0.0,0.0,,
6.857399999999984,-10.005863602017412,26.411793327963483,152.5952880725376,-0.0044615996148975575,0.02570710695346523,0.03179873876859989,0.0,0.0,0.0,,
6.866908999999964,-9.99902536986588,26.39479281414547,152.54156522761375,0.02285280399628042,0.019476425486586155,0.04507660881174755,0.0,0.0,0.0,,
6.876419999999996,-9.98243247890906,26.384262019897932,152.49273090619312,0.013295434736010952,0.020450346192397266,0.055268779343310336,0.0,0.0,0.0,,
6.885932999999966,-9.97713446925439,26.386349328977687,152.4437126679234,0.0012854363457090005,0.03223960509709344,0.02776630085317033,0.0,0.0,0.0,,
6.895442000000003,-9.958433249854831,26.394492453196936,152.4037577725639,0.009849398562719384,0.023054615166984725,0.0039310118543715265,0.0,0.0,0.0,,
6.904945999999995,-9.938909236551316,26.392377481072955,152.37235857259756,0.0,0.0,0.0,0.0,0.0,0.0,,
6.914466000000004,-9.898210134372604,26.375983818947923,152.35246491573375,0.0,0.0,0.0,0.0,0.0,0.0,,
6.923971999999992,-9.842722415200434,26.36576941418337,152.33915326213298,-0.013701359582889058,0.001517869774635016,0.02590505632408178,0.0,0.0,0.0,,
6.933476999999982,-9.78454065048113,26.366452517878866,152.3250939388382,-0.013847310141199864,0.001566262240893045,0.02620790303335558,0.0,0.0,0.0,,
6.942993000000001,-9.718257287865951,26.371026585834066,152.3115892350437,-0.021162280849225567,0.0024498756725496156,0.04009346439641151,0.0,0.0,0.0,,
6.952501999999981,-9.655861643996849,26.40331472568409,152.2928932217554,-0.020973232695319227,0.002489734432250817,0.03973192467553533,0.0,0.0,0.0,,
6.962017000000003,-9.592418218516583,26.445119546349293,152.27430472554352,-0.025373381952084464,0.003090538410545665,0.04804712451792877,0.0,0.0,0.0,,
6.981045999999992,-9.512687136268465,26.56033243110699,152.23425781251711,-0.023577928340199273,0.002987675966980867,0.044519145317785704,0.0,0.0,0.0,,
6.99055199999998,-9.490107933879765,26.629492383467117,152.22244975017978,-0.015617817332491426,0.002007436217368043,0.029424463595576125,0.0,0.0,0.0,,
7.000065000000006,-9.481961370211781,26.688384371291455,152.21650545449506,-0.014816757504052562,0.0019204303208561373,0.027857496365393943,0.0,0.0,0.0,,
7.009574999999984,-9.486351409819076,26.75928574131482,152.2095036359392,0.0,0.0,0.0,0.0,0.0,0.0,,
7.019077999999979,-9.509831618393173,26.827083463502436,152.19349632731098,0.0,0.0,0.0,0.0,0.0,0.0,,
7.028599999999983,-9.545631667656917,26.87280669790703,152.16217789490005,0.0,0.0,0.0,0.0,0.0,0.0,,
7.038103999999976,-9.59576134653039,26.90678334894116,152.1064189363902,0.0,0.0,0.0,0.0,0.0,0.0,,
7.0476170000000025,-9.657215519934079,26.927192440680514,152.02482143633767,0.0,0.0,0.0,0.0,0.0,0.0,,
7.05713099999997,-9.731731962295674,26.916277741692053,151.91902844174322,0.0,0.0,0.0,0.0,0.0,0.0,,
7.066641000000004,-9.818833094003091,26.893415815744973,151.7944495815476,0.0,0.0,0.0,0.0,0.0,0.0,,
7.076142000000004,-9.914887958662813,26.858084438572572,151.6646170935834,-0.003981261873203544,0.025953955182805407,0.031245109800213847,0.0,0.0,0.0,,
7.085657999999967,-10.023542173265598,26.815450703429022,151.53946184520814,-0.009727793614278543,0.031250625202672244,0.04638160797157672,0.0,0.0,0.0,,
7.095165000000009,-10.122062808955937,26.77557617592205,151.4335572261383,-0.018334603948330582,0.03144158585433411,0.061706660513066384,0.0,0.0,0.0,,
7.104686999999956,-10.207702015091895,26.750355659867548,151.35562097035893,-0.01868636078644732,0.028970915377701894,0.06008779971153006,0.0,0.0,0.0,,
7.114182999999969,-10.268224231735783,26.739083906531082,151.31224958082237,-0.0037514451899644603,-0.00919114344048475,0.06153278805843634,0.0,0.0,0.0,,
7.12370599999997,-10.299808986588172,26.749592240764642,151.30423891031538,0.0031794461844714362,-0.012357620818550177,0.06178665732440177,0.0,0.0,0.0,,
7.133207999999968,-10.313605017075686,26.78831407552969,151.32585493169074,0.01285529497228149,-0.015089712947502613,0.05287722823434694,0.0,0.0,0.0,,
7.142712999999958,-10.303005066868876,26.84426586903014,151.3732724465521,0.016278690037006823,-0.015324579237422272,0.04579530899182916,0.0,0.0,0.0,,
7.152230999999972,-10.283841794684593,26.91171569218912,151.43289322050572,0.026283320691027397,-0.014310563210642259,0.015190357882755981,0.0,0.0,0.0,,
7.161744999999996,-10.255819287182534,26.981301820741933,151.49477837516093,0.0,0.0,0.0,0.0,0.0,0.0,,
7.171255999999971,-10.225316835698626,27.03164550380416,151.5464644879353,0.0,0.0,0.0,0.0,0.0,0.0,,
7.190278999999975,-10.194888551366821,27.04089709212254,151.5766328586888,0.0,0.0,0.0,0.0,0.0,0.0,,
7.1997859999999605,-10.200627703083812,26.99023705337766,151.55123496717513,0.0,0.0,0.0,0.0,0.0,0.0,,
7.209298999999987,-10.21806690321545,26.910557909046243,151.5080034202843,-0.015759434043945576,0.0018726095833499546,0.029048768913038012,0.0,0.0,0.0,,
7.218817999999999,-10.242260456410163,26.819286976752018,151.46079166302692,-0.020865131449806087,0.0024562040496971015,0.03857768514869957,0.0,0.0,0.0,,
7.228329999999971,-10.270411317343868,26.733942007572313,151.42403538958942,-0.023899644306264213,0.0027807339247824703,0.044309724826194594,0.0,0.0,0.0,,
7.237837999999954,-10.28701293423896,26.674904038090286,151.4116829878956,-0.003145913414299031,-0.009399484979482986,0.06104505531822771,0.0,0.0,0.0,,
7.2473549999999705,-10.293216024339674,26.650735482148704,151.4285754413069,0.006807656564640778,-0.013153266965675325,0.05726652048645017,0.0,0.0,0.0,,
7.256845999999996,-10.284177119716805,26.664005540341098,151.47088406781177,0.01445062852739888,-0.014925304619898192,0.04826101187122676,0.0,0.0,0.0,,
7.266373999999985,-10.263450386484937,26.70448119466257,151.53074146136166,0.011960262249191394,-0.012500844497357892,0.04097651047358918,0.0,0.0,0.0,,
7.2758759999999825,-10.233818742819937,26.75735520184238,151.595762625184,0.0,0.0,0.0,0.0,0.0,0.0,,
7.285387999999955,-10.195023930713742,26.799565561945215,151.6569194368307,0.0,0.0,0.0,0.0,0.0,0.0,,
7.294898999999987,-10.16111218402191,26.8211199543319,151.70457691882797,0.0,0.0,0.0,0.0,0.0,0.0,,
7.304421999999988,-10.129311984981884,26.810715060637044,151.73899707392408,-0.020141639605309996,0.010827478531127536,-0.011556544738837507,0.0,0.0,0.0,,
7.332952999999975,-10.121997433642447,26.676682157420384,151.78653597854148,0.010168014923851826,0.023239317560816604,0.004033519321941171,0.0,0.0,0.0,,
7.3424589999999625,-10.155535951458354,26.642483580141914,151.7975704870375,0.010708216272702204,0.024498451538779345,0.004266981938736268,0.0,0.0,0.0,,
7.351965000000007,-10.197901607858613,26.625353070197004,151.81021987649578,-0.0026808768791860807,0.024416742592885825,0.027721429688968298,0.0,0.0,0.0,,
7.361486999999954,-10.24071362763936,26.621544126002302,151.82549513321936,-0.01404121431843223,0.0015294070149724519,0.026134835672055347,0.0,0.0,0.0,,
7.370992000000001,-10.27760503083451,26.625861232212415,151.84386218016886,-0.013191914251141168,0.0014162905905781304,0.02453319431249381,0.0,0.0,0.0,,
7.380480999999975,-10.300628507014917,26.62660383729489,151.8674318684074,-0.016116599146005446,0.0017107585541500353,0.029957923758022895,0.0,0.0,0.0,,
7.390010999999959,-10.311536176326037,26.62277746775544,151.89721914977122,-0.016234194874192698,0.0017077595559221157,0.03017335441567835,0.0,0.0,0.0,,
7.399522999999988,-10.307018742968886,26.61349201761088,151.9358239119635,-0.01561303571006904,0.0016324656283425334,0.02902918457289231,0.0,0.0,0.0,,
7.409031999999968,-10.288102180534565,26.596497001996745,151.98458378924616,-0.017938228256197824,0.0018682678374428879,0.033381767672157725,0.0,0.0,0.0,,
7.4185379999999554,-10.257307436958643,26.577474305747742,152.04475396641752,-0.020117939127401105,0.0020909054508798713,0.037480953195615084,0.0,0.0,0.0,,
7.428049999999985,-10.22284274361644,26.560440299412704,152.1113114713304,-0.020108726334556893,0.002086409140404671,0.037505920398067535,0.0,0.0,0.0,,
7.437553999999977,-10.195453992806788,26.554010740761942,152.1767568541262,-0.019119549731436945,0.001978552450159412,0.03568249069178042,0.0,0.0,0.0,,
7.447081999999966,-10.180756095510521,26.561301354005064,152.23122621235677,-0.017286862882804826,0.0017827384936567475,0.03225849303328206,0.0,0.0,0.0,,
7.466094999999996,-10.20858105737533,26.603157921563845,152.28400218410633,-0.012431067776491491,0.0012646342297677224,0.023147383725906655,0.0,0.0,0.0,,
7.4756119999999555,-10.24743282842171,26.63192405828173,152.27622461768124,0.0,0.0,0.0,0.0,0.0,0.0,,
7.485126999999977,-10.293540119696868,26.656914792910293,152.25125486213716,0.0,0.0,0.0,0.0,0.0,0.0,,
7.494640000000004,-10.341806094862022,26.673179633203098,152.21381325915596,0.010340263518987505,0.024238755316102287,0.00428277354040846,0.0,0.0,0.0,,
7.504143999999997,-10.386524865441402,26.689901612899664,152.17199206525385,0.01075212088742488,0.025181671761427188,0.004468855885392064,0.0,0.0,0.0,,
7.513652999999977,-10.4199887944164,26.701183558533803,152.13337431475867,0.010757008275148005,0.025167153191462704,0.004481148835244291,0.0,0.0,0.0,,
7.523154999999974,-10.442093975407778,26.708437347235883,152.10222235200357,-0.002406471647620055,0.025681957767131926,0.02811045692793711,0.0,0.0,0.0,,
7.532683999999961,-10.45726535632826,26.730220999338247,152.07790446512976,-0.003741560283164127,0.02677523461462209,0.03146101987539813,0.0,0.0,0.0,,
7.542183999999963,-10.465579667180782,26.76461536996124,152.06022497854357,0.023183531239966797,0.010438388692503797,0.05032947899697233,0.0,0.0,0.0,,
7.551694999999995,-10.46942724477298,26.81175015472088,152.04747694844457,0.018352032175406322,-0.016584730011445063,0.04879124492017443,0.0,0.0,0.0,,
7.5612089999999625,-10.47115426458272,26.871577638497516,152.04000712740412,0.01671628454332223,-0.01642004036414456,0.0518156968455402,0.0,0.0,0.0,,
7.5707140000000095,-10.474832294153687,26.934915536649104,152.03715437083645,0.010549813353265573,-0.0128017066920378,0.04637198933456452,0.0,0.0,0.0,,
7.5802249999999844,-10.474832514407323,26.983098777349582,152.04316283489527,-0.01671507025530667,0.0016940075632836393,0.030557751931858855,0.0,0.0,0.0,,
7.589745999999991,-10.473457057978367,27.01023127492248,152.05703928692625,-0.016125240903724188,0.0016363391636889108,0.02944980142864224,0.0,0.0,0.0,,
7.599252999999976,-10.46407389572536,27.0112484898973,152.08081584873798,-0.013072381820779126,0.001325450013888452,0.023876290681122826,0.0,0.0,0.0,,
7.608766000000003,-10.446291512437586,26.982201644536794,152.11185873731014,0.0,0.0,0.0,0.0,0.0,0.0,,
7.618273999999985,-10.425175601658022,26.935518045781087,152.14182631729048,0.0,0.0,0.0,0.0,0.0,0.0,,
7.627795999999989,-10.402090587716906,26.88387852684123,152.16348466991454,0.0,0.0,0.0,0.0,0.0,0.0,,
7.637292000000002,-10.384059837443354,26.833718925992557,152.16960935218944,0.0,0.0,0.0,0.0,0.0,0.0,,
7.646808999999962,-10.37078644051124,26.793131895714613,152.15984776705398,-0.013670961013946095,0.0013750506918993486,0.025210126435201978,0.0,0.0,0.0,,
7.656321999999989,-10.36407069040609,26.770315345029328,152.13606315364984,-0.015424623581557039,0.0015572165504276509,0.02847271817822041,0.0,0.0,0.0,,
7.665830999999969,-10.364650154703321,26.76608862740099,152.10372729438404,-0.015291132065316078,0.0015513626557847962,0.02823207849697055,0.0,0.0,0.0,,
7.675339000000008,-10.370065518095434,26.768710794285663,152.07161284860467,-0.018211490165926183,0.0018551174770805071,0.03361939783996318,0.0,0.0,0.0,,
7.70387999999997,-10.392524680721815,26.796816579137236,152.049764752459,-0.00364871621861633,0.031078329400690566,0.03522241233330561,0.0,0.0,0.0,,
7.713381999999967,-10.402851563378404,26.804565899954298,152.0698804936496,-0.0026460833949522905,0.02875259645279583,0.031283217694315565,0.0,0.0,0.0,,
7.722887999999955,-10.41348355742907,26.81005973953107,152.09572161863343,-0.005069537979568436,0.024917196206416276,0.03194030710063868,0.0,0.0,0.0,,
7.732395999999994,-10.422368146281276,26.81525923314658,152.1209083624896,-0.015235488174173962,0.001519732575683674,0.02804878749626239,0.0,0.0,0.0,,
7.741918999999996,-10.434609641626432,26.826191022667405,152.1376815463368,-0.01425267122477971,0.0014133415488616031,0.026222382647875957,0.0,0.0,0.0,,
7.751427999999976,-10.446185262767036,26.850218879756213,152.14564099993407,-0.013903525622933344,0.001375271379347389,0.02555166772324924,0.0,0.0,0.0,,
7.760940000000005,-10.456740755526232,26.887126224907043,152.14593730351655,0.011174182948360761,-0.011196608101938309,0.03608445612519442,0.0,0.0,0.0,,
7.770445999999993,-10.464104303116741,26.932351119809827,152.142589919073,0.021776985765103497,-0.011509602955219743,0.012513737491329275,0.0,0.0,0.0,,
7.77995199999998,-10.460249686900678,26.985631691868537,152.14256412761617,0.019767848234115457,-0.010447742163137234,0.011385397857392572,0.0,0.0,0.0,,
7.789468999999997,-10.445205810590425,27.041050271434884,152.1491708816937,0.0,0.0,0.0,0.0,0.0,0.0,,
7.798980999999969,-10.420789288340416,27.092755757339763,152.16226462742154,0.0,0.0,0.0,0.0,0.0,0.0,,
7.808498999999983,-10.392105876822143,27.141584354052405,152.17885861777165,0.0,0.0,0.0,0.0,0.0,0.0,,
7.8180189999999925,-10.364683718726305,27.183044576792504,152.19351519569628,-0.012105560159653953,0.0012696567374994815,0.02200341091702528,0.0,0.0,0.0,,
7.827517999999998,-10.345569432382314,27.213083545869534,152.20047714133926,-0.012788289935721536,0.0013526474916132829,0.023225857028399067,0.0,0.0,0.0,,
7.837022999999988,-10.339891832797452,27.235992014214983,152.19517261718534,0.007017891748940913,-0.009220276728632815,0.035504502034362596,0.0,0.0,0.0,,
7.846529999999973,-10.345810217516366,27.252968817952098,152.1805443165996,0.008997177371773885,-0.010152654039533021,0.03599479767378426,0.0,0.0,0.0,,
7.856051999999977,-10.366290368114491,27.259175969513585,152.15897154822105,-0.013716474323462397,0.00145856826352853,0.024862231012306828,0.0,0.0,0.0,,
7.865552999999977,-10.395462150700176,27.258992598426637,152.1391158140991,-0.015055485387629415,0.0015911182679280227,0.02727681204884513,0.0,0.0,0.0,,
7.875071999999989,-10.426628659835707,27.25374040639035,152.12820119774142,-0.01567072904262741,0.0016414262853739559,0.028382354340795585,0.0,0.0,0.0,,
7.884580999999969,-10.453020132819672,27.243590375253746,152.12973927508446,-0.014727002305954062,0.001527075686069219,0.026670931033373917,0.0,0.0,0.0,,
7.894085999999959,-10.466769587712674,27.22985502075147,152.14585812940916,-0.01339567829102823,0.0013767181616543295,0.02426574438074288,0.0,0.0,0.0,,
7.913117999999997,-10.44989135578592,27.19767591374306,152.1999723132875,-0.012648698819545834,0.0012903528786824944,0.022944314342589672,0.0,0.0,0.0,,
7.922624999999982,-10.425402259571618,27.177528470260462,152.22453902940168,-0.012645949684838231,0.0012921907211949839,0.022965076119144386,0.0,0.0,0.0,,
7.932129999999972,-10.39874128072288,27.15723972561515,152.23968091349113,-0.01216946977556356,0.0012484640199510828,0.02212591889622639,0.0,0.0,0.0,,
7.941642999999999,-10.374942236927433,27.13323741256336,152.24434945755874,-0.01461600282771437,0.0015060427629905303,0.026608376227805576,0.0,0.0,0.0,,
7.951166000000001,-10.359249263998692,27.105393376838165,152.24060836855654,-0.015530342010609885,0.0016045281878096236,0.028309956597640497,0.0,0.0,0.0,,
7.960668999999996,-10.352026098888949,27.080273366212,152.23228169089697,-0.01576490371232372,0.0016302842244880324,0.02876833482739038,0.0,0.0,0.0,,
7.970177999999976,-10.353269074247601,27.060354596709647,152.224586083537,-0.015683055303568488,0.001619549081997975,0.028639922341695354,0.0,0.0,0.0,,
7.979693999999995,-10.361110343586557,27.043149000310684,152.22033765387803,-0.016910133131911264,0.0017394809739948772,0.030896562821560808,0.0,0.0,0.0,,
7.9892019999999775,-10.371009368553352,27.031375378383295,152.22190079588333,-0.016993044780861468,0.0017393417134994225,0.031056235445975057,0.0,0.0,0.0,,
7.998713000000009,-10.382450881009998,27.026667832926865,152.22676494593705,-0.017225458321908246,0.0017538808910366667,0.03148000812068673,0.0,0.0,0.0,,
8.00822199999999,-10.392512866944896,27.027971387689902,152.23283725638785,-0.016545008800470423,0.0016773425717366004,0.030229433917820996,0.0,0.0,0.0,,
8.017731999999967,-10.40120225792776,27.037414639967416,152.23578926439376,-0.015193957048919064,0.0015367499331040385,0.027746894559923806,0.0,0.0,0.0,,
8.027249999999981,-10.409741510807864,27.056151383013876,152.2333946534166,-0.013997063372147813,0.001415310091730573,0.025539739292748047,0.0,0.0,0.0,,
8.036752999999976,-10.417832448361235,27.082342006267968,152.2252597375962,0.00795179579937623,-0.00944559838427915,0.03426562883352882,0.0,0.0,0.0,,
8.046261999999956,-10.426708034677237,27.113113077335232,152.21191075368512,0.0,0.0,0.0,0.0,0.0,0.0,,
8.055780999999968,-10.432198462426223,27.143284603802428,152.197184163659,0.0,0.0,0.0,0.0,0.0,0.0,,
8.065291000000002,-10.435370593306066,27.16536798623063,152.18320286292263,0.0,0.0,0.0,0.0,0.0,0.0,,
8.07480899999996,-10.432749770718061,27.177980061449187,152.17391470528403,-0.012657863878269936,0.0013015835738973182,0.02298550862019549,0.0,0.0,0.0,,
8.084310999999957,-10.423536485461604,27.18121405857313,152.17103700376586,-0.014420312705081295,0.0014886633202612124,0.026187103881219455,0.0,0.0,0.0,,
8.093817999999999,-10.415316879288278,27.17779130128888,152.17106950752864,-0.01509837878384127,0.0015623026013893162,0.02742581026196452,0.0,0.0,0.0,,
8.103334999999959,-10.410415390699733,27.173010484367975,152.1693529589425,-0.016128117647023616,0.0016711421936719964,0.029304048226516177,0.0,0.0,0.0,,
8.112850999999978,-10.414398718972683,27.169072659550338,152.16104907030618,-0.015530027301013495,0.001608590949218852,0.028219946908554998,0.0,0.0,0.0,,
8.122356999999965,-10.429703359395075,27.164694770110035,152.14052646337868,-0.015417496186659796,0.001593603602558219,0.02801365891611788,0.0,0.0,0.0,,
8.131853999999976,-10.457351614602025,27.16022678097802,152.10491768042505,-0.015088646396170073,0.0015539547669338892,0.02740936589702205,0.0,0.0,0.0,,
8.14137599999998,-10.495896896401316,27.152723394611936,152.05635286905664,-0.013823390476178891,0.001415956017761542,0.025103411291364782,0.0,0.0,0.0,,
8.150891999999999,-10.538619996093944,27.135267076362876,152.00214484495132,-0.013698533435383287,0.0013933131957293047,0.024876747035063925,0.0,0.0,0.0,,
8.169913000000008,-10.614349635543885,27.090543387135128,151.91238069091568,0.0,0.0,0.0,0.0,0.0,0.0,,
8.179417999999998,-10.636461379312031,27.061797614560593,151.89032976643617,0.0,0.0,0.0,0.0,0.0,0.0,,
8.188935999999956,-10.649256804768589,27.03641134858267,151.88378427725496,0.0,0.0,0.0,0.0,0.0,0.0,,
8.198442,-10.657472543517619,27.016027190569208,151.88715858873394,-0.013857725533429392,0.0013610807607906635,0.02522989204447845,0.0,0.0,0.0,,
8.207960999999955,-10.673859598224226,26.993039470055354,151.88940908352677,-0.01812822985744016,0.0017645195046791175,0.03302341502672069,0.0,0.0,0.0,,
8.217458999999963,-10.70475291339119,26.97840094358017,151.87757949472302,-0.018351039227783656,0.0017673036429033666,0.03343005372141914,0.0,0.0,0.0,,
8.226980999999967,-10.74319813796587,26.96099919057214,151.84525567599698,-0.020919787616216618,0.001994566165043905,0.03811054724928435,0.0,0.0,0.0,,
8.23649499999999,-10.798502658669824,26.933162535026934,151.78657821841716,-0.017255505602286454,0.0016244233111799124,0.03144014531614919,0.0,0.0,0.0,,
8.246005999999966,-10.86603852181427,26.905195533933114,151.70096491987806,-0.015252907406265868,0.0014183539165382672,0.027791034141813404,0.0,0.0,0.0,,
8.265021999999988,-11.00332124008982,26.83338472156603,151.4913212284493,-0.012946972098637145,0.0011793179207336137,0.023602927336847553,0.0,0.0,0.0,,
8.274534999999958,-11.047707309349821,26.789932035142147,151.4020009377964,-0.00230384702861293,0.028106573253451655,0.03065125431577098,0.0,0.0,0.0,,
8.284035999999958,-11.07353751642005,26.763133767970807,151.3420172365352,0.002991895456340331,0.03636414476928988,0.02937395764245536,0.0,0.0,0.0,,
8.293555999999967,-11.078681014839816,26.75073708300593,151.32255836449525,0.004955709415186376,0.040440109965882806,0.02987457120019322,0.0,0.0,0.0,,
8.30305599999997,-11.06611639391319,26.758257689171476,151.34280725489094,0.002288693592089354,0.03996418384278634,0.03402706911677818,0.0,0.0,0.0,,
8.312569999999994,-11.047415281435017,26.79011234911138,151.3909175083666,-0.0005499578946427361,0.035741019756595105,0.03485052986267513,0.0,0.0,0.0,,
8.322091,-11.031190021962585,26.82802950451834,151.4525417127442,-0.005266495361341053,0.02867831449523986,0.03624550433472367,0.0,0.0,0.0,,
8.331594999999993,-11.02545126268214,26.865528555221545,151.50911304497058,-0.01734020090035947,0.0015680158749379254,0.03156142169919097,0.0,0.0,0.0,,
8.341102999999976,-11.032710128054434,26.8978243870609,151.54438656934337,-0.015609440788582448,0.0014043222966784944,0.028372306494934475,0.0,0.0,0.0,,
8.350615000000005,-11.05273166419231,26.91744433128185,151.5500434885198,0.0,0.0,0.0,0.0,0.0,0.0,,
8.360128999999972,-11.078213194021956,26.92064150854106,151.5282980633553,0.0,0.0,0.0,0.0,0.0,0.0,,
8.369640000000004,-11.10089628850651,26.91485052803602,151.48829276688858,0.0,0.0,0.0,0.0,0.0,0.0,,
8.379149999999981,-11.116063524288657,26.90766890830496,151.44278303309045,0.0,0.0,0.0,0.0,0.0,0.0,,
8.388668999999993,-11.116491690552317,26.898637993169913,151.40640084365262,0.0,0.0,0.0,0.0,0.0,0.0,,
8.398172999999986,-11.098884104671384,26.894825092685746,151.3889229182424,0.0,0.0,0.0,0.0,0.0,0.0,,
8.407682999999963,-11.06691762902666,26.894570413267168,151.39222413150978,-0.01306342248139469,0.0011944975579602096,0.02373880037151102,0.0,0.0,0.0,,
8.41719999999998,-11.026246672979797,26.89358970787308,151.41106999433003,-0.015460336400980474,0.0014297584905265022,0.028114831031026497,0.0,0.0,0.0,,
8.426705999999967,-10.989174162688217,26.891108496956445,151.43293738624692,-0.01656325662473916,0.0015457931406825148,0.030141926745733183,0.0,0.0,0.0,,
8.43621300000001,-10.966393980760337,26.883046820970307,151.44407430297065,-0.007586674952653902,0.024221918822357098,0.035983795881440246,0.0,0.0,0.0,,
8.445729999999969,-10.967893375754002,26.86637951586707,151.43514428524068,-0.005493773506751798,0.028565692142224704,0.03648666603683308,0.0,0.0,0.0,,
8.45523499999996,-10.994511978624043,26.84310745380296,151.4045735781893,-0.0052105308894267515,0.02764816909131763,0.03518798457207695,0.0,0.0,0.0,,
8.464747999999986,-11.048328400037143,26.81507660822634,151.35448737084656,-0.006608251275018874,0.027391699586219866,0.037451926300706075,0.0,0.0,0.0,,
8.474255999999968,-11.1181285696231,26.78573458966429,151.29579745247713,-0.017976095907142296,0.0016180027206711357,0.032772097453941246,0.0,0.0,0.0,,
8.483773999999983,-11.183258927104557,26.753492856331263,151.24530457146494,-0.0194741275391019,0.0017189025058051844,0.03550680432791666,0.0,0.0,0.0,,
8.493280999999968,-11.243885268105462,26.728790578092315,151.20801504926922,-0.01748022274648509,0.0015127607069222665,0.03186760895367273,0.0,0.0,0.0,,
8.50278800000001,-11.279587105496406,26.72081598674723,151.18950809089495,-0.015983021217916598,0.0013673514801702332,0.02912888302430199,0.0,0.0,0.0,,
8.512306999999964,-11.289303914411493,26.72209163677002,151.18754179807942,-0.015066351993871296,0.0012847273233797312,0.02745229972462388,0.0,0.0,0.0,,
8.52182799999997,-11.283184808254036,26.736546349513663,151.1866380870768,0.0,0.0,0.0,0.0,0.0,0.0,,
8.531316000000004,-11.265374714999444,26.76234956900275,151.1740953431847,0.0,0.0,0.0,0.0,0.0,0.0,,
8.540841,-11.250374531993334,26.77547451137791,151.13811026638302,0.0,0.0,0.0,0.0,0.0,0.0,,
8.550341000000003,-11.248401171576349,26.78060837550834,151.0690088052916,-0.01312316548785837,0.0011745347653462433,0.023882196165790633,0.0,0.0,0.0,,
8.559857999999963,-11.262603909797777,26.770973955873053,150.96434161555084,-0.01768266736035851,0.0016044510708916725,0.0321882592689001,0.0,0.0,0.0,,
8.569371999999987,-11.309778685322234,26.753913284968714,150.82317743224732,-0.012289474564745998,0.001123222873462639,0.02237085741963636,0.0,0.0,0.0,,
8.578867000000002,-11.375183637030784,26.730776046726422,150.6619872186628,0.007536217630643783,-0.011511747066550948,0.0414492021082908,0.0,0.0,0.0,,
8.588391999999999,-11.475919103700473,26.70470304574525,150.49248569223005,0.006367331473364841,-0.011371198930952208,0.042879574173516,0.0,0.0,0.0,,
8.597902999999974,-11.581141331759287,26.68455534638622,150.33609162065565,0.020981354370862564,0.010437960275758839,0.05227510572347915,0.0,0.0,0.0,,
8.607406999999967,-11.678277882164567,26.658495842354153,150.20743156037364,0.021957852658824224,0.005647616964049817,0.06210794345267892,0.0,0.0,0.0,,
8.616918999999996,-11.7683819687628,26.63984829993145,150.10483314927168,0.02752755260988974,-0.021852171376989003,0.04548979497276698,0.0,0.0,0.0,,
8.63594999999998,-11.923656691525713,26.620170938991517,149.9206099936158,0.05703806458313792,-0.03303640359276481,0.033036641319315226,0.0,0.0,0.0,,
8.645455999999967,-11.993206074614074,26.569631100414327,149.7884545148546,0.04005783471938014,-0.023325024015459814,0.02318159701959815,0.0,0.0,0.0,,
8.654961999999955,-12.115082708125454,26.475883560761687,149.5966311807102,0.013360216157916091,-0.0010968103699226727,-0.024250377425024,0.03673293021421259,0.023332846824180423,-0.032729191340471635,,
8.664470999999992,-12.218805460253853,26.2708410842232,149.3751227483302,-0.009944046350804798,0.01269999338927523,-0.03760992260125817,0.0418565328630357,0.03513173018668878,-0.040325793312167055,,
8.67398499999996,-12.339570527667764,25.950833017224973,149.1348529246965,-0.04080322108974184,0.03129535805144427,-0.05500815936921468,0.05019405997114055,0.0467249162790849,-0.042625406160283145,,
8.683492000000001,-12.44409740437587,25.551548767848615,148.90295005532113,-0.05695719252513732,0.034354775515205375,-0.031799974023061145,0.05427461244846828,0.060409830567441945,-0.042450811227876854,,
8.69301200000001,-12.521203316741536,25.06898228126895,148.70479846404896,-0.04947046942674615,0.030072842457663285,-0.027081273473817787,0.05945131657125073,0.07704276617749851,-0.03814188886941176,,
8.702526999999975,-12.607130922366322,24.5482845484376,148.5352900626475,-0.034668394743137564,0.021215458806108187,-0.018564248113742427,0.06386927293439498,0.08755845551132807,-0.0317184510621606,,
8.712032999999963,-12.672593241356973,24.0423003964775,148.40140099934294,0.0,0.0,0.0,0.062162577813300056,0.09252829602007678,-0.026359046870969963,,
8.721542,-12.755925705272524,23.55970297244802,148.2959071934064,0.012952143352730039,0.025939839054420186,0.005992142110176743,0.06362496451709036,0.0944839946026269,-0.01926467169641647,,
8.73105099999998,-12.83474924447003,23.11122142417881,148.2188483731904,0.05439431313332921,-0.0022240847204551715,0.026861295522881693,0.06381407053172149,0.09549968777273202,-0.014004706150390775,,
8.740570999999989,-12.899557482201127,22.67976828605411,148.1523952517733,0.05285074095606048,-0.032829671651132486,0.02600023603662548,0.06310636799910527,0.09399127701654102,-0.013052008529727755,,
8.750073999999984,-12.961708071233003,22.292505902652756,148.06319320526913,0.06340850200878052,-0.03952485439964858,0.030632868469141983,0.06150545854797558,0.08864150665899559,-0.017858331332665008,,
8.759591999999998,-13.024539571795552,21.908100192252746,147.93358976448636,0.05552691416555495,-0.03478662186349796,0.02635109496143792,0.06302963357993852,0.08691233889103667,-0.025936646681776955,,
8.769094999999993,-13.085523066929573,21.467530782126882,147.75694242575702,0.030293478000815267,-0.019108629681951803,0.014085123989885776,0.06635029087350247,0.08891678683788187,-0.03554284730775087,,
8.77860099999998,-13.1313387942231,20.982187465215826,147.5376514641832,0.0,0.0,0.0,0.06727439786907868,0.09310672487109094,-0.045232709145398384,,
8.788119999999992,-13.16824129758158,20.43871946502185,147.29176694616012,0.0,0.0,0.0,0.06876677588658632,0.10228803217512221,-0.05120746277148739,,
8.797639000000004,-13.149590670546978,19.801624354093274,147.05931080511772,-0.0348182567041669,-0.0010031847159681735,0.07964123502777255,0.07045912997197104,0.11310654623748809,-0.052404053508168444,,
8.807141000000001,-13.1964381172671,19.17714974781361,146.82558234761655,0.0,0.0,0.0,0.0743094958431139,0.1145260466257309,-0.04813089868886384,,
8.816595000000007,-13.183263627493215,18.574067930167523,146.63819147587105,-0.03995378158051976,0.02800722891302804,0.14513983899978655,0.06792314159506543,0.11609901827003666,-0.04282086032993412,,
8.826081999999985,-13.194616393656815,18.005542427693705,146.4961738480168,-0.040509075668318094,0.03363839451745701,0.16105325093843595,0.0682871493288289,0.1075897700063921,-0.03212312040741914,,
8.835621000000003,-13.26158888925641,17.453941272103645,146.4096712672096,-0.03712701154695402,0.0672634826272025,0.11945631126647054,0.07543383230792702,0.09879132282238161,-0.017580336584593348,,
8.84513499999997,-13.360004937247172,16.949520411523057,146.3762568834017,-0.06390527562616934,0.08192156386919086,0.10576137073376529,0.07530786779973776,0.0875235158184485,-0.005147088236591985,,
8.854693999999995,-13.548034256384488,16.41906342308907,146.37776198590186,-0.04957899894585742,0.06927959635402152,0.090959457884435,0.07845102267244955,0.07224189488582015,0.006913083348331381,,
8.864217999999994,-13.747537869900707,15.899150728378144,146.41832527333514,-0.05454107959844217,0.039334114919183795,0.09160545557765641,0.08522369856900489,0.06826751250283696,0.015105179007994475,,
8.873720999999989,-13.971423237611427,15.393645016742735,146.4578347783121,-0.051581844478387394,0.014144090487786443,0.05568478494208206,0.092571456390416,0.06355040064680097,0.015944100540985485,,
8.883235999999954,-14.197798181245366,14.960252972664344,146.45245683229555,-0.03146120658268542,-0.02496353986177078,0.046499987092590664,0.09193529190274996,0.05335760998811485,0.006818739996426668,,
8.89273499999996,-14.411512025624061,14.57938540216041,146.38468404009456,-0.021069682179158705,-0.036620148837454444,-0.01048521303038663,0.08832487452029833,0.04797863798290414,-0.00654168664276101,,
8.902254999999968,-14.6065892781818,14.202547461447676,146.2585449925486,-0.0445065543303812,-0.026540623970785993,-0.018213965537100214,0.08284933283179381,0.04593367451344773,-0.01935681036074441,,
8.911766,-14.76808436694868,13.871457223445281,146.09161353907513,-0.04181753270418469,-0.014601840438150743,-0.04796455270774445,0.06993538072023762,0.04186817042142691,-0.029309840558603358,,
8.921284999999955,-14.874358956561823,13.559830794258648,145.9194467327959,-0.0365699115345936,0.0247415937729828,-0.010649021445608283,0.05458718002269485,0.04320386838041856,-0.03309656550499668,,
8.930791999999997,-14.920652011878042,13.27125886085737,145.77260268731467,-0.04478083033990579,0.030464333753507683,-0.012774400628251706,0.03770439382219333,0.04564180794887888,-0.03087171543813163,,
8.940314,-14.956655332432256,13.046749505791881,145.6637242733607,-0.01568284480298876,0.05162886950553335,-0.000484307370914211,0.02314956736009946,0.04402244249312893,-0.02373125568149613,,
8.949824999999976,-14.935262943801838,12.873517354329204,145.60502459579328,0.008462047892454168,0.06450519886502591,0.009139764579555707,0.0,0.0,0.0,,
8.95932799999997,-14.905601485384677,12.777972259503278,145.58028664595065,0.015605107155145919,0.04815739801141025,0.06326579727928838,0.0,0.0,0.0,,
8.968877999999961,-14.950666207176818,12.740048583448688,145.55426991805038,0.06566011481067949,0.05923010669482265,0.07351288003928758,0.0,0.0,0.0,,
8.978302999999983,-14.87350881555687,12.715439222031485,145.53322995293422,0.027139344349467565,0.039140761774128244,0.138335901294425,0.0,0.0,0.0,,
8.987863000000004,-14.950251222092803,12.737267202461208,145.45993928792583,0.03838252965742775,0.07589981461575411,0.050508080665635224,0.0,0.0,0.0,,
8.997417999999982,-15.032250749749776,12.735236173296578,145.3785377296809,0.03430394838254778,0.0756939152949536,0.0653793300159005,0.0,0.0,0.0,,
9.00687499999998,-15.067021753543935,12.77895285632686,145.32667321830206,-0.03476437450482867,0.0638479236492842,0.1452858631763455,0.0,0.0,0.0,,
9.016442999999981,-15.234240768551222,12.77936445081605,145.2904739841283,0.008049162205938399,0.08364025877746308,0.011178801471485656,0.0,0.0,0.0,,
9.025958000000003,-15.289569722825627,12.774239833676114,145.32141471435787,-0.041337716837440946,0.03688736612419179,0.06327986953178454,0.0,0.0,0.0,,
9.035412000000008,-15.358967279488105,12.830228512678227,145.39361380515845,-0.013375424779374414,-0.003946653557081687,0.03849630657834273,0.0,0.0,0.0,,
9.044937000000004,-15.372206768864464,12.926900829033926,145.49749625710203,0.0,0.0,0.0,0.0,0.0,0.0,,
9.054475999999966,-15.289446350786665,13.034635156117684,145.61532459856753,-0.03787981857975778,-0.04378600682111698,0.028219206701008467,0.0,0.0,0.0,,
9.063950999999975,-15.215576101005913,13.182450587255282,145.70170582169663,-0.018998819119914592,-0.03193547632394787,-0.009821662399612466,0.0,0.0,0.0,,
9.073501999999962,-15.067889193984088,13.32974262208058,145.7560991599106,-0.02276881828811918,-0.03835908465015029,-0.011663256980001736,0.0,0.0,0.0,,
9.082972999999981,-14.92728193377222,13.450519931858468,145.76975010208068,-0.024563106687786437,-0.027877634282616942,0.019344967385269255,0.0,0.0,0.0,,
9.092532000000006,-14.802030383457947,13.560944739477016,145.74605548282722,-0.009715910049394835,-0.0024516592079568216,0.02757312743307706,0.0,0.0,0.0,,
9.102047999999968,-14.675441487593183,13.658745094990476,145.7080984314358,-0.01662740740204911,-0.0040434016351831754,0.04715467831623164,0.0,0.0,0.0,,
9.111505999999963,-14.608559370725928,13.73882720858803,145.6650175302915,-0.01553273245061861,-0.0036789624379053565,0.04397354770334359,0.0,0.0,0.0,,
9.121019999999987,-14.55878990863609,13.826434493809435,145.629757374254,-0.020002372509123074,-0.0046216684625435545,0.05648216675524858,0.0,0.0,0.0,,
9.130518999999993,-14.548667821466772,13.938149246565507,145.59863367143438,-0.01843294638375848,-0.004165215114017173,0.05179968226393524,0.0,0.0,0.0,,
9.140074999999968,-14.57231745127209,14.070611264120737,145.5646827524317,-0.014494089084960887,-0.003208664679734488,0.040456040631919064,0.0,0.0,0.0,,
9.14958999999999,-14.599120036891458,14.219452326928407,145.51913466703124,-0.01599692832321935,-0.0034578661090180563,0.04431294321608667,0.0,0.0,0.0,,
9.159100999999964,-14.650184224917798,14.388596195453957,145.44945278195453,0.01135963163358304,-0.016392839898936164,0.03266328797869057,0.0,0.0,0.0,,
9.16858099999996,-14.686013781605874,14.557004518514853,145.36148644742497,-0.009146992554641315,-0.0018709475092310215,0.02488564899071912,0.0,0.0,0.0,,
9.17813000000001,-14.712587431227611,14.708517099128713,145.26306373366165,0.0,0.0,0.0,0.0,0.0,0.0,,
9.18763899999999,-14.728262569743203,14.847805552664806,145.16554887146015,0.0,0.0,0.0,0.0,0.0,0.0,,
9.197148999999968,-14.716171236820575,14.970323516013494,145.08714459349432,0.0,0.0,0.0,0.0,0.0,0.0,,
9.20664899999997,-14.698304556413488,15.080603953898018,145.03288897974988,0.0,0.0,0.0,0.0,0.0,0.0,,
9.216167999999982,-14.668906045255868,15.190918706275806,145.0057606309923,0.00583806888249572,0.023346524401033325,0.03169700346826209,0.0,0.0,0.0,,
9.225676999999962,-14.641584212487613,15.306409234136279,144.99900375033323,0.0066416564592151695,0.027060874182178674,0.03683522042414883,0.0,0.0,0.0,,
9.235193999999979,-14.62531801604925,15.421744559044953,144.999027502674,0.008475914583423356,0.030096531069142448,0.03741142128950282,0.0,0.0,0.0,,
9.244707000000005,-14.620441077507548,15.540524341656457,144.9947477685153,0.030296165745366446,0.011298214215584955,0.04671917922011009,0.0,0.0,0.0,,
9.25417699999997,-14.637699840362888,15.659962224692048,144.97554915697555,0.03273382554742728,0.007371431371779436,0.045536055314482675,0.0,0.0,0.0,,
9.263686000000007,-14.666493361607396,15.764548567329825,144.9410747434279,0.010540302207810746,-0.016864864196309837,0.03594115280729857,0.0,0.0,0.0,,
9.273241999999982,-14.710391200843045,15.851619154116808,144.89346386758956,-0.011210701145530228,-0.001727293750105439,0.028801135544333962,0.0,0.0,0.0,,
9.28274799999997,-14.756289105464493,15.92084949743375,144.84298249708576,-0.009932752517066105,-0.0015164142095747167,0.02540784022059019,0.0,0.0,0.0,,
9.292259000000001,-14.79062150972645,15.96813813621581,144.80172097990197,-0.00911436250600544,-0.0013826196629752614,0.023243428937547668,0.0,0.0,0.0,,
9.301771999999971,-14.808366850873186,15.996864585684255,144.7794921114299,0.0,0.0,0.0,0.0,0.0,0.0,,
9.311285999999996,-14.802636916081235,16.01714037582036,144.780056355986,-0.009859722217462468,-0.0014811208683189055,0.02508334775863661,0.0,0.0,0.0,,
9.32079299999998,-14.779418711814872,16.033037313392505,144.79977650131485,-0.009137112138966027,-0.001363617630391598,0.023246329861338892,0.0,0.0,0.0,,
9.330298999999968,-14.74307500075409,16.044957668282457,144.8321557707049,-0.0107884462234277,-0.0015981292423579447,0.027464799568704196,0.0,0.0,0.0,,
9.339808000000005,-14.703609368620942,16.057551393704333,144.86587185708063,-0.011810678507642806,-0.0017351672928691427,0.030087891880915648,0.0,0.0,0.0,,
9.349276999999972,-14.673025778779989,16.068350653375884,144.88851962003764,-0.011776965653858126,-0.0017179673483572766,0.030016443777033008,0.0,0.0,0.0,,
9.358803999999964,-14.655164691973367,16.06936018333853,144.89537878436482,-0.012013074291671038,-0.0017457084067300454,0.030633041091124375,0.0,0.0,0.0,,
9.368353999999954,-14.655355522363646,16.06237491822546,144.88401959504316,-0.011909895013500354,-0.0017309562588344487,0.030377688367451333,0.0,0.0,0.0,,
9.377811000000008,-14.673834988721758,16.042888457982862,144.85817115887474,-0.011814024410492003,-0.0017266312537072396,0.030139646666911712,0.0,0.0,0.0,,
9.387362999999993,-14.70441950759157,16.011705933809935,144.82604491194832,-0.011537980196557211,-0.001703637087009085,0.029445336898761887,0.0,0.0,0.0,,
9.39684699999998,-14.739266282269508,15.974992302947625,144.79712494960444,-0.011969244831694054,-0.0017899187570565385,0.030559703339133198,0.0,0.0,0.0,,
9.406344999999988,-14.772033993846367,15.934278237680182,144.77900576123838,-0.012210100951771052,-0.0018519770936962295,0.031196533692390747,0.0,0.0,0.0,,
9.415857999999957,-14.796567754399915,15.893875840702103,144.77528357995496,-0.012080959730392991,-0.0018575823878941896,0.030896272175157426,0.0,0.0,0.0,,
9.425415999999984,-14.811067583267862,15.862327274502192,144.7835887065917,-0.011774703936460478,-0.00183007356040164,0.030140596763538467,0.0,0.0,0.0,,
9.434933999999998,-14.813100286033176,15.839615864540644,144.8000681404402,-0.011995870621929194,-0.0018774365567582035,0.030735260576535677,0.0,0.0,0.0,,
9.444389999999999,-14.807516912102523,15.824486530866645,144.81704900047936,-0.012661131808044157,-0.0019888795530369225,0.03246684631902591,0.0,0.0,0.0,,
9.45390599999996,-14.797840339815082,15.81731134160833,144.82761277615484,-0.012273610875504817,-0.0019288047589828409,0.031492161587441454,0.0,0.0,0.0,,
9.463458000000003,-14.78527584221155,15.813417545340128,144.8286868486202,-0.012684205041646964,-0.0019893615893551548,0.03256277990952522,0.0,0.0,0.0,,
9.472940999999992,-14.776624169920876,15.812604999353287,144.8198579047666,-0.012578309713760411,-0.00196714776878042,0.03229925647054493,0.0,0.0,0.0,,
9.482481000000007,-14.770508643456823,15.812757434084762,144.8063689913711,-0.0123909247411722,-0.0019320485331259251,0.031822294773544174,0.0,0.0,0.0,,
9.491997999999967,-14.77045797424715,15.815787997127146,144.79240821822782,-0.01239774388484254,-0.001928809874590187,0.03183463511983954,0.0,0.0,0.0,,
9.50149799999997,-14.776254798267697,15.825298942040371,144.7836745359311,-0.01163294112340605,-0.0018069628787485085,0.02985331264957256,0.0,0.0,0.0,,
9.511014999999986,-14.779262734672583,15.838597204017809,144.7847873056383,-0.012285791916675401,-0.0019048078858332983,0.03150867284624955,0.0,0.0,0.0,,
9.530032000000006,-14.778399873166839,15.883977558870097,144.81266140659562,-0.011581955517481759,-0.0017845730467888569,0.02965065550604153,0.0,0.0,0.0,,
9.53949399999999,-14.770671062776819,15.912788707437416,144.8318573057774,-0.011627801044612425,-0.001781872470966158,0.029740580148551108,0.0,0.0,0.0,,
9.549053999999956,-14.761081341795766,15.940686234748835,144.84640039151384,-0.011757415669915304,-0.0017904502686150565,0.030046732826950216,0.0,0.0,0.0,,
9.558568999999977,-14.748846515487951,15.966516306075516,144.8516052700878,-0.010812303788425312,-0.0016340263170354994,0.027611905720773565,0.0,0.0,0.0,,
9.568082000000004,-14.739457656603825,15.988397517907929,144.8456583750769,-0.009241144463920279,-0.0013861622197501643,0.023584124887847134,0.0,0.0,0.0,,
9.577585,-14.729722749831343,16.006329176540525,144.8324737455209,-0.009794194418720037,-0.0014579014590768464,0.024983075455596745,0.0,0.0,0.0,,
9.587041999999997,-14.720136301783274,16.017914960980956,144.81659422660837,-0.011135423107973101,-0.0016465209745829621,0.028397264675657202,0.0,0.0,0.0,,
9.596542,-14.711419297013782,16.025850473967044,144.80414144291643,-0.012026183540687829,-0.0017688017279671303,0.03066542995608326,0.0,0.0,0.0,,
9.606066999999996,-14.70333778047209,16.031060324747102,144.79982086249032,-0.013001101597932373,-0.001905281788079718,0.03315149164924424,0.0,0.0,0.0,,
9.615586000000008,-14.700997127828087,16.0368817109499,144.80535542281896,-0.011941578292514708,-0.0017480223727089925,0.030444943759288336,0.0,0.0,0.0,,
9.625087000000008,-14.699774381869396,16.042042593013235,144.81812535570026,-0.012572805187234448,-0.0018407177128892513,0.032049569182666285,0.0,0.0,0.0,,
9.63459899999998,-14.70257468122133,16.04722197266891,144.83415351255545,-0.012143679546550708,-0.0017806480906832605,0.030947841595264508,0.0,0.0,0.0,,
9.644105999999965,-14.707263698553136,16.051597610544874,144.8497271030416,-0.011449048284652472,-0.0016823684209793988,0.02916957770799243,0.0,0.0,0.0,,
9.653626999999972,-14.712847976386668,16.057254737173658,144.86001874793166,-0.011827147361052916,-0.0017404223388606957,0.030121842918792316,0.0,0.0,0.0,,
9.663137000000006,-14.720013614676349,16.060706586473774,144.8640361550265,-0.010778719232847275,-0.0015885612978644454,0.027442432837344405,0.0,0.0,0.0,,
9.672550000000001,-14.724904319528134,16.06351357952274,144.86310265117893,-0.010437102116532631,-0.0015389833790746808,0.02656583675909871,0.0,0.0,0.0,,
9.691665,-14.719005287502759,16.06354266872703,144.86203462862105,-0.011584606592074942,-0.0017054797490789761,0.029491442687057265,0.0,0.0,0.0,,
9.701180999999963,-14.706088867442732,16.061593160088183,144.86845305369823,-0.012358018130742266,-0.0018157148756323758,0.031474970522085664,0.0,0.0,0.0,,
9.710689000000002,-14.688327149703245,16.06130024360557,144.88171717556978,-0.012858166716810221,-0.0018840727285464385,0.03276687784596461,0.0,0.0,0.0,,
9.720201999999972,-14.662893092271542,16.058669620535063,144.90199292217818,-0.014761216312347466,-0.002155823568380479,0.0376497669544406,0.0,0.0,0.0,,
9.72969999999998,-14.63499536865528,16.060294220890004,144.92625345872185,-0.014266596639302725,-0.00207456527480231,0.036416890588503247,0.0,0.0,0.0,,
9.739215000000002,-14.608472927773887,16.07163666276778,144.95119337109153,-0.012463924942548842,-0.0018015668212616046,0.0318264348079511,0.0,0.0,0.0,,
9.748722999999984,-14.583389276745581,16.08956833032737,144.97445202057926,-0.014055161346144983,-0.002016765792405651,0.03589060548874522,0.0,0.0,0.0,,
9.75824799999998,-14.56220333013889,16.11835380668717,144.99161008170594,-0.015145534571452682,-0.002152723638597936,0.038653636037834165,0.0,0.0,0.0,,
9.777265,-14.533206153999734,16.197417807470195,145.00510832926466,-0.014467644852968,-0.0020094813438176935,0.036834103815288795,0.0,0.0,0.0,,
9.786775999999975,-14.523225432876005,16.234502932360726,145.0057840638435,-0.013551321174709259,-0.0018621075193303682,0.03445796558212267,0.0,0.0,0.0,,
9.796289999999999,-14.517518351620039,16.26247614993819,145.00659358222052,-0.011728233420462269,-0.001599340962571917,0.02979258978857264,0.0,0.0,0.0,,
9.805788000000007,-14.516523293203322,16.27637538619736,145.00954410627,-0.011399152475224578,-0.001549838408516278,0.02894100033372129,0.0,0.0,0.0,,
9.815301999999974,-14.502694244278436,16.27987473006876,145.01591736098763,-0.01227439195147139,-0.001662724233494227,0.031171251108418934,0.0,0.0,0.0,,
9.824810999999954,-14.484851587613642,16.265290245645673,145.02356648498082,-0.012655877237946823,-0.0017134681702167527,0.03217627217814689,0.0,0.0,0.0,,
9.834323999999981,-14.4637900346712,16.240715756815387,145.0291415271719,-0.011583519061564435,-0.0015691500183551324,0.029497898842153942,0.0,0.0,0.0,,
9.843841999999995,-14.43668833714777,16.224442955954412,145.02934893138314,-0.01265634318607946,-0.001708218974726245,0.03227645065649416,0.0,0.0,0.0,,
9.853358999999955,-14.424942886301448,16.217625545158974,145.0212561770321,0.024930020821018525,0.00942138990473668,0.0401591780397706,0.0,0.0,0.0,,
9.862858999999958,-14.412248314112633,16.22134978121309,145.00991959248967,0.029250357185365852,0.005855345695424217,0.04345764532567264,0.0,0.0,0.0,,
9.872374999999977,-14.414022298108542,16.24443699936228,144.9944916129966,0.04215618769286237,0.006629526434771833,0.01688048357025083,0.0,0.0,0.0,,
9.881881999999962,-14.43029858600709,16.277877299104503,144.9785629047861,0.03716449799861668,0.010715885906086213,0.015161245687332315,0.0,0.0,0.0,,
9.891402999999968,-14.444461900367244,16.3151233020347,144.96893154351238,-0.009389128238037125,-0.001234025074461462,0.023845846966317946,0.0,0.0,0.0,,
9.900904999999966,-14.467267517241014,16.349531815726493,144.9663073165074,0.0,0.0,0.0,0.0,0.0,0.0,,
9.910413000000005,-14.486677033544494,16.37084731265935,144.97347000255982,0.0,0.0,0.0,0.0,0.0,0.0,,
9.91992399999998,-14.499987753126941,16.374779097656898,144.98916668556382,-0.011134133739579725,-0.0014699392344365947,0.028165171440080773,0.0,0.0,0.0,,
9.92943299999996,-14.50327053340759,16.364278084141116,145.01079804105157,-0.01514734993776911,-0.002012192407263506,0.038332092876543905,0.0,0.0,0.0,,
9.938947999999982,-14.49507189448137,16.33876043216017,145.03242049571978,-0.01900878087361563,-0.0025413914671311055,0.04816819355218149,0.0,0.0,0.0,,
9.948459999999955,-14.507169941170794,16.32726581066997,145.04159478775097,0.0,0.0,0.0,0.0,0.0,0.0,,
9.957973999999979,-14.505183812468418,16.322692675242855,145.04075374441027,-0.013623774341438868,-0.0018351017712690966,0.034536387338083264,0.0,0.0,0.0,,
9.967471999999987,-14.495594942787497,16.32338961192964,145.02808007515827,-0.03561940192385097,-0.02493553921339173,0.05086083479299584,0.0,0.0,0.0,,
9.976980999999967,-14.514902209486602,16.327549004844162,144.99542675351748,-0.026001620514471455,-0.003486844247827096,0.06587604127134364,0.0,0.0,0.0,,
9.98650299999997,-14.532683704096181,16.346259924445175,144.95109149755424,-0.01722440215101363,-0.002297678611343106,0.043578560429974385,0.0,0.0,0.0,,
9.996012000000007,-14.582506845379642,16.38506349839543,144.9047676113673,0.01060866544496326,0.0014132549695121148,-0.026757057715745103,0.0,0.0,0.0,,
10.00552799999997,-14.60799979310013,16.386034517314826,144.884511834667,-0.020705128134873456,-0.002769384236559579,0.05218021426324178,0.0,0.0,0.0,,
10.015039000000002,-14.633944226343726,16.383073819525833,144.87943681279253,-0.01670416358409904,-0.0022499394764812068,0.0420710215352068,0.0,0.0,0.0,,
10.024538000000007,-14.644265362869671,16.39416217767414,144.8830099587249,-0.017830198641674108,-0.0024034527954874606,0.04487393812205542,0.0,0.0,0.0,,
10.03404999999998,-14.67932097720615,16.408150018071126,144.8822540684519,-0.011085304472293389,-0.0015035075604699203,0.02785527311475297,0.0,0.0,0.0,,
10.043557999999962,-14.732456750430915,16.40554281121372,144.87351425093738,0.01262602569442223,0.021113993377311974,0.006188478800203215,0.0,0.0,0.0,,
10.053080999999963,-14.78080909415464,16.393809074167404,144.85740052525213,0.013806689195340147,0.023084212934964248,0.006789797414655062,0.0,0.0,0.0,,
10.062598999999977,-14.854480223086961,16.3660127200029,144.83446651423435,0.018051356085949637,0.03017174365553515,0.00892256531031431,0.0,0.0,0.0,,
10.072100999999975,-14.917422224789004,16.29315939339756,144.81900705513706,0.017501103621737027,0.029234541688027145,0.008688350437805581,0.0,0.0,0.0,,
10.081608999999958,-14.985167318814742,16.211901962784836,144.81150274505055,0.01799565610692174,0.03005111494424227,0.008977965822008731,0.0,0.0,0.0,,
10.09111999999999,-15.040120288005788,16.124138314763997,144.82472462545692,0.01603300591552453,0.026781145523462047,0.008034812231883908,0.0,0.0,0.0,,
10.100638000000004,-15.083099233461697,16.009199140551146,144.86420182483076,0.014267172632340003,0.02385288818283406,0.007180318917089311,0.0,0.0,0.0,,
10.110147999999981,-15.117066981460264,15.915060245331558,144.91519459380274,0.012585399779086563,0.021071782283652682,0.006358779192932003,0.0,0.0,0.0,,
10.119656999999961,-15.131197027602406,15.860776464907863,144.96609786865812,0.017965856894416064,-0.022668374408491853,0.039585075855794044,0.0,0.0,0.0,,
10.129173999999978,-15.147411373695748,15.821758061582905,145.00074062304364,0.028330098964202844,-0.019836403108031562,0.009800571698161304,0.0,0.0,0.0,,
10.148194999999987,-15.152193948778407,15.801354978881903,144.97335731424366,0.022441277852084773,-0.015729108543765736,0.007755439266181565,0.0,0.0,0.0,,
10.157713000000001,-15.11948291363506,15.791147843544406,144.9132206874366,-0.01771572520924648,-0.003030630038661755,0.0450997227600602,0.0,0.0,0.0,,
10.167219999999986,-15.102751984475207,15.778742626847897,144.82395388071612,-0.013030725602617471,-0.0022056335105024834,0.03319693855775054,0.0,0.0,0.0,,
10.176727999999969,-15.078288314782275,15.776240600452125,144.7235000108755,-0.02025054035554476,0.0373231466531703,0.03649784301993879,0.0,0.0,0.0,,
10.186237000000006,-15.04279887333214,15.759513431530523,144.64737313216102,-0.03873698525960702,0.04934956886608831,0.042087627036474805,0.0,0.0,0.0,,
10.205257999999958,-14.98654311254777,15.715299086624732,144.65089838251387,-0.042579246036814476,0.05655369809559909,0.040310553946099247,0.0,0.0,0.0,,
10.214756999999963,-14.951469714922709,15.737943931390758,144.7395887373024,-0.0004915121700151703,0.021259883514900338,0.04497672343123915,0.0,0.0,0.0,,
10.224270999999987,-14.906044641078605,15.781594388368932,144.86210137029659,-0.0181546790612822,-0.0029556656773740806,0.0465112284319267,0.0,0.0,0.0,,
10.233789000000002,-14.859804488024913,15.87306821033381,144.9760797012771,0.01150947129315625,-0.023111181878932366,0.05472747617858907,0.0,0.0,0.0,,
10.243298999999979,-14.828692465698712,15.99994400486737,145.0474195277975,0.035038379584823184,-0.033995884172635625,0.044431548786622796,0.0,0.0,0.0,,
10.252808999999957,-14.794338057762488,16.11641883015508,145.06206837453047,0.029937539463353906,-0.03272355410382566,0.05066152640047966,0.0,0.0,0.0,,
10.262315000000001,-14.778913832736915,16.223177102938738,145.01410970119218,0.024051733893934595,-0.025353657156559333,0.03752391051346466,0.0,0.0,0.0,,
10.271829999999966,-14.763165019589827,16.31110260272687,144.92512608619046,0.020827977831020257,-0.014624506873383191,0.007447330038649879,0.0,0.0,0.0,,
10.281337000000008,-14.744089287279039,16.35856293595334,144.82783309214486,0.0,0.0,0.0,0.0,0.0,0.0,,
10.290857999999957,-14.722403256401696,16.375159458650376,144.75427575469539,0.0,0.0,0.0,0.0,0.0,0.0,,
10.300364000000002,-14.686998493625472,16.38462655130757,144.72786274418607,0.0,0.0,0.0,0.0,0.0,0.0,,
10.309866999999997,-14.649014904390707,16.388241546371418,144.75682050686754,0.015179204277310383,0.025237291391416034,0.007365411401521935,0.0,0.0,0.0,,
10.319389999999999,-14.605835556028177,16.39331789970227,144.83167169024466,0.004092790447937551,0.023025411261080694,0.033707829402965815,0.0,0.0,0.0,,
10.328899999999976,-14.568755260025126,16.408766231623225,144.9262255966988,0.0014967249926097048,0.019820900941491117,0.03451739055024649,0.0,0.0,0.0,,
10.338415999999995,-14.548456102508826,16.417979525914795,145.0118654749929,-0.01194346450600516,-0.0015871845080091785,0.030119185496814662,0.0,0.0,0.0,,
10.347916999999995,-14.545106464889692,16.4085745791001,145.06504908374797,-0.014608875118661858,-0.001957543274744163,0.036863170440652064,0.0,0.0,0.0,,
10.357430999999963,-14.565662274491729,16.382754657673072,145.07121240361445,-0.014139931248193347,-0.0019178216292654953,0.035697804813564396,0.0,0.0,0.0,,
10.366946999999982,-14.602399814148317,16.33472378853086,145.03482058200515,-0.013653418575521829,-0.0018810401691819456,0.034499293246065314,0.0,0.0,0.0,,
10.37645299999997,-14.647308584662804,16.262184305199646,144.97223787884428,-0.013219496107319428,-0.0018571958559361558,0.03345554388032554,0.0,0.0,0.0,,
10.385969999999986,-14.689952883571396,16.179558281585702,144.90657354912534,-0.01133127661134486,-0.001624786540038458,0.028735506073168916,0.0,0.0,0.0,,
10.395469999999989,-14.71617175557994,16.100532749454374,144.86234712107276,-0.009874437672481329,-0.0014414730640194078,0.025101421670271375,0.0,0.0,0.0,,
10.404980999999964,-14.717426918830737,16.027366455647705,144.85614389357218,-0.009636961680453379,-0.001427979885574391,0.024570722114680237,0.0,0.0,0.0,,
10.41450199999997,-14.690081656695602,15.975300179072953,144.89260006425724,-0.010545717438961502,-0.0015760890947629485,0.026969386657376224,0.0,0.0,0.0,,
10.424005999999963,-14.644170904853555,15.947140164372973,144.96117095644885,-0.011819412002557475,-0.0017715378564343205,0.03030721892751029,0.0,0.0,0.0,,
10.433516999999995,-14.591027335848326,15.937714303781322,145.0404423597616,-0.014086212059135548,-0.002108046969622832,0.03619626966581257,0.0,0.0,0.0,,
10.44302399999998,-14.542716884028838,15.93659231335268,145.10645262810303,-0.016373694765218355,-0.0024412877406060577,0.042141496603095366,0.0,0.0,0.0,,
10.452542999999991,-14.514629145376437,15.937894003107877,145.1383178375183,-0.016762414496429606,-0.0024908286947152108,0.04317775117103628,0.0,0.0,0.0,,
10.462055999999961,-14.516011798378736,15.935670748966448,145.12395963584194,-0.01728966418417144,-0.002566823388804978,0.04453660806821163,0.0,0.0,0.0,,
10.471546999999987,-14.548753981098665,15.92764624258512,145.06474806129128,-0.018748930838677135,-0.002790860920678022,0.0482592234691464,0.0,0.0,0.0,,
10.48107299999998,-14.610908781628664,15.923088044485578,144.9704088512846,-0.01656826701375912,-0.0024783850097465504,0.04256823587800616,0.0,0.0,0.0,,
10.490579999999966,-14.685941144981143,15.929697134359259,144.85917912560728,-0.014785078685419211,-0.0022196543587765195,0.03788388786746215,0.0,0.0,0.0,,
10.500087000000008,-14.759878173225529,15.954227359000832,144.75061819561776,-0.015162813933060394,-0.0022760375113891037,0.03871923559240646,0.0,0.0,0.0,,
10.509604999999965,-14.82321382490834,16.008361175755287,144.65791458539206,-0.016213095784819182,-0.0024166368504035954,0.041224030561891195,0.0,0.0,0.0,,
10.519115,-14.869028251199865,16.095074426766125,144.58862075993414,-0.0160577275448922,-0.0023569804691221025,0.04062325326836845,0.0,0.0,0.0,,
10.528630999999962,-14.901204367818666,16.21034753793609,144.54279433765606,-0.03574929055045613,0.012898025479292072,0.029402114004663762,0.0,0.0,0.0,,
10.538145999999983,-14.938974585594032,16.337368421458557,144.5094924366977,-0.04435181602703785,0.020639290762356318,0.020836881408350057,0.0,0.0,0.0,,
10.547662000000003,-14.972422044716675,16.47040921072393,144.48034806436172,-0.06616609812522664,0.0017088801275352294,0.01832979351213222,0.0,0.0,0.0,,
10.557168999999988,-15.022207606675188,16.58865866844494,144.4464994747669,-0.06455931750085278,0.024328244356497646,0.04913766217193086,0.0,0.0,0.0,,
10.585699999999974,-15.310372176404005,16.895376528822947,144.3302163823662,-0.06079468954419218,0.023424098037953762,0.04353693895161589,0.0,0.0,0.0,,
10.595201999999972,-15.497977798543873,17.020365900142757,144.31302822158503,-0.030308381669937323,0.02176833310146887,-0.011423046821123672,0.0,0.0,0.0,,
10.604705999999965,-15.657404156275897,17.204659096463836,144.33282994056583,-0.005313796237408887,0.022881585167175682,0.05702969320864374,0.0,0.0,0.0,,
10.614228999999966,-15.817123532249234,17.42162271856657,144.40067382597752,0.030316520702029528,0.0050359059244239075,0.06985068200755798,0.0,0.0,0.0,,
10.633196999999996,-16.12510649251825,17.94480017574551,144.59732481818193,0.08344288405399013,-0.021033320985218935,0.12851769874215152,0.0,0.0,0.0,,
10.642764999999997,-16.326671946028448,18.280233303533226,144.64200482933333,0.03854774627004423,0.066475977410617,0.02128393921877517,-0.015701769690731636,-0.05442871854871841,0.017749412497768603,,
10.652266999999995,-16.55197358961584,18.586702292287985,144.6826599391419,-0.009732886459105722,0.11498459624798898,0.0026303124877355157,-0.02157789188962128,-0.06385888403253907,0.018651314580538488,,
10.661771999999985,-16.83209214464989,18.7050942381687,144.7984193334281,-0.06884455449501921,0.20464486109718408,-0.09156397026420889,-0.015358885347604543,-0.05277979945171922,0.037357116177545995,,
10.67128600000001,-17.02313193289523,18.636412742530865,145.0818205068043,-0.1417255046170777,0.24924560271178642,-0.09976023901531897,-0.017928757377961586,-0.02969337584878113,0.06531997569095538,,
10.680804999999964,-17.111677389887227,18.544346371505124,145.55723073632615,-0.10260504962224584,0.21221726450177722,-0.11477803289641006,-0.023796061539056404,-0.0058386818487600155,0.09725077008832188,,
10.690308999999957,-17.075315782810787,18.439837586856203,146.20984223994395,-0.05848611357521962,0.14106617332988608,-0.08768257340684932,-0.024248166277454165,0.02090908886644739,0.1247997832158292,,
10.699824999999976,-16.9616199133662,18.38657592629555,146.9472750490901,-0.009307052018491508,0.06337687199316165,-0.045085722458721306,-0.023340831577033413,0.032608567627963325,0.13686026098020637,,
10.709329999999966,-16.829606379490727,18.465725096529408,147.65843488345743,0.05849648149850939,-0.01917370030679107,-0.03268125981813488,-0.02555906528965758,0.029458095483435195,0.13036743491855507,,
10.718846999999982,-16.68305227062131,18.601365725181335,148.29630777964329,0.09258865486475298,-0.04034874811237077,-0.016802753983923755,-0.026107968597469517,0.026891532410959148,0.1146691456167097,,
10.728358999999955,-16.561605964164908,18.712425613416897,148.8510203320944,0.06553622173781598,-0.023966619697952753,-0.024335782269391596,-0.024051415130327998,0.022673773603079563,0.09954689183303973,,
10.737869999999987,-16.42589359754982,18.82130092628073,149.35321762929254,0.0,0.0,0.0,-0.030330492029563675,0.011548280407522003,0.0880469973785761,,
10.74736999999999,-16.269447390376857,18.936813272344523,149.85930482981874,0.0,0.0,0.0,-0.0351717243474098,0.007555540878506286,0.08739433415971866,,
10.756889999999999,-16.03735298710876,19.01696316630699,150.42568331279878,-0.03566965663992208,-0.028231249692112468,0.0495820452742287,-0.03612780423439202,0.016841431397047912,0.0944296613708779,,
10.766410000000008,-15.765207976053073,19.155342238385426,151.02529806213278,0.024659143215002222,-0.10529529979189986,0.08616608258907028,-0.034391504281644586,0.02030311857973469,0.09828187303209208,,
10.77586500000001,-15.586364018216488,19.244441642287914,151.54101839633427,0.1173986309772372,-0.18806150125716622,0.12786617679371204,-0.035724674387502,0.014776360590822251,0.08749897591752034,,
10.785353999999984,-15.408554051857854,19.39678219629449,151.91173556910496,0.19282142169920238,-0.2675893888571055,0.17111879161691362,-0.04161029417793113,0.003219427843363399,0.058420279733201894,,
10.794843999999955,-15.277981702366404,19.644886621598676,152.06769461326678,0.23720357640017056,-0.2888222286507519,0.1892297298476603,0.0,0.0,0.0,,
10.804355999999984,-15.174478319577323,20.002880514751975,151.99238111051937,0.2191939285810067,-0.25176531784967066,0.1827119594351921,-0.048391646198904084,-0.04004014900890947,-0.026204762409113368,,
10.813860999999974,-15.08132416221363,20.47118799583598,151.727010554687,0.12167448608733904,-0.15665567112836765,0.1764732356072829,-0.057116511009456146,-0.06034645192718859,-0.06372648966511793,,
10.823406999999975,-14.98483777487087,21.020319168072458,151.3758191652305,0.017712487506910127,-0.03896769270868087,0.11608731250641979,-0.06560037036062934,-0.07403013295518804,-0.08135691282737392,,
10.83290999999997,-14.86249622795366,21.571185753176447,151.07884909453173,-0.07987605043658623,0.0761465811973532,0.08073398745794595,-0.07031887399795436,-0.0717002599113743,-0.07262608370052487,,
10.842419000000007,-14.710623642698947,22.081252850332085,150.94158869391907,-0.11619361888883435,0.1488242477665807,0.022198489998212136,-0.0713325927736703,-0.06169205847542425,-0.04314007471444029,,
10.85199399999999,-14.618854538453341,22.334702774957446,150.97256822101897,-0.10645400590316141,0.1550158126418213,0.003322191165460746,-0.07058282990892244,-0.04547220989936036,-0.005156222210252354,,
10.861512000000005,-14.510713862285133,22.526428110453296,151.20553348579904,-0.07483758338356185,0.12523249851675408,0.004534156354326505,-0.06072486075172032,-0.026470114783848427,0.03392708943186647,,
10.880542999999989,-14.308293311338113,23.00604257391621,151.97826511179088,0.04140624600853161,-0.022036243544296837,0.019915803352945825,-0.035390594428358686,-0.014650401319518886,0.06930041913314353,,
10.890040999999997,-14.26437990465317,23.293176784189242,152.32404507982238,0.08948543299227334,-0.03708730334853203,0.004194889038410148,-0.018646532979602948,-0.015046618306506962,0.061205757304317966,,
10.899554999999964,-14.260664431376266,23.561396398391917,152.54435259347326,0.06769901999222802,-0.0699008830168562,-0.025885281415850572,0.0,0.0,0.0,,
10.90906799999999,-14.291211599755806,23.758775319217058,152.63025177855226,0.017145582652033003,-0.0406318869733865,-0.07702527105848579,0.0,0.0,0.0,,
10.918579999999963,-14.318804377021367,23.802084286907508,152.64052418997156,-0.03351822650659202,0.0005062569219964725,-0.09971291178716078,0.0,0.0,0.0,,
10.928008999999975,-14.292545060393968,23.8058249794942,152.66777117388003,-0.051728729377668405,0.06080003017226135,-0.16241897766257135,0.0,0.0,0.0,,
10.937545,-14.156356498931867,23.74194517399608,152.8060565433909,-0.08192926170689953,0.06935693493113451,-0.1510199136439008,0.0,0.0,0.0,,
10.947062999999957,-13.90465255604648,23.62712974086139,153.10988949066538,-0.048632035602600286,0.09158720410334178,-0.11906411644063569,-0.028149185155173714,0.05542460439332046,0.03590821216681254,,
10.956682,-13.624423690011456,23.444244720418702,153.5546400714179,0.011345565180024648,0.06763179829571822,-0.06986213000925412,-0.043273018046467986,0.07244488583158873,0.061941068861084705,,
10.96618699999999,-13.251455398419047,23.34675495104205,154.13218275284754,0.08846636581161732,0.019907782558934634,-0.0008690665967426811,-0.05512665799122878,0.08131558526928112,0.08112625321446411,,
10.975652999999966,-12.827696616676889,23.37572350407116,154.75211351296608,0.16668402473121774,-0.04399451588063061,0.08104080045973254,-0.06179745414429216,0.07871888754771478,0.08543524328529865,,
10.985140000000001,-12.38778933061244,23.27068179532708,155.30560897328075,0.24345154483214967,-0.11194632647368037,0.11523775109421948,-0.06240441648778091,0.06715198450951206,0.07094574563602454,,
10.994648999999981,-12.016494070897366,23.2420917374606,155.6716174410916,0.23610379557329927,-0.12804052810473138,0.2142588240025735,-0.05780452963160497,0.047461487493703325,0.038860729820396435,,
11.004165999999998,-11.735200442555005,23.311499741619294,155.79098139426284,0.1861331106973806,-0.1445360322225656,0.22672654419807328,-0.05092073305483148,0.022483182754534228,-0.003474180150794996,,
11.013664000000006,-11.558979240645447,23.45229537254417,155.68356767546493,0.10347201340568038,-0.10812326020680665,0.18367257768863146,-0.03910763657363121,0.0014656011392383693,-0.04065713179308278,,
11.02317899999997,-11.464873822196646,23.625102486727112,155.4411336394121,-0.0029597745391582854,-0.028522948958172815,0.15024318876005857,-0.027960973494693096,-0.010522873092275464,-0.06123541229692834,,
11.032655999999974,-11.394958525456522,23.79405206173907,155.19809591867462,-0.09340124745708023,0.011821933471338659,0.1146947496629277,-0.023613423935593483,-0.01157651549213379,-0.059486715199492425,,
11.042362999999966,-11.312460888977805,23.928291300431106,155.07481052926244,-0.12415551956291469,0.0331089516315205,0.06579497430858833,0.0,0.0,0.0,,
11.051791999999978,-11.152337157559094,23.893506161690652,155.14570296735747,-0.11621001324506665,0.035894232021986446,0.03689540900262545,0.0,0.0,0.0,,
11.061255999999958,-10.906216742706693,23.883899290251918,155.40861539112822,-0.07748664910970225,0.019241308227911938,0.04897248284924212,0.0,0.0,0.0,,
11.070768999999984,-10.64039804666858,23.95120576041965,155.79127768655312,-0.013369104679180979,-0.03703824484118012,-0.006741376293418665,-0.03853249537046275,0.019964378650289473,0.04962971750008021,,
11.080311999999992,-10.339973438883193,24.062290753887723,156.2050354638879,0.03018164078765951,-0.0767507864806142,0.014559740176465134,-0.04032281710965331,0.023478662338872375,0.0528651129121319,,
11.089796999999976,-10.041223860787788,24.1999956974212,156.5492827368093,0.05403386347420575,-0.10801112366225368,0.02653406503388868,-0.036265048517164555,0.0197869057338162,0.03889720841906376,,
11.099304999999958,-9.832792808905074,24.328875683677808,156.73849806074315,0.04425040364616511,-0.08126415979096506,-0.010961097337371852,0.0,0.0,0.0,,
11.108857,-9.640401369532698,24.37459902669153,156.77815773842457,-0.018829365475762673,-0.054034655130579624,-0.008831753149675284,0.0,0.0,0.0,,
11.118321999999978,-9.517332086295779,24.350639363014277,156.7052991625641,-0.06729998585642948,-0.008096078864797275,-0.032792963475473794,0.0,0.0,0.0,,
11.12787499999996,-9.422294995365139,24.1970601115371,156.60742012062966,-0.1005329404018706,0.035726102713024184,-0.0007661775802486532,0.0,0.0,0.0,,
11.137389999999982,-9.33182096275488,24.004959950159147,156.5457033313106,-0.0907740932401906,0.029426855402605156,0.018547323749121266,0.0,0.0,0.0,,
11.146851999999967,-9.286726604690715,23.904846345635185,156.52896387906637,-0.01236109780416437,0.0003227002897681648,0.02587059175193745,0.0,0.0,0.0,,
11.156410999999991,-9.217279955076286,23.8917575006627,156.57144185151503,0.04102474425052537,-0.027762101172717185,0.08331294768331952,0.0,0.0,0.0,,
11.165817000000004,-9.17420455935391,23.88337033915278,156.63685143418616,0.0915255619084292,-0.049822574233345164,0.1098939642594207,0.0,0.0,0.0,,
11.175374999999974,-9.14382828755697,23.958120826005214,156.69053782728665,0.1333243985513792,-0.06371641453661445,0.1047694656321441,0.0,0.0,0.0,,
11.18488199999996,-9.126696165997512,24.097142263053392,156.70492164048207,0.12299315300978446,-0.06038847895481982,0.10775230227746732,0.0,0.0,0.0,,
11.194443999999976,-9.157226921782588,24.375826048161297,156.6567221185496,0.09295133740560974,-0.017562373144240407,0.07717109545983993,0.0,0.0,0.0,,
11.203917999999987,-9.200515391196378,24.620415043726396,156.5589482803917,0.056551413491451714,0.013587103776286821,0.027529155896383814,0.0,0.0,0.0,,
11.213475999999957,-9.26903793306221,24.788334643381734,156.43486625369536,0.01806602491200227,0.05059338340076935,0.00794115198767205,0.0,0.0,0.0,,
11.222938,-9.33224937306642,24.859486990577228,156.3254025697579,-0.014055559716222295,0.08341708326495305,-0.008669023065132066,0.0,0.0,0.0,,
11.232494999999972,-9.357903096013478,24.87572578855003,156.2723904726435,-0.01261807176313454,0.08793784901808872,-0.008062031577808562,0.0,0.0,0.0,,
11.241963999999996,-9.353340729791537,24.870935767199445,156.2976959909961,0.026943995770102733,0.07508839888662489,0.011892979675351335,0.0,0.0,0.0,,
11.251513999999986,-9.305599320954613,24.858283461414796,156.40917137488458,0.04917122834574592,0.05513402495829998,0.023332674673915078,0.0,0.0,0.0,,
11.26099099999999,-9.238865151629179,24.89216789925189,156.57859066589222,0.07148676053616172,0.03018653697060495,0.034932823388419756,0.0,0.0,0.0,,
11.270497999999975,-9.160021777117741,24.975298894510388,156.77381183492344,0.08209415175893627,0.003946024412057767,0.040818176181786486,0.0,0.0,0.0,,
11.280047999999965,-9.07835066342666,25.04533082017223,156.96441625921582,0.06013074681510686,-0.025568072410239454,0.030531921477871378,0.0,0.0,0.0,,
11.289519999999982,-9.010898886753866,25.086285925863383,157.11821665741442,0.03581813526084148,-0.015116754431773847,0.018200175887087614,0.0,0.0,0.0,,
11.299038999999993,-8.964124892687288,25.09830108261702,157.21452876817762,-0.013421837036471939,0.0005592911804743367,0.026881021795925757,0.0,0.0,0.0,,
11.308542999999986,-8.937599762405748,25.052584391268542,157.25260031149065,-0.030884581638434796,-0.03485856195627736,0.032098388085719014,0.0,0.0,0.0,,
11.318048999999974,-8.933168014629725,24.95585630895832,157.23953038354358,-0.03754876471253157,-0.03996426951348938,0.041179056534572614,0.0,0.0,0.0,,
11.32756599999999,-8.94220465181782,24.848941628910538,157.1895614273959,-0.03521915420313442,-0.039384604384103815,0.037132201266859795,0.0,0.0,0.0,,
11.337071999999978,-8.949468172479456,24.750826268475706,157.12554902750603,-0.03150878022236653,-0.03464527708651745,0.03375925141684173,0.0,0.0,0.0,,
11.346585000000005,-8.944888607020365,24.67332634981819,157.06549841228832,-0.023926434899107455,-0.02453457977072767,0.027154739518606613,0.0,0.0,0.0,,
11.35613699999999,-8.920884070757637,24.637465516595707,157.02444993210946,0.02941693764943821,-0.012471936929922848,0.01465386964602349,0.0,0.0,0.0,,
11.365611999999999,-8.881402329427324,24.644112167955218,157.01025655103206,0.04014455633872022,-0.01703187269795944,0.020005992366467686,0.0,0.0,0.0,,
11.375128999999959,-8.828782667486303,24.67534459684095,157.02516882122893,0.03870373201944748,-0.01640869819375483,0.019313575715937795,0.0,0.0,0.0,,
11.384666999999979,-8.772031737904348,24.72266720961295,157.06257966599796,0.02868265123972999,-0.012138107824058839,0.014340156877461593,0.0,0.0,0.0,,
11.394188999999983,-8.725841048150127,24.77623498809266,157.11362372893421,0.0094893019510208,0.027240189216633303,0.004011509476206302,0.0,0.0,0.0,,
11.403704000000005,-8.69275388564552,24.80905305918364,157.17243789849974,0.00972626033450011,0.027997801250164506,0.004104932440791957,0.0,0.0,0.0,,
11.413204000000007,-8.679014845431782,24.810603552755413,157.2298924171199,0.009534240688680636,0.027525300613714537,0.004027890928466782,0.0,0.0,0.0,,
11.42267499999997,-8.67557165141269,24.781076087102107,157.28521181016438,-0.021307642006258423,0.008919642310681371,-0.010664097899748756,0.0,0.0,0.0,,
11.432183000000009,-8.676067819890163,24.721235610370076,157.33889819014854,0.0,0.0,0.0,0.0,0.0,0.0,,
11.441739999999982,-8.667617958643989,24.643149433416852,157.39433570231856,-0.012054076127159695,0.0005311785519087898,0.024702429985775817,0.0,0.0,0.0,,
11.451250999999957,-8.649165469103913,24.58111889659589,157.4509326100514,-0.01469475579380097,0.0006320536893293099,0.03019811236396475,0.0,0.0,0.0,,
11.46071599999999,-8.623639105503823,24.548365708637274,157.50659647124252,0.021444211230019224,-0.015985547378778275,0.05943520650676547,0.0,0.0,0.0,,
11.470230999999956,-8.592045356535506,24.55223277051379,157.55476054110753,0.03350103736332098,-0.02122461148081102,0.06751509312766453,0.0,0.0,0.0,,
11.479782,-8.562025283134105,24.594065666450547,157.58633090146418,0.03650053639030144,-0.021545996943452318,0.06303985495468964,0.0,0.0,0.0,,
11.489293999999973,-8.537084941974474,24.65948250057772,157.59526458685278,0.030265047893597286,-0.019015601365947963,0.06048204571263088,0.0,0.0,0.0,,
11.498805000000004,-8.520053330032784,24.718884032486216,157.58119071911275,0.013416412021441029,-0.01169313015475701,0.04959525365596977,0.0,0.0,0.0,,
11.508271999999977,-8.519600869957236,24.75621966560497,157.54489093989605,-0.01581939901124487,0.000765853297309367,0.03233844163304046,0.0,0.0,0.0,,
11.517778999999962,-8.52741035310421,24.77425447415994,157.49594468437675,-0.012784506799910495,0.0006288683820684822,0.02611307044361834,0.0,0.0,0.0,,
11.527336999999989,-8.544776867879488,24.754937850725536,157.44475283654415,-0.014129017778313187,0.000695085411653557,0.0288757212990551,0.0,0.0,0.0,,
11.536844999999971,-8.575918983198925,24.719337720627433,157.39886938389202,0.0,0.0,0.0,0.0,0.0,0.0,,
11.54631599999999,-8.608602791821303,24.670893543831234,157.36570736972462,0.0,0.0,0.0,0.0,0.0,0.0,,
11.555836999999997,-8.643971020742084,24.624536594548395,157.3458353144208,0.008900527202681032,0.025805478518501904,0.0037648243113746795,0.0,0.0,0.0,,
11.565343999999982,-8.673379826470402,24.591851233556774,157.3393970198012,0.03706229292200371,0.015081440394714304,0.017723703302260543,0.0,0.0,0.0,,
11.574895999999967,-8.700301491491262,24.588433069817512,157.34033411162645,0.05405369622199633,0.006484153581080088,0.026193626019535565,0.0,0.0,0.0,,
11.584358000000009,-8.722632229963958,24.601089586203123,157.34320750963033,0.050656447100014365,-0.021145179833698416,0.025133043533841815,0.0,0.0,0.0,,
11.593917999999974,-8.740717470462352,24.644277665692844,157.34109142140835,0.038959602356075027,-0.020661026063223124,0.04917948122022113,0.0,0.0,0.0,,
11.60338999999999,-8.75195800315771,24.706288861339022,157.33257526300764,0.030713693491688433,-0.017308034438637824,0.04567128193387551,0.0,0.0,0.0,,
11.612899999999968,-8.758052287249242,24.759541583622156,157.31939331333328,0.010495110700010222,-0.009499888621848274,0.03988335510994707,0.0,0.0,0.0,,
11.62245200000001,-8.760745064497833,24.80474502567499,157.30327626917497,-0.011884044679948615,0.0005244201620346294,0.024160389395543005,0.0,0.0,0.0,,
11.631918999999982,-8.75279356857422,24.834553704945215,157.2891783858657,0.0,0.0,0.0,0.0,0.0,0.0,,
11.641478000000006,-8.736225819841765,24.82914244823808,157.28244798714672,-0.024183524484360862,0.010124893274220762,-0.012130362966926805,0.0,0.0,0.0,,
11.650933000000009,-8.702809856079007,24.79270751026062,157.29147572119575,-0.041921519275882814,0.012363009087864451,0.014322122825940505,0.0,0.0,0.0,,
11.660449999999969,-8.655778410317412,24.74309819933234,157.31732030539808,-0.03319023849252123,0.009433951910189682,0.013827794293457199,0.0,0.0,0.0,,
11.670001999999954,-8.598206409830196,24.682284402897793,157.3610977310563,-0.012858914066208135,0.0006140786252894226,0.02633850870229992,0.0,0.0,0.0,,
11.679512999999986,-8.534425318494977,24.62426644418854,157.41882929288434,-0.01556427718981901,0.0007542244405430902,0.031985905479243563,0.0,0.0,0.0,,
11.68901999999997,-8.471224713887128,24.590400370358726,157.4842246543235,-0.012061267873650703,0.0005947158838227996,0.024844414747037837,0.0,0.0,0.0,,
11.69854399999997,-8.413659367620186,24.57033317087249,157.55108343227462,0.014953199439637356,-0.01232297913944587,0.05068856490548745,0.0,0.0,0.0,,
11.70804099999998,-8.369551425136311,24.571159551107673,157.61127006839138,0.01707278809424731,-0.012974287468489634,0.0505341077474098,0.0,0.0,0.0,,
11.717562999999984,-8.339164084103723,24.59649953595454,157.66095356899746,0.01994296588483885,-0.013327008427273032,0.04637734619100789,0.0,0.0,0.0,,
11.727072999999962,-8.319018593155567,24.61780958814346,157.69716553915927,0.0053091908827450525,-0.008686460293730165,0.04906082201341807,0.0,0.0,0.0,,
11.736578000000009,-8.315901750628086,24.641643412116945,157.71256520892646,-0.012809724478858028,0.000664209176731091,0.026388161243396446,0.0,0.0,0.0,,
11.746090999999979,-8.321031676160885,24.658767886442803,157.70576129172034,0.0,0.0,0.0,0.0,0.0,0.0,,
11.755594999999971,-8.330388617266689,24.655826262077895,157.6780751694415,0.0,0.0,0.0,0.0,0.0,0.0,,
11.765067999999985,-8.343927042199887,24.63625931699307,157.63240196733716,0.008939451739774775,0.02615626650849872,0.003678228787717294,0.0,0.0,0.0,,
11.774614999999983,-8.35939262325918,24.610747549978818,157.57542903821206,0.012955496713107395,0.0377909511410497,0.00532713013486096,0.0,0.0,0.0,,
11.784137999999984,-8.373653436612114,24.59305716682268,157.52004260237197,0.01613507607831894,0.046927648461324384,0.006629478899650583,0.0,0.0,0.0,,
11.793645999999967,-8.392053011051217,24.596063945281614,157.47701725937335,0.03438108736092254,0.0416834185773385,0.04860338123878646,0.0,0.0,0.0,,
11.803111000000001,-8.41185299802418,24.624744342663224,157.4577558199245,0.041764749963403194,0.03776721493357561,0.06155752528238358,0.0,0.0,0.0,,
11.812655000000007,-8.433360156171764,24.688261299023292,157.46695134816994,0.04630025384415868,0.02708184861118133,0.06143085739860049,0.0,0.0,0.0,,
11.822180000000003,-8.452079292801278,24.769115568485038,157.50457113796816,0.03517981370208346,0.015781947692679377,0.06931741109509604,0.0,0.0,0.0,,
11.84115700000001,-8.475483328587845,24.941964270972363,157.62648093595283,0.024813378274563713,-0.010213922547988294,0.012479516032835338,0.0,0.0,0.0,,
11.850671999999975,-8.463922119086568,24.996251513987126,157.68655457549133,-0.03345988943367672,-0.025752616063538136,0.04542166970431183,0.0,0.0,0.0,,
11.860218999999972,-8.462394922774147,25.04699977500503,157.72078083676473,-0.012351855089243545,-0.036544382639093785,-0.0051892503135776424,0.0,0.0,0.0,,
11.869688999999994,-8.447956776089777,25.05479620883739,157.72985591705515,-0.013978615829622914,-0.04136661622623274,-0.0058633574575576875,0.0,0.0,0.0,,
11.879257999999993,-8.424448713959679,25.03835914211786,157.71399172901917,-0.013268157237781856,-0.039200555774164716,-0.005542390282368533,0.0,0.0,0.0,,
11.888754000000006,-8.405761770602414,25.009793520786133,157.67963853010167,-0.008553598651902064,-0.025204506697051716,-0.0035573785522056483,0.0,0.0,0.0,,
11.89822399999997,-8.375290444373823,24.953420080608343,157.64645133520713,0.0,0.0,0.0,0.0,0.0,0.0,,
11.907737999999995,-8.351314970431039,24.896885032428127,157.62274667239095,0.0,0.0,0.0,0.0,0.0,0.0,,
11.917284999999993,-8.326282912700268,24.846894620808374,157.61920587716065,0.0,0.0,0.0,0.0,0.0,0.0,,
11.926810999999987,-8.301942141570533,24.780971963609115,157.64068080620228,-0.0003809600447677077,0.0337489378581781,0.0285725991586879,0.0,0.0,0.0,,
11.936273999999969,-8.295398636251138,24.72075594504123,157.6742650704219,0.015133637446284261,0.044362095939130264,0.006196293453843845,0.0,0.0,0.0,,
11.94576699999999,-8.2982440364445,24.67223510533099,157.71247094146122,0.01554509889404196,0.04565429785647796,0.006380267496961383,0.0,0.0,0.0,,
11.95526000000001,-8.318276169674434,24.622136012852284,157.74399743152395,0.002231434987330027,0.0459877841688719,0.033498514538944514,0.0,0.0,0.0,,
11.964790999999991,-8.350661997647233,24.57838447174669,157.75926347412235,-0.003647170523278477,0.04013330863514406,0.04059264580895404,0.0,0.0,0.0,,
11.983813999999995,-8.432324283469834,24.566759281246515,157.73510735606615,-0.01576579043897842,0.0007270496755130113,0.03251954878821634,0.0,0.0,0.0,,
11.993315999999993,-8.46177252091336,24.59368150994293,157.70752043551502,-0.018244187303247367,0.0008356142094094566,0.03757373123794957,0.0,0.0,0.0,,
12.00282999999996,-8.471382372315498,24.657153478080268,157.68185907619636,0.00799481937855759,-0.008417903161540986,0.03996357099459588,0.0,0.0,0.0,,
12.012351999999964,-8.448545301722215,24.74367421974854,157.6695781955134,0.00955124253525542,-0.00878784797947741,0.03896859147080579,0.0,0.0,0.0,,
12.02184699999998,-8.398966279502392,24.84236870217597,157.67543252937446,-0.013523776372151231,0.0006995158195441253,0.027595842055304066,0.0,0.0,0.0,,
12.031356999999957,-8.326230544842332,24.947087658690805,157.6980088324666,-0.013605028052995922,0.0007525344654397941,0.027672721374324503,0.0,0.0,0.0,,
12.040867999999989,-8.238341850833136,25.04632963842798,157.73241906553096,-0.013866548360375113,0.000820661393504063,0.028126744885265207,0.0,0.0,0.0,,
12.059890999999993,-8.073093474575757,25.178691433987893,157.7968155499668,-0.01319186933356793,0.000868080127219486,0.026678276733033884,0.0,0.0,0.0,,
12.069411000000002,-8.014919315249768,25.213966777691144,157.80999854349645,0.0,0.0,0.0,0.0,0.0,0.0,,
12.078918999999985,-7.981924750065162,25.23028977604785,157.80555029784514,0.0,0.0,0.0,0.0,0.0,0.0,,
12.08842199999998,-7.970405842114465,25.234020962896643,157.78966489768183,-0.013278841648979888,0.0009352361432974851,0.02683510601908931,0.0,0.0,0.0,,
12.097946999999976,-7.980261050763312,25.23805765510348,157.76939850071753,0.0,0.0,0.0,0.0,0.0,0.0,,
12.135978999999963,-7.9860879034963395,25.258104302768245,157.848277866431,0.0,0.0,0.0,0.0,0.0,0.0,,
12.145496999999978,-7.950873109385216,25.274499521180793,157.90364543044495,-0.012542189244206964,0.0008731392292329461,0.025308388018106427,0.0,0.0,0.0,,
12.155006999999955,-7.911652692199894,25.295808474500426,157.94824304019312,-0.012252422999995695,0.0008644221848071597,0.024715264746024923,0.0,0.0,0.0,,
12.16451699999999,-7.8752772399102025,25.320958500341284,157.96828079989612,-0.013821919724571474,0.0009931042287078958,0.02786696086285913,0.0,0.0,0.0,,
12.174024999999972,-7.8497035033510905,25.356533405993524,157.95488287626046,-0.013925852415537114,0.0010226857359253222,0.02804686435229427,0.0,0.0,0.0,,
12.183531999999957,-7.842237677359993,25.401360026708073,157.9100492112853,-0.013650440231639298,0.0010236501324267582,0.027446552923037663,0.0,0.0,0.0,,
12.193046999999979,-7.8492347683092305,25.452219415718616,157.84393062799504,-0.013304243069661758,0.0010168830911978523,0.026694599902503342,0.0,0.0,0.0,,
12.202562,-7.867609111936179,25.51072243444456,157.77158615077238,-0.013325407631612891,0.0010345476457449762,0.026668762077293975,0.0,0.0,0.0,,
12.22159099999999,-7.893211843371843,25.632945237229123,157.68280921626962,-0.011625905317118478,0.0009246997189990697,0.023146296789410728,0.0,0.0,0.0,,
12.231088999999997,-7.87954343759449,25.688049921098415,157.6901189011634,-0.01247453984283905,0.001004284424469071,0.024785295656512277,0.0,0.0,0.0,,
12.240605999999957,-7.843847959875729,25.744592754885424,157.73189826570612,-0.012978072576227025,0.0010603874028715142,0.025738952840314442,0.0,0.0,0.0,,
12.250112999999999,-7.787021052678475,25.80081690505327,157.796604473985,-0.014777978266651368,0.0012307733688770083,0.029263965395107658,0.0,0.0,0.0,,
12.259624999999971,-7.7193064239494005,25.860142022256742,157.86625874317298,-0.015372286012045227,0.0013098423613183718,0.03039513594165921,0.0,0.0,0.0,,
12.278651999999965,-7.589641822494883,25.990701763665808,157.95565033888442,0.018310077784066403,-0.012825480160638959,0.05249866094768769,0.0,0.0,0.0,,
12.288160000000005,-7.5451562169789,26.05567396544245,157.95873963150834,0.018506931769802584,-0.01272187152988317,0.05145443099630143,0.0,0.0,0.0,,
12.29767099999998,-7.518651092509513,26.115061438121813,157.9368816347641,0.012648071380537449,-0.010325230125120956,0.048303782195860526,0.0,0.0,0.0,,
12.307180999999957,-7.505392850474074,26.16524817950825,157.9026680466347,-0.013672504162364738,0.0013074827408872055,0.026785765275820266,0.0,0.0,0.0,,
12.316701999999964,-7.5011924838636,26.1967605205086,157.86996334723915,-0.01245912351589806,0.0012044335258326745,0.024380533979565695,0.0,0.0,0.0,,
12.326193999999987,-7.501237049784062,26.21343442721723,157.85118230111402,-0.012634312507996502,0.0012275934287229047,0.024707547467836762,0.0,0.0,0.0,,
12.335712000000001,-7.499065272716876,26.21692749944108,157.85357453005287,-0.011535643697263984,0.0011216850160369709,0.022556455906877302,0.0,0.0,0.0,,
12.345229999999958,-7.49091055062469,26.21010060418281,157.8778681420959,-0.011501193798603532,0.0011161394820997626,0.02249701683876198,0.0,0.0,0.0,,
12.354737,-7.478100778767615,26.202768362386877,157.9158976715937,0.0,0.0,0.0,0.0,0.0,0.0,,
12.364247999999975,-7.461455929425356,26.196242891364864,157.95499797298456,0.0,0.0,0.0,0.0,0.0,0.0,,
12.373752999999965,-7.448229990011231,26.18935158836529,157.98239251026968,-0.01204321594403084,0.0011632944513678691,0.023587405249119776,0.0,0.0,0.0,,
12.383272999999974,-7.442710302134593,26.18552965926947,157.9888324706843,0.010477311680803271,-0.00807008533461115,0.03659027517356053,0.0,0.0,0.0,,
12.39277999999996,-7.448610475283061,26.185539335024846,157.97242635955217,0.009083749055766024,-0.007753762269079312,0.03779732579188391,0.0,0.0,0.0,,
12.402297999999973,-7.465412802370702,26.184365100997624,157.9396986807051,-0.012484889453814001,0.0012067330912754744,0.024453012835308825,0.0,0.0,0.0,,
12.411797999999976,-7.485112986105063,26.177589303704927,157.90337125467295,-0.013698422964227573,0.0013218156966718802,0.02683111353164349,0.0,0.0,0.0,,
12.421302999999966,-7.5006538431399505,26.171870260765218,157.87524926922114,-0.013249183784719704,0.0012766046758601695,0.025952507821971418,0.0,0.0,0.0,,
12.43081699999999,-7.498326456211,26.167349522050024,157.86889671557054,-0.012009901574990054,0.0011590489554144606,0.023530333202625722,0.0,0.0,0.0,,
12.440328999999963,-7.485253724262099,26.163232104521192,157.88838909798665,-0.014196150992415635,0.001371516474228179,0.027822736147052596,0.0,0.0,0.0,,
12.449844999999982,-7.458425814493198,26.172352682086405,157.9314039404211,-0.011876785158039936,0.001151394577827269,0.023275923662827026,0.0,0.0,0.0,,
12.459355999999957,-7.4109206972598844,26.1896167908131,157.992622494046,0.0,0.0,0.0,0.0,0.0,0.0,,
12.468860000000006,-7.364780422551143,26.20092292628935,158.05769815970416,-0.012554373837552377,0.0012365509674656426,0.02460368899757929,0.0,0.0,0.0,,
12.478369999999984,-7.320554764451903,26.216861717600775,158.1134690024421,0.0,0.0,0.0,0.0,0.0,0.0,,
12.487889999999993,-7.284929612861612,26.22810561713183,158.15315541595564,-0.012133877882614426,0.0012141169151592124,0.02377705228190329,0.0,0.0,0.0,,
12.497405999999955,-7.27137100819048,26.216172771782624,158.1730829851754,-0.015839180044884264,0.0015855374859577358,0.031057750010139506,0.0,0.0,0.0,,
12.506909000000007,-7.267054993991532,26.197915920324554,158.17673038313274,-0.011556565296203386,0.0011559481874826715,0.022678297167635496,0.0,0.0,0.0,,
12.516423999999972,-7.273996376700194,26.170613720287136,158.16867683483719,-0.011901328586095869,0.001185919625950967,0.023378608148411716,0.0,0.0,0.0,,
12.525931999999955,-7.290159622819693,26.133621672217238,158.15352694891718,-0.012217906625687225,0.0012089852825560115,0.024031410340794992,0.0,0.0,0.0,,
12.535441999999989,-7.312839616849316,26.104003911618086,158.13482259082463,-0.01654336001031177,0.0016236508850873692,0.03256849395456321,0.0,0.0,0.0,,
12.544950999999969,-7.335788819192886,26.09558991213263,158.11697632838192,0.02191988151819482,-0.008804192509984297,0.01157000376790054,0.0,0.0,0.0,,
12.554470999999978,-7.344766877930709,26.088034442141527,158.10947195653742,0.012057594993428011,-0.009303079626320675,0.04291109177478695,0.0,0.0,0.0,,
12.563975999999968,-7.341816205511136,26.10381772373489,158.1135471944065,0.016094633888507945,-0.010803284716747888,0.04407886077918146,0.0,0.0,0.0,,
12.573495999999977,-7.3256593787581945,26.13475183097494,158.12939806054015,0.01192543499217611,-0.011053506483193703,0.05783911407286312,0.0,0.0,0.0,,
12.582987000000003,-7.298308170702915,26.166206806190086,158.15403902540027,0.024039422512980368,-0.009637458867251451,0.01272507370427987,0.0,0.0,0.0,,
12.592512,-7.234642088187337,26.176877403052302,158.1926464990969,0.0,0.0,0.0,0.0,0.0,0.0,,
12.602013,-7.170870057878665,26.184700420176572,158.23756755015057,-0.011960377164844866,0.0012251490020267848,0.023513311270128297,0.0,0.0,0.0,,
12.611536000000001,-7.108376347197579,26.175494510034387,158.28955586438585,0.0,0.0,0.0,0.0,0.0,0.0,,
12.621038999999996,-7.042008408878548,26.139724959963576,158.35269500095208,-0.011989482589609421,0.0012568380927911206,0.02365239191840725,0.0,0.0,0.0,,
12.630548999999974,-6.982342710112098,26.108224639058776,158.42375652280336,0.0,0.0,0.0,0.0,0.0,0.0,,
12.649564999999996,-6.8584892028912074,26.029286159919998,158.58540974624128,-0.010170769017965115,-0.030586540741458824,-0.0034788735735526463,0.0,0.0,0.0,,
12.659085000000005,-6.792365727175803,25.997132052275596,158.6644045998047,-0.023387423961149616,-0.03415936095579628,0.019185851059286163,0.0,0.0,0.0,,
12.668592999999987,-6.734150910428927,25.980519882786652,158.72917253712762,-0.012128640922223934,-0.03665257516907923,-0.004092480664585596,0.0,0.0,0.0,,
12.678105999999957,-6.691240736529424,25.965632120932053,158.77114225499494,-0.022625627290332982,-0.030574485072920182,0.02057422267678923,0.0,0.0,0.0,,
12.687622999999974,-6.6626111203002365,25.95291237288869,158.7863734134763,-0.024971902466159848,-0.025586141391002536,0.028808401619982386,0.0,0.0,0.0,,
12.697126999999966,-6.663112832552641,25.946888886417028,158.77254614145178,-0.014932522248782717,0.0016428891719434046,0.02982866487988961,0.0,0.0,0.0,,
12.706636000000003,-6.68823866520747,25.943434815155424,158.73083353278054,-0.012324471776880935,0.0013528170252217323,0.024615562589938182,0.0,0.0,0.0,,
12.716155999999955,-6.722715602342948,25.93340723745163,158.66746669364213,-0.019846598909883575,0.002172772639289722,0.03964102206981511,0.0,0.0,0.0,,
12.725662999999997,-6.764362309167634,25.93479955100889,158.5860902724907,-0.009073000427616933,0.028852894305856188,0.039029352953827,0.0,0.0,0.0,,
12.735173999999972,-6.802737889045153,25.94218647528535,158.49297333884468,-0.005792155652236325,0.04245798672220011,0.04307357694776645,0.0,0.0,0.0,,
12.744686999999999,-6.8442119461746245,25.964609756027787,158.39227697519644,0.02404621827963904,0.04482565564160357,0.05108744225652406,0.0,0.0,0.0,,
12.754193999999984,-6.892752675188792,26.01849871291732,158.29340668521425,0.039473729103912385,0.048724219466362295,0.05732177999629427,0.0,0.0,0.0,,
12.763716999999986,-6.940942115270261,26.09722235845955,158.20836070955144,0.04524324923965724,0.05023420943623426,0.05197962986501624,0.0,0.0,0.0,,
12.773221999999976,-6.9901526014697195,26.179090653285456,158.147450449599,0.034035687293150416,0.051104820562901485,0.050446003505256645,0.0,0.0,0.0,,
12.782725999999968,-7.038200724518169,26.26343516322857,158.11731232963083,0.004858991897218262,0.05439493643744634,0.031948355430160315,0.0,0.0,0.0,,
12.792241999999987,-7.073819001128217,26.34499010017178,158.12051081226633,0.012895167067878353,0.03803713285702774,0.004459591908793143,0.0,0.0,0.0,,
12.801744999999983,-7.104815470260999,26.399814549020274,158.15302334647333,-0.011501738242621698,0.0012469330369954145,0.02244099308381364,0.0,0.0,0.0,,
12.811270999999977,-7.1376532241409985,26.451248991937565,158.1967283335838,0.0,0.0,0.0,0.0,0.0,0.0,,
12.820778999999959,-7.151822211166039,26.495260473894238,158.23809026561895,0.0,0.0,0.0,0.0,0.0,0.0,,
12.830288999999993,-7.16416133137582,26.529443574381816,158.2556666269807,0.023719350285441528,-0.009460342063570092,0.012748348246686476,0.0,0.0,0.0,,
12.839804999999956,-7.173302820003975,26.566955026713618,158.2379991746119,0.029865810619462453,-0.015443034595468912,0.045778866513796805,0.0,0.0,0.0,,
12.849310000000003,-7.186674321810108,26.62431975556945,158.181153451237,0.05506075218594016,-0.022043741207549147,0.02973146306015654,0.0,0.0,0.0,,
12.85881999999998,-7.20862026337055,26.687154746348224,158.0946942202734,0.0539821324871887,-0.021706485098371135,0.02924657482642746,0.0,0.0,0.0,,
12.868335000000002,-7.234744585934086,26.74782965306201,157.9978485426744,0.028637430090695665,-0.01533534557063854,0.04706124844025347,0.0,0.0,0.0,,
12.877836000000002,-7.263799168924723,26.805646543275376,157.9103510531607,0.021746358100508685,0.01939533053177721,0.04127538704439717,0.0,0.0,0.0,,
12.887344999999982,-7.288638154342411,26.840490922690705,157.85220773285388,-0.00166937839070624,0.0373248093065145,0.030863264283301096,0.0,0.0,0.0,,
12.896862999999996,-7.303853852083184,26.847085542595657,157.83598188451776,-0.0026127223588641203,0.039820248685589275,0.03445933121658888,0.0,0.0,0.0,,
12.906375999999966,-7.303587628253977,26.835465013622468,157.86068007773406,-0.00360158228802222,0.033727088416172155,0.03171773255429074,0.0,0.0,0.0,,
12.915886,-7.301914857449821,26.807657516055784,157.91322731171104,-0.01647171823818882,0.0017969350264231644,0.03154261887095516,0.0,0.0,0.0,,
12.92539499999998,-7.299377412960622,26.772834701669126,157.9782365014988,-0.014749907597374975,0.0015888215573185973,0.02828215739394203,0.0,0.0,0.0,,
12.944417999999985,-7.30831118245518,26.713896834308052,158.07663888938936,-0.015423715454797182,0.001621142495139366,0.029634514735313883,0.0,0.0,0.0,,
12.953934000000004,-7.317511045397624,26.688700869322535,158.09394544591552,-0.026083586958184093,-0.02308018949155809,0.031011261606901784,0.0,0.0,0.0,,
12.963446999999974,-7.3272522108519125,26.669786550535132,158.08982507748712,-0.025010821126615086,-0.025979700318566112,0.026896767151698673,0.0,0.0,0.0,,
12.972946999999976,-7.318515874712487,26.65324840087606,158.07769399146525,-0.024443456928690613,-0.028293303617302683,0.024132455785722932,0.0,0.0,0.0,,
12.982456999999954,-7.295839544351056,26.629824309284906,158.0677074193084,-0.02200907592666207,-0.023459738027971046,0.023241728151142334,0.0,0.0,0.0,,
12.99196599999999,-7.257929692523676,26.602678027902268,158.06782529311627,-0.012116503684157407,0.0012855066412408482,0.023401047503180894,0.0,0.0,0.0,,
13.001484000000005,-7.206514293695108,26.576177926026585,158.08343662899824,-0.012741972944553315,0.0013695297994061472,0.02465258059869293,0.0,0.0,0.0,,
13.010988999999995,-7.153744036591302,26.55260214535162,158.10959178982304,-0.012035434579189621,0.0013090180044521846,0.023324084617342603,0.0,0.0,0.0,,
13.020492999999988,-7.099273518714341,26.53448604092976,158.14032470405334,-0.014364531765151477,0.00158128294581101,0.027878104542047023,0.0,0.0,0.0,,
13.030011000000002,-7.065659611196125,26.528410973805983,158.16168722941217,-0.01475160439128964,0.0016359906773385881,0.028648905673813674,0.0,0.0,0.0,,
13.039518999999984,-7.056837313886915,26.536129626367405,158.16305979073658,-0.005358523957421691,0.03121720012069918,0.03321345968189888,0.0,0.0,0.0,,
13.049036000000001,-7.075083653930897,26.55166776423598,158.14262246943028,0.016294984867514885,0.02574270866314021,0.048167160670928126,0.0,0.0,0.0,,
13.05854899999997,-7.122413889804714,26.574083123626696,158.10213191527845,0.01790699458134882,0.027421566377513626,0.04456226860176182,0.0,0.0,0.0,,
13.068061999999998,-7.182063140511389,26.596316771828853,158.0524468027038,-0.004944227560842069,0.03381479717359673,0.03440194133295024,0.0,0.0,0.0,,
13.077574999999968,-7.248411859855428,26.617607383799037,158.00574937196413,-0.005127026988148027,0.029254647983317627,0.03134838197412407,0.0,0.0,0.0,,
13.08707899999996,-7.306712196667827,26.636944529837727,157.97431205587176,-0.012862409915205257,0.0013667366163813372,0.024794599961033798,0.0,0.0,0.0,,
13.096585000000005,-7.344485356796021,26.65552741706573,157.9657766685854,0.0,0.0,0.0,0.0,0.0,0.0,,
13.106097999999974,-7.365714892468195,26.67678732584947,157.97687802378002,0.0,0.0,0.0,0.0,0.0,0.0,,
13.115603999999962,-7.360870649201558,26.697299741750523,158.00405138735033,0.0,0.0,0.0,0.0,0.0,0.0,,
13.125124999999969,-7.3387895815538595,26.72015429262114,158.03493657128206,0.0,0.0,0.0,0.0,0.0,0.0,,
13.134636999999998,-7.311008221798621,26.74231892905807,158.05676329170748,0.0,0.0,0.0,0.0,0.0,0.0,,
13.144136000000003,-7.289030722214318,26.7612933377338,158.06062462485923,-0.012553660262747394,0.0013374435202332747,0.024081886531960056,0.0,0.0,0.0,,
13.15364999999997,-7.280635574866697,26.775467749471147,158.04518469523077,-0.01361508748633445,0.0014602245452981447,0.02610716294393371,0.0,0.0,0.0,,
13.16316599999999,-7.286888805453141,26.781892982290422,158.01453334603366,-0.014774124876788166,0.0015899933979258423,0.028321489682112025,0.0,0.0,0.0,,
13.172672999999975,-7.3023134348688155,26.78564379337232,157.979266253694,-0.013677793476607863,0.001473220190083439,0.0262119111681731,0.0,0.0,0.0,,
13.182188999999994,-7.321417658822569,26.782355589145826,157.95162364818316,-0.01571401362243659,0.0016886734758458086,0.03011137792170364,0.0,0.0,0.0,,
13.191703999999959,-7.3396643305183105,26.779886636556167,157.93848309704254,-0.01493438806284585,0.001597981308140341,0.028613500162157347,0.0,0.0,0.0,,
13.201209000000006,-7.348709066298361,26.780596012297355,157.94507048426232,-0.014834622213798027,0.001580738868790141,0.028417527123516487,0.0,0.0,0.0,,
13.210720999999978,-7.345656144496625,26.78622226265934,157.97024922740337,-0.013726855626316389,0.0014588543099676517,0.026289495426531365,0.0,0.0,0.0,,
13.220230999999956,-7.333384282209272,26.798754655019614,158.00621788190836,-0.014103536232826902,0.0014979347573191657,0.027000366391298627,0.0,0.0,0.0,,
13.229730999999958,-7.314546508013607,26.816329249896565,158.04277460932124,-0.012123408586215583,0.0012901679361328633,0.02319795194046342,0.0,0.0,0.0,,
13.239259000000004,-7.294128963424543,26.837619505278088,158.071194960334,0.0,0.0,0.0,0.0,0.0,0.0,,
13.248761000000002,-7.2763802843999414,26.85768088819803,158.0855552294683,0.0,0.0,0.0,0.0,0.0,0.0,,
13.258276999999964,-7.259987017062002,26.869281674068233,158.08658842054257,-0.012730274859914868,0.0013766189163827785,0.02432475649863024,0.0,0.0,0.0,,
13.26779799999997,-7.250696035033447,26.875287294427203,158.07598312092034,-0.012518248971347583,0.0013609970468278017,0.023917538804115224,0.0,0.0,0.0,,
13.277296999999976,-7.243592035705141,26.87373090757556,158.06215286534513,-0.013633978237020575,0.0014890008431021047,0.026054190814201097,0.0,0.0,0.0,,
13.286817999999982,-7.238838428347298,26.870752403397606,158.05142877021018,-0.01429434533599001,0.001565942497405136,0.027321776254348992,0.0,0.0,0.0,,
13.296332000000007,-7.233062395422775,26.86585438354636,158.04895803958044,-0.014381062641472627,0.0015784879777318139,0.027495268488601534,0.0,0.0,0.0,,
13.30582899999996,-7.226371668655193,26.8636507957397,158.05537645890152,-0.015155527641028402,0.0016652064580067775,0.028980913527451947,0.0,0.0,0.0,,
13.315353999999957,-7.222273333077338,26.86896431939996,158.06690153046247,-0.015511968338109331,0.0017043003264939776,0.0296573103532026,0.0,0.0,0.0,,
13.324854999999957,-7.222423543611728,26.8838290006378,158.07815996107672,-0.014104582527732966,0.0015486870593271768,0.026949946884951812,0.0,0.0,0.0,,
13.334361999999999,-7.231467744148074,26.903244582160738,158.08412111716567,-0.014080351508245057,0.0015423339326641138,0.026879126059460065,0.0,0.0,0.0,,
13.343872999999974,-7.249643553157145,26.927478058669227,158.08032463277868,-0.013632667779466102,0.0014880934042739533,0.025992944213578784,0.0,0.0,0.0,,
13.362897999999973,-7.309606693227172,26.967762767587814,158.04779781864107,-0.01329345619841722,0.001434315000957327,0.025285758688180147,0.0,0.0,0.0,,
13.372408000000007,-7.341358776916032,26.976989413486628,158.02806820324807,-0.01438601954926395,0.0015416872709136215,0.02734265487663723,0.0,0.0,0.0,,
13.38191999999998,-7.365124897669682,26.980225370624908,158.01333221121982,-0.013403349465333446,0.0014286029473827597,0.02546381370244983,0.0,0.0,0.0,,
13.39142899999996,-7.378697746678869,26.9821287999474,158.00501666897722,-0.01297152341861715,0.0013782657261138195,0.02463721132140284,0.0,0.0,0.0,,
13.400943999999981,-7.38252404195615,26.986452095727937,158.00327997217383,-0.012879649311901121,0.001367605831357941,0.024457275327120536,0.0,0.0,0.0,,
13.410368000000005,-7.375252574160768,26.99544265516921,158.00724712237144,-0.013476173559562413,0.0014346942235587427,0.025583353610992052,0.0,0.0,0.0,,
13.419877999999983,-7.36556988445999,27.01225384432324,158.012046549453,-0.013307004572066222,0.0014223093166280541,0.025248619503667368,0.0,0.0,0.0,,
13.429483000000005,-7.356126523578219,27.033320861218712,158.01406540438813,-0.014405762695753426,0.001546971257531244,0.027314148513632563,0.0,0.0,0.0,,
13.43898999999999,-7.353634036600309,27.058600180469597,158.00953956858447,-0.014165596412337882,0.0015268557805249287,0.026833091950822202,0.0,0.0,0.0,,
13.44850299999996,-7.355296252284482,27.083071128074856,157.99997552238528,-0.014723231880417454,0.00159182137968855,0.02786225148687176,0.0,0.0,0.0,,
13.458009000000004,-7.36010860427573,27.101201101232583,157.9869593392037,-0.014119597185557225,0.0015296435980375921,0.02669962702322454,0.0,0.0,0.0,,
13.467526999999961,-7.371776726564288,27.110319606792274,157.97125557097434,-0.013485711278506935,0.0014600870134562616,0.0254883382951199,0.0,0.0,0.0,,
13.477035,-7.382668857237647,27.117386761873078,157.95762022717898,-0.013640264702109293,0.001475562790287759,0.025769947202622174,0.0,0.0,0.0,,
13.496059000000002,-7.394465024268007,27.122935296717788,157.94678358360574,-0.01310554922003758,0.0014152533306305169,0.02475068553306828,0.0,0.0,0.0,,
13.505561999999998,-7.389333670767663,27.134905896331112,157.95172568918596,-0.01417570520539103,0.001533770057835271,0.02676078503578439,0.0,0.0,0.0,,
13.515078999999957,-7.377928134963203,27.157210573397098,157.96011042994692,0.007256456226219479,-0.007159717332557658,0.038796895486858406,0.0,0.0,0.0,,
13.524592999999982,-7.359321929593227,27.187233697373305,157.97117821530114,0.009558660357306419,-0.008409791419955773,0.04282212088405165,0.0,0.0,0.0,,
13.534088999999994,-7.341025590691428,27.229912704843425,157.97958919151577,0.010995143872130754,-0.008682900006287624,0.04120145673679245,0.0,0.0,0.0,,
13.543613999999991,-7.325150679704599,27.274579486064432,157.98321251346366,-0.015028591396456554,0.0016716483548922662,0.028238825263784417,0.0,0.0,0.0,,
13.553118999999981,-7.313333888447511,27.31354922951323,157.9813197465154,-0.013345084235588556,0.0014951895424884115,0.02504129421495567,0.0,0.0,0.0,,
13.562637999999993,-7.306859042434047,27.33853682931707,157.97296769406952,-0.013326684268380433,0.0015011796806058274,0.024984862911528682,0.0,0.0,0.0,,
13.572146999999973,-7.308030539972405,27.3523848850598,157.9599569434833,0.0,0.0,0.0,0.0,0.0,0.0,,
13.58165600000001,-7.316478749741164,27.352061428313316,157.9443417642135,0.0,0.0,0.0,0.0,0.0,0.0,,
13.591152999999963,-7.328982623311924,27.34277146206268,157.93102634006416,-0.005290455678925519,0.02503112528575461,0.02766975214839861,0.0,0.0,0.0,,
13.600668999999982,-7.3485500250109315,27.334794255583603,157.91914667489874,-0.004794772975996767,0.02609490094178527,0.02757271677599428,0.0,0.0,0.0,,
13.61017099999998,-7.36621114971406,27.330417424651497,157.91194589018127,-0.013241347117637326,0.0014763839574103825,0.02481505285979951,0.0,0.0,0.0,,
13.619695999999976,-7.382645439788993,27.331355529372455,157.9091583933654,-0.013492577431713549,0.001497135411093038,0.025279228676229462,0.0,0.0,0.0,,
13.629203999999959,-7.3977865118890485,27.33910593246391,157.90841519746868,-0.01331173423033696,0.0014708637552862515,0.024927532727014957,0.0,0.0,0.0,,
13.638706999999954,-7.407440780677788,27.356379122854143,157.91017283867743,-0.013394049278748963,0.0014769305478370273,0.025061167759554102,0.0,0.0,0.0,,
13.648228999999958,-7.414795468071527,27.380267534325085,157.9123523422812,-0.011892133826423441,0.0013102352691553444,0.022227723723040223,0.0,0.0,0.0,,
13.657740999999987,-7.416202761718252,27.402412418990924,157.91403038958967,-0.01209989116232333,0.001334543773492909,0.022595872666206815,0.0,0.0,0.0,,
13.66724899999997,-7.411155473182233,27.4228081310355,157.9134995671565,0.0,0.0,0.0,0.0,0.0,0.0,,
13.676758000000007,-7.402003456598666,27.435162418977736,157.90806563752912,0.0,0.0,0.0,0.0,0.0,0.0,,
13.686271999999974,-7.389069485217657,27.43878006484121,157.89778564993452,-0.013601535445575835,0.001521809153853708,0.02537434988797793,0.0,0.0,0.0,,
13.695784000000003,-7.376945132440513,27.437553149940552,157.88177709007053,-0.014158169187693739,0.0015941435115037405,0.026419375489468953,0.0,0.0,0.0,,
13.705291999999986,-7.368835031821283,27.436964734522796,157.86062453156313,-0.015181767470808908,0.0017194442970828406,0.02833449150278835,0.0,0.0,0.0,,
13.714807000000008,-7.3629987661529706,27.4362236858705,157.83877475270987,-0.0160919149424963,0.0018320314282661196,0.03003778558075368,0.0,0.0,0.0,,
13.724315999999988,-7.36162474040882,27.443196051429535,157.81770774895608,-0.01577409907069984,0.0018034815815889044,0.029438290251152757,0.0,0.0,0.0,,
13.73382799999996,-7.367116878746723,27.462876348767278,157.79809252137625,-0.014135987989815815,0.0016207504542421814,0.026359819620002268,0.0,0.0,0.0,,
13.743334000000004,-7.374159134399855,27.489953884664725,157.7838299696169,-0.013680878062586627,0.0015718141011478654,0.02548230367069411,0.0,0.0,0.0,,
13.75284899999997,-7.382216936327698,27.520206564148758,157.77555088770924,-0.014854593518498934,0.0017084857107946677,0.0276330529668013,0.0,0.0,0.0,,
13.762359000000004,-7.387780924250661,27.552506400643626,157.7739009560394,-0.015459516862489815,0.0017798119825989894,0.028719870765971798,0.0,0.0,0.0,,
13.771874999999966,-7.386956282696582,27.581932157258983,157.77914432019998,-0.015699678161767223,0.00181053699984976,0.02913251439593823,0.0,0.0,0.0,,
13.781377999999961,-7.375619313307923,27.6086964090948,157.7903586900218,-0.014066719938920435,0.0016284752702349064,0.026078643392269372,0.0,0.0,0.0,,
13.790887999999995,-7.358822186485237,27.632915122400295,157.80542554530635,-0.014266722049018408,0.0016594742520689384,0.02642983032766083,0.0,0.0,0.0,,
13.800395999999978,-7.338521496034643,27.65891649627625,157.8206838733214,-0.012154926892157782,0.0014221861743467516,0.022500457247501195,0.0,0.0,0.0,,
13.80990700000001,-7.314706267258562,27.68366885086119,157.83758177582612,-0.012812438344018651,0.001509015750617846,0.02370175652730652,0.0,0.0,0.0,,
13.819422999999972,-7.295427891295484,27.708171229401646,157.85229337706707,-0.012083605189818235,0.0014309663944057436,0.022337445341522915,0.0,0.0,0.0,,
13.828938999999991,-7.270088181375349,27.73250991317385,157.86699701932616,0.0,0.0,0.0,0.0,0.0,0.0,,
13.838436999999999,-7.248374286205087,27.750239232188317,157.87762799443763,-0.012790181737792792,0.0015351669537363424,0.023619055510550626,0.0,0.0,0.0,,
13.847966999999983,-7.233257388311918,27.762111114347825,157.8820633237255,0.0,0.0,0.0,0.0,0.0,0.0,,
13.857466999999986,-7.2248750930795556,27.766226020074477,157.87863260719195,-0.011904204467589611,0.0014402978617919318,0.021976394162484512,0.0,0.0,0.0,,
13.86696999999998,-7.227982360907965,27.75978199099605,157.86650199668446,-0.01292422000958331,0.0015643323262935793,0.023865029376329724,0.0,0.0,0.0,,
13.87648999999999,-7.235192349557829,27.740350397892893,157.8487138462091,-0.01621180398409748,0.001960469747094347,0.029956501869738826,0.0,0.0,0.0,,
13.886007000000006,-7.250365893263995,27.719020427371515,157.82567762994887,-0.016599460852782456,0.002002024207131832,0.03069336593628977,0.0,0.0,0.0,,
13.895509000000004,-7.267738916136553,27.69725588623732,157.80024152880122,-0.01652405809545454,0.0019869486313745383,0.030574127912517124,0.0,0.0,0.0,,
13.905026999999961,-7.289036235404701,27.675753371173602,157.77512192568716,-0.017496335668282847,0.002094981350022633,0.03239235112433673,0.0,0.0,0.0,,
13.914526999999964,-7.307068622384138,27.664731226392696,157.75374534313906,-0.01469019118961132,0.0017535980843197006,0.0272031550014556,0.0,0.0,0.0,,
13.924042999999983,-7.3197819363590675,27.65642602572607,157.7407297437969,-0.014784221911465866,0.0017603962470723337,0.02738201472161499,0.0,0.0,0.0,,
13.933549999999968,-7.330215099832945,27.651906393158917,157.7382959067409,-0.01419782787545111,0.0016852936292274091,0.026296867810555114,0.0,0.0,0.0,,
13.94306499999999,-7.328180192069661,27.655119560146574,157.74936153574663,-0.01351506293371151,0.0016029695357114872,0.02502926778651159,0.0,0.0,0.0,,
13.95258100000001,-7.322307644464133,27.66215983058075,157.77238012948197,0.0,0.0,0.0,0.0,0.0,0.0,,
13.962083000000007,-7.303227318063025,27.666389244676544,157.80741233359564,-0.016546866135607567,0.0019620409850701777,0.03063757949147569,0.0,0.0,0.0,,
13.971607000000006,-7.269886130867588,27.68063589892517,157.8518977800706,0.0,0.0,0.0,0.0,0.0,0.0,,
13.990618999999981,-7.174304959155178,27.686187482168858,157.95301653522466,0.0,0.0,0.0,0.0,0.0,0.0,,
14.000133000000005,-7.134342093319543,27.703079201222064,157.99205689465916,-0.011894662657858759,0.001447658036913743,0.022035505377305798,0.0,0.0,0.0,,
14.009641999999985,-7.1003162936618684,27.708456428004478,158.01859669612114,0.0,0.0,0.0,0.0,0.0,0.0,,
14.01914899999997,-7.083082133863774,27.70754842204,158.02863626231206,-0.014867881593809251,0.0018279555388755904,0.02755619796683218,0.0,0.0,0.0,,
14.028667999999982,-7.076366374623986,27.72171442109635,158.02507959381208,0.00666921483515713,-0.0067739716548919394,0.03903688969059254,0.0,0.0,0.0,,
14.038170999999977,-7.079005112730408,27.71536559568458,158.01706113883873,-0.0199865262749102,0.0024656312199406445,0.0370347960551932,0.0,0.0,0.0,,
14.047688999999991,-7.087490650738119,27.697996500123278,158.01036161230513,-0.0124030531958338,0.0015259566698894046,0.02299596974398423,0.0,0.0,0.0,,
14.057108999999969,-7.077924788024577,27.692214628517924,158.01909312869063,0.0,0.0,0.0,0.0,0.0,0.0,,
14.066702999999961,-7.07009063913586,27.656612487439215,158.04806641889715,0.0,0.0,0.0,0.0,0.0,0.0,,
14.07621899999998,-7.040740219988328,27.599165755166013,158.1017164937373,0.0,0.0,0.0,0.0,0.0,0.0,,
14.08573100000001,-7.002631748694329,27.55507044305215,158.17562941785357,0.0,0.0,0.0,0.0,0.0,0.0,,
14.095240999999987,-6.96893190741986,27.501633560795668,158.26202932095666,0.03007755088647657,0.017689822870826037,0.014933676788912643,0.0,0.0,0.0,,
14.104756000000009,-6.933049605976488,27.436759551815786,158.3577689254995,0.017560235815303044,0.017623018591443617,0.04575195896209303,0.0,0.0,0.0,,
14.114264999999989,-6.93054238016307,27.388431368856555,158.44539709075596,0.025174304098358295,0.02037281190834061,0.049450894406161246,0.0,0.0,0.0,,
14.123775999999964,-6.939999343392639,27.335057904409183,158.52503125075472,0.022464719613811645,0.018741074647164166,0.0517852923269633,0.0,0.0,0.0,,
14.133282000000008,-6.956543890181597,27.250340523186082,158.60100672994784,-0.02161880242369958,0.0024546158094874435,0.040820104951654224,0.0,0.0,0.0,,
14.142802999999958,-6.974439961537216,27.168935483821233,158.67688595192442,-0.014687271744897399,0.0016280354575611284,0.027810980192619607,0.0,0.0,0.0,,
14.152303999999958,-6.956709180705835,27.068016397121177,158.77756808711445,-0.014482005704515691,0.0015763437305685616,0.02753403295817966,0.0,0.0,0.0,,
14.161811,-6.9305816402848475,26.940690047589154,158.90766688166988,0.0,0.0,0.0,0.0,0.0,0.0,,
14.171335,-6.89009798692199,26.816277590570863,159.07052856257178,-0.017222141825065818,0.001790210728689935,0.03308717702502847,0.0,0.0,0.0,,
14.180849999999964,-6.864031314857582,26.720574312426674,159.25017585302814,0.0,0.0,0.0,0.0,0.0,0.0,,
14.190351999999962,-6.840494541015574,26.627325809631273,159.43017186829627,0.0,0.0,0.0,0.0,0.0,0.0,,
14.199866999999983,-6.82686561523551,26.536835660971416,159.58659285815594,0.0,0.0,0.0,0.0,0.0,0.0,,
14.20937699999996,-6.822789574268628,26.41867391904358,159.7034656684214,-0.018438057674502822,0.0016926229206593887,0.03599031902324328,0.0,0.0,0.0,,
14.218882000000008,-6.826093254138289,26.28017723236363,159.7732533254514,-0.012787094625452836,0.0011407608902439877,0.025097062762240187,0.0,0.0,0.0,,
14.228407000000004,-6.817585073017339,26.086717607654712,159.81664825703163,-0.021271761064058422,0.0018510965986638108,0.04208311233254246,0.0,0.0,0.0,,
14.23791,-6.8738161286981825,25.870384311434805,159.82807434060263,-0.01957338799872634,0.0016187510799615962,0.03903820714297645,0.02402099893720654,0.04521343025744401,0.0009222639937225729,,
14.247424999999964,-6.957992063401581,25.69379037612822,159.82910654658826,-0.020805627494958824,0.0016191187011869775,0.041751131731376484,0.0,0.0,0.0,,
14.256924999999967,-7.073918750401559,25.486333665901213,159.8478298722039,-0.05377933096864972,0.014587679980247337,0.016683897968138774,0.0,0.0,0.0,,
14.266435000000001,-7.197346592698236,25.23081457316049,159.90200996804313,-0.0674774162522572,0.020977494967563286,-0.002732933717837072,0.03824469829222536,0.03794646439428996,0.015214010981299706,,
14.275942999999984,-7.268521644148197,24.98333683245437,159.99708033089675,-0.06310501497587805,-0.02210122362888653,0.007975661591254306,0.03540209258232628,0.041764008576965043,0.018885421737851054,,
14.285461999999995,-7.321433709851616,24.76694007293452,160.10478886419918,-0.013905313656180654,-0.04601532859691807,-0.005600044055073208,0.035911065061364045,0.04810557909986999,0.019854673933282045,,
14.29497299999997,-7.342190317001361,24.588013814463544,160.1876526159835,0.036028806462650984,-0.06503279985292787,0.018657149270055202,0.03091337658940038,0.05210713330457933,0.012180631843788505,,
14.304489999999987,-7.347831693010771,24.51507116625478,160.2023129101293,0.0750382932027601,-0.07073684955515414,0.03729352882716128,0.0,0.0,0.0,,
14.313992999999982,-7.372092883337639,24.544101300695747,160.11943526179004,0.10919262104617948,-0.03948528937662034,0.05302349534154154,0.0,0.0,0.0,,
14.323507000000006,-7.3996589681302325,24.587025620133602,159.9501814109402,0.09384489017533024,-0.007737840816950921,0.04510819431617841,0.0,0.0,0.0,,
14.333025999999961,-7.446631965892938,24.638247304272582,159.72848415322284,0.04391568591315248,0.05079397947416997,0.059764695784105204,0.0,0.0,0.0,,
14.342522999999971,-7.494163989808616,24.69749017049957,159.51964626423788,0.014399595720094626,0.09215604848632641,0.04078034520401496,0.0,0.0,0.0,,
14.352049999999963,-7.540929532029188,24.7114105060393,159.39495228238917,-0.04626125041897488,0.13307801011247306,0.014496874762072329,0.0,0.0,0.0,,
14.371069999999975,-7.519114713828294,24.665158909042706,159.56854727226278,-0.08297199043802951,0.11416149203002948,0.0025003409646163857,0.0,0.0,0.0,,
14.380571999999972,-7.466252327575318,24.64310914415216,159.83932549177314,-0.04218925561173951,0.07343763637295961,-0.02193614620710434,-0.02246571928333845,0.009305146539352294,0.043696130670429316,,
14.39007799999996,-7.378186975386302,24.647182329338108,160.1528630730312,-0.01658113134191583,0.0007521456521973591,0.034547712895818865,-0.015870022587183147,0.013578905144662909,0.04929009219778687,,
14.399592999999982,-7.315167196478858,24.718361746772878,160.41345608427758,0.03164984966331487,-0.05513550836710607,0.053676288289844123,0.0,0.0,0.0,,
14.409110999999996,-7.304241598375855,24.826930055500203,160.54280671733355,0.06062091094159946,-0.09676865349956346,0.0600006534189602,0.0,0.0,0.0,,
14.418610999999999,-7.341908715208047,24.956215978090558,160.50116180903282,0.05260857497791213,-0.11480996914579715,0.061128195569388255,0.0,0.0,0.0,,
14.428122999999971,-7.42581880131566,25.104763655469338,160.29358838585475,0.04209161359817189,-0.09828198025648809,0.022819420552350065,0.0,0.0,0.0,,
14.437636999999995,-7.4983244319564895,25.210185802970777,159.9889118222352,0.0072497580209116,-0.0597930387660683,0.005027219195343602,0.01967091163159408,-0.010005879967051262,-0.060922486674097456,,
14.447138999999993,-7.524256407507591,25.239385717198576,159.68434814180026,-0.025248063403329288,0.00934738398664418,-0.012691530304558602,0.005475576222263002,-0.0011683215300155778,-0.06487075936553444,,
14.456649999999968,-7.4846050200356435,25.2424194777747,159.47373022008082,-0.04169709235327027,0.044806928483396104,-0.021846654843751284,-0.01559197029289148,0.005662400732212613,-0.05167016465845757,,
14.46616899999998,-7.35254385100674,25.248683625830992,159.43255643250077,-0.0264329277801723,0.07518635931724552,-0.01541010070318805,0.0,0.0,0.0,,
14.475682000000006,-7.154612386748917,25.257197326334254,159.58106343032756,-0.025053007616468732,0.08772174611460298,0.03621300542702726,-0.05141437867365234,0.019071077703189967,0.006634588686920058,,
14.485197999999968,-6.939822989755813,25.303762305114496,159.8707141902096,0.0006930771860785656,0.0805976622113066,0.05729136831751707,-0.05502490865408936,0.01861499586864338,0.033365836704379585,,
14.494703999999956,-6.748562066305705,25.401844712369336,160.21605831093277,0.03135743306571015,0.045827500627075,0.08514905234665565,-0.04720417363843875,0.013203892973224234,0.046420497875295834,,
14.504220999999973,-6.657530658913098,25.518816120229275,160.5041440590213,0.04730319731219518,0.01737268584504507,0.0982516406309485,-0.025530101453879354,0.006478398396164981,0.04350003292329917,,
14.513727999999958,-6.677581079304257,25.63970108332236,160.6471967686334,0.04261001823459301,-0.02261876465367999,0.09130252842394107,0.0,0.0,0.0,,
14.52323899999999,-6.814012818025481,25.75066557672743,160.60090726330145,0.03791234554542856,-0.01896511457283028,0.06949548105597876,0.0,0.0,0.0,,
14.53274799999997,-7.03865450800775,25.813699053115116,160.38034589367868,0.015065457904132258,-0.04166962258160529,0.008942624696747623,0.04427428466102719,-0.010560160144167394,-0.030823548794126184,,
14.542262999999991,-7.283010264519462,25.80932082795199,160.05985357001538,-0.01193776951165005,-0.03965136786571217,-0.004756925988457074,0.05091144208865626,-0.007341883940816094,-0.04905554949085728,,
14.551768999999979,-7.491004463461677,25.756554315300694,159.74231686999116,-0.050975474341675535,-0.017887794063686756,-0.02511213695144578,0.04441350050671318,-0.0011539502762567496,-0.0516207745896197,,
14.561284,-7.596481351617935,25.678480568494145,159.53658636116407,-0.048900296388786964,0.01824748973583532,-0.025095119099519874,0.0,0.0,0.0,,
14.570789999999988,-7.563124915666896,25.610515462729243,159.5161038277348,-0.03812452852846129,0.014241965036751753,-0.01950831691338568,0.0,0.0,0.0,,
14.580307000000005,-7.39197632221612,25.602305862356708,159.69700643775076,0.0,0.0,0.0,0.0,0.0,0.0,,
14.599327999999957,-6.818704485265962,25.7582568759973,160.44435045400863,0.0481284565852483,0.004189723668022341,0.0692192351399035,-0.057945981393936107,0.022933943998590126,0.04905530172092228,,
14.608836999999994,-6.562593239839175,25.88445273718443,160.81282843943347,0.05648072231187921,0.00399086110491969,0.08357429780043982,-0.0514279988050165,0.016480024348011522,0.045034186403805826,,
14.618350999999961,-6.413692970380797,25.994027068389137,161.05185711988057,0.04718548483872916,0.005321438047297781,0.08534214046276901,0.0,0.0,0.0,,
14.627857000000006,-6.413222699501402,26.05549415225826,161.11053955915318,0.030335039744309483,0.011220368881768044,0.05948223341522241,0.0,0.0,0.0,,
14.637369999999976,-6.549157920588762,26.040515027118346,160.99657784768502,-0.02500186247202229,0.0019010414751361414,0.0496476807787948,0.0,0.0,0.0,,
14.646874999999966,-6.781641192252668,25.94411740857774,160.76225355091307,-0.04964627422174876,0.010102455293314466,0.039348993345913345,0.04123169485142432,0.008514863314403046,-0.03283194219871462,,
14.656390999999985,-7.026545415679992,25.835116982912854,160.5020876008741,-0.03217991662754295,0.011394186635285925,-0.01652857249166672,0.04670507091084909,0.013137714822731638,-0.03693259500952266,,
14.66590199999996,-7.228230270965677,25.637963884220028,160.31506501308687,-0.05668090147285638,0.015200096920754603,0.013742447918504703,0.0455659245916445,0.026087382847903354,-0.02612758416816688,,
14.67541799999998,-7.329897399091555,25.451285770204503,160.26279050680202,-0.04306936574505412,0.015452629187862357,-0.021777499353943394,0.0,0.0,0.0,,
14.68490700000001,-7.302660671154729,25.36557224926985,160.3717427381517,0.0,0.0,0.0,0.0,0.0,0.0,,
14.694436999999994,-7.191929328834659,25.283767574596983,160.6132658149388,0.0,0.0,0.0,-0.005669408430166741,0.03745933689061364,0.03265527602363449,,
14.703940999999986,-7.019086633818501,25.219105942753025,160.91182842391257,0.001103902269213375,-0.007931757681432165,0.06576551447995653,-0.017813627208885588,0.03496992862042573,0.038762215706770485,,
14.713453999999956,-6.866102050442819,25.265118602410343,161.1719240760801,0.04977979378391394,-0.016973648547897124,0.024821924721333034,0.0,0.0,0.0,,
14.72296799999998,-6.787838452449691,25.257795500338293,161.32913268483696,0.040353865428441965,-0.01837450130953215,0.0625125327968573,0.0,0.0,0.0,,
14.732420999999988,-6.77735429464849,25.184541394542247,161.34446406680476,-0.04985287967914457,0.002657823537219619,0.10225472647541567,0.0,0.0,0.0,,
14.741993999999977,-6.802129062469321,25.136853403345835,161.23796945759017,-0.025096062244868978,0.001349082035599964,0.051567495864934865,0.0,0.0,0.0,,
14.751499999999965,-6.882875152611562,24.997201023461123,161.07834545234107,-0.021103789875078743,0.05403547457149407,-0.011581247914025018,0.0,0.0,0.0,,
14.761009999999999,-6.944735101015548,24.711976875605288,160.96932135835246,-0.08146038665573868,0.08952262797902698,-0.041087056638773614,0.009775445466766328,0.044726296953849255,-0.02280870067918039,,
14.770508000000007,-6.974362572039995,24.468000353671965,160.9885390166292,-0.0643014721632222,0.08823282848776283,-0.03234732089653732,0.0,0.0,0.0,,
14.780032000000006,-6.977093434778636,24.23160217339616,161.17576030573022,-0.026800635347137943,0.079373201523684,-0.05051987315816487,-0.0016388225858237101,0.051882925107379144,0.031552372822667,,
14.78954299999998,-6.9082816729481475,23.90971469854437,161.53228995674843,-0.047255316722272955,0.0579832253492726,-0.02270932702900185,-0.003294837223158014,0.06618626878601783,0.059599150847886626,,
14.79905500000001,-6.850075695589338,23.67108411540722,161.96825696193676,0.0,0.0,0.0,-1.5018312346015608e-05,0.06021452767426883,0.07640003152775755,,
14.808561999999995,-6.796179445918161,23.457014985416006,162.40195702896665,0.022017104223913078,-0.006983409166909572,0.010022728712679079,0.008352838762726914,0.061406759211802005,0.07631537231124588,,
14.81807299999997,-6.79245283853101,23.15918812743145,162.74509611641628,0.00947526707996068,-0.043071494573567,0.03444788918429952,0.02705596888138982,0.07276253550920421,0.06220880463552706,,
14.827586999999994,-6.857086755284836,22.86016056484105,162.92767764559068,0.03119549762584963,-0.055213610476741136,0.049381886555328526,0.04124820016387966,0.07392916496155913,0.03546099232039778,,
14.84661299999999,-7.043438840261345,22.262228725313044,162.84402542060042,0.049311861986705334,-0.05451052455587691,0.074236932915193,0.04952369568980104,0.07846218445978481,-0.018614905489525997,,
14.85612199999997,-7.137508656305867,21.968310180882874,162.69451347057188,0.0367358841626913,-0.01829977311718414,0.07269207713671301,0.04028338901912307,0.07181971033423436,-0.028847862913495705,,
14.86562699999996,-7.195089099149883,21.75112144243881,162.59096173707474,0.026620544257534372,-0.015347439169089983,0.06893510006060666,0.02430738577509431,0.05818388380142157,-0.022411020217556688,,
14.875157000000002,-7.217027924443867,21.56636527390332,162.6092720415313,0.02035403410882696,0.023991215902510413,0.06800645027283304,0.01040739448198547,0.05199617725699396,-0.0006689293953404231,,
14.884658000000002,-7.179443950187127,21.414990975087022,162.77908939917384,-0.014717802401552977,0.036994218829675594,0.06376988504597415,-0.00409733664717401,0.044440723287787,0.025280742886130643,,
14.903683000000001,-7.042739800081174,21.3575611301585,163.38610546673843,0.011867663295955472,-0.008256846759754658,0.044645603872693645,-0.013339880375094234,0.021845617123722433,0.05378425401234101,,
14.913185999999996,-6.995434461256907,21.337799778256286,163.66442836365974,-0.015904214567052675,-0.0006386911655774905,0.03860942001224666,-0.006658655856883026,0.018147003683559686,0.04626614443182879,,
14.922697999999968,-7.004293729739455,21.313941779173376,163.82426108970063,0.0,0.0,0.0,0.0,0.0,0.0,,
14.93212299999999,-7.060613055282554,21.216435428577814,163.84865143679352,-0.03551175522834514,0.010284427487713925,-0.014352304605630408,0.0,0.0,0.0,,
14.94172599999996,-7.166701205359057,21.010158057235778,163.76567248895986,-0.06271528901020687,0.018261228882121682,-0.025087220805640843,0.0,0.0,0.0,,
14.951231000000007,-7.297107263009935,20.73675950890901,163.63927516362853,-0.06863997521847852,0.02015072654194363,-0.027083924584895513,0.029936751240242008,0.04523496829696178,-0.021895614652977076,,
14.960732000000007,-7.410604245024366,20.438924358095612,163.5445599907139,-0.045719802674373256,0.042155017793529835,-0.01697669922832106,0.027958350941745067,0.05396363337625283,-0.01681429048328346,,
14.970249999999965,-7.493692601574973,20.153013510801493,163.53654729954567,-0.0314652971905972,0.03584979763410093,0.030332858969029357,0.02352468808639609,0.05745213286427114,-0.0016382647934862862,,
14.979761999999994,-7.543551670820939,19.94194913441875,163.63138384153152,-0.0074270941928907324,0.025645888461782056,0.03956053776289088,0.016565734559216845,0.05366452130142568,0.016625823197125588,,
14.989271999999971,-7.5478742007279065,19.81773354641241,163.80985804368362,0.03418771312491785,-0.016898276706850443,0.06724337116627317,0.008411272896644688,0.04520064205631757,0.030241665459823618,,
14.998783000000003,-7.528386094160597,19.781766342882097,164.01804984846865,0.05268791466847753,-0.022966953126431305,0.08138419319051304,0.0,0.0,0.0,,
15.008295999999973,-7.513411466937214,19.812876716766247,164.18721428006813,0.05685715378570476,-0.024806795826268827,0.08963740786615139,0.0,0.0,0.0,,
15.017806000000007,-7.52518797924713,19.863645350679818,164.25982357818395,0.03374841943366471,-0.04570463565356236,0.08480842679327165,0.0,0.0,0.0,,
15.027312999999992,-7.57787150632673,19.906991805390838,164.20562698535443,0.006021797258662909,-0.04431105299522506,0.07981230084933286,0.0,0.0,0.0,,
15.036827999999957,-7.688868524741797,19.926432830441872,164.0265603977224,-0.029382996094126135,-0.028806282910762353,0.05605601738618646,0.0,0.0,0.0,,
15.046338999999989,-7.843830135369422,19.90175017171842,163.76209650026183,-0.027532446258606246,-0.026439870949240114,0.052594784265361245,0.03373202289046482,0.0003432212216553198,-0.048097254490462545,,
15.055857000000003,-8.044033094755484,19.847092317848137,163.46435884811748,-0.06593105717443744,0.010094906166537734,0.04451102530227073,0.04092805105867782,-0.0013203902160401292,-0.05166291864399499,,
15.065364999999986,-8.266968457600793,19.784630095622582,163.18794819721776,-0.06656109673114753,0.010700321089538077,0.041858899757373974,0.04411481676627203,-0.0010805106600666533,-0.04583973937785838,,
15.074877999999956,-8.474618821886903,19.721512602167397,162.97665259344353,-0.05780071641645287,0.006779992848574529,0.05390219996692985,0.041539836704396566,0.001910438031609246,-0.03383127499723082,,
15.084386999999992,-8.660775746746635,19.696340866752937,162.8414143938386,-0.023685391613340788,-0.0029760814088494853,0.06076656696521569,0.0,0.0,0.0,,
15.093891999999983,-8.821120953337493,19.732887932277126,162.7638739782824,0.013082360028514291,-0.01366032342050577,0.0687136729050801,0.0,0.0,0.0,,
15.103407000000004,-8.944845644828135,19.814049384786582,162.7020338523666,0.031409518557245185,-0.015158420194310055,0.0470960357860476,0.0,0.0,0.0,,
15.112925999999959,-9.061506353378368,19.98183070546964,162.60145969684652,0.0836212386459969,-0.02620296814828609,0.031863432390442835,0.0,0.0,0.0,,
15.122433999999998,-9.245568051056454,20.12823150429491,162.41633026687464,0.08480372528006856,-0.02687472595208667,0.032604534297516745,0.0,0.0,0.0,,
15.131942999999978,-9.418788492680294,20.249212750782632,162.15554517489218,0.07043581577110856,0.01465267574133444,0.029360082280680096,0.021018261508341178,-0.005379737447866951,-0.04561453824973516,,
15.141450999999961,-9.616962637304626,20.39720480759063,161.85043197554614,0.06448363762107778,0.038383114527273526,0.028563590658406367,0.01863660786090706,-0.013300372284525087,-0.052651840773391245,,
15.15096299999999,-9.857953985313213,20.488725800395247,161.5638909671501,0.011429953476872886,0.09064975358707651,0.04770207620967913,0.019410226792091163,-0.012565782218881863,-0.045831644252067885,,
15.160474999999963,-10.062523976309752,20.513933335127177,161.375155464538,-0.04274866787771552,0.10736118870731907,0.08044643929341337,0.0,0.0,0.0,,
15.169984999999997,-10.281869588178246,20.575854475915264,161.31090489630606,-0.0478271488958991,0.12516512223509269,0.050681616887952016,0.0,0.0,0.0,,
15.17949299999998,-10.452614021675092,20.637768830051858,161.3957292881245,-0.04831673816317386,0.11179752613723759,0.03846067734858327,0.0,0.0,0.0,,
15.189014999999984,-10.57973077518169,20.6640931658805,161.60418487932682,-0.06293557513017814,0.08849255983402107,0.052871680389933465,0.0,0.0,0.0,,
15.198508000000004,-10.692365636343041,20.721155422004387,161.8672643804284,-0.051304926819667564,0.06626591751301136,0.04310360561842013,0.0027315836199726866,-0.01441245585810383,0.0554611015966837,,
15.208032000000003,-10.772380615888897,20.801052434298438,162.1349861102821,-0.045071422211620235,0.032337949970545156,0.05604293270904715,0.002804696083778079,-0.015338467706253413,0.054119391457840345,,
15.217534999999998,-10.880860327201244,20.832570756612526,162.37108210836678,-0.06975680804930827,0.00836354161315376,0.04696312618473219,0.011618087046673933,-0.011893569428813859,0.04984693029439395,,
15.227055000000007,-11.01657887550271,20.81545054373507,162.57711668747598,-0.106405446662169,0.017611918111439587,0.04213705658400636,0.017878390025033518,-0.011992827500030525,0.045788757089310676,,
15.236560999999995,-11.165990899031284,20.770823620907606,162.79196810735357,-0.12103402541458326,0.024489345095131173,0.02066285497313421,0.02124898323956799,-0.011243062109117819,0.0485424212620476,,
15.246070999999972,-11.312293643118908,20.655763667003114,163.0714316775758,-0.14694907735309223,0.030679541600807693,0.015427452921460359,0.024388059790805446,-0.0034101381177593076,0.061248031229847295,,
15.255582000000004,-11.430902200244997,20.492167498398775,163.45580266595556,-0.15461101826751958,0.03375478668175,0.0026265756302383345,0.024142317169978285,0.0048091374897616624,0.08026918609182788,,
15.274612999999988,-11.54381158614562,20.197792914213203,164.56148737434674,-0.08795899891794451,-0.013743599235709001,0.008250945052891728,0.01606063836823933,0.019370808209557874,0.11818560690506164,,
15.28411699999998,-11.53170211587463,20.10266351880947,165.2257541324573,-0.023660796543188044,-0.040722360873855036,0.03413618677408057,0.010125415193556997,0.02455430575259058,0.12719280830684643,,
15.293633,-11.499156724614316,20.092431434819993,165.88665013261578,0.020215450155994637,-0.05382461489624082,0.04242878742752482,0.005285266763932012,0.02195290820239933,0.1251127305970734,,
15.30314199999998,-11.471540180880686,20.146829764661575,166.48979078142415,0.05756967672168303,-0.06159055844197767,0.06256809015239924,0.004269334396304435,0.016803239683461122,0.1138836200472756,,
15.322160999999994,-11.551415656536426,20.33062295510075,167.414425396544,0.04427076185634657,-0.017742136201379592,0.05745790636463433,0.010754777489655445,0.0006803556856093765,0.08251035344579552,,
15.331670999999972,-11.659391911114994,20.41991344467497,167.76633286338267,0.018221524443741956,-0.01084326257137823,0.042316836386333795,0.012485665007428702,-0.0032667780323055425,0.07305039024952753,,
15.34119099999998,-11.789076583476454,20.455113726644836,168.1160568850317,-0.0047181772627484745,0.037815670108581195,0.03325655795778148,0.013066309647617314,0.0017135134756447767,0.0741738402983516,,
15.350688999999988,-11.923512979504316,20.47797984136214,168.50978218901605,0.0069199540449291054,0.054280228754375257,0.01079507821274708,0.011164713878218189,0.004861331770583502,0.08335477870359287,,
15.360209999999995,-12.021316663494153,20.538273121189725,168.97357879167666,0.03520024345728161,0.03994132123817612,0.02052808478421036,0.006038285779960386,0.004776941584986799,0.0948496383730013,,
15.36972499999996,-12.099000003154837,20.63578798677263,169.49183633800985,0.04963746041131552,0.01576393595335285,0.02292063794358652,0.00567775369794355,0.002573807014676566,0.1043709845283187,,
15.379234999999994,-12.171789821723063,20.793595896227718,170.0207673993723,0.058344324102685995,-0.01026587494890904,0.022495815205411707,0.007587842561223238,-0.004584553671537872,0.1062044658246707,,
15.388739999999984,-12.219349373408177,20.97319710327587,170.5240641224195,0.060154243696300756,-0.04368339529627724,0.017804678320019772,0.010271376017000865,-0.009683241630581922,0.09931833475809096,,
15.398245999999972,-12.285534226835061,21.1339270139159,170.96442664741426,0.05748344566068506,-0.04197998589216597,-0.015735181321224662,0.014486720773096163,-0.006773776495035235,0.0880908455821793,,
15.407753999999954,-12.3013255067998,21.243836348896014,171.3447406037863,0.041463856841577225,-0.044461203210555786,-0.023236657026531594,0.007560158811880684,0.0012292638861234521,0.07243956859286509,,
15.417261999999994,-12.283547968704687,21.326681436201277,171.6755525177513,0.05240678526232133,-0.035266162843362925,-0.027069188977857348,0.0001655250181926979,0.010019849721423784,0.0600783445018411,,
15.426780000000008,-12.23665524408544,21.386082831946926,171.97777031065854,0.07439293904664013,0.0015418052973250023,-0.030206655855277265,-0.009694319417891941,0.020291021097002558,0.05220394810262922,,
15.436289999999985,-12.12803087785887,21.432712420663204,172.28356244286533,0.08140781957657597,-0.003083961888258709,-0.007536533217565457,-0.022474112847437687,0.025625156393541848,0.04836078454207795,,
15.445861999999977,-12.016770295557365,21.487415163384547,172.60611794224945,0.0813001223410394,0.00029744067933758613,-0.022588739863278157,-0.029541916343008706,0.024380652663882924,0.05147448773104245,,
15.455335999999988,-11.874639530233166,21.515091055369716,172.9867512077766,0.052736087981232325,0.04607290867191802,-0.02232519470312896,-0.039850305656788154,0.023641852796954393,0.060790977132968396,,
15.465027999999961,-11.682421198163984,21.48985194182942,173.46318460974018,0.0018961244420515509,0.049243694052313026,0.009454224385590787,-0.04920249474776637,0.025537383978416407,0.07626430004917162,,
15.474390999999969,-11.47108354277045,21.42042383535145,174.0378338372032,0.0016666159473278904,0.055381937650934326,0.010438297808225302,-0.05332963590891613,0.03234789847995757,0.09451884992534076,,
15.483904999999993,-11.212015355724379,21.30080231244366,174.69455526043905,0.0006977462684010285,0.03367976270159171,0.006205309671288868,-0.05536892950425781,0.04408259561645841,0.10747584538928431,,
15.493435999999974,-10.979566707752413,21.158736726445856,175.36067014332264,0.03953461890582349,-0.0032081950670615083,0.015352021135432629,-0.04487890865162849,0.053917849045999305,0.11133734136426052,,
15.502884999999992,-10.80411385885988,21.02311207635314,175.9553060653638,0.07982692865482999,-0.005644620036826446,0.03075624178657569,-0.029747584272217086,0.05989041482973906,0.10119890187869937,,
15.512428999999997,-10.677695883938643,20.875115886520295,176.42402635393324,0.10856390622976289,-0.04899003153462303,0.033986937327763825,-0.01384501741194193,0.06603307721092294,0.07956175682762678,,
15.521946999999955,-10.62882366575993,20.700772392368656,176.7319134631168,0.09798731531437874,-0.06605939084802921,0.06932182208067646,0.0033173351768658547,0.06934336655068232,0.052955871383003575,,
15.531467999999961,-10.622682641278065,20.51159845239843,176.89656169852486,0.08851340674956763,-0.07427718459069052,0.07512620891964297,0.012912816733219548,0.06975453382230386,0.027340494761973328,,
15.540967999999964,-10.64644151644296,20.291750087037915,176.97145297202377,0.06147253829821163,-0.06886758322374349,0.06287802717163564,0.01780862680582718,0.0701697960098918,0.01148784563491817,,
15.550493999999958,-10.672560428680864,20.054132884830114,177.02357365823912,0.024783784839624887,-0.060212642197088384,0.060456169733064134,0.016605298064390917,0.06606635363135419,0.00709728125512455,,
15.559995999999956,-10.678577643004386,19.83894641394219,177.11015124370536,0.009834034457203388,-0.04948157265449539,0.05555941046018402,0.010313465961967125,0.05866043264351484,0.012623994219851623,,
15.569502999999997,-10.6510734179822,19.634229280582797,177.26411166578373,-0.021524506586125196,-0.038477638270050754,0.05511689286868656,0.0016113705790028981,0.05493916962459008,0.023853733125803713,,
15.57901899999996,-10.599349578260043,19.447342069870565,177.47850698375348,-0.000626470607216166,-0.01410367588031008,0.08000396980101225,-0.004504273336281157,0.05137132171765819,0.0343516986895363,,
15.58851999999996,-10.567375784727497,19.312277058719776,177.7072426100462,0.019575288205999845,-0.012248474240869146,0.0720929486845951,-0.003956627013676473,0.04495660803338776,0.03857086500839394,,
15.598067999999955,-10.557774533528375,19.205258837226086,177.90112061310543,0.02642177621913652,-0.015525926073452594,0.09204941382074204,-0.0001697926706831131,0.04045739093443273,0.033091859433668665,,
15.607632999999964,-10.61440919529394,19.109658200019737,178.01026489399425,0.029118249799381747,-0.015847615364214755,0.0940049536609956,0.0,0.0,0.0,,
15.617139000000009,-10.744931366729576,19.018330493452318,178.00990971130378,0.027853426770197608,-0.016554847378369417,0.09662189088645985,0.0,0.0,0.0,,
15.626653999999974,-10.947651843455839,18.930712819541853,177.90069708461405,0.023098145624929515,-0.013367200500910326,0.0764681601607365,0.03765246447904481,0.03449400647681919,-0.013623338481034563,,
15.636076000000003,-11.209751652408876,18.847088221100268,177.70742572273306,0.010199006410578965,-0.011826435792900486,0.06446967903407186,0.04848978591602898,0.030544462252848466,-0.02659463656020845,,
15.645553000000007,-11.483241983574313,18.77831472209101,177.4749945678024,-0.0171997473018841,-0.00982250067521166,0.04926483447365476,0.0520459966201943,0.02575769271034914,-0.03370129604130072,,
15.65506099999999,-11.749836391795125,18.728058551945633,177.24629769502027,-0.01146426369317812,-0.0066675231068444455,0.03283128580161034,0.05097068620083866,0.021772246820277827,-0.03338837856731054,,
15.66461499999997,-11.969074804800107,18.705884856295064,177.05283800915285,0.0,0.0,0.0,0.04255227317613313,0.014872531738472,-0.02936201994065036,,
15.674204999999972,-12.134588915319199,18.73333670599049,176.90695806412538,0.0,0.0,0.0,0.0,0.0,0.0,,
15.683709999999962,-12.232940418308566,18.77484964905251,176.8141917845476,0.0,0.0,0.0,0.0,0.0,0.0,,
15.702739000000008,-12.302501718363345,18.796232538635103,176.74171206183368,-0.06546019102810927,0.038619515892770816,-0.014965574874133018,0.0,0.0,0.0,,
15.712243999999998,-12.298248736541586,18.752906183692367,176.74601626625812,-0.08190676174300629,0.06010206259368798,-0.016177323062495762,0.0,0.0,0.0,,
15.721761999999956,-12.311401191117229,18.652532998497563,176.7747550314054,-0.09204422875884799,0.08561189894863247,-0.014150999673350205,0.0,0.0,0.0,,
15.731192999999962,-12.342611488922781,18.509533528983745,176.8350826970281,-0.08293736250052224,0.09603448542632417,-0.008428831170313573,0.0,0.0,0.0,,
15.740692999999965,-12.40052421781137,18.34319896085915,176.92794313628315,-0.05274423380478687,0.09171026858831696,0.0014667780083218618,0.0,0.0,0.0,,
15.750207999999986,-12.496658922042723,18.187421718656445,177.0388461066256,-0.0013628499911141946,0.07838108930463243,0.016467125001552327,0.0,0.0,0.0,,
15.759723000000008,-12.601962201955894,18.057549976233304,177.15071416665944,0.027548016809236745,0.051003556198447514,0.020444168184325713,0.006192610509978456,0.04506692549538549,0.02443517844184169,,
15.769198999999958,-12.718071206671894,17.954735789199813,177.2418721942163,0.04946914728127567,0.029421386310940816,0.02308970241384377,0.011806597428565014,0.045643087386585804,0.020952137681516114,,
15.77869899999996,-12.805033734555224,17.846277433689302,177.31421192402723,0.06105257326275903,0.006880011002607343,-0.025457744082596136,0.008946069442310887,0.048418085310168016,0.01537399810994063,,
15.797714999999982,-12.758680044156025,17.45681890401856,177.5076541565199,0.0,0.0,0.0,-0.01249480838078097,0.062044709930963296,0.014965744183043587,,
15.807350999999983,-12.645403300937245,17.18340543245386,177.6781127146464,0.0,0.0,0.0,-0.020356920818281332,0.06858329610666139,0.02289951166326473,,
15.816823999999997,-12.477485805329902,16.907619548253294,177.88938305675308,0.0,0.0,0.0,-0.032685981426211194,0.06975290542704266,0.02795244121039365,,
15.826307999999983,-12.218085133815865,16.670725683561944,178.11820724188823,-0.0204575551838977,-0.014412350533482448,0.06669812257430792,-0.050055882109651985,0.0629224968645302,0.02627652359568953,,
15.835891000000004,-11.914943739085198,16.499978469911174,178.33042834136685,0.015467681828661537,-0.013312384155680864,0.06823913493288855,-0.06266938421251099,0.05266275001917134,0.020575135290578583,,
15.845401999999979,-11.595908490163291,16.38045676629556,178.51037683090038,0.02761047783256226,0.03549336299100115,0.015584184985572945,-0.0713973765869195,0.0437468193835996,0.01330099039697869,,
15.854863999999964,-11.219144255319973,16.28048008814801,178.66987882952782,0.06446980674468075,0.07907938028093897,0.101346914944974,-0.07604225798393202,0.03534123643186577,0.006002487635726626,,
15.864372000000003,-10.805921831052432,16.156752874526077,178.801391629144,0.13320376125096187,0.06053582260446585,0.11400938221223214,-0.08305806078924767,0.04003539723670657,-0.0015814412862586726,,
15.873869999999954,-10.604992992150674,16.035942615628272,178.8736083576281,0.135473502998257,0.04283306023296083,0.12930125884882615,-0.04234096256656807,0.038465807138313914,-0.0015288141601925071,,
15.88345099999998,-10.721053874737597,16.173595541670014,178.84474678360422,0.12296663637201671,0.0715175006882051,0.04982268042765507,0.0,0.0,0.0,,
15.892960999999957,-10.86094286820873,16.325849113178048,178.78672156492973,0.029025037409501183,0.01428347737885134,0.09176471527960788,0.0,0.0,0.0,,
15.902467999999999,-11.146840268193484,16.394434942055668,178.71430299432274,-0.07682424692656344,0.04571788157824493,-0.013864922056914418,0.0,0.0,0.0,,
15.911899000000005,-11.388061800214336,16.38378069793368,178.68396760756752,-0.1486489761652096,0.03007858731202869,-0.03829924464989176,0.0,0.0,0.0,,
15.921440999999959,-11.586690188303276,16.250131944647755,178.7409607590943,-0.18404558445011618,-0.0097626598273571,0.016560917615097325,0.0,0.0,0.0,,
15.93095599999998,-11.859817126728467,15.938227213303655,178.87458188008333,-0.1993177923914918,0.003915553814035223,-0.05693195013475816,0.04923746196774004,0.028898464392557277,0.03726568658613335,,
15.940510999999958,-11.98503296607354,15.630705776454537,179.09362165299814,-0.17539786680346375,-0.05967984203284219,-0.01637119315194683,0.03429146219344316,0.03555040363101886,0.04610118041400307,,
15.949973999999997,-12.096861399284474,15.417908370824565,179.35392596230415,-0.06921236367453959,-0.06916674441409465,-0.03442127101270399,0.03362598186335414,0.040034611199638546,0.05361000610715819,,
15.959493000000009,-12.170873509208489,15.183550692401708,179.62763753893603,-0.0061743368794875235,-0.07356549250712373,0.02098898664360919,0.026229699614206056,0.056374192811233306,0.05425497128163505,,
15.969034999999963,-12.176972284185895,15.0162213969923,179.85470266305745,0.02805121673588139,-0.09081255893589235,0.07150473835995451,0.015527183671132011,0.052856272528803115,0.04134793080859228,,
15.978557999999964,-12.211389111968773,15.022979929139163,179.9668392214214,0.11836009211196825,-0.04790466040359378,0.05346530530675198,0.0,0.0,0.0,,
15.988064000000008,-12.217521307753128,15.06477655880051,179.96454804536387,0.14667515407781234,-9.075575228075677e-05,0.03947928200608329,0.0,0.0,0.0,,
15.997570999999994,-12.269139739445757,15.097156882738727,179.84555595700257,0.11086648601979554,0.014808181208365816,0.09345335418999155,0.0,0.0,0.0,,
16.007090000000005,-12.37367115577893,15.186044803166412,179.63780768217978,0.10680242082753051,0.059026490402516764,0.0905384682006528,0.0,0.0,0.0,,
16.01658900000001,-12.517187334275471,15.222464427144393,179.41534015950836,0.0626565010730101,0.08404867615050302,0.07736950756251526,0.0,0.0,0.0,,
16.026110999999958,-12.712173466153896,15.179943615764108,179.2384361591106,-0.0053863927164043085,0.11775924311539995,0.02561974995513579,0.0,0.0,0.0,,
16.035620999999992,-12.88924612498836,15.159198068739736,179.15838709638498,-0.05702424027814678,0.09915747502419979,0.04041191721826403,0.0,0.0,0.0,,
16.045125999999982,-13.073952021239366,15.12902762512615,179.20692628868676,-0.07096309199894581,0.07894133931637826,0.02817005392073882,0.0,0.0,0.0,,
16.054632999999967,-13.22123278837635,15.010920392175024,179.39033386087982,-0.10557976401599521,0.03776458208647577,0.02708395859598888,0.0,0.0,0.0,,
16.06414799999999,-13.310950778099615,14.89097210710322,179.67153149315376,-0.10043106751561143,-0.02435652111110199,0.08237313493162568,0.018913504195332918,0.016941752800207842,0.05677754768223368,,
16.07361499999996,-13.398734141365921,14.836247531131761,179.98773649236617,0.0019224542318047504,-0.0316293758273383,-0.007283160519380909,0.018828332351251933,0.02496096858789496,0.06370225306984802,,
16.083133999999973,-13.372947865372204,14.751242968992157,-179.69656198195366,0.04554471457566453,-0.05310921714187077,-0.05480335708847585,0.0026202751140669733,0.04127335963965456,0.05776399748687657,,
16.09268099999997,-13.28761571134696,14.709701953776465,-179.45618766265582,0.06502721981805933,-0.06869109357323619,-0.02796275928245168,-0.005794629933746286,0.036562758919652674,0.03963871912259232,,
16.102187999999956,-13.217256121788255,14.755895127970623,-179.32896131184782,0.08978749261262858,-0.035595108678005756,-0.03955588877440471,0.0,0.0,0.0,,
16.111661999999967,-13.092635312073645,14.689169937424342,-179.26029909357374,-0.004557905166207629,-0.03630007107157664,0.01917332429731147,0.0,0.0,0.0,,
16.121173999999996,-12.998602210285668,14.532222055633046,-179.20789601359138,-0.07336382868438285,-0.0010143065362702244,-0.019019017953663394,0.0,0.0,0.0,,
16.130679999999984,-12.910875029370603,14.375796312786782,-179.10809169493552,-0.09779406435396618,-0.0015224574134941713,-0.025068255095796445,0.0,0.0,0.0,,
16.140194000000008,-12.789709804576749,14.188990541890796,-178.8989958145519,-0.11008836854276892,-0.012292172759586465,0.018342433762517523,-0.030928322062656066,0.026260178431766475,0.03171229419069123,,
16.14970599999998,-12.670401479465507,14.005161686228243,-178.58548760008438,-0.10315266130435587,0.010221922219579281,0.04029822849307241,-0.031155955521301813,0.027722045894669034,0.052764400350710686,,
16.159219000000007,-12.523920599025827,13.945507079664281,-178.21271487936008,-0.007700812902671883,-0.00755557207718463,0.03194579398219006,-0.03496937667389095,0.01795593615873257,0.06331640479138338,,
16.168772999999987,-12.379377131973857,14.002903601994925,-177.84092203912562,0.0657848230414397,0.002480144805924171,0.01641719455042179,-0.03575065234448142,0.016361316732148842,0.06314786081815363,,
16.17827699999998,-12.231406381878676,14.063621444413116,-177.5318587517949,0.09931430653770246,-0.002281813544310161,0.05601086482070071,-0.03400190939113367,0.020714802855009637,0.050351528298908814,,
16.187787999999955,-12.13516330412875,14.20930421723994,-177.36254723142798,0.12186182619986699,0.005613537708432307,0.03088956074599703,0.0,0.0,0.0,,
16.197299999999984,-12.08140946011512,14.425306223161343,-177.35396131617955,0.1265005649696474,0.03882018833309276,0.04024548648771626,0.0,0.0,0.0,,
16.206807999999967,-12.068333139466365,14.550140278932071,-177.46810219074564,0.0591417505149673,0.044033276574977284,0.05149695729801867,0.0,0.0,0.0,,
16.21628599999997,-12.136821296771497,14.598427563902383,-177.65859691625292,-0.023108039691159758,0.061917866908590864,0.07893673560841605,0.0,0.0,0.0,,
16.225832999999966,-12.220102259496082,14.6055431378062,-177.84223943700113,-0.03675769656262284,0.07816408723539289,0.00898625335036765,0.0,0.0,0.0,,
16.235353999999973,-12.28036426469858,14.494924928579376,-177.9338053536306,-0.07881057356795995,0.0598024714695414,0.030121951012062102,0.0,0.0,0.0,,
16.244844999999998,-12.32532721450031,14.331973330663129,-177.90392755574388,-0.10717695854703457,0.04125619187595122,0.04193086061750146,0.0,0.0,0.0,,
16.254368,-12.324513737105375,14.214519853677025,-177.75523022367736,-0.09425513023397054,0.010009457791880604,0.05167109940514694,0.0,0.0,0.0,,
16.26383999999996,-12.289902381724,14.109326765275998,-177.51145082780567,-0.06721822704187976,-0.002921351806795648,-0.016911633462608516,0.0,0.0,0.0,,
16.27338599999996,-12.20707390687331,13.989258333585546,-177.21434294766058,-0.04525207962435667,-0.034215232311671256,-0.018803472774360053,-0.013856915305438625,0.0254477694098352,0.051142564084780594,,
16.28290199999998,-12.060724189367983,13.876071562929681,-176.9216675324211,-0.0086105945771916,-0.06668881614693695,0.04930311783828043,-0.020782133964696664,0.031350804379046464,0.04719154668454047,,
16.292404999999974,-11.86582485120422,13.763501471506013,-176.68820575936974,0.016953377098522186,-0.08031207230500834,0.07362454379362478,-0.027975138816325323,0.037113384307318115,0.03302524417959674,,
16.301928999999973,-11.643606756822411,13.64989642006388,-176.55226208079162,0.024696049481327944,-0.07381001793829994,0.03318048744433217,-0.03414945532740476,0.03863881591870982,0.01223905724602197,,
16.311429999999973,-11.402868230366616,13.565154265477663,-176.52517395221173,0.029912395053524374,-0.05991235201573273,0.02496368655682975,-0.04031617789186705,0.03373034759102237,-0.01039256190863038,,
16.320895000000007,-11.16848604424511,13.474989372172061,-176.58141818686696,0.003339456402693293,-0.03149419784581565,-0.006074321109298014,-0.04504082981764759,0.0320309246617454,-0.026739725675059993,,
16.330458999999962,-10.928714520235893,13.36272834062234,-176.67784939838236,0.0,0.0,0.0,-0.05233575507394265,0.028875487820273205,-0.03497909303963623,,
16.34947999999997,-10.448611655167165,13.193569887900487,-176.83110095939657,-0.06367837343458209,0.03913055396031375,0.025032631422875058,-0.0599182538307461,0.011406816225980764,-0.027094982076174882,,
16.358987999999954,-10.229296283001839,13.13228778017655,-176.8339896508565,-0.07301074147223678,0.04021748099986344,0.03405043833004998,-0.057410061031611934,0.007336488005783516,-0.015226466433071323,,
16.36849799999999,-10.05022356459444,13.093308402679417,-176.7864317890033,-0.052111558935273666,0.04886222501201481,-0.002055569380619556,-0.05113704945649062,0.007048121269081178,-0.003312868147110624,,
16.37800999999996,-9.867219748870417,13.066154046707107,-176.7004150186594,-0.003297850757859727,0.033929896772576275,0.005771547099750663,0.0,0.0,0.0,,
16.387524999999982,-9.696602018735256,13.052953091465232,-176.60759716492788,0.0,0.0,0.0,0.0,0.0,0.0,,
16.396997,-9.532438043530952,13.054024336671699,-176.5380061316253,0.03648051227280221,-0.0021148931779152213,0.034784744951688464,0.0,0.0,0.0,,
16.406506999999976,-9.355469936538041,13.044701656680477,-176.5048008668126,0.044662816815190506,-0.004090650300689206,0.05267555953554562,0.0,0.0,0.0,,
16.41601399999996,-9.199425284907987,13.029851371591231,-176.51456224869716,0.0443777013929124,-0.004941169398869126,0.05853812377747328,0.0,0.0,0.0,,
16.42556400000001,-9.028434689688282,13.011352843846426,-176.55053237527687,0.04043985245337539,-0.0057487577347925325,0.06203088500779357,0.0,0.0,0.0,,
16.435028999999986,-8.838851447812871,12.976528387634382,-176.59430511213807,0.025342718878787276,-0.0073859245868095145,0.06431950128808496,-0.03842602407075223,0.0233062309448143,-0.022292440719799175,,
16.44454099999996,-8.651659766571857,12.938755922009427,-176.63988099690278,-0.009588647622829821,-0.0073731357584778685,0.043545754662814656,-0.04028756654956134,0.021254852940607246,-0.02255678886637245,,
16.454106999999965,-8.460921948384868,12.9118538210811,-176.6883847461076,-0.01168942795184812,-0.008796999786650779,0.053121780562699866,-0.0412492030657571,0.01747224426240899,-0.023319190422673306,,
16.463572,-8.29388317667376,12.885078942084434,-176.74986809174376,-0.01628869378326214,-0.01201925941970329,0.07406970462879138,0.0,0.0,0.0,,
16.473123999999984,-8.164137452795277,12.835655313534499,-176.83157698289045,-0.014445115068124214,-0.010503455483138812,0.06584877112771524,0.0,0.0,0.0,,
16.482781999999986,-8.06565694257318,12.742934357453343,-176.9254277021616,-0.015987955304630607,-0.011528014617644472,0.07332944825897064,0.0,0.0,0.0,,
16.511122999999998,-7.884514005090084,12.290559536036147,-177.09490864492184,-0.01637142076707439,-0.011873515131483475,0.07781117897120708,0.0,0.0,0.0,,
16.520677999999975,-7.818197595705787,12.135365438486229,-177.06238760309196,-0.013122350393583546,-0.009564834880429102,0.0632259341500583,0.0,0.0,0.0,,
16.530153999999982,-7.731377652016248,12.018018689118879,-176.99186031142582,0.03770821260147268,-0.008700286526822457,0.08825177912644704,0.0,0.0,0.0,,
16.539699999999982,-7.6614185196068005,11.914575323876694,-176.91090631345247,0.0611833667947029,-0.005259134193168102,0.07777923488848347,-0.020258290280882496,0.04540275193820297,0.00812669077669253,,
16.549157999999977,-7.615870071139804,11.837996428147058,-176.8537428415836,0.05619993160746981,-0.006343350873752627,0.08365780854705329,0.0,0.0,0.0,,
16.558719999999994,-7.608264185176515,11.807753213633502,-176.85106469078679,0.05152206196232575,-0.003983890802382346,0.06277860077053796,0.0,0.0,0.0,,
16.56822699999998,-7.639744563330828,11.744831541667322,-176.91597885115644,0.01750216635067615,-0.005298178326204767,0.05102956030010189,0.0,0.0,0.0,,
16.577748999999983,-7.727550667843162,11.627157032845345,-177.04552668685423,-0.010768968782927386,-0.008087390993524726,0.05429263799112737,0.0,0.0,0.0,,
16.587256999999966,-7.871674771095037,11.47983955740486,-177.22143834763696,-0.00943348586865168,0.018981316639622624,0.04186532121847302,0.017573243962336654,0.03771298092587738,-0.03451358328454685,,
16.596753999999976,-8.030057235919795,11.296131400258078,-177.4064566935483,-0.01043500765209318,0.02066883355466869,0.04750472676128087,0.019760738079259998,0.046055158088452536,-0.03580127174446902,,
16.606276999999977,-8.186201605443603,11.079503277120132,-177.5679409317222,-0.010051095756343732,0.02546922987806768,0.04576258923674467,0.018078650559988856,0.054379399540198214,-0.03122737582294047,,
16.615777999999978,-8.324862238406551,10.877102496712183,-177.68864557744737,0.016176710018029925,-0.007575820995845256,0.060264635760918076,0.01731593069562276,0.057758590804188784,-0.0237933524652241,,
16.62525599999998,-8.485504926950636,10.68753378705808,-177.77298029492172,0.041105659620611,-0.00401795167212538,0.046003965301797956,0.020963456725135683,0.060656022260652365,-0.015722111305545888,,
16.634757999999977,-8.6151153982108,10.498671503759903,-177.82538076961873,0.03198819511145377,-0.007774948850102365,0.06617095035600808,0.019396895928091455,0.05846278692132606,-0.01054345502108281,,
16.64432199999999,-8.739865249185343,10.347597135794748,-177.85709874227143,0.03405098015410786,-0.004185951236816097,0.04226280766709445,0.02041981799791677,0.05161759642732319,-0.0066155669172297486,,
16.65378499999997,-8.83502036984415,10.155340793716663,-177.8587795307792,-0.008288942406881817,-0.007876713883224569,0.04788558756388196,0.017774034470688618,0.05084808332132167,-0.001709113059931614,,
16.663297,-8.891913650511297,9.929330522808058,-177.8221731322582,-0.04009607817186957,-0.04040231730379786,0.029821861711669256,0.0128591183964836,0.05011349568668474,0.004572172088484789,,
16.67285099999998,-8.90569901653539,9.674554325390618,-177.73686820738365,-0.04366961316443213,-0.03540203200298698,-0.013026084046853459,0.003514947031951511,0.05417882964312241,0.012830134965671454,,
16.682322999999997,-8.836706590046152,9.341191583937693,-177.58793319778474,-0.05993647719480867,-0.0426776247960648,-0.016466569390790053,-0.011924192882041555,0.06553155254136997,0.0228262430138276,,
16.69186099999996,-8.726482556406447,8.981054330919095,-177.38584952569065,-0.05374132671470072,-0.03270981190158708,-0.01341742442616491,-0.02297099029195745,0.07198089844411654,0.032246950984100624,,
16.701390000000004,-8.56910242297086,8.636922977184794,-177.14543223513292,0.0,0.0,0.0,-0.035274107435074774,0.07554445124835246,0.03860466227047258,,
16.71085099999999,-8.386562109151978,8.27828880796574,-176.88570187548666,0.0,0.0,0.0,-0.04372139900477092,0.081701347684326,0.04191266091608428,,
16.720353999999986,-8.209116339570452,7.936427815428409,-176.6321573726474,-0.003390423852697604,-0.003987098139630022,0.025958012747123536,-0.04784391256353108,0.08133753034466315,0.04103784928226867,,
16.72992099999999,-8.034446227711447,7.631843099115582,-176.39772364590982,0.024897442769161084,0.029246023964942677,0.03705933332174187,-0.05042013440435262,0.07700195388632734,0.037475193724234364,,
16.739427999999975,-7.894961859361212,7.332482650032481,-176.18635244153612,0.024245282114121768,0.05164127746816019,0.010533719206383706,-0.04778183353126539,0.07549435274186968,0.03396662861382681,,
16.748947999999984,-7.785840561805018,7.039446249707814,-175.9896107226933,-0.005338506803959864,0.061384747139768187,0.008360210894629277,-0.044498155300094745,0.07153928766258057,0.03195352836437433,,
16.758411999999964,-7.709991066043471,6.768744250472948,-175.79656224914595,-0.005950634655279098,0.06644500301883301,0.008967426055631654,-0.039439020605374346,0.06541876471777308,0.03213225995352082,,
16.78693899999996,-7.590994497277605,5.934307977457803,-175.13919908657775,-0.005676730612966067,0.057378148522911475,0.0076421299689902284,-0.02912534538969497,0.05971331133427836,0.04108186823342266,,
16.796486999999956,-7.549123887277215,5.670742404373566,-174.91751251497027,-0.0047218752519196504,0.04622332727494906,0.006126958014495206,-0.02876294780007519,0.06066400849666589,0.03889425744472747,,
16.80600499999997,-7.493114390735099,5.417646505505459,-174.73422012818017,-0.0034212749322720336,0.03267596895444193,0.004301736532408233,-0.02907226915499048,0.06178079999222921,0.03097442682189312,,
16.815471000000002,-7.437589534811735,5.192688555992103,-174.61855565561493,-0.002899186656902414,0.027316231214050305,0.003571045798952335,-0.028088449860195094,0.06012339514022184,0.017495645227028574,,
16.825027999999975,-7.3792411677130545,4.990558802508812,-174.5805546726233,0.027196275258492768,0.002580117697817558,0.002385513457458604,-0.027375035688052992,0.057360424139036095,0.0019422324709973892,,
16.834541,-7.334698314568355,4.798893323939153,-174.61170794803976,-0.0027974579592233845,0.02659258241425012,0.0034295818646071035,-0.0254344206196357,0.053658099679484296,-0.011613840919415445,,
16.844043999999997,-7.300104303535198,4.619084840339625,-174.68302894977867,-0.003408050843792556,0.03293384836577662,0.004227512553146151,-0.024816847900873473,0.04705392521716863,-0.019448740915153584,,
16.86302999999998,-7.265824880985257,4.261121324935028,-174.7731619312348,-0.04983171078295802,0.04774307379373993,-0.02808692528540336,0.0,0.0,0.0,,
16.87254200000001,-7.263205198866268,4.083984477391405,-174.71442378315666,-0.061473113172885695,0.04172238999617285,0.0019358841956955022,0.0,0.0,0.0,,
16.882090000000005,-7.273279763870959,3.927633671911384,-174.56973741597028,-0.0536190373770923,0.0360469135811996,0.0018092747281618052,0.0,0.0,0.0,,
16.891603999999973,-7.285965806111235,3.7923266497206076,-174.35927684647908,-0.04022943793052552,0.02107561142574673,0.026231035585936608,-0.01122197437240869,0.03109859178752604,0.03776027793692037,,
16.901071,-7.299837852113909,3.6919999476571266,-174.12643933200266,-0.0021493155804611333,-0.005653931313044736,0.04210056754828812,-0.006582270558453718,0.02951079489022617,0.04225713140150967,,
16.910619999999994,-7.3109350214111615,3.6172525326019085,-173.92019611691472,-0.0022489908138156197,-0.006143591780311687,0.0456685976936508,0.0,0.0,0.0,,
16.920133999999962,-7.308952585691782,3.5494785364117116,-173.78450441706892,1.719666735581181e-05,-0.04102139586562788,0.07132446234579386,0.0,0.0,0.0,,
16.929610999999966,-7.298620215560382,3.496312941799021,-173.7468952102613,0.002102604819317276,-0.052408313441113165,0.05922052171870192,0.0,0.0,0.0,,
16.939143,-7.247623522396092,3.4412763665446406,-173.80757597811157,0.0035827326248424316,-0.06071341920471578,0.04967579835508459,0.0,0.0,0.0,,
16.948613999999964,-7.151622633853525,3.3726426439438617,-173.94216844677183,0.0039641293977734455,-0.057402026350022936,0.035902021041607654,0.0,0.0,0.0,,
16.958140999999955,-7.020598938436073,3.3019417081842115,-174.1088216607649,0.00401717195923262,-0.03640119017560328,-0.004502403699495129,-0.025258115449442498,0.019917821599785196,-0.039443950361712214,,
16.967689000000007,-6.8562441172823405,3.235361731051807,-174.25936937389397,-0.03232521936179482,-0.003249638896723442,-0.0018364839999738096,-0.036108745063075855,0.01565578041394034,-0.03659284418820429,,
16.977157999999974,-6.682270192834279,3.1695995943508883,-174.35361836386718,-0.03967920428553956,-0.003923012188722641,-0.0022080065397767543,-0.043870942216182464,0.013202644967574314,-0.02542063114782458,,
16.986711999999955,-6.517654810962512,3.1206986734224342,-174.36923852084396,-0.035545025705333244,0.030202412439093208,0.0020710345061737885,0.0,0.0,0.0,,
16.996173999999996,-6.3726900935080595,3.089508081908103,-174.30710681721385,-0.005219929271769548,0.04935130007804087,0.005534407209607839,0.0,0.0,0.0,,
17.00572699999998,-6.257252839808441,3.066865484833138,-174.1904300273649,-0.006071947104285247,0.05639115632687129,0.006209786493665084,0.0,0.0,0.0,,
17.015197,-6.185403200721449,3.057886666493504,-174.0588587817193,0.019521886466633415,0.05175974920654922,0.03626228991257065,0.0,0.0,0.0,,
17.024719000000005,-6.165724827979468,3.072980917098755,-173.9583589109344,0.05946738350871538,0.029417431134167855,0.05257989300112867,0.0,0.0,0.0,,
17.034232999999972,-6.235405456276204,3.061137736703659,-173.94109704958655,0.05284022478197197,0.00560865988127199,0.0028416540350941206,0.0,0.0,0.0,,
17.04373099999998,-6.321925829537915,3.045481889344339,-174.04166005332894,0.04555443706194181,0.001341807290437984,0.03309841159564045,0.0,0.0,0.0,,
17.053286999999955,-6.463190442656816,2.974236704675647,-174.26681491680276,0.026544347401674502,-0.0013151534191632975,0.03637092729416589,0.02188685333620384,0.0354564564506571,-0.048233448583314104,,
17.062752999999987,-6.63231240434534,2.8095343896419394,-174.58514972239706,-0.0033184045301693074,-0.010561243914190326,0.08762557960354961,0.02590262110953303,0.049742024009829466,-0.06661487802565276,,
17.072315000000003,-6.820199765170988,2.622626571759418,-174.94974459578572,-0.003328196036502407,-0.011694628334234415,0.09485217229570297,0.02824488860684858,0.05311462065636199,-0.07573955418943416,,
17.081778999999983,-7.030158809470156,2.476156216422084,-175.30194555407735,-0.0035458304921006443,-0.013603523609167188,0.10748563189230169,0.03288638070361643,0.04547381301885791,-0.07310762224942102,,
17.091282999999976,-7.246405368839333,2.3785666567518846,-175.58466468056093,-0.0036235613154842433,-0.014908432891346466,0.11460788608481905,0.03515499372407466,0.03564445891619907,-0.05917654046484052,,
17.100743999999963,-7.4793179638124165,2.355727696803587,-175.7626124635239,-0.003232093477872127,-0.013837408933670555,0.10320507146931594,0.039737612481512696,0.020838514850116334,-0.0380563639689343,,
17.11035499999997,-7.68638138299032,2.3857744195974506,-175.82943867527925,0.0018506664727194978,-0.05980004302584017,0.06008198905947713,0.04825195756407351,0.0056836303972410355,-0.0159856414380119,,
17.11981499999996,-7.877350033107336,2.4154636216436396,-175.81535924519488,-0.02434708709892174,-0.09346826825429991,-0.013975094532556586,0.05317063509783201,0.004183214107366821,0.00013632021932385513,,
17.129367000000002,-7.977231968336121,2.3950120846232554,-175.78875092139887,-0.05113136264694728,-0.12985773684120372,-0.020169442212353048,0.0,0.0,0.0,,
17.138851999999986,-8.003382130513847,2.349066590989752,-175.8297453473238,-0.04712649807530167,-0.13457036972325281,-0.020733798097574054,0.0,0.0,0.0,,
17.148405999999966,-8.007638607595835,2.2224948735546928,-175.98655355418288,-0.021442666276932896,-0.09711953851654077,0.015481560785792997,0.01387389922637592,0.033458943447848714,-0.035607066271138896,,
17.16742499999998,-8.077663251612828,1.8206380716470805,-176.68440088736227,0.05619645561744948,-0.009910554897522073,0.09442619163574206,0.006450451936805422,0.06263333375431591,-0.08590621508564819,,
17.176833999999985,-8.241940736784377,1.606520264135704,-177.17119407089947,0.08839630540336899,0.05480897393245918,0.09829504977174548,0.02440139030260688,0.057545236359064625,-0.10057325829563123,,
17.186374,-8.534391848763562,1.4397510655321897,-177.6603201686457,0.05837184430477696,0.07767171567243755,0.14619482801956718,0.050940819453641976,0.049039069655518346,-0.1003831940731482,,
17.195900999999992,-8.968394999728515,1.3623047450978334,-178.0770396544513,-0.005904981870998199,0.08483197467223884,0.1284654713300099,0.08029832478381332,0.03183824116650402,-0.08521264896691905,,
17.214981999999964,-10.138495421599192,1.276592513465038,-178.4500475471864,-0.12933694157921,0.018409749863804694,0.09170823299431277,0.11591686874935704,0.009078986627484263,-0.020041012780265283,,
17.224440999999956,-10.72358090745214,1.169742456445207,-178.36741888140781,-0.1637559637325128,-0.019614354976080994,0.07555759521873731,0.11927757424073164,0.004342296876407427,0.01536451138974285,,
17.234000999999978,-11.227840886292022,1.0823549400695913,-178.14730834379077,-0.15184996968552644,-0.10564854652492092,0.031774008069952585,0.11700727085759625,0.0014897540636699769,0.04251148358421761,,
17.243510999999955,-11.64067208371344,1.0132619073241098,-177.85380567549913,-0.12609124560771337,-0.14295722839011132,-0.03078492714703195,0.10879498516357225,0.0020079248207346195,0.0568706226567664,,
17.253017,-11.91132122456522,0.9932854178639147,-177.56379534399417,-0.08655537013075322,-0.18313694195586597,-0.03945977489517019,0.08973085895816509,-0.00012541982426268682,0.05574127011201435,,
17.26248899999996,-12.075734162946937,1.0259584165390925,-177.3443148239158,-0.044334472307631184,-0.1792788450556522,-0.08024500566501122,0.06980074465578068,-0.002347543233967298,0.04134212051537508,,
17.271996,-12.145864049894211,1.0839999959515585,-177.23018731419074,-0.019260909147849142,-0.16627900805288273,-0.03606667381086287,0.046152995885198174,-0.0021534438446192817,0.019964238473478984,,
17.28155399999997,-12.160042489462784,1.163076103027879,-177.22553698777023,0.0066882187729772,-0.1265596100673599,-0.027302948929383255,0.0,0.0,0.0,,
17.291066999999998,-12.17554138438634,1.2785646820180412,-177.30667428962656,0.003756684367574861,-0.05789782014838866,-0.046234903046004895,0.0,0.0,0.0,,
17.300523999999996,-12.189745338097868,1.4325600579755313,-177.42277022880603,-0.026922925184104923,-0.0012118414217867281,-0.0006739729481843214,0.0,0.0,0.0,,
17.310088000000007,-12.268975421296105,1.626330447583477,-177.52139347122753,-0.0456910630950576,0.04819331831179262,0.009667915712316559,0.0,0.0,0.0,,
17.31959599999999,-12.404391660586425,1.871589000336931,-177.5617138902707,-0.06421433555121374,0.08882930571965396,0.01815849864256672,0.0,0.0,0.0,,
17.329058999999972,-12.607329672390561,2.194984608122275,-177.52493642401754,-0.060600067228728266,0.10937482894781618,0.022904230687387273,0.011983280235587,-0.06295922938405918,0.005560624891167561,,
17.338572999999997,-12.891276717522567,2.5859107192040667,-177.41757720299267,-0.04875609344106481,0.13115488225048053,-0.003970475507902408,0.025068209098951248,-0.07327618345834318,0.02061888626473574,,
17.34813399999996,-13.20681929908463,3.052512369920612,-177.27186121933215,-0.006904060576499607,0.11471683417083689,0.026929337501212815,0.0359070793810442,-0.08252931333895124,0.02907207954930292,,
17.357643999999993,-13.57888308814033,3.6014853720707345,-177.14324377869625,-0.006773873022569483,0.10401684496054733,0.025124351330611253,0.0495728125606313,-0.08993290632461874,0.026917097125124908,,
17.367144999999994,-13.981460601311507,4.201303842146933,-177.09445399582975,0.054845341360926524,0.0997161722057177,-0.00955554309235995,0.05799995124233693,-0.09039231450288222,0.012172787208847359,,
17.37665499999997,-14.396291388700599,4.810589882116939,-177.1854624491865,0.07967718857469483,0.07664997231448586,0.025727174342067546,0.06465812101067019,-0.08650923699491458,-0.01468493876140593,,
17.38619,-14.855421656716572,5.419223173544941,-177.45891673240592,0.09841842987976197,0.08332220799729412,0.0041716839087560685,0.07292281940940043,-0.08240049009648268,-0.04945958591145575,,
17.395639999999958,-15.346713317175697,5.990197930451703,-177.91518505711292,0.0939297236040233,0.0775857338662137,0.030598654568090772,0.07974441670860893,-0.07649681007192731,-0.0843953288170641,,
17.405153999999982,-15.895974275791485,6.497584118727182,-178.5211567542888,0.06782370926490397,0.08636211020791516,0.03221930231150232,0.08917071032391245,-0.070407430462162,-0.1121095397559947,,
17.414668000000006,-16.488844294220442,6.950463076155334,-179.21375395841616,0.02889704177319458,0.07705614364883295,0.06064435027664711,0.09809042897962009,-0.0686152730281817,-0.12743605634478886,,
17.42422499999998,-17.137469667563536,7.366885153075286,-179.91694949096188,-0.0071261955207360715,0.06838268534720998,0.054351347825962376,0.10977578046026971,-0.06926380334238799,-0.12718106329633988,,
17.43372499999998,-17.80210754999805,7.747478345203169,179.44273432523624,-0.00791498798003555,0.05207100340032208,0.06189712572821377,0.1154348192475684,-0.06965701345290838,-0.11317485629733708,,
17.443232999999964,-18.418222856713758,8.115588144120629,178.9123718103101,-0.05197603866328792,0.02066276443398899,0.05828625901440698,0.11168778051773387,-0.07252365498762053,-0.0915300649385716,,
17.452759999999955,-18.980402081097587,8.50471455675835,178.50634663966133,-0.03948774232214209,-0.019310430397084678,0.05394725225739168,0.10473074614176803,-0.0749046665199479,-0.06726661262030241,,
17.462229999999977,-19.442933219217988,8.894507882041536,178.22487121647518,-0.011382736595555382,-0.023940822965034986,0.06796053604379598,0.08797155178097771,-0.06781185946765089,-0.04447706970309629,,
17.471781999999962,-19.775513563537803,9.248534234962936,178.0505884557665,0.03186945204940074,-0.025503215854836676,0.07409837483547511,0.06519573341709353,-0.052420426511932884,-0.02645447696000283,,
17.481254999999976,-20.013583537327776,9.58235436802954,177.94167961425532,0.07563245499649822,-0.015921806341271483,0.049595634404873835,0.043916561039792704,-0.03846973387475348,-0.01604214336130672,,
17.49079899999998,-20.168123481140416,9.898705926426468,177.86982830136117,0.10767894493596532,-0.004005188256093815,0.018803472206435662,0.0,0.0,0.0,,
17.50030899999996,-20.249926678323007,10.162572417468908,177.829097510991,0.09042134444227941,0.022555542035502522,0.02577507101525367,0.0,0.0,0.0,,
17.509828999999968,-20.32866096904241,10.431091162235397,177.81645772843675,0.07761002263594567,0.047966990797247,0.033111056809696504,0.0,0.0,0.0,,
17.519337000000007,-20.373762550580533,10.679930825004673,177.86237108889802,0.05440737136490915,0.06058929837869192,0.033476338502839514,0.0,0.0,0.0,,
17.528841999999997,-20.381512721547388,10.863972287328076,177.98639900056838,-0.0023664472835895206,0.06803844854233512,0.024779565337978208,0.0,0.0,0.0,,
17.538344999999993,-20.368319519984684,11.038454038900277,178.1710075975044,-0.002762562912550363,0.07071839013603323,0.025724419798041274,0.0,0.0,0.0,,
17.547818000000007,-20.315641899278567,11.184671498367015,178.39614955232815,-0.002813859549566459,0.06435372513826819,0.023334871487417277,-0.028022927303929718,-0.013485642019745024,0.040853046834667346,,
17.557522000000006,-20.270125522032433,11.293992595632405,178.62629652286364,-0.0030347510163024768,0.062877335315429,0.022739190468496057,0.0,0.0,0.0,,
17.566885999999954,-20.220256138751772,11.381875617683155,178.82761035289377,0.02603146247227691,0.045480138032130635,0.05337271041276755,0.0,0.0,0.0,,
17.576397999999983,-20.190251717809254,11.467048999017795,178.97607369274706,0.04129908230100755,0.04814223958524596,0.026540016939157245,0.0,0.0,0.0,,
17.585860999999966,-20.17692854361043,11.545333823716422,179.07818649713084,0.042995430005789564,0.043670292154050654,0.025274588510361483,0.0,0.0,0.0,,
17.59538299999997,-20.15166275745232,11.624557385735471,179.1528877153544,0.02428030977684734,0.02483501029531326,0.042378969731261484,0.0,0.0,0.0,,
17.60487599999999,-20.109062574893173,11.730452604909447,179.22125777315424,-0.0016178212815567982,0.026616530430258738,0.009532751154070944,0.0,0.0,0.0,,
17.614449999999977,-20.023366956945505,11.853733517122963,179.30932644992714,0.0,0.0,0.0,0.0,0.0,0.0,,
17.623947999999984,-19.88637842023177,11.981074583031054,179.4280401208412,0.0,0.0,0.0,0.0,0.0,0.0,,
17.63346999999999,-19.69917511641361,12.118381327513466,179.5644555260854,-0.02566746789970928,0.000195119766897133,-0.0055114011103427445,0.0,0.0,0.0,,
17.64296300000001,-19.467254877949014,12.256743004163926,179.699951944232,0.0,0.0,0.0,-0.04736562980545689,-0.01860924846938196,0.01486827874993285,,
17.65248299999996,-19.210977426825313,12.366925981390873,179.81193691998092,-0.005646908826847868,-0.009120140366061284,0.02561782459179872,-0.051652942258510415,-0.012655012287631894,0.008952515957127715,,
17.661947999999995,-18.944798096663643,12.453844376905304,179.88201940771884,-0.006990797989955205,-0.011076402452089525,0.031550763647039154,-0.054174942836591515,-0.006143625389105859,-2.345739459390661e-05,,
17.67151100000001,-18.683331273359446,12.524519237867823,179.90712502194265,-0.006087949542857301,-0.009459480083231804,0.027336397755060214,-0.05532923879810982,-0.00030355587648293566,-0.00896942993784801,,
17.681024999999977,-18.429978170074566,12.577588132887122,179.90244462605722,-0.00688859484145926,-0.010502413701296396,0.030794333573283237,-0.05582072669559608,0.004055212862719699,-0.01470106340856511,,
17.690531999999962,-18.185231957427774,12.631491387929326,179.8909257148653,-0.009691629379009995,0.014339937479340299,0.043367928544027934,-0.055980381748091654,0.004095252351751545,-0.015803210346672654,,
17.700000999999986,-17.942864624270285,12.707099956734112,179.89699667441806,-0.00992269445084703,0.019741306015212002,0.044162360129726255,-0.05663747476909899,0.0002321900203334096,-0.012297303377998794,,
17.70950899999997,-17.692648435636247,12.802668645495348,179.94186232237027,-0.012432154999856133,0.014146492181334368,0.05477167902820696,-0.05693148374387707,-0.004224194273442329,-0.005015360900091928,,
17.719063000000006,-17.438369485967396,12.91734762871624,-179.96967207340995,-0.010924661705965436,-0.01536809976595039,0.04766876185066694,-0.05626549239186468,-0.008644841368619325,0.0033737312745669933,,
17.728526999999985,-17.179717940552734,13.04488324896714,-179.8463011257799,-0.010048678597748748,-0.013841624010412489,0.04353067849641226,-0.055072675631771324,-0.011883029472396462,0.009990717689046835,,
17.738035999999965,-16.913676299163892,13.16827182183326,-179.7061490864847,-0.010255009827758295,-0.013835740345327564,0.044134333962797555,-0.053429808066547214,-0.01251535866040857,0.01283678237583153,,
17.747550999999987,-16.65105472272516,13.285664549224448,-179.57595766651724,0.0,0.0,0.0,-0.05148239582303539,-0.011107462518462933,0.01081950621560521,,
17.757098999999982,-16.383685781665125,13.382342159159215,-179.4769398223817,-0.006102277635326488,-0.007898987899328287,0.025951773342395092,-0.05078162674759654,-0.0074847189911010055,0.0041953622298635425,,
17.77612899999997,-15.881493406186408,13.507789950332711,-179.41993352804752,-0.008946353574823438,-0.011124842100465455,0.03770887225318611,0.0,0.0,0.0,,
17.785612999999955,-15.660164814395703,13.539495249730107,-179.45591375577484,-0.010253836353173396,-0.012517982174035111,0.04307268485883375,0.0,0.0,0.0,,
17.79515299999997,-15.463637221526511,13.56738371783843,-179.51458101078865,-0.012253077347180548,-0.014700250813893891,0.051288856827023485,0.0,0.0,0.0,,
17.804651999999976,-15.296970208278394,13.60229814187655,-179.57480787338045,-0.015081356497863404,-0.017804988820320385,0.06287226396658638,0.0,0.0,0.0,,
17.814163000000008,-15.158950441315366,13.65580220005182,-179.61618869832407,-0.014466011703678554,-0.016826810368935845,0.06000414445601365,0.0,0.0,0.0,,
17.82363399999997,-15.035280636321929,13.725186341766214,-179.62518973698297,-0.01410091993823744,-0.01617577334365826,0.05816600201466853,0.0,0.0,0.0,,
17.833154999999977,-14.926766397619645,13.8092280623685,-179.60031051935997,-0.01253637346361473,-0.01419927571723332,0.05140525290231791,0.0,0.0,0.0,,
17.842667000000006,-14.825601380093351,13.900133868780586,-179.550469881145,-0.010741747090044858,-0.01202364404919992,0.043784797125186924,0.0,0.0,0.0,,
17.852203999999972,-14.723262708440682,13.987716073983874,-179.49118672497207,-0.01038674105493467,-0.01149516293947806,0.04210517968334441,0.0,0.0,0.0,,
17.86168399999997,-14.619105945811107,14.062187416318775,-179.44150658312327,-0.008474296102983206,-0.009276948151638709,0.034191471770995824,0.0,0.0,0.0,,
17.871234999999956,-14.510593477449568,14.120127066682409,-179.41515957768974,-0.008229224746810584,-0.008910963538678991,0.033073145688561546,0.0,0.0,0.0,,
17.880755999999963,-14.409225122760994,14.163156232730614,-179.42073496074127,0.021326600788981822,-0.007517020854337312,0.03640089211222597,0.0,0.0,0.0,,
17.890255999999965,-14.316555370861112,14.190339584307603,-179.45611490945325,0.024553709013438927,-0.008287532648644598,0.04062514564782578,0.0,0.0,0.0,,
17.899734999999964,-14.241586375933348,14.209284847991498,-179.5110263585986,0.024708304747694466,-0.008988677775431034,0.04362493748072073,0.0,0.0,0.0,,
17.918746,-14.169243579700156,14.23485751991494,-179.61513012495686,-0.014930114466146163,0.03751429245383283,0.05785801155374338,0.0,0.0,0.0,,
17.92829899999998,-14.175457147715449,14.247676222720925,-179.6352413541745,-0.01663555665454506,0.04400886729003863,0.06440911439076534,0.0,0.0,0.0,,
17.937756999999976,-14.215662169792994,14.260207583568688,-179.62892552144342,-0.01474278722099904,0.04680877745399055,0.05681255005715624,0.0,0.0,0.0,,
17.95683600000001,-14.366160287523286,14.270276416892017,-179.5635558998929,-0.009326262936345643,0.029581931535829616,0.03578084543530459,0.0,0.0,0.0,,
17.96635299999997,-14.465045977594489,14.26273628641173,-179.53035967005545,0.0,0.0,0.0,0.0,0.0,0.0,,
17.975856999999962,-14.564078416027694,14.243954584522221,-179.51385546243887,0.0,0.0,0.0,0.0,0.0,0.0,,
17.985379999999964,-14.652599791067088,14.213741218518242,-179.518424268536,0.0,0.0,0.0,0.0,0.0,0.0,,
17.994844999999998,-14.717023631767555,14.174400631656257,-179.5432693930851,-0.0070990216904532315,-0.007737469308500577,0.028351178354217854,0.0,0.0,0.0,,
18.004358999999965,-14.755269230305068,14.134542323141456,-179.5805096154534,-0.009769641343889027,-0.01069280496847224,0.03910540588142064,0.0,0.0,0.0,,
18.013901999999973,-14.76939998179005,14.104620928842364,-179.61955640671127,-0.01082578730332572,-0.011869051426186557,0.04339725728641607,0.0,0.0,0.0,,
18.02336600000001,-14.765076246609913,14.093801145377952,-179.64796390341493,-0.010238199778449208,-0.011218671334648125,0.04105242850139405,0.0,0.0,0.0,,
18.032880999999975,-14.74916172778898,14.107117949132546,-179.65613991111005,-0.008532805394038764,-0.009328090019604812,0.03417481514141935,0.0,0.0,0.0,,
18.042434999999955,-14.726247454582058,14.14127214465737,-179.63854610749516,0.0,0.0,0.0,0.0,0.0,0.0,,
18.051887999999963,-14.696674274804188,14.181077488365597,-179.59854094041555,0.0,0.0,0.0,0.0,0.0,0.0,,
18.061405999999977,-14.660999669274895,14.215491339115298,-179.5461005497212,0.0,0.0,0.0,0.0,0.0,0.0,,
18.070964000000004,-14.614984546509708,14.235356387448398,-179.49401495322687,0.0,0.0,0.0,0.0,0.0,0.0,,
18.08047799999997,-14.567942494840239,14.236187757551571,-179.45637099755413,0.0,0.0,0.0,0.0,0.0,0.0,,
18.08998399999996,-14.523499775626727,14.218450497153393,-179.44221516560327,0.0,0.0,0.0,0.0,0.0,0.0,,
18.109005999999965,-14.466642369838366,14.16766806830907,-179.48933521136811,-0.010859997161884311,0.02016284317893674,0.04230677482263352,0.0,0.0,0.0,,
18.118517999999995,-14.460005258806811,14.145886663309362,-179.53139922994177,-0.0151632497118219,0.027816617423089458,0.05925879364982936,0.0,0.0,0.0,,
18.127984999999967,-14.464702943742463,14.135766037707405,-179.56699113621298,-0.018952054621693522,0.030496064556332053,0.07433517614191557,0.0,0.0,0.0,,
18.13754499999999,-14.477652928451409,14.146842881717323,-179.58473336906766,-0.01983542354789158,0.028574079570112022,0.07787206207776574,0.0,0.0,0.0,,
18.146995000000004,-14.49590979044913,14.174159225575611,-179.57996714875398,-0.01764737464206298,0.022526547463051716,0.0692185026633983,0.0,0.0,0.0,,
18.156564000000003,-14.517033565723091,14.2191468744769,-179.55791838364527,-0.012195649625574805,0.015382672557632596,0.04765927548683855,0.0,0.0,0.0,,
18.166070999999988,-14.533712809912174,14.271422261728398,-179.52666076900354,0.0,0.0,0.0,0.0,0.0,0.0,,
18.175587000000007,-14.542054974184898,14.31822564202032,-179.49707717045757,0.0,0.0,0.0,0.0,0.0,0.0,,
18.185091,-14.540251322225958,14.344054494003958,-179.48042591845618,0.0,0.0,0.0,0.0,0.0,0.0,,
18.194613000000004,-14.525502591999025,14.343126352551582,-179.4837004682276,0.0,0.0,0.0,0.0,0.0,0.0,,
18.20411899999999,-14.500545315874431,14.314178059364606,-179.50839902470906,0.0,0.0,0.0,0.0,0.0,0.0,,
18.213584999999966,-14.466852458576376,14.267780735745482,-179.54851564351276,-0.009361995139244893,-0.009956511610224919,0.03712242757594744,0.0,0.0,0.0,,
18.223096999999996,-14.437249895979148,14.222542106822505,-179.5957982228547,-0.010939400832733513,-0.011626171732759302,0.04348320166777569,0.0,0.0,0.0,,
18.232612999999958,-14.422301525641943,14.197892334237736,-179.63810129908848,-0.011949699706247742,0.013480090656955868,0.046894579146009654,0.0,0.0,0.0,,
18.24211299999996,-14.422048722264714,14.19851334158347,-179.66383456976592,-0.010609991816816251,0.01744101118241472,0.041529687803050476,0.0,0.0,0.0,,
18.25166999999999,-14.434124316708923,14.225264311801476,-179.66646127742726,-0.008761869426370025,0.01670050716542061,0.034178398813516545,0.0,0.0,0.0,,
18.261150999999984,-14.445373157909957,14.2669116568213,-179.6433820971178,-0.006406140729618378,-0.0067802626660309175,0.025358542996790783,0.0,0.0,0.0,,
18.270650999999987,-14.450184048265754,14.310003095183802,-179.60351479604748,0.0,0.0,0.0,0.0,0.0,0.0,,
18.28020699999996,-14.445460432725053,14.347123203807625,-179.5598590447319,0.0,0.0,0.0,0.0,0.0,0.0,,
18.28967799999998,-14.427254268086267,14.373811959390395,-179.52586294549823,0.0,0.0,0.0,0.0,0.0,0.0,,
18.299229999999966,-14.399416191393684,14.38652675847349,-179.51205697493413,0.0,0.0,0.0,0.0,0.0,0.0,,
18.30869100000001,-14.366492673555138,14.385769163227735,-179.5222846697123,0.0,0.0,0.0,0.0,0.0,0.0,,
18.318200999999988,-14.330906789377115,14.37368543126859,-179.55186086109705,-0.0073112343489657545,-0.00764276761765586,0.02876215791444041,0.0,0.0,0.0,,
18.327720999999997,-14.297771434257083,14.351942807970149,-179.58967865707422,-0.010916861205159896,-0.011386202036764267,0.042984502515289714,0.0,0.0,0.0,,
18.346790999999996,-14.2519793057671,14.317411501594387,-179.63931004680882,-0.017061217266655465,0.029421186052718405,0.066121921779332,0.0,0.0,0.0,,
18.35629399999999,-14.249123622508403,14.322455228102966,-179.63412064992795,-0.015164457989742034,0.03247146107109568,0.0585819057260706,0.0,0.0,0.0,,
18.365770999999995,-14.263973782398688,14.34164750417769,-179.6089960564581,-0.011640463356706394,0.030089652148933582,0.044724861918108275,0.0,0.0,0.0,,
18.375267000000008,-14.291453759666034,14.369167249390054,-179.57143848596007,-0.008471921677164866,0.021804926461803726,0.03243226522116559,0.0,0.0,0.0,,
18.384777999999983,-14.324397179936135,14.393826164044548,-179.53458336141398,0.0,0.0,0.0,0.0,0.0,0.0,,
18.394288999999958,-14.354609040462886,14.403442894412724,-179.50910724708888,-0.006207607497842184,-0.006496841496794795,0.02438685412605744,0.0,0.0,0.0,,
18.403853999999967,-14.375565777599217,14.39824565772045,-179.50474804738138,-0.007734441595109489,-0.008111254440561199,0.03039946432826103,0.0,0.0,0.0,,
18.41332399999999,-14.385422877914847,14.384244259574334,-179.52457920437615,-0.008482016143782694,-0.008903931937525032,0.03335996344486225,0.0,0.0,0.0,,
18.42287399999998,-14.388925143518403,14.371092107997221,-179.564826414552,-0.007830589263576153,-0.00821799459022845,0.030804864505198808,0.0,0.0,0.0,,
18.432390999999996,-14.387001685806116,14.367984890011716,-179.6128050802388,0.0,0.0,0.0,0.0,0.0,0.0,,
18.441859999999963,-14.37967506910099,14.380816462772783,-179.65355290129762,0.0,0.0,0.0,0.0,0.0,0.0,,
18.45140299999997,-14.361756770263467,14.402995596322251,-179.67265585886918,0.0,0.0,0.0,0.0,0.0,0.0,,
18.460929999999962,-14.328961871039965,14.42935679148151,-179.66197246099097,0.0,0.0,0.0,0.0,0.0,0.0,,
18.479900999999984,-14.223356490841791,14.47405790129013,-179.56798794128258,-0.006598997553697387,-0.006793934169331945,0.025761894817307472,0.0,0.0,0.0,,
18.48940699999997,-14.164221996354312,14.484536929632668,-179.51050240409765,-0.00737184288106084,-0.007566540893711505,0.028785762634837165,0.0,0.0,0.0,,
18.49895399999997,-14.112970687247088,14.48443525397506,-179.46760999984022,-0.0088415030663109,-0.009054413277698419,0.034550110789062324,0.0,0.0,0.0,,
18.508463000000006,-14.081322689513117,14.470524030433683,-179.45139451288995,-0.012651598965010986,0.018368717735211672,0.048340372492244786,0.0,0.0,0.0,,
18.517980999999963,-14.076070062846888,14.444728300821755,-179.46547608862784,-0.01468701509805461,0.023944357727893724,0.056147650932040404,0.0,0.0,0.0,,
18.527447999999993,-14.1004615980835,14.412084155420313,-179.50541909618806,-0.015840076633382258,0.0285915922781137,0.06067636853612928,0.0,0.0,0.0,,
18.53701000000001,-14.14982278195205,14.377775751409564,-179.55796956816363,-0.015589771171071532,0.029140814579954693,0.05993725095733953,0.0,0.0,0.0,,
18.56549100000001,-14.363609847998433,14.343926484199436,-179.64478605421533,0.0,0.0,0.0,0.0,0.0,0.0,,
18.575049999999976,-14.41647035166109,14.362869681770006,-179.625773535852,0.0,0.0,0.0,0.0,0.0,0.0,,
18.58450799999997,-14.437267864887852,14.387684065851465,-179.58870351522648,0.0,0.0,0.0,0.0,0.0,0.0,,
18.594026999999983,-14.425683930999982,14.409284303660138,-179.54822673719116,0.0,0.0,0.0,0.0,0.0,0.0,,
18.603582999999958,-14.38395041859022,14.423831160604811,-179.51963994215185,-0.006791819064955699,-0.00711096119019778,0.02663764932443153,0.0,0.0,0.0,,
18.613049999999987,-14.322644757432409,14.433564579341265,-179.51304473004276,-0.007797372311227395,-0.008123956430596602,0.03056223514788087,0.0,0.0,0.0,,
18.622600999999975,-14.257571193156705,14.440083982032036,-179.53280181035055,-0.007981645195591695,-0.00826716875453965,0.03125717150790096,0.0,0.0,0.0,,
18.632113000000004,-14.201129731300098,14.447612815277058,-179.57315156505507,-0.00724231820952989,-0.007456105995311531,0.028324786396322865,0.0,0.0,0.0,,
18.641587999999956,-14.159027296143721,14.458066256309992,-179.62039377641918,-0.006695743858788439,-0.006855913382754713,0.026144510741509953,0.0,0.0,0.0,,
18.651130999999964,-14.130969148829228,14.472496446668009,-179.65698661635767,-0.00812791492600906,0.018534577415890405,0.03106019936020024,0.0,0.0,0.0,,
18.660595,-14.11151939232858,14.490113641014585,-179.66932105348036,-0.008792661446603608,0.021768641518857077,0.033536206777933536,0.0,0.0,0.0,,
18.670102999999983,-14.099136238995051,14.510916555280392,-179.65369143564942,-0.009311533442093322,0.022510458390706846,0.03545041018815026,0.0,0.0,0.0,,
18.679624999999987,-14.089978939201846,14.531728287151351,-179.6136803372036,-0.00904720639670991,0.019945329812601505,0.0343835963275822,0.0,0.0,0.0,,
18.689120000000003,-14.083294126234852,14.549749181454978,-179.56305312618056,-0.007105732115898337,-0.007204954966017996,0.027588643449582593,0.0,0.0,0.0,,
18.698632999999973,-14.080281763895858,14.563207643273167,-179.51775376529275,-0.007884591714211735,-0.007998320162379065,0.030607345238261204,0.0,0.0,0.0,,
18.708140999999955,-14.08455171301661,14.56388517910499,-179.49090331789608,-0.008475787343802237,-0.008608432985675301,0.03291645129380078,0.0,0.0,0.0,,
18.717659999999967,-14.09707361382357,14.54954432171556,-179.4907335867374,-0.010526907666947282,-0.010711939449815034,0.0409250540777918,0.0,0.0,0.0,,
18.727168000000006,-14.120227602848667,14.524727674836427,-179.5153617863734,-0.01098083893143672,-0.011202048327684608,0.04274849439980632,0.0,0.0,0.0,,
18.73667599999999,-14.1491254356708,14.488075029209595,-179.55278280105438,-0.011302868447706236,-0.011568640992902952,0.044090625467371386,0.0,0.0,0.0,,
18.746196999999995,-14.181111601763874,14.454754094417707,-179.5900106200264,-0.010401604862551843,-0.010681455511534715,0.04064692344654386,0.0,0.0,0.0,,
18.755697999999995,-14.212854067462914,14.431846086103912,-179.61355431582982,-0.008523027950288654,-0.008779171591796689,0.03334790535439721,0.0,0.0,0.0,,
18.765218000000004,-14.239335872307391,14.422817883904788,-179.61483955433312,-0.0062525110143286985,-0.006456595853280226,0.024479938369841324,0.0,0.0,0.0,,
18.774721,-14.255850866062637,14.425796047533426,-179.59395723587937,-0.0061534485291231305,-0.00636534021471141,0.024096143801542298,0.0,0.0,0.0,,
18.784228999999982,-14.269450421082169,14.440272365366422,-179.56061805913018,0.0,0.0,0.0,0.0,0.0,0.0,,
18.793739999999957,-14.27219521084191,14.458398435769245,-179.52623307299237,0.0,0.0,0.0,0.0,0.0,0.0,,
18.80325899999997,-14.260171748144543,14.470740017034656,-179.50330595654927,-0.0067391438508048835,-0.0069742473441047215,0.026346630849354187,0.0,0.0,0.0,,
18.812768000000005,-14.240694748782127,14.476271789575382,-179.50241085785498,-0.008837883491198333,-0.009130044778895523,0.03453786062605096,0.0,0.0,0.0,,
18.822269000000006,-14.218765461627138,14.476802397507365,-179.52761577017048,-0.0094081588224341,-0.009694680799040869,0.03674784622278072,0.0,0.0,0.0,,
18.831794000000002,-14.201709748549504,14.475130538163784,-179.57304037445817,-0.008868739014779305,-0.009113968051042014,0.03461650406774939,0.0,0.0,0.0,,
18.84129999999999,-14.190920516280654,14.476920694452188,-179.62617255554096,-0.007694902509289147,-0.007885811185003594,0.03000214243176232,0.0,0.0,0.0,,
18.85081299999996,-14.183909492081494,14.483117428345333,-179.67073517141836,-0.00705685045266666,-0.007213944739655474,0.02748006705206088,0.0,0.0,0.0,,
18.86032,-14.17421878895216,14.494575299484273,-179.6905663896241,-0.006831657719651796,-0.006968540041066801,0.02657157452008511,0.0,0.0,0.0,,
18.869831999999974,-14.15715203733857,14.507993813407923,-179.6788324127579,-0.007069417229526993,-0.007198444485540561,0.027475187116433507,0.0,0.0,0.0,,
18.879343000000006,-14.134197915006885,14.52752839330346,-179.6396325679428,-0.006423030619776459,-0.006529549192230631,0.024944875011363162,0.0,0.0,0.0,,
18.88885399999998,-14.106946892425515,14.546883161859746,-179.58412915310043,-0.00647770801026056,-0.006576080217316933,0.025146437389515237,0.0,0.0,0.0,,
18.898370999999997,-14.078941034737882,14.564908479477756,-179.52837407030358,-0.007061081654982721,-0.007158748305774786,0.02740200253497632,0.0,0.0,0.0,,
18.907871,-14.057298617421495,14.578544947815498,-179.48980871179282,-0.007646575795743781,-0.007743264527985337,0.0296647270126849,0.0,0.0,0.0,,
18.917386999999962,-14.04352719976399,14.5802087532373,-179.47646281813326,-0.009287455658967367,-0.009398627629946012,0.036034317349269734,0.0,0.0,0.0,,
18.926897999999994,-14.043784456546213,14.56927502673078,-179.49096360212593,-0.010157138613535985,-0.010281258273426148,0.039429650586553,0.0,0.0,0.0,,
18.936406999999974,-14.056993355529485,14.551957024266835,-179.52693256834846,-0.010205249719882369,-0.01033912439998527,0.039641179214972476,0.0,0.0,0.0,,
18.945918000000006,-14.082614842988807,14.529439418074439,-179.57073581622723,-0.01002180131002915,-0.010172403102644454,0.038962433541146216,0.0,0.0,0.0,,
18.955430999999976,-14.11565522388001,14.51016996821768,-179.60705789342157,-0.009437826670997886,-0.009603361089191393,0.03672028443601175,0.0,0.0,0.0,,
18.964949999999988,-14.148676339001124,14.499464094737952,-179.62405828352857,-0.008806923451853334,-0.00898439287182533,0.0342823785697175,0.0,0.0,0.0,,
18.974452999999983,-14.175824106139368,14.500389207021398,-179.61627255311467,-0.007538796906190823,-0.007707704640073564,0.029348490117785387,0.0,0.0,0.0,,
18.983968000000004,-14.192377700418545,14.513676238248056,-179.58726986189907,0.0,0.0,0.0,0.0,0.0,0.0,,
18.993390999999974,-14.19626032463765,14.532724979638555,-179.5484403846905,0.0,0.0,0.0,0.0,0.0,0.0,,
19.002989999999954,-14.189409405755503,14.556050102129708,-179.51423290239126,0.0,0.0,0.0,0.0,0.0,0.0,,
19.012496999999996,-14.174403015181431,14.574834288328658,-179.49688799112852,0.0,0.0,0.0,0.0,0.0,0.0,,
19.022001999999986,-14.157842734160338,14.585211556071995,-179.502899715098,0.0,0.0,0.0,0.0,0.0,0.0,,
19.03152399999999,-14.143131957548349,14.586492140628847,-179.531573779415,-0.006742191894017619,-0.00685720709669445,0.026123276298805724,0.0,0.0,0.0,,
19.041041000000007,-14.131671938949587,14.5768897987444,-179.5722455279415,-0.008376630204279875,-0.008505735514101014,0.03245492615156631,0.0,0.0,0.0,,
19.05054100000001,-14.127961653086032,14.55921539966475,-179.6115748428322,-0.011532223120591418,0.017057488888481676,0.04395617940090763,0.0,0.0,0.0,,
19.060045000000002,-14.129398168665166,14.538049738155657,-179.63614999600628,-0.01207940549733123,0.01921944118614871,0.04610838107384971,0.0,0.0,0.0,,
19.069561999999962,-14.13385703602214,14.5180419968428,-179.63741400538885,-0.012731590246949535,0.01818488720004514,0.04872014914824041,0.0,0.0,0.0,,
19.07906700000001,-14.13677934798694,14.506311158824186,-179.61403896448786,-0.012042673946472019,-0.012273205783134006,0.04686289459293608,0.0,0.0,0.0,,
19.08857599999999,-14.139193446104876,14.507385860519872,-179.57405550916596,-0.012332478384354122,-0.012587442143175856,0.0480211311417858,0.0,0.0,0.0,,
19.09809200000001,-14.142102605005034,14.512470780753084,-179.533964820482,-0.014158768241814218,-0.014469870310963076,0.05515165047358033,0.0,0.0,0.0,,
19.10761500000001,-14.158358577638445,14.523974677756566,-179.514252784446,0.016316003952155406,-0.013007568067981415,0.05802784998798197,0.0,0.0,0.0,,
19.117110999999966,-14.196820360109369,14.53228787890969,-179.53277288432568,0.023611937219906055,-0.009744580255125767,0.04667709273851019,0.0,0.0,0.0,,
19.136131999999975,-14.353883436558277,14.516558313730798,-179.69197706733115,-0.006685743523050513,-0.006899285192233025,0.025963939940276633,0.0,0.0,0.0,,
19.14564999999999,-14.463957464543508,14.47836105004829,-179.79722517115243,0.0,0.0,0.0,0.0,0.0,0.0,,
19.15515499999998,-14.577906797932135,14.424336324893453,-179.88434981273153,0.0,0.0,0.0,0.0,0.0,0.0,,
19.17417999999998,-14.790600157565022,14.314208193919981,-179.92964156913536,0.0,0.0,0.0,0.0,0.0,0.0,,
19.183694000000003,-14.882774148523314,14.268013029408547,-179.88370535445668,-0.0017452448926293022,0.025841402668017002,0.006656605762201279,0.0,0.0,0.0,,
19.193198999999993,-14.967922052064363,14.239899045136319,-179.81254037629873,-0.002111665443836807,0.030581746537201967,0.007926540415463895,0.0,0.0,0.0,,
19.202711999999963,-15.04778235612556,14.218387743524234,-179.74006089413774,-0.002266746942202833,0.03211106316483769,0.008370982235195137,0.0,0.0,0.0,,
19.212231999999972,-15.129138906060751,14.199510745866407,-179.68965798461807,-0.0024295010587570866,0.033854529930362504,0.008876794197045445,0.0,0.0,0.0,,
19.221742000000006,-15.213636239593876,14.181970747125137,-179.67899808304173,-0.0027048082718676056,0.03743272709195705,0.009873399194648838,0.0,0.0,0.0,,
19.231246999999996,-15.300206754227196,14.154307920624735,-179.70727034263936,-0.0028491767039087613,0.03955448622913368,0.010496241399666553,0.0,0.0,0.0,,
19.240759999999966,-15.389659760310519,14.118063886704311,-179.7650843712293,-0.00299941139615217,0.04209150367936579,0.0112390017833722,0.0,0.0,0.0,,
19.250265999999954,-15.464375993269739,14.082917222666868,-179.8304209322851,-0.0029221177886197833,0.041571687467130455,0.01115762297774057,0.0,0.0,0.0,,
19.259776999999985,-15.51411755534219,14.053466513111523,-179.87878784793128,-0.002539210469425741,0.036518661226641866,0.00983522510859004,0.0,0.0,0.0,,
19.269299999999987,-15.525968212649992,14.036694602049186,-179.8934154196917,-0.001993750969018025,0.028790406624114355,0.007760500876650415,0.0,0.0,0.0,,
19.278793000000007,-15.494151264309423,14.04743573398603,-179.86938605719627,-0.007503938647572489,-0.008609716419430147,0.030069220083308378,0.0,0.0,0.0,,
19.288318000000004,-15.422413285967043,14.07949540822747,-179.81655533948498,-0.008553727073749389,-0.009762794659330705,0.034229923557113004,0.0,0.0,0.0,,
19.297821999999996,-15.317643504123376,14.126652461327406,-179.75534493011997,-0.010111727146717486,-0.011445780357095184,0.040371189622201833,0.0,0.0,0.0,,
19.30733699999996,-15.196989622463775,14.184972614961998,-179.71000544299326,0.01647989582348505,-0.011985113841760323,0.049975512609319005,0.0,0.0,0.0,,
19.316850999999986,-15.076118910590464,14.245261133810338,-179.69718012417425,0.02245739488215911,-0.010893526397505706,0.04786394130565055,0.0,0.0,0.0,,
19.32635399999998,-14.971008546473547,14.294428479611884,-179.7225949559364,0.017974178377585987,-0.009649244351785099,0.042140513179026055,0.0,0.0,0.0,,
19.335867000000007,-14.888503613007662,14.330202366867567,-179.77682924538047,-0.007590510209965525,-0.008217353091283514,0.02983837634090235,0.0,0.0,0.0,,
19.345383999999967,-14.827928388083665,14.347232952245774,-179.83823739009486,-0.007972550794930559,-0.008565762093270049,0.031264608000362036,0.0,0.0,0.0,,
19.354896999999994,-14.78289168882579,14.345845641854655,-179.88424727703696,-0.010148993973769263,-0.010853040621089298,0.039769048458648995,0.0,0.0,0.0,,
19.36439999999999,-14.748579983048398,14.337651279832816,-179.89972729764895,-0.011912348196905337,-0.012708025440103249,0.04669296400097097,0.0,0.0,0.0,,
19.373913999999957,-14.72658485980521,14.335756249543758,-179.88412624693228,-0.012000679854764046,-0.012790924554337562,0.04705921043511009,0.0,0.0,0.0,,
19.38341700000001,-14.717491631380613,14.33914322930236,-179.8516426390189,-0.012631922267179008,-0.013467221404519867,0.049552179306720075,0.0,0.0,0.0,,
19.39294000000001,-14.73211256909446,14.351446454368473,-179.82481170785047,0.01774272306493706,-0.013236254004766688,0.05670200827647086,0.0,0.0,0.0,,
19.402442000000008,-14.774790732327368,14.363344007923262,-179.8233123295123,0.025584046763120535,-0.013744456603896404,0.06064410715939533,0.0,0.0,0.0,,
19.411963999999955,-14.850066791192425,14.363815860399807,-179.86017122361724,0.025434952108332298,-0.013976570662615057,0.061159828481863736,0.0,0.0,0.0,,
19.421463999999958,-14.958069294685398,14.34476273807225,-179.93512868042822,0.016335831264779575,-0.015102314991415932,0.0625917610030521,0.0,0.0,0.0,,
19.449994000000004,-15.469833218274582,14.150015799191891,179.7573730582629,-0.016443064571342605,0.016253340977044787,0.0654939816796508,0.0,0.0,0.0,,
19.45951199999996,-15.688788610557054,14.05785111202158,179.68417963291583,-0.015357246507157658,0.01661126315511933,0.06169540964014532,0.0,0.0,0.0,,
19.469030999999973,-15.925888904053847,13.96900890777137,179.6353843102055,-0.01275604502066556,0.013431947036427699,0.05162243175176749,0.0,0.0,0.0,,
19.47854000000001,-16.175486960665392,13.890219559838645,179.60036389807124,-0.009707630466197955,-0.01156437942740739,0.038928321479084545,0.04288315016850032,0.02773664489688333,0.0016424355852372866,,
19.488034999999968,-16.43876084684528,13.822726343072747,179.56330316046672,-0.007006665205299392,-0.008519249204963325,0.02821253625405982,0.04735738520061866,0.02797833295987353,0.0018991730081078092,,
19.497560999999962,-16.715790308875505,13.757237261127246,179.50706486990362,0.0,0.0,0.0,0.05158742568813068,0.02891198264458665,-0.0012699747130597652,,
19.507071999999994,-17.00011987907131,13.686257667677834,179.42010147237517,0.0,0.0,0.0,0.05426742503971515,0.029557469255894017,-0.007067010954085959,,
19.516579999999976,-17.29268233735293,13.606613325564556,179.30235738535353,0.0,0.0,0.0,0.05598033233677204,0.030162958325894437,-0.012839847355474597,,
19.52608799999996,-17.585536771913304,13.509633229596242,179.1662903373439,0.0,0.0,0.0,0.055539181412596894,0.03142187662425477,-0.016510191097565966,,
19.53561099999996,-17.871766022067447,13.398949525117187,179.02693860040378,-0.0067595485212020474,-0.009076436590412759,0.02772477065913902,0.05333625672760789,0.03163307762706524,-0.017508724059858243,,
19.545124999999985,-18.1484654676616,13.292565421429721,178.90136817333754,-0.00794063756442127,-0.010870964069057912,0.03272230777972527,0.050462060444143954,0.03050562942191844,-0.015221145104598429,,
19.554625999999985,-18.413745799494592,13.191696258983646,178.80081324635765,-0.008069269597049218,-0.011259058598246352,0.03341312971484182,0.047090867500943295,0.030190535090889606,-0.010761158982428921,,
19.564143,-18.667743471161625,13.100956673578796,178.72268381813183,-0.009930260733892601,-0.014110930752666886,0.041307309116768734,0.04504077419032785,0.028268129211157636,-0.006804870730224596,,
19.573645,-18.932856821867095,13.037788661500835,178.65362716776394,-0.007788025314556589,-0.011256460608601644,0.03248095964055611,0.04581067458798123,0.0250531395392775,-0.004478166217840916,,
19.58315399999998,-19.204129322558565,12.98202829590757,178.5868222009777,0.0,0.0,0.0,0.04647072985718943,0.02487746601340434,-0.00373149989589878,,
19.592667000000006,-19.483520681621645,12.913880113356866,178.5142621575595,-0.005521832249425962,-0.00825912296846285,0.023140718718991888,0.04803886969858385,0.025120827437361003,-0.0045095966042118605,,
19.602182999999968,-19.768860358278374,12.856302315615716,178.4268841650221,0.0,0.0,0.0,0.04845586678835412,0.022015034460233018,-0.007199569161970121,,
19.611688999999956,-20.048859771763063,12.792988627399705,178.33463140779452,0.0,0.0,0.0,0.04780618771122636,0.022579430395185906,-0.008401426252553938,,
19.621204999999975,-20.32497498920785,12.701300158075469,178.24705199843132,0.0,0.0,0.0,0.04667752342773878,0.02681648142963677,-0.007641218841408473,,
19.630713999999955,-20.59107041414942,12.603355990581079,178.16400814877738,0.0,0.0,0.0,0.04469945815184127,0.027580572874668044,-0.007191464090295602,,
19.640217000000007,-20.851124458207252,12.520453854777756,178.08602715456158,0.0,0.0,0.0,0.04221113773948422,0.027080020430929067,-0.006448023239080393,,
19.649730999999974,-21.09470328372344,12.434842820912825,178.02297198566467,0.0,0.0,0.0,0.0,0.0,0.0,,
19.678266000000008,-21.71768194033679,12.250001021161294,177.90278728288112,-0.0012114092693109547,0.02537289073100805,0.009852193860111408,0.0,0.0,0.0,,
19.68778199999997,-21.89707939963327,12.202050505154714,177.87084389551427,-0.0011429816080378527,0.023999486830249838,0.009405192936180144,0.0,0.0,0.0,,
19.697287999999958,-22.073215980104024,12.16203666872955,177.82749117608031,-0.0011815739805164168,0.024957544650376813,0.009868602654756281,0.0,0.0,0.0,,
19.706803999999977,-22.237727512185366,12.124388055046028,177.77020244976563,-0.001114670648453317,0.02382712983975725,0.009500125227854208,0.0,0.0,0.0,,
19.716316000000006,-22.40172432542812,12.072071048932907,177.70280515340733,0.0,0.0,0.0,0.0,0.0,0.0,,
19.725820999999996,-22.55926893073699,12.007657616750155,177.62864144010197,0.0,0.0,0.0,0.0,0.0,0.0,,
19.735334999999964,-22.706684782961993,11.941772452573266,177.55531545713643,0.0,0.0,0.0,0.0,0.0,0.0,,
19.744838999999956,-22.848007079883,11.87366309335908,177.49338127204163,0.0,0.0,0.0,0.0,0.0,0.0,,
19.754347999999993,-22.96292135575755,11.813059538510995,177.45330765326776,0.0,0.0,0.0,0.0,0.0,0.0,,
19.773382999999967,-23.12286398315174,11.7498652072737,177.4521437382325,0.0,0.0,0.0,0.0,0.0,0.0,,
19.782888999999955,-23.15704527526978,11.742045375978531,177.48526515802067,0.0,0.0,0.0,0.0,0.0,0.0,,
19.792309999999986,-23.165973149719687,11.747094478071201,177.52624398216875,0.0,0.0,0.0,0.0,0.0,0.0,,
19.801896,-23.148847045110873,11.75529681676897,177.56288923191255,0.0,0.0,0.0,0.0,0.0,0.0,,
19.81141199999996,-23.118907889064488,11.759002291477076,177.58408284131502,0.0,0.0,0.0,0.0,0.0,0.0,,
19.82092799999998,-23.083937727088106,11.750799216801473,177.5820079077835,-0.005716554175984723,-0.01077027929332668,0.02527258365607776,0.0,0.0,0.0,,
19.830452999999977,-23.05070577622385,11.736382487377918,177.55605722774928,-0.007002733523512761,-0.013174158146829023,0.030972416872432636,0.0,0.0,0.0,,
19.839954999999975,-23.032455860897773,11.716171453982088,177.51432063121814,-0.006913832988597104,-0.012994010501836729,0.030589481514099286,0.0,0.0,0.0,,
19.849462999999957,-23.020187078921097,11.687951513646576,177.47172593608772,-0.007320226245595846,-0.013756124856629135,0.03241775380582523,0.0,0.0,0.0,,
19.858969000000002,-23.015886300798606,11.663710504317333,177.44078946392594,-0.008019722444516916,0.013143111239567651,0.041653848846892196,0.0,0.0,0.0,,
19.86848299999997,-23.013325552835855,11.652215450497078,177.4339370517425,-0.0070537436319921066,0.016180399016285315,0.03768340373204849,0.0,0.0,0.0,,
19.87798799999996,-23.007761450534485,11.647410412435528,177.45742003450587,-0.0071976809251641915,0.015996137768755993,0.03832580375238182,0.0,0.0,0.0,,
19.887497999999994,-22.996166142466386,11.65519292314771,177.50701092473957,-0.006636892693819511,0.012663047577499342,0.034814840641231255,0.0,0.0,0.0,,
19.89701199999996,-22.97716439304828,11.67423735312845,177.57049409943997,-0.005491683234486308,-0.010353928423233695,0.024430421843828126,0.0,0.0,0.0,,
19.906519000000003,-22.955681836291163,11.69104799466104,177.63182667379684,0.0,0.0,0.0,0.0,0.0,0.0,,
19.916048999999987,-22.934332567987212,11.700908158819086,177.67239996588452,-0.005692189318808265,-0.010734358316754853,0.02535669031114534,0.0,0.0,0.0,,
19.925544000000002,-22.91826790706384,11.706595581247024,177.6789500967459,-0.005972369128505191,-0.011252464974502198,0.026599847495589465,0.0,0.0,0.0,,
19.935056999999972,-22.908340739833484,11.697244142223752,177.6505265995463,-0.0066955912969759715,-0.012603596627786835,0.029816882808905106,0.0,0.0,0.0,,
19.944568000000004,-22.900985304091474,11.675517279064568,177.59556889529188,-0.008600061195791793,-0.01617352013301345,0.03829748630373358,0.0,0.0,0.0,,
19.95408599999996,-22.898983073464578,11.658233975130944,177.52836149048312,-0.008741856789910806,-0.01641475417541075,0.038898088337755876,0.0,0.0,0.0,,
19.963594,-22.897113212308124,11.647575847546554,177.46944966121293,-0.009039149495644206,-0.016943873712076726,0.04017846005024392,0.0,0.0,0.0,,
19.973095999999998,-22.89631614933068,11.651826334455926,177.435933141263,-0.008161023855584672,-0.015270603190583995,0.03622316553614707,0.0,0.0,0.0,,
19.98252199999996,-22.890917226303237,11.675469255131025,177.43910309006642,-0.006593694617486297,-0.012313408229124039,0.02921422274819549,0.0,0.0,0.0,,
19.992125999999985,-22.87011994354587,11.714651505563634,177.47862215876856,-0.005956395371404629,-0.011096734578531083,0.02634329442914062,0.0,0.0,0.0,,
20.001625999999987,-22.83962767790566,11.760228670773058,177.53980122633033,0.0,0.0,0.0,0.0,0.0,0.0,,
20.011139999999955,-22.80188989727895,11.804459933735405,177.5994702157756,0.0,0.0,0.0,0.0,0.0,0.0,,
20.020665000000008,-22.763973919067087,11.837362503769524,177.63616324361357,0.0,0.0,0.0,0.0,0.0,0.0,,
20.030164999999954,-22.740528780688802,11.845014991587343,177.63558685012825,0.0,0.0,0.0,0.0,0.0,0.0,,
20.039680999999973,-22.731387554833457,11.828083159495225,177.59722100000354,-0.005626099209716629,-0.010373504513368033,0.02476454745119153,0.0,0.0,0.0,,
20.049194,-22.74454205004112,11.787701323035556,177.5334693391053,-0.0063603089982714345,-0.01174043140699596,0.028028392854410427,0.0,0.0,0.0,,
20.058708999999965,-22.77472778168062,11.72887513854733,177.4692875391514,-0.008911216958605361,0.01681404834651453,0.04645578104599439,0.0,0.0,0.0,,
20.06822299999999,-22.816031258942843,11.667880156632974,177.4281182394511,-0.011971249966406883,0.023580167095889133,0.06303609186655162,0.0,0.0,0.0,,
20.077721999999994,-22.867798643637766,11.619224164232005,177.42499223030205,-0.012373439629722897,0.027131309873762145,0.0660435112842154,0.0,0.0,0.0,,
20.08723699999996,-22.92182844821872,11.591236108053636,177.4622692883196,-0.012232674939162141,0.02230360503573087,0.06439544040336481,0.0,0.0,0.0,,
20.096750999999983,-22.982275931300343,11.586954311393324,177.52504953569968,-0.010322390373898604,0.014485665461247025,0.05334886167360423,0.0,0.0,0.0,,
20.10625699999997,-23.046835548653675,11.601601718977088,177.58947122606577,-0.0070254133861230176,-0.013375418066219205,0.031449817423862596,0.0,0.0,0.0,,
20.115775999999983,-23.110369252142885,11.62088237163364,177.6319656930943,-0.006189452561954368,-0.011821072745899634,0.027696235810318232,0.0,0.0,0.0,,
20.125278999999978,-23.17719838780065,11.633513196524088,177.6330431827381,0.0,0.0,0.0,0.0,0.0,0.0,,
20.13480999999996,-23.2396248602382,11.624741900718334,177.58821221484328,0.0,0.0,0.0,0.0,0.0,0.0,,
20.14431400000001,-23.29692060653311,11.591562614876636,177.50745806668417,0.0,0.0,0.0,0.0,0.0,0.0,,
20.153817000000004,-23.347662249823937,11.54150630694083,177.41061969795206,0.0,0.0,0.0,0.0,0.0,0.0,,
20.163325999999984,-23.391225108083418,11.486607037262946,177.32424583012326,-0.005201462800234877,-0.010036365641920498,0.023263040969460445,0.0,0.0,0.0,,
20.17283599999996,-23.426174891788524,11.441786992893476,177.27329878693058,-0.006516579674039989,0.013105557807081277,0.03524137413958155,0.0,0.0,0.0,,
20.182353999999975,-23.453582613251484,11.42092074644021,177.27284009127274,-0.0009735964486319114,0.02554103112391617,0.0108295455493076,0.0,0.0,0.0,,
20.191862999999955,-23.46969386054621,11.4313004950971,177.32252746943263,0.0,0.0,0.0,0.0,0.0,0.0,,
20.220388999999955,-23.41068397309454,11.581342412203188,177.59108142274266,0.0,0.0,0.0,0.0,0.0,0.0,,
20.229899999999986,-23.359253907316766,11.63151340988859,177.63502253119182,0.0,0.0,0.0,0.0,0.0,0.0,,
20.23941199999996,-23.303950450559256,11.658965955921433,177.63021239790436,0.0,0.0,0.0,0.0,0.0,0.0,,
20.248927999999978,-23.249404438480347,11.661063134792709,177.583594423626,0.0,0.0,0.0,0.0,0.0,0.0,,
20.25843900000001,-23.197841001187374,11.641661545735857,177.51606248983515,-0.007300773097533303,0.014918561311674666,0.03854067396372382,0.0,0.0,0.0,,
20.267942000000005,-23.152618192476563,11.609606433192514,177.45551820235823,-0.009193869271992505,0.026505459627946287,0.05043442951268503,0.0,0.0,0.0,,
20.27746099999996,-23.110996677838784,11.578379295616243,177.42631848699617,-0.010420682041966904,0.03249115497309868,0.05793300324739122,0.0,0.0,0.0,,
20.28697199999999,-23.077001615341292,11.5632447922347,177.4405577596185,-0.010708872754893625,0.034886472206559285,0.05990200432661479,0.0,0.0,0.0,,
20.296482999999967,-23.048243187403493,11.570400970214909,177.4966694001766,-0.010556808526833895,0.02868233988044891,0.05763385177576395,0.0,0.0,0.0,,
20.30598299999997,-23.02318050203749,11.59690333642176,177.5808307760098,-0.009245508394628036,0.016881926375873015,0.04848520939547359,0.0,0.0,0.0,,
20.315507999999966,-23.00390852021906,11.636497491376183,177.66518582543839,-0.006697950797936963,-0.01273247586656935,0.029978874679428776,0.0,0.0,0.0,,
20.325012999999956,-22.985623968893258,11.677458501356105,177.72621372897808,-0.00606873030720004,-0.011518899818157803,0.027128652022250763,0.0,0.0,0.0,,
20.334531999999967,-22.96471303879861,11.700700878488686,177.74797455275078,-0.006506350414103047,-0.012326268763986407,0.029053024503396852,0.0,0.0,0.0,,
20.34404699999999,-22.938679725223313,11.703965180560491,177.72642121933066,-0.007713307180183524,-0.014578351701783274,0.03441214883309868,0.0,0.0,0.0,,
20.35354799999999,-22.908602924954458,11.689054546169773,177.67144032635574,-0.007718161810699866,-0.014550898924705334,0.03441712734175713,0.0,0.0,0.0,,
20.36305999999996,-22.87688515572423,11.663524730842626,177.60177185512887,-0.007118707642524429,-0.013389121810335466,0.03174116215238493,0.0,0.0,0.0,,
20.372567000000004,-22.846265653353992,11.643392795199459,177.5400140565936,-0.005092078832243099,-0.00955440161773088,0.02269871681475935,0.0,0.0,0.0,,
20.382069,-22.813504528321065,11.638373645728418,177.5094192087508,0.0,0.0,0.0,0.0,0.0,0.0,,
20.391583999999966,-22.76771315434236,11.655440489641682,177.5250353649637,0.0,0.0,0.0,0.0,0.0,0.0,,
20.401111999999955,-22.698605322870115,11.697336404764696,177.58653207692697,0.0,0.0,0.0,0.0,0.0,0.0,,
20.410609999999963,-22.610947470501515,11.759425303021143,177.6789145498819,0.0,0.0,0.0,0.0,0.0,0.0,,
20.420123999999987,-22.51031984642101,11.830918199104994,177.77449485701013,-0.005554048355737705,-0.010208862754767916,0.024601712443599183,0.0,0.0,0.0,,
20.429626999999982,-22.413129917526085,11.896845379208584,177.84186594872153,0.024535889265798666,-0.013847376175635027,0.03727295482477347,0.0,0.0,0.0,,
20.439141000000006,-22.335744634325007,11.94151870083462,177.86054917760362,0.02544552289141339,-0.01601596456572251,0.042957125126013136,0.0,0.0,0.0,,
20.448653999999976,-22.289992016197345,11.95268603419985,177.82627994815576,0.017471329880785567,-0.01726815081084623,0.045209785052561596,0.0,0.0,0.0,,
20.458172999999988,-22.279555337153905,11.926560788993356,177.75344143959194,-0.010509236392064322,0.017631234054623673,0.052989512964606925,0.0,0.0,0.0,,
20.46768099999997,-22.296123338678374,11.87144527034891,177.67023689309988,-0.011201334622876905,0.024450952631412306,0.057970013550458686,0.0,0.0,0.0,,
20.477186999999958,-22.333860860027368,11.802505023030966,177.60918832238602,-0.01097522132688307,0.03006715502643379,0.05848074202233667,0.0,0.0,0.0,,
20.486691000000008,-22.37884015474681,11.740001901687917,177.59600539039522,-0.03970819957879427,0.0302739575671539,0.04818678411325872,0.0,0.0,0.0,,
20.496204999999975,-22.419696021316685,11.700258410020599,177.64011945896462,-0.03539682164010402,0.02242423716234494,0.04129101892063509,0.0,0.0,0.0,,
20.505705999999975,-22.449810634497602,11.69306121662976,177.73245397416474,-0.005973458358236438,-0.011049747974024658,0.026727331190915308,0.0,0.0,0.0,,
20.51522799999998,-22.463051918595294,11.715289438877956,177.84777240178133,0.0,0.0,0.0,0.0,0.0,0.0,,
20.524743,-22.45810914675878,11.7549201869525,177.95195241478805,-0.006011581739837715,-0.011171849666041435,0.026952231758936778,0.0,0.0,0.0,,
20.534244,-22.44390054111903,11.794846046468118,178.01134838340576,0.027790724570470365,-0.012079732004677213,0.03335896770852103,0.0,0.0,0.0,,
20.543758999999966,-22.42592207728054,11.816138321415078,178.00693886987384,0.0315289592829642,-0.015259199057872114,0.041740261631481666,0.0,0.0,0.0,,
20.553281999999967,-22.417261150129814,11.813149243632443,177.93583753378508,0.02614951193598451,-0.016750590205727393,0.04471616607537044,0.0,0.0,0.0,,
20.562791000000004,-22.427019724754967,11.78806630484692,177.81680398436671,-0.00821709548003567,-0.015122662931965288,0.03658492612427,0.0,0.0,0.0,,
20.57229000000001,-22.456706816920196,11.745255981630145,177.68456221632502,-0.007291583618306806,-0.013409730330145154,0.032435844986297,0.0,0.0,0.0,,
20.581800999999984,-22.500579253772255,11.699640729011197,177.57928283843498,-0.006993506447272904,0.012142208096793663,0.03621782928700179,0.0,0.0,0.0,,
20.591317000000004,-22.547412932128616,11.663727958722223,177.53073874803962,-0.028901273940692276,0.026417499067459275,0.004465594425265204,0.0,0.0,0.0,,
20.600828999999976,-22.585666378539937,11.650933405979101,177.5511393196429,-0.026469771626252605,0.001132025485400152,-0.005462979239490533,0.0,0.0,0.0,,
20.610329999999976,-22.6112949040713,11.664187094785937,177.62789598326617,0.0,0.0,0.0,0.0,0.0,0.0,,
20.629361999999958,-22.637982963011723,11.734753734930276,177.8202709633734,0.0,0.0,0.0,0.0,0.0,0.0,,
20.638869,-22.653981726045537,11.76071804974929,177.86783049068427,-0.005746983204182407,-0.01073551781617445,0.025666225067096145,0.0,0.0,0.0,,
20.648379999999975,-22.684682518433995,11.759279871074495,177.8561604423966,-0.006330851292636243,-0.011838648274545241,0.028263325673643626,0.0,0.0,0.0,,
20.657891000000006,-22.72922959002182,11.722736633373474,177.79147575792845,-0.007692146290389858,-0.01441671574459734,0.034364955140698414,0.0,0.0,0.0,,
20.66741300000001,-22.789479283015755,11.661095201231186,177.69404369997733,-0.009703067060579018,0.015705742980015147,0.05003895874903782,0.0,0.0,0.0,,
20.676922999999988,-22.86022972061491,11.587398116985081,177.597002764131,-0.010216540645090724,0.023542857439219744,0.054597091498926144,0.0,0.0,0.0,,
20.68642299999999,-22.928442223697445,11.520784717310393,177.53276753126144,-0.010035856696994118,0.024943495048168073,0.05445869571356175,0.0,0.0,0.0,,
20.695934999999963,-22.98677399418775,11.480708275592585,177.52087744352949,-0.008018937804038012,0.02139092618624087,0.04400113480781145,0.0,0.0,0.0,,
20.70544799999999,-23.0266175733089,11.476619857372524,177.56239717549548,-0.0009666047196213069,0.023099364661754367,0.009595639166953792,0.0,0.0,0.0,,
20.714957999999967,-23.04007956059809,11.505172053133837,177.6427873435089,0.0,0.0,0.0,0.0,0.0,0.0,,
20.72446199999996,-23.030563094940543,11.557241572903237,177.73413480633707,0.0,0.0,0.0,0.0,0.0,0.0,,
20.733987999999954,-22.999768914394565,11.613260216913345,177.80637128154672,0.0,0.0,0.0,0.0,0.0,0.0,,
20.743502999999976,-22.956577762066008,11.656179802313133,177.83798846360608,0.0,0.0,0.0,0.0,0.0,0.0,,
20.753015000000005,-22.913056020931794,11.672789446503517,177.82087539536968,0.0,0.0,0.0,0.0,0.0,0.0,,
20.762520999999992,-22.873734156895654,11.663668147246435,177.7625714085319,-0.005652720755034129,-0.010702534354062307,0.0253384099065859,0.0,0.0,0.0,,
20.772031999999967,-22.84901657258697,11.634864586066936,177.6845178110373,-0.007667021067201861,0.013110927873797919,0.03977793780671661,0.0,0.0,0.0,,
20.781543,-22.836129586872424,11.604239463331071,177.614166852017,-0.00797582992121705,0.020921195799146013,0.043048153751819446,0.0,0.0,0.0,,
20.791048999999987,-22.82964963093505,11.588005937790967,177.57539886114807,-0.008016325856399317,0.024290778472948,0.04407050696404556,0.0,0.0,0.0,,
20.800569999999993,-22.822388937511448,11.596844229955078,177.5805849490608,-0.007754276471144726,0.02176675948760932,0.04223039287332628,0.0,0.0,0.0,,
20.810068,-22.807191882397124,11.634731715738148,177.62810479548466,-0.006932340464773082,0.013939076807195618,0.03644095663605275,0.0,0.0,0.0,,
20.81958599999996,-22.783044708851836,11.696828081925338,177.70035492396832,-0.005383533170104537,-0.010097112420035694,0.024025451740584035,0.0,0.0,0.0,,
20.829091000000005,-22.752030265146587,11.767019683516821,177.77260426555506,0.0,0.0,0.0,0.0,0.0,0.0,,
20.83860599999997,-22.71908235352663,11.831108944084118,177.82132742630532,0.0,0.0,0.0,0.0,0.0,0.0,,
20.848116000000005,-22.685672498501322,11.869344430420929,177.8337864753273,0.0,0.0,0.0,0.0,0.0,0.0,,
20.857619999999997,-22.656366333398644,11.876889276495897,177.80976427285086,0.0,0.0,0.0,0.0,0.0,0.0,,
20.86713900000001,-22.63249949096862,11.854090581349379,177.76161899486323,-0.005843174316002369,-0.010776160712127976,0.02581192875939301,0.0,0.0,0.0,,
20.876637999999957,-22.615027899821907,11.810383993937016,177.71038613961628,-0.006627334118062886,-0.012228401363190736,0.029332899927312996,0.0,0.0,0.0,,
20.88616099999996,-22.599258667215025,11.762255216565665,177.67840079943733,-0.00867525675799849,0.012739980411022742,0.04410748544699979,0.0,0.0,0.0,,
20.895665000000008,-22.583181544709056,11.725922823263144,177.67898027083552,-0.009342007985651836,0.015085816105320669,0.04791483001188133,0.0,0.0,0.0,,
20.905179999999973,-22.567689178769722,11.714553950082031,177.71473274914044,-0.009005134481808091,0.01545578062939541,0.046366237742866,0.0,0.0,0.0,,
20.914683999999966,-22.551453622871676,11.727199912699895,177.778226523327,-0.008636749988729495,0.011811877146063353,0.04378046073837978,0.0,0.0,0.0,,
20.924195999999995,-22.533888331916483,11.761240135661316,177.84974009526212,-0.006483258437898346,-0.012033646250140913,0.028948334868710453,0.0,0.0,0.0,,
20.93371099999996,-22.519617202089133,11.803791830385652,177.90869303328128,-0.005363985686834524,-0.009940413479973842,0.023914573770839505,0.0,0.0,0.0,,
20.94322199999999,-22.511198807541987,11.839846564723945,177.9382493438511,0.0,0.0,0.0,0.0,0.0,0.0,,
20.952729999999974,-22.506751655634485,11.855172309668564,177.93329084758386,0.0,0.0,0.0,0.0,0.0,0.0,,
20.96224000000001,-22.501251764407854,11.84543248261647,177.9020051107105,0.0,0.0,0.0,0.0,0.0,0.0,,
20.971765000000005,-22.48959316734265,11.818198376813662,177.86104106919925,0.0,0.0,0.0,0.0,0.0,0.0,,
20.981267000000003,-22.471680848631,11.787046710250106,177.8303314080526,0.0,0.0,0.0,0.0,0.0,0.0,,
20.990791,-22.438844570140937,11.763682348322584,177.82899922132506,-0.00547620834106086,-0.010108611679980999,0.024438685668908666,0.0,0.0,0.0,,
21.000293,-22.387876863593124,11.760317622432067,177.86648273920036,-0.005794985378570842,-0.010691016671502143,0.025904256677456584,0.0,0.0,0.0,,
21.00980899999996,-22.319165984093473,11.78693403465278,177.93729816173402,-0.005179047792080617,-0.009531721851495726,0.023158805814518787,0.0,0.0,0.0,,
21.01922099999996,-22.233303832692965,11.837348691565921,178.02629908231634,0.0,0.0,0.0,0.0,0.0,0.0,,
21.028817000000004,-22.135792666862017,11.901709957038799,178.11287127281958,-0.00513567863356364,-0.00935283881940494,0.022892396423701753,0.0,0.0,0.0,,
21.038332999999966,-22.035252021019993,11.964347984064554,178.17705201675898,-0.005610880177205543,-0.010145748138245292,0.024941653939094664,0.0,0.0,0.0,,
21.04783900000001,-21.93825002554024,12.012191294046334,178.20751445497794,-0.005534569346186521,-0.009936040216646501,0.02453750580695833,0.0,0.0,0.0,,
21.057352999999978,-21.8503136253286,12.037939903712951,178.20204464382712,-0.006152309332491467,-0.010973438880018773,0.02722167287882922,0.0,0.0,0.0,,
21.06687199999999,-21.777455929466203,12.041577398189075,178.16925295867824,-0.007222846731845892,-0.01281654891010633,0.031923230611058874,0.0,0.0,0.0,,
21.07638099999997,-21.72073269979933,12.025972256813425,178.12692480571636,-0.007792654217374516,-0.013782650498070655,0.03444577843127508,0.0,0.0,0.0,,
21.085882999999967,-21.678815533300675,12.004149669322516,178.09378433108876,-0.009701031710309834,0.012220578360802056,0.047510023774293884,0.0,0.0,0.0,,
21.09540099999998,-21.645468454855724,11.989500122419946,178.08530910633058,-0.009871514354157753,0.013917168874734601,0.048647347789536326,0.0,0.0,0.0,,
21.10490199999998,-21.616573429707664,11.987571568143117,178.10841490929897,-0.0095658648453158,0.01296572703659426,0.04704298396304349,0.0,0.0,0.0,,
21.114424999999983,-21.587980450034323,12.004790779696064,178.15797870618616,-0.009008612402806966,0.009540426957760886,0.04378503385783425,0.0,0.0,0.0,,
21.123933999999963,-21.559489995094996,12.04048381706474,178.22131422998459,-0.006884004442348398,-0.012112633067253423,0.030496350439015815,0.0,0.0,0.0,,
21.133434999999963,-21.530770709486234,12.083444409522253,178.28254725163734,-0.005934337575043846,-0.010417670750702933,0.02624938025184871,0.0,0.0,0.0,,
21.142960999999957,-21.50523011346721,12.12343235840858,178.3264467546892,0.0,0.0,0.0,0.0,0.0,0.0,,
21.152462999999955,-21.482570391727773,12.14946346591297,178.34675140545465,0.0,0.0,0.0,0.0,0.0,0.0,,
21.161969999999997,-21.461533923383247,12.158623373293455,178.34457380203318,0.0,0.0,0.0,0.0,0.0,0.0,,
21.17148199999997,-21.43631096880298,12.151783034730071,178.33087322086243,0.0,0.0,0.0,0.0,0.0,0.0,,
21.18100099999998,-21.403076369098304,12.13581941505262,178.3181964330237,0.0,0.0,0.0,0.0,0.0,0.0,,
21.190514000000007,-21.361124594061558,12.119285327570836,178.3178641838427,-0.006208100356780152,-0.010792371536883803,0.027422917573453758,0.0,0.0,0.0,,
21.200024999999982,-21.310182100024285,12.115654167710407,178.33419424652612,-0.009134647088577207,0.010850588526554975,0.0440039715874362,0.0,0.0,0.0,,
21.20953099999997,-21.254103692721777,12.129441266074073,178.36651011720863,-0.009145115197960864,0.011076227457853012,0.044003271860382116,0.0,0.0,0.0,,
21.219040000000007,-21.19219053912506,12.15767983075056,178.4096042456469,-0.008038517177809264,-0.013866843082094129,0.03551220813363955,0.0,0.0,0.0,,
21.22855999999996,-21.130691020413884,12.198067994279397,178.45410808909043,-0.006895472227974766,-0.01184215235469111,0.03040855646485259,0.0,0.0,0.0,,
21.238068,-21.067523382476715,12.239340112305584,178.4935763237842,-0.006152370223658725,-0.010515171239778786,0.027077425178774595,0.0,0.0,0.0,,
21.247570999999994,-21.00342122475474,12.271265916401218,178.52519978266136,0.0,0.0,0.0,0.0,0.0,0.0,,
21.25708599999996,-20.936426725146415,12.289503525679997,178.54914700055568,0.0,0.0,0.0,0.0,0.0,0.0,,
21.266601999999978,-20.866875228922037,12.295473609883764,178.56761722295283,0.0,0.0,0.0,0.0,0.0,0.0,,
21.276104999999973,-20.794981202135457,12.292070133751645,178.58559736426218,-0.005201790505959903,-0.008764534070435126,0.022873284547198062,0.0,0.0,0.0,,
21.28562599999998,-20.722055941996857,12.287371935071695,178.60953309270363,-0.006115981025089522,-0.010279990733322879,0.02692658033977576,0.0,0.0,0.0,,
21.295128999999974,-20.646802107784467,12.28559988023304,178.64119761415373,-0.007281452220300684,-0.012208748707863,0.03209730540494138,0.0,0.0,0.0,,
21.304642,-20.572925224037068,12.2910644620656,178.67898871212455,-0.0074943645252413,-0.01253137022154712,0.03306289220629033,0.0,0.0,0.0,,
21.314153999999974,-20.503767430036266,12.305308367212278,178.7169920410981,-0.0080789613440215,-0.013465884310120899,0.03564544482846583,0.0,0.0,0.0,,
21.32365999999996,-20.44030704934012,12.326225364318296,178.74959052252495,-0.008833694811011105,-0.014670360414381686,0.0389513878043319,0.0,0.0,0.0,,
21.33317599999998,-20.38654131107858,12.34541152701934,178.77302010675072,-0.008841089519060989,-0.0146332025402857,0.03895411683684429,0.0,0.0,0.0,,
21.342692999999997,-20.346136213161653,12.35747408948509,178.78548722770705,-0.008197670106899386,-0.013533579238839017,0.036099818643433236,0.0,0.0,0.0,,
21.352193,-20.31483640863838,12.360841252836678,178.79034538358889,-0.008265215882946212,-0.013621790305371115,0.0363946291732992,0.0,0.0,0.0,,
21.361707999999965,-20.29447491831913,12.351941200082681,178.7931063943701,-0.0067570381895871905,-0.011133227035661693,0.02977848062250236,0.0,0.0,0.0,,
21.37122099999999,-20.28236373874567,12.335582515410502,178.7990619761664,-0.006720987795080169,-0.011083514186901532,0.029664529447466705,0.0,0.0,0.0,,
21.380735999999956,-20.272724714527037,12.312119678104294,178.8150245412025,-0.00687942922448638,-0.011366997796871456,0.030436091708818076,0.0,0.0,0.0,,
21.39023599999996,-20.265851881569127,12.283353305422217,178.84148155848828,-0.0061748665194134595,-0.010232816136139888,0.02740405914217566,0.0,0.0,0.0,,
21.399744,-20.25702052437698,12.257988570443839,178.87607365132527,-0.006127867641087987,-0.010184347780756171,0.027279408728095884,0.0,0.0,0.0,,
21.409257999999966,-20.24825119646298,12.234905955415552,178.91503454115485,-0.006934853436110187,-0.011558958724077455,0.03096555887098835,0.0,0.0,0.0,,
21.418774999999982,-20.2348538632413,12.210416797691453,178.95534560247472,-0.006780458758871864,-0.011333562796120404,0.030373216284545285,0.0,0.0,0.0,,
21.428278999999975,-20.219273388099257,12.183777282494464,178.99267524345953,-0.006423098178691926,-0.010765975353841899,0.028867582896007826,0.0,0.0,0.0,,
21.437801999999976,-20.210901233519987,12.155543065120119,179.02464829282266,-0.005827153550293919,-0.009797105107103897,0.026275096953951037,0.0,0.0,0.0,,
21.447306999999967,-20.210578661537376,12.126477723864525,179.05341760968938,-0.007439810560470867,0.013835466729626787,0.035684575099063434,0.0,0.0,0.0,,
21.456819999999993,-20.217550095424517,12.092140299603978,179.08404234928472,-0.006802212531059437,0.017252675470326884,0.03303402226860904,0.0,0.0,0.0,,
21.485347999999988,-20.204589251531047,11.958817231502048,179.25412387189823,0.0,0.0,0.0,0.0,0.0,0.0,,
21.494866000000002,-20.168072454941417,11.912888552675156,179.34012591187675,-0.0051114926478757605,-0.008854671041635521,0.023743775633470063,0.0,0.0,0.0,,
21.504367000000002,-20.11014465547758,11.875452265078865,179.4333567632956,0.0,0.0,0.0,0.0,0.0,0.0,,
21.513878999999974,-20.028079334621875,11.84405857746458,179.5257817272381,0.0,0.0,0.0,0.0,0.0,0.0,,
21.52340499999997,-19.928580331247577,11.822043835248683,179.6086323912007,0.0,0.0,0.0,0.0,0.0,0.0,,
21.532902999999976,-19.815834531533525,11.812163121299697,179.67622119773614,0.0,0.0,0.0,0.0,0.0,0.0,,
21.542415000000005,-19.692427042586072,11.808986623005683,179.72744987812075,0.0,0.0,0.0,0.0,0.0,0.0,,
21.55192599999998,-19.570575077038583,11.810462638832117,179.76299558437563,0.0,0.0,0.0,0.0,0.0,0.0,,
21.561442999999997,-19.45451796134909,11.815148537683612,179.78896714462968,-0.001778484470271551,0.02591669791166861,0.008958159740137014,0.0,0.0,0.0,,
21.570943999999997,-19.34962095349489,11.820151040060207,179.81309211414276,-0.0021748892740099026,0.031678529787199275,0.010886085932053147,0.0,0.0,0.0,,
21.580453999999975,-19.252621411974232,11.822281919416554,179.84345677052235,-0.002409670687158012,0.0350186779082733,0.011969128264676915,0.0,0.0,0.0,,
21.589966000000004,-19.157268020767944,11.826288889179072,179.88459630005772,-0.007370014845022239,0.025487711246390994,0.035442687107571716,0.0,0.0,0.0,,
21.59947599999998,-19.061118414207552,11.834803005911809,179.93751487176976,-0.008839861012403059,0.01831285748603497,0.04228128257435952,0.0,0.0,0.0,,
21.608989000000008,-18.967565474731884,11.851821892224748,179.99466596567967,-0.008453662806996432,0.013973394055536737,0.04028955065404181,0.0,0.0,0.0,,
21.61850499999997,-18.865644422099052,11.88028524937431,-179.951484700045,-0.00541240608678254,-0.009000953197039667,0.02576379764502858,0.0,0.0,0.0,,
21.628016000000002,-18.753034284676108,11.912790093229976,-179.90779024865725,-0.005942919781180482,-0.009810141301070368,0.02824480885347479,0.0,0.0,0.0,,
21.63752999999997,-18.636714029043176,11.950913774702848,-179.88111655770626,0.0,0.0,0.0,0.0,0.0,0.0,,
21.647040000000004,-18.50897625306729,11.987001060743507,-179.8685595009664,-0.005243551097884683,-0.008495381426344538,0.024788243911980343,0.0,0.0,0.0,,
21.656537999999955,-18.375657138360797,12.017398458569671,-179.86454157322407,0.0,0.0,0.0,0.0,0.0,0.0,,
21.666056999999967,-18.232846184120934,12.04539710609059,-179.8593249430893,-0.005745147652415693,-0.009118347679461328,0.027028716741879337,0.0,0.0,0.0,,
21.67557499999998,-18.087896705656703,12.07086161225757,-179.84392365679662,-0.005865963009246861,-0.009216962502687887,0.02754763193665884,0.0,0.0,0.0,,
21.694589000000008,-17.81149866115361,12.105458842562584,-179.76604145089343,-0.007503226189785565,-0.011598422340633822,0.035203682738858724,0.0,0.0,0.0,,
21.704098999999985,-17.69183053475446,12.12136550653685,-179.70919714495707,-0.007152122593169152,-0.010985730197672062,0.03356026387900121,0.0,0.0,0.0,,
21.713614000000007,-17.587862905052276,12.13226454247373,-179.64898725598823,-0.0077303544504229394,-0.011815769580159041,0.036296125557884716,0.0,0.0,0.0,,
21.72312899999997,-17.504160353625426,12.137711145038129,-179.594725378136,-0.007983786835109547,-0.012160624319764973,0.0375208293186243,0.0,0.0,0.0,,
21.742148999999984,-17.39008396554535,12.131596705032983,-179.52519104130437,-0.008189084029417213,-0.01242523079026297,0.03857384962475054,0.0,0.0,0.0,,
21.75165999999996,-17.35605798349357,12.129505684715566,-179.5096943783898,-0.008150274438248558,-0.01234979514388711,0.03841267788325386,0.0,0.0,0.0,,
21.770676999999978,-17.318707268915382,12.132865739327723,-179.49499416227167,-0.008502482202017197,-0.012857415792455664,0.04007543376710208,0.0,0.0,0.0,,
21.780194999999992,-17.307638578179784,12.140294010677312,-179.48348341785504,-0.00893473861763723,-0.013499514561916,0.042098327139463106,0.0,0.0,0.0,,
21.789701999999977,-17.299184588643914,12.147992406484544,-179.4643782622905,-0.007482896363940864,-0.011301082215080483,0.03525176720204138,0.0,0.0,0.0,,
21.799198999999987,-17.28917169863928,12.151629274124446,-179.43792285154052,-0.0069895879300636505,-0.010556961374405848,0.032940177368932226,0.0,0.0,0.0,,
21.808715000000007,-17.28283089708469,12.155283573781542,-179.41038916449708,-0.0066449057371653,-0.010039893636081357,0.03132848414181437,0.0,0.0,0.0,,
21.818245999999988,-17.279463687708486,12.154477995011227,-179.38854021247303,-0.00634716551916866,-0.00959660966414845,0.029943970673367352,0.0,0.0,0.0,,
21.827755999999965,-17.28141589801881,12.148909460066806,-179.37736977486114,-0.006485110414702081,-0.009814989686516623,0.03061851668486938,0.0,0.0,0.0,,
21.837264000000005,-17.297698884867913,12.1420078820031,-179.38377611489537,-0.006734481791622454,-0.010205990684880433,0.03180993421828816,0.0,0.0,0.0,,
21.84668099999999,-17.32340179595353,12.134426307884288,-179.40557969468531,-0.007862357659143539,-0.011931790006390499,0.03714115989203256,0.0,0.0,0.0,,
21.85627999999997,-17.362486517209206,12.125558445527469,-179.43894904379738,-0.008714197594168086,-0.013249359510597294,0.041161732473906046,0.0,0.0,0.0,,
21.865786999999955,-17.41314438989511,12.120919607748107,-179.4774958457343,-0.008861292375094055,-0.013500507391624096,0.04183227231443551,0.0,0.0,0.0,,
21.87529999999998,-17.46857236486306,12.118636566673844,-179.5117776036483,-0.00906381491711362,-0.013840726427383949,0.04275964615590702,0.0,0.0,0.0,,
21.88480899999996,-17.531248998353533,12.121257014437246,-179.5352891054598,-0.006961734021633277,-0.010659859031516443,0.032816405570058674,0.0,0.0,0.0,,
21.894323999999983,-17.59024810647313,12.128188405432681,-179.54371334761586,-0.005339878781151492,-0.008198701685383487,0.025151696794660863,0.0,0.0,0.0,,
21.903831999999966,-17.640125546243603,12.134910401971725,-179.53703462757292,0.0,0.0,0.0,0.0,0.0,0.0,,
21.91335399999997,-17.680903086631893,12.142334715850415,-179.51945304684887,0.0,0.0,0.0,0.0,0.0,0.0,,
21.92285899999996,-17.71413450563333,12.152754067031369,-179.49754755007888,0.0,0.0,0.0,0.0,0.0,0.0,,
21.932364000000007,-17.74056343098494,12.16077704211921,-179.47553168863894,0.0,0.0,0.0,0.0,0.0,0.0,,
21.941880999999967,-17.75706016124252,12.171391290472032,-179.45643466327735,-0.002037842255871007,0.026446709945915168,0.008284553011719376,0.0,0.0,0.0,,
21.951390000000004,-17.765299326193187,12.186990114514114,-179.44205740282365,-0.0023266050682671322,0.03004942319109035,0.009417419929693489,0.0,0.0,0.0,,
21.960906999999963,-17.76537580255175,12.20902318587172,-179.4312414853075,-0.0025362011059599284,0.03262550234237107,0.010224116105368518,0.0,0.0,0.0,,
21.970416999999998,-17.752953891932247,12.235560744401285,-179.4214647508893,-0.008398758973102058,0.024354762167773786,0.03759344331519558,0.0,0.0,0.0,,
21.979914000000008,-17.728905851064262,12.271397727872632,-179.4116721093345,-0.00879773156566064,0.02217328338326727,0.03939817444252872,0.0,0.0,0.0,,
21.989432999999963,-17.691498181946752,12.314721673348233,-179.4000666813757,-0.007370464560085328,0.020446247477841215,0.03277980002801978,0.0,0.0,0.0,,
21.998947999999984,-17.63532721842564,12.357874226952353,-179.38163515098316,0.0,0.0,0.0,0.0,0.0,0.0,,
22.00845899999996,-17.555380156095787,12.402823818195417,-179.35641557161094,0.0,0.0,0.0,0.0,0.0,0.0,,
22.01795999999996,-17.44705647740697,12.457910787961588,-179.32325263794877,0.0,0.0,0.0,0.0,0.0,0.0,,
22.02747899999997,-17.31746065791068,12.520138404514924,-179.28410457695435,0.0,0.0,0.0,0.0,0.0,0.0,,
22.036993999999993,-17.17189869740673,12.590146220070215,-179.2423395327276,0.0,0.0,0.0,0.0,0.0,0.0,,
22.04650399999997,-17.01504835873749,12.671669782522372,-179.2037087971242,0.0,0.0,0.0,0.0,0.0,0.0,,
22.05601200000001,-16.852779144355925,12.760956729366034,-179.17047465498374,-0.005998891982892624,-0.008482247912175252,0.027027201088784675,0.0,0.0,0.0,,
22.065523999999982,-16.687338422343352,12.852319740775213,-179.1445003103789,-0.007626627769882872,-0.010605461605346892,0.03411771800805827,0.0,0.0,0.0,,
22.075041999999996,-16.527119752169163,12.941584401474014,-179.1283758160083,-0.007539656593152829,-0.010312102398889926,0.03348927520514236,0.0,0.0,0.0,,
22.084542,-16.372936407646854,13.021212210200215,-179.119225182139,-0.007084744452133091,-0.009538525866312621,0.03126605861971563,0.0,0.0,0.0,,
22.094051999999976,-16.22412586419339,13.078648854967168,-179.11082485771544,-0.006756760623042934,-0.00897243310744549,0.029680390218165327,0.0,0.0,0.0,,
22.103565000000003,-16.079033814311945,13.11717124461278,-179.0985180013578,-0.007291303432764589,-0.009566545782928875,0.0319320651585233,0.0,0.0,0.0,,
22.113079999999968,-15.936572271275294,13.14766861452526,-179.07790237691208,-0.008134363881048202,-0.010555816645761688,0.0355468153993764,0.0,0.0,0.0,,
22.122582999999963,-15.798119239999073,13.175027397364238,-179.04573573629173,-0.010080437412221286,-0.01294897345597014,0.04397786689486952,0.0,0.0,0.0,,
22.132093999999995,-15.670402247081801,13.2106725376726,-179.00396892023414,-0.010534604109747329,-0.013400679619161514,0.045862469549540666,0.0,0.0,0.0,,
22.141616999999997,-15.557256367946136,13.257548397798807,-178.9569088283117,0.017630941223506252,-0.01284410380863435,0.05267326817383555,0.0,0.0,0.0,,
22.15112499999998,-15.461548108926905,13.316363044779333,-178.91069709227463,0.020404835376592607,-0.010365869468841915,0.044727553344519236,0.0,0.0,0.0,,
22.16063299999996,-15.38066687068048,13.380877443292466,-178.87031091705913,-0.008921108966260912,-0.011038803996283772,0.038410016186061706,0.0,0.0,0.0,,
22.170141,-15.31082967057013,13.446946978157227,-178.83990799483948,-0.009912771520449089,-0.01216083597509705,0.042479979294862996,0.0,0.0,0.0,,
22.17965099999998,-15.24921990352454,13.50054604444449,-178.82072522822438,-0.008758258426221724,-0.01066409353733966,0.03738565575130167,0.0,0.0,0.0,,
22.189174999999977,-15.195120497949533,13.532950540630933,-178.81178840507042,-0.00837944466868494,-0.010143786048328211,0.035681148613333234,0.0,0.0,0.0,,
22.198677999999973,-15.146456705120274,13.549084367511284,-178.8121720855873,-0.007712371944010013,-0.009293619637110324,0.03279611326546729,0.0,0.0,0.0,,
22.20819399999999,-15.10146202393869,13.552415605892472,-178.81909397047022,-0.009239108285056431,-0.011093062420267277,0.03926945442678237,0.0,0.0,0.0,,
22.217691000000002,-15.068598944905025,13.548562473055119,-178.830501970935,-0.005917868440041834,-0.007088184247902185,0.025153221207412438,0.0,0.0,0.0,,
22.227207999999962,-15.02827813551209,13.545127521976946,-178.8408662998966,-0.009811738047283353,-0.011717579542217015,0.04170307623089837,0.0,0.0,0.0,,
22.236722999999984,-15.001624829278896,13.554966814278213,-178.85075542314127,-0.007161154255522738,-0.008527050809302786,0.030406188751929932,0.0,0.0,0.0,,
22.24622899999997,-14.979580732791007,13.573523005384924,-178.85664685250958,-0.00851893724662648,-0.010112328155385864,0.03611312768923305,0.0,0.0,0.0,,
22.255743999999993,-14.959460174251877,13.594510320114074,-178.8564680366313,-0.008965206476607175,-0.010610884858698233,0.037941567142260955,0.0,0.0,0.0,,
22.265256999999963,-14.949513084303433,13.61998984261895,-178.8529939215892,-0.008615095217960203,-0.010171804134090147,0.036389493448159095,0.0,0.0,0.0,,
22.274766999999997,-14.938215459684251,13.646224916057912,-178.84563122297897,-0.008534618516169845,-0.010052283835602418,0.03598078490023984,0.0,0.0,0.0,,
22.28427099999999,-14.93300560874556,13.665556846333738,-178.83617114719016,-0.007578061738662632,-0.0089128781582927,0.03190601110463845,0.0,0.0,0.0,,
22.29378700000001,-14.92881547888228,13.679187454385536,-178.82612149614866,-0.0077012422577159715,-0.009049393407233673,0.03239677991528782,0.0,0.0,0.0,,
22.303297999999984,-14.926533161176424,13.689545416598408,-178.81709375387663,-0.007821768352705892,-0.009185610806449163,0.03288330990593077,0.0,0.0,0.0,,
22.322320999999988,-14.944974933776773,13.688601869932034,-178.80793041594941,-0.006583276123425908,-0.007744262173765602,0.0276846807542443,0.0,0.0,0.0,,
22.331839000000002,-14.962204318221628,13.684562928015874,-178.80829580105106,0.0,0.0,0.0,0.0,0.0,0.0,,
22.34134899999998,-14.979803813158043,13.679766076680297,-178.81061667216647,0.0,0.0,0.0,0.0,0.0,0.0,,
22.35086100000001,-14.99344252075852,13.673181540779037,-178.81154167381865,0.0,0.0,0.0,0.0,0.0,0.0,,
22.36036200000001,-15.003825603870608,13.670059193652541,-178.8114554783119,0.0,0.0,0.0,0.0,0.0,0.0,,
22.369861999999955,-15.002750855575801,13.67035099469272,-178.8079368743641,-0.006340371979780152,-0.0074987610909163244,0.026703621166389146,0.0,0.0,0.0,,
22.379384999999957,-14.995402962613488,13.67367117876028,-178.80109455411315,-0.006500243672020209,-0.0076838936050474356,0.027373409698262664,0.0,0.0,0.0,,
22.38890299999997,-14.980206249778059,13.677483702818801,-178.79210801259657,-0.0066531888480292675,-0.007856629225367156,0.0280136477431974,0.0,0.0,0.0,,
22.398405999999966,-14.959216779589285,13.68589882055559,-178.78336609997334,-0.007297029904048795,-0.008601650211549537,0.03070891840453355,0.0,0.0,0.0,,
22.407902999999976,-14.93862841730384,13.695443604486794,-178.77834502293635,-0.008216629417171458,-0.009666688363201406,0.03455569150673231,0.0,0.0,0.0,,
22.41742899999997,-14.922601296002153,13.706244780414128,-178.77990107663715,-0.00838179528878422,-0.00984166123571714,0.03521867684011803,0.0,0.0,0.0,,
22.426940000000002,-14.913413127232802,13.716955845685389,-178.790452434966,-0.00800927064728506,-0.009387414472350126,0.03361766974700672,0.0,0.0,0.0,,
22.436459999999954,-14.912180011666312,13.727157081114822,-178.80886820331293,-0.007097504263759384,-0.008306531538856887,0.029755875300592045,0.0,0.0,0.0,,
22.445963000000006,-14.913971708518249,13.733557256486282,-178.83048041232,-0.007439484633295016,-0.008697220665338908,0.031160505338948635,0.0,0.0,0.0,,
22.455479999999966,-14.920409857830602,13.734654386487573,-178.85125952554608,-0.00701254308115667,-0.00819515903370532,0.029357616590999523,0.0,0.0,0.0,,
22.464977999999974,-14.927158409427172,13.73362535093453,-178.86549293039644,-0.006910005608280563,-0.00807570802787018,0.02892256605157621,0.0,0.0,0.0,,
22.474493999999993,-14.932283423536669,13.734280978609391,-178.87023730029736,-0.0058219252560566806,-0.0068050682621128965,0.024364895223405476,0.0,0.0,0.0,,
22.48400799999996,-14.930255087032586,13.736606626467388,-178.86340308389057,-0.005877000399961199,-0.006868973644699756,0.02459431444032666,0.0,0.0,0.0,,
22.493525999999974,-14.920876344941474,13.74517724378889,-178.84700766163073,-0.006315519619176549,-0.007376366191803424,0.026420381744502827,0.0,0.0,0.0,,
22.503031999999962,-14.906119569797442,13.75690045887107,-178.82684019891425,-0.006424565967832958,-0.007494958478069815,0.026862625123221517,0.0,0.0,0.0,,
22.512541,-14.88567773942377,13.77218499909308,-178.80893900891883,-0.007520433479714623,-0.008756694568342669,0.031417994634910656,0.0,0.0,0.0,,
22.522062000000005,-14.86291973751514,13.788877751772038,-178.7986361905649,-0.007961004197109179,-0.009247095736186204,0.03322144099312339,0.0,0.0,0.0,,
22.531562000000008,-14.838819346637763,13.80679104064427,-178.7991531998405,-0.008130238761726536,-0.009415333442213325,0.03387913701862955,0.0,0.0,0.0,,
22.541066999999998,-14.815883269994067,13.82202055682351,-178.81047135053632,-0.008574034844794808,-0.009898421125211675,0.03567709448385058,0.0,0.0,0.0,,
22.550579999999968,-14.79640058700759,13.835981058201819,-178.82874151438966,-0.008635705350177882,-0.00993953253243778,0.035880833950260434,0.0,0.0,0.0,,
22.56008099999997,-14.778102260026959,13.848908063226029,-178.84811132214068,-0.008421200094580314,-0.009664542638166254,0.034940265439208196,0.0,0.0,0.0,,
22.56961100000001,-14.763226440606052,13.858951363073306,-178.8632805996672,-0.0082594802810699,-0.009457106697111924,0.03423169840225615,0.0,0.0,0.0,,
22.579110999999955,-14.752823905860856,13.866867199064325,-178.8711958907076,-0.007599346305371691,-0.00868750233501709,0.031471168551476164,0.0,0.0,0.0,,
22.59814399999999,-14.747039579600425,13.878972770213329,-178.86135463153164,-0.006392407705337818,-0.007300987364817069,0.026453304682939424,0.0,0.0,0.0,,
22.60764499999999,-14.748985760528265,13.882511403908406,-178.84826383310372,-0.0066188709289375335,-0.007562274138701572,0.02739027990846919,0.0,0.0,0.0,,
22.617165,-14.75431686726215,13.887988768032772,-178.8376689625875,-0.007017668258643275,-0.008020833931215993,0.02903480157274829,0.0,0.0,0.0,,
22.626674999999977,-14.7645960772919,13.894157514888464,-178.8336894421609,-0.006537116763511892,-0.007474834714702598,0.02703641002370576,0.0,0.0,0.0,,
22.63617099999999,-14.774930715770743,13.899146838907807,-178.83910190525967,-0.006886894185281664,-0.007876289217859716,0.028469564633406576,0.0,0.0,0.0,,
22.64570199999997,-14.78447485777321,13.903440070747555,-178.8540504694217,-0.007236607534196958,-0.008274983866506356,0.02989695648629731,0.0,0.0,0.0,,
22.655209999999954,-14.792929558169186,13.90766975838492,-178.8754897693218,-0.006976408020656943,-0.007973827535502319,0.028800731061378773,0.0,0.0,0.0,,
22.664716,-14.798870928854,13.908386574909523,-178.89744096061085,-0.007319034075757072,-0.008362076942972455,0.03020059402683056,0.0,0.0,0.0,,
22.674214000000006,-14.800710115664991,13.90810444964376,-178.91421902515205,-0.006989737647254713,-0.007982336447943474,0.028832870740840878,0.0,0.0,0.0,,
22.68373600000001,-14.796234938302566,13.90770907903277,-178.92121382017123,-0.007263538642222799,-0.008290574654606694,0.029958834726563476,0.0,0.0,0.0,,
22.69324899999998,-14.787802677116932,13.908004120432052,-178.91789632546764,-0.007477616291851104,-0.008530631602444274,0.030842763353393303,0.0,0.0,0.0,,
22.702759999999955,-14.777111427742941,13.910832683451979,-178.90541371553255,-0.007525388127919988,-0.008580665057005952,0.031040320585061107,0.0,0.0,0.0,,
22.71227799999997,-14.767170074461253,13.911706111659951,-178.88664516599002,-0.00723700012701039,-0.008250947043551584,0.029859500083011213,0.0,0.0,0.0,,
22.721790999999996,-14.758653681834478,13.911386410310406,-178.8659993337706,-0.006393310685489113,-0.00729009875634071,0.02638961387360542,0.0,0.0,0.0,,
22.731303999999966,-14.752942392998747,13.909904314174023,-178.84723184667988,0.0,0.0,0.0,0.0,0.0,0.0,,
22.74081799999999,-14.749001886494355,13.905020820375801,-178.83195999820444,0.0,0.0,0.0,0.0,0.0,0.0,,
22.750320999999985,-14.744786936626964,13.89747813843492,-178.81957602497718,0.0,0.0,0.0,0.0,0.0,0.0,,
22.759839999999997,-14.735566722299021,13.886918085213491,-178.8062895743094,0.0,0.0,0.0,0.0,0.0,0.0,,
22.769352999999967,-14.719884152653014,13.875646711978003,-178.78707743623374,-0.005744945661725813,-0.006567512051136934,0.02381420462475841,0.0,0.0,0.0,,
22.778863,-14.695348744887315,13.868829422816715,-178.75889829045192,-0.006758792716201136,-0.007724392975309894,0.028046086377118855,0.0,0.0,0.0,,
22.78836799999999,-14.658182462559191,13.869180401447386,-178.7213543329904,-0.007106042105281894,-0.008110195984366212,0.029506380082138746,0.0,0.0,0.0,,
22.79787299999998,-14.614742180185809,13.875664321738894,-178.67815349261318,-0.0075106119557379674,-0.008554330315583291,0.031195108237147044,0.0,0.0,0.0,,
22.807379999999966,-14.565524426011978,13.88794465289863,-178.6350363057892,-0.008360236590353103,-0.009494495785825379,0.03471778483238136,0.0,0.0,0.0,,
22.816884999999957,-14.511994176946505,13.903421368189282,-178.5992237006277,-0.008881687541946178,-0.010049432291057548,0.0368617584348622,0.0,0.0,0.0,,
22.82630899999998,-14.461932559490894,13.917729582947864,-178.57662223955967,-0.008744299340781699,-0.009856030369120734,0.036264336232144694,0.0,0.0,0.0,,
22.835906999999963,-14.418885809877407,13.929021403192857,-178.56978420025328,-0.008555797310939221,-0.009608102828926575,0.03545362057674541,0.0,0.0,0.0,,
22.84542799999997,-14.383687134963484,13.93378183051168,-178.5781119431009,-0.008699004971082863,-0.00973780479213022,0.03602552506653298,0.0,0.0,0.0,,
22.86444499999999,-14.347204440089142,13.924415499599315,-178.61921227434675,-0.007716605240860852,-0.008608408722122445,0.031952118166760905,0.0,0.0,0.0,,
22.873962000000006,-14.342145029386296,13.911698534982413,-178.6366576206139,-0.00802810232682763,-0.008955165056094585,0.03326270899720382,0.0,0.0,0.0,,
22.883455999999967,-14.339477060040226,13.900292708415229,-178.64304614770316,-0.008009556894099917,-0.008937946604372046,0.033210593816591555,0.0,0.0,0.0,,
22.89298199999996,-14.342119782030293,13.895387666403975,-178.63766958268516,-0.007727144175498808,-0.00862908955131356,0.032055176847248554,0.0,0.0,0.0,,
22.90249,-14.343970625174466,13.895534919824996,-178.6204873077903,-0.007892349166474626,-0.008819998187642107,0.03275122656558088,0.0,0.0,0.0,,
22.911996999999985,-14.34606726066745,13.901700010660626,-178.59771673609703,-0.007734051089940597,-0.008647556739522283,0.03209353699700379,0.0,0.0,0.0,,
22.921506999999963,-14.345947454600505,13.914308513206395,-178.57568080804913,-0.007638632503780652,-0.00853978094143435,0.03168055521083177,0.0,0.0,0.0,,
22.931022999999982,-14.347161965205082,13.928890991312734,-178.5592944588465,-0.007437371108933325,-0.008311725307223327,0.030821303445352947,0.0,0.0,0.0,,
22.940537000000006,-14.348765921059323,13.93985504497596,-178.55193981333966,-0.007176788976876462,-0.00801730751528746,0.029720808256716608,0.0,0.0,0.0,,
22.95004499999999,-14.351865566334604,13.946864774910633,-178.55404363855845,-0.0065248787468940635,-0.007286551909908219,0.02700565252912419,0.0,0.0,0.0,,
22.959562000000005,-14.35724609786536,13.949312377271378,-178.56406363950745,-0.0063126621838454425,-0.007048632279542968,0.026117600341555563,0.0,0.0,0.0,,
22.96906899999999,-14.361106087672649,13.941340780379624,-178.57606061864473,-0.006750074685161131,-0.007540229758452288,0.02793804588391334,0.0,0.0,0.0,,
22.978568999999993,-14.362793217105564,13.930179973244371,-178.58518998677494,-0.006903240570249832,-0.007715882291196737,0.028591419628770372,0.0,0.0,0.0,,
22.997601999999972,-14.361992081476622,13.916773680278629,-178.58461114092177,-0.006717326386894705,-0.007514916370093054,0.027850278531112466,0.0,0.0,0.0,,
23.007109999999955,-14.358106685661513,13.914609439224416,-178.57394164730655,-0.006875301155254056,-0.007693528813826843,0.02851570096570951,0.0,0.0,0.0,,
23.016616999999997,-14.351828795400433,13.92149838924571,-178.56006198853186,-0.007375537207196021,-0.008249519123871119,0.030582208779447645,0.0,0.0,0.0,,
23.02614299999999,-14.34479397258463,13.934351474746098,-178.54805194338937,-0.008106062099413919,-0.0090575443075553,0.033585585448189716,0.0,0.0,0.0,,
23.03564,-14.339610846885531,13.94631030253239,-178.542906059081,-0.00861742938930929,-0.009618903909841983,0.03567483398842597,0.0,0.0,0.0,,
23.04514999999998,-14.3392797066267,13.9607822723629,-178.54942230048528,-0.009250989490835922,-0.01031294699776322,0.03825040836225156,0.0,0.0,0.0,,
23.05465899999996,-14.344966040141744,13.975129364835595,-178.56927932205534,-0.009393730153609474,-0.010458543423164077,0.03878349785504853,0.0,0.0,0.0,,
23.073695999999984,-14.380759255138557,13.99345984125624,-178.63984592519964,-0.009356894045222375,-0.01040548514420627,0.03852725290856778,0.0,0.0,0.0,,
23.08319899999998,-14.408118061372766,14.001822706073302,-178.68302802892995,-0.008064456104498012,-0.008967196275894429,0.03315834016256718,0.0,0.0,0.0,,
23.092709999999954,-14.437891283719217,14.010856932956367,-178.72442386991528,-0.008000194986268699,-0.008896405921747962,0.032846873814217845,0.0,0.0,0.0,,
23.10222299999998,-14.465948658402619,14.01719805824142,-178.76006702033598,-0.007314435291829638,-0.008136570685163819,0.029997541264456373,0.0,0.0,0.0,,
23.111739,-14.489096233699161,14.025534180668409,-178.78764754347105,-0.006009220352208141,-0.006685467387007724,0.024616858290745464,0.0,0.0,0.0,,
23.121245999999985,-14.505075423796626,14.033930817055959,-178.80538333322562,0.0,0.0,0.0,0.0,0.0,0.0,,
23.130758999999955,-14.511937723480314,14.040541743811575,-178.81171057458718,0.0,0.0,0.0,0.0,0.0,0.0,,
23.140262000000007,-14.508790868371753,14.044868831897368,-178.8058067839642,0.0,0.0,0.0,0.0,0.0,0.0,,
23.149782999999957,-14.49806585880101,14.044082542777689,-178.78997738610664,-0.002048670032092837,0.024393896623884945,0.006128755121180788,0.0,0.0,0.0,,
23.159280999999964,-14.487079376279135,14.040566835941847,-178.76563405230922,-0.008778827853934674,0.023040203411760163,0.03311120799113964,0.0,0.0,0.0,,
23.16880199999997,-14.482255868622387,14.033565126050592,-178.73915301651965,-0.010593648240383599,0.02574759876350532,0.04010608434359768,0.0,0.0,0.0,,
23.17829999999998,-14.486137392412687,14.024558906490538,-178.71393317824771,-0.011502281697265155,0.02491372933479498,0.043798819858575824,0.0,0.0,0.0,,
23.187819999999988,-14.500361640864877,14.011585028323635,-178.69410067246613,-0.011515628617589802,0.02074646263063659,0.04424019065126825,0.0,0.0,0.0,,
23.19732399999998,-14.522816276126711,13.996308114036378,-178.6813427794264,-0.010144339463757554,0.01538867309005106,0.0392663581362553,0.0,0.0,0.0,,
23.206839000000002,-14.547787428880644,13.981704796483864,-178.67619494009648,-0.007437542144965108,-0.008367991534990276,0.030639443035030252,0.0,0.0,0.0,,
23.216354999999965,-14.567388103953881,13.969641555997567,-178.67554150081355,-0.006715364617899342,-0.00757275321859331,0.0276911946010821,0.0,0.0,0.0,,
23.225862000000006,-14.578221568446933,13.95908013659666,-178.6768855651497,-0.005711134762534239,-0.0064498292915544115,0.02356902800674449,0.0,0.0,0.0,,
23.235374999999976,-14.576746082100092,13.954347921592307,-178.67848114666938,0.0,0.0,0.0,0.0,0.0,0.0,,
23.244889,-14.560562118999089,13.953016131161919,-178.67709754804596,0.0,0.0,0.0,0.0,0.0,0.0,,
23.25439399999999,-14.528067287826277,13.956922811243883,-178.67078772133831,0.0,0.0,0.0,0.0,0.0,0.0,,
23.263907999999958,-14.482924795256361,13.964355113433879,-178.65948455849167,-0.006460928453066965,-0.00724832252828951,0.026657019866863824,0.0,0.0,0.0,,
23.273416999999995,-14.431220259281549,13.973469022339275,-178.64508366786907,-0.007091407571764065,-0.007924791500365949,0.029243374794557454,0.0,0.0,0.0,,
23.282926999999972,-14.379325481578464,13.98381617697862,-178.62955538597438,-0.008169596795045888,-0.00909363187359891,0.03366989891363758,0.0,0.0,0.0,,
23.29244299999999,-14.332841920928004,13.993873946018489,-178.6150073785868,-0.008753032175096048,-0.00970816710513224,0.036053788122919955,0.0,0.0,0.0,,
23.301946999999984,-14.29640286893889,14.001694243147073,-178.60409998856917,-0.009343551636617818,-0.010333821601129613,0.0384686395763781,0.0,0.0,0.0,,
23.31145699999996,-14.27309107984681,14.010588047425381,-178.59613129193318,-0.009112486687425338,-0.010057599046995894,0.03749598564228328,0.0,0.0,0.0,,
23.32096999999999,-14.263219508941265,14.014449972040675,-178.59054078834583,-0.008662620495119873,-0.009553439072833812,0.035637555454392525,0.0,0.0,0.0,,
23.330486000000008,-14.262155977803733,14.015175585117928,-178.5846516080677,-0.008048372673924081,-0.008876714161568837,0.03311242872259944,0.0,0.0,0.0,,
23.340000999999972,-14.264959306704247,14.012056664974326,-178.57571293691808,-0.0069856427321313514,-0.007710296374552951,0.028752102985720628,0.0,0.0,0.0,,
23.349505999999963,-14.269878095730665,14.004744445364459,-178.56237542022814,-0.006922091061411376,-0.00765041282563273,0.02851401637516466,0.0,0.0,0.0,,
23.359015999999997,-14.271720712114668,13.995201872231387,-178.54434854823103,-0.007019010809551256,-0.007768694547323507,0.028944481398628173,0.0,0.0,0.0,,
23.36853199999996,-14.267837855276065,13.987105548018217,-178.5241568577062,-0.007501404737515749,-0.008310860714141858,0.03096470431159533,0.0,0.0,0.0,,
23.37803600000001,-14.258460512070478,13.98022352858049,-178.50437692155398,-0.008202027731779912,-0.009091541600564294,0.03388689000304122,0.0,0.0,0.0,,
23.38755199999997,-14.2452453732682,13.979229543076567,-178.48919077237366,-0.008519435937254852,-0.00943990152743943,0.035210320392003065,0.0,0.0,0.0,,
23.397061000000008,-14.231357005609484,13.983958776935472,-178.48061967527912,-0.008735085398176756,-0.009668664614921562,0.03609346798253966,0.0,0.0,0.0,,
23.406567999999993,-14.221678802170215,13.99422154154538,-178.48076944833537,-0.008242216077577212,-0.009110000538469307,0.034029441259639456,0.0,0.0,0.0,,
23.416087000000005,-14.216252759315143,14.005941894600063,-178.48870385252653,-0.00803394655196023,-0.008866482852601968,0.033134452618288006,0.0,0.0,0.0,,
23.425589000000002,-14.216073493586569,14.01570541223329,-178.50229252156308,-0.007493703864040968,-0.008260541992131326,0.03087522907288408,0.0,0.0,0.0,,
23.435006999999985,-14.225473571685942,14.020429170132141,-178.52005590673613,-0.007177323192700032,-0.007909705785105409,0.02955151578633483,0.0,0.0,0.0,,
23.444613000000004,-14.241429900134493,14.020094490533978,-178.5373373255969,-0.0066362158446587795,-0.007317700988992661,0.027316085341109443,0.0,0.0,0.0,,
23.45413199999996,-14.26482323186174,14.01384331606874,-178.55260734872658,-0.006260521299006424,-0.006914621178047302,0.025775546681176823,0.0,0.0,0.0,,
23.463638000000003,-14.291369504901919,14.005565532274458,-178.56514775550247,-0.006720395699661508,-0.0074380512866615185,0.027681139662733622,0.0,0.0,0.0,,
23.47314799999998,-14.319990196803738,13.994778199576006,-178.57564426802142,-0.007344799247557932,-0.008149352270344365,0.030273494292506267,0.0,0.0,0.0,,
23.482658999999956,-14.348035061743651,13.988114598537663,-178.58582795766017,-0.006916981096354118,-0.00769126527576436,0.028520559958808776,0.0,0.0,0.0,,
23.492166999999995,-14.372811610264646,13.981826420103928,-178.59552861120446,-0.006598275281511012,-0.007350903059758362,0.02721568954308504,0.0,0.0,0.0,,
23.501688,-14.39082593745131,13.976311543237983,-178.60393325122715,-0.006830469723809617,-0.00762028392081661,0.0281816474148331,0.0,0.0,0.0,,
23.51119399999999,-14.402820749852614,13.976578159955968,-178.61000307412414,-0.006898226131468202,-0.007700809540476377,0.02845791426198394,0.0,0.0,0.0,,
23.520703999999967,-14.4117607548361,13.983741089108143,-178.61351076398697,-0.00669465806597079,-0.007473726992763729,0.027601610759543774,0.0,0.0,0.0,,
23.53971999999999,-14.409180954818694,13.99418221224154,-178.60226702590396,-0.007874235197181273,-0.008785939778005694,0.03244602915730412,0.0,0.0,0.0,,
23.549230999999963,-14.400039306810175,13.998411230555872,-178.58899956654736,-0.00770323298261105,-0.008590872761310498,0.03173881213359352,0.0,0.0,0.0,,
23.558744999999988,-14.388814642434216,14.000542424927971,-178.57318979167985,-0.007081646651023875,-0.007894410782084077,0.029181351397441213,0.0,0.0,0.0,,
23.568261000000007,-14.375817765298127,14.000034334314078,-178.5575568323014,-0.006955604586442733,-0.0077510956019980525,0.028671061117130907,0.0,0.0,0.0,,
23.577762000000007,-14.362953095271319,14.001389659164637,-178.54538507943977,-0.006054003195432463,-0.006742295243270882,0.02495733747740185,0.0,0.0,0.0,,
23.587278999999967,-14.351249790249497,14.000535126523229,-178.53753357099268,0.0,0.0,0.0,0.0,0.0,0.0,,
23.59678600000001,-14.336451694655182,13.996002243164387,-178.5325294650025,-0.00574272944888435,-0.006388573010369164,0.023688510505238066,0.0,0.0,0.0,,
23.60629899999998,-14.318567814561495,13.992929093383111,-178.52851414353134,-0.005721712668595022,-0.006359147649320325,0.023608338008619206,0.0,0.0,0.0,,
23.625321999999983,-14.262560624893842,13.991086696414744,-178.51274442762937,-0.0075564251967640515,-0.008369585247226703,0.0311888839301887,0.0,0.0,0.0,,
23.634829999999965,-14.229169347211974,13.9956912339148,-178.49899514818918,-0.008142831896266972,-0.008998427252541626,0.03360405162490514,0.0,0.0,0.0,,
23.64434399999999,-14.192715835519804,14.006057109233934,-178.4828289236069,-0.008234691001530042,-0.009074086258867345,0.03396425830713321,0.0,0.0,0.0,,
23.653862000000004,-14.15694999038946,14.01371279833026,-178.46432547653671,-0.00887959544343861,-0.0097600286892865,0.03661305853289838,0.0,0.0,0.0,,
23.663378999999964,-14.127697422848456,14.01936471464796,-178.44800788662963,-0.00902683536673283,-0.009902171212023221,0.03721344788882388,0.0,0.0,0.0,,
23.672874999999976,-14.105040703776897,14.020909367976465,-178.43482801479138,-0.008895611769707107,-0.009745310830636286,0.03667561847700582,0.0,0.0,0.0,,
23.682389999999998,-14.09402413269492,14.015882306451909,-178.42675595892098,-0.008431283647906861,-0.009234958370655773,0.03477912180421283,0.0,0.0,0.0,,
23.691899999999976,-14.091205021378427,14.003601509210757,-178.42390250649981,-0.008798673471951566,-0.009644627839137665,0.036330419348572805,0.0,0.0,0.0,,
23.701414,-14.099054441731834,13.986178820086675,-178.42418315248884,-0.007889728008883204,-0.008663843641894623,0.03262110604543813,0.0,0.0,0.0,,
23.710921999999982,-14.1127723784197,13.9637054344849,-178.42425443131813,-0.0075355666031849755,-0.008296443884362044,0.031211309463641385,0.0,0.0,0.0,,
23.720433999999955,-14.126628410366084,13.940656705717497,-178.42119051817278,-0.007790246257103319,-0.008600535725622338,0.0323261073111091,0.0,0.0,0.0,,
23.729941999999994,-14.1373050882924,13.920365048927264,-178.41249094801037,-0.0062764938271716395,-0.006946878965361061,0.02609030149148881,0.0,0.0,0.0,,
23.73945199999997,-14.135780831271282,13.904251260586802,-178.39649306101876,-0.006140670295189394,-0.006807354281628998,0.02556517631107384,0.0,0.0,0.0,,
23.748965999999996,-14.12456277766557,13.896649374502752,-178.37616332981875,-0.006172969198778451,-0.006846043250541315,0.02572416171009214,0.0,0.0,0.0,,
23.75847799999997,-14.101709087559351,13.894924664374182,-178.35355595349964,-0.006037336546694268,-0.0066904120982399186,0.025171993806867198,0.0,0.0,0.0,,
23.767993999999987,-14.065696807324752,13.895274148953977,-178.33207127511022,-0.00671937874371917,-0.007431762718972758,0.028024243689363914,0.0,0.0,0.0,,
23.777504999999962,-14.021669344162474,13.898041101020006,-178.3163943089906,-0.006902726611505265,-0.007612260660229713,0.028788531548087373,0.0,0.0,0.0,,
23.787007999999958,-13.968626996989277,13.897640165183384,-178.30770235593099,-0.008948472999546538,-0.009832558619695864,0.03732326887688397,0.0,0.0,0.0,,
23.796528999999964,-13.912816392559787,13.889854747750574,-178.30339464565125,-0.009989263643411066,-0.010938056394445655,0.04168728886891989,0.0,0.0,0.0,,
23.815545999999983,-13.814615019981272,13.865477405160757,-178.29583550915405,-0.008873924265059603,-0.009664449758940291,0.03709921853624621,0.0,0.0,0.0,,
23.82505900000001,-13.772694044815395,13.849019584752899,-178.2809189464013,-0.008315372992680195,-0.009042752745768157,0.03481472078409848,0.0,0.0,0.0,,
23.83457599999997,-13.732265114953535,13.82801884802798,-178.25146824420273,-0.007641003594235427,-0.008304896866412935,0.03205811105111426,0.0,0.0,0.0,,
23.844070999999985,-13.689901800815154,13.806504399420085,-178.2097933136314,-0.006472488276663493,-0.007033237853026849,0.02721958101516697,0.0,0.0,0.0,,
23.853588000000002,-13.649411630918976,13.785713305733157,-178.16023633392038,0.0,0.0,0.0,0.0,0.0,0.0,,
23.863099999999974,-13.610861168037003,13.761007061442461,-178.10944247229068,0.0,0.0,0.0,0.0,0.0,0.0,,
23.87260299999997,-13.574031813463742,13.725491993781679,-178.06429581694704,-0.006028157061051872,-0.006563712323880205,0.025574413945398198,0.0,0.0,0.0,,
23.88212299999998,-13.542649725656666,13.686766596545286,-178.0313564595813,-0.006812311480962715,-0.007428840804152593,0.029004714134105408,0.0,0.0,0.0,,
23.891629999999964,-13.514010486595486,13.63720948892161,-178.01282374019578,-0.00838881032761978,-0.009166468157941272,0.03586625581109369,0.0,0.0,0.0,,
23.901149999999973,-13.490856371210164,13.587999269225893,-178.00752855271267,-0.009638293534988306,-0.010552433907200936,0.0413702919672443,0.0,0.0,0.0,,
23.91065599999996,-13.475466317540377,13.54543978837233,-178.00889812679196,-0.010093954675969685,-0.011071809097942122,0.04346937674076085,0.0,0.0,0.0,,
23.920177999999964,-13.463214876657263,13.505164070966007,-178.00829313179264,-0.010018552772427984,-0.011011186575162587,0.04328190631977155,0.0,0.0,0.0,,
23.929666999999995,-13.45159551076942,13.469943770237716,-178.00048678477324,-0.01090951371449275,-0.012013799799342452,0.047268933841275805,0.0,0.0,0.0,,
23.939178999999967,-13.438961475201783,13.44448200711542,-177.98197510416503,-0.009364747286827284,-0.0103285121867806,0.04067130968668291,0.0,0.0,0.0,,
23.94870599999996,-13.426081898406762,13.416819083200556,-177.9528623757601,-0.00819275804865838,-0.009054476414677434,0.03567885313711838,0.0,0.0,0.0,,
23.95820699999996,-13.407945037782687,13.385864118816697,-177.91752419147124,-0.007069962079926908,-0.007830080235312632,0.03088512467366334,0.0,0.0,0.0,,
23.967713000000003,-13.386712058069836,13.35381998079099,-177.88278979775137,-0.006266001451972909,-0.00695309840156995,0.027460369916204975,0.0,0.0,0.0,,
23.97724199999999,-13.361795915827763,13.317894122737622,-177.85425396442568,0.0,0.0,0.0,0.0,0.0,0.0,,
23.986740999999995,-13.338107821623574,13.275600263517893,-177.8363920559535,0.0,0.0,0.0,0.0,0.0,0.0,,
23.996257999999955,-13.31590278779013,13.238861582060954,-177.83131051410703,0.0,0.0,0.0,0.0,0.0,0.0,,
24.005772999999976,-13.292645572548434,13.212758945717889,-177.8344171389028,0.0,0.0,0.0,0.0,0.0,0.0,,
24.015281999999956,-13.279300950634731,13.18906732088659,-177.83848994674247,0.0,0.0,0.0,0.0,0.0,0.0,,
24.024790999999993,-13.269718316753375,13.173596338764685,-177.83347389636867,-0.00723087602875667,-0.008072023062838217,0.03217468000650245,0.0,0.0,0.0,,
24.043807999999956,-13.262340406908988,13.153093669540366,-177.7639839795975,-0.011426880917987065,0.014194551797769184,0.04649163305613625,0.0,0.0,0.0,,
24.053315999999995,-13.261768680575686,13.139994632851502,-177.7029619969907,-0.010882526730202121,-0.01222748174868028,0.04867933225730247,0.0,0.0,0.0,,
24.06283099999996,-13.267979521892249,13.11954805658435,-177.63806790650906,-0.011045427847798705,-0.012464111724556184,0.04955533858609528,0.0,0.0,0.0,,
24.07234299999999,-13.273909703200458,13.082094294557152,-177.58223549736994,-0.011796400727314681,-0.01338172065189953,0.053147973302196866,0.0,0.0,0.0,,
24.081860000000006,-13.286109126084451,13.036793071464519,-177.54817982513276,-0.009469618708097425,-0.01080247783750617,0.04285597037861243,0.0,0.0,0.0,,
24.091365999999994,-13.29739956278233,12.987726371617768,-177.53779926924207,-0.006498529035373838,-0.007450274108097421,0.0295374586759567,0.0,0.0,0.0,,
24.10087199999998,-13.304771049816955,12.92281197834934,-177.5464140807487,-0.005356822066470328,-0.006173632966996937,0.02447685117117906,0.0,0.0,0.0,,
24.11039599999998,-13.308730881765944,12.862055748915962,-177.56568087234723,0.0,0.0,0.0,0.0,0.0,0.0,,
24.119891999999993,-13.305853373420538,12.815686782503686,-177.58257108999226,0.0,0.0,0.0,0.0,0.0,0.0,,
24.129411000000005,-13.305665644674313,12.775216239569696,-177.58768109531937,0.0,0.0,0.0,0.0,0.0,0.0,,
24.138916999999992,-13.316190539131474,12.744701209318043,-177.57826906143038,-0.008940350439487679,0.026910092900354066,0.03446503418676115,0.0,0.0,0.0,,
24.148419999999987,-13.335634881284422,12.729033839557008,-177.55509980763196,-0.009642939846179727,0.030710650917942693,0.03684981537191295,0.0,0.0,0.0,,
24.15794599999998,-13.366510023852213,12.716256714261855,-177.5241604661155,-0.009883191659376804,0.03116781336564846,0.03778983877710589,0.0,0.0,0.0,,
24.167453999999964,-13.404764451635167,12.697178017980358,-177.494288464272,-0.009393834319066674,0.025223447923005685,0.03675905866506312,0.0,0.0,0.0,,
24.176973999999973,-13.44566883203185,12.675266762397985,-177.47542313095806,-0.008411188825164522,0.01716556760340383,0.03400047787286451,0.0,0.0,0.0,,
24.186470999999983,-13.487989849441211,12.645079585229391,-177.47251720014984,0.0,0.0,0.0,0.0,0.0,0.0,,
24.195982999999956,-13.519738954508163,12.606716576281386,-177.48448065977095,0.0,0.0,0.0,0.0,0.0,0.0,,
24.205499999999972,-13.5331409733585,12.573433024095724,-177.50746947327013,0.0,0.0,0.0,0.0,0.0,0.0,,
24.214999999999975,-13.526634030332756,12.553482779602277,-177.53404450240197,0.0,0.0,0.0,0.0,0.0,0.0,,
24.224526999999966,-13.494387202721484,12.543764002187693,-177.5539873875051,0.0,0.0,0.0,0.0,0.0,0.0,,
24.23402599999997,-13.440621897923437,12.55162122262188,-177.5613880026926,-0.005218614646735714,-0.006253981293453218,0.02461366641454805,0.0,0.0,0.0,,
24.243540999999993,-13.37176546005472,12.577116131755288,-177.55563075736936,-0.006279129827111529,-0.00747087544441979,0.029546538442151517,0.0,0.0,0.0,,
24.25305800000001,-13.285675047841552,12.603471589165814,-177.5360561601252,-0.007677146578112633,-0.009059995388481387,0.036046068861326074,0.0,0.0,0.0,,
24.262564999999995,-13.19610699675938,12.629571107177155,-177.50921756401914,-0.00798987304790675,-0.009352138598811885,0.037438363241851486,0.0,0.0,0.0,,
24.272074999999973,-13.107097800158401,12.6464875466513,-177.48044349217537,-0.007151848869874131,-0.008309575501905595,0.03347123674041924,0.0,0.0,0.0,,
24.281589999999994,-13.019331530580718,12.64926948144395,-177.45421457084768,-0.006047236213768172,-0.006981930769105844,0.02830014898190237,0.0,0.0,0.0,,
24.291098999999974,-12.940712356207746,12.642773268768492,-177.43478719871035,0.0,0.0,0.0,0.0,0.0,0.0,,
24.300613,-12.868724102716667,12.634446418435827,-177.42121278791174,0.0,0.0,0.0,0.0,0.0,0.0,,
24.31012199999998,-12.812793682132243,12.619160134743725,-177.40891599389522,-0.005607187549559032,-0.006392016936318188,0.02631090168710266,0.0,0.0,0.0,,
24.31962699999997,-12.771711457014456,12.613761830510251,-177.38945958924427,0.0,0.0,0.0,0.0,0.0,0.0,,
24.329139999999995,-12.719559015199536,12.620313206017158,-177.35002658956157,-0.005535043540594585,-0.006274376995568318,0.025990388675630898,0.0,0.0,0.0,,
24.338561999999968,-12.672457367402753,12.636867489106978,-177.29053863445031,-0.006306724231521481,-0.007127231075356681,0.02960090641089945,0.0,0.0,0.0,,
24.348160000000007,-12.620910933590725,12.659156602908052,-177.21799036637265,-0.008865344756328204,-0.009984368414799999,0.04158081090000553,0.0,0.0,0.0,,
24.357672999999977,-12.577459347753248,12.68986625376852,-177.14933809692073,-0.010605597150145581,-0.011901686022967945,0.049669962888901305,0.0,0.0,0.0,,
24.36718099999996,-12.555121471614026,12.713540763026774,-177.1011063625903,-0.010867595834067087,-0.012171357967179032,0.05083700467493524,0.0,0.0,0.0,,
24.376705999999956,-12.549768082739963,12.716603711683137,-177.0814064271769,-0.011808437860773896,-0.013225208399994972,0.05524361481661781,0.0,0.0,0.0,,
24.38619299999999,-12.574039934931086,12.702602897263107,-177.09370029756118,-0.009570749413358337,-0.010747669323716583,0.044822719487575234,0.0,0.0,0.0,,
24.395715999999993,-12.610916289297773,12.672875614608191,-177.12734281983916,-0.006734440433253189,-0.007594281281283059,0.031604116208747854,0.0,0.0,0.0,,
24.405234000000007,-12.656267342126522,12.627557059318407,-177.16805490695737,-0.005873554377050135,-0.006662365098293132,0.0276547965758944,0.0,0.0,0.0,,
24.41473400000001,-12.705382036712766,12.58178532083458,-177.20221849784605,0.0,0.0,0.0,0.0,0.0,0.0,,
24.424252999999965,-12.747357594871229,12.545879346658792,-177.21827010843657,-0.0055001120798098,-0.006314975622987606,0.0260637974999852,0.0,0.0,0.0,,
24.433760000000007,-12.785068197776944,12.51660753428459,-177.2108541908824,-0.006175377452237954,-0.007130544912828463,0.02934717962460606,0.0,0.0,0.0,,
24.44327499999997,-12.811153545125489,12.50546449803258,-177.18112246704496,-0.0058833573762079126,-0.006821003536731655,0.028006470972893282,0.0,0.0,0.0,,
24.452785000000006,-12.825173851213888,12.508308247355178,-177.13673926351976,-0.005940210562689791,-0.006904038421230279,0.028297315667511185,0.0,0.0,0.0,,
24.46229199999999,-12.829844448365417,12.514496496892225,-177.08947012502395,-0.006578960300707954,-0.007658347801081217,0.03135399983978761,0.0,0.0,0.0,,
24.47181599999999,-12.82969737568288,12.522305528945123,-177.0517028700918,-0.006340190590878524,-0.007385582703777456,0.03021872812460223,0.0,0.0,0.0,,
24.481313999999998,-12.829581430054445,12.529272920654932,-177.0334135985478,-0.005956640257314298,-0.006939369602331914,0.028383988419009153,0.0,0.0,0.0,,
24.490823999999975,-12.832731694623103,12.527226147009278,-177.03872862417407,-0.005713311670064849,-0.006657436470663138,0.027226802699621896,0.0,0.0,0.0,,
24.50034199999999,-12.843360679952683,12.517858855280396,-177.06432638220753,-0.005420146680190248,-0.006320280758193653,0.02583857902696068,0.0,0.0,0.0,,
24.509845999999982,-12.858978199735587,12.504708226935549,-177.1015718349927,-0.006344938174403229,-0.0074060559454143735,0.030261006713959804,0.0,0.0,0.0,,
24.519362,-12.878076461937141,12.49085795466502,-177.13821146599085,-0.00911902949466258,0.01658920475394538,0.03737422486546295,0.0,0.0,0.0,,
24.52887499999997,-12.894548834683373,12.47738475094516,-177.16224285663446,-0.006635139246884694,-0.007767438035159604,0.03168625322232802,0.0,0.0,0.0,,
24.538381999999956,-12.89970250537136,12.471214984499396,-177.1649064694178,-0.005999318097883326,-0.007028844253369779,0.028664376902252327,0.0,0.0,0.0,,
24.54789599999998,-12.892930493698444,12.472310902576302,-177.14388101572524,0.0,0.0,0.0,0.0,0.0,0.0,,
24.55739699999998,-12.868830384802495,12.481939308026112,-177.10401808227434,0.0,0.0,0.0,0.0,0.0,0.0,,
24.566911000000005,-12.830578571084112,12.501880041942824,-177.05734590891532,0.0,0.0,0.0,0.0,0.0,0.0,,
24.57641799999999,-12.786295515012029,12.527624067656358,-177.0159530095122,0.0,0.0,0.0,0.0,0.0,0.0,,
24.585935000000006,-12.741011166000755,12.550802566596124,-176.9889332208356,-0.005329749998836061,-0.006163448964080032,0.025361698719123624,0.0,0.0,0.0,,
24.595458000000008,-12.69995417180337,12.568061104099291,-176.98113911803077,-0.005760436938090325,-0.006631873473517745,0.027369129921858845,0.0,0.0,0.0,,
24.604959000000008,-12.664643940633,12.580576039730735,-176.98959130489044,-0.006584463925804163,-0.007548866800814554,0.03123989160731809,0.0,0.0,0.0,,
24.614479999999958,-12.638364171654088,12.581663088794523,-177.00772686506028,-0.007109108355111219,-0.008126836986997808,0.033709534057739764,0.0,0.0,0.0,,
24.62398300000001,-12.619371740034751,12.574800997315117,-177.0250845220529,-0.007481376365280318,-0.008538411026534274,0.035480401872565015,0.0,0.0,0.0,,
24.633497999999975,-12.607856827265719,12.569775825103033,-177.0340935561236,-0.00771298093446636,-0.008795069799691342,0.036586192581834265,0.0,0.0,0.0,,
24.64300800000001,-12.601285094714257,12.564043345859245,-177.02919723758401,-0.007944692022595994,-0.009060030486402325,0.03770654648713452,0.0,0.0,0.0,,
24.652521999999976,-12.596860432843261,12.562694628442927,-177.0111913461234,-0.00906279110984425,-0.010338970359096207,0.043032757255958794,0.0,0.0,0.0,,
24.662012000000004,-12.598135139559048,12.573483655496329,-176.9853583815578,-0.008781298920158656,-0.01001947584673884,0.041678877999590316,0.0,0.0,0.0,,
24.671524999999974,-12.601995217922196,12.591344175741142,-176.95863185786993,-0.00870747175631568,-0.009933767438345025,0.041287329345558364,0.0,0.0,0.0,,
24.68104999999997,-12.614759013563647,12.61226778339575,-176.93809422139776,-0.006436853818045309,-0.007344330624864445,0.030480096286601952,0.0,0.0,0.0,,
24.69056599999999,-12.63326968017027,12.63641013750627,-176.92864620695389,0.0,0.0,0.0,0.0,0.0,0.0,,
24.700063999999998,-12.65757118988911,12.658810738659886,-176.92967965740652,0.0,0.0,0.0,0.0,0.0,0.0,,
24.70957599999997,-12.684924755889291,12.676638747278762,-176.9369422188823,0.0,0.0,0.0,0.0,0.0,0.0,,
24.719086000000004,-12.715714456948847,12.69513233999202,-176.94597051316543,0.0,0.0,0.0,0.0,0.0,0.0,,
24.72860399999996,-12.751446935383873,12.717584888153215,-176.94955909377592,0.0,0.0,0.0,0.0,0.0,0.0,,
24.73811699999999,-12.793571633227662,12.745660903706634,-176.94268105858794,0.0,0.0,0.0,0.0,0.0,0.0,,
24.747623999999973,-12.835669744565562,12.782048548845843,-176.9233349468858,-0.005420485379498232,-0.006217876120189016,0.025329600944041415,0.0,0.0,0.0,,
24.757134000000008,-12.878044244809983,12.827411192121582,-176.89344808452105,-0.012805898707810761,0.012685068714440853,0.05313907032287147,0.0,0.0,0.0,,
24.76665399999996,-12.93139698662991,12.870450220284296,-176.8597935759811,-0.014889146090695875,0.012547374150334896,0.0620577902305345,0.0,0.0,0.0,,
24.776151999999968,-12.981460497409177,12.900985821575965,-176.82544907086606,-0.013655863975298825,-0.0157598575725956,0.06333875435261531,0.0,0.0,0.0,,
24.785667999999987,-13.031988913530926,12.926175948780694,-176.7973615427999,-0.012028479967392666,-0.013925057326841862,0.05571683658307499,0.0,0.0,0.0,,
24.80469199999999,-13.098730580839446,12.94091151906896,-176.76192586768965,-0.009540435622642068,-0.011105230118855518,0.04418306898861556,0.0,0.0,0.0,,
24.81420399999996,-13.116612465648496,12.937759104591343,-176.7591810469304,-0.0072481107861847695,-0.008451850005558287,0.033580805471147085,0.0,0.0,0.0,,
24.823712999999998,-13.12028372977446,12.937237705132365,-176.76612030331987,0.0,0.0,0.0,0.0,0.0,0.0,,
24.833226999999965,-13.11404059511293,12.939375136638773,-176.78053779163398,0.0,0.0,0.0,0.0,0.0,0.0,,
24.84272999999996,-13.103774991497756,12.95324331536119,-176.80065029352414,0.0,0.0,0.0,0.0,0.0,0.0,,
24.852246999999977,-13.089115033599992,12.978526551138518,-176.823835834656,0.0,0.0,0.0,0.0,0.0,0.0,,
24.86174699999998,-13.07517133774509,13.010373608569916,-176.84663003739996,0.0,0.0,0.0,0.0,0.0,0.0,,
24.871263,-13.063797380721129,13.044996967005828,-176.86982496655838,0.0,0.0,0.0,0.0,0.0,0.0,,
24.880776999999966,-13.053604413106019,13.082725748158573,-176.89288285972478,-0.006914271207685684,-0.007896534385360423,0.03155100267933315,0.0,0.0,0.0,,
24.890295999999978,-13.045112690604535,13.117937940960607,-176.91750176667836,-0.008231774136400905,-0.009361720047829824,0.037432966766864986,0.0,0.0,0.0,,
24.89979199999999,-13.034690579915363,13.149327396777913,-176.94602345582626,-0.009142833597884838,-0.010354216879934139,0.041442059267074505,0.0,0.0,0.0,,
24.90930499999996,-13.018073573024903,13.182963220569793,-176.98105502215438,-0.008368793158822042,-0.009429499018736338,0.03779889626487083,0.0,0.0,0.0,,
24.918821999999977,-12.990499989327665,13.221280615333097,-177.02253921704343,-0.007897433075380654,-0.00884041424505921,0.035523873327913465,0.0,0.0,0.0,,
24.928328999999962,-12.946898489464694,13.266438780625263,-177.07061085247497,-0.007886028898924938,-0.008752436209096645,0.03530119726337056,0.0,0.0,0.0,,
24.937847999999974,-12.894368888576249,13.325303882577824,-177.12503618766343,0.0,0.0,0.0,0.0,0.0,0.0,,
24.947363999999993,-12.828786874770222,13.390627290646458,-177.18163109432194,0.0,0.0,0.0,0.0,0.0,0.0,,
24.95686599999999,-12.76036676673666,13.461690994499358,-177.2394652313676,0.0,0.0,0.0,0.0,0.0,0.0,,
24.966377999999963,-12.69367155013885,13.536139071846026,-177.29471627540278,0.0,0.0,0.0,0.0,0.0,0.0,,
24.97588300000001,-12.63141082127017,13.608566153013117,-177.34562423741798,0.0,0.0,0.0,0.0,0.0,0.0,,
24.985390999999993,-12.586004001670231,13.672278866444383,-177.39233194340815,-0.009330762576435083,0.025141207177222142,0.03361513764486663,0.0,0.0,0.0,,
24.994911000000002,-12.550027145202689,13.725687644625054,-177.43228348036277,-0.011236829433551254,0.023651200200862164,0.04162138372892812,0.0,0.0,0.0,,
25.004423999999972,-12.525843492308985,13.769321441706929,-177.4657001584307,-0.011735710217704282,0.019215887276419437,0.04437581301692759,0.0,0.0,0.0,,
25.01392999999996,-12.50762237527422,13.806860924860828,-177.49408212734028,-0.009404918484991424,-0.00954201546424632,0.039931250855570546,0.0,0.0,0.0,,
25.023442999999986,-12.484380726852846,13.842688293061025,-177.51791794062663,-0.009667651507209682,-0.009756915131530514,0.04091137616641413,0.0,0.0,0.0,,
25.03295399999996,-12.452786911853849,13.8830046935835,-177.53847881316875,-0.009000050548835016,-0.009027304776815336,0.037948885871097855,0.0,0.0,0.0,,
25.051965999999993,-12.334967860158061,13.98467741503388,-177.57539521252042,-0.008469486452198747,-0.008342086441416492,0.03539460843505628,0.0,0.0,0.0,,
25.061492999999984,-12.253386707086095,14.045634873410178,-177.59293458914848,-0.0077259258507090655,-0.0075215003602785244,0.03211763879115094,0.0,0.0,0.0,,
25.070989999999995,-12.15863300070946,14.107278722315996,-177.60786019347825,-0.00797220560687805,-0.0076630301508917725,0.0329666495836822,0.0,0.0,0.0,,
25.080501999999967,-12.06455223636345,14.163300093622855,-177.62003044555755,-0.007538356066324201,-0.007157958738167145,0.031023839676617048,0.0,0.0,0.0,,
25.09002099999998,-11.97489515795097,14.211894236286419,-177.62957644674876,-0.008221924806701808,-0.00771945887142837,0.033697276416177736,0.0,0.0,0.0,,
25.09952899999996,-11.902275914293872,14.249842410921719,-177.63686698033104,-0.007717479789959876,-0.0071805681487936476,0.03152796688088379,0.0,0.0,0.0,,
25.109039999999993,-11.849017754520313,14.277738130102303,-177.64442155131042,-0.007947889978883736,-0.007345328567316986,0.032391447036070435,0.0,0.0,0.0,,
25.118544999999983,-11.819212681128926,14.300374544364768,-177.6552857218309,-0.007051474114840892,-0.006487731329596039,0.028681387398724785,0.0,0.0,0.0,,
25.128062999999997,-11.808962307166672,14.318786254420948,-177.67104206607218,-0.006616878785594938,-0.006071571744974678,0.02686875346280738,0.0,0.0,0.0,,
25.13756699999999,-11.809128576376573,14.336993219590518,-177.69174660828773,-0.0070453353804787395,-0.006452173517700468,0.0285599643652115,0.0,0.0,0.0,,
25.14707999999996,-11.816838661595469,14.360614528365907,-177.71942472341738,-0.007146777891225082,-0.006532649091740399,0.02890775055813298,0.0,0.0,0.0,,
25.156596999999977,-11.818408979807138,14.386310314612906,-177.74999648969407,-0.00902463080196878,-0.008227154990744008,0.036415627663274046,0.0,0.0,0.0,,
25.166112999999996,-11.815365769874608,14.41775907752125,-177.78233130970014,-0.009250905473962932,-0.008403875151974648,0.037221567867041214,0.0,0.0,0.0,,
25.17562399999997,-11.802350513236211,14.448703435154913,-177.8112366692263,-0.009354157366349746,-0.008461953536233035,0.03753167585065687,0.0,0.0,0.0,,
25.18512899999996,-11.777762036294762,14.477449989925553,-177.83225822150428,-0.008519698770087994,-0.007670298255186132,0.0340968620149108,0.0,0.0,0.0,,
25.194639999999993,-11.747088681040706,14.501999108854612,-177.8427766791167,-0.008826769003298183,-0.007909791240552706,0.03525258973805643,0.0,0.0,0.0,,
25.20414999999997,-11.70712608926931,14.524775013499452,-177.84049599531403,-0.010109582838335272,-0.009015026469486842,0.04030471221565933,0.0,0.0,0.0,,
25.213662,-11.664591791412956,14.53942064534907,-177.82785016442466,-0.00859097125506365,-0.007628503432989547,0.034215826194588655,0.0,0.0,0.0,,
25.223172999999974,-11.628495721677188,14.541025538512082,-177.8106010367584,-0.008680112619939976,-0.007687273890564187,0.03457242476832047,0.0,0.0,0.0,,
25.23267999999996,-11.599470882472687,14.544001310402264,-177.79523026744644,-0.008021997746418492,-0.007088862241271795,0.03194907534088963,0.0,0.0,0.0,,
25.242188,-11.585088866800664,14.547388623552285,-177.78845432122236,-0.007725115205660985,-0.006818014650142391,0.030760914277773603,0.0,0.0,0.0,,
25.25169999999997,-11.583727447704593,14.549925065597112,-177.79395390519443,-0.0073218307231202795,-0.006458976192026881,0.029147008868887953,0.0,0.0,0.0,,
25.261214999999993,-11.592395351303542,14.556377258848057,-177.8111394662868,-0.007980025875002822,-0.007037677821812525,0.031744415180580556,0.0,0.0,0.0,,
25.270721999999978,-11.60900055908927,14.56976757144751,-177.83655284595162,-0.007551082571687983,-0.006657193458463373,0.029998068488733317,0.0,0.0,0.0,,
25.280242999999984,-11.626191570934342,14.582617156467252,-177.86478864731038,-0.008520225428419013,-0.007509034747889418,0.03380303288783006,0.0,0.0,0.0,,
25.28974999999997,-11.641470115503148,14.597546604146217,-177.88916936904815,-0.009026233217287974,-0.007950908488673851,0.03575928579592912,0.0,0.0,0.0,,
25.308772999999974,-11.645559993353718,14.63389722799827,-177.91284031329224,-0.009151515372981941,-0.008038083902281501,0.036146085163430784,0.0,0.0,0.0,,
25.318285000000003,-11.636323710154384,14.649393076040889,-177.9108929509311,-0.008408175269774531,-0.007372198481723021,0.03317249030596118,0.0,0.0,0.0,,
25.327781999999956,-11.62020212686055,14.666933795274714,-177.9034085203427,-0.007895188593344923,-0.006906514136308686,0.03111077989133441,0.0,0.0,0.0,,
25.337296999999978,-11.600754919539984,14.681502180952638,-177.89555095576756,-0.007432520552427876,-0.0064863149895221465,0.029258366973639795,0.0,0.0,0.0,,
25.34681999999998,-11.583229182899302,14.689363512545391,-177.8911328475126,-0.007900888656906952,-0.006882001810060065,0.031084825814930023,0.0,0.0,0.0,,
25.356327999999962,-11.56998776983792,14.694402638966713,-177.89422121134584,-0.007722713662541904,-0.006716047924855051,0.03037010282215336,0.0,0.0,0.0,,
25.365828999999962,-11.563317290213142,14.696245945404462,-177.90299963125653,-0.007133380103541853,-0.006197238348086328,0.02804448323433969,0.0,0.0,0.0,,
25.375342999999987,-11.562302306585098,14.692324971511864,-177.9147975672294,-0.00771594890489549,-0.006701696281100687,0.030338011749260835,0.0,0.0,0.0,,
25.38485499999996,-11.56658413727401,14.691891561063164,-177.92664338782447,-0.007484669806558091,-0.006500730617443652,0.029424641952950928,0.0,0.0,0.0,,
25.39437099999998,-11.57379931571155,14.692319491512023,-177.9340241705045,-0.007727038590870119,-0.006713548943610642,0.030373706583018235,0.0,0.0,0.0,,
25.40387899999996,-11.580396922799618,14.693090808372414,-177.93519008070814,-0.008498158808341238,-0.007387120483912521,0.03340296410285955,0.0,0.0,0.0,,
25.413415999999984,-11.585814792293878,14.695998826364537,-177.9306348797684,-0.008388809144342601,-0.0072953062000374064,0.03296889651338355,0.0,0.0,0.0,,
25.42292199999997,-11.58544250185136,14.69965611114926,-177.92073615517137,-0.00874621219044905,-0.007606699328458617,0.03436946600392338,0.0,0.0,0.0,,
25.43243100000001,-11.58217273177462,14.70185803833354,-177.90942037131643,-0.008216306083267578,-0.0071456031331608195,0.032287189397764475,0.0,0.0,0.0,,
25.441944999999976,-11.573771551860021,14.705073780150673,-177.8986881062761,-0.007860646441268007,-0.006832402829132717,0.03088663896512131,0.0,0.0,0.0,,
25.45145199999996,-11.56014298646226,14.70411370856032,-177.88989673255958,-0.008082960412621276,-0.007019862581030506,0.03176546066715799,0.0,0.0,0.0,,
25.460947999999973,-11.543184560830346,14.700498440543601,-177.88213887959336,-0.007416239854511776,-0.006434536023807332,0.029155082358023342,0.0,0.0,0.0,,
25.470459000000005,-11.520982305610845,14.691084402737038,-177.872408648814,-0.007265921944356525,-0.006297873928175146,0.028586300002263292,0.0,0.0,0.0,,
25.479978999999958,-11.496814857384992,14.67852508013583,-177.85876714847498,-0.006580531190008927,-0.005699111411153013,0.025917211221352213,0.0,0.0,0.0,,
25.48950500000001,-11.472925928537814,14.665326589416184,-177.84002608446565,-0.006657964387949482,-0.005762836273682094,0.026253252601111384,0.0,0.0,0.0,,
25.499010999999996,-11.450965292925728,14.65393683180847,-177.81504689250488,-0.0075007081071422985,-0.0064902631800563,0.029610377104085952,0.0,0.0,0.0,,
25.508500999999967,-11.434546263363819,14.644514890743201,-177.78584172292602,-0.0077631115887240604,-0.00671864322818281,0.03067957341192987,0.0,0.0,0.0,,
25.518003999999962,-11.42177629380437,14.640055038423833,-177.75652025979832,-0.00856218197451381,-0.0074116621230752204,0.03386231749507701,0.0,0.0,0.0,,
25.527518999999984,-11.418548287407885,14.6406930726968,-177.73328468969027,-0.008616286836743104,-0.007462162842032701,0.03408634153846926,0.0,0.0,0.0,,
25.537037999999995,-11.42271102923231,14.639025482091238,-177.719119563494,-0.008439396957014907,-0.00731612009103237,0.03339821804918561,0.0,0.0,0.0,,
25.54654499999998,-11.426794307319557,14.639805209047424,-177.71638930541184,-0.00856031914323262,-0.0074239659722501765,0.03387662322221856,0.0,0.0,0.0,,
25.556059000000005,-11.433117109122133,14.641497195068666,-177.72643389604008,-0.0077503122059128645,-0.006722118585450433,0.030663192966719162,0.0,0.0,0.0,,
25.565567999999985,-11.437946506859367,14.63855740378272,-177.74526886916428,-0.007517561172875137,-0.006519964716820874,0.029740714068518827,0.0,0.0,0.0,,
25.575075999999967,-11.438527110777278,14.634992232518133,-177.76879411098548,-0.008217060486070902,-0.007122768077499348,0.03250505498863399,0.0,0.0,0.0,,
25.584587999999997,-11.436190744202639,14.633470608258923,-177.79276076943958,-0.008098836934723068,-0.007013610145397795,0.03202914593031609,0.0,0.0,0.0,,
25.59411799999998,-11.426238868293243,14.633259802890224,-177.80928425926456,-0.008385686929290257,-0.007251497135578282,0.03315487399264991,0.0,0.0,0.0,,
25.603635999999995,-11.413076229131171,14.631817998416112,-177.81552190947386,-0.007906014438913343,-0.006827873903979057,0.031257577356533735,0.0,0.0,0.0,,
25.613137999999992,-11.396839523699208,14.633852371554575,-177.8099546541114,-0.007662217822436349,-0.006608205816323154,0.03029030922203704,0.0,0.0,0.0,,
25.622640999999987,-11.378682081833153,14.640148632497535,-177.79409507838577,-0.008183637824447016,-0.007047541336115653,0.032342665606221135,0.0,0.0,0.0,,
25.63215600000001,-11.36382797501637,14.64794772969471,-177.77225049279437,-0.007830876934501463,-0.006736582410345382,0.0309396178857772,0.0,0.0,0.0,,
25.65117799999996,-11.34911782201889,14.66368394282251,-177.7358064500638,-0.007664600433916779,-0.006586570505036236,0.030262937138723953,0.0,0.0,0.0,,
25.660684000000003,-11.354941090722226,14.668100883606636,-177.73283077708862,-0.0075583015045967835,-0.006497389956541928,0.029835390699938777,0.0,0.0,0.0,,
25.670202999999958,-11.366475020169071,14.66814454880257,-177.74110596769248,-0.007685242064447332,-0.0066113479231940005,0.030333630353560025,0.0,0.0,0.0,,
25.67971399999999,-11.382201329573444,14.66434807570424,-177.75831084086352,-0.008103449930146594,-0.006978375223818639,0.031986405952178325,0.0,0.0,0.0,,
25.689239999999984,-11.398403066152497,14.659108511562264,-177.77912756441606,-0.008461441631299443,-0.0072943104483575725,0.03340344436312757,0.0,0.0,0.0,,
25.698735,-11.410392434210777,14.654808488429953,-177.79761667683724,-0.008934655148306644,-0.007707600808066612,0.03527409042691982,0.0,0.0,0.0,,
25.70824399999998,-11.418126666611576,14.653734691145669,-177.81053105322871,-0.008999010050273938,-0.007765453362999398,0.03552483624781204,0.0,0.0,0.0,,
25.717753999999957,-11.418686429993663,14.661570558066922,-177.8147367485602,-0.007664083045235422,-0.006609453126866595,0.030235766171701116,0.0,0.0,0.0,,
25.72726399999999,-11.414851477222653,14.674508763067005,-177.81160800452736,-0.00709410803372843,-0.006111306748594627,0.027961611664703963,0.0,0.0,0.0,,
25.736775999999963,-11.405579078072243,14.6902585767128,-177.80264516261784,-0.0069339834413705715,-0.005964173087788516,0.02730191117704775,0.0,0.0,0.0,,
25.746204999999975,-11.393501721870646,14.705771407114256,-177.79381261013253,-0.00688866776163297,-0.005914674257502742,0.027095357771191687,0.0,0.0,0.0,,
25.755817999999977,-11.38248760477869,14.715209924455632,-177.7881467833974,-0.006835228104791889,-0.005860600600907212,0.02686804169180004,0.0,0.0,0.0,,
25.765318999999977,-11.375071284135092,14.717336454664622,-177.7886893334493,-0.006950596693962529,-0.005954648364117261,0.02731648737023434,0.0,0.0,0.0,,
25.774838999999986,-11.37122906954053,14.71354243455779,-177.79471935279614,-0.007472269095058196,-0.006399609772090367,0.029371888546410197,0.0,0.0,0.0,,
25.784329999999954,-11.372309282325368,14.70721575821196,-177.80397080138044,-0.007758440047389922,-0.0066459203530431716,0.03050675587926125,0.0,0.0,0.0,,
25.79383899999999,-11.377495819855866,14.701092669852612,-177.8135464637023,-0.007989113215314755,-0.006847104617795122,0.031423816765472005,0.0,0.0,0.0,,
25.803358000000003,-11.387164374422838,14.69974968230326,-177.82026356992324,-0.008171491985201649,-0.007008388680223294,0.03214197503740626,0.0,0.0,0.0,,
25.812868999999978,-11.395807001877795,14.701459244015012,-177.8212500124972,-0.008298508116803544,-0.007121745496128221,0.032637810695211524,0.0,0.0,0.0,,
25.82229000000001,-11.40441713666099,14.703840645397523,-177.81680084351245,-0.008308299586323566,-0.007135607396460041,0.0326735957348946,0.0,0.0,0.0,,
25.831886999999995,-11.410627730421167,14.709221836453064,-177.80775142879335,-0.008850119485372208,-0.007604888263700057,0.0347960118495963,0.0,0.0,0.0,,
25.841400999999962,-11.417772245770884,14.714660868078889,-177.79797323549238,-0.008392350726461545,-0.007216018445047744,0.03298858387653278,0.0,0.0,0.0,,
25.85091799999998,-11.422931688989763,14.716304740076108,-177.79046358445288,-0.008397983053179927,-0.007225301077333991,0.033010959787090725,0.0,0.0,0.0,,
25.860420999999974,-11.426563341128857,14.715373075805369,-177.78769757089051,-0.008222349989807585,-0.007077592034399041,0.032324457616457775,0.0,0.0,0.0,,
25.869934,-11.429875580124952,14.713249441154883,-177.79048519331727,-0.007456928587711695,-0.006420880817730139,0.029318965601550437,0.0,0.0,0.0,,
25.879435,-11.431406454785009,14.708991493170833,-177.7966034481138,-0.007569740075210936,-0.0065193127382828795,0.029769180008371518,0.0,0.0,0.0,,
25.88894899999997,-11.42962182150392,14.705575788317374,-177.80474450344354,-0.007328741874689402,-0.00631035882739297,0.028824948505157218,0.0,0.0,0.0,,
25.898468999999977,-11.423774867293274,14.706182770351983,-177.81249226882102,-0.007090765048590097,-0.0061003778352406715,0.027884008337541816,0.0,0.0,0.0,,
25.90797299999997,-11.413241321612487,14.710719644696628,-177.81670032380535,-0.006913611369852191,-0.005939767983638477,0.027175818664691057,0.0,0.0,0.0,,
25.917478999999958,-11.398036802420659,14.717429238149801,-177.81560660775577,-0.007147665238062665,-0.006130117435090613,0.028081309379604985,0.0,0.0,0.0,,
25.94600700000001,-11.341224044844196,14.73995763327733,-177.78366916628949,-0.008786962671039006,-0.007495469692468606,0.03447579802737429,0.0,0.0,0.0,,
25.95552799999996,-11.331395171904271,14.741761698366329,-177.7721164676158,-0.009311816679313929,-0.007938529739683994,0.036535515414944035,0.0,0.0,0.0,,
25.96503899999999,-11.332355419053384,14.737879434542762,-177.76476728597308,-0.009187052512735716,-0.007836858411262228,0.03606026025090238,0.0,0.0,0.0,,
25.97454799999997,-11.344196749076513,14.730740798786343,-177.76454480837276,-0.008771441285878754,-0.007493784474016315,0.03444818602367101,0.0,0.0,0.0,,
25.984065999999984,-11.366042537401267,14.722702350511913,-177.7717738750583,-0.008481021649245146,-0.007261736510483555,0.03332568947323752,0.0,0.0,0.0,,
25.993562999999995,-11.392607026143244,14.713045625642703,-177.78250359661948,-0.008251196940836108,-0.007083445489765483,0.03244277117692566,0.0,0.0,0.0,,
26.003082000000006,-11.419696811261957,14.706085388164693,-177.79441107063428,-0.007556076190184482,-0.0065025396340199215,0.029721754654768416,0.0,0.0,0.0,,
26.01260099999996,-11.444349010471619,14.699661223969413,-177.8031732540869,-0.006625181430865324,-0.005714536436074168,0.02607073475612682,0.0,0.0,0.0,,
26.022109,-11.458981400467259,14.697500644237536,-177.80511099236324,-0.00669209926169252,-0.005780152686186972,0.02633855168252837,0.0,0.0,0.0,,
26.031610999999998,-11.464457108137506,14.699529826414295,-177.80002567386032,-0.0066400674610134075,-0.005738252301051997,0.02613229348435235,0.0,0.0,0.0,,
26.04112299999997,-11.461887394983815,14.701002232068623,-177.78861479972278,-0.006639173444260804,-0.005737933048747532,0.02613026433624029,0.0,0.0,0.0,,
26.050635999999997,-11.453559368024761,14.703311380158771,-177.77331111906275,-0.0064584181780479736,-0.005579775948126059,0.025419815971518645,0.0,0.0,0.0,,
26.06014399999998,-11.440086533959182,14.705286021625247,-177.75687192165913,-0.00639066461202609,-0.005517151498157637,0.0251547621331007,0.0,0.0,0.0,,
26.06965600000001,-11.426203865035976,14.702386571316021,-177.7436512116677,-0.007020709863870032,-0.006057610914217385,0.027644989337603752,0.0,0.0,0.0,,
26.079177999999956,-11.416354526878717,14.697441251982296,-177.7349850367383,-0.007592020035035657,-0.0065489600018318,0.02990847650737078,0.0,0.0,0.0,,
26.088690999999983,-11.4126568966908,14.687915044585777,-177.7318248721755,-0.007691321495719899,-0.0066373290511818695,0.03032195168097955,0.0,0.0,0.0,,
26.09819299999998,-11.41310343803006,14.674026711426395,-177.73172532762572,-0.00778707635381886,-0.006726380101960235,0.030730832470081886,0.0,0.0,0.0,,
26.10769899999997,-11.416366933979464,14.659418929897198,-177.7300161910299,-0.007356326399104964,-0.0063626293174717415,0.02906310987294098,0.0,0.0,0.0,,
26.11722199999997,-11.420920417076516,14.643066895087525,-177.72298491611153,-0.006924274759155329,-0.005999292693737802,0.027392354910342094,0.0,0.0,0.0,,
26.126727999999957,-11.423560411232922,14.629823329311282,-177.70831299571716,-0.007196803304605697,-0.0062455464296706465,0.02850478698825143,0.0,0.0,0.0,,
26.13623899999999,-11.421874358492268,14.620702408925565,-177.68582161843426,-0.00811302098768549,-0.007049429424833119,0.032166099661939146,0.0,0.0,0.0,,
26.145749999999964,-11.417786380420546,14.62206670757331,-177.66004854462213,-0.008225683760292517,-0.007150585011642037,0.032621848083201066,0.0,0.0,0.0,,
26.155257000000006,-11.410288535155095,14.62630477069512,-177.6349371623544,-0.008223755989089504,-0.007148490014210112,0.03261569207475672,0.0,0.0,0.0,,
26.16477299999997,-11.400331017587705,14.627453377147262,-177.61442049365866,-0.008098940420748013,-0.00703833677055248,0.032126959850240826,0.0,0.0,0.0,,
26.174284,-11.385040241526935,14.63295154254166,-177.60362836001332,-0.007803212827520711,-0.006772264575417958,0.030944913050097996,0.0,0.0,0.0,,
26.183791999999983,-11.36868386264438,14.637474468674425,-177.60325203718563,-0.007097440800241749,-0.006149043372421984,0.028135406785255664,0.0,0.0,0.0,,
26.193308000000002,-11.349910311526472,14.63434317733856,-177.61185328600448,-0.007429863674421845,-0.006425677017098162,0.02945443638679635,0.0,0.0,0.0,,
26.202812999999992,-11.330491083380048,14.633912966369172,-177.62769854971498,-0.007416474582589968,-0.00639961024943559,0.029393502859762537,0.0,0.0,0.0,,
26.21232299999997,-11.313033313783597,14.636428990663205,-177.64589065649434,-0.007526256280771061,-0.006478995162819609,0.02981331486953425,0.0,0.0,0.0,,
26.221839999999986,-11.29778957695811,14.636007698940801,-177.66047361449242,-0.008509679649858094,-0.007312042429444159,0.03370099600299429,0.0,0.0,0.0,,
26.231340999999986,-11.287350352723303,14.63626815664161,-177.6681448564119,-0.008795717438967891,-0.007548594733525653,0.03482802195677799,0.0,0.0,0.0,,
26.240859999999998,-11.280520230729987,14.642632030440453,-177.6672132419365,-0.008508559097993832,-0.007294875478363297,0.03367497280645189,0.0,0.0,0.0,,
26.25037599999996,-11.276349592551917,14.64792575262761,-177.65697792142814,-0.00886384546629916,-0.007596748595071242,0.035072383948865395,0.0,0.0,0.0,,
26.259886999999992,-11.277168821318552,14.653626063357493,-177.64287080618882,-0.008696427042951945,-0.0074547327581203525,0.03440286467286145,0.0,0.0,0.0,,
26.269394999999975,-11.281686486463945,14.662163456463967,-177.62864898873366,-0.00830210375032001,-0.0071191764767054985,0.03282975764735245,0.0,0.0,0.0,,
26.27890199999996,-11.28747173766034,14.668698727906818,-177.61879155514123,-0.008022912530302233,-0.006882773056107258,0.031715731971915725,0.0,0.0,0.0,,
26.288414999999986,-11.293534056613275,14.668744341950472,-177.61561544858915,-0.007617232997904569,-0.006539002505072929,0.03011391663532827,0.0,0.0,0.0,,
26.297927999999956,-11.299072789054678,14.667740644115517,-177.62009475946869,-0.007386098578896343,-0.006343139910376254,0.029200844351188863,0.0,0.0,0.0,,
26.307428999999956,-11.302671495547115,14.666311503222731,-177.62980803922278,-0.006860687460220803,-0.005892346241437498,0.027122838780765896,0.0,0.0,0.0,,
26.316943999999978,-11.304199158084648,14.665111436942071,-177.64211259221892,-0.007563962283827801,-0.0064949342856642535,0.029900407483161022,0.0,0.0,0.0,,
26.326457000000005,-11.302929159369004,14.664134679350035,-177.6522778036147,-0.007796873590144502,-0.006692194522780832,0.030818507092354546,0.0,0.0,0.0,,
26.335973999999965,-11.298744669074217,14.666280730121187,-177.65678037424306,-0.007563384158031476,-0.0064874132390147065,0.029888489844731993,0.0,0.0,0.0,,
26.34549599999997,-11.291977877557418,14.666739294931482,-177.6542299538962,-0.007851659845776807,-0.006731008732436111,0.031027181056316452,0.0,0.0,0.0,,
26.35498899999999,-11.28433966696545,14.668318733823877,-177.64548150211596,-0.007671717342718964,-0.006573606428284367,0.03031585238998028,0.0,0.0,0.0,,
26.364508,-11.276466727826671,14.670151777242172,-177.63212603914792,-0.007608630175706175,-0.006517247312524499,0.030067786224424048,0.0,0.0,0.0,,
26.374008000000003,-11.269903623856726,14.671189462025529,-177.61834390536274,-0.007838110106479572,-0.006712676603564301,0.030978040294661526,0.0,0.0,0.0,,
26.383531000000005,-11.26548384116249,14.674355448982894,-177.6080937687784,-0.007838660971450882,-0.006711528044510732,0.030977333047788026,0.0,0.0,0.0,,
26.393031000000008,-11.266051851320345,14.677529777475517,-177.60474806365008,-0.007726503903058365,-0.006615240428922899,0.03052856235291193,0.0,0.0,0.0,,
26.40253100000001,-11.269626707457157,14.67910719675477,-177.60784822842118,-0.008083575868175822,-0.006921699414358089,0.031934579305204935,0.0,0.0,0.0,,
26.412031999999954,-11.27563657499699,14.68037615609647,-177.6163229584304,-0.00750501981890362,-0.006427301043106741,0.0296429957841398,0.0,0.0,0.0,,
26.421547999999973,-11.28070429487404,14.68220011011449,-177.62699986833334,-0.007512825264358991,-0.006433708436864337,0.029665578542717695,0.0,0.0,0.0,,
26.431216000000006,-11.284148833772543,14.683665627314578,-177.63596078389855,-0.007284164608558164,-0.006237240906880612,0.0287560327945521,0.0,0.0,0.0,,
26.440713999999957,-11.284090058311678,14.685010030050975,-177.64083444346656,-0.007462662286440589,-0.00638838733612059,0.029455638385153953,0.0,0.0,0.0,,
26.450086999999996,-11.280279043232486,14.688533540431292,-177.63932603425621,-0.007699754843873554,-0.006587932416394256,0.030383931814163732,0.0,0.0,0.0,,
26.459600999999964,-11.273620499891418,14.690806908053744,-177.63212928468317,-0.007638876064662837,-0.0065326381003099265,0.03014129551731009,0.0,0.0,0.0,,
26.469107000000008,-11.266264209441312,14.690741245399941,-177.62214612759777,-0.00786681370094277,-0.006725536375594476,0.031044760983119427,0.0,0.0,0.0,,
26.478612,-11.259070180012898,14.690938619933432,-177.61165743150244,-0.007860544496428012,-0.006718248652508961,0.031023738833241315,0.0,0.0,0.0,,
26.488268000000005,-11.252892386426899,14.689005627859782,-177.60327985978077,-0.007910545553138217,-0.006760096191193806,0.031228817721800504,0.0,0.0,0.0,,
26.497780999999975,-11.247958439094583,14.684256615246904,-177.59892288243714,-0.008426393630565769,-0.007201084644444024,0.033278510142454275,0.0,0.0,0.0,,
26.507154999999955,-11.24696577171607,14.682090309610023,-177.59947934818962,-0.008480854658146747,-0.007247866684106705,0.033498542351372444,0.0,0.0,0.0,,
26.516813999999954,-11.249555839480644,14.67906383569304,-177.6048147881799,-0.008185487134594157,-0.006997134697845156,0.03233674403840085,0.0,0.0,0.0,,
26.526320999999996,-11.253279588630193,14.676216539441981,-177.610688595853,-0.008125801059208515,-0.006948288199169604,0.032105225583234115,0.0,0.0,0.0,,
26.535822999999993,-11.25764407880874,14.674755969752148,-177.6164279883152,-0.008010188518392391,-0.006851376522511104,0.03164954896755153,0.0,0.0,0.0,,
26.545341000000008,-11.26101475211966,14.67947721880281,-177.61921839766447,-0.007551658403823265,-0.006458496931096752,0.02982654305465424,0.0,0.0,0.0,,
26.55486400000001,-11.26127625727814,14.684336193160462,-177.61722091786731,-0.007559203600240037,-0.006463499881242315,0.029846606225922608,0.0,0.0,0.0,,
26.56436500000001,-11.25855795492202,14.691913838636884,-177.61126770895484,-0.007802994931648573,-0.006668422127043002,0.030794530136796405,0.0,0.0,0.0,,
26.57387,-11.253652570429061,14.697875118848724,-177.60467629038953,-0.0077493510940522085,-0.006618626088206668,0.03057199007157001,0.0,0.0,0.0,,
26.58338299999997,-11.24788243118713,14.701003014962355,-177.59858331581188,-0.008042722261006968,-0.006865710848716838,0.031724402706736876,0.0,0.0,0.0,,
26.592900999999983,-11.241673644698436,14.702131566805186,-177.59604590843543,-0.007980949162142455,-0.006809292016480347,0.031478716899602376,0.0,0.0,0.0,,
26.602401999999984,-11.237060971234014,14.702682973971777,-177.598420284156,-0.0075678349218110995,-0.00645337871477929,0.02984660903268298,0.0,0.0,0.0,,
26.611919,-11.234333402236743,14.701750310416966,-177.60430491499554,-0.007917194421403534,-0.006748645258796884,0.03122357822974972,0.0,0.0,0.0,,
26.621428999999978,-11.232517538385224,14.701482782704955,-177.61202032610703,-0.008209861221669662,-0.006995188517496496,0.03237452653534249,0.0,0.0,0.0,,
26.630945999999994,-11.235074677306208,14.701801256721247,-177.61983411271115,-0.008271911476444354,-0.007047582896910576,0.03261491851176417,0.0,0.0,0.0,,
26.64032099999997,-11.240088423666856,14.702962786538984,-177.62410181810267,-0.008043156788993547,-0.006854216526832339,0.0317087469357343,0.0,0.0,0.0,,
26.64983699999999,-11.24534514265685,14.705618906204855,-177.6231251278229,-0.00787498419262921,-0.00671313558175091,0.031040661334687195,0.0,0.0,0.0,,
26.659344999999973,-11.248555576229299,14.710438138377658,-177.61712174280112,-0.007943057697667826,-0.006772419723005841,0.03130103042692456,0.0,0.0,0.0,,
26.66898900000001,-11.251324941364082,14.714223955272374,-177.60873187274373,-0.008008880321543482,-0.006830573532477092,0.03155586894521044,0.0,0.0,0.0,,
26.678502999999978,-11.254294293030426,14.715447587278923,-177.60009854445502,-0.008129505947308355,-0.0069368604014130066,0.032032685766158024,0.0,0.0,0.0,,
26.687873999999965,-11.25517883712741,14.714797331842123,-177.5924090551963,-0.007540867812146265,-0.006437111830963297,0.029718176908025258,0.0,0.0,0.0,,
26.697383000000002,-11.255792149408235,14.712976446936654,-177.58852640073695,-0.0074205713841425215,-0.006336394631226576,0.029249746879950234,0.0,0.0,0.0,,
26.70689299999998,-11.25581445633012,14.709739291591793,-177.58836845080734,-0.007356847578720701,-0.0062833579254929555,0.02900552046633821,0.0,0.0,0.0,,
26.716408,-11.254582649906075,14.706619444210434,-177.59109295165524,-0.007468775166249606,-0.00637893573000482,0.029452241850094325,0.0,0.0,0.0,,
26.72591799999998,-11.254765512366099,14.70451080614645,-177.595777981571,-0.007172691101767993,-0.0061259867725814345,0.02828708442343277,0.0,0.0,0.0,,
26.735430000000008,-11.255024385158087,14.700589867165199,-177.5994310813487,-0.007519336139971995,-0.006423013009015122,0.029661094546649554,0.0,0.0,0.0,,
26.74493799999999,-11.256157877212063,14.698483102459543,-177.6019153908201,-0.007869195152286406,-0.0067228817373982145,0.03104492090327114,0.0,0.0,0.0,,
26.754462999999987,-11.259302437552654,14.696627560782307,-177.60166644941285,-0.00822052037544475,-0.007025923570088008,0.03243579341718353,0.0,0.0,0.0,,
26.763957000000005,-11.264321821873537,14.695244625879864,-177.59780867472122,-0.008808077769951598,-0.0075331928425600055,0.03476019403127357,0.0,0.0,0.0,,
26.77347199999997,-11.270774232516452,14.69655584405455,-177.5927976002813,-0.0086970290716744,-0.007443196326709293,0.03432190456904019,0.0,0.0,0.0,,
26.78299899999996,-11.275193388820098,14.69860987416371,-177.58693339449843,-0.008820191852400698,-0.007552139544884724,0.03480623473118127,0.0,0.0,0.0,,
26.79249599999997,-11.278678355087957,14.699613761121682,-177.58281106866374,-0.008530633110078404,-0.007307072356260387,0.03366353824607625,0.0,0.0,0.0,,
26.801995999999974,-11.279787517420656,14.703298737027463,-177.5822116774568,-0.008185397819852537,-0.007010508941135129,0.03229284025797879,0.0,0.0,0.0,,
26.811419,-11.27810166846411,14.708310479732363,-177.58486127311681,-0.007018731912247491,-0.006007861616827805,0.0276787166615848,0.0,0.0,0.0,,
26.821019999999976,-11.271913095705749,14.713231208818707,-177.58940128079226,-0.006845948941912572,-0.005853896230125984,0.02698524854925899,0.0,0.0,0.0,,
26.830528999999956,-11.260519468326747,14.720184870044696,-177.5943477954635,-0.0067897163439974385,-0.005796243375811176,0.026747034223702292,0.0,0.0,0.0,,
26.84005099999996,-11.245285856057404,14.726186516854707,-177.59693352558853,-0.0076694280336349575,-0.006535140901771572,0.030196652397364798,0.0,0.0,0.0,,
26.849564999999984,-11.227153598700674,14.728684200644528,-177.5938618235113,-0.008012357974216814,-0.00681587850217256,0.03154075946781863,0.0,0.0,0.0,,
26.85906,-11.210874998162579,14.728481143643599,-177.58608334384323,-0.008822243651154978,-0.007496013565522967,0.03473165541894108,0.0,0.0,0.0,,
26.868570999999974,-11.199688666600986,14.72674288841715,-177.57530009312532,-0.00945640935336173,-0.008030737001654433,0.037237651363472894,0.0,0.0,0.0,,
26.878074999999967,-11.198339917687717,14.722921315766472,-177.56494936014155,-0.009094916693871021,-0.007727561051959011,0.03582953366176514,0.0,0.0,0.0,,
26.88758899999999,-11.205531530016154,14.715865477547492,-177.55671916737333,-0.008852356773250582,-0.0075319965887939615,0.034897058988250275,0.0,0.0,0.0,,
26.916142999999977,-11.274179154118881,14.696372596886619,-177.5688260239984,-0.007054508105881218,-0.0060445038705209415,0.0278505165723174,0.0,0.0,0.0,,
26.925657,-11.300492116912896,14.692759337243741,-177.5806698827368,-0.00619067165598352,-0.005315872739304283,0.024444340511999892,0.0,0.0,0.0,,
26.935167999999976,-11.320280853933083,14.694157638129047,-177.5918709971994,-0.006208710858343979,-0.00533818850357614,0.024510448865730297,0.0,0.0,0.0,,
26.954183,-11.339404646169598,14.705355284695013,-177.60266467725938,-0.006534024323064432,-0.005621209313187844,0.025770871705631207,0.0,0.0,0.0,,
26.963704000000007,-11.338016172124004,14.713339715808672,-177.60173925265252,-0.006720915683219717,-0.005778446783550853,0.026492726963897505,0.0,0.0,0.0,,
26.97320400000001,-11.33008846475801,14.718912047058847,-177.59747567782074,-0.007310155521631677,-0.006279277603414907,0.028804777745352943,0.0,0.0,0.0,,
26.982722999999964,-11.319656137036244,14.723044801923393,-177.59291712637457,-0.007895644861614834,-0.006775156718621071,0.031103523109139993,0.0,0.0,0.0,,
26.992233999999996,-11.308647188972747,14.724434056514244,-177.59040183404372,-0.008594323108886866,-0.007367429098845575,0.03385251531919706,0.0,0.0,0.0,,
27.00173799999999,-11.301426827264645,14.724321649349289,-177.5912883249231,-0.008882663414282406,-0.007609516896080969,0.03498730950688744,0.0,0.0,0.0,,
27.011251999999956,-11.298062534715136,14.722815739456655,-177.59563491121895,-0.008878256356527595,-0.007603036484287147,0.03497117210566773,0.0,0.0,0.0,,
27.020760999999993,-11.298381116366665,14.722707081570338,-177.60099574092823,-0.008585257134463824,-0.007350991079108716,0.03381465070311835,0.0,0.0,0.0,,
27.03026699999998,-11.301814669037496,14.72040886981437,-177.60537574422244,-0.008114620571842323,-0.006950115508502114,0.0319645892551659,0.0,0.0,0.0,,
27.039777999999956,-11.305595753069902,14.719825848363044,-177.60546400432244,-0.0076465369462370095,-0.006551646281758701,0.030122343373104897,0.0,0.0,0.0,,
27.04929199999998,-11.305092845404879,14.72087900297392,-177.59949310014156,-0.007588401866436588,-0.006502467423089283,0.029893645053833663,0.0,0.0,0.0,,
27.058794999999975,-11.301498223595337,14.724081229559188,-177.5882748121038,-0.007589465764902539,-0.006502508165309807,0.029895502913173905,0.0,0.0,0.0,,
27.068314999999984,-11.293268829681473,14.729406397951518,-177.5752047752724,-0.007590195324386747,-0.0064990948174717044,0.029891786370102494,0.0,0.0,0.0,,
27.07782199999997,-11.282523242544004,14.73824217604274,-177.5630939569772,-0.007771056595095471,-0.006646580384754045,0.030588758925479013,0.0,0.0,0.0,,
27.08732699999996,-11.268578757728804,14.747830215244237,-177.55547437427478,-0.007598487255287801,-0.006488569822473195,0.02989058358649072,0.0,0.0,0.0,,
27.09683100000001,-11.25291389291463,14.758507360081756,-177.55491279345222,-0.008368925488346404,-0.0071316305262994475,0.03289424477472785,0.0,0.0,0.0,,
27.10634399999998,-11.237909482205792,14.765280118653628,-177.56109135823553,-0.008428536755281336,-0.007168045042019149,0.0331075471296533,0.0,0.0,0.0,,
27.115869999999973,-11.224907300049342,14.769504866532271,-177.5714446775398,-0.008780781159991246,-0.007454120989092243,0.03447383066985284,0.0,0.0,0.0,,
27.12537599999996,-11.215758307154921,14.77140443998705,-177.5823193003747,-0.008719664979711982,-0.007392398492937676,0.03422264916501334,0.0,0.0,0.0,,
27.134875999999963,-11.213635193879549,14.77045447484609,-177.59022422244863,-0.008481642957379158,-0.0071876683749165496,0.03328666609238286,0.0,0.0,0.0,,
27.144389999999987,-11.215791992746066,14.765197310610734,-177.591343096839,-0.008592690523289264,-0.00728538890773876,0.03373509810890438,0.0,0.0,0.0,,
27.15390199999996,-11.222972948496935,14.757556255516779,-177.58434464198916,-0.008231094685518574,-0.006988515189379272,0.032337586850948244,0.0,0.0,0.0,,
27.163400999999965,-11.235827764099888,14.751437054982748,-177.5713305531372,-0.007993632229652792,-0.006800576092307096,0.03142604629017378,0.0,0.0,0.0,,
27.17292699999996,-11.251761262569532,14.746256494427998,-177.55513473581652,-0.0079952278752679,-0.00681786277141975,0.03145338025454379,0.0,0.0,0.0,,
27.18242699999996,-11.268698342030948,14.743098905502395,-177.54007209687663,-0.0074130019307355865,-0.006335646233374993,0.02917774299007352,0.0,0.0,0.0,,
27.191943999999978,-11.285405548112552,14.741439804094119,-177.53045979405047,-0.007715661261068483,-0.006607138856815327,0.03037867904278428,0.0,0.0,0.0,,
27.201450999999963,-11.298748800891556,14.739818906257161,-177.52895661215933,-0.007957945876351189,-0.0068238260818289575,0.031338376992594175,0.0,0.0,0.0,,
27.210968999999977,-11.309238275365528,14.741158431912826,-177.5358225417193,-0.007204701233945428,-0.006181677303499513,0.028367347983579375,0.0,0.0,0.0,,
27.220488999999986,-11.315211521299279,14.741463479303565,-177.54912282001828,-0.00726986660016873,-0.006237859453400373,0.028618127693706447,0.0,0.0,0.0,,
27.229990999999984,-11.314499478828598,14.742560240351217,-177.56388986125944,-0.007331459771401967,-0.006286580000597849,0.02885183020746687,0.0,0.0,0.0,,
27.239498999999967,-11.309719270292302,14.743386627769443,-177.57658127066045,-0.007095300196142376,-0.006078430247758956,0.027915053358259858,0.0,0.0,0.0,,
27.249017999999978,-11.300246890603395,14.743129549251059,-177.58253263091328,-0.007264865797531035,-0.006217230405195859,0.028579327286301442,0.0,0.0,0.0,,
27.258520999999973,-11.284782819260382,14.74160068907643,-177.57905329038852,-0.007485790004222084,-0.0063988737443233055,0.02945182911362637,0.0,0.0,0.0,,
27.26801999999998,-11.26954707177724,14.739858411734309,-177.5675105458063,-0.007646829135077339,-0.006531032070747943,0.030092999760982776,0.0,0.0,0.0,,
27.277540999999985,-11.254488425189347,14.73798245723148,-177.54994988315838,-0.00798342283018563,-0.006814382550477543,0.03142866715820493,0.0,0.0,0.0,,
27.28705199999996,-11.243442428821808,14.738961597320746,-177.5321413296836,-0.008092260321621313,-0.0069043506523979335,0.03186218280839803,0.0,0.0,0.0,,
27.296576999999957,-11.237017065503125,14.741029156081593,-177.5172671489103,-0.008089019545125847,-0.006900306856733217,0.03185100018481113,0.0,0.0,0.0,,
27.306081000000006,-11.236199160535337,14.743819917599534,-177.5095788326168,-0.00797439310429392,-0.006802637776960956,0.03139674513168236,0.0,0.0,0.0,,
27.315586999999994,-11.238912965355064,14.747391888716823,-177.50867489849333,-0.007805609921241332,-0.006658939831988095,0.030724855303802933,0.0,0.0,0.0,,
27.32510099999996,-11.245212406046496,14.751261963704811,-177.5154974362317,-0.007523154331758701,-0.0064184377985658765,0.029602239073705395,0.0,0.0,0.0,,
27.334607000000005,-11.250897146411765,14.754148506965773,-177.5261591388822,-0.007709588268083574,-0.0065771316147508665,0.03032514979687811,0.0,0.0,0.0,,
27.344126999999958,-11.2547873327871,14.754681809560966,-177.53619642373943,-0.008008703436122679,-0.006832030133665434,0.031496152095824195,0.0,0.0,0.0,,
27.353632000000005,-11.25593088568111,14.753398389858308,-177.54381350688988,-0.007949550602576452,-0.006781003933603862,0.03126302308648365,0.0,0.0,0.0,,
27.363140999999985,-11.254384087748642,14.752838547419511,-177.54498451314888,-0.007829956078043378,-0.006678030766365218,0.03079327037102984,0.0,0.0,0.0,,
27.372566000000006,-11.248134010189478,14.750387221054599,-177.53945053132247,-0.008056122088794835,-0.006869516405900719,0.03169039248966059,0.0,0.0,0.0,,
27.382157000000007,-11.240303993607386,14.750024369733993,-177.53010856328441,-0.008048625109599097,-0.006860734377822788,0.03166535687197266,0.0,0.0,0.0,,
27.39167199999997,-11.233144809410833,14.749567775659122,-177.51992902143633,-0.008041388281302773,-0.006852834043659514,0.03164201185072044,0.0,0.0,0.0,,
27.40118799999999,-11.227468467474845,14.749729839648248,-177.5112196634326,-0.007918780835367234,-0.006746917376875476,0.031162664965340127,0.0,0.0,0.0,,
27.410698999999966,-11.225417332747176,14.75096641384794,-177.5064997847162,-0.008212742461878543,-0.006996692794686829,0.03231861755338445,0.0,0.0,0.0,,
27.420209,-11.22634575711764,14.750049142396517,-177.5063248071729,-0.0080943077197559,-0.006896823886762352,0.031854872645593446,0.0,0.0,0.0,,
27.429867,-11.233225661662582,14.748361807964372,-177.51182766866808,-0.007920922191361363,-0.006752686297878233,0.031174507556809696,0.0,0.0,0.0,,
27.43937699999998,-11.242532454152125,14.746590756827615,-177.51882819095957,-0.007690600619652293,-0.00656094312113706,0.030269700128503083,0.0,0.0,0.0,,
27.44887699999998,-11.25158046324177,14.742531287889577,-177.52496241568136,-0.007456462050072169,-0.006366661918575323,0.029355037813625834,0.0,0.0,0.0,,
27.458394,-11.258567984865126,14.740139970317507,-177.52766657862512,-0.007810907613609521,-0.006673882309209448,0.030755271726538174,0.0,0.0,0.0,,
27.46790999999996,-11.26311197027029,14.739376537838556,-177.52600492311717,-0.007636543281826043,-0.006528263923140277,0.030071578688032556,0.0,0.0,0.0,,
27.47741400000001,-11.265427055828232,14.739095788545752,-177.52049684757532,-0.007872243697658009,-0.006732585950528461,0.031003147187064435,0.0,0.0,0.0,,
27.48693099999997,-11.26446394323542,14.74072419819833,-177.5127684751029,-0.00787321388817142,-0.006733959111603824,0.031006750313243344,0.0,0.0,0.0,,
27.49643599999996,-11.260760000819147,14.743401951219727,-177.50522950645666,-0.007697534646967543,-0.006582122393590997,0.030311983927960615,0.0,0.0,0.0,,
27.505956999999967,-11.254089467510662,14.746077389184173,-177.49996847127713,-0.007931334339645548,-0.006778071280571769,0.031228319693233097,0.0,0.0,0.0,,
27.51547199999999,-11.248638552798365,14.749115053104365,-177.49783864500506,-0.007637901744832358,-0.006523318560990927,0.030066713905742046,0.0,0.0,0.0,,
27.524981999999966,-11.243960928201991,14.751615709171523,-177.49923083688304,-0.007697341278443893,-0.006569935169127282,0.03029406524444713,0.0,0.0,0.0,,
27.534475999999984,-11.240628687631778,14.752985021757823,-177.5032806673286,-0.0076386750143972405,-0.006516399953495404,0.03005802597578614,0.0,0.0,0.0,,
27.543992000000003,-11.238786276499821,14.753114355134429,-177.50690888319141,-0.007461472855319277,-0.006363310970028077,0.029358701595302766,0.0,0.0,0.0,,
27.55349799999999,-11.237295716352309,14.75181945079794,-177.50915059106117,-0.008223197234052586,-0.007012024557964778,0.032357695933265304,0.0,0.0,0.0,,
27.563018999999997,-11.237412475215802,14.752017054909407,-177.50889341055253,-0.007929511271329497,-0.0067616401044385275,0.031201742312027745,0.0,0.0,0.0,,
27.572438999999974,-11.239250376660506,14.75099104699339,-177.50591557372212,-0.007987676829476488,-0.006813534154338648,0.03143455713561316,0.0,0.0,0.0,,
27.58203900000001,-11.241395521326988,14.751381387016838,-177.50141512464256,-0.008106973036600759,-0.0069175494807998715,0.03190547953116583,0.0,0.0,0.0,,
27.591553999999974,-11.24358271291115,14.75233706878656,-177.4963791268296,-0.007462653700428212,-0.00636974844419262,0.029370076975383987,0.0,0.0,0.0,,
27.60105999999996,-11.244033566451373,14.753448024617649,-177.4920380641763,-0.00793470004920494,-0.006773486712542252,0.031227391101821336,0.0,0.0,0.0,,
27.610428999999954,-11.243452064933903,14.756233557131534,-177.48937150378833,-0.007761933934551902,-0.006625081986595647,0.030542388556558484,0.0,0.0,0.0,,
27.61992799999996,-11.242586620460395,14.758325026004979,-177.48949715419528,-0.007646975815712683,-0.006525537571416329,0.030085293539177233,0.0,0.0,0.0,,
27.629353999999978,-11.240488106831117,14.762288307511646,-177.4919183410455,-0.00800500233128202,-0.006827428622822597,0.03148338539091824,0.0,0.0,0.0,,
27.638959,-11.239509306280514,14.765779575237637,-177.49567646335504,-0.007774881822720088,-0.006628191723241425,0.03056871339966773,0.0,0.0,0.0,,
27.64846799999998,-11.237647339984733,14.766376958135002,-177.4988743957343,-0.007892544143099988,-0.006726355170567372,0.03102831117204314,0.0,0.0,0.0,,
27.65797299999997,-11.236540955590485,14.766304482994508,-177.50095760385736,-0.007479784002262876,-0.006373511868367892,0.029404748932117617,0.0,0.0,0.0,,
27.667498999999964,-11.236098479639105,14.764166109038996,-177.49963304837118,-0.007358249765190098,-0.0062708696275961895,0.028932024101010784,0.0,0.0,0.0,,
27.677002999999957,-11.236051335683689,14.760783864223306,-177.49546311428648,-0.007117130261780644,-0.006067585509452117,0.027992620776346774,0.0,0.0,0.0,,
27.68651399999999,-11.235655762504598,14.758372842904274,-177.48779649981785,-0.007053486451977284,-0.0060156872716218375,0.02775032762719265,0.0,0.0,0.0,,
27.696035999999992,-11.23635892517222,14.755186879644395,-177.47860121041487,-0.007812571447229376,-0.0066670546012379366,0.030748223462659235,0.0,0.0,0.0,,
27.705532000000005,-11.237344664043318,14.753654496486071,-177.47031936275255,-0.007927503199448425,-0.006768388396208024,0.03120801629394832,0.0,0.0,0.0,,
27.71505400000001,-11.241058139593658,14.750945984107272,-177.46521368823437,-0.00839551460014061,-0.007172915456811079,0.033059899956835226,0.0,0.0,0.0,,
27.724559999999997,-11.247358500886497,14.748224299330278,-177.4642160531872,-0.008865645684914355,-0.0075804726362931705,0.034919385216956866,0.0,0.0,0.0,,
27.734076999999957,-11.256106707732755,14.74649445565224,-177.46678510279506,-0.008458281678652542,-0.0072379888377208,0.033318786084616484,0.0,0.0,0.0,,
27.74358799999999,-11.266696582639144,14.744821524552911,-177.4722173406717,-0.008405302899199128,-0.007198878123068816,0.03311260857240893,0.0,0.0,0.0,,
27.753139999999973,-11.276742746623341,14.745094995592918,-177.47818023883704,-0.00794396074240997,-0.00680831437518467,0.031292761940759466,0.0,0.0,0.0,,
27.76255599999996,-11.284381086688754,14.747685341165989,-177.48281586898176,-0.007425471413385808,-0.006366176574453397,0.029243481041099775,0.0,0.0,0.0,,
27.772126999999955,-11.286139166023883,14.750518601522714,-177.48435620728208,-0.007607700348882331,-0.006521875349616531,0.029954409596826232,0.0,0.0,0.0,,
27.781638999999984,-11.28318120531545,14.754785295961781,-177.48327003695803,-0.006730280726055134,-0.005766781065511517,0.02649157150481795,0.0,0.0,0.0,,
27.791155000000003,-11.273447726957421,14.76052234726948,-177.48004518200796,-0.006554904688726394,-0.005610170111404046,0.02579085350617908,0.0,0.0,0.0,,
27.80066199999999,-11.257027589068977,14.768758314349379,-177.4750866311391,-0.006789824067473063,-0.005800607003131387,0.02669961859130626,0.0,0.0,0.0,,
27.81017099999997,-11.235571761697859,14.775116614988326,-177.46944489916115,-0.00731273190206576,-0.006233998456056838,0.028742885711644347,0.0,0.0,0.0,,
27.819681000000003,-11.212371527220848,14.781978028992546,-177.46340692631765,-0.008071270951812013,-0.0068647349710666185,0.031708878766683296,0.0,0.0,0.0,,
27.82919899999996,-11.193555521742635,14.785449898644758,-177.45865599163292,-0.009005181308259124,-0.007645657201017388,0.03536919125201557,0.0,0.0,0.0,,
27.83870300000001,-11.182976385478112,14.783984270573068,-177.4555353379501,-0.009760534187082151,-0.008280789409216506,0.03834050573691419,0.0,0.0,0.0,,
27.848202999999955,-11.185178205276728,14.776588525318742,-177.45452286603063,-0.009925893633190484,-0.008427095868844431,0.039012012122857376,0.0,0.0,0.0,,
27.857725999999957,-11.201200874723606,14.765105292064828,-177.45571101385713,-0.009447088449951657,-0.008037816854590197,0.037162653100488316,0.0,0.0,0.0,,
27.86722599999996,-11.22857835300731,14.752219723061126,-177.4591799631127,-0.008681507631667704,-0.0074099285022042275,0.034184573786302505,0.0,0.0,0.0,,
27.876734999999996,-11.262152098595749,14.74190972841887,-177.4640360731153,-0.00810255436286495,-0.006940083204417213,0.0319301776170099,0.0,0.0,0.0,,
27.886254000000008,-11.298283857950803,14.73560803806688,-177.4699918118976,-0.007239539584671161,-0.006222192756631556,0.028543258589753307,0.0,0.0,0.0,,
27.895760999999993,-11.33195006901879,14.733883650573988,-177.47615908042968,-0.006793307939751153,-0.005855604777284637,0.026787753976465937,0.0,0.0,0.0,,
27.905269999999973,-11.361269751339458,14.737111745381918,-177.4828691459756,-0.006175442191695726,-0.005334538928311526,0.024345449939098252,0.0,0.0,0.0,,
27.914783999999997,-11.381795439806124,14.741355782161115,-177.4881961105425,-0.006197774934394712,-0.005361104011021757,0.02442555534345693,0.0,0.0,0.0,,
27.92431399999998,-11.389950900015844,14.745763598553838,-177.49178349201358,-0.006563084514773914,-0.005678854547971561,0.025856175113249266,0.0,0.0,0.0,,
27.93381899999997,-11.389823962641225,14.747941452599168,-177.49344895462514,-0.007036234384069255,-0.006086967273413187,0.027715082078153937,0.0,0.0,0.0,,
27.943241999999998,-11.383675686655279,14.74625018816561,-177.4927507527333,-0.008027186635364551,-0.006941380001964815,0.031621975180582865,0.0,0.0,0.0,,
27.952831000000003,-11.372757318177797,14.742646079109582,-177.49038040172155,-0.00959810147525255,-0.008294408053512245,0.037820378090112745,0.0,0.0,0.0,,
27.96234899999996,-11.36663553679433,14.737301838632773,-177.49006534279152,-0.010406048731318784,-0.00899095986762416,0.04101946455690778,0.0,0.0,0.0,,
27.971858999999995,-11.368449178107932,14.73031092564349,-177.4945750790639,-0.010219789260884994,-0.008834076544500453,0.04030340562085408,0.0,0.0,0.0,,
27.981371999999965,-11.385824522508145,14.722465540798733,-177.50798829463642,-0.011276312076871497,-0.009762772168569012,0.044489065018809594,0.0,0.0,0.0,,
27.99087499999996,-11.426359124780074,14.712943696361984,-177.52999539703117,-0.009709907617832428,-0.00843555950292103,0.03832804008799182,0.0,0.0,0.0,,
28.000403000000006,-11.486926385359288,14.698792246952243,-177.55622134370083,-0.011432171665722012,-0.009985049131095792,0.04516396786698358,0.0,0.0,0.0,,
28.009893999999974,-11.571443526714544,14.682863513499441,-177.58138446061199,-0.010124539894145952,-0.008910224471466912,0.04004013691653711,0.0,0.0,0.0,,
28.019402999999954,-11.667121661991416,14.659821182084572,-177.59607961609348,-0.009516346215458127,-0.008453604903775867,0.037701495992622944,0.0,0.0,0.0,,
28.028914999999984,-11.775052304747852,14.627525442513727,-177.5961835535973,-0.010823213727075476,-0.009725469491872012,0.042995686914869755,0.0,0.0,0.0,,
28.03842800000001,-11.885360914819087,14.590828668534865,-177.57832822701772,-0.010258017154400625,-0.009333853501410723,0.04088687425765421,0.0,0.0,0.0,,
28.047932000000003,-11.9905988664608,14.555422303285262,-177.54491265677171,-0.00882701087321352,-0.008132766837900483,0.03530634103119426,0.0,0.0,0.0,,
28.057438999999988,-12.09988753925004,14.523278190459786,-177.50188231240082,-0.006723692680663945,-0.006275291488463928,0.02698626516879153,0.0,0.0,0.0,,
28.066956000000005,-12.196640870087128,14.492218655746838,-177.45446728623799,-0.006634258219980804,-0.006265721787694309,0.026718463429008462,0.0,0.0,0.0,,
28.076459999999997,-12.28924341163495,14.467596984485718,-177.41232525711,-0.006381108403418536,-0.006092405918999339,0.0257724549042599,0.0,0.0,0.0,,
28.085973999999965,-12.379560668188308,14.44933372973193,-177.383714648167,0.02433914837819311,0.0011121666047406668,0.00627811862472042,0.0,0.0,0.0,,
28.095493999999974,-12.464924506297354,14.427616641749735,-177.36950538888212,0.0,0.0,0.0,0.0,0.0,0.0,,
28.105001999999956,-12.560433862393012,14.402519211794278,-177.37096997464297,0.0,0.0,0.0,0.0,0.0,0.0,,
28.114513999999986,-12.649780948928052,14.36887463541103,-177.3796767209899,0.0,0.0,0.0,0.0,0.0,0.0,,
28.124017999999978,-12.732423039391799,14.326148783675828,-177.38966358904827,0.0,0.0,0.0,0.0,0.0,0.0,,
28.133530000000007,-12.806542789710056,14.279040746610692,-177.39641626858952,0.0,0.0,0.0,0.0,0.0,0.0,,
28.143046999999967,-12.862421084675473,14.234061408018754,-177.3954120729248,0.0,0.0,0.0,0.0,0.0,0.0,,
28.152548999999965,-12.90362863088405,14.19305949931163,-177.38696361229177,0.0,0.0,0.0,0.0,0.0,0.0,,
28.162068999999974,-12.91903676168441,14.160851041257827,-177.37125948178425,-0.006278014192930967,-0.006452291803597966,0.02602863218960066,0.0,0.0,0.0,,
28.171581000000003,-12.910991423658002,14.142503290449753,-177.3536896410901,-0.007409948415257146,-0.007625082389161073,0.030773727112267193,0.0,0.0,0.0,,
28.181084,-12.884900501440399,14.139964064385776,-177.33914024399235,-0.006495017923049663,-0.006674200550072989,0.026983737685263732,0.0,0.0,0.0,,
28.190590999999984,-12.84223284094518,14.150149143405367,-177.3302474973926,-0.008474363671734493,-0.008674969657025444,0.035179567350254216,0.0,0.0,0.0,,
28.200113999999985,-12.798529026849614,14.169766377461013,-177.33122462487697,-0.007357210762606542,-0.007494520694350838,0.03049060277149255,0.0,0.0,0.0,,
28.209609999999998,-12.755870522946509,14.190543347281986,-177.33978914035123,-0.0071319602470861585,-0.007227586686511265,0.02950102677644411,0.0,0.0,0.0,,
28.219130000000007,-12.719469060858668,14.208346185435142,-177.35221623875546,-0.006348304130396885,-0.00640388266133171,0.026214537377094286,0.0,0.0,0.0,,
28.22864999999996,-12.689797009136532,14.213711984396369,-177.36120765672644,-0.00812239018042842,-0.008168241746943307,0.03351778021438475,0.0,0.0,0.0,,
28.238148999999964,-12.668331287520537,14.202904442293876,-177.36167325553362,-0.007697666519022203,-0.007733251451163368,0.03178864324838814,0.0,0.0,0.0,,
28.24766599999998,-12.651658674934248,14.173397110963462,-177.3509155769231,-0.00702513218469304,-0.007065016695063568,0.02908061295744037,0.0,0.0,0.0,,
28.257181000000003,-12.635584435240263,14.13233253095642,-177.32779500903095,-0.006338375735168375,-0.006389231770537593,0.02632970035494379,0.0,0.0,0.0,,
28.266687999999988,-12.61794927036028,14.07241079379846,-177.29320761668814,0.0,0.0,0.0,0.0,0.0,0.0,,
28.27619199999998,-12.597697355210805,13.998966085557504,-177.24939700156878,0.0,0.0,0.0,0.0,0.0,0.0,,
28.285708,-12.57170042922552,13.92285762197364,-177.1991327177922,-0.006803898691148355,-0.006954210713519235,0.028784322888272217,0.0,0.0,0.0,,
28.295215999999982,-12.541944585933567,13.847316612839693,-177.1435196831594,-0.006341906219176863,-0.0065133364849624285,0.027012700451713865,0.0,0.0,0.0,,
28.304724999999962,-12.504138907527285,13.769905971702826,-177.0852107800048,-0.007171276098183881,-0.007397683656138193,0.030759690737371285,0.0,0.0,0.0,,
28.314234,-12.468488392770555,13.699013181653527,-177.02698057696253,-0.00832274068936582,-0.008621158962353903,0.035932244046673806,0.0,0.0,0.0,,
28.323754000000008,-12.448316530513079,13.640360325158955,-176.97343000933924,-0.007731516135976066,-0.00804408624683616,0.033565790866866715,0.0,0.0,0.0,,
28.333253999999954,-12.428607181384361,13.573973523793565,-176.92111262348567,-0.009999109660452152,-0.0104552438819903,0.04367972169754154,0.0,0.0,0.0,,
28.342767999999978,-12.398525160090687,13.526008119446526,-176.86945721442711,-0.019287622080422662,-0.02022355687908662,0.08464982848791842,0.0,0.0,0.0,,
28.352288999999985,-12.436768185772436,13.467135207359513,-176.8494488776328,0.003254402167491571,-0.030499063545137872,-0.006569704220712734,0.0,0.0,0.0,,
28.361785999999995,-12.452566889578048,13.400637617718791,-176.89384000395282,0.005314994002452496,-0.05026570977534285,-0.01084377577029482,0.0,0.0,0.0,,
28.371306000000004,-12.463589636837076,13.31953520003429,-177.0237061433074,0.006535516957696581,-0.06333671089771138,-0.013677227418668213,0.0,0.0,0.0,,
28.380813999999987,-12.525020482030572,13.100043676041942,-177.22575158259016,-0.03159064938706453,-0.03774562495546533,-0.016018431953450547,0.01204400580210692,0.05136308849428162,-0.041804382443060235,,
28.390333,-12.556328856324317,12.782313604565411,-177.46356600838175,-0.06219884340520992,-0.01697974247997865,0.05115625841558769,0.003938566096688644,0.06419253228285747,-0.05033944762302551,,
28.399843999999973,-12.619266308126818,12.517529934840743,-177.70198162955597,-0.013959252662912647,0.020845822532368066,0.059059642757289504,0.00041631766558594463,0.06034453978834815,-0.0490401151086241,,
28.40934699999997,-12.688242895647793,12.276805507888888,-177.86500485885034,-0.02051427799369999,0.05533243028188701,0.08473220313872987,-0.005117220969093155,0.05956548603057785,-0.03369121423565482,,
28.41880599999996,-12.707264036250926,12.073255205642827,-177.8887697679627,-0.026314231077358786,0.07116083540901867,0.11068528370509158,-0.0031533743073738985,0.05420778818844402,-0.007980150171131658,,
28.428316999999993,-12.76447289287613,11.960989791135063,-177.78628255521903,-0.02349730629346182,0.08802744519931456,0.0947840429698569,0.0,0.0,0.0,,
28.437887999999987,-12.90841057513414,11.951605588351802,-177.5860893541451,0.029556332682750718,0.07211656849617402,0.08307360292829245,0.0,0.0,0.0,,
28.44739199999998,-13.051191779497154,11.949202049214708,-177.3107325050853,0.021549220632332864,0.04352988228155777,0.07985118265608197,0.0134361168290281,0.019433377363265,0.05711005483189025,,
28.456898999999964,-13.182227430038411,11.966161744531394,-177.03155256698295,0.025537126658594752,-0.009843774709849025,0.05397235355892324,0.018073220039239814,0.01608520311200185,0.057419754452730655,,
28.46641699999998,-13.30406926326699,11.975769591877988,-176.8076730328086,0.03965494829339288,0.0022117286689115295,0.008424466092366478,0.022906989721848795,0.020594598299422697,0.04600422150597437,,
28.475923999999964,-13.42601390092483,11.890472974941416,-176.6790192447755,0.004353662659201676,-0.04049211266768574,-0.009501639931648943,0.02643327273729264,0.03642035492205386,0.026954919601045402,,
28.485441999999978,-13.523112549769378,11.723443517307343,-176.6616271752752,0.006437800769532706,-0.05988324463095946,-0.014166163854167748,0.025357771584540542,0.05004630100126185,0.0036323565725335707,,
28.49494999999996,-13.617693446589698,11.519808447036418,-176.74976584188184,0.006217508392652684,-0.058957552798261266,-0.014056059224336266,0.02317757867939903,0.06047842491633298,-0.01761551099827381,,
28.504460999999992,-13.685646109836972,11.267401388366977,-176.89930107589768,0.004966130934337945,-0.048681892920054703,-0.011673094501645723,0.015303058020478981,0.07026135829455181,-0.030996872246942687,,
28.51397499999996,-13.729766348911985,11.008197044316603,-177.0655332032828,0.0028053876335407575,-0.028582881294924173,-0.00688044723766383,0.007208830234709215,0.07032125955893134,-0.035281427287538754,,
28.52347900000001,-13.772353396627992,10.800284160895345,-177.2048974907744,0.03299782323170958,0.001611035498027249,0.006302338876350934,0.0006592764667709766,0.06194477206406775,-0.02995145015338975,,
28.53299199999998,-13.7975453645647,10.628106840360292,-177.27350163013463,0.023243775875523655,0.01810622417172981,0.0435959379897451,-0.006219335638566676,0.05295245184344095,-0.016436773440473604,,
28.542501999999956,-13.827739170988393,10.494337020465675,-177.25835197597306,-0.011343670526560446,0.03457608606054351,0.05224028883008055,0.0,0.0,0.0,,
28.552008,-13.872683558963217,10.415221837353524,-177.1707607341777,-0.012720350872480655,0.04554344413459671,0.056889741394099,0.0,0.0,0.0,,
28.561523999999963,-13.937991908650627,10.350407339068688,-177.03774531442343,-0.013655052108467505,0.0441729902530045,0.06216625803192719,0.0,0.0,0.0,,
28.571042999999975,-14.029435903350732,10.271372675901365,-176.89986538839895,-0.015019342625548507,0.03226506963008653,0.07313109680906203,0.0,0.0,0.0,,
28.580547999999965,-14.15048319670313,10.178187001174546,-176.80289100532383,-0.013678892719802677,0.01674586340786315,0.07086996487737425,0.0,0.0,0.0,,
28.590059999999994,-14.302125567288256,10.046051851744544,-176.7757336827223,-0.009924807275775407,-0.016415245028137987,0.06114594592821459,0.0,0.0,0.0,,
28.59957499999996,-14.460363047457903,9.865181056997647,-176.82346627214454,-0.010899298499930111,-0.0185604893712853,0.0684928933435093,0.026341375951674805,0.05165313880211211,-0.007507624447606087,,
28.609083,-14.620803428073124,9.658172223123632,-176.93132348884868,-0.008978966926549717,-0.015756352149433064,0.05764171994735389,0.028114917518743742,0.057677787872413136,-0.019520444176161514,,
28.61858699999999,-14.766072030093788,9.438339714979032,-177.05671799931352,-0.0050592877977060965,-0.009148012400008326,0.033219782518260514,0.02464865932726277,0.05993243459949849,-0.023599086057116928,,
28.628101999999956,-14.867500198832726,9.212308499005793,-177.14450160328738,-0.003771131856804986,-0.007022349419324255,0.02538015346754257,0.015200491125290334,0.05858267724003581,-0.01756137280484307,,
28.637618999999972,-14.914887528796857,9.004646241020115,-177.14849861617242,0.0,0.0,0.0,0.002657127863661118,0.05237572175911122,-0.002544543602084397,,
28.647121999999968,-14.900790363834162,8.831103019749007,-177.0428681733504,0.0,0.0,0.0,0.0,0.0,0.0,,
28.656641999999977,-14.842580660326984,8.684996270233308,-176.83214748856008,0.0,0.0,0.0,-0.02008030235956263,0.03811020742137161,0.03717703358705449,,
28.666147999999964,-14.75124275911166,8.571384841854991,-176.55272714776734,0.0,0.0,0.0,-0.02761887532209974,0.03302395795835182,0.04994880086898818,,
28.67565400000001,-14.636155189838622,8.476848277714188,-176.2583038718232,-0.003869669549545817,-0.00804020281344571,0.029429506015140744,-0.03161188307404853,0.03170425253454316,0.052257676837064726,,
28.685171999999966,-14.53680831170561,8.378565307260436,-176.00868924168824,-0.004307911127889033,-0.009096156572080568,0.03347663020288446,-0.029993544674220555,0.03348148078155776,0.0437746724017344,,
28.69467800000001,-14.448148056237171,8.270859872566042,-175.84577530029364,-0.006771468729317956,-0.014507342213037084,0.05368980239640969,-0.02713247437130903,0.03552584170776508,0.026753528907659224,,
28.70419899999996,-14.398488255917972,8.137027273743607,-175.78723899948793,-0.00634189710381933,-0.013815996189334264,0.05133351049056904,0.0,0.0,0.0,,
28.713693999999975,-14.392007868736098,7.96695629004291,-175.81873391141434,-0.00552679096105545,-0.012301327116033425,0.045793994225203395,0.0,0.0,0.0,,
28.723208999999997,-14.401818988691309,7.789040560314477,-175.90151021835212,-0.005884538155206892,-0.013389323112658977,0.04990521754537217,0.0,0.0,0.0,,
28.732726999999954,-14.39219566502757,7.605789385653022,-175.98505472171937,-0.031025965897952385,-0.01252907663607429,0.03634709602441353,0.0,0.0,0.0,,
28.742234999999994,-14.348460925064598,7.454992435815034,-176.03192330563297,-0.004546202279972392,-0.010748107580880765,0.040343457739571,0.0,0.0,0.0,,
28.751739999999984,-14.26322788760294,7.367033171389822,-176.02071321241945,-0.003333740747239776,-0.00793567882029144,0.029981734243676013,0.0,0.0,0.0,,
28.76125099999996,-14.127714920549524,7.323399941031912,-175.94825209724885,-0.003987694112897776,-0.009482742993221868,0.03616419883943951,0.0,0.0,0.0,,
28.770772999999963,-13.96600168783087,7.3295204164703724,-175.83486559458171,0.03476256126249128,0.0025315361020866213,0.004483233436563453,0.0,0.0,0.0,,
28.780273999999963,-13.758427438279027,7.366577628112414,-175.7062226340207,0.04208246192025086,0.003159600019948716,0.00545591062276767,0.0,0.0,0.0,,
28.789799999999957,-13.544483881026336,7.389546543454313,-175.58912568458283,0.036131628674274795,0.0027870755257677067,0.004699896357443633,0.0,0.0,0.0,,
28.79929999999996,-13.321945300814551,7.376742683927573,-175.5061106512474,0.0,0.0,0.0,-0.049683343727449064,0.016362188065855925,0.007413535530300172,,
28.818329000000006,-12.918582943181809,7.202174832473004,-175.45318587630575,-0.007950519148941045,0.018315811648399086,0.05122768777630153,-0.04844532939591448,0.03284157442672961,-0.006134633920830525,,
28.82778099999996,-12.765059511070838,7.028776651852745,-175.4541300714346,-0.010373292903846112,-0.02348733966255683,0.09896799742525632,-0.039426502639844124,0.045268220049404125,-0.0075664294926143655,,
28.83734899999996,-12.735958251962396,6.783577388674627,-175.4441816077348,-0.004999970129522516,-0.01175859741035781,0.04975247673287634,-0.016785103776102168,0.05694279449924646,-0.002259475807098093,,
28.846856000000002,-12.718362495631107,6.483745435781506,-175.37253764924878,-0.04333518206092708,-0.015355014155085575,0.04760879683980772,-0.012766947652777666,0.0633019120786784,0.01040119155211684,,
28.856366999999977,-12.674737110693824,6.161673978750191,-175.19416871277647,-0.057370637365096795,-0.015550921799792302,0.041495698538510685,-0.012862477648275535,0.06477777479046498,0.031216413155278008,,
28.865871999999968,-12.659609284286882,5.823380382364607,-174.88264556575794,-0.04809564953208946,-0.004307106587026311,-0.0049248373162661015,-0.010624845816346982,0.06971706769436194,0.058546569557629234,,
28.875388999999984,-12.566783295892616,5.452622066009556,-174.43015419506884,-0.03968219807098431,-0.05217860426012295,0.02892154773206722,-0.020624134106962837,0.07662715827467877,0.0852492979424708,,
28.89441199999999,-12.332887278033006,4.796540277495129,-173.30542884717585,0.0315173177205045,-0.00896205745110825,0.06025724153454755,-0.034424749256817815,0.0785394109657031,0.11032611262668361,,
28.90386000000001,-12.214038765393376,4.4355614580951075,-172.75389900895726,0.05287194828334515,-0.017654688334558258,0.11594738781034854,-0.03933201322121279,0.08159786035022065,0.10502212868972578,,
28.913580999999965,-12.133743137954164,4.0761077292940335,-172.28983776817873,0.06295965302282722,-0.011059420919815184,0.09483178826634016,-0.03240141846653524,0.08194137768594467,0.08825077280979568,,
28.92285499999997,-12.076472436050736,3.719139032181771,-171.9457930638381,0.051242432951054795,0.02967341286065161,0.11130486770188626,-0.028367339664246847,0.08184811572586108,0.0646610888993631,,
28.93245300000001,-12.105543698542474,3.345128565807593,-171.72587122956676,0.012117343540363985,0.056454203336084245,0.10245734664317481,-0.012184902877619653,0.08754079711886416,0.04099605850803796,,
28.942026,-12.309078833845673,2.9424854379059684,-171.60874292213555,-0.01652643794026469,0.08548872886052993,0.07536719997491746,0.003998837371239274,0.09205744064600449,0.022439717702281346,,
28.951494999999966,-12.586139277464468,2.4946859662371743,-171.53981563316253,-0.06198298023883325,0.08173005707446993,0.08050962716670138,0.01752899791912754,0.0966686703595226,0.013285844070830317,,
28.961049000000003,-12.965751624541399,2.004138256097015,-171.46445143286326,-0.08429430058149316,0.08853052181666984,0.057579980170713405,0.034650611820585896,0.10329881943343686,0.015056295811916495,,
28.970561999999973,-13.383869251001254,1.5110490756635206,-171.33699699823197,-0.08214313954620032,0.07613009392497762,0.05198355802668257,0.04447401332388438,0.10540727973482648,0.02519785028731131,,
28.989537999999982,-14.245051338627018,0.6690222560792423,-170.8726405348179,-0.0065851851009103395,0.040225638930563,0.010347500356948515,0.05756224200897833,0.09736006048293802,0.05179983278139948,,
28.999090999999964,-14.630340557229012,0.3443048188008713,-170.56597801872877,0.0,0.0,0.0,0.05663885762731768,0.08937429707342213,0.05957149174624953,,
29.008599000000004,-14.986226618140702,0.07591930448233515,-170.25704979003226,-0.0016684615220317678,0.010013977676102064,-0.037923821339336514,0.05447821917797582,0.08062168601795897,0.059716814007600406,,
29.018111999999974,-15.290360477176382,-0.16892281190921019,-169.9767272669365,0.002329465202111713,-0.014422305844410392,-0.07335329657460284,0.0467104932007393,0.07421050809508459,0.05377010948911087,,
29.027615999999966,-15.553296452439751,-0.43051870611223547,-169.73982214563665,0.0021983097731762343,-0.015632250874745523,-0.08267564118390316,0.03867769613809642,0.0724670341049364,0.04493032175578914,,
29.037127999999996,-15.80044074928019,-0.7214024597588637,-169.54196057190123,-0.004686327436881723,0.020289667653530765,-0.07350917084523143,0.03143929703479787,0.07300705856991899,0.03697922366885638,,
29.046639999999968,-16.01359655590285,-1.0332004481730932,-169.3629199989104,-0.03676688899603137,0.010190145362653485,-0.057933968337284966,0.02222998129532952,0.0732915255894187,0.033139987573233644,,
29.056107999999995,-16.223847576087945,-1.3461348253190761,-169.18238060190728,-0.04017419525224516,0.005093363198101375,-0.04221299607342254,0.018229023353903338,0.07208560353804251,0.03330852653417936,,
29.065617999999972,-16.427342885726212,-1.633948367927646,-168.98417012674997,-0.03043138940538357,-0.005923988710529204,0.000884365916097335,0.017254963420373286,0.06890936061892507,0.036739747449767844,,
29.075124999999957,-16.64646059110962,-1.8838201003088462,-168.76921418930272,0.0,0.0,0.0,0.02027263806361045,0.06343023081543411,0.03988446724054543,,
29.08469199999996,-16.86688014901603,-2.0819341311030506,-168.55118784890328,0.0,0.0,0.0,0.023568869917080282,0.056248718616645085,0.0403909195484042,,
29.094191999999964,-17.07266680137103,-2.2349930838954752,-168.35239801863068,0.0,0.0,0.0,0.02507600168366502,0.04722485619906011,0.0365748488327122,,
29.103670999999963,-17.286543691990605,-2.345386058736019,-168.19763422938422,0.0,0.0,0.0,0.029149808387579707,0.03944874831928475,0.027663628529667597,,
29.113215999999966,-17.493634626938857,-2.4535817438836847,-168.0990789296303,-0.02683704877326707,-0.005655903794973646,0.0011752084183760552,0.0,0.0,0.0,,
29.122690999999975,-17.69459333687923,-2.5804618357056333,-168.06251258482743,-0.04708522810586339,-0.009954593242997469,0.0021689444186482145,0.0,0.0,0.0,,
29.132250999999997,-17.912724715304126,-2.724510640022888,-168.0826940100742,-0.054643933809070004,-0.011532522044343463,0.002657652462450344,0.0,0.0,0.0,,
29.141703000000007,-18.142752595222486,-2.9031907044507808,-168.14141657460638,-0.0643508929537469,0.008318398529920367,0.046236595015407535,0.02749955068013243,0.04311485144775866,-0.015373762198736736,,
29.15126399999997,-18.405854436327164,-3.099368301237289,-168.2186954489049,-0.06578083902658237,0.018595828549299052,0.0648369861251373,0.03120074301348422,0.047815117204946495,-0.01950221151072842,,
29.160777999999993,-18.700424493436252,-3.2839099629170083,-168.29277786199424,-0.053031182445653295,0.02403323735818512,0.07947226289284492,0.03684080826509253,0.04957807469830208,-0.019294741104800568,,
29.170247999999958,-19.038449679460214,-3.4485716689373893,-168.34284334313452,-0.039842673063852044,0.02710852850323524,0.07783923584327941,0.04556726437167308,0.050096343980328174,-0.015077467712643945,,
29.179749999999956,-19.42079934910364,-3.5886166506920842,-168.3569638410157,-0.03502280657730657,0.02606544156007345,0.06479844371098036,0.0554097665157608,0.047936532232348235,-0.008502226400999634,,
29.189309999999978,-19.825431625416886,-3.689671980143402,-168.3343315830666,-0.023640049490731962,0.01012778952062712,0.06402229106490424,0.06465865558663668,0.04356640111713411,-0.0014823076524995036,,
29.198774999999955,-20.255324003814856,-3.76934501039532,-168.27731600437897,-0.01804125581046572,-0.02104351557090435,0.04744722317729624,0.07299821579606242,0.04085914553533704,0.005050859130615966,,
29.20832999999999,-20.673906222478458,-3.842601717728406,-168.1963382595188,-0.027702463417764764,-0.022536558931131847,0.045672117467171466,0.07556534875669503,0.0379182546530822,0.009981049415632779,,
29.217836999999975,-21.081886738645302,-3.9085913091771243,-168.1033048107375,-0.03658065837483526,-0.007706550164731281,0.002554191591933898,0.07558041756741103,0.03537130888617341,0.012536457933556268,,
29.227342999999962,-21.462677472632965,-3.994621414994846,-167.9989624945794,-0.04391000576046025,-0.009334190891548383,0.0031348606065252672,0.07021190230861417,0.03642199951003487,0.015160338755670957,,
29.23685599999999,-21.79771631128463,-4.092398317285299,-167.88348357814726,-0.040348877423535885,-0.03792902301979337,-0.00808087894495529,0.06261596594493209,0.037103447338730645,0.01800446350744299,,
29.246338999999978,-22.118856997346306,-4.178786251498833,-167.75155429954256,-0.036928648918861225,-0.008016946645899409,0.0027609726767081617,0.05753857825608656,0.03578698761700673,0.021485778629231806,,
29.25588799999997,-22.410788457251236,-4.241646658525673,-167.59077832183442,-0.02531158122063021,-0.01573214849568779,0.026218062077205374,0.0510356038022491,0.0318847059095372,0.027692367553326443,,
29.26540399999999,-22.681034796393526,-4.256993657379912,-167.39693595067627,0.005716036513538404,-0.013681526558978353,0.03483633460477972,0.04720631612049798,0.023566018437647586,0.034668177263536645,,
29.274906999999985,-22.943984317255637,-4.210410768638438,-167.16748535294423,0.005143142955896086,-0.012312085360675361,0.03097265998722388,0.04544012510549844,0.012925878779459355,0.041983716965433515,,
29.284377000000006,-23.18998353229679,-4.110094213880614,-166.90761122720278,0.007320373192252003,-0.01759438148582586,0.04376097095622825,0.044587717862966746,0.0034985225171871547,0.04844130719744497,,
29.29392999999999,-23.444453773906876,-3.9605584375872063,-166.63701823031258,0.005139002445916208,-0.012460399133337964,0.030620694103431306,0.046132585205419026,-0.003949890002310021,0.05062408624559145,,
29.30343799999997,-23.703277141888297,-3.7779860117527924,-166.3851481416548,0.0,0.0,0.0,0.047024292921029366,-0.007962718104119368,0.04701374923461257,,
29.312919999999963,-23.977864352106064,-3.5900361656287005,-166.18299451290645,0.025938535305324518,0.006379279004735044,-0.00167587995772643,0.04878866148503923,-0.006414460295595235,0.03707660266050102,,
29.322474,-24.270703951329235,-3.422425157969025,-166.05519331937802,0.029954635942281004,0.007437887666847492,-0.0018457977354747158,0.049732441488350015,-0.0009339624519091198,0.022196320821457626,,
29.331932999999992,-24.57054801998155,-3.285432932151268,-166.01443760551308,0.025181718096159853,0.03263393993552294,0.009859678211286815,0.04961990895008097,0.005693283996474175,0.00490699546817613,,
29.341448999999955,-24.896791813610886,-3.187804558391825,-166.0496959687194,0.021190939965167743,0.040599828699815335,0.014250348790424165,0.05074386572017997,0.01360906424443706,-0.01041653851916576,,
29.350959999999986,-25.23916787094006,-3.1280276116158054,-166.13565700282712,-0.008702469998802816,0.03961126614908433,0.01908326113985895,0.05155580883003946,0.01973395158364434,-0.020580340466444202,,
29.36051299999997,-25.599285229561477,-3.0823781758771704,-166.2384854749472,-0.00961996331341336,0.04417383409135472,0.02162141327585825,0.054138233051819744,0.021424827568220513,-0.02400779339137651,,
29.369978000000003,-25.969375866687887,-3.032257832948319,-166.321211393228,-0.009531366222943675,0.04407359188485238,0.021925200250830917,0.05596880107073405,0.01945187217082129,-0.019950509020452156,,
29.37953299999998,-26.322876532957352,-2.967903194778418,-166.35566943658702,-0.007739387674136686,0.035865770852038494,0.018121910777466006,0.05654408765545119,0.015412463743976278,-0.009965242026425675,,
29.389003000000002,-26.659730885543134,-2.8810515750330565,-166.3297742333369,-0.006005966483847947,0.027720926352111378,0.014218154051987614,0.05581345912044173,0.010377482963286357,0.0024517085758986538,,
29.39851699999997,-26.94780650976269,-2.7745216541022457,-166.2498094314222,0.0,0.0,0.0,0.05009595147167182,0.006318646894963367,0.0139353038857767,,
29.408067999999957,-27.180889561963024,-2.6557622683197706,-166.1379989779808,0.0,0.0,0.0,0.0,0.0,0.0,,
29.417568999999958,-27.363880098261454,-2.5364154316857648,-166.02352833588202,0.034961101119163326,-0.005860734519806649,0.025890502486686052,0.0,0.0,0.0,,
29.42704599999996,-27.493423994748074,-2.435839324127985,-165.9344654745656,0.04563830376646341,-0.012601878154944011,0.04308900358065215,0.0,0.0,0.0,,
29.436593999999957,-27.59514764819545,-2.362274935158369,-165.8876749710919,0.04679290217448571,-0.013310815514431999,0.044827600033457815,0.0,0.0,0.0,,
29.446064999999976,-27.66801453475557,-2.313125960182636,-165.8840438784127,0.03749351994432071,-0.015157275992918865,0.044194862377724874,0.0,0.0,0.0,,
29.45560599999999,-27.72827758541182,-2.282704628272342,-165.90439609263885,0.006743907160007115,-0.020238870581758155,0.040436359385339786,0.0,0.0,0.0,,
29.465282000000002,-27.796447806235882,-2.276649144652482,-165.91139005174628,-0.006400480528629003,0.02797077437328369,0.015110963750445738,0.0,0.0,0.0,,
29.474594999999965,-27.858950157172618,-2.2896964810314007,-165.87202818340117,-0.037371429652219734,0.02640203788906573,0.01956036058493698,0.0,0.0,0.0,,
29.484152999999992,-27.915180429145806,-2.30126976671901,-165.7704795099341,-0.04160572816718531,0.02913950166915992,0.021732454917644216,0.0,0.0,0.0,,
29.49361799999997,-27.959143218653075,-2.2948757524965036,-165.60822118571494,-0.008531650271201492,0.03644875420540834,0.0198493390054997,0.0,0.0,0.0,,
29.503166999999962,-27.996693641994053,-2.2699888435962796,-165.40735890913234,-0.007795230339447707,0.03275561959593723,0.017882369158257506,0.0,0.0,0.0,,
29.512680999999986,-28.03110334814203,-2.229096264698982,-165.20653486081684,0.023907165101165702,0.03639133764585288,0.014233046011865315,0.0,0.0,0.0,,
29.522153000000003,-28.05860264648579,-2.1729286678769286,-165.0475879699363,0.04626645378119884,0.03691934325139284,0.010601168949059808,0.0,0.0,0.0,,
29.531661999999983,-28.090921850988344,-2.125095126240553,-164.95634288522166,0.05769375135947541,0.015506120280757572,-0.0022168114615516727,0.0,0.0,0.0,,
29.541181999999992,-28.127564639446934,-2.106514628639274,-164.93855060408677,0.04631026867824186,0.012462047880635152,-0.00176399026532788,0.0,0.0,0.0,,
29.55071399999997,-28.164288601451954,-2.1205531860834217,-164.98101932749904,0.02376271660312155,0.016380506008959142,0.037568351589436146,0.0,0.0,0.0,,
29.560240999999962,-28.201079371407694,-2.163334390527336,-165.05261093751545,-0.001784729480963425,0.012618736465580727,0.040514242905285644,0.0,0.0,0.0,,
29.56975,-28.233875542476735,-2.2256572890351274,-165.11795940522313,-0.03172903702975889,0.009632684862767683,0.0399092480973419,0.0,0.0,0.0,,
29.579263999999966,-28.25185709696247,-2.290820936573048,-165.14668745524355,-0.04517090490206473,0.005881431625177578,0.039791144494204456,0.0,0.0,0.0,,
29.58875999999998,-28.250201702211044,-2.3430721972321913,-165.12684217748122,-0.04775722443064685,0.011415736801196459,0.014294328004576555,0.0,0.0,0.0,,
29.59823399999999,-28.2331120834888,-2.372860984985204,-165.06599567105243,-0.028567618176255898,-0.007619413210938924,0.0012251649932463096,0.0,0.0,0.0,,
29.60779500000001,-28.201384925251325,-2.382654790558204,-164.98880387750512,0.0,0.0,0.0,0.0,0.0,0.0,,
29.617306999999983,-28.158783412420682,-2.3816833729961018,-164.92543478130787,0.0,0.0,0.0,0.0,0.0,0.0,,
29.626815999999963,-28.112079569700143,-2.386151246641815,-164.90005892161892,0.0,0.0,0.0,0.0,0.0,0.0,,
29.645838999999967,-28.00632523516168,-2.446821541056418,-164.9803606062867,0.0,0.0,0.0,0.0,0.0,0.0,,
29.655305999999996,-27.95653921977345,-2.4953452621162167,-165.05667143447766,0.0,0.0,0.0,0.0,0.0,0.0,,
29.66486699999996,-27.917265552311246,-2.5348052657507667,-165.1248706233793,0.0,0.0,0.0,0.0,0.0,0.0,,
29.674361999999974,-27.90402154388347,-2.5572946933350815,-165.16546457443783,-0.025234759203815984,-0.006683585799328458,0.0011659178025353642,0.0,0.0,0.0,,
29.68383399999999,-27.913303764675693,-2.5510216236063483,-165.1715549343879,-0.02699073803126003,-0.007145597710456726,0.001243950939746855,0.0,0.0,0.0,,
29.69335799999999,-27.962903807917655,-2.5132403707282833,-165.15194215298573,0.0,0.0,0.0,0.0,0.0,0.0,,
29.702902999999992,-28.049482295237134,-2.4522568834280403,-165.12493653519513,0.0,0.0,0.0,0.0,0.0,0.0,,
29.712361999999985,-28.17092334509829,-2.3836616354099096,-165.11802689890933,0.0071669676733046965,-0.020439673846220505,0.04028826681000395,0.0,0.0,0.0,,
29.721918999999957,-28.339066828133166,-2.3157709662421215,-165.15285029991207,0.00883078348365055,-0.025456060815771002,0.04977899118666259,0.0,0.0,0.0,,
29.740908999999988,-28.707085631188725,-2.211517403004666,-165.36679707433322,0.01734394396095301,-0.05134736086386321,0.09864631679245725,0.04286080701142034,0.01706910945593877,-0.026317727399357428,,
29.750449000000003,-28.91188832963275,-2.163964921406867,-165.5178583879369,0.017394744572738007,-0.05231120355209638,0.09951083199626086,0.045175230542907646,0.01879798753286695,-0.030609193101197044,,
29.759961999999973,-29.11081398549298,-2.137722338113844,-165.6511377945019,0.013440792832163966,-0.04092548943044644,0.0771314156469913,0.0425952868268255,0.019870973061459792,-0.026941448369522076,,
29.769479999999987,-29.302620948271258,-2.1152606467991717,-165.74566128284056,0.011945442989974402,-0.03672718828920503,0.06861927473516517,0.0,0.0,0.0,,
29.778993999999955,-29.475532776590168,-2.055609077278507,-165.78959115543225,0.010233660188133,-0.03179467685392072,0.05893840492535558,0.0,0.0,0.0,,
29.78846599999997,-29.63456550174507,-1.9864669248982845,-165.76947547811915,0.0077652711456567035,-0.024306291368374068,0.04474431229873979,0.0,0.0,0.0,,
29.79801599999996,-29.775823143647205,-1.9155057160629043,-165.70175791822132,0.00636234285625879,-0.02000604892748781,0.03660945011148496,0.0,0.0,0.0,,
29.807488999999975,-29.902599842405493,-1.8183388787675219,-165.6220372250707,0.004047746235339595,-0.012809673786619418,0.023312743769318297,0.0,0.0,0.0,,
29.816996999999958,-30.045171717342324,-1.7343488529019628,-165.5441678068098,0.0,0.0,0.0,0.0,0.0,0.0,,
29.826539999999966,-30.198060029105605,-1.707996085605837,-165.47961258526206,0.0,0.0,0.0,0.0,0.0,0.0,,
29.836041999999964,-30.376613839647693,-1.7120571171678525,-165.44169327115645,-0.007057863171604357,0.02927420120155193,0.017640085593737014,0.0,0.0,0.0,,
29.845529,-30.580455837082248,-1.7473445738271502,-165.41626597342392,-0.009427826231547101,0.03911500359487419,0.02376156802768547,0.0,0.0,0.0,,
29.855080999999984,-30.79350628996826,-1.805886917986881,-165.37936441261473,-0.005668111576043612,0.02813100339629732,0.051260538842813105,0.0,0.0,0.0,,
29.86459199999996,-31.05809884477984,-1.865489961426796,-165.32260997003235,-0.010549682204559999,0.0437599930509645,0.02708954554626686,0.0,0.0,0.0,,
29.874055999999996,-31.3336719418541,-1.8874889274696034,-165.25697615962,0.02120519450958713,0.05029506431716649,0.02524354758591409,0.03496389441921581,0.03540115267453205,0.013086873279908729,,
29.883565999999973,-31.621306618102746,-1.896672504630881,-165.1916193361398,0.01904093136597317,0.04112984051627529,0.020540813681425855,0.03993583242525344,0.03316958780687741,0.013003966869765172,,
29.893085999999983,-31.920222255754595,-1.9029264308290106,-165.14495624254224,-0.00031033966474378424,0.008365906904448387,0.055526338302137795,0.045960928421079114,0.03174222367395376,0.00924715091021447,,
29.902594999999963,-32.224899916293246,-1.9170756455652953,-165.1259977537201,0.006979292844631372,-0.02159294975703826,0.03593023298547605,0.050221729708412585,0.03054415990857641,0.0037157811886323034,,
29.912108999999987,-32.54524142482975,-1.958316060924442,-165.12810230209288,0.008563059531131248,-0.02645338025119371,0.043481112100307605,0.05501220206124076,0.03272800089952582,-0.0005693521292047998,,
29.921610999999984,-32.85551811148063,-2.016848784514363,-165.13922295810846,-0.02526480508340856,-0.031579523134558404,0.03839725713279954,0.0547144523838087,0.03363370632109358,-0.002287489114763202,,
29.931174,-33.14136658605988,-2.0760211398731903,-165.14939589171888,-0.026108093560968982,-0.03975318379782999,0.04991890136050685,0.053705353738218484,0.03282297962186014,-0.0019151012013605886,,
29.94068299999998,-33.41540100526842,-2.1191668581121803,-165.15136088442847,-0.02060539281672332,-0.030588110842766077,0.03786265888219215,0.05111058994654819,0.03038075980442939,-0.00016048050688207332,,
29.95014699999996,-33.65370991004815,-2.1369192026304575,-165.14425433801392,0.006474254808187719,-0.019853240575346792,0.031295576943656825,0.04520457878912555,0.025908702711049725,0.0019588844135244457,,
29.959694999999954,-33.871629022160334,-2.127087867563352,-165.13495482116596,0.0045877499746717985,-0.014094591412934452,0.022032869362138233,0.0,0.0,0.0,,
29.969209999999975,-34.06959463046068,-2.0981489746884767,-165.124797745629,0.0,0.0,0.0,0.0,0.0,0.0,,
29.978688999999974,-34.24972388441834,-2.0664792915074988,-165.1128285235012,0.005451227071847849,-0.016858465165233684,0.025969163423956866,0.0,0.0,0.0,,
29.988230999999985,-34.45586567872201,-2.0403378444526488,-165.09887704342236,0.0,0.0,0.0,0.0,0.0,0.0,,
