timestamp,Roll,Pitch,Yaw,Acc X,Acc Y,Acc Z,Gyro X,Gyro Y,Gyro Z,Acc Magnitude,Gyro Magnitude
0.0,-34.14111800101311,36.510889589006744,169.66231048190133,0.12049594816511419,0.11880381782393433,-0.027914903385607367,0.07327450925671684,0.05248006022310502,0.04656469712680381,,
0.009517999999999915,-34.35258245483502,36.28817416358543,169.62934834752346,0.05802977450258103,0.01777260640320466,-0.011129472885483951,0.037271804031956686,0.05071127312112845,0.01855326284295358,,
0.01901199999998937,-34.586955759309575,36.08194514162927,169.57382396869568,0.05237607220189101,0.04252240381029206,-0.06012662077716783,0.03240448438435848,0.044474638906630004,0.01662797447519883,,
0.02846199999999044,-34.59506538876239,35.88195681200981,169.60649376042952,0.060853046327019024,0.17020873928800534,-0.13875151643482,0.0,0.0,0.0,,
0.03798699999998689,-34.299911940190846,35.747775135797404,169.70615182359353,0.01321566377259792,0.11747884834247316,-0.13746981850518847,-0.04232102696093447,0.03504238496508307,-0.01464074191302869,,
0.047470999999987384,-33.816576324617365,35.67015688210873,169.89253284702957,0.04927069551666325,0.18153136674065812,-0.19317129820672851,-0.07459073258576117,0.029218491219518358,-0.01918544460896187,,
0.05699099999999646,-33.045156655060474,35.64551152863168,170.1136677786401,0.08600846185209376,0.20017529441843177,-0.22128467620501802,-0.12272880159811579,0.02672388393138457,-0.03258965804348531,,
0.0664859999999976,-32.03739571770492,35.67855729205502,170.37745993501463,0.10317940244005715,0.15313247360093726,-0.17953773851082283,-0.16268188065374956,0.021402854867650478,-0.044837523221473136,,
0.076012999999989,-30.90252024528409,35.76772065587753,170.7247144415665,0.17192234352311533,0.21465554339397733,-0.18751108877469724,-0.1849113654978333,0.012766568889753707,-0.05244021354405129,,
0.08559199999999123,-29.771907379207303,36.05314028337951,170.99164316254826,0.13781339799754738,0.13830959358582545,-0.06992683645147757,-0.2225957267481983,0.005291272066756322,-0.07965817800018056,,
0.09509599999999807,-28.50956660626341,36.489066420113794,171.21595426679266,0.1696776776209873,0.10924985371969276,-0.10385731133861735,-0.24131591819153514,-0.013200968183242673,-0.10508679492438197,,
0.10461399999999799,-27.332760994829133,37.01630368400316,171.34393396428644,0.18909012445086706,0.1517173968517694,-0.08948524907140022,-0.23861546065414296,-0.030428652988937033,-0.11589315203323163,,
0.11410300000000007,-25.97139418811692,37.532994504247064,171.53080541050434,0.1944368137589029,0.10122578808588825,-0.01953704183525414,-0.2522558877917506,-0.026516694532274118,-0.12819104072883097,,
0.1330899999999957,-23.014672200340133,37.63627911479788,172.2798568099284,0.0816802948806992,0.09499096524332745,0.10895098262343808,-0.22265948105917316,0.0345606312514044,-0.09882519787842561,,
0.1425829999999877,-21.68013836880051,37.60620393138992,172.56534402683997,0.12036732300460612,0.08111584763835368,0.13203015111578867,-0.2090245698376429,0.03388458826915121,-0.10599219494955826,,
0.15209799999999518,-20.510429363906375,37.421852644351965,172.7971946699076,0.11289153479967738,0.05606298086531337,0.17644842545221034,-0.1795767232055107,0.06028898911450344,-0.09623643970754839,,
0.16160999999999603,-19.571695075562907,37.08285566370374,172.96869971596107,0.01077181187573971,0.06690268731661825,0.18097999274615567,-0.1400643743727716,0.08590612587586396,-0.07946998533673705,,
0.17112699999999847,-18.885129219948933,36.753933583297176,173.03736467667883,0.04762340766696363,0.1054229626970593,0.13291781931412852,-0.10107615459341557,0.07877234880630092,-0.06884807577940256,,
0.18064599999999587,-18.41205804091327,36.425367768461854,172.9648836523464,0.07922478538869605,0.10879870234154729,0.09687749557869847,-0.06742219327210527,0.07462975674537325,-0.05332979839470862,,
0.1901459999999986,-18.189081732267113,36.10579107500276,172.8921960184476,0.028438010297632,0.12229759092756758,0.10152953317515218,-0.027800501942399917,0.06796706935715324,-0.024352542509510418,,
0.19971400000000017,-18.39752883835503,35.97711681797873,172.6842354731629,0.13167799685657403,0.15875665071470557,0.0634881446126874,0.0,0.0,0.0,,
0.20914199999999994,-18.476512881914367,35.736455299534214,172.68418904413923,0.1977738205313502,0.13912555556698056,0.11542541675431767,0.018897840161773954,0.04615517348225196,0.030478124066427813,,
0.2186359999999894,-18.60774076278983,35.50507922483448,172.72721861572373,0.18242554343957645,0.08146141984341436,0.1647148190495497,0.027117894086619188,0.043225441227179834,0.04635616918310445,,
0.22815499999998679,-18.81720991132451,35.412126288677875,172.73718769753617,0.299762203619167,0.03745934305927784,0.11091145059156828,0.036263723290809645,0.014111549504035958,0.04710247911733746,,
0.23769000000000062,-19.0906577919855,35.38304074664622,172.71585984807868,0.4027808460949427,0.020866469395520112,0.02753943639032978,0.0450169338141073,9.950727914000394e-05,0.041605426905041244,,
0.25677799999999706,-19.60238000123549,35.5693684679316,172.63019275229757,0.2252360948182333,-0.12281748344318592,0.03794874437747388,0.05324165072102635,-0.005370107958475938,0.011091477521374443,,
0.26629299999999034,-19.810009873892195,35.94035872725411,172.4654906213423,0.25011237166736755,-0.11173631771451922,-0.09239415132602928,0.050420188737448655,-0.01855256589946652,-0.008519993914676059,,
0.2757489999999905,-20.036811615794907,35.91500864971394,172.25126319861565,0.2266816617356325,-0.08486005421374819,-0.1484742354979631,0.0,0.0,0.0,,
0.2853059999999914,-19.947222201361402,35.94005457642555,172.1737196632082,0.10607496629891683,-0.09145909615404015,-0.08767308610025587,0.0,0.0,0.0,,
0.2948169999999948,-19.737696188618052,36.05299407303012,172.10868253206002,0.13949376535871424,-0.0680141676754175,-0.08216247032841666,0.0,0.0,0.0,,
0.304325999999989,-19.474889302383463,36.225327810862396,172.0666163808028,0.2000737509020314,-0.02585778425025933,-0.054629657838818776,-0.04077850716600119,0.018013555990445084,-0.03954360098964943,,
0.3138359999999949,-19.155444549283477,36.3076712298593,172.06319440568367,0.17750061674006165,0.020963888919694685,-0.03468404043530401,-0.06051449133160696,0.03093909290758945,-0.03862118073342127,,
0.32335699999998724,-18.759231082592013,36.4053152767594,172.07082759143836,0.12622477124150353,0.05414386345868017,0.06352555435239228,-0.07718974013585406,0.015713620836145276,-0.045585694917603774,,
0.33285300000000007,-18.433194615931566,36.59993241206943,172.04135934540503,0.16421043586285589,0.10494264332934454,0.06579895927206676,-0.07895154556925787,0.0025724480284367106,-0.04484669039559659,,
0.34237199999999746,-18.189078050980413,36.6906804704443,172.06767253198538,0.1090929032344368,0.1522050674362679,0.06239675690581074,-0.0728449251153571,0.010045892224906634,-0.035771503374302197,,
0.35182499999999095,-17.808156027399015,36.702557664988504,172.21894585088086,0.05446616244910179,0.16441772931321855,0.09185611176902378,-0.060915130836947,0.005971875746890307,-0.02785158132990277,,
0.3613900000000001,-17.797556894315754,36.77876832469631,172.19270199638376,0.08659829001449655,0.1746214391678155,0.07785338432961013,0.0,0.0,0.0,,
0.3708109999999891,-17.892898083530444,36.76595582105217,172.15281146533272,0.057505253506946116,0.15783456544971852,0.09264184853935181,0.0,0.0,0.0,,
0.38041699999999423,-18.0618183625709,36.724352766986,172.0819600743881,0.0597550194740756,0.12388336028973158,0.08469557083614368,0.0,0.0,0.0,,
0.3899279999999976,-18.309800750529284,36.73347910257993,171.98759144758486,0.10481478462132662,0.08841710526424795,0.06974960312685967,0.0,0.0,0.0,,
0.39943099999999276,-18.5780563366236,36.727812302199695,171.89024478425398,0.11415249141831825,0.05536844070770838,0.05066086703372236,0.0,0.0,0.0,,
0.40894199999999614,-18.802841682266525,36.715907970100915,171.79421215028847,0.09863829840665314,0.027435753716366237,0.043479172815964674,0.0,0.0,0.0,,
0.4184569999999894,-18.95205174869485,36.77085418032679,171.6925064274183,0.1183684575941647,0.0018258879561388406,0.018588028198698432,0.0,0.0,0.0,,
0.4279769999999985,-18.986061800387162,36.836293007568976,171.61067338351725,0.11859207161608273,0.0015540303315589728,0.019297428480365877,0.0,0.0,0.0,,
0.4374809999999911,-18.891796393766818,36.89742408717399,171.5506393573349,0.10906134129188201,0.0017378066473632057,0.015961751931154712,0.0,0.0,0.0,,
0.44699399999998946,-18.699064584406653,37.026064953645474,171.48635848630417,0.12252810284956275,0.04179715818600885,0.020020358239612835,-0.04332297339963761,0.005644981836781322,-0.03611855352663851,,
0.4564929999999947,-18.477201066659173,37.219258950678665,171.47098530549655,0.14947514506310935,0.08871065369657692,0.02627508237441433,-0.05972351884780967,-0.0009273190458316697,-0.0444497227218649,,
0.47550699999999324,-17.927016871742747,37.44746826033806,171.28872138973875,0.008011946140909172,0.19872498443273004,-0.09518112120980478,-0.10420793747576788,-0.01667787418784429,-0.0701728055718099,,
0.48502099999998904,-17.85990570992854,37.51632003907474,171.08948750987082,0.11253705227909283,0.306658068383689,-0.13953723592272205,-0.08831594564554225,0.015974468994046892,-0.05356356369041363,,
0.494536999999994,-17.383469953205413,37.193088307014555,171.10687353469768,0.08217729969380208,0.2025876644725466,-0.06571906869049558,-0.11251358258043956,0.09421575275385924,-0.060228562208099724,,
0.5040389999999917,-16.951416466335502,36.89179928901426,171.13659019685204,0.16073081768877667,0.11286987112073314,-0.08015856955235202,-0.08572000662249037,0.1086035638426249,-0.04619184486740519,,
0.5135079999999874,-16.635368621156026,36.52484492644507,171.1967838720176,0.41935764660557096,0.3249646959788403,-0.3143171717778033,-0.03885080048417489,0.08040831900985175,-0.025788801881377017,,
0.5230119999999943,-16.257434367675348,36.172491522557486,171.2260743562299,0.055392733169147564,0.08612352501074524,0.09798754353492065,-0.04945934937612421,0.07905018805342816,-0.039000908097159157,,
0.5325159999999869,-16.366145636620537,35.751656383437954,171.2052657389872,-0.036894610864252955,0.023997565181917466,0.2161235288075838,0.03028420223026859,0.08060035503364135,0.008611173185578634,,
0.5420369999999934,-16.845526213312816,35.180831256561994,171.16456525281697,0.10720955532770501,0.13486391665210595,0.11554341830302577,0.09478079220982359,0.10098432752059792,0.04754310849753867,,
0.5515309999999971,-17.478426304771478,34.50170681741264,171.12237638323492,-0.023787495860444076,-0.13345387075901907,0.17273909506932075,0.12371974138896387,0.11836725458827412,0.06395029793231001,,
0.5610549999999961,-18.895728181348893,33.93155511129807,170.95170608573147,-0.0686682602233819,-0.07018187144713431,0.13549673248653366,0.24961447730292655,0.07621442559053766,0.12542574881353266,,
0.5705409999999915,-20.644506687064332,33.42336420085515,170.61635828231118,-0.5690575451511402,-0.5172648722123415,0.9728395537984631,0.3039535692336476,0.05377314087070526,0.12705680355290994,,
0.5800330000000002,-22.8977678011118,32.68988252665732,170.11784293800082,-0.9455161107610996,-0.9378067882140462,1.8038906259500473,0.39741376633714975,0.08150984379651892,0.14633151627497104,,
0.5895449999999869,-25.144289127330648,31.749124335219285,169.43460490270766,-0.5795865279959282,-1.20630910950741,2.2618867345069456,0.40797001030805047,0.11782071370215833,0.10308214222786001,,
0.5990699999999975,-26.693386894429388,30.79068023457018,168.59980065637376,-0.06928668102584412,-1.0400935702817964,2.2803145509091136,0.29683621730749765,0.13788719350184664,-0.006099361570674658,,
0.6085779999999943,-26.73009012935298,30.259714410493775,167.74411935102188,1.8293990809094556,0.049415021107263195,0.21118180022527908,0.027973834264276045,0.10276753642333451,-0.16756822563735196,,
0.6180809999999894,-25.7003197328416,30.592111535596203,166.93037892654226,0.7152265474095831,-0.5211333845116882,0.9863401418596269,-0.18810240927426408,-0.025974440216781875,-0.2673132572381385,,
0.6275869999999912,-25.371489174157816,32.7802215347593,165.85770664605937,1.1558358543126575,-0.08577179757635665,0.5270707406067504,-0.15666064219308543,-0.4130871081774338,-0.30052930092018193,,
0.6369249999999909,-25.293600782405726,35.940489827477414,164.76737375502202,1.9225320972158766,0.5316697181133226,-0.633756268249572,-0.17080655650927645,-0.6095823630604502,-0.30842976403252403,,
0.6464229999999986,-24.838023765171908,39.118696824602026,163.80551140789998,1.2934063550332426,0.16590080587736775,-0.7914456029876019,-0.24009312422939427,-0.593943750065451,-0.324980570900313,,
0.6559479999999951,-25.55405207556898,42.32287591868806,162.51824311906606,1.5046564877793112,0.1786171342009652,-1.8054646316031115,-0.07985335479727866,-0.6459500041245123,-0.23708851442869255,,
0.6654519999999877,-27.976822903661205,45.12777272224542,160.65722519645703,2.53228255919388,0.6275061289466295,-2.3435699422589122,0.15705559216418735,-0.6432202041111322,-0.10282338696074311,,
0.6750399999999956,-30.320360887747405,46.19327950089174,158.78116173894145,3.4063748133124223,0.6915897956362312,-3.0847537522417445,0.23397709123958432,-0.3135793287904654,-0.06515633611228257,,
0.6845429999999908,-32.454374339365216,45.631401633382616,157.078863584447,4.054904988035633,2.0284254841664917,-4.120999076099231,0.31774986592876486,-0.0076462964413596,-0.019509204929721267,,
0.6939879999999903,-30.720076491007312,44.377335684495755,155.9937818599226,2.064806402262923,2.0981823314749013,-2.496077373473971,-0.12472780079852941,0.3283866471371487,-0.42291201662497996,,
0.7036749999999898,-23.75376759848303,42.00134847007366,156.482486654202,-2.0581333165136972,0.0005494846080916067,0.2648871968251826,-0.7357649651812211,0.8478824433615072,-0.7599581533945068,,
0.7131919999999923,-17.339354541007186,39.181394490568465,158.04000731051664,-3.360323709782503,0.043829637657352795,1.5553049717799037,-0.67575418440009,0.9015324553302979,-0.3789950753662598,,
0.72269,-12.951450509022795,36.984243380753306,160.48402292745368,-3.8545412657302873,0.5249830760593717,4.21735622574741,-0.4871503128010031,0.6590452731053419,0.08193883200400597,,
0.7322069999999883,-9.324473553834387,34.815795177333996,163.63222804232953,-3.6903862701136227,-0.23049606922736887,6.169034702502922,-0.42287934105124286,0.596429347803681,0.3222492402897037,,
0.7417179999999917,-8.730725963051006,33.635546130381115,166.29630947220846,-3.0660199330058777,-0.8966514955042836,6.166548906040893,-0.03263412311427832,0.2539167718058539,0.5505798605083141,,
0.7607299999999952,-15.389001865577741,39.24801921438857,165.52757988107956,-1.2454469641931203,-2.5207718169467026,4.456940394198421,0.5007810641760357,-0.9161344762810263,0.16483011482564258,,
0.770229999999998,-23.697213317424566,43.05630453984291,160.4182627830033,-0.8357412704449511,-2.197646948024026,1.602502854328277,0.9774244255087918,-1.0919657821267694,0.013933509296017069,,
0.7795769999999891,-35.344846406677675,46.5220169332068,151.54444363024965,-1.6464558665379876,-1.561859422725427,-0.14491685379205088,1.2336863829618039,-1.3005528861113491,-0.20600944773602547,,
0.7890739999999994,-49.769561304365595,48.69782554960652,139.84200832954153,-1.7178024145075081,-0.8503238528633046,-1.7647403875410008,1.3673308396548052,-1.448582730586755,-0.28889671572161807,,
0.7986739999999912,-64.32388587117774,48.42739570549971,129.19350244738098,-0.5199859698743516,0.7925328386746545,-3.491952004631789,1.3923536161300856,-1.3309734345505013,-0.015126118797113489,,
0.808179999999993,-76.8096642575759,46.973615150003624,121.32086171920271,0.427839520165212,2.229420845026922,-4.454701864300308,1.2093413224045138,-1.2022482975175743,0.2204228358967906,,
0.8176989999999904,-87.5599419512998,45.648710744375904,116.00212129957097,1.5537769043044063,2.7507809857351506,-4.383208041535201,0.9467722024364995,-1.1748993742677585,0.4463357650870383,,
0.8272089999999963,-96.64641540101209,45.076507376415385,113.96645612257143,2.6439220566726136,3.114095246945638,-3.621142381337958,0.644913960463004,-1.1089960337095206,0.8532046464926545,,
0.8367149999999981,-104.45446684647482,45.4739761138749,114.62867113496483,2.225703576192817,2.4775105454129673,-3.05544671587225,0.381219122669851,-1.0350576957362079,1.2219267621403345,,
0.8462289999999939,-112.43654659298593,46.397307768257505,116.76394475062105,1.7162986902145614,1.1701822261332646,-2.5644156328602215,0.31704006515018246,-1.0815454495087204,1.5475533343729773,,
0.8557409999999948,-121.10103543494861,47.41421982798129,120.16598311082267,1.6202271211170378,0.06999419210500828,-2.071305155643978,0.3876708878041146,-1.1391328297750996,1.9241629264248667,,
0.8651829999999876,-130.33967992311392,48.277040064877646,124.6270892264912,1.6682680402218573,-1.1508469307984686,-2.080830822545645,0.5198302024773912,-1.1418512678638755,2.2700375308150305,,
0.874685999999997,-140.73113358823258,48.37189725931481,129.37276807578138,2.4317735642419294,-2.0174555254259423,-2.1909122869100455,0.8170063890592588,-1.1185923516336056,2.533250310617558,,
0.8842009999999902,-151.79866797985989,47.549799376571045,134.49293256515713,3.2256710220414333,-1.8753100993898966,-1.4729400326491002,1.113200148687906,-0.9979394214172964,2.7189993497576728,,
0.8937019999999904,-161.7912324748119,46.4120182610466,140.4227383850591,2.7525359892247194,-0.6381884941047257,-0.28896377759890274,1.1589985769501383,-0.7600492503222168,2.717387988444315,,
0.9033909999999992,-169.2230313307853,45.06165023571213,146.59377280652626,0.06582004998285132,1.0991447932682932,2.470866073183994,0.9954564105663972,-0.4048781964224684,2.388738393351337,,
0.912910999999994,-172.14880762837478,43.41425393023327,152.13329366582386,-3.0056991888899725,1.6452106169548937,4.935869886894241,0.5300282059472955,0.06765483768305068,1.6188362804467031,,
0.9224219999999974,-169.2545398457823,41.18550940502981,156.17887778420595,-3.286694160242281,1.9597498429724745,5.266779114289753,-0.18803824976964886,0.589394396447249,0.5356229847234447,,
0.9319269999999875,-162.94033345563818,38.63791301358694,158.29089901062758,-2.1786197356968366,1.1753920646153306,2.391971492989381,-0.6920200412885243,0.8487569386902784,-0.26457792066050434,,
0.9414429999999925,-154.62354336941564,35.84016352717726,157.79404637040514,-2.4967798459371573,0.13661568428823676,1.0452934141637913,-1.014812242106326,1.0197826093072253,-0.9850730173562109,,
0.9507699999999915,-141.87471905201576,33.92165032173065,153.81930148368025,-1.1021094819437025,-0.7077350417497364,-1.5451135335120978,-1.7450704554814385,1.2211506730066888,-2.079340773963897,,
0.9603559999999902,-127.31192790574595,34.295109858055156,146.8409081187382,-0.03927427888516659,-3.4580230870504725,-4.062088997390239,-2.127823260962841,1.1510362031516956,-2.823592586409297,,
0.9697669999999903,-116.05425786305602,37.18565414328204,138.2637505805141,-0.4807079474244508,-3.5759536574053583,-1.8372012360351495,-1.8034998947460785,0.6663472348554749,-2.894319369595106,,
0.9792889999999943,-105.35020643822797,42.14465827034195,130.26003834275815,0.9935688425680216,-2.5454855071696203,-0.19579227584423373,-1.8653254485091053,0.49180879716893666,-2.9663406271657338,,
0.9887939999999986,-93.20656056801795,47.84883693203996,124.09942333606482,0.7301947550582655,-3.290652486587321,-0.6695057710111257,-1.9473193425154252,0.6908002613019365,-2.867890295393773,,
1.0078259999999943,-74.31085797813441,55.296791453463904,112.8471851375504,2.895813041430502,-0.6779865689497463,-1.3291110633485428,-0.9508698062939648,0.6689431439955654,-2.4385232427414434,,
1.0174169999999947,-66.85397475695396,56.4680227775601,105.93073236573288,3.118376706473153,-0.23633061406951397,-2.922486789946368,-0.49733361148779115,0.7155140008858153,-2.532244567335715,,
1.0269440000000003,-59.39363152205604,56.31038327601626,99.00181057600396,2.87243327648176,0.7953347708039559,-4.296271645469593,-0.14514405951575576,0.8163621310883941,-2.5460350070884528,,
1.0364359999999948,-47.04476321791258,55.408789025437294,94.6018636812193,1.5773419842325525,2.2378864771185047,-6.3472395097335434,0.020775181516308732,1.4011519805231265,-2.8189191764431327,,
1.0459619999999887,-27.017304065634516,55.40982093421956,94.06024589697115,-1.6114423311622885,4.500816023994666,-5.678117280992529,-0.15694532961759552,2.271298511315466,-3.2568239538103927,,
1.0553819999999945,0.7533757123637764,56.1852171433247,100.27324200344418,-3.0973590108310822,6.722486040395891,-0.9421381196075944,-0.5112282615309733,3.076359777715785,-3.156171614274823,,
1.0648959999999903,34.03446642120425,55.01517447137483,112.95545167182829,-0.6662898841193283,5.8470227691047505,4.656842669888805,-0.8149834162446881,3.654802386470787,-2.750352196260799,,
1.0745799999999974,64.14368919238339,49.332407811478234,123.52297712679771,4.182371758794078,1.7711232329505318,7.58097466656896,-0.7294561961748187,3.771517635775775,-2.4442597025979182,,
1.0840929999999958,83.85933677610895,45.405268893926895,126.78564531153401,4.815190644870596,-1.1937694190633386,5.504469459864971,-0.8803684951903827,2.6383830140051865,-2.0689135159764547,,
1.0936219999999963,102.85416382165428,47.54115155865708,135.36860203705393,-0.3408925266855157,-2.6929406926375794,2.8435583351246216,-2.0208962244102096,1.7099682277245114,-0.8421188763731677,,
1.1027389999999997,122.71655105060627,47.89750376436116,150.4115182607476,-2.779669169816919,-0.30531506966890987,0.28328205020224434,-2.150063979814987,1.5801410548433918,0.3456905161906995,,
1.1124349999999907,134.1130676206828,44.11296433292411,165.79221364223844,-4.121620633203766,0.3568336635808439,-1.4574077777745147,-1.1758443297429504,1.3030578866645026,1.6543312002547883,,
1.1219489999999865,134.6753909556073,40.92148988756689,171.324675611485,-10.002105940040332,-3.5825367381780433,-1.8463899761729667,0.04799270967467282,0.6428506921181741,1.1158165684060015,,
1.13145999999999,128.01221868239494,40.58854571624223,167.12906503540373,-9.99159919278187,1.3264067761817588,-1.5289081252533403,1.0045958783589115,-0.12444246170568189,0.05770534369187035,,
1.1504799999999875,108.39616873913464,46.06743671862515,147.5629506727866,-1.3135595088907226,2.0213522139622304,-2.0636185568755443,0.8765614363604174,-1.1819451931051592,-1.2295261827965347,,
1.159993,93.95111913477653,48.61792076378543,132.6928444003579,4.220193197618731,3.8763309996818536,1.2382208623048778,1.1865210073141108,-1.6368621762706717,-0.9758405152540065,,
1.1696869999999961,78.10413597872173,49.71425426189487,119.0563170636394,2.927772549694239,-2.2061843522037594,1.969853741381197,1.0485297315631072,-1.798541615620803,-0.4655551673605611,,
1.1792019999999894,70.9086146445883,51.03837135585398,109.42308760661595,4.637140889544651,-1.0563602998504207,6.394428963448123,0.1416612038878746,-0.9451388912041904,-0.9586950056227675,,
1.1887139999999903,64.92148822914322,54.11827803215648,102.9505479544251,3.1851227955310653,-1.8802724785491431,2.982118646730614,-0.3836230698203602,-0.8731976638078145,-0.47414686246750715,,
1.1980329999999952,65.507847784543,58.59713321690063,101.23036040817523,4.962828187247608,1.11715547355492,-0.4089855576315376,-0.8905847729374744,-0.1269465033001262,-0.5128735904343505,,
1.207544999999996,77.87521236168641,63.77377612103574,109.10261352877488,6.910659785425549,3.9582370811623577,-1.231883215966328,-1.3030013648059497,0.8873986607035903,-0.4718875139724258,,
1.2170469999999938,92.79356081770295,66.92150670747262,120.24171656171974,5.365431314629041,3.1621169338751183,-4.313274480209834,-1.0802510697270338,0.8766939341966263,-0.2936810381297022,,
1.2266419999999982,104.20240464659496,67.29627646673366,126.27698794613138,3.429787058946025,2.3186807109368317,-6.826799523903361,-0.5451549182345534,0.7035568447001824,-0.7672333915573194,,
1.2361509999999925,115.5304354517793,64.69391729359096,130.36480522235442,3.734675416965677,2.3798817712158713,-5.257482356553009,-0.15987582999409325,1.0454822948166977,-1.1639632928228143,,
1.2455919999999878,122.62784720522508,60.4830848669896,130.97408341633633,1.9280015618029702,0.23139730126315947,-1.816366212212294,0.21636517967269905,1.0443960941932076,-1.0611104541322323,,
1.2552749999999975,126.41067409054573,56.92616539847411,128.0637715757788,0.9268694095280807,-0.9618048186389694,0.9665524730321632,0.3005330976292877,0.7566308737751503,-1.190364688402724,,
1.2647859999999866,130.76291653297594,54.21414035599636,125.96924708169132,-0.2442344917238364,-0.8095502588955749,2.328509046624522,0.1379564781055906,0.7203415460129501,-1.1077603805748135,,
1.2742959999999925,138.6232376669569,51.217819491250594,128.5905463814329,-4.3536598237646125,-1.1799781854533289,5.47393700177496,-0.09703371487527088,1.1212135632179698,-0.6561951076161678,,
1.2837999999999994,151.40565917399826,48.59716807979115,134.06419773701438,-3.8676777156396405,-0.1913844182742034,6.210063413270447,-0.6861645011039511,1.5846839257544802,-0.7369282154943059,,
1.2933159999999901,168.5690646492154,46.11307281810229,141.33007282787693,-1.7955289959610854,1.443719323438691,3.8648302359003552,-1.3702997283811815,1.939702934538483,-0.8861992019398542,,
1.3026489999999882,-173.0708818664259,42.788499631683884,149.13188815319856,-1.7988785744693685,2.2139314850068654,0.5308640698231158,-1.7566600558496641,2.050686345893639,-0.810844002430512,,
1.3121659999999906,-155.72773175884655,38.52710895973045,154.80800564986038,-3.2869156111996993,1.9498434850864073,-2.402864336941588,-1.908259384458332,1.9983928691601396,-0.9458425498034789,,
1.3215559999999869,-138.72726578401813,35.643592988930756,155.14740867988138,-4.810024014758347,1.4566615023291496,-4.320738071455943,-2.192406406877778,1.698931676500533,-1.6548776424148761,,
1.33108399999999,-120.6181098132627,36.815868747029555,149.72228509264085,-3.270619000374214,-1.7691393933494741,-5.8962743620103595,-2.685715889748606,1.1891957834097837,-2.875976942602203,,
1.3405799999999886,-104.99189899365422,43.46126128220835,145.15531799747853,-0.3289591253715293,-4.830708829425038,-3.0445379817109997,-2.7398072124480177,0.10293777081990457,-3.517078841857991,,
1.3502669999999881,-91.93777446178652,54.29867996224102,140.77343139697552,2.1225331600104176,-5.528800947952307,3.262739526610101,-2.6797468147286194,-0.6891415675681449,-2.8434592014223465,,
1.3598019999999877,-76.54341070824869,61.5132108186018,144.52188366447092,1.0412017917255814,-4.407225508953534,5.96969319835912,-2.171785184439063,-0.1474825265742098,-1.8635916923325468,,
1.3692109999999929,-73.41307807297068,60.50329411022987,137.94574002046704,1.5507365508751896,0.567688949775489,2.1799172488508383,-0.11073579697560261,0.34841305659887495,-1.86466753236896,,
1.3787249999999887,-77.41558996833623,58.42215518177907,121.35746925262663,-0.6405502416029815,-2.375819994954409,-0.0300144097443941,0.5810110171845512,-0.047243600677701766,-2.6299567245521445,,
1.388321999999988,-87.88762903075465,55.3384053975425,104.7258455721132,-1.6632562948959535,-0.7447242177518224,-2.08125358127851,1.0143792223190007,-0.812509386715498,-1.5702412414245466,,
1.3977389999999872,-96.68141858013088,52.551596061481305,94.78328534249385,4.425781851030235,4.075266818688403,-2.4727980961539453,0.7239049069287872,-0.9260721019121437,-0.5657533653433837,,
1.4073409999999882,-99.25810668896396,52.35550306946889,88.569386187856,2.553840291877864,3.208753329574952,-4.683824934874753,0.0499764862324264,-0.31260592439070106,-0.9617574361639328,,
1.4168549999999982,-102.82646681412382,54.83018809495862,83.398246648336,3.1923868736124645,2.4821100038188395,-4.548015753655582,-0.5217969585553087,-0.39123081965525247,-0.6008507415607575,,
1.426284999999993,-104.11995910350419,59.39320818186092,82.27327693573197,5.8400552427356045,2.4933287378837656,-2.81031805917192,-0.9243607469790148,-0.030101056665030986,-0.12258688181498686,,
1.4358709999999917,-97.75286691430362,64.41441948172042,86.93638941383752,2.679484032904078,0.4602243990909262,-2.6574550224499016,-0.9415451438760222,0.6945882647628324,-0.12347198980529277,,
1.4453869999999966,-87.37717618850137,67.40286364675686,98.1069905862472,0.9156213555126285,-0.5300290643438856,-1.7342762911354432,-0.6292437946009162,0.8220421544911457,0.4405878222798077,,
1.454823999999988,-77.3501765210074,66.845947676409,111.30795577237821,2.0473186955811706,-0.08250002976118778,-0.3886681355780725,-0.08690606129170847,0.7819246181309942,0.8730611298822843,,
1.4645219999999881,-68.59959052887002,62.67863019614951,122.2997106896151,0.4631587244599691,-1.0900270096846094,0.010037644307838408,0.4108282827149887,1.0402931505071735,0.6896652383716914,,
1.4740149999999943,-64.53171567063295,55.68924250001067,129.06822780413466,-0.7373472160198196,-1.2751780046243448,-0.010744853693165949,0.8967950627674662,1.1530656503710188,0.7144431377936911,,
1.483520999999996,-63.28982091116866,47.40063529957603,132.60679899707705,-2.2036762968730366,-0.5868050413665706,0.34835604302663686,1.1572473971918746,1.200687753734108,0.5537770305020235,,
1.4928529999999967,-61.040107815637626,39.17653674677673,134.6912921976819,-5.632999149552687,-1.2763423924165815,1.5373407481514771,0.9674007021428045,1.3726431438595479,0.14407605077364422,,
1.5120549999999895,-53.83114377605309,28.141813104365156,136.02161087438438,-5.268197145926323,-0.023418754236597866,2.415438941007087,0.06604489319626847,1.0902438027848078,-0.39830522573687377,,
1.5215769999999935,-47.59891961824081,27.173897328768163,135.46624207901945,-4.093046899783579,-0.929377507853824,3.4901037910041754,-0.6565967559384823,0.9101187428681821,-0.6904217956114911,,
1.5310769999999962,-40.167193352581975,28.46518031865096,135.26522536439361,-2.350917305036972,-1.7818354594762025,3.9187659070009127,-1.1180521002554624,0.7409817544741338,-0.7346567306097838,,
1.5404079999999993,-33.21518382594063,31.097065706725463,135.26740595171594,-0.1161517985359802,-1.657410670326173,2.6038907424288777,-1.2288990863927505,0.4765111288977773,-0.6909626026762118,,
1.559427999999997,-22.05099635163832,40.04371076259409,131.59617349377626,-0.3183137126643708,-0.6166059165007014,1.3816300779992963,-1.3043714684583998,-0.07960352498964648,-1.184994633079555,,
1.5689359999999937,-18.22324279476431,44.76091300216465,127.17010510641616,-1.0976800504285795,0.4388192660967412,0.22494932754569255,-1.0899019578535865,-0.16157698393325648,-1.4021724086699183,,
1.5785369999999972,-16.65203002721483,48.57580934765878,121.3060479056098,-0.522742821511822,1.3507244718749238,-1.9647057795305287,-0.7537475203698268,-0.2513067757523943,-1.4021432777766398,,
1.5880349999999908,-15.88320248175441,51.4623652884082,114.69019856466923,0.6676778315799464,1.0746375340565455,-3.681300226590126,-0.5574705339826181,-0.18393948775344948,-1.4419357859617998,,
1.5975349999999935,-13.679252518240641,52.94455986118564,108.44453964947223,1.0541084709258846,0.3945389077698184,-4.286705540678057,-0.37592300862738365,0.1428068084071591,-1.5988938696354433,,
1.6070499999999868,-8.699557135028357,53.011229419696946,103.4555439626494,1.0635559841134323,0.4579309386629188,-3.9495520938070388,-0.17805711080305017,0.5743782006616723,-1.7948005462610297,,
1.6259999999999906,17.212293930573082,51.567981086515246,98.21303447653867,0.20547927851454503,3.2208619422060307,0.02124340174427657,-0.15768350013774823,1.9869054076835682,-2.910087059590424,,
1.6356969999999933,37.988020093052725,50.76193875181141,97.5346970437046,2.692041496722805,6.131894326157239,3.052698140931033,-0.19929309745854168,2.60709127511377,-3.3761875587486827,,
1.6452139999999957,60.55371494792951,50.4217825329526,98.52702468637418,4.946779263237912,5.030191772373347,3.707058135893454,-0.3340730874924299,2.848706545128039,-3.29377043235992,,
1.654726999999994,84.69204950625577,50.315969659732346,101.55913672197043,7.224052227544736,2.888461380766234,3.55835179330932,-0.5164710923176062,3.035131603383412,-3.1190080437054473,,
1.6640439999999899,110.05141211714067,50.083385558850395,106.18003093640355,8.775262830765737,0.5203290316916986,1.607097231197594,-0.7332206309600457,3.159621286727028,-2.981761196193661,,
1.6735549999999932,137.20697611692748,49.12064118412994,113.18418851891676,8.528554222530452,-1.1065231852296193,-1.5117213424442395,-1.0054852140009312,3.370443468842416,-2.74888833448691,,
1.683066999999994,165.52380492084004,46.14328866404733,122.03444605097286,5.849867706823749,-1.5506809116818219,-4.4786907199615005,-1.2481372705947247,3.6419617028116185,-2.433451550440881,,
1.6924639999999869,-167.6607714557878,40.62705181486859,129.90786667025145,0.7911855191904879,-0.9905494029090878,-6.741542004917124,-1.4102403259278742,3.784055363111545,-2.128963144164698,,
1.7019849999999934,-143.4919409386885,34.02390077330565,133.81540333489835,-4.713568272942137,-0.8142003863985183,-9.536632264311484,-1.5964960512817723,3.7313811750289148,-2.161501500469882,,
1.7114949999999993,-122.89899879440816,30.956983815181722,130.26177316948704,-6.460504531803703,-0.9002498710125137,-10.309202352619481,-1.8452401255127766,3.012656067828175,-2.6653466358893056,,
1.7211929999999995,-104.46656413035194,34.79987063582202,123.07714358627065,-3.218620768486985,-6.957297960937211,-6.470779005091939,-2.451689691986593,2.0550790473174128,-3.245777212710879,,
1.7306159999999977,-83.00597751223539,39.41126072041998,122.4891238472698,-5.264376273307916,-6.298330186697538,1.1108297118121344,-2.6237791280502933,2.3880729696953225,-2.70922478908888,,
1.7401219999999995,-60.43559694121947,42.11516005705855,123.65930302941068,-3.8911035314640063,-8.547251535405348,4.032492515584048,-2.315018212034902,2.575820411181085,-2.71834082677435,,
1.74980699999999,-40.87746790410939,43.11736333149784,120.85178879473075,-6.006251635198554,-8.049678518295071,6.025944153859481,-1.7081397374312275,2.333780644177206,-3.2107448143884367,,
1.7593219999999974,-29.413216611569442,42.14622765996896,111.4619968155427,-4.914951111880181,1.317840102225301,3.9891963489885076,-0.5725061928033521,1.6065140200671575,-3.431305233078791,,
1.7686459999999897,-19.957609482871334,44.60487080493443,98.24056799535916,-4.544780731283937,3.588778279395073,1.5618508281505863,-0.8315050139544865,1.2102999575751072,-3.9437837023860864,,
1.7781619999999947,-14.50344971840096,49.06771891627749,84.01871015144418,-3.036218785689785,8.498115289881161,-1.1701702804279568,-0.9114045650633715,0.7331242736906671,-3.6415822138981686,,
1.7877579999999966,-10.919558635040937,51.95847246515781,75.44972345535555,2.764683081424814,6.540870271180677,-5.428485336467945,-0.4889063452501231,0.5535125543367074,-2.268902595666507,,
1.7972759999999965,6.057884400711264,52.76643897438887,77.39992587935792,1.7419788311628275,5.7658564058941035,-5.6550556695324525,0.33095908507693844,2.054670605334032,-2.3030240633999894,,
1.8067069999999887,32.469385031576145,47.691046591881296,85.02161652938385,2.0723948697194627,9.204357988416808,1.0582098622191103,1.4989448764823545,3.181973899889123,-2.5528463321426824,,
1.816395,50.4189446622715,36.52061742025813,89.19289463540761,4.7545574344668555,4.795848666294738,3.9513719988678453,2.3481799192489246,2.5526987094452984,-1.5851054594722125,,
1.8259029999999967,60.652402133300164,24.43424081316042,89.42912937427784,6.04351824871658,-1.0397151703097218,5.433214505725609,2.4350094503773243,1.7400253515778208,-0.9940688497704059,,
1.8354029999999995,67.60840734048394,15.274563283240852,87.14900277271506,5.625081157928159,-5.269492341366415,7.2406681132822746,1.868026538322306,1.2606398528516505,-0.9799767795149543,,
1.8449229999999943,71.54129640393153,16.948497003400103,86.667910150881,4.074487688494193,-5.426438091729462,5.9536066626715085,-0.29565014770208103,0.7728560541643381,-0.3705844132407834,,
1.8542429999999968,73.78175654629446,27.70733828200926,88.17364568353119,5.047891848598514,-0.48520643306352185,1.873067424388445,-2.134700083585979,0.5065090932648799,0.07020342813848411,,
1.8637449999999944,78.94913329044134,41.31402656617918,94.56021049094628,6.200483488437933,3.710685678738769,1.0399426980561435,-2.7444745962258645,0.7838807009762359,0.6402078872501437,,
1.873267999999996,81.94521375716549,54.08350145971546,105.00468551310412,0.7559083596763673,3.4958686551975298,-2.1108549664555065,-2.590427563015928,-0.046544376592671306,1.547189196650224,,
1.8828589999999963,84.47725749303316,63.441238115170464,115.45088780593352,-3.766864878718817,-0.032837259451946044,-5.588696913537411,-1.85080673312799,-0.40442406047190993,1.6248342989154456,,
1.892362999999989,93.8293449676233,68.02315671760911,128.5932339921409,-5.9580048492626965,-1.4932412205047028,-6.476959049386864,-1.1841080693845716,0.16489576715608126,0.9065283467013973,,
1.901816999999994,107.41722915525527,67.04338828466433,144.0447596832737,-7.676428194645569,-3.689296610612763,-5.03770000958954,-0.6151085952604147,0.856508660906653,0.5767209289580149,,
1.9113109999999978,114.51409236658539,62.334538948190584,148.9409340868311,-7.7847852646158575,-3.8644873240547377,-3.0239643323954977,0.013263345068580717,1.1203568734941671,-0.3174390026360559,,
1.9208280000000002,116.31461559842019,57.175156625822794,143.44633221631628,-8.023943368740477,-2.8616910271532943,-2.183600330692701,0.42211716799346577,0.9617639511036747,-1.46323499942199,,
1.9303259999999938,119.22755365105108,52.374577655161794,134.02538204123627,-5.5651034372873305,0.10301905293496912,-1.4298461996226115,0.37783874716711485,0.9484065716583828,-2.4579000048142707,,
1.9398419999999987,122.20567208688598,48.88066657031563,121.47823685620807,-0.5487023549408531,1.6191936665982576,-1.1543146865285292,0.31869191018172466,0.731939653259337,-3.096218869617903,,
1.949342999999999,123.49479059101577,47.025592177302016,106.35500418588097,3.1058684560860907,0.5747833340426675,-1.7373456687026794,0.2688925596623276,0.31202340629438446,-3.3592045717484256,,
1.9588639999999913,126.49546035273632,45.58792845852445,92.7151474172548,3.8035074555433095,-1.892360667488873,0.08909788443649314,0.21346916805300564,0.46026815078930966,-3.303938316654098,,
1.9685449999999918,132.81354822691782,45.72780976969287,84.06189027680516,3.0745048766125582,-4.783915152917591,3.600517387932276,-0.007458742372634823,0.8866033670100545,-2.755232874903304,,
1.97805799999999,145.10400071062915,50.2836468578823,88.79472582718307,1.5373990376260445,-4.731226750489898,2.8653968121456708,-0.8090283233143485,1.6961674262419164,-0.9497564249294459,,
1.9873929999999973,166.42600598022239,51.944549621770136,105.3684076955417,0.26604151397308373,-0.6960215071675885,-0.8011066959484261,-0.6543911330628687,2.6085981638137317,-0.01927348605094448,,
1.996978999999996,-178.33840575900868,46.07150483505222,118.53654016302819,1.923764786980034,-1.6639201447410414,-4.396639339596256,0.33724614057865915,2.288939718130952,0.33613018560663005,,
2.0064139999999924,-179.10017417577117,39.60384042992029,123.28823202650577,-1.7032351970228523,2.3009637631686495,-0.9904468673883124,1.1690697934299727,0.5699280160300678,1.0465533702000278,,
2.015917999999999,172.62252325452724,37.185991502384404,119.73744610857264,-2.850242578259629,4.529877793168828,-1.4225391593572299,1.0920242295033586,-0.8522351164601863,0.2788529742145834,,
2.0255049999999954,159.4078879881936,34.81455516598242,109.13642204585496,3.177183190249591,5.035154826138574,-5.374216804708574,1.3208029840840867,-1.7471218387908116,-0.63670871566151,,
2.034948,138.5823012582965,28.958519537492915,97.32078808518848,7.216463178484034,5.029307704472623,-3.024859530737619,1.9479614601694442,-3.1698511335872626,-0.22283665773830957,,
2.044456999999994,115.23564331569649,20.964952961589574,90.8437840539995,9.359329861396812,3.717698524100781,-0.02306940667364229,1.8864794371596485,-4.107299573971174,0.6281477886894025,,
2.0541470000000004,94.11295211293444,14.89399337178657,92.96636978114684,8.298420798880855,2.8561287336978434,4.471741020275058,1.3355284885323,-3.9848850284809285,1.7228482003301366,,
2.0636480000000006,75.77976429991902,16.155877489168898,103.43040716853389,3.0258616098597018,0.3504583628236286,7.581469538171361,0.25679271278261234,-3.5460903966083768,3.060685022000035,,
2.073170999999988,60.625806758269896,22.88202830642775,113.19327124833195,0.2340352063237172,-3.2698407960579607,7.331590838517178,-0.37327327106348807,-3.145324291057068,2.9563704738501486,,
2.082680999999994,51.01020584992705,30.166093252780616,122.35200791693534,-2.360306275841714,-0.37671667798787833,3.2406333240868532,-0.48540436620997496,-2.2082495168569256,2.6879151635450826,,
2.0921929999999946,47.77934074603381,38.0888261066956,135.70854460109368,-2.255454241928433,-1.2660350580406716,1.2266685292601571,-0.8971989461303673,-1.419806833365666,3.0322518364737485,,
2.1015259999999927,44.631008981907456,48.33747877238668,148.66201177827844,-5.4893598123178835,3.5224268206869342,-0.2949686127886906,-0.8968967259421963,-1.9091405069856058,3.0178446387559386,,
2.1110240000000005,37.72768424967561,59.95009769609442,160.90904939625491,-9.730885388639312,3.1711579245326234,-2.455937790825469,-0.25610079460322455,-2.4569237203674152,3.5640601649379726,,
2.120536999999999,13.813788273667031,70.81131370343896,157.93949224217116,-12.656375424997231,-1.0192116134998526,-4.525932858829787,1.115183238799312,-2.7063205051436996,3.769315398254868,,
2.1300489999999996,-47.62938386019748,72.0435294379035,116.36339604445755,-10.43055413492018,-4.381752519071239,-4.866092793897334,2.6108839658951317,-2.716842723336747,3.42406093611785,,
2.139575999999991,-83.0540313324952,58.47312882989694,101.6316244573974,-6.868203338364621,-6.651305794692128,-1.0332631078067016,3.4247118536679504,-1.9367135874704966,3.5332140307766804,,
2.149070999999992,-96.6539684103297,48.20317727463547,110.23093932878669,-4.896495830774368,-8.146884328412442,-0.8569381433058326,2.424193414587029,-1.006698334758999,3.899661604752737,,
2.158574999999999,-112.20764768280047,48.16062951941177,117.9849010303893,-1.4387379890466312,-7.2323062898208965,-3.421802823088313,0.8587689130802767,-1.8975745203366292,3.8687698180188597,,
2.168160999999998,-140.40521105981543,55.71661762723481,109.94373972383224,1.5359669310785797,-4.528822103056848,-4.646154652043929,0.05882548314180685,-3.7703861427735745,2.853148723604691,,
2.177661999999998,-179.66217512593624,54.63526736033857,86.90086466881482,2.7471850673752485,-3.0115315369386706,-7.299625326789646,0.8522988755451579,-4.353700502900739,1.895598361842285,,
2.1871069999999975,150.89560207258634,43.82626374644345,70.78858121161691,6.7552181454503755,-2.94546179501569,-4.970064190531521,1.3240572431400761,-4.165467795022284,1.2830079411039899,,
2.1966189999999983,129.51370220590633,31.074904252716745,66.44924339377341,9.688184443167225,0.07473977937047463,-4.186015082879827,1.1077065259223846,-4.085759623392283,1.749351300161724,,
2.2061279999999925,111.659891132265,20.80663318878567,71.41795370867598,9.975443898358147,1.9296198716298587,-2.239760020294373,0.7472004303107269,-3.7413371236745423,2.5515723954772853,,
2.2156369999999868,93.96681772892578,18.401548028332208,80.11961194870435,9.149202720828056,3.312020413078418,4.00073067107374,-0.35839742456708373,-3.3599349992894885,2.9183271892548373,,
2.225326999999993,74.6455438242121,25.02653597239631,86.90495863806977,5.943502041355681,4.575129272418573,7.163585362858319,-1.7152803592825703,-3.4308372464822576,2.7777291040680483,,
2.2348349999999897,52.56148942050987,36.776325559570914,86.36795674027768,3.996070075164486,1.746641302493997,7.095578801085235,-2.542351434998991,-3.6574645655418965,2.1684978636285095,,
2.244175999999996,24.285972149782882,44.799499853589225,73.39407228510674,0.6222997843448206,1.556082008283825,8.9868542836018,-2.2939711934269225,-3.931075694307134,1.1384643653919766,,
2.2536839999999927,-5.73286459964055,43.03842065700295,58.3152662692969,-0.4086372521777456,2.3008839070229774,4.337548800579444,-1.4024227436113494,-4.086661434296994,0.9277386507810831,,
2.2631919999999894,-25.38140564706246,39.832472175056985,54.502459884400736,1.6881519161764433,1.844243660069276,-0.08192688076234834,-1.0742108540591377,-2.8159515824922003,1.626065527814187,,
2.2727000000000004,-35.985061771779904,41.42583713033394,60.22034450541599,-0.9142149976338255,5.4241662801598824,-1.4803273199917382,-1.1304255398544734,-1.1947222307968508,2.3709168379765004,,
2.2822889999999916,-41.30452397091109,47.53121517402815,72.8521195006167,-2.432462839307147,6.2190468726321155,-5.806903019654213,-1.4272046413553934,-0.21671885761906062,3.199273547437813,,
2.2917209999999955,-38.96819102164745,56.922844788037516,91.71894526184606,-7.1655570254901315,5.175293921473141,-5.78315124858443,-1.8313191152309052,0.5390485505927382,3.4137440665328715,,
2.3012349999999913,-30.18917312313997,63.93828911970745,118.38225818884086,-11.153253517573471,-0.10139551461322781,-3.6893160614134826,-1.5843439756790632,0.4775786635922274,3.842303274536765,,
2.310738999999998,-30.502941177209674,67.80409492920148,140.60765630133443,-9.24686164220261,-5.39011094299325,-1.22628862834409,-0.5838242891197221,-0.5165812555294264,4.511911215542789,,
2.320250999999999,-48.20342866254815,71.39402116953656,144.39987171321238,-5.909978555606092,-6.112102337115175,2.570007368476448,0.5482491099417022,-1.3209714292944414,4.0673524845570395,,
2.329751999999999,-70.77574570930317,71.97476210327319,136.60325266839612,-2.5031038442625655,-9.048557078868736,4.144937573545478,1.0200927792570371,-0.9871123193702506,2.6996458238218355,,
2.348949999999988,-115.82971056233603,62.414694805011564,118.4388464510251,0.9770730654050722,1.0164150614439107,0.45233107017855767,2.030806338116012,-0.817339049178097,2.13537966659761,,
2.358290999999994,-129.42057699767665,59.02280438207987,106.37125105866252,-0.7800732462028238,-4.9131319934199125,-0.7986238862975295,1.1347093281698184,-0.9647588335152867,-0.15096454388911387,,
2.3678779999999904,-141.63482775417722,55.90947811161716,96.44235080985426,0.5443946321459934,-1.1747537079291581,-2.019542832756294,0.8752731653394883,-1.158410987908948,-0.07413355430914481,,
2.377379999999988,-152.09002304385413,51.43608618701266,88.75356001987885,-0.8072192110934987,2.5347451169581015,-2.9272459023209563,0.9555248213486882,-1.1907462277530392,0.002400181868205563,,
2.3869129999999927,-156.2886948529709,46.29138712152359,82.76372056938025,0.5715841905102127,1.5234795709986833,-2.831042568220402,0.9901035718937953,-0.6213698436076615,-0.7074176088654205,,
2.396331999999987,-160.17223186804304,43.655934851816035,79.78464813523713,1.7291446625100297,2.9711001771586107,-2.5029074602593204,0.4415685068320117,-0.6209920026828161,-0.17727081107479714,,
2.4058439999999877,-165.44114430394757,42.905640049289396,78.07093441406757,1.4348435672812665,3.3979739191699965,-1.6637186059767182,0.0043465309893855235,-0.7821725766665778,0.2498295227467329,,
2.415358999999995,-170.95183593221722,43.16411240251789,76.41738766708369,1.7432865162775495,0.9347467546677072,-2.050945853298755,-0.2241035256576177,-0.7760496268204252,0.2937078290245314,,
2.424870999999996,179.2634281489412,44.117029867369126,74.75975154262419,2.3896865843091937,-0.8102648726131677,-1.9461689495923782,-0.5300862165384891,-1.3277432472649342,0.9010980697248148,,
2.434367999999992,164.2801815049198,45.249365128468845,73.47380675875324,2.9261494362889784,-2.3316637934709026,-1.8646325685139336,-0.788581424594624,-1.9929720905141122,1.7200219258422227,,
2.443879999999993,146.6381727327635,45.75845696757327,73.14751482803747,5.214467319766459,-4.168092498287473,-2.412636352138012,-0.7947128285814705,-2.3454193513818304,2.329827778926161,,
2.453395999999998,128.17228181714174,45.33459803913217,75.53139551744133,8.609108191979509,-3.7438817977728647,-0.9085860896272966,-0.6072845729111834,-2.5198478501682864,3.0144001912760836,,
2.462896999999998,110.43442424395087,45.14767046210193,81.45678923258627,8.860326623565133,-1.316093995826024,1.6106856694084943,-0.4560768170066094,-2.464448865685414,3.633908691523012,,
2.472426999999996,94.4252190061665,46.28046893049238,89.65815776661432,7.50928312671178,1.1332998353910901,3.1270661320609396,-0.39461660776011775,-2.2219110183971718,3.8804351562185158,,
2.482102999999995,80.03644031405089,48.66337628757623,99.1912873976047,4.98129465282568,3.7733810500435085,3.47764561282867,-0.32081146812829936,-1.986499154599384,3.9849287674148877,,
2.4916199999999975,66.52066633585234,51.51799484991424,109.36277039988673,1.5359281453425406,5.178946132345975,2.2072415102623277,-0.12147914668607548,-1.8310021236037692,4.078095619656486,,
2.500945999999999,53.58089406313491,54.04149850219871,119.85953183758231,-1.59741839635055,6.163516216923501,1.026651019524172,0.19767227529605655,-1.6417029026243435,4.138475854943363,,
2.5104609999999923,40.53769475793404,56.126104132403704,130.51079678489617,-5.889797656269271,7.558959444236228,1.0309476628421996,0.5252815474495905,-1.4679384345596984,4.253781858925813,,
2.5199469999999877,26.919552033382136,58.10183818952787,140.3105759571764,-10.881856134362366,4.743356873444907,0.8077539651036966,0.7821224080638565,-1.325597681019667,4.240137272591411,,
2.529461999999995,10.840335610523601,60.93787314551101,147.03106680670172,-12.140256376449726,0.30716338193254406,-0.3757974730446734,0.9858748068044043,-1.4262186254377145,4.102995560067393,,
2.53898199999999,-10.829621479611161,66.03460635836,147.18422222902723,-10.44511574729028,-4.261486625393084,0.1254692677133055,1.0796018881334601,-1.900082809758641,3.9159826762124417,,
2.548489999999987,-40.04451811469327,70.12921382100984,139.19791543721732,-7.465470107741299,-7.19966894489118,1.5552767935972784,1.261449952410522,-1.9426544597810322,3.837633544190185,,
2.558003999999997,-74.88530474146312,71.48651837660327,125.87704666513923,-3.999294418565142,-10.110051824917297,-0.4215763167946975,1.3504478305930954,-1.845486608650419,3.837675402064597,,
2.5675329999999974,-112.88656853210163,70.59047666407687,109.38953818771425,-1.1795801549525347,-6.3357490318394385,-0.9513351653203783,1.2945015952137617,-2.0767182354925624,3.7814985984752414,,
2.5770299999999935,-146.64738759128014,68.57964016548611,95.80456819102163,-0.15206555132761834,-7.063631857673205,-3.0609012250945056,0.903297591890515,-2.187619341805777,3.456948363823866,,
2.5866219999999913,-176.2186579506037,64.24213355710903,86.83795474905082,3.886832105452373,-5.835897730213652,-6.392850471269384,0.9175601845943467,-2.3275625969593365,3.456775732351889,,
2.596127999999993,158.4674566940702,58.329585399399434,83.13563805430688,3.673672436672389,-1.2463880179458144,-4.954507905375603,0.9648698122450158,-2.5142408776608622,3.535601671009351,,
2.6056369999999873,138.70429007503273,54.12532553506234,82.57715991653151,6.854121765631573,-1.5110188745948383,-5.135756472893808,0.5722121222678872,-2.280076452075061,2.990727212170673,,
2.615073999999993,118.84956317271927,52.70864997974857,83.9624649178024,9.57931215966757,1.294671875096918,-2.927544719442342,0.020676190061069386,-2.3858065068535748,3.2829697001648537,,
2.624584999999996,97.93277847998012,54.49514652919042,85.88008443904366,6.552279434138674,1.503290789808822,0.18358407360858134,-0.5525976416266297,-2.449619825985684,3.5650901748163912,,
2.6340959999999995,75.02968853550632,58.883466690366205,82.99060497678187,6.407529194269108,1.5188426640403894,3.176871249225016,-1.0800083453785194,-2.4299806269514845,3.017640152010785,,
2.6435969999999998,46.87093514341543,62.646088399276884,71.76885889927968,3.7746806715757235,2.2563258131960917,5.189361378839325,-1.2822194678101102,-2.5275659176750347,2.39422616552718,,
2.6531069999999914,17.113712208119324,62.78638883188186,56.66128498210548,1.0721493840985319,0.15398164662260413,3.8069413618792876,-1.1693623091692582,-2.444700001969119,1.9683655725639086,,
2.6626249999999914,-0.8827358169489262,61.21754163699217,49.482039324884845,1.5019083383716927,0.23828689538868836,1.6518084006248968,-0.7445232082432514,-1.5457048437597598,1.4408292123061135,,
2.672130999999993,-6.068475333308464,62.62396394165476,53.70319638769281,1.0899053623640853,1.4102317546749392,0.21868567816898418,-0.522362675509062,-0.2142557713044716,1.5051064236117977,,
2.681722999999991,-1.8534099808400406,67.14164003700519,66.55177677159338,0.6774297755701446,0.6618466932302768,-1.8549682360571529,-0.6116838653387211,0.7574512592393255,1.663808874119869,,
2.6912339999999944,17.208540533073407,70.78970746456248,89.37688049364972,-0.2804332970485518,-0.048222169341650634,-3.0621311462173026,-0.4142983149229687,1.4863478737510207,1.1150747387478022,,
2.7007440000000003,43.392026121856816,69.50046111188874,116.29247259319652,-1.6394446219394392,1.6637952551740829,-3.164054486518943,-0.13772220713707584,1.777800857673133,0.5636736758786276,,
2.710172,58.64208754048606,64.48772452584257,134.00382597513718,-2.292142666733025,2.2790786743345235,-2.7441260385173614,0.1321149970087313,1.546104800782039,0.7691974248721754,,
2.719691999999995,61.267007701333824,58.82269156719282,142.60642248305993,-2.5955189906285017,2.8416402086992787,-1.20166525250879,0.5670627653773358,1.0144099591568272,1.2169910512393232,,
2.72919499999999,53.886718844837866,54.592774650872684,146.156200200237,-3.3277756376383523,4.957724244206019,2.1842886590304325,1.1522866954876765,0.22000914208973874,1.852353634509995,,
2.7388939999999877,38.258509241458135,53.07092726753897,147.2499685808122,-4.571574460655597,4.521110379946882,4.838762259167883,1.7140936672499207,-0.7526211454524022,2.6343093419385637,,
2.7483959999999996,18.16769879635615,54.463515576434325,145.3790566042786,-4.858672924897834,1.984566260432085,6.114656369385422,1.8243744989959125,-1.54759163450878,2.872357410107726,,
2.7674129999999906,-30.91542460976127,57.537164265596445,130.84114725317758,-4.3377065887789135,-3.067244788436969,3.819647677062973,1.8814081811273031,-2.0978817084300485,2.5263572027858174,,
2.776734999999988,-56.641048962829714,57.590634592885706,122.0116338432361,-3.9965391564122466,-2.625136043646979,0.9377062657789731,1.6407209942301941,-2.2085828216362557,2.4267555291157112,,
2.7862539999999996,-80.78696037587471,57.878359123329275,113.66024529613826,-3.431181487345686,-2.5144158952078364,-1.5982894101334777,1.1681710793249138,-2.2910795367596624,2.2445442194382044,,
2.795846999999995,-103.0228627631894,58.60768454180094,106.87854502077747,-1.8888045777783802,-1.6776205114562248,-3.5656995276355143,0.6935170438075661,-2.2351442146546594,2.2330727362249485,,
2.805343999999991,-124.48471579597758,59.66988201029929,99.49931538457227,-0.7291968777535494,-0.48957071195542545,-5.024920576853126,0.3140440616199769,-2.184466951460584,2.0354272340089294,,
2.8148579999999868,-146.28064315018915,59.86002214928507,90.47696886162427,0.680171780911201,-0.7817105937175031,-5.017701670126157,0.17208100337146223,-2.1822110729901527,1.7656339363256777,,
2.824379999999991,-167.47466412453318,59.46300146875176,83.20764537422399,2.0914572580855184,-1.8305987957702632,-4.495170551113296,-0.020118396867016854,-2.137231662330537,2.002800301159429,,
2.8338899999999967,171.65696504338837,59.13473250205978,79.08671799508586,3.32076080860913,-3.0764300467727814,-3.820990217756906,-0.24509101251879556,-2.114831357810873,2.5709843577150067,,
2.8433239999999955,151.6527018034005,58.739646699199014,78.14864051955743,5.666038368873397,-4.49714040449832,-3.10061467197726,-0.315119866916086,-2.041631285948901,3.068462756916846,,
2.852833999999987,132.1164126239779,58.73031605646695,79.32687884745354,8.440894476487728,-3.8361447552984607,-0.9790064678180137,-0.39479299049508937,-1.9919282950833257,3.577924773960671,,
2.8623449999999906,112.39224024337996,59.90596463062014,81.69334663689224,9.028043739681676,-1.3461309920847881,1.3958450931883297,-0.5628848699492616,-1.9510770578059229,3.86834508621244,,
2.871853999999999,92.70753693032788,61.92700683273097,84.12080447279786,8.32340294196975,1.1191568534220184,2.724061532536032,-0.635215980699861,-1.8538508055688208,3.9289934118474314,,
2.8813709999999872,73.1713708380475,64.03467030118208,87.49156737802748,6.775781283133682,4.0683489893832725,3.278178526079999,-0.5352206018320675,-1.7479970753580267,3.9934470371938726,,
2.890876999999989,54.763522123944945,65.62432649835746,91.89422872483047,3.9468239253361403,5.710654020512113,2.4480916914106357,-0.3141615473508507,-1.5712595322865712,4.060810653229495,,
2.9003769999999918,40.046036957103446,66.4809235471275,98.99863352827417,0.9512694069140053,6.414775966494882,1.0298823035572295,-0.04967870465399982,-1.2113160100510354,3.9845829772687593,,
2.909887999999995,29.579347952819834,66.83237994303451,109.59721037576472,-2.1166891073822045,6.494659108591083,-0.20607228622135637,0.14125683246059484,-0.8255501744000706,3.948647918487271,,
2.9194049999999976,21.688010255181766,66.79176720302083,122.71677295915093,-5.171271790017349,6.128097046235311,-0.7821609420044612,0.2851991879869395,-0.557403039087951,4.002382724407975,,
2.9384289999999993,-0.6027195411138786,65.86291682201522,145.21686902563567,-10.25633065220214,-0.3671491501062623,0.053922668626553816,0.8967059422583616,-0.6144236248504913,4.2887316234301025,,
2.9479339999999894,-19.09841247370684,66.06785825309169,149.120356615475,-8.576921960587109,-3.4092275203936486,0.9488505109389918,1.2503236456985416,-0.8506247725462824,4.10577660879902,,
2.9574379999999962,-42.9674904832726,66.23926995540991,147.1560465779698,-6.197124569733696,-5.471522548013829,2.593659438629645,1.6247671098034777,-1.042609008284069,3.9083814892771325,,
2.9669469999999905,-66.51662690586224,64.43636890863787,143.947329646743,-2.274852826977742,-6.519210359305955,2.3554659652539898,1.8233935292977184,-0.8119803906319571,3.570479837822706,,
2.9764669999999995,-85.83801524373453,61.96000782888267,142.80774577714746,0.5688495310044386,-4.9967667559544875,0.9296492100971958,1.694658989317754,-0.6390326370800371,3.1344414914556347,,
2.9859639999999956,-104.62450201395484,61.16673302521917,139.06577530950275,0.5963200106019222,-3.2314988139586074,-0.016147996649142616,1.4898828520527654,-1.0012578643802725,2.504274161645722,,
2.995480999999998,-123.84760772985041,61.42325277799436,132.79422062503056,0.4336629806431468,-1.7891440290348617,-1.4078502299422295,1.29475434335624,-1.313510409372275,2.0252933398842887,,
3.0050600000000003,-143.8211515105642,61.72364482275211,123.89911625688971,0.3480264512364239,-0.904934076497005,-2.7722821756964806,1.138432299487645,-1.5183168807609644,1.6128939919069594,,
3.0145569999999964,-163.84670614634945,61.193858799069275,113.26837347969717,0.7927049474209494,0.22561581057319247,-3.5430654333531497,1.0149547129154988,-1.6188455672974802,1.251700135610197,,
3.0240869999999944,177.36873504790034,59.78489675538748,103.31337164556956,1.7593693212200592,0.24748002904201422,-3.8291067408368082,0.8553140234586502,-1.6593502631271801,1.1291495304631325,,
3.0336109999999934,159.61464835708728,58.679192281688216,95.62051433744435,3.1001949029216047,-0.19825697193897507,-3.8199031789646023,0.5268225446271481,-1.7486698660988766,1.3555481961461937,,
3.043040999999988,142.07838729281892,58.380184726241275,89.62389169877443,4.838468498133654,-1.1326338750426281,-3.184262656858416,0.14302714697222393,-1.8241709503707215,1.7957519509032311,,
3.0525579999999906,124.58583527420572,59.02922068627036,86.04525436685279,6.950376534850808,-1.6969682420168761,-1.6957809382066398,-0.1973307876861908,-1.8103585498406578,2.277102573172853,,
3.0715669999999875,87.60905604683558,63.573851358457866,80.88726539642028,7.617200430132989,0.09766689002999603,2.48781644487925,-0.7745095160434791,-1.680742366036404,2.772876150121926,,
3.0810739999999868,68.78466444739615,66.51525272440666,77.66760291313852,6.272531466726403,1.5845610780202066,3.304910853444639,-0.8686534330875295,-1.452017783905633,2.7741339947355326,,
3.0905859999999876,52.56158460826286,69.20701448366528,77.75043389721324,4.394138100374853,2.554412166015548,2.6710951154062474,-0.7727439805608952,-1.0898641753980336,2.7891749794872105,,
3.1001019999999926,42.69824442194342,71.54424641463548,82.92700710810962,2.8885712561347354,3.116303351674913,0.918225719245716,-0.5695488944224157,-0.580349369203377,2.7571162824582043,,
3.1096000000000004,43.30950793427639,73.36801486769716,97.15057029777351,1.0359051688698309,2.9613716704260358,-1.202217995660766,-0.36686586559145656,0.03434078305665654,2.677006889989562,,
3.1191809999999975,53.74360378217265,73.29990829805197,119.93373363083904,-0.6514368016056022,2.7020589966250914,-2.7564779522369416,-0.1779263255067297,0.5703572727631703,2.5343091278027683,,
3.128703999999999,64.60953068130196,70.25245578340939,142.3300358586826,-2.3875288073042515,2.5068385683862595,-3.6153618582961315,0.0130243457463097,0.9120047158645986,2.4315471529684385,,
3.138131999999999,66.96563052347292,65.03022448002305,157.1142346387303,-4.5448704806991955,3.908201345486571,-2.809560903576782,0.3743943801396659,0.9954062500966258,2.5267763059336668,,
3.147638999999998,58.15522959783801,59.780672107088314,165.25831209639742,-8.144343889733937,5.604710199044452,0.3506041717543388,1.115247924728273,0.7318785917304989,3.1859247824841894,,
3.157158999999993,40.68275028000422,56.77520706986828,169.65175053915368,-9.474460525925473,2.066918978554776,2.9155185995201096,1.929665082386819,0.18376830456606533,3.854091539879296,,
3.1668379999999985,20.171305633765275,57.43551831430542,171.18388381660762,-7.905018747357281,-1.0267280909143999,4.351195803158367,2.1796373723223454,-0.5007607313801802,3.7548703855467744,,
3.1763539999999892,-4.365048850660735,60.0487097620642,167.93612199034268,-5.749564918799215,-4.158150662520759,5.997670693690983,2.4104449718549756,-0.9675345085669308,3.5538481958101835,,
3.1858569999999986,-29.668101028316194,60.675171603867675,163.38116689426778,-3.797927302515216,-7.188359860699432,4.913385030934404,2.391643909824294,-0.7387577480387685,3.496643713326395,,
3.1951959999999957,-57.6169010203283,61.62559818316846,155.64235883336704,-1.6562086207752944,-5.478444770869579,1.003144077942167,2.4540557955965228,-1.1157605003285354,3.3608659341804614,,
3.204708999999994,-85.45625647971937,63.42757860611229,144.1238876020247,-1.233633302499813,-4.54830975096629,-0.26930090456267036,2.0348403584536645,-1.5879174385074708,2.6506600257275275,,
3.2142979999999994,-110.65361204038595,64.80982758814233,133.58424778268565,-0.28832849564061996,-3.1402485638663733,-3.137652232198372,1.4794776518244963,-1.6383885580534316,2.317184120882332,,
3.223803999999987,-136.40847505754238,65.50523994771373,121.52970242153096,-0.19514471599821404,-0.6089934496847448,-5.054490827234752,1.2157525535295333,-1.782323866272553,2.1234797550128732,,
3.2333069999999964,-160.9873022660401,64.43790585144687,108.02573793211958,0.7075711114739719,0.04191488994526148,-5.458045658427982,1.070215213913047,-1.7828529967106077,1.592336286558477,,
3.2428309999999954,177.9382863280937,63.26041533996861,98.11329181432814,2.666512308803398,-0.41357899355279343,-5.060164195696309,0.6584222781488711,-1.7458923545747336,1.6306120149804877,,
3.2523379999999946,157.1309242451728,63.606784208765916,91.97305936200794,4.416059757197772,-1.314049091859857,-4.214554142927242,0.11004909380642584,-1.8550202610648026,2.3136736379945195,,
3.261768999999987,136.2033569314808,65.22162507274267,87.30604723390674,6.541113448249158,-2.5485205160473083,-2.8500659229285037,-0.33066032048770344,-1.8031480098596058,2.8457689519624947,,
3.2712899999999934,114.96141024079003,67.81721002433163,83.55442532617448,8.574717063452741,-1.5535606096135617,-0.11617654495400795,-0.6464205421851283,-1.644979373700312,3.1505746450346654,,
3.280615999999995,89.37359115396103,71.04581793937011,77.15395361160768,8.261244891498647,0.4458182439858596,2.6048865860439308,-0.9257407247334718,-1.661810044223738,3.517958718418916,,
3.2902939999999887,57.96585368771057,73.26088854527201,66.05534060586207,7.165061282869641,2.1344183043181335,3.6244340462924574,-0.9900345343481761,-1.6910896923779737,3.4846016509531585,,
3.299821999999992,29.99961438985646,73.71855761968219,57.00625902374103,5.754792422303416,4.255606244187311,3.2740658871813055,-0.8164571108802112,-1.357593313350925,3.2881683472091168,,
3.3093140000000005,12.583022219744857,74.31531478970327,57.825768853470095,3.306065662674751,4.844622084301266,1.7493502496787992,-0.6102651659726351,-0.7512862343232891,3.298974510830758,,
3.3188299999999913,8.659305415293087,75.90564148185373,70.29277738985367,1.3942051855450812,3.8779943215957235,-0.7300014788728373,-0.376682340209361,-0.04570467853122472,3.1301960839967258,,
3.328341999999992,23.134478501145715,77.71739810444814,97.76195623115305,-0.27164162801690955,3.1653972707145686,-2.7475538526005985,-0.2907490939056525,0.6918986330844562,2.693960406526254,,
3.3379389999999916,50.915465117186955,76.66604731791203,136.3263958586594,-1.8206166322368083,2.366532114581986,-3.6684262730106627,-0.3677151415078827,1.1802115356511995,2.3628910463869164,,
3.3474489999999975,68.09886868713487,71.62648895974773,163.5812172867722,-3.131327492638179,1.8034576092805865,-3.4226834763247203,-0.30529645314797066,1.335818924871625,2.195267420876926,,
3.3568619999999925,68.66659996395599,65.5616783589799,174.77467367855704,-5.320860589499842,3.4308388539036523,-1.9816058077171934,0.19897142882663962,1.201905148873452,2.3295698552758823,,
3.366377,57.8708075901468,61.40227852336823,179.65674613400282,-8.418213977014846,4.0135870063476995,1.0593700453102286,1.0099880830708847,0.7800034280368238,3.009424530174513,,
3.37588199999999,38.6408180174462,60.53271822746537,-178.81628858507284,-8.468164684643444,0.7064166888977691,3.40755274370106,1.8695362168118135,0.18283051154786595,3.716068050493356,,
3.385586999999987,13.875633002194013,62.090613362170906,177.68448337909334,-6.706480654490136,-1.8771341601224225,5.210858921902246,2.3733221799260957,-0.33195683630235906,3.6700661329709714,,
3.39509799999999,-15.202773323676281,62.35167115063919,168.40255903689865,-5.040866845303656,-4.621895989580905,5.838791299893703,2.674142582352719,-0.3783095008154334,3.3077584995408045,,
3.4045879999999897,-42.39662621417057,59.81037036862525,159.67442165318866,-2.416512763636337,-5.4494014472844245,3.671724339949744,2.6576570071189454,-0.24226745077997083,3.021403660690784,,
3.413934999999995,-65.30512579982275,57.22863379228943,153.86395408980135,-1.8657256067997705,-4.673017226055999,1.1997991992748223,2.396954979781802,-0.4726347158159002,2.7316256577096847,,
3.423446999999996,-85.46894564214345,56.67640983534281,149.29286143173456,-1.2394829022524496,-3.7023067254049367,-0.8153892081849692,1.9875477641793997,-0.9437893434925881,2.4005385329130697,,
3.433027999999993,-103.77628532588095,58.53375494822376,145.33927611264573,-0.7503106099470963,-1.7705232425405275,-2.746268460002321,1.4584551309876832,-1.36112312768689,2.1832229583663687,,
3.442539999999994,-122.91893477285109,62.177540045354895,138.2703670130831,-0.4767646714611073,-0.8048638200736261,-4.547927014819468,1.0514197900820412,-1.7290409065346541,1.7633786168737184,,
3.4520459999999957,-146.63950356116544,65.2393460039972,124.5522421831426,0.799522707367071,-0.07269916030888783,-4.924608398141618,0.9469069959907254,-1.9596727549611122,1.34584864159228,,
3.4615579999999966,-173.1230422052441,66.47097966628584,107.89201558038629,2.312067732826002,-0.2296039299550684,-4.503359242285273,0.7508585194666578,-2.0311749949688,1.3304739176377216,,
3.471078999999989,160.59429193886393,66.1974332166058,92.52798957884872,4.255790341445332,-1.4614980233702715,-3.97888811839273,0.4243963990839515,-2.0540780171376665,1.7504796591111456,,
3.480491999999998,136.4534954158281,65.04193148486017,82.6152259470965,6.662594391294168,-2.4456419832422855,-2.8965517779354597,0.14299066582472747,-1.993079382033824,2.421264643217479,,
3.490015999999997,115.20357778696409,64.18973268668172,78.57423394197316,8.566699723612965,-1.6982014671935306,-0.9001505466983153,-0.13107731855248267,-1.823047156662264,3.03561557051942,,
3.4995209999999872,95.41588337490276,64.68609079745636,78.23997127972419,8.654663376455625,0.6366639940547102,1.7549725144415023,-0.4398889535583307,-1.6544035290171448,3.5068731866922658,,
3.5088679999999925,75.07771996780332,66.7712427263042,78.4450029038148,7.491290581748137,2.6355287956783524,3.364860981687955,-0.7432921530070135,-1.556141492723394,3.7533432534743305,,
3.518535,55.25432683776288,69.86844632203733,78.1569852554907,5.931875918623841,4.397009013340779,3.9877779746963484,-0.899172894836381,-1.3114787403467865,3.631728191387661,,
3.5280599999999964,37.18904411191623,73.37956916766797,78.45486837733642,3.514815762416199,5.484684767152876,2.9317101651579005,-0.9152087782119501,-0.9759029991449568,3.4940833043519453,,
3.537372999999988,24.359092066271383,76.99249115127746,82.99577483134381,1.2603294236916704,4.775228725189347,0.4637833310262696,-0.8201499900261358,-0.5339353501738777,3.394671102100215,,
3.5468959999999896,25.340485361445808,80.3041625650704,100.72493444500678,-0.34061806537633504,3.801513597559636,-1.8447887481881422,-0.668657164837608,0.007227196243423187,3.123629110582348,,
3.5566709999999944,47.47790992186986,81.37422826467608,137.06333704074757,-1.8846810082607952,2.787667813446541,-3.687884384514221,-0.5236266993802366,0.5055940521363297,2.8263938679917717,,
3.5661819999999977,66.97124453275794,78.19627742435534,169.08899983194942,-3.7969219742720735,2.386863835769835,-4.48636597596876,-0.3222561087762492,0.8744067600053181,2.637794685262757,,
3.5756079999999884,66.3129236280288,72.81810316297192,-177.82794221852438,-7.241288100899756,3.362797465096078,-3.4843443326571637,0.12257363755985827,1.0758604041519886,2.86579893490889,,
3.585124999999991,52.295709133114464,67.81494597448524,-173.44046197645633,-10.113198473157343,1.6476684765243088,-0.209685486423483,0.8739896773227884,1.065287283308342,3.6271882439364407,,
3.594628,30.79872214168029,64.54558568482032,-173.6620560280319,-8.878635788672632,-1.5322678427414747,2.5049109309488133,1.65851453081332,0.8325975671388043,3.981022424151881,,
3.604317999999992,6.583149517107894,63.549910750143695,-176.6640016951804,-6.3731589540164855,-3.0067207173755475,4.601306661616251,2.096122094565338,0.36915605932982865,3.817270936541188,,
3.613831999999988,-16.035719335031885,62.4259230798266,-179.99880330468514,-3.880747431291929,-5.196091139696386,6.096877613909427,2.0468117131017367,0.28157936852669296,3.3705009739946608,,
3.6233379999999897,-36.71402925534263,60.985930480713165,177.49185563598635,-0.22208964190036584,-5.618083885674015,2.7744650381538163,1.966546811937603,0.24203778216747987,3.145635712424136,,
3.6328460000000007,-54.2659984432748,64.36003894958563,175.6905660996309,0.7960599645586461,-3.223408911818567,1.2134062983493492,1.5700030241456375,-0.7651338957818643,2.7637778938178195,,
3.642364999999998,-68.64918024535864,73.36821437686285,171.10899421679795,1.1646511140477107,-2.7518162961787698,0.7746065409691101,0.8247275061223277,-1.9018206482483535,1.7771882869623798,,
3.6516789999999872,-105.785845977256,81.59966438097408,140.3924528170608,0.5264023909190197,-1.433462524318684,-1.7931229347027877,0.7956916956173697,-2.0829028886124807,1.147139031009421,,
3.6612619999999936,-171.27643961109789,79.09697091349688,79.493248544204,0.31950365140970194,-0.7003953468216468,-2.017629294692643,1.121777811565444,-1.7915793251667256,0.5480897715825198,,
3.6707939999999866,172.6028268501576,72.8393938737338,65.53986663307181,1.1518080578585277,-0.1842973903154098,-3.137381828994881,0.9534008649353225,-1.1157124661815605,0.33704647059655696,,
3.6803079999999966,168.28618582456565,68.8587868659377,66.34239383854731,1.600382089246111,0.12166125217824844,-4.169286898272208,0.6130283128439661,-0.584113752283436,0.9760007521457308,,
3.6898020000000002,165.46349934226558,67.16092796366048,71.88889096447836,1.5501193281323014,0.51016100322829,-3.6917187410199754,0.2425258982579464,-0.31956447978909525,1.6341341506819662,,
3.699327999999994,160.85499347196992,68.27020056850827,77.9368797174531,2.9151418707010794,-1.614183179377626,-3.639357165017988,-0.30610069213310126,-0.28065272420823156,2.0645089561341385,,
3.7087509999999924,149.70758637600895,71.76095841387391,81.7827465690459,5.482914896497374,-3.454110191365152,-2.7817985517575576,-0.8221491837084074,-0.6290632027569263,2.86693161874722,,
3.718088999999992,129.2582770739208,76.19142280201001,80.46203779629766,7.596793276321378,-3.4493761763525828,-1.1919160888000535,-1.042756116065405,-0.9802529475292916,3.67077923418826,,
3.727589999999992,99.56199079369905,79.73470333477964,71.32349247440789,8.552250358870687,-1.0802783695212852,1.0207216921569935,-0.9714964706016975,-1.02590598074842,3.98625801937871,,
3.7371199999999902,64.12515104497379,81.52461036206223,57.26060289315597,8.109021525468453,2.3996337765817355,3.01187355496637,-0.8065740266120467,-0.8785124124812402,4.187085870150689,,
3.7467999999999932,33.67242851750344,82.12930307930688,48.5071513890743,6.283456204316131,4.468935609592345,3.234325574454551,-0.613962915780993,-0.6146704032929119,4.286822186981648,,
3.756297999999987,19.87110731849058,82.99109782596886,56.975161687756525,3.9468899615843926,6.329836541365021,1.5987854227208858,-0.35626277536505263,-0.18464596014306903,4.315685121560301,,
3.765817999999996,35.6058082069585,84.25505466561886,94.39468418103249,0.6633303530892343,7.738080961290384,-0.5988800782994081,-0.16216444478597095,0.39210269008927023,4.354560345766916,,
3.775312999999997,66.31814080309063,81.96473224820319,146.2791659452536,-2.610373914045512,6.510524368726546,-2.4780902309456314,0.02932727796434246,0.8498653268004511,4.386861686309081,,
3.784828999999988,73.49133647627545,76.40798780880817,173.47323934571543,-6.172646265269059,6.441437711545378,-3.574028336486522,0.14309795069264544,1.1443268898286416,4.180590137730977,,
3.7943449999999928,68.79380690122498,70.78080847472835,-170.17231890840372,-10.71815819591919,3.2989758260029363,-2.3567403601467563,0.24272322168658408,1.1404288817841135,4.307791794394833,,
3.803847999999988,57.2829432361993,67.4117458812201,-159.57114550795174,-11.486083834281509,-1.6151704689891049,0.15093699176372022,0.6252248982409031,0.8662570838252509,4.358044326561554,,
3.81335,40.78225743465782,67.72735683509924,-153.99442215985974,-8.837914312197539,-3.6616081527221844,2.2024347438040612,1.1877553417882092,0.43905090433273375,4.201067704909184,,
3.8230449999999934,17.52084436665105,70.67226809950277,-155.57481701569523,-6.062789144738238,-4.489357987133576,4.793124424867072,1.743378619621918,0.17912978856071265,4.024962580584481,,
3.8325669999999974,-13.854957877588564,72.01178154025153,-166.09678266984184,-2.0309546656435287,-7.141108978730684,3.9043424753949227,1.9706311303389865,0.4126011005188892,3.816743853345011,,
3.8420699999999925,-37.289221312419905,73.89566949025088,-170.31118137508054,1.2740636253076054,-3.082785287696839,1.4549475936346266,1.4198315196052977,-0.0775059992523092,3.5490911969999557,,
3.8515719999999902,-45.12385604243345,79.7780813778417,-164.7226010510746,1.3775948078005933,-2.1107987077312336,1.4536510190703924,0.6158214662849778,-1.0697164369723706,2.4318529998652023,,
3.8607399999999927,-73.91503836255859,87.00878990848324,177.1156265339574,0.8565594335690349,-1.956979978502606,-1.5728823540966625,0.8157933307282583,-1.3445660533971544,1.8798403148585197,,
3.8703239999999965,163.63989808068263,82.77106079662528,63.13474477356125,0.24075946733977707,-0.27190560517383994,-1.2817765043812757,1.2534284351451688,-1.2888961535657868,1.3950976715922574,,
3.8798359999999974,153.83539811089588,77.0119499821832,58.89619361753798,1.1382739996160567,0.14293090672047007,-2.883378988690332,0.8541557751620201,-0.850758317166425,0.8397256654008403,,
3.8893489999999957,149.10907296665155,73.89119771463771,61.67950213609938,2.0469414608787364,-0.8386402268399357,-3.9219193585649177,0.4317953802298979,-0.5120643523118255,1.2163059484671734,,
3.8988529999999884,143.86537532466392,73.0035238476664,66.77311874716302,1.4775299810790796,0.13254127071402508,-3.5760982198312923,0.03414931503030154,-0.3467844837616291,1.7565487908022013,,
3.9082849999999922,135.28739303049778,74.68365326423438,69.09865615128595,3.4102542530445628,-1.8432493038777478,-3.1252506860310887,-0.48769623664521994,-0.32232281933448215,1.8442814687407894,,
3.917805999999999,116.3365809874562,77.86878453730745,64.61727805783727,6.1990701790768865,-2.91351292916546,-1.6269458511698105,-0.925063172103149,-0.5905019900188486,2.4429928433630925,,
3.9273059999999873,82.51091922707755,80.3540856455442,48.7361305519466,7.26815845341356,-2.169451629900002,0.10491129893761382,-1.0821850948518688,-0.8081774437097715,3.1187174130920785,,
3.9368239999999872,43.15319945901916,80.3303447717545,27.80261446661017,7.801763791760123,-0.17359671398138163,2.2890683578811424,-1.0035101552766617,-0.8222481861874997,3.2386860605378427,,
3.946506999999997,12.893924213281903,78.80443331532177,16.545776982666982,7.078968340409936,3.0536932114108337,3.5391482336970648,-0.8844626051632218,-0.6985241493203763,3.379849789905801,,
3.9560229999999876,-9.035958603621593,78.35591272480045,14.772720499808894,4.746319884730431,4.430472935357394,2.8570076792789756,-0.8072682820156389,-0.3311074687354067,3.632645519948745,,
3.965356,-25.130619061606335,80.5045066354474,17.799182699500765,2.8461867708072983,4.919034265940297,1.2253170367012536,-0.6925885715963324,0.23659763993085944,3.4558072949266903,,
3.9844499999999954,129.9639462396727,87.46214671697983,-156.71163767702953,-0.8476613186855226,3.491043798737125,-2.8693709372549456,-0.537272822756516,1.253093214718854,3.0387023382665586,,
3.9939699999999903,121.26808199071246,79.81362477067155,-154.11923470311547,-2.1781561134829044,2.6740199245332064,-4.0607320917666385,-0.4475003400876685,1.5107604399196912,2.6912013836750623,,
4.003567999999987,111.9341702179235,72.17710386010955,-151.09800995810716,-4.767105162719103,3.5529115457300726,-4.174942665033248,-0.2893322928883027,1.5709532106162973,2.610812988458069,,
4.013077999999993,97.61451995657994,66.35952081508732,-148.61351847072467,-8.61613675180418,4.1326481850123775,-2.713117342826707,0.2975788251077903,1.5142178307837462,3.2087392296518713,,
4.022591999999989,78.16845042470811,63.63256031824608,-146.78908487508502,-10.16343327460727,1.1891314459106104,0.3841482084245958,1.103936730147484,1.3373943264678891,3.908508727615584,,
4.032113999999993,56.598289215639056,64.47508504003065,-146.5328200414594,-8.729945718190706,-1.400985125496564,2.9892715774867273,1.6707550095939343,0.8994103743758245,3.934954269845561,,
4.041781999999998,30.60498190381565,67.51127657325664,-151.14703971537082,-6.396992937230897,-3.089638946350229,5.549204237289425,2.1164240898409385,0.5827000889785916,3.834599207508351,,
4.051308999999989,1.1049491102948312,68.09459685575246,-160.11578263963483,-3.715278348141471,-5.518369654399422,6.126736432072726,2.0668625166296346,0.817316950297402,3.6238600953669713,,
4.06080399999999,-28.002754319396548,67.97770617267928,-168.75039133111974,-0.5529270818834564,-4.754140397316606,3.0051829693785104,2.0804418304678087,0.6124502820082812,3.5873259624313016,,
4.070320999999993,-52.98665661907525,70.01311607482532,-175.69143179990064,-0.3164716737143995,-3.959365577566938,1.5855088715845227,1.8250390251742654,-0.14207497671897046,3.124534444177835,,
4.079645999999997,-75.05685648473249,73.44292372870305,178.21470017529973,0.4592438587446786,-4.243769409707212,-1.1209504797830558,1.401302852450554,-0.6344838171677887,2.7752894636865375,,
4.089240999999987,-103.37043879998265,77.7024537490806,165.1621733589085,0.7050095388352717,-2.422725992968947,-3.706351282089217,1.274950885864235,-1.0147887265042117,2.680066940632136,,
4.098745999999991,-150.37649374086797,79.9666405477029,130.69004683745015,1.1973061425931557,-1.147062895705461,-4.920291251025669,1.2863319611239405,-1.2862690174754292,2.1756256217830443,,
4.108251999999993,164.3026589585357,77.71393102835134,96.6234487821109,3.0802224347767226,-0.735317118426829,-4.742413619328228,1.0800314684647643,-1.386706936083212,1.9000959047851995,,
4.117774999999995,133.5158789935216,74.53365282401178,79.31457182817039,4.8883814038170454,-0.5097493634603905,-4.116113914339046,0.57852440558736,-1.476449084573555,2.315158429857412,,
4.127205999999987,109.57414603264195,72.44038025645571,71.7392871114274,6.759577141937464,-0.7818465007801734,-2.407274325583559,0.07413391930306744,-1.4148188851640333,2.8583166276751633,,
4.136531999999988,87.20450430609864,72.38334017567578,67.42824397301844,8.35441675761645,0.39328159623522524,0.18308971281202216,-0.4462019942360992,-1.2732498681034363,3.1586507697973616,,
4.14603799999999,61.68382868933803,73.97737687082454,61.53134972554225,7.594594002428305,2.6211369156045095,2.9160963331492082,-0.9005574384356725,-1.20606119005654,3.4011104745539615,,
4.155739999999994,29.10190038925276,75.3185808847267,48.57260077087988,5.793386020529438,4.180704228459257,4.3375654688345895,-1.1733562814376632,-1.2715335951880176,3.3541588714489197,,
4.165243999999987,-3.856652810842878,75.19599317432657,33.836469560405064,3.390026228367837,5.039276716914087,4.069628883155207,-1.21688618274669,-1.1316711067598837,3.0760977641429443,,
4.1747529999999955,-31.270805673741876,75.20841666547662,23.693560513391958,1.6393725944744568,5.2239890217313185,2.283892627979263,-1.2108492232367343,-0.6876718998713925,2.9039174045651035,,
4.184091999999993,-55.43563080859437,77.09471066638613,16.201323790359318,0.5524146479552379,4.379549259662948,-0.3322884975329935,-1.2091458501236343,-0.06417604207524448,2.811113536773669,,
4.193669,-83.35893899257967,81.25408404254793,3.499243988249039,-0.2226502822459211,2.775131021892554,-2.783292499540193,-1.1761767650392463,0.6025708293105569,2.518596529634054,,
4.203262999999993,-148.7460393114646,84.99003693496468,-48.60868541602607,-1.2260828718506316,1.2833362986365664,-4.642535787235126,-1.1394443610703657,1.1314563898814243,2.0592002498178417,,
4.212778999999998,141.65761698571737,80.21220568318802,-105.97622274849974,-2.897906082074089,0.16759522799828908,-5.36258566435375,-1.1811588447220744,1.424205086822344,1.7552585884399556,,
4.222204999999988,116.89061811730336,72.53190165607049,-118.10093824467015,-5.674286331015098,0.05402110553656904,-4.6292856615531806,-0.9948346564037631,1.6222904468854265,1.9709921919329725,,
4.2318229999999915,96.30827057175668,66.12704834489264,-123.59154684226289,-9.416446092380298,0.08885179058408013,-1.8480102775334168,-0.3402208971000614,1.8965906599218827,2.807524645754254,,
4.241324999999989,73.5604818580712,62.588302202952114,-125.9946874182701,-9.214423940829782,-2.4765124863271573,1.8606980616643065,0.5545661294870399,2.014520912094848,3.685220807552684,,
4.251014999999995,51.83588103044903,62.855711181415806,-126.05931287111464,-6.78763835415779,-3.65712694849262,4.487556030331949,1.2175945846658982,1.579823575398755,3.883227491935721,,
4.260529999999989,28.424225598484963,65.71507733257182,-128.26664763553381,-3.759372671313341,-4.9200332882418145,7.146770989364807,1.6773376099259423,1.278630926066228,3.783529951827369,,
4.270038999999997,6.0299427993540196,67.5186944984007,-131.0933538987415,-0.3935917612351005,-5.965284300998859,5.9511040414742835,1.4066760852131923,1.1434184778350311,3.5030942592761565,,
4.279537999999988,-14.93554858517229,71.60280038502117,-133.54840330849404,0.5450725537184818,-4.286257516348981,2.0126605729978224,1.5856361643316295,0.5356285178135818,3.4908805478256704,,
4.288868999999991,-38.78340526904053,78.67703746664279,-142.1370226607956,0.6723474102579331,-4.8919631567560184,0.5351890914620197,1.8404258463242555,-0.21178997245573727,2.8701543394171725,,
4.298384999999996,-84.27264538416358,84.44778884267578,-174.06885553058888,1.7694267237096795,-3.243568964206634,-1.9202026483699681,1.6096202161633044,-0.5127304269605062,2.569136988136691,,
4.307970999999995,-165.87124489377888,84.04088023486672,117.32340431091778,1.1129534732212378,-0.9965956564568141,-4.526496388252589,1.3377400320995745,-0.6477660626670211,2.4398676171432996,,
4.317496999999989,161.00935876629438,78.64020656104738,95.0525795835269,1.6480741980093807,-0.2982896325974992,-5.102136711946579,1.281459270499644,-0.6409139817981754,1.9646527348730345,,
4.326999000000001,145.32140544862506,74.60583261254594,90.372504468036,2.780873869073972,0.686604789981698,-4.181806736379818,0.8416414736391176,-0.6797822718220019,1.9695664159887034,,
4.3365129999999965,127.52756338112586,73.78190928560397,86.78776660604787,3.3899251691141723,0.9018609434695464,-3.16618422766148,0.14759261369386242,-0.9703551203572838,2.5238260363072285,,
4.345765999999998,104.92832525856562,74.94282291449295,80.11396490818211,5.295000267083689,0.3414871939718571,-1.9661205154906918,-0.3540998564229474,-1.1837434629926833,2.7910381607040766,,
4.355270999999988,76.55075334589438,76.20836774818844,68.82470610256357,7.89300252170254,2.034222904716063,0.3017483979649359,-0.5992451263562734,-1.2937037305921455,2.984237387321347,,
4.364785999999995,41.89346513055347,76.1038182793462,53.99293576259308,6.751217367242873,4.297437774083859,2.6428131382216034,-0.7503351373179619,-1.4598621410783679,3.501347098031855,,
4.374482999999998,10.001301066628391,73.80348235216384,42.66228565932825,4.787247323542693,5.559147220108322,3.5306722944451927,-0.7409328798567836,-1.5337192655884158,3.6228957196177918,,
4.3839809999999915,-12.559796360114976,71.36004872660354,40.09157077532276,2.198395904597423,7.045361204924338,3.4079796865927294,-0.6783527098727938,-1.262895568926458,3.517402256798533,,
4.39330799999999,-30.09929858149358,71.23120508721402,42.732559201833666,-0.17643537049817593,6.783520597401687,2.022448955346407,-0.8190916819276816,-0.7751030439424864,3.575232457131756,,
4.402803999999989,-44.02195985318885,74.18910324863526,47.720369522423866,-1.5094010457598828,5.278786430947057,-0.15967115458220107,-1.002225501591376,-0.18620174409251455,3.3664022081142697,,
4.412313999999995,-56.054362154914855,80.01312512828203,52.16964826970746,-2.1236949538601277,3.2221017249765356,-2.3209322715504777,-1.2451434310156064,0.31954299500215394,2.903871637900213,,
4.421915999999996,-87.66249255100283,87.407860872567,34.46606622796895,-2.060043659099249,1.114099317415679,-3.735260258958779,-1.5064531680150306,0.5728244740873802,2.4084120048117605,,
4.431421,128.89720180270356,83.33151710053906,-96.11427768120741,-2.379387859316126,-0.3218880473864249,-4.081271364423234,-1.6145255461538406,0.6108339072093113,2.004101243459993,,
4.440924999999993,113.6454648493824,76.04847382984747,-99.52459179124915,-3.4499722505655175,-1.2960293669664786,-3.7471262648013717,-1.3796626928229248,0.7152128379784898,1.9629392318390422,,
4.450536,99.27658544827067,70.93604745472588,-100.6848829278289,-6.569101113130417,-2.124817545351624,-2.7302419168928123,-0.8667351112021386,0.9775175893073565,2.384530447912305,,
4.460046999999989,80.5961389370163,68.59696935963741,-102.6378948856221,-8.236797700907868,-4.49780286907473,0.21590380734770698,-0.1856182230035028,1.361035013884288,3.255182681244776,,
4.469571999999999,55.74615206972267,68.85899773973779,-107.14010087523232,-6.030104089178477,-5.888594844617161,2.8220188571254368,0.5245902202485658,1.7240981876818333,3.895612877502309,,
4.479270999999997,26.265890859745962,70.22159247189683,-116.51277807908242,-3.6254033087880146,-6.072293750164925,4.94652088772191,1.0226015406433449,1.7996230814957763,3.821560284110024,,
4.488773999999992,-5.501970617116534,70.25305005966317,-130.22756800620311,-0.82700092055304,-6.1219956305805825,5.592889170061471,1.190307000725048,1.7710309671029465,3.3965627833203325,,
4.498278999999997,-32.79017431132512,68.56484296483134,-140.7446688317813,0.9294295281113565,-4.7904759669250465,3.405264318889953,1.1397991661725377,1.5696608566162622,3.1338145420124777,,
4.507605999999996,-52.38140862488957,69.4565302019592,-144.57059851496996,1.0268711782093511,-3.8925385743361134,0.8837387017379975,1.2243164086620626,0.7078502851229282,2.9475433582160555,,
4.517115999999987,-73.15678926274562,73.97631161537996,-151.25826833155247,1.6935931717742763,-3.2585473285713404,-1.2190588597850898,1.5776919894126586,-0.06434356940871955,2.5846616205077098,,
4.526710999999992,-104.31977434844175,79.61195570543856,-169.91330571532825,1.3180521514662458,-1.1618822062211926,-2.6005848806914718,1.6944283882268185,-0.5582116386801145,2.2816158589164393,,
4.5362169999999935,-163.33777543062433,81.96021518473258,141.0824169910516,1.039774101390655,-0.05103010902394827,-4.304704432342355,1.6463988716595048,-0.8430175152374614,1.7737334198373935,,
4.545719999999989,152.1407525169584,76.82753214221687,104.7673471688349,1.2584677708641996,1.0465174645060251,-3.829984745494397,1.6741364757516823,-0.8088078277700014,1.3862936863697086,,
4.555245999999997,132.5731214194903,71.23115054752166,93.34138814541936,1.5757998527799262,1.6411075018246468,-2.9251415588716423,1.2675903504935824,-0.8774173441318792,1.3577801069799587,,
4.564679999999996,117.68105162076697,68.02458968449027,87.83843551817189,2.918038616652154,1.3996539212810661,-2.2313297566545174,0.6490062550748626,-1.0289758561216054,1.6939669089460925,,
4.5741919999999965,103.76425924873686,67.15109856186703,85.50971974698317,3.910960977470468,1.1622712148594432,-0.9587953601014593,0.11229380000329611,-1.0695717759991696,2.109639359106305,,
4.583686999999998,87.98722853318453,68.12447235719824,83.05005754669358,5.9807944166851135,2.0943389869951536,0.5097708916102612,-0.31234321248200775,-1.1753091840902308,2.4291294149471288,,
4.593024999999997,66.27461372632106,69.7731283182656,77.58061519004735,6.699950757553551,4.052265417494511,2.049093675254772,-0.5830123059911693,-1.4805251959547632,2.9642050711297796,,
4.6025319999999965,39.807948665154456,70.75113874317114,69.29731791477543,5.308882589049984,5.642906646889046,2.547210826926558,-0.6915341821491736,-1.6530110404994796,3.3339615552090383,,
4.612062999999992,14.166689843424361,70.96827371513545,63.53948136146189,2.5947997866531685,7.290450673247159,2.719120766632022,-0.69192154097386,-1.5282643459716665,3.4290515248567814,,
4.631067999999999,-29.129056379736507,72.27008682438725,60.77929046345199,-1.6808680839399182,5.868040660564264,0.6023325648323953,-0.7897970460396401,-0.9860944730996117,3.5428357560670523,,
4.640567999999988,-45.23473433326327,75.26505342520663,62.169325945366424,-2.993001366022668,4.415095800530217,-0.9798732495904715,-0.9493787618510925,-0.5184450252344727,3.11225807589726,,
4.65008499999999,-62.06309517989347,80.0384570365139,61.60478369522269,-2.7818313993831403,1.947243630844923,-2.5347455594026504,-1.1761795920244151,-0.20352160363755006,2.860607806976015,,
4.659668999999994,-92.1681558446167,85.70477120983628,45.832281526929876,-1.6948046146014726,0.32825606950430547,-3.471062192524951,-1.3348022744516534,0.04445952684314657,2.490172242543253,,
4.678697,111.48982871158533,80.62906426168821,-85.11945428374756,-3.7826912601860485,-1.9940516223265035,-3.8297522473636216,-1.2464370808506873,0.4315177729868893,2.122445188918934,,
4.688117999999989,91.74413350714707,75.85451264732704,-90.28866955273286,-6.071093199566174,-3.649090928639723,-2.5840624316258016,-0.9881822134956822,0.7518902723174676,2.5683639344391294,,
4.697814999999991,69.29478707625611,72.55442642283535,-96.11566243852432,-6.522157009910622,-6.6050701449875895,0.1679464646851361,-0.5775936581560461,1.2567967576653145,3.2587799809718936,,
4.707341999999997,42.228718715218946,70.61364830492724,-103.15351238633332,-3.9568352308952304,-7.406369322430877,2.531965030840752,-0.07662347492860565,1.7460191485521979,3.9095712038225585,,
4.7170249999999925,14.338763976762369,69.49043918852182,-111.05704737369024,-1.7506791225783955,-6.821241595008759,4.439578124882351,0.36198435732196704,1.8755564570418701,3.8426971306025477,,
4.726535999999996,-11.69466579033811,68.21934785497614,-119.44360191697464,0.8564775195889952,-6.300870869395808,5.283429149316418,0.5845500955190029,1.7967786142030506,3.329013777438968,,
4.736038999999991,-34.27505975066032,66.4707411652694,-125.47492563315143,2.35154099641413,-3.603719966159556,3.762659299544674,0.64126338774891,1.6505984315555926,2.9691944076987618,,
4.745540999999989,-53.02730847460313,66.28065261794045,-129.64908813263355,2.0186867745426773,-2.966435793216851,1.8267278334188328,0.8860782021848266,1.2137545852534548,2.6065282847523488,,
4.75488,-71.40848821840999,68.89745021979441,-135.63777141221192,1.9823411513361562,-2.2506867049817347,-0.1648558137935677,1.3303339293446292,0.6781609071333254,2.2063063793565982,,
4.76446399999999,-92.7406710434695,73.36813906999035,-146.11970997054348,0.8819483800848681,-0.9974336821143814,-2.104762286657738,1.624107115079153,0.18254382980845624,1.949007403163139,,
4.773972999999998,-123.87417838991587,77.92092784374309,-169.17572926601804,0.2671927400497391,-0.12458914169199067,-3.628906017905489,1.7469384735267954,-0.23621184558576638,1.4360030421976977,,
4.783475999999993,-170.01768333376285,78.33825396160107,150.77382674383395,0.30994896176687137,0.9306211154678172,-4.143015110776008,1.8097783399969705,-0.36590638893691996,0.960540498323203,,
4.792997999999997,156.60682618916002,74.64168561248815,122.45926429928282,0.19245446429050703,1.7709913773597905,-3.467794550313253,1.6051648750036758,-0.5374893229638446,0.8373992203742222,,
4.8025109999999955,135.75452884543563,71.06878673684409,107.38945838200875,1.4037504492285868,1.7916255102169332,-2.939320620290214,1.1552756039373169,-0.8115352557272413,0.9752971716724956,,
4.811943999999997,119.46465150329631,68.58116850170062,99.35353746211337,3.1860436309454467,1.5610621731362773,-2.0442945004792223,0.7403254141448019,-0.9765077059398027,1.4535099087750638,,
4.821445999999995,103.99883140411929,67.39265634320235,95.12961556853378,4.523069229853985,1.8090560109131013,-0.6048708104749874,0.3807311251173536,-1.119498754522016,2.025485604034876,,
4.830966999999987,86.45712786644458,67.3853866877715,91.8429245473255,6.379814510465418,3.395345206816852,0.9959458386558925,0.08350845884294093,-1.345770396669605,2.5847916758500347,,
4.840484999999987,65.45734353149813,68.1214009826782,88.51654358779722,5.777341330758192,5.928578733273403,2.3742823546765153,-0.1406052562534575,-1.5897762954106822,3.2270353495511963,,
4.849989999999991,42.27570690315352,69.45991358976596,85.7035375186402,3.1226852646104435,7.348505122905402,2.9582281253337968,-0.34846884893397273,-1.6615230931498814,3.766042852961147,,
4.8594949999999955,18.495638384617646,71.33412072754922,82.9262791903859,0.17613131021150405,7.882430702359376,2.9413177232481598,-0.5261033045467222,-1.551050962394739,3.93235400215541,,
4.869009999999989,-5.755794774037236,73.57550665809195,80.55283691922887,-2.7300836159851944,7.4147911835660905,2.023997900431432,-0.6345448035259036,-1.388915485241233,3.9438083182535255,,
4.878492999999992,-29.72023652720501,76.29321309419478,77.38608183748988,-3.951359178974449,5.052026930495035,0.11488659329437927,-0.7544963753047849,-1.126114456722091,3.7946414991414885,,
4.888015999999993,-53.66246037669978,79.7859244724152,72.1050016731346,-4.568220972317267,3.1039123393960755,-1.7490329098431905,-0.9190718144489218,-0.7822200073231339,3.4291432732597125,,
4.89743,-86.32920032902304,83.79705711864074,56.74153331878498,-3.6836069069036865,0.8376907201131368,-3.317919344017264,-1.0978123157958928,-0.5050858933390328,3.1795529304004813,,
4.906941999999987,-159.3648767230078,85.91692036908012,-0.5621963476211727,-2.893019999429221,-0.6471788829340455,-4.18912213255325,-1.2278549722881762,-0.2702034454196195,2.8297187081432145,,
4.9164499999999975,139.5935379607395,83.02760044452303,-46.9540064910809,-4.070352604659939,-2.5178636403899683,-4.459264395637303,-1.216221769053784,-0.033219309754966765,2.6284683706993,,
4.9260539999999935,108.99286753013381,79.48115663927894,-61.45622350417288,-5.370603683774633,-5.092399219993137,-3.6168856315807942,-1.100880104530771,0.33404587810723113,3.0199579358831956,,
4.935593999999995,79.98776717248224,77.0782524021602,-72.04041678023913,-4.894726483234941,-7.8516367311263515,-1.0895330222875774,-0.8920423938002757,0.8916599333692455,3.6142480120501843,,
4.945077999999995,46.795669841944466,75.49552797250179,-84.82713621449497,-1.9967311131786938,-8.546449307009434,1.6726563122362994,-0.6049514819619937,1.4717177815166873,4.031654546031329,,
4.954774999999998,13.254945822659996,73.87696144224635,-98.06270259811636,-0.3494504866041646,-7.322066006787908,3.89391752776009,-0.25692354222156316,1.7672923342105356,3.9834616625483714,,
4.964279999999988,-15.081384303923684,71.1419173765502,-108.98417794953164,1.4450016457748223,-5.775738672153444,5.085701911648748,-0.11270421199467448,1.7738906306038813,3.362941389136722,,
4.973782,-34.648845171189535,67.92425920754566,-113.91773105648969,2.270030449402319,-3.141173131101691,3.622991865794005,-0.08815953105895127,1.5063591158970222,2.7624861142951254,,
4.983294999999998,-48.270199125357905,68.35371473865071,-114.4936828481318,1.335207147121368,-2.0124507702331442,1.5960149426526822,0.49456860607027675,0.8911860790754433,2.4166979534985074,,
4.992636999999988,-61.01083193683728,73.46985178595608,-117.2252477763309,1.3464647597357315,-1.6229168356496884,0.13028008395881963,1.2825400301453078,0.30508848958508467,1.8658277563287828,,
5.0021369999999905,-80.6732100342154,81.04875829636825,-129.13329003172262,0.9505513847692602,-0.6225910591509267,-1.395524566399493,1.7304008464801102,-0.09928221659371216,1.4653407493387518,,
5.011741000000001,-167.94099527910402,85.91691547858844,148.69438496295933,-0.120328147846542,0.5308095048535376,-2.8227139660240637,1.8699522932615296,-0.40955155411705785,0.9695075324135322,,
5.021227999999994,138.80736959408856,78.35468789594154,98.27749030593436,0.6089326283342418,1.1378249438153496,-3.4907078984259234,1.9119588413211674,-0.3977003832851853,0.4179842268520923,,
5.030751999999993,128.5312794528684,70.11264019345901,90.68406814321882,0.48014174515068186,1.9179973872003375,-2.872583375135471,1.6878679221018293,-0.4212275649025417,0.38453929749595905,,
5.0402619999999985,120.37629346303,64.42300701073945,86.06413819837569,0.5798920560201445,2.0669557235680514,-2.665955612285699,1.1195832884760613,-0.6622685909392014,0.5821161541305346,,
5.049690999999996,113.04301234958139,61.169631670238125,84.28449594743996,2.8419432203712467,1.5484881862452795,-2.061496660466628,0.5921383741400201,-0.7232598714537204,0.9497007433744206,,
5.0592049999999915,104.37232994224227,60.14171791766241,85.44589591216045,4.279717025234213,1.668464556371961,-0.6431550050492381,0.12858812316003937,-0.8659125880716575,1.7455659161728534,,
5.068729999999988,91.61535916860068,61.23422683491121,87.11994332129697,5.359172384750819,2.5474508295754488,0.6443149514973793,-0.29878974353013965,-1.2343705468885708,2.56187884491123,,
5.078232,74.07530602239108,63.81828816086617,87.61547899207235,6.431133553444789,5.1466068871156345,2.072073551116713,-0.5877213559007171,-1.5954540549997445,3.2151246572146635,,
5.087744999999998,52.23746306581331,67.23467929825402,86.80825419340884,3.9031292011207976,7.501298504181034,2.7490042993100183,-0.7633866401030374,-1.776178934497494,3.8194903638172377,,
5.09707499999999,27.63459543195445,70.86236161967724,84.96095290693351,0.5886547182127929,8.261301818758659,2.87367357221021,-0.8221541046342099,-1.7117526670844203,4.00377810228216,,
5.106769999999997,0.015935349637820735,73.7807699959425,79.90845455702515,-2.4898590132809257,7.965822076384129,2.154426779201323,-0.772771756950482,-1.5910098488360862,4.051085622110775,,
5.116271999999995,-28.919500703902827,76.00260752871644,73.50359329779374,-4.875717906986977,6.567699553703071,0.5021351056288694,-0.7567984233139571,-1.369795982885036,4.115872993102978,,
5.135283999999999,-90.463320006243,81.49149540572313,54.05614417502199,-5.750949345293938,1.2790909313507617,-3.217408401743927,-1.0661735235888459,-0.6913061484632649,3.7849845022893667,,
5.144877999999991,-140.84723641371622,83.90916868895945,22.812206890448653,-4.756429814137777,-1.0627674682064745,-4.273052363021296,-1.2441692942081477,-0.43077426370688693,3.5515613225128946,,
5.154321999999993,158.5886197098689,82.79445414409244,-19.298422763064615,-5.164447284241571,-3.728111508489269,-4.56098203852981,-1.3217766703016922,-0.24906300662152037,3.3735496716390156,,
5.163815999999997,119.91860052242262,79.73951115754134,-38.34740801310717,-5.095486038439979,-7.657468256401022,-3.5110745506827765,-1.2918868971831328,0.036713943785779496,3.7089125535202485,,
5.182838999999987,53.98643443855288,76.91570090267292,-61.87237497082257,0.010137310168716359,-8.661868274373335,1.3893503477172096,-0.9442421012362745,1.125146196063353,4.147455695425469,,
5.192532,19.233742827078967,76.41431593542868,-76.42201585789307,0.9848220259022842,-7.247858440089839,3.8170057419394947,-0.6501342110440539,1.4523978324043114,3.9515901018318087,,
5.201857999999987,-11.138392149201412,74.21650553553887,-91.49546072440113,2.7334230766889367,-3.969877752465737,4.737510877372162,-0.5693327529288279,1.4815558405184246,3.1254896651245896,,
5.211541999999994,-31.84231854174146,71.4751161247582,-99.45060141882499,2.4959339091757795,-0.9891211766997545,3.9387955469124147,-0.41421920071537804,1.2681444819754035,2.5383579096490454,,
5.221050999999989,-45.098930278379505,72.80466623196668,-103.0280711373879,1.0291962504389298,-0.4374185119195642,2.251858552955506,0.41873716806238165,0.7459397829882424,1.8113661654030475,,
5.230563999999987,-53.91784636851924,78.48977978605683,-105.37311801984616,1.2651198990124761,-0.8618233082950743,0.16900294985644507,1.2113117878934019,0.14499856287077223,1.2424065255473111,,
5.239981999999998,-81.23435487563499,86.11667099833166,-127.88687470511535,0.3341735714002963,-0.3742682755093257,-1.3838738702167543,1.667180829384576,-0.030745649415029903,0.9303445140054055,,
5.249488999999997,150.94633851441662,83.8251158754329,106.10505605847653,-0.15801234629828786,0.6147323010131163,-2.1684589950038227,1.773352183100794,-0.13229312678718047,0.33223857737766593,,
5.258998999999989,137.6415137625287,76.2199795978987,92.92635602081292,0.5331751528306563,1.079532302832668,-2.91833710439679,1.5772422552040077,-0.19926641226771846,-0.014232301572265162,,
5.2685010000000005,131.98741027036218,70.22299732327178,88.02200467454621,-0.11232916330499917,1.7856048896327865,-2.8055533401616715,1.2044881311541227,-0.3161164635842708,0.10239749072987468,,
5.278017999999989,126.93816435297381,66.39339937191187,84.63548300689094,0.5333524461947995,1.6903580499958062,-2.726235727855966,0.7415947755355546,-0.42156930842828055,0.26140204581122256,,
5.287447,121.25936886974614,64.2212703514099,83.00723492000388,1.8436435733134409,1.2840078552664873,-2.1082531386230476,0.3812953591893157,-0.5187330408973441,0.7069119309145806,,
5.296965,112.65500689881715,63.29524794757195,82.62750128479178,2.749403499230738,1.1958092075446198,-1.0504236604455368,0.08854186533658825,-0.7786921005746212,1.4689454307806682,,
5.306476999999987,99.42761210297924,63.380628373793385,82.03510381619391,4.736985163968515,1.6595071069008906,-0.29700939367266127,-0.1753991262997874,-1.17512367502011,2.247995201290057,,
5.315985999999995,81.9169938031322,64.14348466248525,81.71030719563733,6.923547621496866,3.903352101609645,0.8699339541649774,-0.3692179226346777,-1.5127601777484878,3.0797412707653438,,
5.325489999999988,61.71852416171143,65.8087076699181,82.63461425085163,5.698712458262531,6.727414196683856,1.9320709239987164,-0.5604588887395523,-1.6508099451813119,3.8497075303442774,,
5.3350089999999994,41.113050065786084,68.79761421695844,83.93037956066608,2.672095568554089,8.045502083662821,2.6168013055605117,-0.775369275138554,-1.513383706128719,4.066539318716126,,
5.344518999999991,18.1830314194927,72.9582376738132,82.73471157200753,-0.6704443182494012,8.349480317192281,2.884122734151494,-0.9917244540010688,-1.3982691616756542,4.102049007079125,,
5.3540379999999885,-11.247550738402506,77.05555860519284,75.90472974974118,-3.62903490645895,6.860701457834382,2.089935375490152,-1.0553452535989734,-1.3526841477751634,4.1183867518399415,,
5.363544999999988,-48.32795767140503,79.90122629660708,61.098338749659256,-5.376004482745517,4.965700693140231,0.05287223949845018,-1.0356739125487893,-1.1714825368110018,4.12769909719076,,
5.373043999999993,-91.60328609370731,81.75266530857822,39.72281016381698,-6.956772076044357,2.7719082074623342,-2.3574848528868304,-1.126231684670413,-0.8280304410827065,4.108521050489523,,
5.382565999999997,-142.80882496580304,82.72170364967762,10.82732721184793,-7.936689470506211,-0.4431511237837199,-4.4030100176290805,-1.2856556857653727,-0.41908850567119604,4.209435316383357,,
5.392068999999992,161.45795681181468,82.04453746837845,-22.41731180322413,-7.851580887233395,-5.304278272775272,-5.207119971361802,-1.4254127801930538,0.012343307419233824,4.222803942759994,,
5.40157099999999,115.96465820430048,79.68600127771201,-45.88537786869166,-4.796111639974434,-10.239589398046231,-3.745203308771658,-1.4166009073665282,0.421146622671169,4.202405905771723,,
5.411087999999992,85.23072497005595,77.46894855218663,-55.40997738030671,-1.6531298060640287,-10.608504440803035,-0.9573530777689114,-1.09886840694262,0.6650672657359792,4.211366174963,,
5.420603999999997,62.04195216621626,77.26276360816131,-57.37927681685115,-0.28398838919067126,-8.714539001027687,2.330173063657327,-0.5916694042940973,0.8253025003296686,4.246095910929527,,
5.430296999999996,36.24696715272878,77.96291351779321,-61.876113343979625,2.9463266878202394,-7.085105640838964,4.4664704674130835,-0.4362079307452533,1.0248364328259842,4.226751894349787,,
5.439807999999999,20.44286389873132,78.50981315226196,-57.140053423355944,4.69697516741664,-1.8491389990593443,4.143144331666234,-0.23409899314023522,0.6138481959942655,4.060615961197997,,
5.449301999999989,33.18411737501306,79.4811729279673,-27.01669413285684,2.5615036603575425,0.1927354276359904,1.9033945656712985,0.4894488575757903,-0.1779500364485019,3.4634929366910523,,
5.458642999999995,66.76699013929355,77.19891982566283,19.749222655502987,2.3111985677476126,0.09200963280394914,-0.3512207653577921,1.3081477037721307,-0.5195547199521283,2.6886244815247515,,
5.46814599999999,88.35346052276749,71.96024814330757,51.44370230112154,1.119842934365141,0.22147561428134868,-1.241724012794123,1.5305178835049331,-0.17101692424971857,2.088261942222632,,
5.477733999999998,97.94303208714852,66.86596028216269,67.82157052667351,1.1876917700395495,1.2526537819463932,-2.6954811249572934,1.2186643733748193,0.07206349266938,1.3749793209855614,,
5.496763999999999,93.50406193335034,65.23048948642304,81.27977284297458,1.4815909437690744,2.2487043215646993,-3.154970970214967,-0.266828827246769,-0.5095943465904406,1.7771688788880664,,
5.506011999999998,77.95703381715253,68.18778090109282,77.39062798395925,3.477157788319926,2.4131872634354563,-2.3425948187987014,-0.7927651976143409,-1.1077129807496588,1.8220262514299088,,
5.515519999999995,51.05391509577408,70.11422581877152,63.43953329232482,5.595807667204315,3.6040371383688448,-0.00716501263378914,-0.9719240384949227,-1.6789676288514548,1.9681180640899887,,
5.525024999999999,19.906195564482456,68.41498563299487,47.27411771388949,5.372580827801379,4.622283432835416,2.3114792788271807,-0.9495309984025244,-1.9978122547078652,2.3442861004407725,,
5.534727999999987,-4.094183064171555,63.973450582269024,38.98524624831652,3.643023230453818,5.306704062134369,4.101221914355211,-0.7915204630638539,-1.966959235675791,2.495069581823219,,
5.5442350000000005,-21.238205314749703,59.776423390414195,38.050364497637865,0.9811024104110141,6.2653885846384645,4.729037889812212,-0.7295888669433198,-1.6673110361485812,2.6125490439499295,,
5.553909999999988,-36.609782758316435,58.38538455101406,40.33256343354662,-0.9110844029766583,5.970545561922526,3.2466106607666028,-1.040527244267161,-1.224238204391179,2.89237314646889,,
5.563244999999995,-51.320492565768,61.04482296941548,42.8442216160422,-1.7867564493483943,5.2392230531021395,0.8435123862705094,-1.4581320423464128,-0.6040894776337496,2.830364393167146,,
5.572575999999998,-67.29881949677832,67.25498842777967,42.57942001177916,-2.2590788559073323,3.5883269620276628,-1.7194582200099269,-1.8623532526745383,-0.06474777553034505,2.502195498754864,,
5.582165999999987,-90.02448808440185,74.8480898143519,33.56625367199551,-1.7034484089303266,1.5413207559498376,-3.594927948650699,-2.0855715244168227,0.2321308484134436,2.082661534793668,,
5.591682999999989,-136.1391577956304,79.77808682401262,-1.2269451845992696,-1.4879494838025185,-0.02604154715725128,-4.492710776549687,-2.1550908727510234,0.28742575135633247,1.6196765007088678,,
5.601189999999988,172.8425753595768,77.48805145335211,-41.760647240439,-2.171238525888163,-1.247748528661932,-4.485807416866012,-1.9656796661944005,0.28885460530745255,1.496135529536416,,
5.610692,145.58068249538428,73.14609485081664,-56.898263361564396,-4.236120137533056,-2.4071175660952084,-4.191619009849944,-1.5421099158331428,0.46852487179472213,1.9917097798923908,,
5.620312999999996,125.38046041808022,70.65694833778304,-60.760365216849294,-7.520733520660981,-4.556157609979772,-2.5008035992349935,-1.0719650954327293,0.8153530662557635,3.034777560127043,,
5.629814999999994,103.88110024562482,71.3309531884619,-61.66580830698431,-6.523684116046136,-6.987773053815035,0.4230657027897598,-0.5528226758580942,1.294463235746227,3.9750890470238085,,
5.639327999999992,79.88978628696609,74.54158406805226,-64.5436879981785,-4.209734264790669,-7.563569196705685,3.2623885783825513,-0.06360076564974844,1.5426176515729026,4.13628691884018,,
5.649023999999997,45.89159262073784,77.78809240765857,-77.709518838052,-1.413090511406021,-7.802711785996359,4.610077440638145,0.08067740274360656,1.7289141957964798,4.0993192761996164,,
5.658537999999993,7.283517999141497,78.39461669119513,-95.65240948264734,1.4076163120095158,-7.133572173252796,4.136991436089043,0.03200923023060034,1.5770271467509835,4.08533473025242,,
5.667854999999989,-24.475157667608336,78.82583938389887,-107.3152292462188,2.635435814390409,-5.306380038760849,1.881326911287162,0.33359694517467975,1.2031854417881207,3.9616976361970173,,
5.677365999999992,-47.44587981453246,80.80897251592548,-112.04232504786144,3.5082041885395436,-3.73837286364424,0.01608046767227191,0.6433046851258846,0.6314056963141003,3.583823242216479,,
5.686872999999991,-62.53072734301261,84.6255131789473,-110.3332636500925,3.418680445709651,-1.6130870929272403,-2.243288095937437,0.8555880451054937,0.08255106542196658,3.305285330632879,,
5.696472,138.54860074291668,88.70240365915754,105.54296173988799,2.8355649143591344,-0.10330060737793537,-3.818293751873163,1.1938516593276445,-0.24062132812852108,2.9485269741473137,,
5.705973,108.9440286973666,82.02304538123853,88.93389550208045,2.4380301951127095,1.4072636539164143,-3.7088990391610275,1.4288497657886454,-0.2640835360832015,2.4983673239303945,,
5.715406999999999,97.19956367742364,75.36166972802708,89.48629324480916,2.7833542803875266,2.679538599226163,-2.904419155692945,1.3302539153014032,-0.4751142259456361,2.350204334941049,,
5.724907999999999,83.41781965310496,70.33276609901965,89.13901159320493,3.0027235561427075,3.3830275064385735,-1.672303925922338,0.9939904518804026,-0.8256807835316252,2.568123815757489,,
5.734426999999997,67.71436432555547,67.48505972831087,88.11540868591511,3.680757578471149,4.188121858143242,0.15121301432914733,0.5398560733588205,-1.1443278160854047,2.729419095221049,,
5.743940999999992,48.697422084511366,66.50169917296782,84.74765025209626,3.53304383488486,5.6258006223955626,2.2312031433674586,0.10219541933403453,-1.4954173984905117,2.832132410000801,,
5.753636999999998,25.16432738267515,66.0421306155553,77.83076766243504,1.9647685700450188,6.4104489487906955,3.6774280126237784,-0.19672514647763933,-1.8819451136285295,2.932996130319945,,
5.763149999999996,0.03009631795625984,64.4853360898909,69.14033997273302,0.0776700666249012,6.496110772253161,3.8991652071325835,-0.30311699681671694,-2.0977166277779533,2.837064478038994,,
5.772660999999999,-22.64349594211873,62.18254083093419,63.04783039321366,-1.930909482181912,6.072647176528417,3.240910498213422,-0.39059118381657637,-2.044703945900211,2.6434197537237893,,
5.781978999999993,-42.279224260104264,60.44002478166681,59.191123919652334,-2.978931027945754,4.912870295665835,1.8797233236132613,-0.5917094333810557,-1.8217556357419142,2.474895316642896,,
5.791500999999997,-59.291107387346415,60.195439606538876,56.730160417623246,-2.819985521670264,3.5017468513474963,0.20581905422323807,-0.8390627575553671,-1.4618409630046172,2.2533634689074296,,
5.8008179999999925,-74.62349289605517,61.97573403369731,54.11295704859989,-1.777509050186185,2.268949296333884,-1.4672043180915837,-1.1228670953565794,-1.0310333596503305,1.9336870422816337,,
5.810413999999994,-90.05368898062987,65.6511716081419,49.08086652443818,-1.0125212838560091,1.3013336305042582,-2.801014572680982,-1.4114110359428973,-0.6280315410437083,1.5136655977405924,,
5.819924,-108.336259860889,70.2877859538557,39.455215522768945,-0.2345099569740653,0.19420336252043346,-3.5914563650167812,-1.6173796542876986,-0.31668738122820234,1.190215280786247,,
5.829435999999987,-132.4784969510191,74.68472873481544,22.747180557510397,-0.47355949118200413,-0.7005958403527189,-3.9729811284748555,-1.6819960412017156,-0.02637983487333598,0.9924572278674227,,
5.8389509999999945,-166.40189434265912,77.26187318725401,-3.1300615886427354,-2.171690630638801,-1.6920929212856204,-3.985302214703269,-1.683193761674094,0.19432190090331303,1.1644476893480378,,
5.8485589999999945,154.94230297911733,76.93533654776456,-30.595586374440742,-4.930523338693173,-3.294240973374675,-3.010681981362981,-1.64178623671722,0.4207655803408551,1.894403189884661,,
5.85807299999999,120.11320765642488,75.18634953894625,-49.52376861186985,-6.681970084232443,-5.82077592404773,-0.8867008487225312,-1.4855144893026069,0.8067873451395464,2.9540993163669302,,
5.867576,90.87804532431902,73.58540144960139,-58.87637905010009,-4.960558754834916,-7.373571797240069,1.5058287115189355,-1.1666134098815728,1.089704902395786,3.8243175750212073,,
5.877090999999993,68.60310596266656,73.43435262984646,-60.056977588330696,-2.242195900097532,-7.934108185839113,3.6369566068121375,-0.664985540036782,1.0770116342563845,4.118663787020872,,
5.886781999999997,50.16260198656039,75.3350132710029,-57.570965513528954,0.5455541438472379,-7.275894040080329,4.899063468618096,-0.18902046467557523,1.0486514408424332,4.115897512556161,,
5.896280999999988,31.79221609118206,78.16827838057205,-56.28444317370839,2.3704542131484896,-5.387372031857082,3.368093939021965,0.01447948034778159,1.0157690336318428,3.8902774198837093,,
5.905607999999987,20.247512153690675,82.02711921578167,-49.99537773809198,3.661638278712412,-4.3674048607022335,0.7982311312044204,0.3809755018065229,0.7859997525569394,3.548832866902131,,
5.915132999999997,37.52512112169493,86.10068674146953,-15.95376813634067,3.9184347452559405,-2.1584898895405593,-1.1778742794371053,0.7355591275998206,0.5028868429466361,3.3512529193075977,,
5.924702999999994,94.03852714256847,84.9894486973176,55.71679736727763,2.556341567776552,-0.32687340185732344,-2.9700002174580504,0.8390410423746271,0.08669725699452915,3.06160013307324,,
5.934224,104.56353824965925,80.16438152846148,79.06120604319918,2.4068758571792177,0.8897877720658941,-4.115382586425322,1.0024609775965592,-0.12673944509041435,2.548108932745875,,
5.943736999999999,101.62227802990189,74.93462896333708,87.7938479519935,2.37630159144479,2.1884999903786344,-3.328144573079041,1.0306174412836029,-0.24796636867953942,2.326507509535584,,
5.953165999999996,90.63280460318221,70.91721475867301,89.40461939247608,1.9691109871320658,2.8891794034494116,-2.4151901971949283,0.7881485776328555,-0.6653233889671458,2.410527460700565,,
5.9626949999999965,75.96975616060394,68.51938287836361,88.66787957243528,3.27837024234476,3.6907633934187603,-0.8827323415742754,0.46265846973290703,-1.024355844091036,2.5652675506410256,,
5.972181999999989,58.208672832878314,67.54273763174419,86.62899284718543,3.510619500884774,4.947947867169808,1.2112940104132288,0.14397396055274278,-1.335448403003602,2.811624506957296,,
5.981882999999996,36.452131006846784,67.11551537147503,82.4711875023717,2.650700018457552,6.21944637211953,2.974455829510925,-0.06672868810778239,-1.67629163558778,3.075920060180445,,
5.991392999999988,12.632383065108737,66.12164726639645,77.01749134954694,0.6232466380134337,7.088812866952899,3.7850759760040247,-0.13234757141820822,-1.8928265876976798,3.1558686123266564,,
6.000906999999998,-10.269785586294146,64.78916067867411,72.65785515012657,-2.0654370545321896,6.900849040234483,3.631315320565583,-0.2318379019679753,-1.904725316191162,3.1616800872909185,,
6.010224999999991,-31.360378363986815,63.778087151574866,70.10195745420924,-3.8974772624175698,5.838794993998005,2.4619790517095566,-0.3842964544442839,-1.8004535598441231,3.160795605371945,,
6.01973799999999,-50.371226694617,64.04514232241758,68.63252920612209,-4.4666358169396085,4.228614621879516,0.7136554061211942,-0.628905655592725,-1.550839762214133,2.975674682319975,,
6.029253999999995,-68.70209123109815,66.06121566818678,66.14321334517412,-4.124791785164991,2.5058054043559133,-1.0971438744373487,-0.9541450077635208,-1.2808061763485092,2.6555379146200115,,
6.0387699999999995,-88.46854974615141,69.34982004593911,60.36706566871122,-2.5137735866391,1.0157331195011898,-2.4664724686316584,-1.2463290564110858,-1.0549836676159134,2.309320023205895,,
6.048346999999993,-112.0845440426654,72.85902570913562,48.39125548463728,-1.3312775215399968,0.14910046233685098,-3.2484824553732463,-1.4406308958128953,-0.8477498447678152,1.8809186675537266,,
6.057859999999991,-141.36090779329956,75.15030870656418,28.89471154935121,-1.0648559272606508,-0.7304647574982613,-3.8281355652942826,-1.520691830810787,-0.6622967530705666,1.5391114338946705,,
6.067370999999994,-173.2555368286353,75.41146437187508,6.758542500148072,-1.6261451308106045,-1.9829886573481754,-4.183508079827282,-1.5352879928782863,-0.454758112783669,1.5521587228429596,,
6.076883999999993,156.97106752323378,74.1649871892587,-11.376098840696406,-3.3035082151744244,-4.07743919892362,-4.110451729918802,-1.5537658616455094,-0.18954157916013586,1.9803383675114836,,
6.086313999999987,128.86147247555198,72.81956144983624,-24.31196682483778,-4.5750152259679115,-7.386910179832667,-2.4586314783186274,-1.5906690455906727,0.2333004210084982,2.7720881459821993,,
6.095804999999999,99.88863369313516,72.25254907780361,-34.1148384417468,-2.5849021752575063,-8.685412724413425,0.4255369417843257,-1.5620807641721925,0.7512005718414375,3.6274766835898333,,
6.105328999999998,72.78116619223057,72.62611359325814,-40.34458417148694,-0.44861526624800624,-8.17877255995517,3.0775048065425645,-1.2509902122502747,1.0497046182935499,4.009875115664078,,
6.1150189999999895,47.34721207818531,74.07693320590319,-45.947412589072506,1.6916641114252402,-7.001578199126421,5.132986037009122,-0.8618260510755867,1.206169478060832,3.842744658440557,,
6.124538999999999,20.078554566190057,75.34988692063247,-55.587384134869254,3.2100696583002586,-4.35416105358227,4.880078825530945,-0.7001630881861163,1.2742231387757754,3.566961881550998,,
6.134038999999987,-4.414453608923649,76.73947011021383,-63.588996184540136,3.69307267129039,-2.982423237121504,2.585457291348597,-0.3509133827333277,1.1577148591019535,3.347163204314923,,
6.143373999999994,-23.47805357361064,79.89598402500641,-67.2128583784571,3.7427495763454335,-1.6256908924518507,0.43160547522000015,0.25503998075367196,0.962233074279571,3.1476313753028253,,
6.152879999999996,-33.10514441051123,84.29581862735463,-62.44612784935691,2.6801265205550577,-0.3956761359916356,-1.644117125581754,0.6922544459521278,0.6179342075286051,2.951188631824246,,
6.171976999999998,102.37784006524848,82.67612813368059,95.48033652991141,1.4454361974908139,1.6655479565685012,-4.012258005787799,1.2901902926215298,0.2859258452263273,2.1069793415349163,,
6.181494999999998,99.07515653003543,76.28428221454467,101.90336561773117,0.8675455449104802,2.5420794603607173,-3.2145999752109713,1.2912665433412986,0.07347422027597303,1.9513871745891604,,
6.190924999999993,87.66690086873459,71.2987653007931,101.17177743790543,1.4865603720889924,3.3434654650552056,-2.250088875922058,1.1042964640139667,-0.4247360837330925,2.040558994480564,,
6.200430999999995,73.39871687351895,68.13737128047097,99.45659445421563,2.3946389152718863,4.21343044576824,-0.8075776207089392,0.797259941582025,-0.8608420211575974,2.337163956727203,,
6.2099449999999905,56.73882284092733,66.65152138312044,97.01079834848571,2.5104513005396942,5.238460581216833,1.1706850685857129,0.4759235678030029,-1.2255314810356575,2.5908554881714,,
6.219645,36.49007497210889,66.04373455721985,92.56625916122873,1.5640004999140167,6.675971629894795,3.1027748250219305,0.2554787949672051,-1.6078579618616133,2.826275154446538,,
6.229139999999987,13.260346072051844,65.36670508403242,87.06949504806515,-0.601134348716198,6.954053738586639,3.973581415246389,0.13793901521847593,-1.9080751725746652,3.0159008312053763,,
6.238659999999996,-9.891353081433003,64.50864716157136,81.64153021437443,-2.876018682860496,6.039179670311105,3.8470007486539113,-0.012849970116038428,-1.9656747123422964,2.982070978578005,,
6.24798899999999,-31.693314453808284,63.87749758407271,77.20403233996971,-4.492729678675939,4.621268247101591,2.668668811031932,-0.21414392023662318,-1.8883854301863228,2.9048017357595937,,
6.257493999999994,-52.013297898233894,64.25502623652498,73.58832223253651,-4.426252664361982,2.924816864698399,0.8151529339621135,-0.5089665841475528,-1.7034372164847835,2.7845974335626873,,
6.2670129999999915,-71.51368086377812,66.17377298229387,69.2724684533784,-3.8090356276810695,1.7835361954751092,-1.1578653976376045,-0.8710559527116987,-1.433391087158149,2.5284403224620586,,
6.276602999999994,-92.51874263014872,69.3912024682201,61.773814812951805,-2.709008698045618,0.7208415328520951,-2.82938529313895,-1.2270403088519382,-1.1876291460496897,2.23279148165198,,
6.286108999999996,-118.22307270261673,72.80549308371036,48.084080986981284,-1.4584884608557158,-0.19339445139118377,-3.8405847733492635,-1.491691612078101,-0.9815671364728517,1.9595126467221795,,
6.295612999999989,-149.86585670162947,74.90656582440094,27.146072755959025,-1.2923780668838505,-1.308626662311422,-4.487541465292418,-1.621043362165101,-0.7512081614721248,1.7345357854269774,,
6.305121,176.01773915038828,74.92309196929527,4.218018425098561,-2.277971630702695,-3.2621195502521765,-4.733690181336117,-1.6846722488220014,-0.4788334471835228,1.8920023261478836,,
6.314553999999987,143.9974507368485,73.55522774599117,-13.117547635625765,-3.5238142601753406,-6.136106643061288,-3.6447218016523193,-1.7350898015533205,-0.14343349765938693,2.531235727002017,,
6.32406499999999,114.10043445853736,72.32886698773265,-25.080419692597292,-2.924714835253028,-8.784974548964636,-0.9091872858988671,-1.7237546302664486,0.3469289654450237,3.366505447322434,,
6.333577999999989,86.08800405107618,72.0358705762955,-32.94955506172343,-0.8345404409492968,-8.619850908393094,1.9958025217360302,-1.5147996045488366,0.7918094558139839,3.969615925411918,,
6.343093999999994,60.670752117286845,73.04519994155959,-38.53504435995245,0.9769853621549947,-7.585937997246593,4.4348908702892,-1.1095468708076808,1.0618304428842045,3.9663391441162794,,
6.35277099999999,34.875234102889415,74.73210066143311,-46.0927029258619,2.9651259688173015,-5.374458237920249,5.350356533339126,-0.8219093550563147,1.2139711118911212,3.6590705381637174,,
6.362286999999995,9.046818102469231,76.23093703806103,-54.77469020728261,3.459765572807885,-3.0491920119695015,3.3985029470350065,-0.5863287966022234,1.187156660022343,3.442553491326993,,
6.371606,-11.345664701810033,78.81799167935637,-59.328750246173946,3.8204382975632294,-2.1600543320242767,1.2255257167705422,-0.042967433442362035,1.0186040478990401,3.1942194978439633,,
6.381120999999993,-23.563520351901047,82.78773448329231,-56.80201671443576,3.32394343439862,-0.7232949832616786,-0.8108226042433077,0.47169919966729185,0.754006680458336,3.000368937161128,,
6.390707999999989,-1.0848968838044124,86.9045118266299,-21.125983538162213,2.0220605774455054,0.25306698906495073,-2.7328359988475923,0.821276087880532,0.39980506917080183,2.700019706145274,,
6.400216999999998,88.65677606813648,84.88152461084391,79.49817820107234,1.4716063306196558,1.1644281659189504,-3.836334193959806,1.124383082341385,0.2826102937777628,2.243675382456425,,
6.409732999999989,97.76008544007081,78.80612341595449,98.08973459075264,0.6756125671190353,2.051448394404548,-3.2675354021548184,1.2305576205087734,0.22788099247622073,1.9312099796801165,,
6.419177999999988,90.78850312358121,73.42028463634348,100.83309999814064,0.9493786622475064,2.856057179108246,-2.4088165407356903,1.121170852981246,-0.1532019762903332,1.9043658229661797,,
6.428673999999987,78.88958929870034,69.60060102790354,100.44590429884965,1.6334517676297264,3.4062421799614047,-1.3747166578573329,0.8902668298912946,-0.6004117777434305,2.153784438647037,,
6.438195999999991,65.360565196723,67.4581026940131,99.69695234903506,2.1868573419978055,4.285946450134969,0.19709043080011132,0.5941791496477473,-0.9012951154573814,2.371462155307205,,
6.447688999999997,49.02773443859574,66.62140356567704,97.861321028564,2.012240147411639,5.951613802273169,1.9611786331115282,0.35912103483941,-1.2345926802949623,2.644622911907726,,
6.466899999999995,7.469181222467386,66.20233065204667,90.96527974503346,-1.6928620174242457,6.9060468787717815,3.553614209293332,0.12667071951658856,-1.733319509937082,3.0691600299989568,,
6.476219,-14.187051780506314,66.25039708809787,86.936257009865,-4.027055969734662,5.82264970870132,3.0565029186307,-0.03206862904687766,-1.7444012946062046,3.0403064426080886,,
6.485738999999995,-35.75523084587688,66.80621652027592,82.74564726513564,-4.9090956671825445,3.8669945391418032,1.6894769805044167,-0.2551336802865639,-1.7011243027589245,3.006957884028343,,
6.495248999999987,-56.69034394587103,68.2464250088978,77.91008676259858,-4.318892498169757,2.1654327071817496,-0.009442427226062328,-0.5414426149497326,-1.5309837002406301,2.786477731132688,,
6.504764999999992,-78.01847497670319,70.6930325929247,70.91464543179974,-3.7244676161820225,1.0171338602053033,-1.7046043536913116,-0.8588191585918842,-1.313130632905351,2.459835014751349,,
6.514346999999987,-103.28569955702723,73.58530752900879,58.78727064975134,-2.225822655934683,0.04099930294395609,-3.006428186439136,-1.1603415613993808,-1.1630080288596785,2.2162900243037646,,
6.523842999999999,-134.79956268354135,75.58075031087547,38.92934451261134,-1.2355619937297246,-0.6556029553450061,-3.8166456494207903,-1.3733683105193442,-1.0045368262520933,1.925408686748077,,
6.533370999999988,-168.90115059301715,75.45269269834186,15.626540224033185,-1.3505233280822737,-2.003568190751915,-4.321198845343513,-1.4771606021044292,-0.8041695941990145,1.7659285503275197,,
6.5428719999999885,160.46704789702864,73.70209623910496,-2.8223847757555536,-2.191425488966724,-4.195598511418185,-4.351171277690473,-1.5607696440554497,-0.5267331372099131,2.082012134739272,,
6.552318999999997,133.09181483577717,71.79443420777005,-14.804775486252687,-3.2732095480138446,-7.601662246583652,-3.019798553702114,-1.651231195775891,-0.12442139503313013,2.7978825632292286,,
6.561817999999988,105.9453310242414,70.88509484054988,-22.852046862760115,-1.483025891765144,-9.108588840348961,-0.21376364806026732,-1.693718586182477,0.39694628516486,3.6377979546270787,,
6.571337999999997,80.24466943402402,71.22479520955442,-27.947352983034424,0.3456709231395635,-8.368239874878128,2.4346510161351245,-1.4706669517827426,0.7859226516187977,4.018759675772468,,
6.581024999999997,55.398657701432676,72.74512051494034,-33.2800740710937,2.247698016752671,-7.136528541189052,4.656562377563536,-1.1598283328250814,1.0487559391554722,3.85354666584099,,
6.600043999999997,2.9188223276168315,75.6241850778964,-50.78033903620667,3.6261307746468296,-2.443604494765229,2.8699188835652096,-0.7088369046705283,1.1352094410385793,3.3351321303202868,,
6.609369999999998,-16.190868619606007,78.10176788001083,-54.588747560774756,3.829663155252566,-1.3011627089819937,1.061054917077507,-0.1308377721815084,0.9899714025280872,3.063127148771502,,
6.618877999999995,-26.84959254385701,81.74573259753501,-50.772750198586046,2.8604167671132017,-0.15487111682531843,-1.0285338457192457,0.35671688156253606,0.7416490078122104,2.927709621237984,,
6.62845999999999,-10.207559797500648,86.06264649850634,-21.455857083508914,1.7945542239068866,0.4530705848560145,-2.7842615107554884,0.7898196691044971,0.49982970509200325,2.59075103322514,,
6.647489999999991,93.62649582789997,79.23799106722934,101.97013856119757,0.5211142391540526,2.1850871764425643,-3.0779780542858983,1.200647917779662,0.3772124716323818,1.8975709234569116,,
6.656928999999991,87.73201596220028,73.82978870054558,105.69268716575321,0.6130689187026283,2.777800475476801,-2.3689796521126634,1.1203246843484205,-0.008283829497745481,1.9030777786488184,,
6.666426999999999,76.74008665798054,69.99362538002842,105.59340653021991,1.1730964468381424,3.3207202335291552,-1.291871382166381,0.9232059117933614,-0.4504035339025719,2.053325310495471,,
6.675946999999994,63.39774527865496,67.83247795651766,104.24970795045475,1.6549030919558931,4.268489943046487,0.27391778647650467,0.6639927864124616,-0.8173545698370329,2.2242364076108654,,
6.685462999999999,46.837257686805174,66.85293236162534,101.2696100496628,1.2788886043084802,5.54897276867368,1.887924004828265,0.4718203077031599,-1.2014573003053601,2.464593521916516,,
6.695149999999998,26.694297008134576,66.12391901714547,96.79488736192071,0.008822476805933394,6.199583920855597,2.974669754997575,0.39970297775566893,-1.5620023213336316,2.731034390832229,,
6.704653999999991,5.531334334749375,65.20282902826078,92.05442647068203,-1.8486636241288241,6.407069510591352,3.313477510088326,0.32307722332865685,-1.7219971666910985,2.820233947880179,,
6.714171999999991,-14.964839493783625,64.54253911172604,88.06040170214787,-4.049563525956692,5.579866305877979,3.021977471326175,0.13963360795667773,-1.7389697666858859,2.8225080732393635,,
6.723506,-34.94451951196726,64.41312333426704,84.7555296089489,-4.917529728897819,3.782686586066687,1.775945040952123,-0.07438560892347316,-1.7197606809859287,2.8445350357217833,,
6.73299999999999,-53.94220150090547,65.33999882523777,81.47547825813673,-4.422357983765067,2.242767044808108,0.21117744224372995,-0.3670985895739401,-1.5810702732813475,2.6618315729661077,,
6.742504999999994,-72.82657855998427,67.54473087693457,76.46265931515104,-3.7679219844463607,1.1004044249191722,-1.3148600856928208,-0.7091427145807007,-1.4007853154256888,2.325583710901681,,
6.7520880000000005,-93.84796449477136,70.5243012554388,67.70219675359716,-2.219863896519827,0.2526455713207577,-2.4967166141308885,-1.0136688986266407,-1.2527614433586696,2.030577745296558,,
6.76160999999999,-119.16401280615624,73.26096172056842,53.00683777291751,-1.1218944976258602,-0.2685269341867183,-3.2645401816482877,-1.2317513002170501,-1.102845157869695,1.7049390362818047,,
6.780637999999996,-178.15621785441778,74.0023472509545,12.795941020241404,-1.3229856826473607,-2.5464374149794784,-4.064709611922919,-1.4149402933750572,-0.7171339414210935,1.539726381895101,,
6.790059999999997,154.69042580569894,72.4546274047886,-2.3387090997039466,-2.506188967730741,-5.026066950553773,-3.756621626419342,-1.519325970763842,-0.44815901989453555,2.099117735769613,,
6.79957499999999,128.36184611512502,71.16635522679988,-12.705566499929311,-2.8789606814528015,-8.34690278609075,-1.9055249424625187,-1.6542541317265091,-0.03523612055534799,2.9500242338442253,,
6.809090999999995,101.5387134999831,70.79435727013616,-19.82046779394948,-0.692638332184056,-9.040273090202998,0.7656497786799047,-1.6913231940113025,0.42645119960957273,3.770077611809421,,
6.818604999999991,77.17369889882053,71.5434941385371,-23.49959121114703,1.14943406883412,-8.09740719100315,3.2078633253790745,-1.401471007683953,0.7269423533148913,4.037151483571769,,
6.8282839999999965,53.574456998729445,73.37512000411007,-27.44610707731163,3.214374464560042,-6.539889953096276,5.088463059874111,-1.122399363341054,0.9445040046431936,3.8534740025578196,,
6.837788999999987,27.41652711906184,75.06061874910698,-34.966007713440945,4.197061259094813,-3.585409405153373,4.175533923319582,-1.0367200542250101,1.023849082428893,3.6596205587037725,,
6.847309999999993,4.64277308258314,77.01468726610796,-40.366647867658195,4.288222789543036,-2.004607599612385,2.072660238581895,-0.6289224716353541,0.9790962232250463,3.4399759809839003,,
6.856636999999992,-10.839419784867939,80.05053648557337,-39.82534834360946,4.054359490685242,-0.5195823396792029,0.238842141869528,-0.0789791056083948,0.862172597380469,3.216243490510382,,
6.866133999999988,-12.206434523317526,83.46938429555658,-26.816548093012788,2.668676823307139,0.4182236627207093,-1.7626796309059918,0.3473249994665546,0.5996048499635507,3.0136195036258306,,
6.87574699999999,28.88723401085438,85.91729247225224,26.55699234252777,1.9075627300909266,1.0590153010228682,-3.1513503199511894,0.7304707016189268,0.462027462954332,2.5992160198706356,,
6.885236999999989,79.10328658267939,83.00943147227144,87.23712065740645,1.010344150694851,1.889364019015925,-3.299730734139938,0.9560840234663556,0.4742220681145343,2.2175709440178375,,
6.894763999999995,83.95393955000185,78.00363395132601,102.06653190347235,0.5256290890441903,2.5600221249888993,-2.5904042709631883,0.9934897619425463,0.23635187127929352,2.0723141803393603,,
6.904196999999996,75.78898049056676,73.7869767238258,104.7480132710365,0.729887511725236,3.1236698496451205,-1.68420565226914,0.9148297814199065,-0.19361454742050963,2.1631786680714438,,
6.913708,63.66525850326087,70.9419043373102,104.75223767204909,1.0735043123636676,3.831328717754849,-0.47990066335990456,0.7370479631705625,-0.5665346093103751,2.3148470159229313,,
6.92321299999999,48.868621326435616,69.33224781049586,103.19790969905553,0.9797014588276456,5.09549960801754,1.1407244570437092,0.5542953422615013,-0.898922135802545,2.4761518437237098,,
6.932728999999995,30.457557928528356,68.22920597069279,99.64714125307094,-0.05684367224524169,6.162135126857914,2.430037046259743,0.4784891991250841,-1.262726093974516,2.727427506670329,,
6.942409999999995,10.078418035834247,67.02370055813863,95.55383786147938,-1.7549593906289278,6.563160287624779,3.034624296088612,0.4460833404737323,-1.5039753277997976,2.8881196806271565,,
6.961239999999989,-29.090743780964612,65.31681988084334,89.12497600816235,-4.936469999458034,4.128665980839102,2.1613826905493365,0.13820926315803805,-1.5789455252278404,2.820568054821047,,
6.970762999999991,-47.40665603961455,65.58870827044572,86.23476184555524,-4.901368962688544,2.4326496668951743,0.885252048194111,-0.10900813472034226,-1.5188197490414679,2.6591431189744883,,
6.980277999999998,-65.47435073560266,67.02068245697505,82.02741260963819,-3.9189340066774703,1.1504874733149744,-0.4848622821579577,-0.42447990149842263,-1.4166678948581932,2.363113881402966,,
6.989780999999994,-84.52475448019507,69.40545632445246,74.99502754125592,-2.494196308329016,0.405363871666673,-1.7111003671806848,-0.7366104814456668,-1.2935222873890422,1.999525833385601,,
6.999365999999995,-106.30210173859797,72.05991535382188,63.2992436922907,-1.497817749809455,-0.03743425080011201,-2.6805075468014397,-0.9915192519267285,-1.1575060709916416,1.6274434543172618,,
7.008883999999995,-132.37578095594324,73.90374012543533,45.72997225217679,-0.44714700148031905,-0.3896086997538319,-3.1833354774174207,-1.1675028147247384,-1.0301705856960168,1.346600455592534,,
7.018381999999988,-159.96120033471973,74.2251829375733,25.632011485450427,-0.338567343573807,-1.1199557953779793,-3.5404457484584615,-1.2508913092148188,-0.8310209361447992,1.1607555872262474,,
7.027896999999996,174.1618551281052,73.32960582487105,7.960948077272641,-1.213634503999312,-2.623539371921092,-3.7900191344919194,-1.3196325315033293,-0.5879718819748159,1.338429517531427,,
7.037336999999994,149.8475005748336,71.92956091758661,-5.1918654564664415,-2.391970696489709,-4.8711855094113155,-3.258498994076344,-1.4351654111460024,-0.313495539216811,1.9573080356469361,,
7.046841999999998,125.16169345368928,70.97958609946764,-14.424313470977053,-2.8408861588964043,-7.963289043045617,-1.4552709053486979,-1.5725245270448356,0.07741890880518384,2.7691045679979087,,
7.056361999999993,99.21197209549284,70.8226647236484,-21.994224742989836,-0.9420249625097664,-8.876468605070135,1.1224777510889352,-1.6137732700541336,0.5124769805147842,3.5778888473529245,,
7.0656919999999985,74.74488797466545,71.63463163203107,-26.747859490348535,1.0486329142273991,-8.060203380406715,3.3759778902463022,-1.3585102902287383,0.8090450132941711,3.926881277056201,,
7.075558999999998,51.23901568656021,73.42987345888466,-31.164827284406197,3.0166980412021345,-6.602109430774366,4.928418920840697,-1.0526005488578134,1.003368761171294,3.8340812464106007,,
7.085065,26.74079888959464,75.2180954842616,-37.640861577124774,3.9927154247998304,-3.9546665894400124,3.9798554111354796,-0.8814033813139391,1.0459619096781725,3.649155395133002,,
7.09438999999999,6.4935589660816255,77.41788990485509,-41.148182033738735,4.484278784756925,-2.42340059846991,1.90095850905895,-0.45618012978511674,0.9490103433040804,3.4133305718551648,,
7.103899999999996,-5.545218560480516,80.76822965820878,-37.43901759600508,4.161970907996431,-0.7635592980090735,-0.0729194263518906,0.07563486502594173,0.810222956090721,3.2408889475774876,,
7.113411999999997,1.9801664123338374,84.31202937358252,-15.41933273948706,2.7405264592395246,0.30541748448384376,-2.00278404921073,0.49095784057042446,0.555134980609335,3.0124387863092554,,
7.123010999999991,55.54387020341427,85.0967500201936,50.40940277926029,1.939816812234967,1.081056076915843,-3.2867864852951194,0.8505913248471358,0.41333377079428046,2.5713284103367666,,
7.132511999999991,85.81872199413729,80.74713378707905,91.18363939502886,1.0443051281693185,1.9664002503876157,-3.3555608728059454,1.0452080871008962,0.40579706844245667,2.196192482880822,,
7.142028999999994,86.69316734878893,75.49217096983112,102.07363728500394,0.7369299254829007,2.762351319051236,-2.7003795537845696,1.0467308608949395,0.15472794880989058,2.0461014898581786,,
7.151451999999992,78.19645308759756,71.32333078407791,104.75865969266702,0.8676617742954459,3.3467862961015844,-1.7712179463686513,0.9252238677414159,-0.2799001431577542,2.182396432706625,,
7.160967999999997,65.92773739589205,68.68556891171998,105.10313737277414,1.2564337865906383,3.9947400263003408,-0.5246011197675569,0.7259537131778494,-0.675641755833704,2.364484903755092,,
7.170488999999989,50.771469083412896,67.35406856168859,103.59895957405638,1.2133115794910214,5.573581064236069,1.305642771112429,0.5383627495456265,-1.034170391930056,2.5137965170131613,,
7.179981999999995,31.53734997751483,66.66921994740294,100.00348862039465,-0.12196368160881078,6.653028691534504,2.7826861782680514,0.44011256256022113,-1.4424569154347242,2.8274875493592915,,
7.189690999999996,9.78900423633154,65.92910615578549,95.56442380236065,-1.9029109526317984,6.451489133903167,3.2574382967470656,0.38780258413875046,-1.709476042601534,3.016499731554676,,
7.199193999999991,-11.589950968258696,65.15784382471378,91.31292762251887,-4.142767698751109,5.759806353865678,3.2460107466418493,0.2654672105320574,-1.75541850930093,2.953635096573894,,
7.208519999999993,-32.4745145387936,64.66831071868597,87.60351863108023,-5.4827372769286065,3.887106099341774,2.1778135129800704,0.08773822212669823,-1.7705180824179396,2.9469056941480196,,
7.218019999999996,-52.408918404997266,64.90681872619126,84.19316326786817,-4.922628801813702,2.136159619981378,0.5469306396756617,-0.16101281280246293,-1.690657777633317,2.8265703183313775,,
7.227546999999987,-71.34659007662228,66.3454902155074,79.8595230407507,-4.325221650133501,0.9932610031679969,-0.9837614522484799,-0.491704244165187,-1.509691665305885,2.4734005229987943,,
7.237036999999987,-91.38759476175643,68.74554745265243,73.043463438507,-2.8113655117408656,0.08109841306752893,-2.339812000016239,-0.8111469819091711,-1.379272283334981,2.2015931085901492,,
7.246635999999995,-114.28415362792026,71.36755859361051,61.82294732912075,-1.2765845589492149,-0.24577253409349,-3.1015849600973997,-1.0647452337946974,-1.2458007109238427,1.896541104131009,,
7.256136999999995,-140.6164423594858,73.16507838567559,45.502873120100865,-0.8862433007417956,-0.9780853564014533,-3.648669279699982,-1.218553603709765,-1.0836082956785644,1.5775613730480291,,
7.265650999999991,-168.65525208789705,73.55605977346477,27.472289633380356,-0.9187737746088789,-2.2183159188467254,-3.889186908422187,-1.3176505532329341,-0.8953914714039193,1.5871454972115353,,
7.275161999999995,164.03126563980837,72.85850613652154,11.790000921732657,-1.629554651389509,-4.321466727659752,-3.7520940482269,-1.424687705193693,-0.6629883457863495,1.9578184390512505,,
7.284604999999999,137.46990875137513,71.9592859030763,-0.0590202822104603,-2.1287593110685097,-7.729083127086734,-2.3747996263114106,-1.5685073445707043,-0.34197200836217545,2.645446633288526,,
7.294128000000001,110.08677104159896,71.61866581561782,-9.128427883512192,-0.5251392183810042,-8.977482034481403,0.10894280048568945,-1.7034406581530794,0.0757014018518682,3.4726295929558773,,
7.303626999999992,84.57198796061195,72.0043158987088,-15.220023916423159,1.203554420119418,-8.226381486700497,2.583572283543039,-1.5345354483847837,0.42078885778600206,3.8075258418603966,,
7.322828999999999,38.31938435299061,75.09405213567196,-25.417162259797017,3.6152553148166096,-3.8752471700913462,4.333551326784738,-1.0377349515580705,0.8015240472431381,3.499315516819116,,
7.332332999999991,18.242966282165384,76.86719068452388,-29.444037909310072,3.799028171524653,-2.28123185808226,2.5559076321046197,-0.696759808466243,0.7643040057299303,3.227539582316278,,
7.341654999999989,6.914029411848306,79.67677318565705,-25.925105492211344,3.907854638618108,-0.8540637158033506,0.8010331496700129,-0.14512792322384718,0.7148066408555346,3.0227998889944834,,
7.35116699999999,11.298689244127324,82.73886804899621,-7.425467541205051,2.5048666494157086,0.20824284312392843,-1.1185505895871837,0.30392299888621227,0.5538784681766208,2.9170423107512446,,
7.360752999999988,45.379290261944526,83.71068232373399,38.66535462274614,1.5877055529279753,0.7730844170062143,-2.5870663952455155,0.7046158162655286,0.38984117034226184,2.5138341424834296,,
7.370270999999988,76.57515000167326,80.52758220516452,79.94043520134541,1.2644656776740637,1.7311712543390225,-3.1281495987602477,0.961938769050104,0.402189055714352,2.118580755454639,,
7.379773,84.28377472128167,75.49469103510827,97.29111108149387,0.30857373125876814,2.1853452382275753,-2.657296609062495,1.0181753379380902,0.2923116101029157,1.996996238400855,,
7.38920499999999,80.14967347319073,70.86600660199475,103.18807947669688,0.6888883745604593,2.9588510572847913,-2.028373970908552,0.9569022426944359,-0.0718834347846272,1.9845625366408546,,
7.398732999999993,70.88189806982854,67.62798956772914,105.47022548245084,1.1952336593338055,3.902769596445274,-0.9447297169784515,0.7907807259806308,-0.4773020036903622,2.192287504971534,,
7.408231999999998,58.40093583653325,66.02382314839004,106.27712914813445,1.239707757798623,4.8829864328999655,0.6048860786982242,0.5772008317756735,-0.8587312394944243,2.459192421814098,,
7.417736999999988,41.91439468838158,65.61910354167507,104.81438960210902,0.3818266526121801,6.448821377443691,2.249163386142224,0.43978916149899944,-1.2804644439255481,2.71957754551989,,
7.4274329999999935,21.114880495411064,65.72277178231062,101.27164063335044,-1.5476693847388656,6.857515062011967,3.2234480867285016,0.37127507168083684,-1.6724733925136746,3.0243167200123606,,
7.436942999999999,-1.8228335495541403,65.76022483688374,96.26698315209424,-3.6672712317211946,6.010065947645203,3.3021137564675604,0.28639299157899767,-1.8605609072684988,3.105717773418852,,
7.446269999999998,-24.955059681931196,65.5607411674627,90.87370543015544,-5.562733647615874,4.409763965574403,2.644341158729849,0.16558644143265877,-1.8971582083171081,3.0487056546461306,,
7.465287999999987,-68.57687960274814,65.77609120153981,80.98329862804603,-4.674570765560819,1.0101393677926707,-0.6039896245913909,-0.27616502148327904,-1.7281035663947557,2.7717951978692645,,
7.474792999999991,-89.24257906813446,67.20266842099858,74.83827518774629,-3.6203712683964304,0.117221006919823,-2.1038606876024675,-0.6124334585159998,-1.5535578512208668,2.4433104448115976,,
7.493895999999992,-136.90853530031976,70.99526027130324,52.14860326710677,-0.9358343404049776,-0.8356969948909777,-3.7893657108137386,-1.1695176181871263,-1.2950840105157697,1.9092852939037772,,
7.503412999999995,-164.0696194399322,71.66434880498625,35.926696768907824,-1.0669883252839132,-2.3926081300804345,-4.333314282704548,-1.3237886940342922,-1.1145913442810982,1.7486712383756056,,
7.512927999999988,167.94652975163055,71.24799675133667,20.643085896480454,-1.4863259840802752,-5.136673365577861,-4.421973157583294,-1.5113465048173353,-0.917210222653846,2.121075897453351,,
7.5223510000000005,139.53875198959665,70.42901602875644,8.449790230398463,-1.1775051165386312,-8.197538835978536,-2.859934900186528,-1.7512828039373318,-0.6251651637873207,2.8682627464006623,,
7.531850999999989,110.87803638435433,69.97513588165631,-0.9273717742673782,0.9097712727789242,-9.0597344943577,-0.128768641272596,-1.9224173862749534,-0.2120534023092796,3.563752750876657,,
7.541370000000001,84.46770024894823,70.14594399109215,-6.788958197782705,2.5452280413969373,-7.948787502919927,2.665381666884451,-1.7901283837264852,0.1650203457544085,3.9361907148852944,,
7.551062999999999,60.52690197845611,71.3410141854291,-11.27354951455037,3.7722410716690913,-6.245595217289512,4.709082299147659,-1.5178423027132748,0.4907246665096417,3.7855677770440517,,
7.560570999999996,36.4396178487642,72.7443119693121,-17.631199336803,4.0250760261607175,-3.0569168988829607,4.730997033137513,-1.3628239492584007,0.6459279517427803,3.4557651521625834,,
7.570078999999993,15.65469555731733,74.30072925155771,-22.11531156963825,3.940913832759794,-1.3822845049315833,2.9035296678536735,-1.0004612542163782,0.6949213889072385,3.1959672477561747,,
7.579411999999991,2.330484695701752,77.04223881437187,-20.340103243780568,3.540363900629401,-0.13730537375720597,1.0370273231611802,-0.41534199237300456,0.7522705041982922,3.030707531421865,,
7.588915,1.14276700975404,80.28270076621475,-7.469607919220493,2.4355169543820665,0.5271752141589671,-1.0083159791952405,0.1111496423662875,0.6453387641212376,2.8890462729157904,,
7.598510999999988,23.81386909248339,82.45703023977893,27.187690331330515,1.523271191035146,1.0230876327583838,-2.682349543074711,0.5888677692348909,0.5372475533197998,2.510745977638335,,
7.60802799999999,59.95013470553771,80.91264389033545,73.00980117581973,0.9353650748887707,1.8513683142066415,-3.3466379779423647,0.8856582589792891,0.5894252047495073,2.1133307148366667,,
7.617536999999999,74.72668903419446,76.27958826377817,96.69828319138915,-0.05489250036352474,2.193347186065528,-2.8081262903968645,0.9748666644594534,0.49172301272739943,1.924686306337859,,
7.626968999999988,72.9784648688186,71.54025894626213,104.16884015048623,-0.03437099473804048,2.629006202333265,-2.0515401196878975,0.9539431283241097,0.07343041559659315,1.8946780403579035,,
7.6459859999999935,52.691587549270494,66.65722045649169,106.1494584363816,0.5977476340994096,4.111419049762416,0.7974012505371079,0.552827823025089,-0.7915924824131854,2.197721223590518,,
7.655691999999988,36.71228670871689,66.17767959572846,103.65275700611394,-0.05351289696564719,4.940144887790059,2.0691501940228667,0.42324171589032716,-1.210651077297965,2.3932417238863275,,
7.665181999999987,17.32855503003832,65.76965392955766,99.18902053227593,-1.3333459658409268,5.637194884002842,2.8644316501974063,0.3965585108357026,-1.5288613429316522,2.5792711522426965,,
7.674691999999993,-3.1295304353763367,65.08467820606218,94.45525360255704,-3.0708610521871336,5.410587930575445,2.8810729892757347,0.3426330377737971,-1.670671778119382,2.6959881194857283,,
7.684017999999995,-22.945826627845427,64.37828375870222,90.64920153098032,-4.60178427827334,4.409039225944809,2.2295053299786134,0.2212074490800067,-1.6823479819597384,2.7438923738902434,,
7.693538999999987,-41.578064429080385,64.15786788674883,87.88981324951824,-5.182365828374403,2.9515823783626245,1.0099603656462453,0.029527961761627808,-1.618236859147349,2.717589907847542,,
7.703043999999991,-59.509137583119255,65.00714218408672,85.03303001242155,-4.73902250618909,1.5059840236263606,-0.3560944424300729,-0.2566773549451271,-1.5269689252007033,2.5715982275826814,,
7.712565999999995,-77.56899518695852,66.95065786088087,80.54226015473898,-3.494524813880087,0.4729735122952426,-1.4477090703290152,-0.5607517416131534,-1.4117870505188135,2.3008350469449295,,
7.722065000000001,-96.95268177374344,69.50846039506443,72.98142431032365,-2.378522277141971,-0.19087998955684427,-2.271222197168899,-0.8150470542906753,-1.284943312140264,1.972435246116181,,
7.731674999999996,-119.54530785879099,71.82412088799079,60.770678282940665,-1.0921338109018748,-0.44396339506496174,-2.7488314171580313,-0.9979505756935363,-1.1957435321708603,1.6985744109330077,,
7.741178999999988,-145.04834934099017,72.96735027142141,44.239142993439884,-0.585333211989918,-0.9011741075642014,-2.9639197010258846,-1.1047404180321,-1.0841959089718889,1.4433050757674952,,
7.750686999999999,-170.5275062173131,72.71689454237756,27.44225431623566,-0.5993550510539305,-1.8193895078556401,-3.1874596216749387,-1.1771151133614888,-0.9180613405385557,1.4195976843426898,,
7.760182999999998,165.72731478682732,71.56793443375872,13.758265048258421,-1.2721670459542092,-3.574206744403159,-3.323578493536487,-1.273366772404837,-0.7245883874987061,1.7180671701945345,,
7.769620999999987,142.88156544762955,70.2380112430855,3.8945356827157767,-1.9449311877904107,-6.695231245045161,-2.5933826281955916,-1.4301464105894708,-0.48905865393012365,2.3225318472384466,,
7.779126999999988,118.98430564224091,69.5082634648394,-3.2260269843647533,-0.8828760529082945,-8.739625127442185,-0.6193493639814999,-1.639148296345124,-0.15035086498225034,3.110185890005099,,
7.788618,95.11233569410997,69.58211015269934,-8.5062804040008,1.1333492614710863,-8.568760483965104,1.6853730730724465,-1.654100682592688,0.1996558311045627,3.629428336027388,,
7.798147999999998,73.16037124819827,70.70632678781207,-11.622264711152733,2.922764308633972,-7.3842526381094284,3.621675264810644,-1.4239389400870635,0.4963587034430846,3.779687634293177,,
7.807660999999996,51.156800264366815,72.59597577675024,-15.565602879421553,3.946982205674305,-4.906499311937831,4.425911093898946,-1.25065498609205,0.7031873051347465,3.6551420530346497,,
7.817352,29.65927637346143,74.43280584524142,-20.430309184047676,4.152547925544515,-2.5779565929787043,3.1631215363103227,-1.0404458148215123,0.7326165046298149,3.3773926685056206,,
7.826866999999993,13.42627509532095,76.80462483631634,-21.200342329785315,4.1332592264099715,-0.9661496464268915,1.4989902977596141,-0.5819219218186129,0.7333802804751087,3.160013510270438,,
7.836183999999989,5.511076850091884,79.67213943339364,-14.422787335387072,3.0448312884434245,0.18001556530036752,-0.2521997120682603,-0.12985174642936098,0.6492650845452147,3.0385619685059004,,
7.845704999999995,13.718524870491931,82.15785926478182,6.854886633651969,2.0160158471632417,0.6760692034281165,-1.8702507109356232,0.28990240995417643,0.481221189076919,2.7408313445058483,,
7.855281999999988,43.6602372673971,82.77111546458248,47.89889451227334,1.5696606093921865,1.4225254170713073,-2.738320116502851,0.6299039989503566,0.4576239275687335,2.3578223898720694,,
7.864808999999994,68.05777508128973,80.04353663917367,82.3968269222789,0.512762128804451,1.8486666411999049,-2.7130904292277056,0.7918576339986877,0.42339220883702794,2.144220202394897,,
7.874231999999992,72.52245770136567,75.91513012795983,96.61987983629001,0.4535901699481701,2.523271305082828,-2.1450987780285447,0.8319178483022429,0.1754394792764959,2.0227946156859358,,
7.8837410000000006,67.07153982753593,72.29367223823438,101.98960921648421,0.7570366682923366,3.4287394092010945,-1.3242844224776185,0.7655245339322546,-0.17939386359414258,2.154405286298212,,
7.893263999999988,57.142525818780804,69.89078032279225,104.51728667528846,0.8301635018382361,4.205420777592438,-0.14287892678282604,0.615848955167511,-0.5177548408247992,2.393691052229115,,
7.902764999999988,43.605799043699115,68.6224854034725,104.82221241198933,0.41557296197431787,5.679224383845316,1.3277055213997637,0.48805191865885683,-0.8649239136372263,2.5963496590661492,,
7.912269999999992,26.07447334241094,68.04536813883841,102.87027657218077,-1.0947998753141759,6.591400437210241,2.3910976480188655,0.4213366892615186,-1.230128516578819,2.8728841215165484,,
7.931290999999987,-15.597707748556509,67.53365853086011,95.4034080735611,-4.976576356906329,4.989495087065584,2.67197260058721,0.2637573436423552,-1.6022644955091954,3.0311714762415645,,
7.940815999999998,-37.41841828362702,67.37461213971581,90.53496956948486,-5.831971908167616,2.9117381713856383,1.700762619384569,0.1239031562310274,-1.6671045688331676,2.9796199038802738,,
7.950307999999993,-58.97945700092049,67.50094462539923,85.12292175397114,-5.03172568698336,1.1820472741336208,0.31063685618459436,-0.08084272693653705,-1.65036009506336,2.810061291855169,,
7.95982699999999,-80.0103450560667,68.22273211470993,78.43706381401694,-4.105792077576571,0.18016775310243582,-1.0781872292868002,-0.36065370846069555,-1.5468366879543756,2.4610530659962415,,
7.969330999999997,-101.86322975381366,69.4459102730541,69.54389646564731,-2.735757954409805,-0.4326137599350747,-2.3588704061773513,-0.6596307789488968,-1.448476564775701,2.1986763778994467,,
7.978915000000001,-125.89114625860117,70.69526689390209,57.41468300832805,-1.2769494346223675,-0.5092222658106534,-3.2047300126012934,-0.9391711953738286,-1.3545160624736152,1.9510898807493242,,
7.988429999999994,-151.91042477639778,71.12471397644732,41.89996852800287,-0.7735747428589471,-1.2356704189576724,-3.803568782673298,-1.149803535847357,-1.2415485732287301,1.66099840093382,,
7.997952999999995,-178.170378214649,70.44810883353925,26.387969623955634,-0.82265794451545,-2.952899394235033,-4.205926979733047,-1.3383152144706267,-1.082130814407481,1.699784296553308,,
8.007370999999992,155.8881242238454,69.14106376455426,13.653088950147188,-1.1368161093409923,-5.547898278425231,-3.893842776031558,-1.58026153282976,-0.8605599007794026,2.1802847334290933,,
8.016888999999992,130.07760752906893,67.91325765312249,4.491839076056514,-0.7159872819028661,-8.269303409180948,-2.1390315395435118,-1.8167190414408556,-0.5444477848550924,2.8529639811809773,,
8.026399999999995,105.37349460313021,67.2423049649437,-1.184057918305485,1.3132831775037521,-8.861904701383112,0.5696900988603965,-1.875865370834563,-0.1853718493535986,3.449400316796286,,
8.035913999999991,83.14210789287742,67.8052931256069,-3.824071591238845,2.5881234566077422,-7.69926755749446,3.2818483085494505,-1.6920269259882081,0.19835759301739816,3.7597360876492787,,
8.045597999999998,61.58120341676478,69.72289277426187,-7.200039757050382,3.531802107822188,-5.463190052858543,4.967337634787595,-1.5133838349959159,0.5417343363282029,3.5617454884312787,,
8.05509699999999,39.04102733743119,71.96956076775248,-13.179379605444703,3.9205592306481942,-2.7090663538220294,4.218052253924316,-1.3695682307723227,0.7095818388990441,3.263648751376681,,
8.064616999999998,19.12053464594892,74.52211380727681,-17.61224409270749,3.770330679425644,-1.0932563796392922,2.4466989792327873,-0.9673402644395132,0.7992610117658346,3.0876729808351695,,
8.073938999999996,5.068421891496338,77.47650436955975,-16.999227985671958,3.3967591607638328,-0.08602739797691687,0.6042775151494318,-0.4715088495715373,0.7688734286441953,2.968034440010052,,
8.083461,2.1110019593536484,80.43322142142632,-6.450186845885601,2.2986537024912037,0.4887611887329314,-1.415273928295771,0.009915229815151015,0.606795447502035,2.7854681433437594,,
8.093035,20.532552075316204,82.73281481305865,23.405684991171476,1.7490448930601312,1.1136095033031341,-2.7691035352704967,0.460512390977349,0.5302408315691587,2.404721259846191,,
8.102560999999994,54.88798358155933,81.97737681204538,67.6930059756263,0.700167868837191,1.6556120955310214,-3.171510461937441,0.7313836957123525,0.5331310187697892,2.1122005675821502,,
8.112077999999997,69.83344633119741,78.14803187610939,91.60629525725902,-0.16659659335298505,1.7960619706390812,-2.672779930701678,0.845300050581624,0.36392972788375455,1.8864374727037891,,
8.121499999999997,68.56150390961069,73.96712523746987,99.32085541845328,0.30413241117744727,2.773018918973135,-1.7915816489929979,0.8422945270049832,0.017077834385425927,1.814735166276732,,
8.131006999999997,60.39560632952314,70.74169383299659,101.72345769469999,0.3946060075049266,2.955891101604445,-0.7096756322029748,0.7259002408209754,-0.3698680912975382,2.0393534303809537,,
8.140516999999988,48.95875322011006,68.64622390795351,101.85589629440783,0.5516713262170917,3.601583842404625,0.5536488105854754,0.572317902423998,-0.6925862483924159,2.174695585016133,,
8.150030999999998,34.7281059623596,67.32996319114423,100.3446670006131,0.018552748148910475,5.241567813445781,1.893430872342525,0.4630128678591275,-0.997105714968708,2.3400509010921375,,
8.159710999999987,17.539477177275167,66.46622734548397,98.0781772010267,-1.462251283394257,5.917076102867221,2.578053735183172,0.38774712525874905,-1.3038260819912337,2.673119333238844,,
8.169052999999991,-1.0999756310509912,65.8750926515292,95.63942681734449,-3.1814971308301776,5.657637815940625,2.5946468862264562,0.3001961733897607,-1.4809375428325091,2.8679969154057563,,
8.178560999999988,-20.127581345222854,65.71456707132144,93.14608306157926,-4.987002837172387,4.730746706122127,2.124936081172848,0.15589544554579512,-1.5530987597328265,2.908614432958248,,
8.188074999999998,-39.6533055132254,66.15907690617819,90.06330640336351,-5.695712106041115,2.881199933606753,1.0947981733892898,-0.038105377096473485,-1.5940566574462096,2.8759248865729616,,
8.197570999999996,-59.518138063516446,67.1127302684417,85.73841842617568,-4.928433364675914,1.1315976149402356,-0.12113373495931753,-0.24031395726226437,-1.5673396377537534,2.6961246671840535,,
8.216594999999998,-101.33324464445978,69.90015255274811,69.82644132585416,-2.5194978820665423,-0.5237465276800265,-2.2239818449932613,-0.6750105999651353,-1.4027083399068938,2.038041396385439,,
8.226186999999996,-124.87404205877485,70.99718825965398,57.35215461751302,-1.116561724646024,-0.5973266767736269,-2.8608068801749993,-0.8835927773685912,-1.312867348333865,1.8189216763637348,,
8.235689999999991,-149.59726798092103,71.29483007243617,42.57869949576599,-0.625753701021012,-1.0538879983523837,-3.3922488783824556,-1.059182374773182,-1.1843233439432128,1.5911288631916913,,
8.245222999999996,-174.3716778858019,70.65465172523851,27.882829013914368,-0.8190389288615377,-2.5671910768523825,-3.8925638314524207,-1.2325632214376425,-1.0353823776696238,1.6172423954540232,,
8.254640999999992,160.59445880791708,69.49532367908742,15.341922579723564,-1.178958047871259,-5.038545296282841,-3.737534944503009,-1.4900097745646992,-0.8424553855016985,2.110197290845231,,
8.264162999999996,134.74871105296978,68.39241605215116,5.4033846503978,-1.0366217459034306,-8.173854110992291,-2.3145223903741026,-1.7788725930848097,-0.5473012759692497,2.8214089930844626,,
8.27365499999999,109.0125320942935,67.61564642632129,-1.074011649881267,1.2826075951045401,-9.120212795201413,0.3771128320413872,-1.9161331952213374,-0.2200029870790553,3.5449784039384653,,
8.283164,86.2689361498088,67.80637732846043,-2.995622992773149,2.7788154388403177,-7.871280532869787,3.0783508617158746,-1.722746998963203,0.10951000180142222,3.9697028937933454,,
8.292857999999995,65.54536893991526,69.47798359379294,-4.056069511435087,3.9981697136418504,-5.9731001237394254,5.06455171803106,-1.4848152219681243,0.4345946065369641,3.8206529823181423,,
8.302369999999996,43.957640251753716,71.74928751794623,-7.429263440919992,4.607863898388802,-2.887142141676284,4.5105405145742505,-1.3774125957570786,0.5988985291241259,3.542336092036332,,
8.311879999999988,24.999123048942515,74.48737913863641,-9.24959843106434,4.121979003801915,-0.952841401078041,2.4080535961807366,-1.0083736178013611,0.7028812755941012,3.3790380678244887,,
8.321219999999997,13.116808638642352,77.68447598853042,-5.408387828731085,3.8244176667733356,0.26473126862032853,0.6273041389593051,-0.4848697166833475,0.7105462979565398,3.173314651699285,,
8.330716999999993,12.833442934807543,80.42942738256725,8.92322338341988,2.7189473740369294,1.0692392770519707,-1.4093650064767724,-0.02878057561955099,0.5528681485163686,3.0017157751981043,,
8.340306999999996,31.33598547289718,81.919570642282,40.25634988128789,1.6814493212924886,1.4968225028707471,-2.879209425033951,0.38797650061895084,0.5021821159628577,2.6790666461833013,,
8.349810999999988,57.83605503802662,80.4877869961753,77.4666051370387,0.7311069496235353,2.0659856485021892,-3.1742367110234233,0.6563996198121845,0.534725118762854,2.315168848341944,,
8.359261999999987,67.6653634443784,76.70472157130274,97.32054165449361,0.20077920569214305,2.8538978792503698,-2.5368864173464596,0.7769183293342397,0.34823237100009435,2.1374691101049943,,
8.368764999999996,63.756732254071814,72.85215989136739,104.5467441006043,0.009962150033135431,3.279765219488189,-1.7115594262615415,0.7988605062558155,-0.058502994440553575,2.2709751398568034,,
8.37827999999999,53.75131959910146,70.00438926649507,106.88923384422887,0.17770585264219288,3.8123455991592294,-0.4917827904367121,0.7209186851198663,-0.46187189671019474,2.4099596522641,,
8.387789999999995,40.2612687371076,68.28504464736098,106.69356557194826,-0.24666591434207974,5.125778143990952,1.1855976976306355,0.606296089887431,-0.8216583946106827,2.485653208345054,,
8.397290999999996,22.723368249751935,67.26119351186516,104.29715217481052,-1.7234478186349358,5.89506748474743,2.4517486636125523,0.552410806557411,-1.2238554122816745,2.739022892716202,,
8.406984999999992,2.5274402620036502,66.30593596629595,100.4864075038125,-3.121467924802307,5.283496300039285,2.764647383207223,0.529809513113559,-1.5126968038461375,2.9021718800604286,,
8.416312999999988,-17.544333735008365,65.3105336911506,96.5049229381799,-4.920722323195082,4.479578924815602,2.67506087947895,0.44228539339659523,-1.595876406091307,2.8067309289978826,,
8.425822999999994,-37.34049844318852,64.59689411444717,92.66786760807038,-5.7745046955369075,2.6948945741040844,1.7189418392482925,0.27967764274650825,-1.657945849221522,2.7571463321819247,,
8.435327999999998,-56.616681272983506,64.48027412582657,88.83502447028036,-5.073947574118744,1.2131311521417056,0.368060001625703,0.05119341769697585,-1.6559329278256425,2.629346249292942,,
8.454349999999991,-94.47647891391077,66.9884455407856,76.98791465505013,-2.8345751445467573,-0.255826412809588,-2.1381747649501546,-0.5750651424229747,-1.481820131360442,1.9970934845150405,,
8.463940999999991,-115.83890552788581,68.94763251703783,66.506692884356,-1.1183903955147403,-0.269471374822468,-2.84449419348967,-0.8594387611367584,-1.4005965193366194,1.7336737266244633,,
8.473457999999994,-139.5159548810185,70.37280070391897,51.99256256388479,-0.5014973707865679,-0.7350825927219845,-3.3348509283597143,-1.0702300133640115,-1.269737893925784,1.4040557121230577,,
8.501914999999997,143.95887120287185,68.56498374917064,8.452677019747728,-1.1306401466646863,-6.568251917904274,-2.8450487308116092,-1.6844443565182465,-0.7076093121435384,2.3628894270180485,,
8.511415,118.40597604092629,67.37097605547997,0.29419191964570224,0.0772489526057118,-9.054723391044963,-0.5889662460734316,-1.8866725092090333,-0.37956723075661175,3.1111585950807585,,
8.520921999999999,94.63558608812666,66.89208046749036,-3.1780180250624976,1.9609985487492942,-8.423305581720928,2.250220683142495,-1.8479352726346348,-0.04278922914054164,3.7558738788144437,,
8.530442999999991,74.56277701575127,67.93599260622052,-3.987018034385802,3.3125102359113483,-6.984640642153152,4.412372226633336,-1.5246286075420035,0.32010224110745544,3.8024385143459503,,
8.54945699999999,37.36866350521886,73.0562679015651,-6.300403506346007,4.063854710978312,-1.8504244894193975,3.054740153323899,-1.0767408915867747,0.6758512312916014,3.448041067583482,,
8.55896899999999,25.73659313677445,76.34101908981756,-2.260967426105439,4.157622197640256,-0.5932232736546077,1.051148218257781,-0.5606698392930587,0.7065370894289611,3.229822669324699,,
8.568466999999998,24.518931792702944,79.24789003078534,11.206558098181585,3.472818050165574,0.7016390997223636,-0.8347763422283689,-0.09612130502162983,0.5803594647369313,3.0771619793363656,,
8.578060999999991,36.967650554561295,80.39587996907753,37.04448887394843,2.0238801094697574,1.250340246854255,-2.5986601214560126,0.30588976291801856,0.38673456234327636,2.83580310124254,,
8.587581999999998,56.56411715220724,79.12704352252615,68.04500994890977,1.3202167910526779,1.9158662634994021,-3.2675387411830292,0.6212848327434636,0.3923301606811479,2.4319703910648616,,
8.597090999999992,67.08396820072986,75.79318416196676,89.02143437428464,0.3937477447393408,2.455253751057352,-2.6122955028366315,0.7457782080763086,0.31048621027939644,2.2124647074902564,,
8.606517999999994,64.92030363711024,71.98245855017524,97.79118339025193,0.23263816331273351,2.9389702983501462,-1.8493913066268879,0.7712102329830589,-0.07713694736117321,2.2155459209736597,,
8.616028,56.48845148884575,69.04192118333992,101.3859392992333,0.5314345598129784,3.7910986838521716,-0.6721754901015973,0.6745262418816529,-0.45853354242037375,2.323623264064307,,
8.625547999999995,44.62576071709703,67.43699165913796,102.999877526617,0.19823369522037088,4.5550091499012915,0.8536909058880726,0.5003549925655213,-0.7931873640737587,2.507206246047308,,
8.635038999999992,28.98741469347448,66.6405407251477,102.2760088630188,-0.8153215218973541,5.679059337935348,2.222777341318008,0.42422185488278824,-1.1562615548729263,2.6947365650772928,,
8.644554999999997,10.092795666357574,66.10619644362414,99.82056654237626,-2.6241030721881953,6.133883004381388,2.8289321134324323,0.3983136950928283,-1.4653420192669877,2.9139404465891934,,
8.654063999999991,-10.156775342641282,65.75491125145058,96.76616612572701,-4.333368261288424,5.163320563743339,2.6171204674840136,0.3125935960035543,-1.6231339308348465,3.013940409375093,,
8.663579999999996,-30.243460478231707,65.59363339053736,93.6003029663245,-5.7928638901502625,3.708572148021904,1.8992517949927255,0.18732143259162615,-1.6441605247597122,2.9478135319216427,,
8.673079999999999,-50.16598598410797,65.81522443143562,90.16304560023066,-6.04750262760786,1.8445742940199705,0.5404903706686118,0.016274457303367254,-1.6392891824079916,2.859244051963407,,
8.68259599999999,-70.38547172548793,66.67355385450573,85.40596802013147,-4.606894396735704,0.460083040251504,-0.8483241478567368,-0.22595603749504775,-1.620509868987429,2.657541672345867,,
8.692102999999989,-90.92792697431692,68.06565231914557,78.32149698065813,-3.3117007932237694,-0.3062624596167247,-1.8919813033933768,-0.489065950525294,-1.5249430539397315,2.275705138588868,,
8.701699999999988,-112.86197613438082,69.56443459673885,68.4519158179426,-1.9483904411149027,-0.7281530152068548,-2.717715456190202,-0.727659240947008,-1.433000156426556,1.9998465391226692,,
8.711203999999995,-136.87933735537555,70.58925127586409,55.4288022483519,-0.7347421711069352,-0.8577828553386384,-3.154110144159836,-0.9354783835569189,-1.3476020360778818,1.7742245887147041,,
8.720724999999987,-162.052394089474,70.6295084778422,40.69273291293005,-0.6025588819529384,-1.9315146737132254,-3.631549918124457,-1.1067817117031091,-1.2380805250353408,1.6368467107276954,,
8.730229999999992,172.2782213569286,69.72689554434079,27.00941720606988,-0.9515785150606573,-4.45300871442799,-3.967455830432711,-1.3301213743967912,-1.1198640088385663,1.9352111593230263,,
8.739661999999996,145.74894963771428,68.3835677762939,16.103321634439045,-0.6288561627081386,-7.377597651816932,-3.1924107491158793,-1.6524385788787088,-0.947026885160119,2.6520803185791135,,
8.74917099999999,119.37291585111745,67.0910717499602,8.693179303408298,1.3275095939623878,-9.067233808293,-0.8093970050898219,-1.8886471791838777,-0.6803933980840906,3.3437507188050923,,
8.758672999999987,96.28038644600687,66.39814637338993,6.276138391419199,3.1988117126060387,-8.100845105789194,1.9789887113522533,-1.7913653993133685,-0.36607546885449704,3.855934827393449,,
8.768370999999988,77.64235917709813,67.39003966662253,7.61599449873939,4.312550964706122,-6.289277371165341,4.430629840276461,-1.4791001180697894,0.029785740193045335,3.874638614966066,,
8.777877999999987,59.29831625177376,69.80762649327252,7.69867106454731,4.304734447539617,-2.9341714601520503,4.947553651918938,-1.390938136259965,0.30885103661100105,3.6201698243489013,,
8.78738899999999,42.003744921265564,72.82414532099236,7.409283324123148,4.193493165403623,-1.0173090841759493,3.01279971274247,-1.1761488836688598,0.4579745403759416,3.39223365269574,,
8.796713999999994,30.94049953897814,76.36142692114825,12.205038711654186,3.980637542737076,0.3392189868603914,1.2176644109969696,-0.6992896795859755,0.6023122119409448,3.237644232315557,,
8.806234999999987,28.650208541311954,79.10956980462129,25.14431542884933,3.146824628870973,1.310871776519624,-0.7283309543619416,-0.2696512591619221,0.4939561895046076,3.1562653900958852,,
8.815827999999996,38.375648931101274,80.02327426403143,48.73669869028876,1.9136929823975206,1.698155182586221,-2.6173305445744615,0.17006060432295858,0.35579861247015043,2.901502854119506,,
8.825330999999991,54.95816770706206,78.80523374376416,77.43665079021365,1.3006053500760693,2.610485407186128,-3.3174898820613254,0.491615218000178,0.42744339116959584,2.5585972451776953,,
8.83476499999999,63.99093031177854,75.714011033131,98.11076006932709,0.1342635684559535,3.0417721538872513,-2.6601206483313944,0.636010802539034,0.3702365486441773,2.4408233683659497,,
8.844259999999991,60.46456420949635,72.0989314573402,107.05701698078924,-0.1444054062763068,3.731602245537643,-1.7990451067087327,0.751746340483577,-0.03550079233534128,2.511763474745998,,
8.853793999999994,50.0529682248874,69.38012096049228,110.4566243806862,-0.27063034509110695,4.646606833443729,-0.5259340976984773,0.736611377407828,-0.47750044259625446,2.6562529957275496,,
8.86329099999999,35.942877912941746,68.1023552470227,111.29893573513246,-1.1781119508377982,5.51274076719161,1.3417922229307748,0.6043939532972303,-0.8661616112327313,2.777260170084995,,
8.87280899999999,17.198055055653608,67.56305849761581,108.908227177706,-2.9052092474477145,5.721918463796969,2.692412725116266,0.5895664895468865,-1.2906266585600827,2.9501653677850963,,
8.882492999999997,-4.610062339178141,66.8174688079788,104.14013017205163,-4.405792277212167,4.731553015916526,2.976786530780976,0.6260036238774411,-1.5757950052428853,3.009576191044157,,
8.891830999999996,-26.349150595212265,65.78952135651328,98.9645029843526,-5.736461069605532,3.1981854324866426,2.5542061462911483,0.553939378567803,-1.6674518992842737,2.875949205418596,,
8.901332999999994,-47.04914844345719,64.86098008292733,94.24206836426109,-5.889728142080383,1.5369026711140181,1.3501396779480013,0.38598930740867815,-1.6930359415196508,2.754223663885341,,
8.910841999999988,-66.51740107368444,64.69383005615913,89.80437895504794,-5.031313600717211,0.5078441525808866,-0.14496345147646902,0.09737033353247197,-1.655407663901881,2.5579565153041273,,
8.92035,-85.55533672473277,65.75134610993331,84.14763821648862,-3.7450457731325377,-0.03513800372491297,-1.624924373934377,-0.2858385736771853,-1.58178227662703,2.2189698682284114,,
8.92994499999999,-106.08695256966723,67.69281582917603,75.27294281408838,-2.0780773618787114,-0.32778425458490523,-2.7418759318938815,-0.6580395148539603,-1.527564095800481,1.8694321218063252,,
8.93946299999999,-129.6254398539263,69.51686227988496,61.79622575969751,-0.4453343609047086,-0.3226607347758004,-3.2273339631096807,-0.9494275419379826,-1.4652092937542553,1.538572396831235,,
8.948968999999991,-155.3321261941889,70.17800076030439,44.81922162410413,0.14582686857340385,-0.9816043670527771,-3.589641080697561,-1.1447250722698061,-1.3415740256868836,1.2623487833172016,,
8.958483999999999,178.73208636382157,69.34439147027587,28.196693384872987,-0.2473593275420327,-2.997514763872007,-3.9628809160725305,-1.3259622283258974,-1.2009630954829411,1.376497659510746,,
8.967906,152.8654629713657,67.51414672601591,15.302560797552454,-1.0360341755466171,-6.813166721120746,-3.695533488861006,-1.6168994022849938,-1.0436115462411335,2.098656981936402,,
8.977424999999997,126.45612422086664,65.77716948948398,6.762922667149927,0.07903590416346874,-9.093389848212759,-1.3888335123669284,-1.9797611268233697,-0.7385480706232697,3.088263009097713,,
8.986934999999988,102.7161236321787,64.72722225753704,3.2251796096487135,2.0273417236603652,-8.645237972824486,1.489146583359767,-1.9616873214916541,-0.3727496331985804,3.685052093939523,,
8.996624999999995,84.26290377651608,65.39663434025128,5.083714153914727,3.8496016348819158,-7.203216829323207,4.336687652838003,-1.5652729281333349,0.03076543714754497,3.8813343976631685,,
9.006119999999996,66.48481213061586,68.00934036087699,6.989467428914461,4.079411177326488,-3.9542169081940974,5.668596375133116,-1.4538821191731852,0.381340236618457,3.8452355302434835,,
9.015654999999995,47.62228580064589,71.17754348433365,6.076554315617954,4.489308117600179,-2.0016807738941553,3.5238688712159325,-1.376672836055089,0.48640071327709883,3.540167214924373,,
9.024961999999988,34.498411397172646,75.05650077805323,9.516197777918432,5.030739464071059,-0.23104838839358882,1.6199718574429807,-0.859516406657487,0.6702214627638733,3.34405514099986,,
9.034472999999991,28.12200822047768,78.46731919314865,19.486278057180005,3.745789865108175,1.2042610722956757,-0.246468764861647,-0.4547059866320848,0.5929529019003754,3.3576086229918483,,
9.043980999999988,31.364778296681138,80.0529382730531,37.67481872723978,2.2991575590821594,1.4419012273329759,-2.4701148483334676,-0.04798398387165562,0.3373603844506366,3.096353065598858,,
9.053570999999991,45.95035622654546,80.06979844124473,64.96620264625605,2.007680900036689,2.5076115984649308,-3.3290926961775984,0.3105380718042137,0.3905882635750256,2.6647302620568976,,
9.063092999999995,59.719582011287294,78.28654621311414,90.75183445902039,0.23471911255524477,2.6275980607479252,-2.6656188562222884,0.4578513590978333,0.42555017272314416,2.5194080419637066,,
9.082032999999996,50.431975877281666,72.72543503037214,106.56376682883558,-0.02880860607232708,4.091696712987925,-0.7569038303002223,0.6169879791011801,-0.3449619535849301,2.5538631349595637,,
9.091543999999999,38.07050961099818,71.35968564617002,108.05138377647243,-0.7625554117914926,4.6781599741250215,0.5845442852915178,0.48697048342196203,-0.648786403378856,2.685612908830039,,
9.101057999999995,21.40939795471999,70.33338287822494,106.51362623585511,-1.9789149714778103,5.09043100536962,1.6758226514022139,0.5200650509836117,-0.9840843941915852,2.8448700271755025,,
9.110552999999996,1.857979677704258,68.7862304320045,103.28176303573284,-3.6459664951037745,5.58568136667264,2.1857143839638913,0.6492602681780596,-1.2397342496830916,2.989781102765305,,
9.12006799999999,-17.619867131923645,67.11887806433845,100.46982806232822,-5.086900709308014,4.474294401600784,1.8715459260481913,0.6271042898381685,-1.3618578777784716,3.008493595506013,,
9.129569999999987,-35.95622433890937,65.77213928376283,98.3340157831578,-5.9051544326239425,2.814458620614411,1.34451471821003,0.5064623959403312,-1.4015483704230374,2.8862795278753133,,
9.139085999999992,-53.12406633427409,64.96920025797256,96.42675229182528,-6.0033028661220085,1.1272964455106904,0.6063511643034141,0.3459893456405426,-1.3982375035908305,2.679901417476959,,
9.148603999999992,-69.97568692378631,64.94204624688291,93.71425588207335,-4.635028650855155,-0.1189836455187396,-0.3582753743530257,0.13634840115787805,-1.4202548389247813,2.4344389177744437,,
