timestamp,Roll,Pitch,Yaw,Acc X,Acc Y,Acc Z,Gyro X,Gyro Y,Gyro Z,Acc Magnitude,Gyro Magnitude
0.0,-17.974776545559916,1.496422919145077,-140.60132631764614,-2.021297773122296,-1.80185959586683,-0.5252367579722479,-0.47192246030749,0.8494127851397721,-0.5610668473307262,,
0.01900599999999031,-20.609513297370324,-6.9367496850465225,-143.54462399383718,-3.3341746840907036,-2.9036341092543467,0.5201400221946729,-0.23201074606251368,0.8024764885075419,-0.11653984789222648,,
0.028518999999988637,-22.2159552265197,-9.52887329135154,-142.86429623940435,-3.267177448501769,-3.425384372021282,1.12458752057833,-0.06696844159597497,0.6120763809203815,0.14649167157899162,,
0.03821399999998221,-24.128479412211615,-10.590121255302995,-141.1247753847903,-2.3562887462827486,-3.789537031147638,1.6744653883332155,0.15397077282454563,0.4048011635920746,0.3021826178259523,,
0.04754199999999287,-26.48531090557742,-10.443006511255563,-139.11040429967593,-2.2140019981631136,-3.053831583700501,0.6422622655033078,0.36232043850953416,0.2796539801112947,0.33228404379269216,,
0.05705000000000382,-28.039599917720977,-9.427519695225175,-137.33716101375578,-1.727476451321065,-2.295708183634671,-0.12831857561006915,0.35121556248804003,0.05693812982031776,0.31885762508646304,,
0.06655699999998888,-28.63776618998005,-7.95496430532408,-135.85480846699252,-0.8919790970881927,-1.8154806491606814,-0.4345162024052189,0.2756062692424904,-0.12862664191931913,0.28031683306459343,,
0.0760699999999872,-28.956233249598917,-6.279192741260016,-134.64996883586056,-0.4776518639902923,-1.096016804618418,-0.658461766180375,0.2680298184398169,-0.18982954402290225,0.23483576155200747,,
0.08576299999998582,-28.648147882583963,-4.270869444761971,-133.5448764583939,-0.056730702305040466,-0.49212237712317203,-0.6415413783034365,0.2330252159617095,-0.3201349460057458,0.21247130672902959,,
0.09527199999999425,-27.737167530360963,-1.8345310872854996,-132.45542329265982,0.26905238179982394,-0.05633052671109076,-0.5450138279771071,0.219804131798747,-0.46224006873017837,0.1981187832738699,,
0.10477199999999698,-26.39495526202777,0.8620764602355782,-131.3201523737348,0.3702022505095078,0.40500369144966225,-0.45052334081905093,0.20995523369597116,-0.5571238253924317,0.1931028578723118,,
0.12381199999998671,-22.67683375842834,6.261914754737502,-128.95788081093485,0.784570101075876,0.78880986780868,0.014415232021925314,0.18020728074207726,-0.6016243315481321,0.1356865902771722,,
0.13313499999998157,-21.18578799629761,8.687350749152628,-128.04162724222405,0.7381364380709718,1.503702479384485,-0.17074470926060864,0.18350114663092149,-0.5310817287526612,0.09202766109056157,,
0.14263399999998683,-19.494481144919344,10.630743924011037,-127.14671820906315,1.1672069465326895,1.9318162292044296,-0.011396636363408513,0.09232863558063936,-0.4993431311476974,0.07069743003791679,,
0.1616640000000018,-17.736442723436195,13.024533523451788,-125.08694545173834,1.554932744459702,3.1809449782776964,0.32614261091829166,0.07559011696243063,-0.20314151013397097,0.15832706233004948,,
0.1711739999999793,-17.043053682717346,13.548389772747111,-123.73916711751674,1.9140470290948655,3.275354086393349,1.0125126646422766,-0.0029624839712685137,-0.1690414440501625,0.21311685121725554,,
0.19970599999999195,-17.388321711457348,12.418649763897871,-121.27803905098894,2.080051743693568,2.479980709481033,0.18357424314967144,-0.1247652113182053,0.19165874156698354,0.04530561696467467,,
0.20920599999999467,-18.48205158732721,10.813887457162833,-122.58223750605111,1.6925495393659653,1.7924753812762588,-0.6921479088116034,-0.17245059326634066,0.3533716737658482,-0.20348632434794692,,
0.21872899999999618,-19.861062908124822,7.968365424775695,-125.27614942594398,0.9820147002283669,0.6751154569865822,-1.3465282716067966,-0.3335779011264356,0.5462088697979175,-0.47150151432188875,,
0.2377390000000048,-22.98625105633472,-0.8519604371716728,-133.4395578044356,-1.3374034939783186,-1.9895201145432082,-1.1833122535874556,-0.4958138741484776,0.8676798307631113,-0.8358337457031609,,
0.24727299999997854,-24.254941702807667,-5.407437916541587,-137.7957891202152,-2.5989507111302155,-2.951612767895628,-0.5990592122857868,-0.4682782845397249,0.8348332694048666,-0.8459532897005904,,
0.27578900000000317,-28.295937250947564,-13.960065890707307,-144.2492769767373,-4.126913786695683,-4.368823199177721,1.5171194903329086,0.056656497239184665,0.4708506870601489,-0.16139186310010173,,
0.2852959999999882,-30.264468208328523,-14.550827628336075,-143.1964680680428,-3.9161156721641315,-3.6181464691455,1.2549982586530435,0.22623953195385077,0.32713931581528455,0.14150617537737167,,
0.29481799999999225,-31.31100694345928,-13.756690678011509,-141.1049752929284,-2.359338840936111,-3.031837385021124,0.6499513889194516,0.2457269564906041,0.004429097188460003,0.39362269461838617,,
0.3043119999999817,-32.32724291935268,-12.204517340542331,-138.2812982043131,-1.2196151095913716,-2.0588985509112927,-0.1886600668722409,0.3396306443610229,-0.10410847972075202,0.5416818010812278,,
0.32334299999999416,-32.826653983658574,-7.370106301650506,-132.6900236191715,0.5303857869266673,-0.3818373491335136,-0.6806265041002698,0.3378314303364564,-0.4145488756372768,0.5264796714122372,,
0.3520560000000046,-28.1889567579476,0.9818405360164065,-129.10434094455394,0.9620079954835447,0.33735798485997337,-0.09088791290252758,0.09087131647974539,-0.698667045074124,0.0359175297867477,,
0.3615609999999947,-26.232996558146226,3.5513356183049845,-129.34316719439602,0.5347746065392271,0.5169881810536839,0.0034813787892762705,0.13924219604506233,-0.6254414469678106,-0.12644329768396467,,
0.37088900000000535,-24.306366896469694,5.940143743789125,-129.7381172115934,0.07043356202362397,1.0569649523027427,-0.4193597802493986,0.11213811939306599,-0.5978833672228664,-0.1710798702913804,,
0.38992999999999256,-20.28283165292321,10.147599711236003,-128.9339002833576,0.9466255687308333,1.9187976006473484,-0.13352879782221985,0.10123434275470862,-0.4972537650864743,0.05125038029860144,,
0.39941299999998137,-19.30417634998276,11.724055592111187,-127.27133572926769,1.163732304771597,3.0057622439683196,-0.04353885163724693,0.11669065714349555,-0.34364346164931825,0.26907742163322135,,
0.40895000000000437,-18.069514905519345,12.72553408586991,-124.74859823789593,1.7724289317869535,3.134086144459623,1.0388630336245614,0.0068974448394888335,-0.3114619448536957,0.44386579725829894,,
0.4184439999999938,-17.285758631487443,13.533967047094016,-121.8820432016501,2.173279986661104,3.4995292592474674,1.266506482684075,0.03805238039526767,-0.21535204953543619,0.527040191383911,,
0.4279669999999953,-16.98073001262235,13.932551237664457,-119.41957909392592,2.315796298461926,3.673196162138921,1.0593223279043853,0.025044178213288273,-0.09101750988935929,0.47527705685305305,,
0.44697700000000395,-18.080457468210355,12.411906399873944,-118.65414798318149,1.9359122420517376,2.282075976818304,-0.14310317694697242,-0.11938162211366296,0.275866926173856,-0.06936428148491663,,
0.45649199999999723,-19.638115300848373,10.293202809428653,-121.24743660072943,1.4370553815881086,1.2460716724210867,-0.8849306349075717,-0.22816972351619927,0.4777877786968535,-0.4477489908104407,,
0.46607899999997926,-21.586769776691995,6.8035584024615945,-125.34074657135575,0.5848675350736023,-0.12737056417368892,-1.3788576423438723,-0.38534816423376606,0.7081507548713438,-0.7489747600068304,,
0.47551500000000146,-23.788034072845473,2.2442944355682637,-130.33045110521485,-0.5133663103447192,-1.4783512705994453,-1.3559878938256154,-0.4635707498759216,0.9107072089091942,-0.931348295709482,,
0.48501199999998335,-25.84066835927951,-2.614305322208867,-135.70009982804007,-2.0348820728915276,-2.4666834400526882,-1.1744986931889294,-0.4409803894647488,0.9699009402681626,-1.0029240468762914,,
0.49453499999998485,-27.118898121348998,-7.041625823559528,-140.68633258226953,-2.9629396220905213,-3.8914178718712353,0.1377585823849597,-0.410912981106062,0.8375304028231048,-0.9460420237088246,,
0.5135520000000042,-30.130082481363125,-11.988321380804512,-147.6114749956243,-4.6559204550714375,-4.572581380145913,1.3445489211524775,0.05431443223021621,0.4775207800382145,-0.5716685517472101,,
0.5230619999999817,-32.276061935914264,-13.114921294778645,-148.19863073648608,-4.2126247390396525,-3.895600487702289,1.2975899515220919,0.2245083146692977,0.4206604488655333,-0.18011887066347948,,
0.5325660000000028,-33.8319358292782,-12.907003786193794,-147.41380511612473,-3.4275455100410506,-2.867356172562613,0.5172493964582343,0.2676890993272093,0.13303438866124442,0.11650859493646228,,
0.5515910000000019,-35.22908658799498,-9.35773703556724,-142.93176751501437,-0.7840382199321403,-1.4456273724154445,-0.5010449609202468,0.3546963436561037,-0.2554967278103153,0.5182312580559271,,
0.5611119999999801,-35.43417262380938,-6.430146945532406,-140.13865160763058,0.1558953231558949,-0.6665018421943321,-0.7459543735247222,0.3841299513702775,-0.4284866988136927,0.5518313245679356,,
0.5801089999999931,-34.00007304439144,0.6056988048126644,-135.34639780459372,1.1977997798259594,0.62653667770287,-0.7808434877635781,0.3383359838964824,-0.6418080224506055,0.4041744584757739,,
0.5896329999999921,-32.20711394745429,3.8870582956718707,-133.91476555067496,1.1680952550171624,0.8428151550417647,-0.6592109615079055,0.20322319213911647,-0.7129856104682506,0.24109580758456414,,
0.5991559999999936,-29.699971283507573,6.839667739042903,-133.40749010748476,1.3956826853727236,0.8784244469933381,-0.34136230629138453,0.07073573765167412,-0.7660229756636323,0.008957674129799255,,
0.6086589999999887,-27.488173796864974,8.982843350065487,-133.62747691538235,1.2463506748495885,1.1877024687733873,-0.1894382379932193,-0.0028536580851803,-0.6099094850885144,-0.15566130947111295,,
0.6181709999999896,-25.373569795712,10.133205628730472,-134.1352078476156,0.8426392374772077,1.736626990251339,-0.3575122261782818,-0.13574709963435497,-0.457010822596316,-0.21590425699455137,,
0.6276790000000005,-22.6099042333273,10.679676457254166,-134.5077206677062,1.4440203234139417,1.7691197026921155,0.261419939548947,-0.31429670994492864,-0.46234366426261436,-0.21424140455735693,,
0.6466859999999883,-18.40008003312419,9.397209650208039,-133.10529895851374,1.5352139592418728,3.1045749008104364,0.4918813706566778,-0.44323868276448114,-0.13939316681719918,0.1480773816152003,,
0.6563919999999825,-15.86911872469772,8.604142002174212,-131.17873033936203,2.194168673287854,2.9179560336959818,1.2706681353217149,-0.4665311577332172,-0.26156788438988426,0.2944326244934365,,
0.6657209999999907,-14.293043078139194,8.21311367589596,-128.95987677552887,2.394241278486662,3.2308200320447753,0.924860923427672,-0.2738914624133775,-0.1859628209246094,0.38197764113990257,,
0.6847369999999842,-12.572336931205204,7.216366208886116,-126.04352166066856,1.57373843971622,1.7991322010989301,0.25336685901394634,-0.16563748931506492,-0.0753881704285003,0.14702750403280934,,
0.6942549999999983,-12.737459537060424,6.392414401709054,-126.53745491996676,0.8806000446951839,1.1750446540541675,-0.7688366526369981,-0.12675350711714028,0.1261467613014956,-0.0982846279788063,,
0.7038519999999835,-13.329570191190252,4.035843965295164,-128.22160026217338,-0.12655938748442255,0.008895923166530909,-1.192270269986093,-0.3162549230385885,0.3828181849196555,-0.3138009187309367,,
0.7227929999999958,-14.648042201810213,-2.2191579632087017,-133.61372830159084,-1.5706253477872587,-1.2991850151396682,-1.125810829981638,-0.3953166257201142,0.5270003761955444,-0.5315872413036041,,
0.7322989999999834,-14.946047701575694,-5.831551791094202,-135.90598512636709,-2.220941720417086,-1.96817780296832,-0.4168573791533988,-0.48384065620337224,0.5562881226588435,-0.4240241534313002,,
0.7513239999999826,-15.520622171153203,-10.516167030172685,-137.61938836843504,-3.476533717304536,-3.2544183255288446,0.7922146383274122,-0.17931386942964384,0.28779263474757216,-0.053230373651098395,,
0.7608299999999986,-16.40934246798025,-11.037452086408384,-137.04586279170618,-3.807793310630916,-3.9460298835364434,1.3084916034700658,0.04479966386922126,0.1993169025777444,0.0961072941277745,,
0.7703379999999811,-17.721543186141865,-10.450482915824768,-136.33209497505572,-3.562132322367037,-4.298478282005209,1.9753348199914842,0.25530311671984257,0.09550622591836735,0.10127741294939133,,
0.7893599999999878,-19.8350303150407,-8.970174671184154,-136.3322773573046,-2.528511310106291,-2.8811679374297725,0.4792189479478769,0.1652197967957629,0.05333527044042706,-0.06400703525489819,,
0.7988739999999837,-20.783097057927396,-8.815346704527002,-136.69148825962415,-1.773906643351144,-2.00685468612202,0.1451771241319273,0.14429762104572266,0.11082612168679078,-0.10116085966236438,,
0.8083729999999889,-21.879863590508876,-8.231946281734798,-136.86654861633335,-0.9946732415229537,-0.9556204076796557,-0.3632754304077123,0.22517175996240804,0.06792673877745929,-0.06733295113065256,,
0.8180919999999787,-23.007649444941748,-7.057140397316148,-136.40851721063416,-0.13754361336310486,-0.20762170864029225,-0.44879897804308844,0.3111112646800373,-0.013095494140434047,0.06202551775770306,,
0.8275950000000023,-24.26465110112775,-5.105065259750742,-135.12991217956863,0.4829377851110304,0.10465501476921475,-0.2855647235876471,0.43877491119199585,-0.10149937063362523,0.22970443240709829,,
0.8371080000000006,-25.572682372323598,-2.132645133469157,-133.2651769721947,0.8040187267341125,0.24559816549902053,-0.31607764885179385,0.5956066964563187,-0.22393663105511605,0.35705877840576883,,
0.8464309999999955,-26.53019456409332,1.7263361833678588,-131.1909604497296,0.8599704350432967,0.4292472621188864,-0.5893509115737682,0.6875851221274248,-0.37426525343938166,0.41454809024560896,,
0.8654530000000022,-27.071836129932368,8.917571893488276,-126.90768937626476,1.5430628898648664,0.8393529896845652,-0.5548965286642745,0.5214339100074359,-0.3492533379236649,0.41671617761189705,,
0.8749489999999867,-27.712456078256015,11.019175647616482,-125.05259828301823,2.065293238771459,1.3573067367491438,0.03208087063583417,0.4011355959123959,-0.14323017181989778,0.3844320555848348,,
0.893966000000006,-28.65100938636395,10.54255793990066,-121.64815430167232,3.7515149242940726,5.1187293954328466,-0.19625906419922384,-0.20456892046660366,0.19838843798041678,0.3981930948511276,,
0.9034879999999816,-28.005851696849813,9.665499901405704,-120.42586718172626,4.628106883623907,5.301878201754054,0.8660940961178847,-0.2298006740381885,-0.01785317814935541,0.23250534026595762,,
0.9225040000000035,-24.717978987355227,8.483674042957524,-121.51935673895412,2.464276545442882,2.008425008867246,0.6420516476420255,-0.2787352649688375,-0.3568015318378488,-0.32716106422209296,,
0.9320209999999918,-22.94069887816869,7.743135720730508,-123.41646360872656,1.8341775125606314,2.164056379727124,-0.9846590118354666,-0.3273420065326762,-0.2171151442307739,-0.486943244326804,,
0.9416229999999928,-21.43011185510218,4.67703199026621,-125.78929143949549,0.4363568500136297,0.6251289390124752,-1.4598438617222504,-0.6898301686008421,0.10197668173538939,-0.5407600634929383,,
0.9510319999999979,-19.3676758934687,1.3413197534698602,-129.2725517244035,-1.0727126949897496,-1.057733756643049,-1.4987629655923655,-0.7945200158407452,0.08144086419672718,-0.7466534165493377,,
0.9700619999999844,-14.92859718370297,-3.1602234987721904,-138.48301209325862,-4.2429530119739205,-3.564818319360561,0.0408728364427652,-0.6069773901635194,0.03972379540451785,-0.9442072985407044,,
0.9795729999999878,-13.39006246237846,-3.987327995688807,-142.31976003828183,-6.523829009119583,-4.366397319073044,0.9358054231410832,-0.3550303631157001,-0.06329425516541268,-0.7636638141171098,,
0.9890929999999969,-13.303773847344466,-4.946928070178937,-143.4890420509888,-5.807323391704054,-5.175839713930304,2.2026386657367474,-0.14209835794589268,0.14838010425416273,-0.2346620590935732,,
0.9985920000000021,-15.756921303762908,-7.22882919159881,-142.26969458339107,-5.278456094618971,-4.25912535995842,1.4967011523786373,0.10236237703861734,0.6641320044591309,0.23400197088072336,,
1.008119999999991,-17.713006754241185,-8.987445737121845,-140.20269660115065,-2.6276157929820907,-2.8977127909321556,1.1875579312668838,0.07021611277992343,0.5220709348180509,0.4096293677272611,,
1.0272980000000018,-24.860672297786945,-10.0686731952978,-136.35057663946048,0.2215401912259645,-0.4309305132907866,-0.3195198811833306,0.6540512151531942,0.5389936724246154,0.20411636328905258,,
1.0366369999999847,-27.85449612764158,-8.279576641450001,-135.48037769040334,1.4269072168743808,0.27389116273486813,-0.5339619393249667,0.661461317759573,0.15742291770435246,0.12014755828100288,,
1.0461399999999799,-30.52073723484199,-6.183991483346119,-134.69761883670827,2.070893505419431,-0.0356857532541143,-0.23315415341081303,0.6582466647890776,0.0801695112828285,0.11142131170977325,,
1.0651619999999866,-34.81702784799488,0.7494929315306477,-134.0899601129445,0.6823259198116517,0.10394958005916036,-0.6737387860767167,0.7370081044334126,-0.38745726415445386,0.02013522643900146,,
1.0936869999999885,-33.5461088898777,10.120273083317922,-129.323476892244,1.279067311363353,1.2204550105122343,-0.89358402431421,0.21024965335987594,-0.5190391653822747,0.37482032719506414,,
1.112719999999996,-30.858947765386507,11.468599544483721,-123.09167995787747,3.004001180298231,3.424462694218566,0.6688415788584219,-0.1732564233990891,-0.2063613731998126,0.6175260383812083,,
1.1317269999999837,-28.59012413844755,10.525606315527382,-122.11649912669567,2.7626018677115365,4.266597069906354,0.5601089874708509,-0.20419232904326062,-0.03245117219406961,-0.22834127428006318,,
1.1412440000000004,-26.795006007240442,10.038717458523973,-123.51118046358792,1.58903768140989,2.3266935740084445,0.5798357941850005,-0.2869682919698399,-0.243493510033069,-0.3726423067061614,,
1.1507469999999955,-24.32214547677872,10.355235347194279,-125.15553393315538,2.151820050531538,2.1499810906908543,0.05470069212524065,-0.23515629435549645,-0.4369276487623793,-0.4689285103409698,,
1.1697839999999928,-21.496982358524757,5.118940149333343,-127.27326997255439,-0.681947652108036,-0.4157894373755653,-1.1409289599439294,-0.7310462883575088,0.13762885936376307,-0.2582478797224184,,
1.1792839999999956,-20.150056669962385,2.2644745842386835,-129.0939336111709,-0.7632264737656158,-1.3380743429427464,-0.7606992359480428,-0.6291348848057196,0.14412340189800263,-0.3894192594723271,,
1.1983069999999998,-20.314090932665263,-4.190236153987128,-134.76254731760199,-3.08129020072998,-3.8208293616034386,0.7651068641980787,-0.4639311959018821,0.4632248188991467,-0.6060923332018108,,
1.2077369999999803,-21.001466884353317,-5.633170119907851,-138.53670413047578,-4.784791209140538,-5.0341824384220315,1.4174903558496097,-0.11157138297439395,0.30894307283054123,-0.7675968396461461,,
1.217330000000004,-22.01267648607528,-6.009341938074065,-141.8957355986429,-5.979901352349174,-5.0334600788071935,0.3448091674226797,0.09396373396290936,0.19224329727006034,-0.6930059609141807,,
1.2363529999999798,-26.78908678393841,-8.048306952136672,-142.15994099473983,-3.8274925874793557,-4.038810322284802,1.1291936332042762,0.3470641497578409,0.45685693571171426,0.12258472174138692,,
1.245868999999999,-29.15841107219204,-7.915292404004086,-139.93438659175146,-2.1916726009022587,-2.0891197616738024,-0.15348810732483031,0.37000859968705246,0.2790123684006364,0.4288607927031279,,
1.255566999999985,-30.987251942144088,-7.454541144815097,-136.49575880533038,0.21802553643977535,-1.9856804503737964,0.5923487038014563,0.31957658515329695,0.17670214101114756,0.6915303521477626,,
1.2743979999999908,-35.605165831376596,-2.734519640152319,-130.4194124596247,1.7286963800994024,0.9995107961433743,-1.0844483560287186,0.6946091102018189,-0.09342233952351646,0.5369542814937363,,
1.2839079999999967,-36.64910043427771,0.2531837569635996,-128.35720181506167,2.105671212944661,1.2033860512328007,-0.8691558722070127,0.5814653245073477,-0.21617690791810817,0.4228317998779449,,
1.2934180000000026,-36.81652293416473,3.3665516571793916,-127.4440300326234,1.8642801815581191,1.1598157390251027,-0.757737370825746,0.4990948556954377,-0.3544233658345131,0.17875793056354602,,
1.3029129999999896,-36.132909702862875,6.577332580633013,-127.69928429578535,1.747766507692804,1.0593904773644138,-0.516854678106191,0.4135036563884403,-0.49757970906509463,-0.09290973538821577,,
1.3124349999999936,-35.17840470184709,9.008896378665003,-128.21918615788138,1.217906000961547,1.139344005307447,-0.5173498531285018,0.25455563050726904,-0.4462724672773128,-0.1678838198420834,,
1.3219469999999944,-33.84119592513998,10.586029441882616,-128.30711849494259,0.6911629209346656,1.313959648483885,-0.5308409862746811,0.07151580221959322,-0.40048007129747765,-0.09535877140748138,,
1.331452999999982,-31.8307063425651,11.831273415607996,-127.55804961295301,1.1320090227913855,1.824257090159566,-0.22037569588551315,-0.05902039164505216,-0.4627492397283983,0.03651643090086229,,
1.3599829999999997,-25.346623598290005,11.05314902613552,-119.42869482529153,3.2151101760325775,4.911691717189737,1.460883064175987,-0.39649286027840225,-0.31004715298723273,0.47835554363154253,,
1.3694909999999823,-23.961685349519737,9.43181526480455,-119.5421788087139,2.9251769180757137,3.9642763825852767,1.1070299101803953,-0.43051662888121095,-0.07774350276366337,-0.09307227951102262,,
1.3789979999999957,-23.576543923809595,7.481407117293707,-121.70422270508797,1.5241591921074684,2.8646218556304572,0.11858084940990538,-0.3886904882748772,0.1339621938095314,-0.4574005346672659,,
1.3981229999999982,-23.126221941026767,3.35987340101154,-127.43174256854873,-0.19331550350751012,0.1490687182132556,-1.2147095216343244,-0.3737653759820907,0.2984677885970729,-0.5879318867174467,,
1.4075399999999831,-23.806597862697746,0.5023068588482814,-130.20288603748526,-1.6829818516192194,-1.3654879065917682,-1.4405041859336083,-0.37357679392601656,0.46785720673852826,-0.5327904750795927,,
1.4170599999999922,-24.627519256418957,-1.6992118157768072,-133.02472944886355,-2.4988593228498934,-3.059152292301355,-0.6239032560722643,-0.23317697813142696,0.41941414240134933,-0.535863058119197,,
1.4455839999999966,-29.226680467745307,-4.966758977169192,-140.91680716723235,-4.992278147243421,-5.4018270426490975,0.5020277261903473,0.08072550994695289,0.30553267512402255,-0.4818119641522155,,
1.4550979999999925,-30.659133866733335,-6.630660197535488,-142.14350243403376,-4.2445722489612985,-4.538722593505826,0.8215137175465516,0.004103666664839162,0.44393500929388957,-0.25347415463055595,,
1.4741159999999809,-32.55802302502471,-7.9841143911662895,-141.38993286896704,-1.62004535678372,-2.2324589912622397,0.2894524284809482,0.09461329385479395,0.1383837742917527,0.21236835714800498,,
1.4838069999999846,-33.38697649620196,-7.254503966333728,-138.99843962966577,-0.4086841257123405,-1.1840193203541423,-0.09785942004284243,0.20729679382315275,-0.0021778257853486364,0.4802682262049263,,
1.493331999999981,-34.052594779010526,-5.151691022533917,-135.92891367683578,0.7121746701145443,-0.3732490248182248,-0.31281795193599315,0.3692797337219083,-0.21673234230365035,0.616453198526188,,
1.5121469999999988,-34.0347326652419,1.7151868003109603,-130.08935491645187,1.5500087812499705,0.8159238181341406,-0.7486891869847759,0.48271753557232433,-0.5230297181219028,0.5377032267678226,,
1.521663999999987,-32.94719156571783,5.350388203142965,-128.26666305646793,1.3986947069882834,0.7315064699713955,-0.5768281697904342,0.41415327213862996,-0.6255584018866751,0.3223174019638319,,
1.5407009999999843,-29.479216605742405,10.975502005131137,-127.35909663549482,0.6680319667087404,0.6561357061737063,-0.4864472402185136,0.12706131841576568,-0.5847501001886498,-0.07232649284004344,,
1.5503709999999842,-27.712030338071582,12.406728618246028,-127.18394567708715,0.6029507516442417,0.7555670462155002,-0.28344915612576516,0.005345424043014644,-0.4471062993450325,-0.07534508546254223,,
1.5596960000000024,-26.473976297526526,13.310968618887886,-126.41559806610826,0.6506697821125766,1.9008726281223378,-0.283950706021218,-0.012849529855210295,-0.299954805962794,0.0577538976075368,,
1.5789120000000025,-24.34590843286748,13.01664497723223,-121.2786809304252,2.7001978011238554,4.582466485680432,2.224486595132988,-0.18274447140580036,-0.08010834234908128,0.5936112741203776,,
1.5882450000000006,-24.202459387661435,13.559085317553443,-119.05886687928673,3.088663272638802,5.095414222996082,1.8710560613902396,0.0661919906662073,-0.07839546875514161,0.43611108277227884,,
1.6072639999999865,-25.44477088761222,13.98103208034519,-117.49181626527785,1.792014693008316,3.1527658823111797,-0.21366697885372007,0.11274723738778321,0.08945811787071879,0.11963282679750606,,
1.6167759999999873,-25.142677591720375,12.95765315800189,-117.88284130449395,2.035471881470624,2.058738241785678,-0.5255466901035675,-0.22245718251749994,0.043179009787582726,-0.0892390313427753,,
1.626294999999999,-25.534666668562863,9.746708704417967,-119.60276170363863,1.466546943418725,1.1461989818721883,-1.3972683397709824,-0.5403171769212631,0.3771371670580697,-0.32365323109832816,,
1.645374000000004,-26.172493340085673,0.6109876150192466,-128.64538565119625,-0.46243886014827307,-1.3204402077365154,-1.871819987936098,-0.7891569404105393,0.5600595217166385,-1.0514834026426656,,
1.6548099999999977,-26.248878577839925,-4.552832315220274,-134.7752365129167,-2.3428147031744118,-2.9390735672604054,-1.1264776933406455,-0.7744296066650775,0.7043717594551129,-1.2016828434305626,,
1.6643159999999853,-26.156642221735147,-8.202300786098151,-141.40055616039493,-4.201563478944611,-4.784237940410992,1.2467312473837928,-0.5139061366385035,0.5378844170016022,-1.2922246265785726,,
1.6833450000000028,-26.72858435811508,-10.308627341076406,-149.55452956281715,-5.850021063927925,-5.152105724750782,1.5924825839339172,0.019712622408520324,0.233025528122389,-0.4917843584136991,,
1.6928450000000055,-29.21042675336676,-11.046385227959476,-148.4983035217082,-5.140752484756479,-4.3497665094113716,1.438361224104947,0.3312917681600319,0.38471818891529974,0.13818810211600285,,
1.702366999999981,-30.941218464187152,-10.751397159498678,-145.8861203670269,-3.273614757789088,-2.746750114905969,0.14385148435637946,0.3063144681823792,0.14080520489582474,0.49165049871789246,,
1.7213919999999803,-34.94406701449735,-8.400803879832665,-138.66794361171506,0.23755380573939325,-1.0944412835134254,-0.3775116322284078,0.6132545841468614,0.055118267131817916,0.6452148867157502,,
1.7309129999999868,-36.85911736992087,-5.435215912553751,-135.9698748646042,1.0828838615597445,0.14852765291278253,-0.9622084303392049,0.6694728539602908,-0.17484498818456504,0.5169203299907017,,
1.7404149999999845,-37.82725215739801,-2.354733528531465,-133.8033236835758,1.9103431924164844,0.4578473934409393,-0.9297004096565475,0.5605149240345779,-0.29469741765687446,0.4234308129101078,,
1.7594339999999988,-38.26348830718502,4.207622832407735,-132.38344425455367,1.3288318859925181,0.5406577279846175,-0.729028487447983,0.4657922675151944,-0.5046162315722081,0.017740570308975814,,
1.7689309999999807,-37.41609030055399,7.258708697987223,-132.37360791585334,1.2234681380147416,0.5304130824266831,-0.5894251855777406,0.32483601506097803,-0.5330823846778638,-0.04407258077140048,,
1.7784659999999803,-36.43691023292431,9.536876442779265,-131.71539499130924,0.6391126916213976,0.8372590508324355,-0.6802606474040739,0.1962947994929537,-0.4463087477233097,0.058810360327642926,,
1.7879629999999906,-34.87389020158627,11.649632631664387,-130.36116576888259,0.9856597845988274,1.7044442420710466,-0.7030721300574,0.1044397216156961,-0.5070295039902459,0.1741057648649235,,
1.7974649999999883,-33.0596929205341,13.272179055474577,-127.82376287300107,1.9282483171059006,3.0215186539632897,-0.3294198306502626,0.015592655067229979,-0.47808059812116904,0.39339777355922434,,
1.8164979999999957,-30.295110857935732,15.939269065059335,-123.16148399790593,3.259487942799456,5.3971107095680875,1.4015435703165058,0.1724350600825586,-0.3633641817983948,0.13662298075022178,,
1.826188000000002,-29.61844468630301,16.636447763929663,-122.99524628979523,2.414563236650278,2.631904095302323,1.2333655928635854,0.032471023831432695,-0.18402684025856914,-0.028003510117804095,,
1.8355080000000044,-28.713383926378178,17.90124789764959,-123.55183871373227,2.3617189686456177,3.7961408603998605,-0.08688725850234477,0.10350901445381884,-0.2821691823537533,-0.19723186320828237,,
1.8450229999999976,-27.159179078335722,16.605391349230178,-124.04488681418259,2.3961190277429023,2.3572248633246287,-0.35071332031479463,-0.3943955434583855,-0.10168460651589893,-0.22322933809867115,,
1.8641439999999818,-26.10895189358052,9.18110290198881,-130.11684291690375,-0.19146296753281034,-0.7189983666422091,-1.812490983289049,-0.6572723207963194,0.40656204788699063,-0.8656342769966323,,
1.8735599999999977,-26.14384959755786,4.993637658063003,-135.974348927557,-1.4776971799716667,-2.9438949570811457,-0.8928853665143085,-0.621037333188938,0.5820970925684861,-1.158622302483775,,
1.8830739999999935,-27.33134281322217,0.29506063494498913,-141.99872979014106,-4.901238304092778,-4.644186548829909,-0.112857030051648,-0.44967235686732737,0.8721969213135233,-1.1623302166778404,,
1.902087999999992,-29.51275103890745,-6.21594922117161,-146.64304283581018,-5.557065104971424,-5.65148616960754,1.686482980963478,-0.08072563059875834,0.7298935585857054,-0.025236263491432733,,
1.9116039999999828,-32.21826766446294,-8.03231976212264,-143.83792452402773,-4.5601990322038946,-4.557753616089434,1.1620861401305747,0.2234252428367566,0.6107581153963861,0.5445213398193476,,
1.9306200000000047,-34.61784972251208,-7.38087701694427,-136.00408517628304,-0.42457289295983147,-3.400301003322345,0.9430127758856718,0.2607920220087947,0.02890223874722116,0.8016065696299038,,
1.940133000000003,-36.38449185515355,-5.056536431593668,-133.0947259447047,-0.5003617700219418,-0.972640915233825,-0.8978470118854482,0.5653203849267036,-0.07281217926604457,0.5655609265044604,,
1.949643999999978,-36.74113809166033,-2.1964154388846513,-130.90051326408317,0.5198363214135755,-0.23365090471340466,-1.0977925023519597,0.46009658619715793,-0.32732234169672353,0.4373999115638438,,
1.9591629999999896,-36.903700231886035,0.38557671777416086,-129.2144446452277,0.8868785424086396,0.06538165248327361,-0.8742151625770561,0.4033018661867534,-0.3053884038980016,0.33943952337007893,,
1.968673999999993,-36.7602588330429,3.158580280815483,-128.25657902192367,0.5017519056310966,0.746228128214642,-1.058515779301763,0.4020775999465012,-0.367251759718268,0.16792651264744685,,
1.9781659999999874,-35.55967662568694,6.136148500914298,-127.96567816230512,0.8605849513483121,0.8075858340976697,-0.8191041673172658,0.30851708469562933,-0.553946671798725,0.003401137257320722,,
1.997195000000005,-32.7947665389754,11.092312698807616,-127.69229315843826,0.9504023350222937,1.1078485664884912,-0.20449835305349726,0.18133104187184207,-0.5048203360885767,-0.07016829666971518,,
2.006703999999985,-31.494031282602528,13.35421461960118,-127.40298087473408,1.1751699352309746,1.7652697421971881,-0.12648889730993032,0.1912593170449129,-0.4753855129726688,-0.043597839593812325,,
2.0257279999999867,-29.51069291267079,16.03202266075513,-124.50947080194214,1.8965264608076091,2.918688613964872,0.8952156950894808,0.031658216195810406,-0.25433078005491333,0.3157255705425475,,
2.0352419999999825,-28.53632603577278,16.514978422893808,-121.84848041605471,2.4051026607405364,3.6340936164521325,1.3679318910661982,-0.035183262356074385,-0.208805612954546,0.4691371965240858,,
2.0447389999999928,-27.572625903109365,16.28641660586754,-119.5474814708995,3.5981843732657732,5.1993790053329665,2.008508247258923,-0.14753192968967296,-0.13546015291452912,0.40057487005025905,,
2.063770000000005,-28.72929501830453,12.469139451163665,-120.93349144049277,1.6171052188560184,3.072138216136498,-0.36784013026225404,-0.3168877443817616,0.34806774650764505,-0.19700097464936198,,
2.0732710000000054,-28.916683071760605,10.165573242429014,-122.7248499099305,1.8528130732989059,1.6738638029054962,-0.3174595761384472,-0.386091416094573,0.2756506419471357,-0.342124705876492,,
2.0827969999999993,-29.967671922760367,7.284239081455706,-125.01885227981631,0.6324819406537143,1.1429229777370233,-1.4631067279131575,-0.3763302689966093,0.49606009858210565,-0.4075077513301325,,
2.092375000000004,-30.64568328845741,3.4783154775723553,-127.36233362326978,-0.30653597405496713,-0.36597562352530655,-1.5191095799355196,-0.5481666783952288,0.5617361865666415,-0.4297982983682301,,
2.1113289999999836,-32.65741137579573,-3.744255195533128,-133.02017191840207,-2.271798193872249,-2.5360490829352793,-1.0015076163845718,-0.3382501982178118,0.644365899419919,-0.5855024851701306,,
2.130334000000005,-34.37054034601577,-8.513617342624372,-139.85372489942296,-4.2014656662658965,-5.228993306123709,0.710737709607321,-0.15598601309537138,0.4218177765066004,-0.711221490133079,,
2.139842999999985,-35.565284235716845,-9.926443445831852,-143.36739472571475,-5.733293061990771,-4.68237560629527,0.4103601253740848,-0.0023237129690880953,0.37433234000990273,-0.7237369575679228,,
2.1493519999999933,-36.24262078426568,-11.628707145483945,-145.33691576927123,-4.912188713364286,-4.84902847138,1.3536317055308216,-0.1016474319248549,0.36110804834711097,-0.3917948441984565,,
2.1683789999999874,-38.678174243333586,-12.622886952297403,-144.60492458831527,-2.7614494832714565,-1.9859344635124294,0.1890784033654793,0.16995685567900537,0.1211979285667516,0.2090599589809199,,
2.1780799999999942,-39.01370073413634,-11.468650625927355,-141.82070352224085,-0.49408723523155396,-2.062442219563159,0.5125297466758101,0.17900080426106682,-0.1403270645069745,0.5729053157354674,,
2.1875969999999825,-40.23446063806863,-8.671628960291033,-138.41361991466528,0.2709713150427737,-0.6068565601060809,-0.449474614329387,0.5314174986890601,-0.27098777603124763,0.6571353038144175,,
2.2064259999999933,-40.696613959801404,-0.2615113407578962,-132.18742793878175,1.9369576716763819,0.7599344490012528,-0.8039189934065629,0.591201872385757,-0.6244085399868198,0.5662966948142699,,
2.2159369999999967,-40.016974267161395,4.0076218074042105,-130.49767652549852,1.6405778560477295,1.0078557703717708,-0.6687859052576223,0.5394215204818574,-0.663615441032247,0.30785573092326884,,
2.244634999999988,-34.809193686019555,12.669487313194601,-130.6965908070489,0.42716203674834036,0.8017818244072248,-0.29405278312757516,0.0809037105713147,-0.48433499856929807,-0.17995206109438455,,
2.2539819999999793,-33.20726219907508,14.236202697671446,-130.3766535825789,0.32733641217277726,1.8786851065842947,-0.4034780160235167,0.022936121557345923,-0.4382626900885709,-0.05315493537646537,,
2.2729960000000062,-29.286985457776712,15.50887711704951,-125.317490005856,2.4919374102652205,4.471709424008429,1.8520839821345394,-0.1789315208802777,-0.2876338370214708,0.5429046301286078,,
2.282506999999981,-28.55096491754656,15.550585535376221,-124.36521860240786,3.282277880293323,5.2883708696723115,2.4776744273326687,-0.08783398091543551,-0.11990323568562174,0.13378046391320236,,
2.292028999999985,-28.980959157247074,14.940214412389308,-125.27870951116329,2.174164170471287,3.3878657896404345,0.8966570868465216,-0.06653796507126143,0.1396122111680886,-0.16115356926267319,,
2.3015340000000037,-29.282478929344688,14.69911662105681,-126.36856403252618,1.2225304629574438,2.8164919793860634,-0.4790678831622896,-0.01860018974014962,0.07745374548552145,-0.203576147903914,,
2.3110460000000046,-29.17388644403888,14.032545121595922,-127.76754334731339,1.4699630247468218,1.7522253484715449,-0.554233144479748,-0.13276196167091658,0.06584826359179362,-0.2862451914155829,,
2.3205600000000004,-29.687051043388742,11.402517410089954,-129.4192109760551,0.5236298203444497,0.9537305657003456,-1.4613395318622193,-0.3623411169292708,0.4095921846834355,-0.29464672476129483,,
2.349084000000005,-32.80978741968105,-1.8959288001356143,-139.90626023031152,-2.5281535610218926,-3.15416838311524,-0.681823002768031,-0.4324596818428896,0.9759564647618756,-0.763366194615293,,
2.358583999999979,-34.48238920399979,-7.019780339156015,-144.20049042952928,-3.7194974900469817,-4.870854477331844,1.021096778684365,-0.3759698932076404,1.021857373835839,-0.8010535466993465,,
2.377611999999999,-39.66330024935472,-14.065120540395899,-150.83515872270078,-5.058107462327045,-4.595598735411813,1.9653999514790916,0.2313464235723456,0.8514413836043286,-0.5729994035314254,,
2.38713199999998,-43.78485209559291,-15.687768317491017,-150.7407541109222,-4.221872713906542,-4.413988092616959,1.8151299711392164,0.528724357176113,0.6791156111389379,-0.14400328268955317,,
2.3966369999999984,-48.5373278093561,-15.275314563539185,-148.76992620905114,-3.584202469489703,-3.2306338738634555,1.0233802520477229,0.8242973251222222,0.396128226359863,0.18388030440866998,,
2.406144999999981,-52.36272565143917,-12.840158885574207,-145.37189898608477,-2.122471712322112,-2.8626738757434382,0.20016623403153141,0.8782925528311911,-0.00047699761193841314,0.5328774016001636,,
2.4251789999999858,-59.69888201755612,-3.8465923918410767,-137.03283896143625,0.08064617774989621,-0.9791934905306703,-1.1301044268632037,1.2007721508860345,-0.2681728513576416,0.7632454365549166,,
2.4441850000000045,-62.794656001892726,5.880984985125508,-131.69335215129547,1.5810528056287172,0.8707154563134419,-1.6617950255517353,0.7723498746023247,-0.47077335271801657,0.4408648246277899,,
2.4537129999999934,-63.20384799613205,8.916787171569613,-130.7306915330819,1.19100565915295,1.3997297390751873,-1.4739518184872389,0.49867834414880713,-0.33876716638710547,0.20350556350151652,,
2.4632039999999904,-62.47391078012028,10.64173302263913,-130.95381492944372,1.058134201118887,1.0522785446159917,-1.160669096603202,0.15469803402703144,-0.3344009113541843,-0.06347337490897996,,
2.482241999999985,-59.71826290219641,12.287015811058696,-132.16828028476277,-0.09788447636418357,0.8372480006339142,-0.600827030892327,-0.10259524059166777,-0.3232769378382847,-0.13878170847603097,,
2.4919519999999977,-57.43282619589562,13.631819212483984,-131.29743090091299,0.4314723520514729,0.7049344121344251,-0.26037000825662926,-0.10883996282706374,-0.5111688879910729,0.07645690986170303,,
2.510933999999992,-53.43671438804631,18.486151943730324,-123.35329638170238,2.3376551602835294,3.056559810165736,1.496089588747806,0.1839730121362556,-0.6358510429892503,0.9091862204250686,,
2.5204619999999807,-51.87233692230182,20.695485607676567,-118.57747026278489,3.8532247398417896,5.395751174024762,3.9019974904002765,0.21413691551319478,-0.48263009791018324,0.853779542267989,,
2.529781999999983,-53.11069621515256,20.690099021743904,-118.1194828871921,3.9822420884667356,4.345227281871617,1.9624192754743746,0.09591719473991038,0.20250951455392538,0.1823070533018927,,
2.539301999999992,-55.68159680820494,19.594654799933167,-119.11897264720542,1.4259919255393863,3.3336195888608113,0.11850971620805315,0.026420400642470778,0.5270894385096193,0.005188302897366602,,
2.5488029999999924,-56.956298200315956,18.40902154215511,-120.81259465294843,2.140408329580344,2.6378992005330852,-0.21836510060629707,-0.097746714867047,0.32593092849995803,-0.2223148589042275,,
2.5583249999999964,-58.06040160471502,16.0943796848815,-122.70635977906404,1.8659617249787765,2.082561019914538,-1.1765431776876596,-0.2953172720801794,0.4224619553115879,-0.2801044665373371,,
2.567828999999989,-59.421830724184495,12.165725937889734,-125.09022719980182,0.8457736519852502,1.0631186439472933,-1.713208571255797,-0.5168736539561385,0.6584449628412802,-0.3615866669028043,,
2.577436000000006,-60.141651412893424,7.0647521178894594,-128.83784723178573,0.463722528834978,-0.6322233824791743,-1.8230544002010736,-0.7409851121326547,0.7302969347864168,-0.6563095705509501,,
2.5868389999999977,-60.7280401676219,0.9760648584975493,-133.64024209225727,-0.7259193853519823,-2.494384944378477,-1.64472447743708,-0.84816548449437,0.8969083509679036,-0.8629497642344572,,
2.5963529999999935,-61.54850154123545,-5.407747473775188,-139.2268159018073,-2.545973013921211,-4.831554287004148,-0.562079514153963,-0.7689578388824132,1.0461098368111013,-1.0283813695145783,,
2.6153750000000002,-62.086222443587204,-14.522344594371118,-149.24299369142108,-6.065354975423445,-5.050018926973897,0.7892145066709365,-0.4209231688487726,0.6116540854224749,-0.6750049549411986,,
2.624894999999981,-63.764169381125704,-15.885366682316821,-148.21928446371942,-5.979898316603763,-4.280640729808776,1.756707895302146,0.12785860339654678,0.4070140553607819,0.18162720787288958,,
2.634387000000004,-64.82529758395921,-14.610017512103147,-145.14493947720416,-3.4913956880623513,-3.626412134799366,0.08097015262495302,0.30248674173974166,-0.09613445939141485,0.6046779466624049,,
2.6534230000000036,-66.83165098591428,-8.982120919430928,-136.31496878826457,0.26339843449330785,-2.422048664757455,-0.3404664665558231,0.4976954782725175,-0.4389038219501372,0.848062039696593,,
2.6629299999999887,-67.25640204682385,-4.811525313113321,-133.60866189118266,0.6869901679309117,-0.3083971832633041,-1.1275157681166565,0.6401833423998596,-0.5282115901250383,0.5336467516852387,,
2.6724470000000053,-67.481704790976,-0.7577022468103912,-131.4924617504499,1.1029010977294262,0.8407604898859428,-1.015259559649158,0.6176052928331426,-0.5144231912312281,0.423244165189757,,
2.691457999999983,-65.81633206490086,6.214368006652864,-129.62756423987565,1.0722041081551357,0.7833447644402642,-0.7708765025038912,0.38778055911612813,-0.5845572208255919,0.01724048642779143,,
2.700981999999982,-64.66741475702298,9.29246480857137,-130.01161399542397,0.8809255649462889,0.9693416023515535,-0.6186428562428096,0.31627682056667916,-0.5690519683594336,-0.14260653173087887,,
2.7200059999999837,-62.60530184694634,14.466669650689333,-128.91957264739847,0.7124612361014253,1.0469042022680861,-0.2739054622477632,0.28460751055531347,-0.4590658068107111,0.10364139027628248,,
2.729504999999989,-61.94108738603756,17.34127455719882,-127.04774872809705,1.2863601201759793,2.1734732603254976,-0.06372135096155745,0.3626598993813615,-0.4554676077556784,0.31560650061238826,,
2.739014999999995,-61.17697838022891,20.04583404722268,-123.26746463377563,2.4082227233006877,2.809198189366947,0.7744629859812637,0.34666634001748214,-0.43195620921923694,0.6979876185921498,,
2.7580389999999966,-59.36527146210958,23.18927410354409,-117.8167663123835,5.102906665623539,5.275210360756743,2.131477175917861,0.06146857286107557,-0.15901734784024818,0.16357007776711843,,
2.7675509999999974,-60.72066952391192,21.69647259395976,-119.1126527964948,2.103572760346381,3.7350221335232865,0.5526942115707703,-0.1560306516524955,0.36014722612793987,-0.15169994561016215,,
2.777060000000006,-60.73943794550209,20.27593586761156,-121.76209777659989,2.0624446143733035,2.9492418702222287,0.1076674967158303,-0.2563558248709002,0.144994282456385,-0.5247403967100379,,
2.7960879999999975,-60.97174394696852,13.902008395635557,-127.03097235371767,0.48399676448833423,1.2690680582553486,-1.3565681880865184,-0.5984390291931255,0.5331741487422131,-0.49533546518995053,,
2.8056139999999914,-61.23372379626494,8.929851374588353,-130.7196497582906,0.21966078973766306,-0.8613265105922232,-1.4230998099172179,-0.7541765402813908,0.6667504071261975,-0.6857395415988614,,
2.8246129999999994,-63.83744914027526,-3.0235217529611624,-140.14906801502852,-2.8943942154734477,-4.217963485416694,-0.8008516619956108,-0.5867891296792003,1.1412834614323686,-0.9018107464094426,,
2.8341109999999787,-65.43403299041462,-8.4722078391929,-145.55232890786252,-4.933052422000796,-5.871083768937763,0.2796073615674375,-0.41174729271078303,1.0677945014706423,-1.0360772859618557,,
2.8436319999999853,-66.80448940529894,-12.353885796467786,-149.35619427902267,-6.385398270628894,-4.731081230345261,0.2728876800672202,-0.19756134018343582,0.8062513328770061,-0.7542400779950128,,
2.8626449999999863,-70.89729016012676,-13.663823342831764,-147.47912111348268,-4.266491047095783,-3.451694992591946,0.1450357210078554,0.34609174740678833,0.0740135133324694,0.29980231169740024,,
2.8721649999999954,-72.30804449994562,-11.317852958860332,-144.04568938134156,-2.720257079304525,-2.3465010534768296,-0.24998206620610994,0.48349048978777925,-0.22965707861074128,0.6558401099440188,,
2.881672999999978,-72.50967566966733,-7.604935793345084,-140.13638243465144,-0.5494387384384023,-2.9062204366236406,-0.4402683993620398,0.4788082944435815,-0.5593746619333343,0.7900975518062419,,
2.9007000000000005,-71.93232096317792,2.2667958569803845,-134.96650693220184,1.0678835127702822,0.7479543682012674,-1.0777427905402432,0.6220178559957403,-0.7840644974025626,0.4605556053271059,,
2.938751999999994,-64.83730812995344,15.060031537540171,-131.07044762036952,1.394886090992733,1.7076984081477904,-0.11822134450831434,0.02749871651862689,-0.535673103580002,-0.08454993605833498,,
2.9482600000000048,-62.98367882432761,16.468508946639727,-130.3046434416516,1.1880595264940579,1.77680565505607,0.18696953708011427,-0.031004297037234587,-0.45491831049908865,0.01949521394725947,,
2.9577589999999816,-61.079866313536954,17.883005357691783,-128.81007828026296,1.6642072884715848,2.3092038415137135,0.6063004060495191,-0.02587750035602715,-0.46156637019228125,0.1592225495036652,,
2.967458999999991,-59.128296957090626,19.13425238479108,-125.97762772185197,2.294866671372826,3.078223152498199,1.245697557358038,-0.03854136842264453,-0.44746577704583923,0.4195932673126661,,
2.9767669999999953,-56.90048403968034,19.842449385033298,-122.78263065169158,3.432210938291889,5.320828557352662,2.3913273294133583,-0.13309290904234403,-0.42869364026494694,0.4664422242090122,,
2.995812000000001,-56.746821147232126,15.544504421016777,-124.86023857619946,1.8666600734975167,3.3609865331844295,0.42488935668959504,-0.4334343172502095,0.4961656197501633,-0.4039698059617225,,
3.005316999999991,-57.145498224199464,12.377094658557091,-127.94428110231324,1.6371036068778797,1.7336559271880185,0.00779983050904347,-0.4771401473215126,0.4391834590376397,-0.5806837207535288,,
3.014825000000002,-58.066214426659855,9.290205539515599,-131.27001837150314,1.0332835772068678,0.7835310849511373,-0.5549831450967414,-0.3729064972966733,0.534934796807535,-0.6059324509940117,,
3.024331999999987,-59.46020141042673,5.8131306365665,-133.93439438199138,-0.4302332634971471,0.27551040342623295,-1.15381220458694,-0.3366488626546697,0.6770244318037486,-0.46754457604345917,,
3.0338509999999985,-60.684040379904815,1.980208084176844,-135.9005167221671,-0.7790537041690144,-1.910713644704019,-1.022898916143453,-0.38149264795641447,0.7178968233639783,-0.3373174673418167,,
3.0433479999999804,-62.89364438419205,-1.6758930304030961,-138.36136236422962,-1.5737018896235853,-2.9418186200595984,-0.9116951555253959,-0.18294298956563715,0.8408380752589785,-0.43396888057705096,,
3.052854999999994,-65.36156381934843,-5.28778822310909,-141.23952571636482,-2.712208423478261,-3.4150783894479226,-0.6425946902675088,-0.09854346210600046,0.874502298718181,-0.552850868126624,,
3.0718829999999855,-69.47367802217553,-12.610745889781946,-147.61564333092244,-5.644376596500115,-4.319992576301324,0.8187466690674817,-0.0497580444298141,0.8208192021766652,-0.6692172656759647,,
3.081400000000002,-70.60354218464023,-14.817969567925465,-149.00228782242843,-5.754989877711279,-5.211469671410456,1.2867054854304092,-0.05175992795214544,0.4967637992571956,-0.26076745837380483,,
3.1099189999999908,-73.90200667146821,-8.71435710170199,-142.17130173000535,-1.300612006866672,-2.9569671882226465,-0.5446226583702293,0.352275827514146,-0.612271857577492,0.7671498438811385,,
3.1194419999999923,-73.77517449962941,-4.14383959404407,-138.6446618336389,-0.10741505866681586,-1.2661833683308277,-0.8930209153929135,0.5545620268754167,-0.7189243424354834,0.7047520930753358,,
3.128945999999985,-73.05959202932124,0.8402012821171875,-135.66749853828628,0.6478412440562789,0.5193047799179991,-1.0184867775373534,0.5640798943826467,-0.8273708532024163,0.5825095342421069,,
3.1384649999999965,-71.16371040602351,5.392076460595201,-133.06131721759857,1.6186164059425305,1.2605530777541425,-1.0938765706643614,0.376482410624545,-0.9073979319209684,0.47806079605395063,,
3.1479679999999917,-69.24379691907751,8.993712356693077,-131.1461660639797,1.9047545121762333,1.4806368272667754,-0.713868882806393,0.26873689548931795,-0.7661805462729129,0.30714912720292714,,
3.157488999999998,-67.46891921947713,11.795883583592595,-130.44632295876522,1.438311165897626,1.8615494213764274,-0.30624551199585615,0.18522540249644753,-0.6312170224704665,0.0472485074002184,,
3.1764969999999835,-63.531656550458855,15.847721162919932,-129.9684289861971,1.4457955409576901,1.756723375524763,0.10730723842067183,0.03285770672089589,-0.5065524546767514,-0.03818403395168763,,
3.1861979999999903,-62.2020540534813,17.520020236990522,-128.44063106850805,1.3065521429787301,2.0552246639824276,0.5400135495304356,0.08590373392757672,-0.40973731317911427,0.20792081510822658,,
3.2145519999999976,-56.400786540747106,20.690912315672488,-118.5167139939993,3.9890195927198153,5.622275926941462,1.9554771278382417,-0.2234730360911409,-0.3365863431560342,0.4633468765146923,,
3.2240500000000054,-56.10979966802822,18.074751221392322,-119.1203606165124,3.812126289060036,4.182726410768524,0.7534186994584763,-0.498572428345381,0.2020342273590458,-0.14691795360135596,,
3.243083999999982,-57.59455781936742,8.974701211085973,-126.81030434474984,1.9094647338055788,0.7781501675160142,-0.45653183227561783,-0.7803278410861115,0.606484194050018,-0.8690749030060452,,
3.252576000000005,-58.95441563967298,3.6002108375760646,-131.7842438344692,0.11091253434855981,-0.303653810061269,-1.1327513952408317,-0.6711281064674761,0.8945286627583721,-0.8967971603814097,,
3.2811159999999973,-65.28349512273815,-10.941363182824505,-143.415266045929,-3.3912846076076244,-4.29995163983127,0.00027854412986067916,-0.03423703855552684,0.9551333241140882,-0.7605300424354221,,
3.29062399999998,-68.25514508744573,-13.95742156750258,-146.80971283978775,-4.527682903149152,-4.761092492898219,0.4095663385456087,0.12494848280090193,0.8323881777904063,-0.7397277894294999,,
3.309650000000005,-73.28852325555236,-17.833788476929737,-150.13507184716903,-5.563512381533877,-4.8323251269490735,1.0529966345888788,0.2116373723732047,0.4752042276277319,-0.22138490341808129,,
3.3191579999999874,-75.91811998765175,-17.493839291274302,-149.2755507288323,-4.4788900151814275,-3.5566174346111175,0.6619691941343864,0.4609224187002711,0.19842625288450175,0.05812240278237016,,
3.3286760000000015,-78.44881942807471,-15.175455498344018,-146.70374115721648,-3.4399939924913157,-2.1743944307875744,0.0331266995797956,0.6511034400392406,-0.13246275696852877,0.4059247441696104,,
3.34769,-80.657625707529,-5.608450099758313,-139.28908223567285,0.07801870217440214,-1.5392464509838542,-1.336301994313545,0.8147273440123818,-0.7434242204423681,0.6844715349148577,,
3.357203999999996,-81.22320877829584,0.37274281312805585,-136.59188984613667,1.0067814440127116,0.4471141585667851,-1.5138208268159843,0.8773366237932567,-0.8125140711890145,0.5316086246362965,,
3.3667159999999967,-80.82262958739172,5.867416280359205,-134.3031671434591,1.8922256244414883,1.2919181357454699,-1.4642934187104735,0.7053858779606729,-0.8401903882932119,0.44167868476487926,,
3.3857380000000035,-78.81773767497465,13.546885087900788,-132.55443624066572,1.7203920946821019,1.8121926778785598,-0.6474256480396626,0.3173429139924996,-0.6153286378405401,-0.019645258932561787,,
3.395247999999981,-77.2311890183662,16.034149398117627,-132.83607556016918,1.437499360616261,1.7299693070575766,-0.4210720366467296,0.14688330617027717,-0.5647279308403357,-0.15873353672824642,,
3.4142769999999985,-74.11025654564494,20.514882689419846,-131.03787178639362,0.8327738870976651,1.8869838903376086,0.10978853761556799,0.1515932154824183,-0.5238132500622958,0.17821675914759025,,
3.4237739999999803,-71.89898016925532,23.251477826559753,-127.90330205782382,1.6383580993106772,2.597566543961548,0.7400553349035704,0.15006694256788694,-0.6676904210578691,0.4432641985857255,,
3.4332780000000014,-68.80931762019925,25.26288569546837,-123.21872610510542,4.01413976738515,4.825828344653626,1.9751679629275618,-0.011895173837856593,-0.6961925739678427,0.6511112828216381,,
3.452309999999983,-67.69085875208543,19.189017306392678,-122.0341668210233,2.3833996244015325,4.307277469821775,1.1938466537238517,-0.6780743284920455,0.6343473347513269,-0.1509602570718622,,
3.4618269999999995,-66.89463576683742,14.87666320459537,-124.31449314325673,0.8160589410556653,2.108774505281222,0.2903298150019925,-0.8176073518116433,0.34474338697913004,-0.4473368110049036,,
3.4808459999999855,-68.4349156501637,7.288437881606771,-131.77778200890023,-0.007219516104692906,1.774681243437623,-1.089568001912611,-0.3500010457823969,0.9167309090609592,-0.5320872393794129,,
3.4903539999999964,-69.36274294677281,2.183716458036436,-133.6104290395773,-0.3788405341169778,-1.0845590557880227,-1.1272297536272369,-0.6335306280291264,0.832514561387427,-0.25718017181144487,,
3.4998589999999865,-70.74061483461762,-2.6275339370365853,-136.83745323761158,-0.0021058913104594116,-3.1891663745140555,-1.2178825940360303,-0.4894397184907111,0.8820934047853961,-0.5477160970217892,,
3.5188890000000015,-75.49047472955053,-12.817463386053108,-144.45100329296326,-2.4562920423848724,-4.804785238593682,-0.5203646998492866,-0.3587376715550703,1.0749903891217107,-0.6828164153791586,,
3.528380999999996,-78.54614050995261,-18.078345895457524,-148.94219867992456,-4.361880574758151,-5.822586133691036,0.7257651292503483,-0.08758551156698864,1.2092004934081397,-0.9721082987040134,,
3.537903,-81.2802125559247,-22.339165023887734,-153.44095810725753,-6.847296697939162,-2.82130262905417,1.8114805865319805,0.03681436833310159,1.0002222685756883,-1.0177884286959376,,
3.5569209999999885,-86.28498318796846,-24.27542371114032,-153.63527175104934,-5.350025405446652,-2.8966668943542384,1.6318819902028225,0.4522145764605421,0.1426486135128072,-0.019219597184543614,,
3.566428000000002,-89.05547687707521,-21.05765410853584,-150.63752212865435,-3.702112159469816,-2.033066238915135,0.1794748052461351,0.7491054360622535,-0.3266494263491433,0.3986674873566616,,
3.57594899999998,-91.08121567118641,-15.91661938260665,-146.86574235740406,-1.8758402813101303,-2.41516751823783,-0.13957472413987218,0.8575327206077993,-0.6780417983720551,0.6383941298932627,,
3.5854619999999784,-91.10244802710099,-9.676368958674347,-144.08949368239948,-0.27560338183894456,-1.8335984543581443,-1.5134341064904027,0.7058257347260556,-1.025237653708245,0.5466238800753361,,
3.595043000000004,-91.56699713687382,-3.340088046475791,-142.11475825448375,0.5766157908416503,0.297217858227756,-1.470328771099107,0.82912535149399,-0.957909846311307,0.36960410917241954,,
3.6044749999999794,-91.29819882944024,2.407583947781797,-140.0282517851841,1.2957908798286255,0.9315092095397719,-1.270681406985039,0.6735944529256178,-0.9292363900926291,0.4073348025810135,,
3.6139849999999853,-90.20451538484366,7.068015091547265,-138.19056714867816,1.7746822055795897,0.9628109553826824,-1.2035936861139762,0.43806684362329906,-0.8489242868515461,0.3187291375102237,,
3.6330119999999795,-87.46524849295491,13.195276050164933,-136.40315115240233,1.8624514304604884,1.5587091305799403,-0.4118830221993191,0.1292857087381639,-0.5982139716111377,0.08596430819924646,,
3.6425260000000037,-86.0367023113002,15.455103659661983,-134.6873784465156,1.8477551331562019,1.5666127478303447,-0.09678688259786075,0.10915747139679484,-0.5192407210080692,0.248614492615469,,
3.652027000000004,-84.74622726848992,17.80229628857599,-132.2035181449407,1.9371735467879025,2.0720265677322693,0.418787668921978,0.1605221029432467,-0.5056482130678279,0.4101360171704581,,
3.6615369999999814,-83.05757030968279,20.21379274729004,-129.16483288340314,3.7316272519150413,4.052700544067033,1.1887674226740195,0.1471762197623308,-0.5604764788990512,0.4820241835835031,,
3.6710530000000006,-81.71658186272498,20.40693252949376,-127.73766112432907,5.130410964533237,5.750755332788836,1.2243776537164592,-0.13732172918697438,-0.2248966376878198,0.18202545633689363,,
3.680560999999983,-81.29625122704923,17.472883454681085,-128.228751755672,3.803006230941776,4.902236861236647,1.2957003130325795,-0.5227864828782024,0.29613845982484355,-0.097360440121182,,
3.699584999999985,-79.55197622510894,12.553821023309826,-133.744788606025,1.961350332305141,1.5206414640735655,0.0015249380576938412,-0.37834418116443674,0.17417879423567617,-0.7283707599686338,,
3.7090949999999907,-79.61376833580462,10.507002981334168,-137.11371774504906,1.2781831502243866,1.4814693807871246,-0.517793740510984,-0.2897099174426619,0.3001382057982225,-0.6545216634600843,,
3.7186030000000017,-79.87001152809499,7.4672412268061,-139.32533114792503,0.3308248220529149,0.16140913929182896,-1.1785177470227357,-0.3777146238389447,0.488228109467454,-0.40312551535874697,,
3.728114000000005,-80.90925215878809,3.2668447526882867,-142.29473514445922,-0.16907487835190887,-1.597913454368322,-1.427832172001383,-0.37893592960863615,0.784639803653834,-0.5154406061555604,,
3.7376239999999825,-82.64533807938524,-2.237055148062069,-146.5379941367829,-1.0090880524302588,-2.6064018118493246,-1.5681513965574243,-0.36391902853353963,1.1017697077995292,-0.7671404786399888,,
3.7471359999999834,-84.89628485671153,-9.067197245390727,-151.03623204016816,-2.3747025327036093,-3.8266975459498105,-1.2361345123647065,-0.3268910887837495,1.4064786570904144,-0.8484618226205701,,
3.76616199999998,-89.4435947616492,-23.097409845090244,-160.0350780785556,-6.621278300200378,-2.7361955283359474,2.4824479095769716,-0.153056722663072,1.3509179150887412,-0.9249900236495546,,
3.775673999999981,-90.61195837086022,-25.715892584153092,-161.24527597598174,-6.441362935642099,-4.765092107745527,1.578505473934106,0.02555141177516423,0.5695946488115032,-0.2846236220065821,,
3.7851929999999925,-93.04444912485125,-23.90101883109279,-160.09954549963143,-5.8432305526074595,-2.639573586445347,1.5894720166537295,0.534452314380512,-0.19289518930103733,0.04502037517916106,,
3.7946819999999946,-95.22382892617594,-18.74187177625233,-156.6309236417442,-4.092203800142238,-1.9218274992771351,0.24560452536013702,0.7552128125367134,-0.8071086900513905,0.5378295445235876,,
3.804191000000003,-95.95663642957877,-11.899217537420297,-152.46539628760723,-1.8182305421701785,-3.131132096855518,-0.9746012055196274,0.7128487815599719,-1.1738226660674038,0.7767296697600778,,
3.8137059999999963,-95.77814265986784,-4.854231738166842,-149.1586033066747,0.02607636043274248,-1.837729555978821,-1.8821729965472884,0.6527039654778353,-1.246951398368717,0.6332576146295735,,
3.8232289999999978,-95.95563617964109,1.272773770607613,-146.32056962385516,1.0277284010697405,0.41338946455963904,-1.4114783788111465,0.6787588157976858,-1.0177967753772001,0.5390753391486292,,
3.8422300000000007,-93.44020311937582,8.52226771462086,-141.21739031204,1.9958459192211164,1.010119435748217,-1.0795840373486394,0.0659868562855555,-0.6317040585095732,0.3886074977292852,,
3.8517319999999984,-92.2276121574758,9.893200232836048,-139.98938478730378,1.6075142562773463,1.338327171865242,-0.41492624175892917,-0.020136911994313,-0.36600167270593004,0.19772389673943608,,
3.8612750000000062,-90.96397482337618,10.913080132302587,-139.00363857552898,1.257015473640874,1.185394563833379,-0.07891838519260162,-0.0662070554239098,-0.31875064013779575,0.1557908624711982,,
3.880455999999981,-89.34151210705028,15.62838863424603,-135.21111394498084,1.5519681158221115,1.39098113384484,0.5081110786278057,0.3356751111150837,-0.5193186161137845,0.43348645247408135,,
3.908815000000004,-89.21583680448337,22.45621235710785,-130.23577392186115,4.243338642437127,5.57190477534843,1.2413494268967005,-0.03791842989526867,0.24285768730313076,0.030303303332345297,,
3.9183249999999816,-89.93119446994538,20.156378706474044,-131.37315731100895,2.025565390423105,2.024911403044723,-0.026462034301760955,-0.27129045323475665,0.3981881798330831,-0.1399572655515132,,
3.92783799999998,-91.17671312275898,17.966257950103817,-135.09455569015253,1.914335925669864,1.6644671924270595,-0.44447260713258513,-0.16785032684053836,0.468965557401857,-0.6318649182647795,,
3.946860999999984,-93.17984617332728,11.176975092410748,-139.9422960351421,1.1036127413504346,0.7668714459245976,-1.6350906267179535,-0.4043165398455412,0.699745592347469,-0.1527529748552808,,
3.9564609999999902,-94.58301921076134,5.877153913607624,-141.5582484478344,0.06567442244648734,-0.5323633168143111,-1.7896204192692402,-0.46175773066592013,0.9974809242428715,-0.2015804005287707,,
3.975375999999983,-96.24812712503423,-7.579001000127029,-146.32440865275487,-1.6002359995276214,-2.1182884481983453,-1.7527184428983669,-0.6831498979168245,1.232483545061826,-0.288099552431864,,
3.9848889999999813,-97.57894680247466,-14.519238281730022,-148.0901579784481,-3.354116374284349,-4.134826322303016,-0.5646764066881114,-0.5290738979731522,1.3144739065225917,-0.24488720703897648,,
4.013437999999979,-97.95471090706103,-25.97273594877072,-154.5394609735646,-6.229912411058917,-3.8833466702427364,2.158840209939841,-0.05786483667431069,0.20998859031072992,-0.07557053296686837,,
4.022953000000001,-97.49575279910711,-24.354621386580803,-154.07940833167748,-4.926283802804562,-2.6811725922842924,1.1285247373720606,0.06266429191211054,-0.3252683447106704,0.15415938750247493,,
4.041955999999999,-96.66131449910195,-15.992989036882776,-149.22032350434407,-2.3448824410732034,-2.8588443127202634,0.024010705706807477,0.31802274159399097,-0.9178760445577535,0.557214258002594,,
4.060991000000001,-94.60105479224238,-5.314605727947113,-144.61968169579612,0.09033700600503966,-0.16588666077165562,-0.9272741053585539,0.4844828225309179,-0.9512119370762561,0.453201535033966,,
4.080005,-92.60577191233396,2.8565444279991543,-141.04445485432342,1.5783154418979037,1.3338001289917705,-0.8845971776254121,0.2506201051066478,-0.6922846801569975,0.2401912870021583,,
4.08951399999998,-91.34285828727694,5.111542551635756,-140.65970422230876,1.6282355748490998,1.6190645019420358,-0.5703230720893778,0.08114315964281739,-0.5102590182955964,0.04043991317237396,,
4.099025999999981,-89.70445478281187,6.442698462036852,-140.78908616385615,1.3281031082274268,1.0791394386094013,-0.4804015096160085,-0.09286146049982591,-0.4138588103537616,-0.06889062511260875,,
4.108540000000005,-88.10900204758985,7.412212854693525,-141.1101499531557,0.7633114559633926,0.7266710362866758,-0.3942855134069011,-0.13335110760201754,-0.3512722945671752,-0.10739320970465491,,
4.146573999999987,-82.71891081869786,16.077088190702177,-131.2521832403038,4.333206697377856,3.2678529614973,0.8599362939911159,0.24808688249497243,-0.5378237880794035,0.8070071175050249,,
4.156090000000006,-81.9917821983315,16.195825858380164,-128.6909389222243,5.665475376222128,5.540603792327945,0.5150364012650593,-0.08250116929749267,-0.12542990979684762,0.4802435447509955,,
4.175098999999989,-81.29461106992774,9.835703470052684,-129.50108754669102,1.469983569493215,1.82944920641595,0.14532919802509026,-0.5813533656639607,0.20418807433933076,-0.21478642081657826,,
4.184622999999988,-79.94636478836368,8.12265257442313,-132.90815306576383,2.613952944373158,1.413758694929627,-0.4625038046442914,-0.44422137777006643,0.0244785671933269,-0.7053035100958622,,
4.194134999999989,-79.86123254169522,5.712318294365193,-135.6035948902254,1.4018009179616215,1.7254371557894739,-0.7606004749614592,-0.36774383876432987,0.32443374768105665,-0.5324552928061449,,
4.213144,-80.10671305838723,-2.4707461711238268,-139.3340435009932,0.08586746166099682,-1.1577992215432782,-1.1899593242385993,-0.568602927629569,0.7069535334051499,-0.45317579044742856,,
4.222673999999984,-80.70948506367671,-7.72245636745955,-143.31266163700107,-0.7679257500370218,-0.8378779118001888,-1.1632422879793223,-0.568656432650353,0.900384298265833,-0.7224848989023339,,
4.251180000000005,-83.15789339092531,-24.695329591707896,-157.85307061292244,-4.775730753730747,-4.900249055661996,1.510032748519388,-0.31931715803068395,0.9595544819560472,-1.265711116769365,,
4.260700999999983,-83.83290657839882,-27.87113929346887,-163.0118412572567,-7.070424415048416,-2.5804420531121885,1.8771476558047122,-0.10069279382562532,0.6458036515425427,-1.049924535642183,,
4.270208999999994,-85.36697688894644,-29.184808385592227,-164.01878172820219,-7.111911090562359,-3.9490478198173773,1.199250828192616,0.18215046318704647,0.3342611821611767,-0.31952224571789284,,
4.289234999999991,-88.9108087167591,-27.35034007989276,-157.84445827295605,-3.4150734710430593,-1.6442013188959195,0.8779846764311967,0.4962161554246173,-0.24341291393029127,0.7478579104849691,,
4.317787999999979,-90.32242760613582,-12.498551680347886,-146.4120932544832,0.876033579086983,0.2445574206519547,-1.361575695213057,0.5894048988696173,-0.9166672884758837,0.5318347284019875,,
4.327276999999981,-89.90790113577405,-7.698023165141666,-143.02411550501154,1.3514216987947187,0.13440807757931028,-1.3421055414493306,0.482366283482078,-0.8302564506928098,0.6772089784082772,,
4.336781000000002,-88.86464279383607,-4.0802826971451855,-140.9240052351538,1.4201372326954602,0.46165324042185607,-1.2658777196033144,0.2754158071149835,-0.6977880679774311,0.42818597159800265,,
4.3463059999999984,-87.53251450976221,-1.783560777606479,-140.21510804535725,1.2488158487988452,1.383305948185929,-0.8105517251383778,0.07848883553970222,-0.5239387096729413,0.1422927593084814,,
4.355800999999985,-85.53330540690597,-0.5459713209642029,-138.95194455523512,0.9995722408811678,1.2421954633771188,-0.5801517524628946,-0.15209548637031908,-0.44807700513696885,0.23271366481982272,,
4.3653209999999945,-83.23653550613065,0.33185230770625884,-137.1643475684674,1.0735085476253325,0.4885806961308291,-0.47816857206569013,-0.2332045609695886,-0.43819486671786473,0.33751672281552686,,
4.384344999999996,-79.83455805640354,3.8472671938777916,-132.98652783487626,2.026168830812188,2.2676540703637307,0.119182801879166,0.07771096384592023,-0.534925387231161,0.46786327243414955,,
4.393847999999991,-78.18518148577111,6.607915268517798,-129.03326225275225,3.616855742186647,3.604187083159813,0.5372430307159819,0.19163136952852264,-0.6120208754243748,0.7395527885897059,,
4.403356000000002,-76.50317669890809,8.114206314527932,-126.88421427894255,5.348493264157262,5.753559083831417,0.47546620472482887,0.022118298525588994,-0.45053279452652006,0.36816542596345203,,
4.412871999999993,-75.7383396784787,6.650210718620368,-127.2677793986127,4.017483005087106,5.0463870978427785,1.0596772830215968,-0.3361735953382242,0.05391469527351485,-0.10496062904176667,,
4.431893000000002,-70.5357756336982,4.386586797753609,-132.27132346245884,2.938674891092256,1.6573807831995533,-0.010898337091273748,-0.49715810121939225,-0.45433234255288985,-0.754916624628186,,
4.441389999999984,-68.77999426811279,3.926105215505726,-134.42824123578882,1.784566460003884,1.8703651032425042,-0.41560813369515004,-0.3184858136888511,-0.1914225172267443,-0.5077270747201401,,
4.450929000000002,-67.01188078083037,2.5133659066691956,-135.36095130935297,0.08660027995903016,0.8021893464128187,-0.7280064967947073,-0.4610072944218108,-0.04990889138192668,-0.23488676417689947,,
4.460420999999997,-64.94374554776118,0.6115971429893248,-137.4806866099724,0.7074886792259854,-1.3440960946493306,-0.6406593181558496,-0.5735264875895604,-0.007978454408354613,-0.4605810010038145,,
4.469928999999979,-64.49595191532563,-2.446682678765816,-140.55092969674791,-0.94101362716549,-1.3836938217563004,-0.6929010172699214,-0.48021118917643807,0.4066031979875553,-0.6127600951021092,,
4.4984549999999786,-65.19872298857476,-16.544151591758684,-149.92691009251016,-6.0175775813558605,-4.338605866438618,1.5302334153755142,-0.3835107030244578,0.831418256084376,-0.5517630141562032,,
4.507971999999995,-67.16389298453424,-20.036547165028384,-149.69335936126498,-5.10767942889092,-5.502710481774276,1.4967486720300622,-0.03459550291707047,0.7983503964788703,-0.02363952385862179,,
4.526996999999994,-71.32737669888107,-22.771576597038056,-145.6052071689798,-3.060898760477344,-3.378793435628041,0.8361871873884926,0.26728852072478426,0.31530415922069627,0.4010380650148991,,
4.536508999999995,-73.38612558874112,-21.269778318246853,-142.91655798528112,-2.016682489159796,-2.84814663901367,0.5561790655033746,0.478681123097723,-0.016103415434976332,0.39447756285138363,,
4.546019999999999,-74.66576646180549,-17.7760318250398,-140.44058799961715,-1.3332996093851,-1.9069219977225824,-0.48405177489431306,0.6157196760747544,-0.39496147745224724,0.4132627386607092,,
4.565115999999989,-76.8822808037918,-7.451572934881218,-134.96940852009374,0.06676483958063845,-0.3843940383972365,-1.3507205862279439,0.8722202338036696,-0.6788602003225348,0.49024443662292877,,
4.574657000000002,-76.99594023158895,-1.9606554154051032,-132.99473752747608,0.7121429617830515,0.48830227949944743,-1.6203814643913015,0.7985228221362858,-0.7451163429985889,0.3606153591317289,,
4.59357,-75.72310462046201,5.839800019056215,-130.56955506493819,1.2545986943851637,1.5148312405742062,-1.2067213244590407,0.3464651583249024,-0.5617926314191838,0.15966588432445522,,
4.603087999999985,-74.23760799584522,7.666130751874429,-130.18029402332962,1.351301136108248,1.5631269307372007,-0.8335381181816326,0.07703713922828183,-0.4625007339204319,0.008775187092447394,,
4.612586999999991,-72.39409994893363,8.53742543878901,-130.2013290507525,1.6972707665095672,1.4637210164890881,-0.4876054086205604,-0.1131884936004172,-0.3925533316731572,-0.0890549063951641,,
4.631604999999979,-69.16185496928775,9.192157497220272,-128.85879445974405,1.5662607891021025,2.416859203570896,0.34916980376936524,-0.16869468559753487,-0.2901911477952086,0.14636902655898737,,
4.6411310000000014,-67.1027998330644,9.831201531011924,-126.722522690815,2.3515576542121397,2.8124828644760873,0.7214062324502057,-0.1595103808240949,-0.4007873016783503,0.34033138039385763,,
4.650638999999984,-65.22975863998424,10.506244112028751,-124.30548519349936,4.183662459940326,5.3632575183662325,1.8754146450710052,-0.11609887766187531,-0.380372305143796,0.398721870702313,,
4.669280999999984,-64.95550012688253,6.683657977200918,-125.40035788610764,1.5241248930871527,3.074554034458362,0.6055529004342816,-0.4069655785119843,0.2984517950322787,-0.22333764933825584,,
4.679172999999992,-64.43452700561956,4.864149753557771,-126.61065661058537,2.0977887661844066,1.8174841846091074,0.03173862760824099,-0.3675241563180214,0.13002625653750458,-0.24570518826290355,,
4.698199999999986,-65.20745859540533,1.0910496891987698,-127.61653159807743,0.836993740054392,1.070289025972688,-0.8758242057680057,-0.3065541163439939,0.29572229146319173,-0.05390935046925822,,
4.707702999999981,-65.86632499977912,-1.6299451795381918,-128.43473149746626,0.6427642660882821,0.1976064919547509,-1.2059982685243569,-0.358722212868927,0.4404970534244324,-0.14158602841302473,,
4.717290999999989,-67.04573764424225,-5.3535470783178205,-130.09389401105477,-0.18632771630189396,-0.3184980606737848,-1.3135027517381563,-0.4369725925597827,0.6568347037598584,-0.28008537857847116,,
4.736237999999986,-69.79542064620057,-15.004446403358134,-136.4545842231752,-1.6706022066039508,-3.8394213820404444,-0.12581926877783176,-0.486196736510839,0.9355130380461162,-0.7685137279412766,,
4.745738999999986,-71.22869501220039,-19.55457307333115,-141.82513630991238,-3.407207717715198,-5.208251459729419,1.019933618356252,-0.39407700103880533,0.8743117603119197,-1.0839500588915825,,
4.755245000000002,-72.45688541266819,-22.994662931296443,-147.24894286669632,-5.716719396442495,-4.973302006492535,1.5987131464610131,-0.21828016009959875,0.7001389665757898,-1.1208323784613745,,
4.774272999999994,-77.15118996305489,-25.69298552382403,-149.73883244112739,-5.410481095887823,-2.991176585585011,1.2483699621179827,0.29275233515951604,0.3905507960729758,-0.20175901750548603,,
4.783779999999979,-79.02612647914034,-25.446883619076072,-147.65804260425912,-3.620226651952071,-2.420721029603282,0.5884646011250764,0.30975298295528864,0.13875945895971148,0.28024957353852636,,
4.793286999999992,-81.54729124627097,-23.238589940403894,-143.8244038190274,-2.0909351570173262,-2.84678153593664,0.6102734590529649,0.6233978818347973,-0.10248729094103005,0.5792222405046766,,
4.802815999999979,-82.74916557855767,-18.880110117261104,-140.81589717783453,-0.7026535817814958,-2.094357089383939,-0.6104781552293551,0.7051955278856632,-0.5497511871025921,0.5139222641202412,,
4.812400999999994,-83.85112159864782,-13.230999620891666,-138.3515885978718,0.1331675621180766,-0.09973437527200679,-1.5622999192340357,0.8885459032738655,-0.7204808974142609,0.4149387661990867,,
4.821822999999995,-84.7586225418969,-7.347891232190011,-135.56563965269999,0.9104705337961673,0.7000130457494684,-1.659050046063071,0.9276404368063856,-0.7369735897484256,0.5084503434033479,,
4.831338999999986,-84.62412164902085,-2.0522130346253604,-133.52480638097208,1.5231956894239935,1.3052047915620484,-1.8761338269581083,0.7291069264798407,-0.7622660027585538,0.3926706967131913,,
4.850351999999987,-82.49257545227638,4.159875414190768,-132.452267209264,1.853852815585154,2.6206714418248382,-1.0930304964940472,0.11918847919819239,-0.5281461324901943,0.03663624708883324,,
4.859868000000006,-79.98366543170366,4.920351132122779,-131.7767413289485,1.9188033349617253,2.1305711063177477,-0.819771100499379,-0.23226942233470607,-0.47475335336352975,0.06955810255098556,,
4.878886999999992,-74.6039736732908,4.481346790076603,-130.3286266537181,1.6588696819849618,3.018355443664349,0.03660685506691518,-0.42005126804819226,-0.36740598706079153,0.10404822967133315,,
4.8884029999999825,-70.68605808495367,4.052601969781765,-128.42685325814648,2.3440656644107944,3.196010447632767,0.07884384123873138,-0.5729453464188724,-0.5513700553683973,0.29791696025494135,,
4.897915999999981,-66.33392800949241,3.3545450335274167,-126.15508815064375,3.6827928065932243,3.9081823867289964,0.14296628011638168,-0.6484710726672449,-0.60853895478232,0.3671469882087342,,
4.907413999999989,-62.259321647742375,1.5512183017031151,-125.12205461103065,3.072655718418929,4.354692241648323,0.022430397651980617,-0.778458567035805,-0.4547700818595769,0.09940817990628008,,
4.916938999999985,-57.54652824146872,-0.8808788530673922,-125.17557021815777,2.6492226364167513,3.073260870240633,-0.3308217482801705,-0.9512569470197992,-0.494625380398649,-0.10332338129159396,,
4.935957000000002,-48.47091843141059,-5.824844502719766,-127.2180576739459,1.1248355147865876,0.9191440600213195,-0.6748220703618303,-0.9061163149273302,-0.38257380455136325,-0.3377500215840365,,
4.945629999999994,-44.76603199594899,-8.622059173695762,-128.8574390736167,-0.11359508679960012,-0.052263656359766535,-0.7384179503224875,-0.9056584756309289,-0.2373144551093468,-0.36340981999296357,,
4.954981000000004,-41.67774161950493,-11.857281246609226,-130.4629676111735,-1.1801764272286508,-1.734210327447058,0.017648722677265832,-0.8992933301724482,-0.05539631015352368,-0.29470008866868486,,
4.9644779999999855,-39.76391185977265,-14.520269676219902,-132.2931511649774,-2.2483812360015443,-2.7395859323644016,0.7616644451367456,-0.6593127233683892,0.07448054933204573,-0.33550639314817887,,
4.983508999999998,-38.74318955337611,-18.256990987956,-134.33819887744363,-3.9222888704762604,-5.577839674552849,2.6005140419305777,-0.25251021213308006,0.1946125561543503,-0.17724195554373381,,
4.993011999999993,-39.825687988017265,-19.464491844954914,-134.89523264228512,-4.26237351630536,-5.150395102245333,1.960874101425325,-0.04025771053655126,0.32039523893226685,-0.19746760491970006,,
5.0025229999999965,-40.81995132828687,-21.285545216531567,-135.3070096500867,-3.7363962427557187,-4.352949750135351,1.580136091847195,-0.1370847078713402,0.3947609669958884,-0.159584857996344,,
5.021726000000001,-41.420294229973955,-23.477476431931407,-135.89096017500728,-1.8928368714577746,-3.0887503430848793,1.467367690083617,-0.007866754039227042,0.1614974471076325,-0.05218229912162549,,
5.059582000000006,-47.39446359986647,-11.263501755841627,-126.36074280488306,0.529301822851992,0.3234796834563625,-1.1956833349873248,0.7745389601838683,-0.3222170038554543,0.5028233192091676,,
5.069096000000002,-47.39242038805658,-7.388840891154716,-124.61163738322749,1.236572345492964,1.2046062318874828,-1.4398708567801226,0.6195213141072279,-0.44829622166863786,0.32322755630114547,,
5.097629999999981,-44.18492225542526,-3.348505071691574,-125.25028014916212,1.4255919397122128,1.9127691665488786,-0.4353624903019297,-0.12518349348604185,-0.29903663819560566,-0.2718309942972064,,
5.107130999999981,-42.294913367635225,-3.5657822052214527,-126.41896670374605,1.528416729952024,2.3514435416408372,-0.4172159756816389,-0.26870206764254334,-0.2796833597281139,-0.26993250947445685,,
5.116649999999993,-40.54558910271311,-4.376176958744234,-126.62828423567142,1.5988029187777393,2.8591135371917376,-0.22861398540002723,-0.35105229757186396,-0.18305437954125545,-0.06439325777790807,,
5.126162999999991,-38.792775927644996,-5.256117569154423,-125.55057077637449,1.7112958204827196,3.4931832512802155,0.09596515185804863,-0.3613204431631845,-0.1775944840002051,0.21505979459751995,,
5.135670000000005,-36.758142891548516,-5.68446260076784,-123.60117381882169,3.1945512631007587,5.60819305325435,0.42043051378472074,-0.3136119995646325,-0.28443382395905276,0.39184701913684544,,
5.154687999999993,-33.198299403584926,-7.835221969503392,-121.45168683189475,1.5996618069267265,3.2005309125659256,-0.4573793517517222,-0.409951347916235,-0.18524698667414105,0.21736716489918811,,
5.1641970000000015,-31.155808872100653,-8.643182778503995,-120.7990713604107,1.431826444844992,2.4006804242820325,-0.8704198797710627,-0.360733110207569,-0.2627635824436113,0.14675914182706334,,
5.183232000000004,-28.461002903512778,-12.604103888711286,-121.33356132947455,-0.45994026029601626,-0.1798601680458405,-1.1443367941654765,-0.5804057799004607,0.0874769298261499,-0.09860669153780736,,
5.192733000000004,-27.662711033365326,-15.748957796045499,-122.82823108494082,-1.2805473137307632,-1.8138454449078432,-0.2300063427172881,-0.6295408400736306,0.20388332208640686,-0.28019621299205655,,
5.2022560000000055,-27.268635121315654,-18.360369647659674,-125.34838196805072,-1.9392315679236278,-2.816116210467542,0.44728758572438687,-0.4889400968522702,0.23217800494712335,-0.5008146504643948,,
5.211753999999985,-27.369263660206506,-20.917648134562317,-128.2383728674269,-2.7823372082418425,-4.173175850886847,1.3592972691667868,-0.4121298461185855,0.3244179623822251,-0.5996433357547105,,
5.230774999999994,-29.780501438873966,-24.39794683622356,-134.3384444498567,-4.340943798780482,-5.621165091502859,2.556501550271216,-0.06216799449727453,0.42436614050267635,-0.7058135223848618,,
5.240465,-31.826839053825424,-26.574444622295054,-136.02395782863272,-3.4828826870749627,-5.33953941670099,3.086024453365719,-0.057113730989234564,0.5748458796169885,-0.5186470552745245,,
5.259484999999984,-36.84078170545899,-28.326107497410042,-136.24429130617978,-2.0048253743317246,-2.716283024549016,1.0342037871085115,0.25488287749379107,0.3753921626687206,-0.09753438908450741,,
5.269007999999985,-40.564735694579205,-27.570219974729852,-133.90236401448993,-0.9239480275593889,-2.1600302632561323,0.6269834241263073,0.5617447791640119,0.3630020323269298,0.12519866582044617,,
5.278328999999985,-44.98053277116141,-24.883827501910847,-130.79257023517613,-0.5929670899452367,-1.1651999122480834,-0.5019211950196361,0.920364854545609,0.22772459352668248,0.2526947970201132,,
5.287932999999981,-48.973250605329845,-20.75287135924226,-127.41317746439964,0.21769863187022268,-0.3465283126098816,-1.3105400933844613,1.0950006803156904,0.05304563201402567,0.3869557991338182,,
5.316377999999986,-54.01604630742756,-8.510437983055631,-121.83908494819622,1.319869472706789,1.0387313204526654,-1.7553209977528053,0.5653587299334946,-0.34135974965739513,0.11185317983356437,,
5.325876999999991,-53.18455617679933,-6.814358721278604,-122.03691105536315,1.2999536333474606,1.0030086037613388,-1.3738169761668424,0.18911477116350164,-0.3186991780199768,-0.03795792428241681,,
5.335387999999995,-51.6826459960318,-6.402727241067164,-122.78514787806036,0.8700261697434568,1.116087305728209,-0.9425734446673811,-0.10239434055972815,-0.2955926237583284,-0.14355745614389834,,
5.344910999999996,-49.16206888707893,-6.424165372664405,-123.63038544307915,0.859771255594821,1.5312383706056978,-0.7717756250613386,-0.29002649319509544,-0.41658975998959075,-0.1478643226357876,,
5.354412999999994,-46.52180116580935,-6.481752672575088,-123.63944910221828,1.2906706396178333,2.25003915459138,-0.4581158166538281,-0.3124372236512551,-0.43029566706298394,0.01835921944950608,,
5.363927999999987,-44.28918871210654,-6.374120749166048,-122.15348053566755,1.1664128186804794,3.4424928769185392,-0.21061141799430874,-0.23554957855492278,-0.3840561966663736,0.31981595869923135,,
5.373439999999988,-41.4028050742926,-5.7292319157656,-119.7372754587946,3.2733999250803105,5.934857899946462,1.167382863696708,-0.1971513113434832,-0.5591901136400393,0.5144373294407266,,
5.392459000000002,-38.13351839963736,-6.057730652272157,-120.68535834415918,1.2246360139279375,2.746933842080356,0.35389509588093304,-0.21025127382685033,-0.23889226459449703,-0.10887063152297916,,
5.4019619999999975,-36.51675159165851,-5.326443219272668,-120.48507659953958,0.7727484961054104,2.620744449255945,-0.6853205700304875,-0.050821521473857156,-0.3512531645098362,0.04473106496228419,,
5.411480999999981,-34.77626942794158,-5.701664928327408,-119.13979881043048,0.4710598835260168,1.4934937081947077,-0.8694592058433411,-0.25085903524419745,-0.2635826590709364,0.28060076630395964,,
5.420985000000002,-33.30835559557939,-7.601003339108554,-117.50895341057597,0.26992107489649964,0.3827231288940048,-1.0545506501641038,-0.48673844494061,-0.07698659876729501,0.3438621948427325,,
5.430504999999982,-32.678800767997856,-10.300260916058317,-116.97776911368015,-0.2414883728277382,-0.6725349415971409,-0.7223383288054768,-0.5510626420655593,0.1363740005824563,0.11728490091293953,,
5.440008000000006,-32.328923223717766,-13.367441955129394,-118.13379231277118,-0.8415007955874755,-1.4795739778462373,-0.6682635084327679,-0.5896999696383278,0.22343748454546003,-0.22282816617012915,,
5.459029999999984,-32.22912180448037,-19.820701689335955,-125.15359103573037,-2.579790676246165,-5.5154090870469386,2.464515037382771,-0.48760173277744323,0.33601445568569255,-0.8830883174075375,,
5.478048000000001,-33.254468921103275,-22.615255338527092,-133.6668477947798,-4.480845013279686,-5.667386938991122,2.519352808713645,-0.12111908785045754,0.3237203308450964,-0.7383115411509886,,
5.487561999999997,-35.7459313895196,-23.5730212636802,-133.91169329881836,-3.7129313317271575,-5.15777581608111,2.619534049655584,0.16675548829869552,0.46860862864588765,-0.2525113103674418,,
5.497063999999995,-39.07904487012107,-23.079271894860025,-132.13303376591062,-2.3867139990434283,-3.5064535396764605,0.5734932402382749,0.47852983620024364,0.38462309322976174,0.10746954242509807,,
5.506576999999993,-42.48786473829938,-21.663581025840728,-129.20778247553793,-1.1359056848564406,-1.9438996621980917,-0.12362284113905361,0.6146896011544293,0.2968322743881375,0.3623122529383921,,
5.525677000000002,-47.597494000000545,-15.785448874499117,-123.3244865447582,0.6467768495198818,-0.17828912595109309,-1.469285715149953,0.7969903904283934,0.017313342064929432,0.4309577070611912,,
5.544623000000001,-49.5454605767323,-9.187313975052977,-120.08446447038496,1.1917435941367651,1.3072242186075729,-1.7760346113251129,0.5263089167277107,-0.32174813268670815,0.23530057622456352,,
5.554132999999979,-48.70256689682216,-6.6527711685937145,-120.03428457394459,1.711453935359185,1.3022317303808428,-1.1825064706485486,0.34334123869393557,-0.3980555888199038,0.012706465781187774,,
5.563647000000003,-47.23191400759295,-4.792853677102202,-120.93568669233802,0.9652513069098995,1.6767024694495551,-1.0113290347328325,0.16016443649347084,-0.44064529083527976,-0.18197895124750676,,
5.582674999999995,-41.606868167611836,-2.7872630360027566,-122.82845420014688,1.1698043109600258,1.554342742088344,-0.21923633148749877,-0.17794717004803348,-0.5538370278435509,-0.1703396145524897,,
5.592175999999995,-39.139843016175014,-2.2622998213064625,-122.64749926400725,0.4099186021108916,2.6615659577732593,-0.5111803012981841,-0.19055308991030842,-0.4714738828069212,-0.0010346440746086952,,
5.611200999999994,-31.972117168410175,-2.341150302279963,-118.50580515368614,2.2043453881110597,3.6642553287447033,0.38453999681587786,-0.4134379796382967,-0.5940465895030973,0.4967553480562616,,
5.620702999999992,-28.53260259012428,-2.8381527549444803,-115.79184511462145,1.975443099789069,4.4528354640895955,-0.1549328903985298,-0.41521278441038517,-0.5681167907186684,0.5355414262007221,,
5.649243999999982,-15.166446500454894,-6.771321856669759,-114.31582740525121,1.1025461902268745,1.7053391512011746,-0.7634755022876708,-0.6621237683469615,-0.6671035607006071,-0.2883606835406585,,
5.658931999999993,-10.927522107875806,-8.667553103365247,-117.09219662815818,0.18123179036657686,0.14424287409563613,-0.7770887034703354,-0.7171979921906515,-0.5979192706608237,-0.5670188388064222,,
5.6777720000000045,-4.659509924559236,-13.852509795946899,-123.35654513458763,-2.558755515701137,-2.8779710328407497,0.35972141669842334,-0.7234579744844142,-0.18844013401408344,-0.5547469561598709,,
5.687284000000005,-3.1173194187096995,-15.801979533551796,-124.90004254719616,-3.126115594356736,-3.5279520601536865,0.6893801896691327,-0.5040650990970126,-0.02844933123101389,-0.2589913936293967,,
5.696800999999994,-3.1259636152725156,-18.16802669400416,-124.31983423304442,-3.480982415538751,-4.629465230886319,1.4607972783787848,-0.4024600435807543,0.2705817393797402,0.1207033603848293,,
5.7158179999999845,-7.146501041914994,-21.437761668582375,-120.16870208220078,-2.6180378188652766,-4.764560506014805,1.4199524415805556,-0.012233132419524392,0.4797990727591079,0.30952166709384604,,
5.725504999999998,-7.992405991563249,-22.786147007863224,-118.95847883462211,-1.6864718468718312,-4.0335042713037,1.7528574849622254,-0.17067941765633465,0.26905944186333347,0.21611735258430317,,
5.753874999999994,-12.667544013588696,-22.070412250084445,-119.95820262321524,-0.42617956609835883,-0.9779837490813863,-0.6009408575468878,0.2793921966088403,0.08743177076231659,-0.23353917203217434,,
5.763550999999978,-13.962208618395982,-20.838587795865887,-120.44514146975145,0.12620677487535398,-0.3875734252877808,-0.26327326427848713,0.3207463864033859,0.08447206987439568,-0.1921550445722695,,
5.782322999999991,-16.34832950744826,-15.433022347532642,-120.2123852408875,0.593502665621556,0.8435327975095241,-0.5978211385539076,0.6017145565547041,-0.17939034713566193,0.026578332708952844,,
5.7920839999999885,-16.76793035827708,-12.324410669230335,-119.39353314151553,0.7818344227261574,0.9508360376475375,-0.25995550935339845,0.5668610387416738,-0.2385910357366074,0.14343759860540678,,
5.801402999999993,-16.690802060368824,-8.89121103847296,-118.55594538831255,0.7801929229496033,1.293847848706308,-0.29005120215817676,0.5804938539178917,-0.34606683338379973,0.15397104055061492,,
5.82043299999998,-15.147661183664844,-2.8722234361530523,-117.9007285706286,1.2699210365739242,2.24383690762875,-0.19522390428223177,0.3727404790515948,-0.36007898346775696,0.005341867861849239,,
5.829935000000006,-14.482536308760505,-1.384540428472111,-118.17983114486029,1.0723111422930929,2.6951932187934458,-0.19701822502877783,0.18704878389554633,-0.25743122593123263,-0.08208367122538741,,
5.839438999999999,-13.388773915126555,-0.5963544993798374,-118.79944114408464,1.2047811261113601,3.1204869109458198,-0.20332735113695866,0.020936865189685867,-0.26774238797501887,-0.14394560994470543,,
5.848962,-12.141690831933854,-0.761376838768618,-119.41365367132136,1.4081430185300459,3.4162946989773846,0.14434919648401928,-0.16370243365041032,-0.20211697292512443,-0.13786942586707673,,
5.858463999999998,-11.009639260415378,-1.868481724622215,-119.72652284738126,0.9915015770080822,3.2579741338513952,0.20422119431791544,-0.3180760640292736,-0.08777343124630438,-0.06942934689624357,,
5.867986999999999,-9.61882828618056,-3.1357437580149745,-119.5927571375632,0.7598688824104947,2.9484162698012346,-0.15558081868049284,-0.37161775710998657,-0.11628613644497295,0.03606264627436516,,
5.896507999999983,-7.087981426744626,-8.60788665185233,-116.73975668087795,-0.12468233177297242,0.685866677197843,-0.8961336830254021,-0.4437533268566324,0.1295581127566328,0.2660907692146636,,
5.906029999999987,-7.006391068924899,-11.035818489711653,-115.68764062827276,-0.44956607698678674,-0.21555810719369217,-0.9952850013916664,-0.45641816716878514,0.19950524325504954,0.24569356708744436,,
5.925053999999989,-7.434159323731381,-15.791503199577413,-114.62861079920123,-1.1907254367503879,-2.376124823488675,-0.2030556472829783,-0.3870133452394921,0.23111610327262383,0.07907698693562139,,
5.934564999999992,-7.932251571177124,-17.11583786895465,-114.87758193871795,-1.686220634377119,-3.6323193811346064,0.4479162086165505,-0.21407983488104737,0.1963608631124444,-0.05123008497240475,,
5.963084999999978,-9.486967375145653,-16.764675293116824,-119.58325329279184,-2.904325801016884,-5.332019311687563,1.24784918048255,0.01505082473588874,-0.020059042861979827,-0.4383277152511974,,
5.991632999999979,-9.321038607054838,-16.39974130134242,-123.55794254421943,-1.0078836501776827,-1.5187314629484818,0.00047041958302238094,0.08193848336983718,-0.06147720485500882,-0.09048259760614052,,
6.0011229999999784,-9.900716105568742,-15.469235246946889,-122.93038155058164,-0.385118070544617,-0.47894723057265665,-0.7628813636739571,0.203291549967279,-0.008453712212854918,0.09246435681496248,,
6.0201649999999916,-11.344377245100674,-11.67713720514809,-119.8749569576925,0.822316307404473,1.0751595256021287,-0.9388655942372153,0.4115222265036184,-0.1311166461350519,0.3093968067734798,,
6.029665999999992,-11.757524203932622,-9.10211449165326,-118.50043395135089,0.9704377863184426,1.2781046317436418,-0.614010074350205,0.476141419019346,-0.1808469763777923,0.25850968070105557,,
6.039174000000003,-11.700707148453436,-6.000445651730696,-117.84508548072289,0.9985014384930017,1.3789043339000933,-0.473758101970849,0.5285211594552337,-0.3036659688854804,0.1305675167848619,,
6.058191999999991,-10.880591855774853,-0.45914181193753767,-118.56850523427316,1.0209538702304035,1.677709762757687,-0.3490601118327138,0.38065591765110496,-0.292868215690124,-0.15367021144717902,,
6.067711000000003,-10.625380925173292,1.101313141018077,-119.44131984800948,0.9384580629816955,2.2458651904859552,-0.5732288164576569,0.23526239363091755,-0.19583331687020927,-0.20086924069294787,,
6.096232999999984,-8.837953239382509,-0.816465841127913,-119.51603740165761,1.561885094726594,4.2568199451621975,0.6710441884404644,-0.36665145730399784,0.021565103664225538,0.1417637059940232,,
6.105743999999987,-7.91415519201169,-2.4260429218663297,-118.29541253552127,1.8190129206458379,4.567710487347596,0.34422033871615215,-0.3848672745389894,-0.006138333244778009,0.2687713562553939,,
6.124767999999989,-6.282865497326811,-5.760280629051193,-116.05036379371361,1.23361714515858,2.8881120908521725,-0.5030092871381485,-0.3773940773434524,-0.009077016968137206,0.20496277469009364,,
6.134282999999982,-5.721679186952315,-7.060885965570844,-116.05479604340528,0.6612963018329453,1.6679733277016928,-1.0931901458508955,-0.29631876336121327,0.012935254997964496,0.020679176082411054,,
6.153296999999981,-5.020798962810396,-11.775153238322986,-118.60743629836671,-0.9772019220313688,-1.5031289535981887,-0.7761056107590957,-0.5438447343568231,0.2051189659630564,-0.30238035341051217,,
6.162802999999997,-5.035088026556531,-14.17749585960424,-120.61449058267573,-1.5745651856870553,-2.525958414977578,-0.05279272194138305,-0.43018311083953376,0.2398695360150997,-0.38729211066648145,,
6.172325000000001,-5.390869339188132,-16.26596075962839,-122.56858322786859,-1.9457247135765081,-3.1541037994416903,0.17631169867745375,-0.3336018892821284,0.27772099587180815,-0.39553297819892774,,
6.181827999999996,-6.339074601855257,-18.834405412648067,-124.16294363766438,-2.397070121602484,-4.275919532065842,1.4070519427038093,-0.34328778201242194,0.4345475505329403,-0.36075126709814315,,
6.200844999999987,-10.963436519640398,-21.45744112706294,-127.11128255875158,-2.7846001896315307,-5.246878457101373,1.762525717831835,0.1165627909845243,0.5071060055455001,-0.45881900541264814,,
6.210543000000001,-13.564113684381539,-23.210607447435166,-128.80011223934568,-2.7912382852081947,-4.684378825055664,2.16747186945064,0.006778040549167217,0.5976557809294529,-0.5018985873846663,,
6.220065000000005,-15.82493789404063,-24.589175809935504,-130.3090550600685,-2.2487621976117484,-3.735203909138172,1.8724951070427631,0.03797170259848302,0.4973662197286716,-0.4520237189925609,,
6.267507999999992,-30.376278822249137,-18.50117186388037,-123.08004823423917,0.4355261041178506,0.5430840196489651,-1.416410242014142,0.7914547411434614,-0.03219093723111298,0.43237001458559565,,
6.276940999999994,-30.740324933353783,-14.555802618930029,-120.63550397164681,1.2076149373480065,0.8323998748412584,-1.0794660301556143,0.6942505807060139,-0.35701278083669347,0.4826549651314443,,
6.305470999999983,-23.91885819213179,-5.587145036693899,-118.47265474816184,1.892600318605615,2.4011192032697193,-0.0713157172624109,-0.00471936358669133,-0.8049703228677538,-0.003666122774281584,,
6.314980999999989,-20.190429911353345,-4.449537045516905,-119.32894080391142,1.589385625385022,3.180611976981983,-0.2727671820668661,-0.1712894927617901,-0.7614764202006267,-0.1832065341670662,,
6.324489999999997,-15.647456310379976,-4.118583543552057,-120.40596011327135,1.9347428527672652,3.5815712181662325,0.3345549669188619,-0.40502934585684996,-0.8206952208994086,-0.23122514202461894,,
6.334007999999983,-10.96353161503875,-4.285179021572055,-121.31114926434307,1.8817548278073404,3.7984420414283924,0.8567485208956971,-0.5190819410847882,-0.7872872151132552,-0.1970704718533581,,
6.3435130000000015,-6.369326502582567,-4.5588371789467015,-121.78507403904291,1.403151442723947,3.868857536804935,0.37489563077043986,-0.5379220688883453,-0.7540498723150356,-0.08660351921363327,,
6.353014999999999,-1.5083481382174106,-5.247802420290448,-121.56252430713042,1.1213212199001716,3.152635719790219,0.24183907819172465,-0.6379845482832742,-0.7543656705395126,0.07396848850395096,,
6.372062,6.620990306288761,-8.149108812874536,-120.19797780516072,-0.07928542762777421,1.0936300699815549,-0.8039065447621284,-0.6821606451192755,-0.46955027316293607,0.23436030267777466,,
6.381554999999992,10.138473880595209,-10.596077255151348,-119.34674129066137,-0.44033066581308344,0.0748648139432428,-0.8047396017879542,-0.7822134116061042,-0.36276126280059945,0.25342334016785284,,
6.391069999999985,13.042281482033665,-13.682138124114102,-118.80317717674073,-0.8688301419020698,-0.8114936104515033,-0.6663452032587425,-0.8285027768706003,-0.1989237676942677,0.2324559564784502,,
6.400569999999988,15.204911384413979,-16.794478380598818,-118.3881754063069,-1.3537830357197718,-1.6664460933122032,-0.8678695166078241,-0.7593732172990649,-0.07048143351223919,0.2306306710491113,,
6.410095999999982,16.97165781937947,-19.58829442517554,-117.64008334634681,-1.6723610647041012,-2.4849719210819767,-0.599410553619731,-0.6638148411878779,-0.03672697911891844,0.28941427592122476,,
6.419606999999985,17.97740794560323,-21.802008878078688,-116.25831572089444,-2.074979163966826,-3.2447655117738576,0.4596736298987532,-0.4924448148531244,0.029041776354781668,0.3620325201917435,,
6.438612000000006,16.882302279162943,-23.32450556628252,-112.72754685643392,-2.3382625863676987,-5.821258119441543,0.8187774792683661,0.023060117408353214,0.16736684133224303,0.31811802638102776,,
6.4481289999999944,16.80241346366416,-23.617464714352753,-113.44229729475599,-2.615637834444061,-5.258767726944643,2.097190264579745,-0.060114520728011024,0.0316532621959429,-0.12861630058112256,,
6.457641999999993,17.673739177157852,-23.346288587710248,-116.4479430509827,-2.708419266638149,-4.01690567707486,1.374193116177144,-0.030175930027510164,-0.1723583614119781,-0.5608013510844647,,
6.46714799999998,18.58441213470383,-22.544105320943537,-120.10525070205387,-1.7555406076142621,-2.543121635374774,0.43335903734233455,0.04988298476652762,-0.2275503432604258,-0.6863863625760004,,
6.476660999999979,18.164935871782333,-21.724978635802337,-123.52254624787075,-1.5147411778320568,-1.4122669813829674,-0.45516289714518793,0.1679956855772803,-0.023112774740985297,-0.7211132226715636,,
6.4861879999999985,17.32432919160249,-20.243551200586676,-125.68106858925192,-0.8623599146542761,-0.23418868193809494,-1.272614994412366,0.3208832759954621,-0.04137883765473171,-0.4827248245543781,,
6.514704999999992,11.640980984605905,-13.36653552999015,-123.46990772809262,0.3911867288125505,1.0664034696281883,-0.4636001709305963,0.6561803774924406,0.03826503673175121,0.28798993783932036,,
6.524385999999993,9.48790472160381,-9.75256355364042,-121.23273132113763,0.6828991555384982,0.9877522158644381,-0.1938588503275267,0.8247671910532957,-0.03265617888653872,0.38297479502772064,,
6.5432480000000055,5.7290147295247165,-3.3976194993456983,-118.80646615640346,1.2637571929402227,1.386466358840008,-0.34288173959058454,0.6408321353328467,0.03405873017994935,0.13085639190812745,,
6.552750000000003,4.0476150577255785,-1.375344089604001,-119.10966338926387,1.6911856464153328,2.265556158061544,-0.7172351496643127,0.504717640146702,0.09706279053258249,-0.05701596181880484,,
6.581277,2.5253631274842356,-2.1669108653378104,-121.28064675141441,2.800165855861837,5.104673736675817,0.24749129683534563,-0.16182103479445226,0.04527338796023446,-0.02464393202226826,,
6.590791999999993,3.7126600727345926,-2.485875066522248,-120.061110683116,2.4485401553668917,4.905375306594558,0.5217230446004212,-0.1887649945250749,-0.17221650245629502,0.25881038091715836,,
6.609825999999998,6.33983351313459,-3.851122571665445,-116.13486701741935,0.9534961819659005,2.2939728592565984,-0.9939030937369389,-0.2675229889806557,-0.15461601859278945,0.41461473247255026,,
6.619344999999981,8.339381470350935,-5.721965092115814,-114.5053891710489,0.4898899575854282,0.7339455464076525,-1.0562936916750012,-0.5213894010210708,-0.20281821570746678,0.3536000632763784,,
6.62882399999998,10.233943912829071,-8.875417720719192,-113.72778907363623,-0.22043893340430634,-0.6873181773143646,-1.1013385861251963,-0.74212599290356,-0.08801403251910776,0.21148285557644245,,
6.638330999999994,12.09973528440318,-12.329511972548518,-113.72439324567003,-1.0207218094877148,-1.8698423172416123,-1.0401704351665102,-0.7929486964089774,-0.060421722493856155,0.09174296572676247,,
6.647843999999992,14.251659724386913,-15.290774515457995,-114.06919215980496,-1.5107409732552621,-2.609328914215797,-0.4719807747222797,-0.723575206629173,-0.14575748722942944,0.043400935067486456,,
6.6573709999999835,16.231545572311695,-17.846983446089435,-114.6548320058876,-2.246431672412249,-3.5293711540301413,0.07624731258947279,-0.6348747710989279,-0.13890263333968655,-0.00047052026368500866,,
6.666873999999979,18.111221529569466,-19.75305150556064,-115.13531515165087,-3.166470272253356,-4.929979139433288,1.2228083282266953,-0.507923891738423,-0.1669161846752045,0.019514559776159884,,
6.685895999999985,19.855885048439664,-21.526718877798807,-116.43724958810331,-4.107929777171189,-5.819625048469078,2.2505477977660497,-0.24228891399307007,0.005688387491663197,-0.18612619344877074,,
6.695397999999983,19.450530280946168,-22.169715875816674,-117.98194091632419,-3.0370105468579327,-4.123589496909524,1.667824496813286,-0.09193181751950703,0.12178576596209817,-0.32738836786919695,,
6.714600999999988,17.373823060093486,-22.650308776358376,-121.63706931151503,-1.3187916424212773,-1.5129407643755912,0.9512343745119164,0.10371627394505827,0.22668242340739572,-0.44881899613942455,,
6.7239549999999895,14.980974696381747,-21.854302756733507,-122.88702002009401,-0.7042134402763978,-0.7302447012445078,-0.8250522001828882,0.35905470260463873,0.2870755564705915,-0.41641570569210523,,
6.733606999999978,12.90063456244491,-20.53517928066119,-123.46252166237504,0.10542591579362492,0.1578681553199286,-0.7415651093132325,0.42091501408045584,0.17816115236897626,-0.25181390108351326,,
6.752465999999998,7.8581956808107325,-16.82298561315943,-122.56614758796013,0.1479597562583809,0.4687520440733973,-1.115349337325424,0.604362038449119,0.1686832357764604,0.02972563480960428,,
6.76217299999999,6.381981744988623,-14.085771375658227,-121.13299476582922,0.54442752748963,0.35258347695589304,-0.2514682792729857,0.6028847810398841,-0.049234949573242905,0.22742701661532327,,
6.771657000000005,4.96330244983274,-11.227552570416623,-119.544931374783,0.4934892610720115,0.13640844323722032,-0.37685903794890413,0.6209800475708167,-0.05186302945262836,0.2717698661979432,,
6.781182000000001,4.133987335620755,-8.67382791376209,-118.15798175318898,0.48124530326926895,0.1580493954658732,-0.520057626529144,0.5138810862062803,-0.10545004948927626,0.2646068676736805,,
6.790515999999997,3.9828859114637503,-6.534188529280377,-117.21227155021057,0.9973389009200073,0.6604562607021687,-0.33625807891762405,0.3804909804496298,-0.17427125252410192,0.19407990832701938,,
6.800020999999987,3.786759975165123,-5.0828880505227305,-116.89318322024043,1.3906740454805742,1.751373984673032,-0.7845841311415128,0.26389399593903673,-0.09890151988886882,0.0586019726356189,,
6.819041999999996,4.762530198639866,-4.817689294513268,-117.98537758020807,2.6572534261380443,4.657928722059028,0.2268734761745608,-0.12773151345082828,-0.09752889910472884,-0.1545623208318269,,
6.828549999999979,6.035994588381651,-4.834956791820203,-119.22621683095473,3.8964048873791586,6.378836933659624,0.7363038066775849,-0.13717479712755398,-0.222503104154554,-0.23266204821219874,,
6.838049999999981,7.797099231510719,-4.162899742195682,-120.31495479074849,1.9961678216158463,5.198699500959082,0.4715211067198869,-0.06973192282336257,-0.3729181797767571,-0.21732507815184085,,
6.8570880000000045,12.925826634378417,-3.5669163667841324,-120.81519010093892,0.9511779263332847,2.458228025396193,0.07748600837034537,-0.2573290600598223,-0.39968542831596987,-0.016991843653545453,,
6.866602,14.627198556576422,-5.746110997002165,-121.05872898084402,-0.1848415751417187,0.7350839830488027,-1.2122659950310624,-0.5605207388615425,-0.06839164900721045,-0.028143018267262992,,
6.876130999999987,16.798198567772154,-9.461183437723959,-121.2595036044354,-0.7832082808924271,-0.5699340807781488,-0.656432884636271,-0.8711577883628703,0.014691737303080094,0.02683718780101806,,
6.89513199999999,19.46378163040203,-18.58802990823765,-121.39633987606402,-1.322755911156803,-1.5921668240031726,-0.7980618170136903,-0.9582007204292676,0.3297763320870167,0.08331046886768827,,
6.904625999999979,20.399825182130495,-23.291657189702246,-121.19230167164767,-1.4352410745216293,-2.0284549760125916,0.005749162084771979,-0.9071045423280121,0.3377949123381639,0.15138312272698257,,
6.91413799999998,20.22445911634301,-26.554139054546905,-120.0675841588639,-1.8037774668889992,-2.8491856122048103,0.47925113617545684,-0.5577660809014393,0.35657657780294244,0.22669584267456655,,
6.923675000000003,19.155162891475378,-27.940457154932623,-118.09636379580814,-2.2800758210353984,-3.974172830792932,1.53745823863435,-0.1618248442517172,0.29698034628434955,0.3283671817248758,,
6.933166999999997,17.151702345881954,-27.505958828071954,-115.78294874663,-2.626177334983051,-6.004627659379016,2.507624871691373,0.22658606111117505,0.27207782111854134,0.3052428541870962,,
6.942686999999978,15.632966367443053,-26.851187661004513,-115.06096273578288,-3.0370916179098058,-6.555693067062735,2.4238141716238264,0.2225401289198697,0.18299139075848692,0.040788151606904854,,
6.952187999999978,15.454010767812228,-26.636973341040203,-116.39122141883213,-2.6804664945471295,-5.603876363615709,2.1525308330671162,0.040118274909341674,0.005859732687854589,-0.2734373724830557,,
6.97138799999999,16.326722375966106,-26.89696741363477,-120.20960134577629,-1.0846322715560701,-1.6165648863341509,0.2983111573155248,-0.07177713916871899,-0.07542701932163175,-0.3198563269085319,,
6.980715000000004,16.23738836370282,-25.947494002091915,-120.9417348940379,-0.44010627480282316,-0.3701858152543141,-1.0184230776845118,0.15925740843426822,-0.0861572412908951,-0.17693768239265112,,
6.999743999999993,15.563677305528264,-21.709424586126826,-119.70712253679947,0.5868443858648705,1.6974406654864815,-1.3389607126961034,0.41862751211159055,-0.17325743254833578,0.15642162696339254,,
7.009251000000006,15.11307620405198,-18.85201916409438,-118.41370681795316,0.3319682429472898,1.716697790572219,-0.7192642828401806,0.5289170547668411,-0.20719540224063496,0.22234436762529766,,
7.01875099999998,14.916683005280705,-15.024086900545706,-117.07590265818203,0.33321429487317716,1.7149420217864682,-0.3029303466743522,0.6837857066257451,-0.3267243144445125,0.2504628631989657,,
7.037970000000001,14.320013632479084,-8.340686723434649,-117.06763234901818,0.39080984143983555,1.3515859845196339,-0.0067218096036115674,0.5565161509562483,-0.18706663112230698,-0.16571338514869102,,
7.047312000000005,13.452317419521176,-5.6963432156071265,-118.97380220820502,0.7914515875027592,1.7537063932531871,-0.16859451083047183,0.5366369219635725,-0.09813070867587514,-0.4156788668235001,,
7.075842999999992,10.513639708863739,-3.5580364751770968,-127.95193441126948,1.8095700405288615,4.16848788502075,0.7394371431839275,0.007898581891517051,0.16682879652252935,-0.5584757021039966,,
7.085352999999998,9.545203927419706,-3.9556323632598778,-128.69772106108243,1.952723668952249,4.423152317124951,0.6226443826807996,0.04548887335602556,0.20187825455613104,-0.155044479860528,,
7.094846999999987,8.641692242580508,-4.820677175003441,-126.95635550593967,1.6156467572978088,3.908949741247687,0.028481832483931765,-0.03817221157733413,0.24911547711013673,0.35863706306736454,,
7.1043619999999805,8.080149369025857,-6.182134525342862,-123.35194824322842,1.6141403529891996,2.4848109586406895,0.16879557097418416,-0.1704937355736451,0.24828935814251807,0.7425239348067535,,
7.113865000000004,6.958460841157516,-7.856628541724947,-119.25477511211722,1.0506008916418994,1.3869851657767067,-1.0781320774445233,-0.18210577553132998,0.3638432871569839,0.8582300075191865,,
7.123403999999994,6.599277815854318,-10.330119321238701,-115.57406076897175,0.7626153050635572,0.29829498726098475,-1.4637481013428801,-0.4186911311874484,0.2899600649635302,0.7903310734707885,,
7.132895999999988,6.581300337319307,-14.047339936430623,-113.21868784426,0.38070581885458243,-0.7971718983586504,-0.9859165074447822,-0.688094173431673,0.3094234652645274,0.5331419241599485,,
7.142402000000004,6.628929992165913,-18.061187347510856,-112.50545640334633,-0.3193777312384667,-1.6489471717955198,-0.9465135899579717,-0.7559745509709436,0.3020507737697327,0.19998587694360764,,
7.151904000000002,7.598212470686387,-21.731601883585807,-113.05593286157952,-0.7805663534848029,-2.2413486741540893,-0.3437983717367419,-0.7608411038262886,0.11303040462621848,-0.029286581493517705,,
7.161412999999982,9.059814760746992,-25.13192299266033,-114.35480057529652,-1.4951033220005547,-3.3949456652780645,-0.3273915066288298,-0.7440871160309055,0.023639679565077922,-0.1552117267300916,,
7.17092599999998,10.989684666244232,-27.74384665270896,-115.56921787927197,-2.376999537289612,-4.218411735348543,0.6034825173088677,-0.6327890582586092,-0.09745964172625449,-0.09051261417317105,,
7.1804389999999785,13.460918805663509,-28.80016224923062,-115.98172516448143,-2.8875500882500345,-4.959760854885368,1.7155137445911446,-0.3922052899289297,-0.3051637247427322,0.1229514221781062,,
7.189947999999987,15.732490003075672,-28.430312356355874,-115.65278450395463,-3.354160618951871,-4.990257462305073,1.5932918115781867,-0.11919581382235572,-0.3964056301169332,0.2551653505999326,,
7.199460999999985,18.430033164419566,-28.50865040470224,-115.59983442015584,-3.648098808914884,-4.553074763660317,2.1441380500430736,-0.231285372242313,-0.42646846567599334,0.24596761763784614,,
7.2091489999999965,21.27069385167947,-28.565984223410332,-116.05075791374041,-2.589158891725301,-3.178923719883171,1.5407800360731845,-0.23946763679626562,-0.4502236657130857,0.1561324998449911,,
7.218485999999984,24.1660059559221,-27.94601013806306,-117.48511678905702,-1.4320307605398497,-2.195684755561088,0.046023370986942085,-0.1303034958956976,-0.5172162536070075,-0.04152648391944957,,
7.227992999999998,26.618685004969358,-27.125752226512024,-120.09237988321472,-1.0331281606505918,-1.1087996695946474,-0.5300386264257984,-0.0769343135204921,-0.46581277281189193,-0.322888957142913,,
7.237501999999978,28.798792863705923,-25.813933517571297,-123.07804842796712,-0.5376229708380698,0.07347526313455176,-0.9582278055392336,0.00806144932344363,-0.47503243334418865,-0.43500365080265235,,
7.247016000000002,30.286963214530005,-23.745535995415928,-125.66726165705016,-0.04548094815395214,1.2200870463120306,-0.9606456358108582,0.1779532976012077,-0.4611103824732003,-0.41551775873147345,,
7.256523999999985,30.49022491618022,-21.375688211579927,-127.5978545164362,0.18721867430322203,1.6120605676991848,-1.301606579040054,0.3470505297761695,-0.3167721368229144,-0.38208639258735566,,
7.266043999999994,29.654175794524384,-19.091850670808803,-128.6452247045606,-0.025850134034709142,1.6843498303070203,-0.755029050545175,0.4453255695121388,-0.1618182559130607,-0.2695995488861199,,
7.275728999999984,27.648828985175236,-16.634915434027075,-128.3986492115341,-0.1389694965266469,1.5012794457311482,0.0459835955492186,0.6114931134904795,-0.010443874012974983,-0.06020839465919891,,
7.285235999999998,24.552006445958362,-14.27585595959034,-127.08303470438986,0.08158189409862623,1.2691204702759493,0.13261059161293398,0.7280840109216679,0.18025307804480437,0.12716601885171586,,
7.294764999999984,21.12317197723866,-12.675199022147275,-125.34833409249116,0.48789300471713204,1.2112289101346165,0.2942398160309495,0.641987312477144,0.34616618814811506,0.22432051021790878,,
7.304091999999997,17.729868943095674,-11.614574193019957,-123.62444465397935,1.0613284156869127,1.5165781094855897,-0.281470719800634,0.5401846422313825,0.42421599146887473,0.24764459805776273,,
7.313584999999989,15.141869236022336,-10.967033471624433,-122.22888294324422,2.1094953476948204,2.6023547290702673,-0.2641005300502944,0.37370598125651006,0.35349732995436683,0.21852125437038006,,
7.3231119999999805,12.85109534091088,-11.332553323577216,-121.62669033087812,2.7796417923225705,3.7811179341082575,-0.06510058053724967,0.16434729106088528,0.4186024770620494,0.06602113174386287,,
7.332613999999978,11.044572257148621,-12.19535304233257,-121.36458619044541,2.6566962840651134,4.369936491647916,-0.09842695355267979,0.025666516596238826,0.3904734773522619,-0.0018557155563905198,,
7.342124999999982,10.569960654555388,-12.850650676733443,-120.36604602329982,3.0982489296483813,4.657740559502259,-0.6555172206515374,-0.07740099379542888,0.1451074692049527,0.1963982849069294,,
7.351628000000005,10.867870350288518,-13.739509938599586,-119.93765004102444,3.021450964887932,3.5606562751200403,0.5983623884857094,-0.1955160679446169,0.0373189680533475,0.12081767808718037,,
7.361154999999997,10.803525338486848,-14.072346952558666,-120.35761926532294,1.5454741235506857,2.157435484667123,-1.4478826251353327,-0.06388259483003081,0.04228253265946804,-0.08461840730640248,,
7.370645999999994,12.645212638952497,-15.277477020746678,-121.36416259378903,0.9346133301869296,0.7328174487262913,-1.1490803048493685,-0.4024775151310572,-0.18475481678834985,-0.12640030808039238,,
7.3801719999999875,14.713341535965155,-18.096079733670372,-122.83514367847704,-0.33516240439376843,-1.0918465454272153,-0.8844330325758256,-0.7012842048064746,-0.039075253670277935,-0.2033794417987931,,
7.389679000000001,16.782064309493194,-21.165035985244746,-124.00342235798837,-1.6776661855810024,-2.441911080155737,-0.9660151109807245,-0.7402446290632223,0.009838507758577711,-0.11384303523146229,,
7.399168000000003,19.51462280319656,-23.992871057074627,-124.23713309519651,-1.9829586268446504,-3.1680411906634807,-0.1705621156690348,-0.7644795386220176,-0.1036856819202184,0.1582048768645078,,
7.408685999999989,21.64850872707847,-27.25651771011335,-123.58208331832515,-2.711887304296352,-4.2650025485992344,0.797983607955914,-0.7695555861195479,0.04154397608971334,0.32371284379550547,,
7.418203000000005,22.757208554107994,-29.849577954280242,-121.75424545001798,-3.4818851189005406,-5.326073602023073,1.9893631716305555,-0.5544347412370031,0.11247343341236174,0.4992439542788217,,
7.42771399999998,23.525417120430273,-31.606425681757315,-119.90087019961162,-3.514581228811881,-5.561168455317281,2.2038577893890925,-0.38190187397581127,0.061913703986172255,0.45635263653845404,,
7.437416999999982,25.144431423348276,-33.14522657640258,-119.8674625944483,-3.5638967073437486,-4.255934970186437,2.939241867341724,-0.41551295550465656,-0.08919414027317288,0.1760557291251752,,
7.446737999999982,26.568900289160073,-33.407707692221145,-120.73201187744294,-2.5394289011263984,-3.3108613264491527,0.6843581628875354,-0.17759719389841686,-0.1847177623344058,-0.02092569607466388,,
7.456426999999991,28.470814370985938,-33.00577519638382,-122.63623042162321,-1.6422172146278768,-1.8585605710576594,1.0375540229299138,-0.11075886027224298,-0.318610720822383,-0.17727941348655185,,
7.465936999999997,28.765164265769474,-31.368143422067423,-124.65672370763718,-1.2131598714373286,-0.9988532382914362,0.13375278495361462,0.233380702374752,-0.2279317955893998,-0.37805152817217386,,
7.47528299999999,28.4332113910347,-28.96265754211706,-126.32531409119142,-0.7143802132904167,-0.5197928610370367,-1.2787132668535224,0.41368766387530587,-0.2367241678454115,-0.38743942161089806,,
7.484780999999998,28.15129701498504,-26.60720927108742,-127.63035648055839,-0.13564081628957358,0.5073066825804248,-0.7609913217975585,0.39505660445356583,-0.2470784833801375,-0.3139729686778061,,
7.494286999999986,26.78410035583764,-24.321894998607036,-128.24386457057062,-0.2459981916095098,0.6852119626997722,-0.8157111709335628,0.5008796110198906,-0.08919657168369262,-0.2605760489634458,,
7.503996000000001,25.085140727682855,-21.920077918397517,-127.78188782641185,-0.07243527931765817,0.8919496530684712,-0.4532480841189115,0.5595479243652576,-0.05243518134318098,-0.04729869453896226,,
7.513499999999993,22.985735718001578,-19.603349380949062,-126.48271562823506,0.06338024761515089,0.7516710680562003,0.028216348479486692,0.5950956886133245,0.030416958936017625,0.11943461176225958,,
7.523017999999979,20.43941813858694,-17.356108406063953,-124.6996732387609,0.025156435695509533,0.538067578565934,0.013791540101300855,0.6353892568894381,0.12837427947592517,0.2100935121201865,,
7.532533999999998,18.313172307757995,-15.054597623045662,-122.85079936770062,0.3746540403938273,0.6658699070664513,-0.221046691849998,0.5983864550347061,0.08064236424280372,0.27019666623061256,,
7.541838999999982,16.819438032113286,-12.964417207096078,-121.50825211280258,1.1106527036449656,1.210895948263988,-0.16428109475328573,0.49679984642759334,0.01998965048366133,0.21127318295122166,,
7.551356999999996,15.445524190774776,-11.25215027595194,-121.06710964383834,1.7646085147458173,2.060673083425751,-0.6095868178602095,0.42068463654335025,0.049505364969872116,0.03705324162462261,,
7.560866000000004,14.558742410739717,-10.033960938535717,-121.56136324866756,2.506020141373851,3.2322919105703103,-0.7389050759590928,0.2870481200904239,0.020441929663906806,-0.12985479162137906,,
7.570376999999979,14.069462726581149,-9.438374952166868,-122.50558327509641,2.6895068272163916,4.209701369024952,0.07157598514041454,0.1402355137467257,0.01716259710117688,-0.21599621309498543,,
7.57988499999999,13.786787722377877,-8.966899740530327,-122.23395640840978,2.863371767197206,5.218270124855875,-0.6056805232063339,0.09758358531264062,-0.004764817999506139,0.030780732090654586,,
7.589393000000001,14.751430866935648,-9.09264257645813,-121.83905524999903,3.0540458948786684,4.3486314217164335,1.5079116700452697,-0.13448577003347373,-0.14998095628728372,0.1027450799930254,,
7.598906999999997,14.556680234845425,-8.665345633262607,-122.2595011171967,1.935750213362951,2.7487054114978746,-0.5195132159264596,0.08099359484325543,-0.014232239190947597,-0.09685573123715746,,
7.60842199999999,15.623682083792021,-8.81315544204274,-123.0901461972324,1.2528039271829017,1.6584512541396494,-1.1665804427509858,-0.1507951960259946,-0.16319324339411734,-0.1406512927189782,,
7.618112999999994,17.638021195128438,-11.197371496696022,-124.37565671649958,0.4555497209739629,0.02961527536657589,-0.45175013893697485,-0.6293732944287697,-0.06726070822855126,-0.20868737172838245,,
7.627441000000005,19.070517314006633,-14.58509038649563,-125.66470401320719,-0.892931465435183,-1.175921589460784,-1.1242246067112556,-0.7279293515327154,0.15841508863215834,-0.20051801393501217,,
7.636944,21.423678022321273,-18.05311448919693,-126.21472587683124,-1.0567872057740548,-1.4679091271754818,-0.6478507867819397,-0.8395289261715898,0.03951814328081667,0.029201071770082136,,
7.646460999999988,23.69031123834714,-22.419645767820285,-126.21351375811508,-1.4020541292789488,-2.1069030557515376,-0.3892896618081945,-0.9688026409352738,0.1708768787540004,0.176158036881548,,
7.655963999999983,25.314833886989632,-26.94822616417541,-125.25131468982758,-2.118028468869718,-2.930433067089108,0.23306965710546515,-0.9202912035663807,0.2872653716049206,0.361231469231833,,
7.665466999999978,26.133112802467387,-30.0010374335186,-122.56370822038019,-2.24251046977527,-3.3778751596501193,1.147048672797432,-0.5990384850759936,0.21854143915236013,0.6801055158077458,,
7.67498599999999,25.868775077130994,-31.84399949967226,-118.67264106514148,-2.5360285289539903,-4.459973176947496,1.5409073722968316,-0.30562558950281365,0.2222510089615173,0.8086489267761734,,
7.684506999999996,25.80913090222019,-33.12755849139616,-115.69453103548719,-3.1243639111433428,-5.921193686929938,1.9750334424703382,-0.2352091849364314,0.12066876012637552,0.6429830047582182,,
7.694188999999994,27.54636937390509,-33.93558058024498,-115.2510897933741,-4.149671607986682,-4.406867529021934,3.65835812393038,-0.28200952448479644,-0.198838284855992,0.2765883211847382,,
7.703523999999987,29.290077789943066,-34.19951542285969,-116.54638069717247,-2.134901232151645,-3.243518359018075,0.5234094743325027,-0.18497079742053085,-0.24379237941101994,-0.07681586716855378,,
7.713216999999986,32.04212800964514,-34.12606505905492,-119.69876409754991,-1.2344283086103243,-1.6715806052019353,0.2890855539461364,-0.21269912206980068,-0.4156814334411844,-0.35271864760426613,,
7.722718999999984,34.02920975852957,-32.55074419005662,-123.2283776183402,-0.945092736578675,-0.3283361259162975,-0.07303108143255523,0.08496372571518122,-0.45389969005766156,-0.5305487687489884,,
7.732125999999994,35.21418588914978,-29.39954144883919,-126.0550421360789,-0.22141107179990108,0.2933969863361986,-1.7239073502752218,0.393020464010619,-0.530680271843096,-0.48550604262668046,,
7.741561999999988,36.15417997693355,-25.9258815742454,-128.25775705176395,0.07601937364453107,1.3606025038129326,-1.335161566421718,0.44335144991442393,-0.5569477243421003,-0.3946372458483862,,
7.751076999999981,35.814766491187626,-22.60672576357856,-129.60687609570408,-0.3126067688165202,1.4690384477445353,-0.9872531022239609,0.5452783486501827,-0.37293418557904084,-0.32724062544149096,,
7.760593,34.44341057513294,-19.136310190823725,-129.4573671673195,-0.4030878607436552,1.4902168000035731,-0.5510993033289812,0.6883653696711257,-0.2478796116698631,-0.07563833434071231,,
7.770283000000006,32.28068634919442,-15.90188209315793,-128.21964792093232,-0.1167024866693862,1.356831894381604,-0.10677677865860666,0.752608705954263,-0.08750791838786913,0.1093260611175778,,
7.779793999999981,29.504883727811663,-13.36404523851146,-126.94402770687063,0.1813355837500699,1.1891903552452823,-0.06650952497131178,0.7198891665831836,0.11301331746833762,0.12635926948769305,,
7.789304999999985,26.651086558873693,-11.123726746177073,-125.9929639821657,0.8573158099237003,1.463226008039308,0.1988150930439532,0.6818707960063178,0.1793661573201476,0.08979809704028076,,
7.798631,23.53598866928678,-9.069784022283207,-125.7620400620705,1.7797511446290837,2.1137657792759548,-0.5523955626353024,0.682217177779379,0.25403563641615035,-0.043096929991015054,,
7.80813999999998,21.096327522330093,-7.943680117605425,-126.52652455713704,2.5539287890672173,3.1285095485702037,-0.2133921760160093,0.45588873094576615,0.2555781045148159,-0.21420340225371956,,
7.817639999999983,18.919993414132502,-7.80091787758775,-127.63764989361074,2.380606683191391,3.534538518533048,0.6446059623027419,0.2717022342433949,0.32622836667016725,-0.27593472995650986,,
7.827153999999979,17.137335978220936,-8.253905135463883,-126.91525313413698,2.448996857899063,3.667893802674613,-0.9111725982141924,0.1304652103252437,0.3352802330147888,0.11067626029276795,,
7.836668000000003,16.78848995593164,-9.467280166736012,-125.1143843155102,2.765513818684291,3.0746338321033053,1.1553044899816418,-0.16761229344602718,0.1976280076835031,0.3637417707549421,,
7.846182999999996,15.409220664049899,-10.014230423426282,-123.78232721424041,1.9591928983348077,2.250129258929338,-0.9878175797486428,0.0521077182351477,0.28491226186634894,0.24937898700643057,,
7.8556879999999865,15.539269327344282,-11.417640479804128,-123.40275599199555,1.3967446690315795,1.2272325232829144,-1.4341659283736492,-0.2601456467447619,0.13281303754641793,0.0989779269154745,,
7.865364999999997,16.558420872563747,-14.280938602497436,-124.1675748444546,0.482868898736219,-0.29414050769784816,-0.40408479262020464,-0.5991417719348021,0.15212899333398056,-0.0934263409389933,,
7.874711999999988,17.271988205545117,-17.098280810625166,-125.2826993905277,-0.6424722811624108,-1.2541387205530456,-1.0606075141563842,-0.5542296352395403,0.20652365818888718,-0.18359788014318165,,
7.884221999999994,19.035742765130628,-20.078149621488574,-126.23537876229062,-0.9709053431317608,-1.8345728926699871,-0.7641502682718221,-0.6920865086361383,0.07496044570861322,-0.07905870952368771,,
7.893726999999984,20.798681154499313,-23.726151686025577,-126.82940228679914,-1.6644267221230395,-2.6684268818833172,-0.197799476488112,-0.7941808310569245,0.1694415102788094,0.020117296251247647,,
7.903249999999986,21.88650927541862,-26.866338523205428,-126.24456937194506,-2.51334959396414,-3.1652029731461244,0.8052198517882715,-0.6347182362124123,0.21352382268761486,0.22447277441566119,,
7.912750999999986,22.691187268559098,-28.793399428488204,-124.19163424663601,-2.7279891563741625,-3.9555561620858968,1.3066969870335077,-0.40966645060860735,0.10285034348288616,0.5104287706356858,,
7.922248999999994,23.078903780102806,-29.894091286105063,-121.73509032720817,-2.70472452051594,-5.263271068481187,1.6790882557870797,-0.23388462509175914,0.05901388772215604,0.5557777926923593,,
7.9317769999999825,24.270872713361832,-30.91593052806642,-121.10569650186477,-4.103637856753842,-4.957683915127584,2.6381219275461256,-0.2940224510974199,-0.07368036881178265,0.2511850964683413,,
7.9414569999999856,26.356676301173636,-31.37197782629816,-122.01596621648338,-2.676548245747422,-2.953666001711475,2.260339866927574,-0.27670787412122,-0.26184459491354606,0.016148794048586004,,
7.950802999999979,28.105718119428353,-31.340902372833888,-124.20630751834808,-1.895297816878826,-2.2479587805832835,0.16848480275640385,-0.16985315539025106,-0.2587805185153518,-0.28639979185263653,,
7.9604889999999955,30.021922979199303,-30.789268239510704,-127.09731195947596,-1.43675500953198,-0.7908388239893088,0.3752286854047417,-0.11337566173233811,-0.33592235200683135,-0.4155448608618689,,
7.969813999999985,31.052851528348448,-28.936315046967287,-129.44875731567592,-0.5944566101887971,0.056690772583773835,-0.8077442566727301,0.16884618780664934,-0.37404570470313425,-0.3991585554791156,,
7.9793459999999925,31.228394791191437,-26.34268957900899,-130.99218858746804,-0.03294629356750944,0.8673574185472219,-1.3617723839351454,0.3649321457457293,-0.3621368095049235,-0.32199456125553594,,
7.988833999999997,30.718150517675017,-23.739259656021755,-131.84095534140354,0.16181656128812894,1.3866522362812335,-1.1009066269026155,0.44052538586289863,-0.27811683960435196,-0.23152187573622693,,
7.998336999999992,29.331112602774475,-20.952153414240254,-131.68020991714255,0.025044083134278847,1.4637670267953535,-0.5353541286280546,0.5756551846862761,-0.18254735187590695,-0.08028247563076792,,
8.008043999999984,27.27937958408383,-17.78120716712083,-130.4296744282654,0.04043583210290657,1.2861086050268695,-0.1203879956130711,0.7217040246803675,-0.12684670752994498,0.10690278263498904,,
8.017551999999995,24.939152165771667,-14.74562479860775,-128.75078679590575,0.1641773640571938,0.9743796431222812,-0.07776510954807027,0.7434990289003747,-0.04253157879779494,0.1974600707211968,,
8.027072000000004,22.676437266942873,-12.150744972457419,-127.1702460888857,0.3541445087787596,0.8215798457476838,0.004156605384162315,0.6691453576858045,0.026190763176236323,0.2035877575651866,,
8.036394000000001,20.470837925296976,-9.933438414854754,-126.0102570178982,0.855021010090817,1.1204870787018442,-0.44372032047806553,0.6033211816405036,0.08157379197837111,0.15547609153672728,,
8.045892999999978,18.663744484904477,-8.52817666158252,-125.44199885369868,1.5092083220293824,1.9238934904896743,-0.46066707176692817,0.425432370372044,0.12407955862971966,0.0669668025187652,,
8.055408999999997,17.15953993891451,-8.223111753629256,-125.43570529317822,2.0646679767768243,2.7167536485379933,0.09200518991005473,0.21100395798721389,0.20607577254799886,-0.0260065388447163,,
8.06492,15.5867563621941,-8.765340155672959,-125.59692484696004,2.2929001562699214,3.368179680022698,0.1566464683383917,0.08092095293905262,0.3155854573964061,-0.06471121635790837,,
8.074438999999984,14.224914381656713,-9.637061171215834,-125.4094109597399,2.3194657902144686,3.5970525630633423,0.049202409768130305,0.0024166228069688626,0.3195775291060708,0.009363469190350134,,
8.083945,13.122390187562479,-10.663449717791162,-124.62228366269733,2.255999963391396,3.3336416600168945,0.022408111030036756,-0.05559977241297862,0.2948867416969979,0.13531378031083668,,
8.093444000000005,12.118533777428773,-11.932368131132955,-123.42818372279088,1.7941167447010642,2.4610820649164276,-0.37321541349377446,-0.11231013862121603,0.3043396111737936,0.22223338794734024,,
8.102956000000006,11.588467841467528,-13.29695811506272,-122.07966504220347,1.277047446172177,1.3498844543447484,-0.7877825368388275,-0.18596021717742475,0.233479523072644,0.2691492415234178,,
8.112498999999985,11.553232113137142,-15.127281241985811,-120.94080079381955,0.8014574967381407,0.3298742935757047,-1.0227633746651867,-0.3212545976659111,0.19557721473109796,0.24027822124874043,,
8.121984999999995,11.983906738271017,-17.921605263491802,-120.39659880506788,0.05012210586800917,-0.7419923636922187,-1.0006468550516676,-0.5358782258467025,0.21219756550385266,0.14449004773892055,,
8.131496999999996,13.11159356344773,-21.109332787252235,-120.36563198042033,-0.5331939630262409,-1.4611870987841928,-0.5730366907390062,-0.6709001388932399,0.13637461499708775,0.07700119527412067,,
8.141001999999986,14.790035885177696,-24.170787635223068,-120.79767150004385,-1.0327539624131907,-1.9913382743398584,-0.3563546976026114,-0.6981585080180094,0.04167125594232112,0.03849663134447984,,
8.150519000000003,16.975294857784103,-27.000702323565182,-121.35349260584951,-1.7333596316967894,-2.7123964817576516,-0.04377847553783105,-0.701499641732793,-0.05021939818502527,0.03468612101494676,,
8.160034999999993,19.787862800771787,-29.065130437266657,-121.88725492828434,-2.35334389763703,-3.3639811194085216,1.13492796576847,-0.6246821865177977,-0.21149124026085883,0.11573180239941785,,
8.169538999999986,22.283421257086996,-29.75641920815154,-122.12489568765476,-3.0852665147932483,-3.8966058206993455,1.7503104743081592,-0.3600829285165875,-0.3002981487296859,0.17103480532746182,,
8.179051999999984,24.588361923844946,-29.59450588195966,-122.11374579125996,-3.7288605928390908,-4.478377999588022,1.7203759808498915,-0.19758106303895623,-0.36148549563729615,0.21021151904122154,,
8.188739999999996,26.710156850288165,-29.61486209673819,-122.37918505548231,-3.8467021184226473,-3.8421839939537374,2.326005907251002,-0.21230046502198588,-0.3150738544400437,0.1428525931728545,,
8.198255999999986,28.278888724965913,-29.459609260362235,-122.86957956304042,-2.801716608516557,-2.8906265015245904,1.5685283595293669,-0.13280290335271416,-0.251852552562453,0.04159341797332535,,
8.207571000000002,29.04556940784753,-28.87173674863406,-123.84269264533751,-1.788604440238857,-1.914513830749168,0.1330022996379671,0.0129617476016295,-0.18142283615164437,-0.1357481399545745,,
8.217086999999992,29.542099606390295,-28.083481002630467,-125.42477690298954,-1.1633461005713126,-0.9234880570477996,-0.5295091372432559,0.06858749769546005,-0.16596513804681637,-0.29640382284239564,,
8.226770999999985,29.77990629601644,-26.635888191760873,-127.08036376334253,-0.3337871880458059,0.26077268770586276,-0.689863242441728,0.19724067297663989,-0.20923591589197632,-0.34652993925992637,,
8.236131999999998,29.12939622025484,-24.273309793097784,-128.40229534183683,0.16938869172899346,0.953567534133552,-1.2226093720477105,0.43455579948942696,-0.19942257453062054,-0.3562895564023099,,
8.245612999999992,28.1571606047602,-21.504308002824853,-129.35091949719614,0.48002793912578673,1.5387477820989717,-0.8950637275142426,0.5326221507562144,-0.21078845953500172,-0.29035349762100376,,
8.255133,26.592326740921152,-18.59622946614455,-129.7620964953733,0.4608555844461437,1.6225080130790717,-0.16165526636861513,0.6247319999835867,-0.14586976140423477,-0.20644175960762395,,
8.264826,24.191461735711325,-15.32006992416845,-129.26754977749562,0.37812140640787695,1.3376433792071092,0.03656877050918556,0.7869317042530745,-0.06409608140255993,-0.05475717208231647,,
8.274333999999982,21.364402826766767,-12.0213527155314,-128.02888607026645,0.556271160490794,1.218409872142538,-0.13684445808094758,0.8476164230426109,0.015846575260933377,0.10685642817805721,,
8.283661999999993,18.815594635291234,-9.478680331920884,-126.52850477923916,0.8524689822894423,1.2484115164985938,-0.23342582593772615,0.6971037490088241,0.0891154817127507,0.21196496879741314,,
8.293176999999986,16.66853967995835,-7.7616233001325154,-124.97186811626209,1.4435466208884453,1.590585946531615,0.15033617354205359,0.5156933155519471,0.1426451081793086,0.2589952396537136,,
8.302679999999981,14.22205728148121,-6.828371952535067,-123.6543134655927,2.0302173486388844,2.398179724147942,-0.3973821164102861,0.41664022667630396,0.29453560023028214,0.22061068065047867,,
8.312190999999984,12.188983133140773,-7.1918077728149195,-122.84230701386254,2.442427796890737,3.3024509902911348,-0.4604232054852493,0.14903130485537733,0.37655923119653134,0.1360082121879685,,
8.321711999999991,10.955469018937723,-8.514588440132842,-122.56201724830865,2.906446706803674,3.7802568384136266,0.3726559855183662,-0.10258320490417978,0.3479868018741943,0.04250443486685664,,
8.331234999999992,9.856304154719167,-9.847020243133061,-122.84911586702852,3.0070489022441325,3.894439968735957,-0.322931467949902,-0.11923466790415217,0.3260319131930682,-0.07459729914108526,,
8.340744,9.550489350039822,-11.38198988293671,-123.6548744385291,2.532823372682323,3.2064641976313633,-0.9813430343697903,-0.23656944715707556,0.21794371033641688,-0.1726991168043414,,
8.350251999999983,10.340454901358186,-13.036794994896443,-124.83264650153193,1.9206993801803336,1.954997796414459,-0.8026628020516633,-0.3735645443852999,0.05757124594844043,-0.21835249978807525,,
8.359751999999986,11.442607965564761,-14.567152220277636,-126.17642141423217,0.9935066608453437,0.7117764529984967,-1.2200509085566575,-0.386573362973749,0.0023398065186580816,-0.2404455620642864,,
8.369338999999997,13.068745090898032,-16.654993546041126,-127.52304504121713,-0.06049099461509912,-0.5611345685416322,-1.415544596081218,-0.5352453204102464,-0.0016561466945558825,-0.20998490416325963,,
8.378773999999993,15.222595045793879,-19.58248849278606,-128.68432406195882,-1.0983314167116096,-1.7431234362677337,-0.8724571606409673,-0.7268607812139586,0.03757642947000685,-0.11737423929926004,,
8.388283999999999,17.31455510206406,-22.465551602690653,-129.1060018220652,-2.0178711650194026,-2.671548929161053,-0.29308765689414784,-0.7074902457937937,0.05625932631413462,0.049343452559227674,,
8.397794000000005,19.033770400681934,-24.97845417427997,-128.43847960532062,-2.719957577918182,-3.5023863909203605,0.34548486367813375,-0.6023279601856667,0.06729766591468045,0.26722814949551577,,
8.407288999999992,20.27640361281799,-27.505914584905245,-126.64936575496507,-3.655880308341347,-4.7701728871871865,1.9001091987708683,-0.5498582940863818,0.12893934286640632,0.47674857156790257,,
8.41681699999998,20.532715125323165,-29.406295988137803,-123.7245100588532,-3.798006423546468,-5.888423634025389,2.1991826559463097,-0.3493890530084877,0.17918427366030443,0.6309042927822052,,
8.426502999999997,20.535897243585076,-31.581702571921344,-121.40523909932585,-3.6217622492497266,-5.294783998157103,2.838551753768312,-0.37959648769195514,0.23026023916786095,0.49145587066676966,,
8.436003,21.16415342494809,-33.161383559326296,-120.65189596144778,-2.8887400910243843,-3.6002548047753082,2.2451442520189344,-0.3381867408628733,0.0676602532026551,0.23148580974311433,,
8.445333000000005,22.592980016766276,-33.57667079003824,-121.02944303232465,-2.0315502811512567,-2.7061424744468137,0.6236663728279593,-0.20618977657344137,-0.167272476807468,0.07323731172536967,,
8.455040999999994,23.698957276222743,-33.11844152347511,-122.18244548606873,-1.1203547852493185,-1.087489220910598,0.8382880762492185,-0.03088693587355291,-0.21025572034901513,-0.14072111415635152,,
8.464387999999985,23.457775607469124,-31.330933535324352,-123.63284339999662,-0.8643130970949805,-0.7175546849609462,-0.9818745031474668,0.31052646017159347,-0.1638228384824997,-0.35430975825060385,,
8.473877999999985,23.49545819232216,-28.57684845873287,-125.12183594888208,-0.21594314279640336,0.20861889037967535,-1.1402999911464275,0.43942253830743194,-0.3199204881118105,-0.3243302927150134,,
8.483401999999984,22.87991834572404,-25.445007541726465,-126.52972744133905,0.11129428764213113,0.8408067620261244,-0.9150945495670993,0.5606574415874278,-0.28046511611617575,-0.36609422578650264,,
8.492909999999995,21.492997423693357,-22.230854653500387,-127.56005154051493,-0.1064185415392393,0.8770292083648908,-0.7753195299352774,0.6545135599786496,-0.1867538893039241,-0.342810429119389,,
8.502578999999997,19.882336967685838,-18.84538164919644,-127.84504422091932,0.009899208590970994,0.8725795873271304,0.04630306139469777,0.7087888256470243,-0.17710056994373458,-0.18495828914360501,,
8.512111000000004,17.631251093666084,-15.551765665171992,-127.471947207018,0.07844302270588432,0.6452998414077918,-0.13132839650948666,0.7728411189061367,-0.0632845241688792,-0.0647815847008866,,
8.521630999999985,15.431304397479606,-12.755868630189996,-126.70952288163447,0.2699913247799564,0.6652043472396596,-0.32068504785812957,0.6918458136963633,0.002147918768107765,0.038647265477516235,,
8.530940999999984,13.78781989418744,-10.40942717058544,-125.85036366919243,0.8486526085526074,1.0660081180822807,-0.513318294392658,0.5572447867243866,-0.01891661858827288,0.0996076916585472,,
8.54045099999999,12.686586027157157,-8.563852062133888,-125.2302968979155,1.6305851773889384,1.9050122052502032,-0.6160105666163034,0.41489826452313416,-0.03849665674127916,0.08142235071995355,,
8.549959999999999,12.026204189059653,-7.553860809199396,-125.08692412719985,2.3039330391706745,2.9203175397910015,-0.5134426099637551,0.22852595716644802,-0.009965714078972874,0.003779597120433461,,
8.55947599999999,11.916205319332533,-7.353011724978003,-125.26832082110741,2.6185292961244158,3.688391913316002,0.09993089066792425,0.03326923285760355,-0.005754071300707034,-0.07076077084325877,,
8.568988999999988,12.14008135089705,-7.165867269548281,-125.43282471846418,2.6363104743948242,4.195244505982255,0.23200994531955854,-0.00726162864338371,-0.05839566927945624,-0.05734358172563506,,
8.578496000000001,12.736336269386388,-7.123865993271185,-125.23187551771461,2.5184754293972764,4.034902687629253,0.3488427847159447,-0.07369410402444138,-0.10207671441654115,0.038011260563652775,,
8.588004999999981,13.21941956784607,-7.582385914730609,-124.97877236175471,1.757893403274844,2.9439729179567404,0.332468255612497,-0.14234198561174113,-0.026412881870700494,0.049336851255902356,,
8.597525999999988,13.629394859965714,-8.202944286948737,-124.62163547521934,1.0147049258613698,1.821277580959873,-0.7106308180355366,-0.16050530431281407,0.003282951557230909,0.07620585604281425,,
8.607041999999979,14.446501693862674,-9.746677484550784,-124.25509258279605,0.5265131073471789,0.7104466626331616,-0.7608507994668756,-0.35839114475831857,0.04034936823403881,0.09241011548352834,,
8.616529999999983,15.035432883106191,-12.693462646344592,-124.03641471304134,-0.24105903329945372,-0.3322999252599987,-0.9649815614359958,-0.5654347334549366,0.23389556765782563,0.06053989133647353,,
8.626062999999988,15.782792502528372,-16.25353979070591,-123.75416168292018,-0.6255933096334987,-0.8330038842712002,-0.6510141660313642,-0.684816113461665,0.27523321299941245,0.08811886297338743,,
8.635561999999993,16.55979628398874,-20.090264947232715,-123.54099493257623,-0.6491412577732171,-1.0508409065047704,-0.564387681343289,-0.7335227583468997,0.3009556397431522,0.11219354469214758,,
8.64505299999999,17.187109173833996,-24.207334622105122,-123.43296422914122,-0.9383046766590125,-1.4650023333249498,-0.4528241141229744,-0.7638284583036414,0.3559265005607042,0.0946960500382647,,
8.654575999999992,17.819797617324586,-27.695024656960893,-123.17390681245986,-1.3460707078230658,-2.067605599259049,-0.023999062145367168,-0.6585428529570763,0.28573691913772475,0.1294789027827778,,
8.664087999999992,18.40012553677672,-29.58269180294969,-122.4374816142975,-1.7865632600694092,-2.79368222494924,0.5840996971691953,-0.38553607905351184,0.11570419041165425,0.21309148938029576,,
8.673598999999996,18.869094262605575,-29.97023872050073,-121.41051558512197,-2.439632993567954,-3.784378502595093,1.3752550323735826,-0.12155058147875768,-0.03201692393875247,0.25214935064588107,,
8.683109000000002,19.28973970361271,-29.23432391091875,-120.56498189131817,-3.342965694524705,-5.278804371689499,2.1303703004308616,0.07615078849980991,-0.1427319849058955,0.2066930105232144,,
8.692785999999984,19.964074085006555,-28.66490708519321,-120.61941659153598,-4.103928001606566,-5.0910766617876355,2.800776642570716,0.025744878816995713,-0.16382758315020657,0.03301103360246741,,
8.702315999999996,20.35653686361679,-28.77422466380306,-121.36273013010566,-2.7852715559888996,-3.652345647037203,1.8108456920108464,-0.06662263844791345,-0.051871165359832334,-0.12995326524723594,,
8.711639999999989,20.35582732578425,-28.841080042046027,-122.64918987306369,-1.6949200207142316,-2.407292214799179,-0.2136313237791403,-0.02378531819706632,0.00344037516053901,-0.2713119509453788,,
8.721337000000005,20.70672966507283,-29.046085389044205,-124.35107196428997,-0.9201198848256661,-0.7373048636915693,-0.189478685675726,-0.08070932553087297,-0.032150842012165115,-0.3416452354920622,,
8.730661999999995,20.784325225630077,-28.398345252029845,-125.90316325188493,-0.018872500677842238,0.460404091976542,-0.7719322034204362,0.08571411341316383,-0.08871409197064552,-0.33800413474438756,,
8.740162999999995,20.21845675411343,-26.456109711274024,-126.82703450338224,0.45685064038032747,1.2253779769865891,-1.3961828189390473,0.36038721287670283,-0.1516587929150331,-0.27876733300691897,,
8.749676999999991,19.528452350751113,-23.980385534368224,-127.26552812634264,0.8090929352769832,1.7318297992221705,-1.1125486419315744,0.45864986463711804,-0.20048286499531873,-0.185095777619961,,
8.759184000000005,18.430984303516446,-21.09910017947565,-127.19717648021036,0.5017445377815574,1.5752995561080443,-0.2959332205597565,0.5697971964087303,-0.18879307874051351,-0.09913749729372484,,
8.768877000000003,17.106220712936896,-17.352671684122388,-126.38101801561956,0.3991270023062968,1.3377858745623943,0.005662490365389148,0.7386283310502666,-0.2493901604873758,0.04347254191389563,,
8.778392999999994,15.842060625961256,-13.65455369675899,-125.3839418416028,0.5698811756800617,1.2273709732775144,0.06497140621779574,0.7308516822090344,-0.23710994479535183,0.10594225340788821,,
8.787908999999985,14.61565342179248,-10.936321909501403,-124.80123225232501,0.6567768365957922,1.1235287432349375,-0.0036611818878669595,0.5710810541711827,-0.11772290558033377,0.057984819360168374,,
8.797146999999995,13.48029155459182,-8.949422711207417,-124.61293344716344,1.1283959190459933,1.6671638377046292,-0.2396519750919435,0.4423837785575253,-0.04334284552561983,-0.008004439109215299,,
8.806749999999994,12.50398179990454,-7.948521008065279,-124.88028488538497,1.876736164994044,2.7424004958346497,-0.33329277744278607,0.2626983316834839,0.04398635072519517,-0.08866381373800233,,
8.816262999999992,11.78097324430257,-8.527468355107795,-125.56145395926895,2.2538990070508693,3.5722538697395305,0.16823287133994877,-0.024346146120294003,0.18337853058992812,-0.16333944687622526,,
8.825762999999995,11.437553456363688,-9.890340236871648,-126.21524666809512,2.3383712889459187,3.9145233393103895,0.34419115411586937,-0.19353299343410107,0.21461787304922364,-0.131971377649881,,
8.835272000000003,11.377607495921543,-11.168096849922946,-126.20742521146536,2.5397059325677436,3.8104067181631494,-0.2163615957006003,-0.2118002768159638,0.1602534370452389,0.01160969101314909,,
8.844780999999983,11.421595423340802,-12.823183553688004,-125.72162352098997,2.0154595633393306,2.844730737322722,-0.4024202482471011,-0.2857225980149673,0.18701251428850574,0.10823060465954613,,
8.854298,11.655318140442944,-14.445546472104986,-124.97184702339436,1.2397619679986542,1.521031704502683,-0.8984324627946383,-0.30378828762340976,0.14990581318163373,0.1715637235872075,,
8.863810999999998,12.242782950807326,-16.039070604133364,-124.09855961600074,0.5746518020530756,0.3291415184925453,-1.2150830265074706,-0.3398148126627726,0.08588606052041738,0.200502062631004,,
8.873336999999992,13.146458326356415,-18.6615858568827,-123.5429793201938,-0.37685858445524234,-0.9555581716408731,-1.1144160465890212,-0.5450432105639508,0.14684258420866025,0.16016456195836967,,
8.882834000000003,14.47090220951062,-21.849019388517434,-123.3059481812281,-1.2062697099322066,-1.9501922067763493,-0.4090596296401521,-0.6822667807319537,0.142114722782771,0.15554069659476563,,
8.892337999999995,15.92898171027889,-24.501835374814018,-122.8302076756265,-1.620342309313787,-2.5526400529281923,-0.16937682339452845,-0.6042219287009362,0.06227153950777097,0.2146165003490248,,
8.901856999999978,17.423446979207945,-27.033832127340943,-122.19614696789648,-2.0363214653314365,-3.177205942982839,0.3378196406413997,-0.5849654658440081,0.04214371279593545,0.2631230034607437,,
8.911366999999984,18.727495181620316,-29.437488142730963,-121.30335592264436,-2.721630009925356,-3.8921817133829695,1.3472890710486305,-0.542842979303344,0.05398347209628297,0.30818745860079977,,
8.920864999999992,19.761744419013276,-30.692096547936387,-119.83414269040877,-3.123879917740126,-4.601277903422994,1.6319849927783276,-0.319875259084188,-0.03085612374496701,0.4025256885234853,,
8.930379999999985,20.91708606744171,-31.638780692431627,-118.70126076424647,-3.5254492958316206,-4.793899841431477,1.9488515500350174,-0.2743916867629474,-0.0848361137922693,0.3465441451167978,,
8.949590999999998,24.0406574529846,-33.03208823219309,-119.30662979417271,-2.0137289606164486,-2.5234883731653692,0.9625378182999738,-0.17479624690871126,-0.21943034288380353,0.023843255834735337,,
8.959101000000004,25.50109717598624,-32.57759243833923,-120.99174327404754,-1.2565690944590562,-1.3830285506423186,0.1315175514118651,-0.056360430194575775,-0.2634001298649569,-0.22113081641037222,,
8.968430999999981,26.630657994801446,-31.28149456079891,-123.27905978892232,-0.7598925627170129,-0.5838192792843141,-0.79042812688109,0.10620985430080507,-0.30503255673873764,-0.3902564461451692,,
8.977931999999981,27.424469763064707,-28.92928238522029,-125.54564476951585,-0.2974993589847946,0.3576008123807774,-1.0659471432643424,0.29929834630668456,-0.38337838356779796,-0.40904617356199174,,
8.987469000000004,27.426208257960802,-25.923513854903334,-127.30376613135088,0.09572240476556365,1.0614474815351032,-1.3036785454576352,0.4726353102842231,-0.3604505972202669,-0.39157678049321937,,
8.996961999999996,26.62580973046589,-22.989068621090944,-128.4871520506655,-0.06410371340165909,1.2943719507189808,-0.7569757027288788,0.541598844455086,-0.2481044409331459,-0.3346252845648073,,
9.00664599999999,25.01694787483715,-20.020853671837717,-128.66721390782445,-0.16437019188983382,1.1363200645130433,-0.1704639516352755,0.6396396862183702,-0.13841463882521857,-0.16997769229617837,,
9.016154,22.622081993566887,-17.055906585373275,-127.80718491101625,-0.019784493508089248,0.8886681020889718,0.02442536274495747,0.735723977169344,-0.01227625139829189,0.013008629760375156,,
9.025674999999978,19.832502517775136,-14.657413326324438,-126.51304175727734,0.24126858612974372,0.7500411300580954,0.275127668982808,0.6953284876973171,0.13606720494392402,0.11234384478296372,,
9.03518699999998,16.866348629921045,-12.807245677119727,-125.22780050793617,0.6158551091717382,0.8850347346737171,-0.04359441420561969,0.6263138649304475,0.24845539090677282,0.12958795823552302,,
9.04450399999999,14.46805257656318,-11.32820894809267,-124.24771068379683,1.4811983387944252,1.5680084370302385,-0.058097939508121005,0.49893014280839126,0.21535549322349004,0.11228254607522258,,
9.054013999999995,12.186981576186676,-10.52717696256283,-123.88824129557973,2.3196518588396575,2.5651289381264557,0.05049299557374714,0.371983674619932,0.2801727140259315,0.0020782934680253916,,
9.06353199999998,9.92353341079752,-10.593620596383069,-124.0995851728776,2.4289659733860316,3.4497478073270185,-0.24782246591368884,0.22579961095578716,0.3758002853660508,-0.11389253396223738,,
9.073049999999995,8.857473984100649,-10.776861939242849,-124.36991032014275,2.6594062186860494,3.8377292234061677,-0.0267400342572324,0.07512029678461696,0.1933159926827311,-0.08819611725598306,,
9.082550999999995,8.326908398924282,-10.842874030626113,-124.30908948343937,2.7154310805007715,3.749002886875946,0.14749034421158796,0.03526197851122687,0.09295708444899341,-0.013069956635763587,,
9.092055999999985,7.855091831215007,-11.167431093564835,-123.82160357772999,1.890010332207871,2.9124447359636587,-0.3091326431174996,-0.014622219287417637,0.11247062560157695,0.07436899882367048,,
9.101566999999989,8.191773709122195,-11.732739456487666,-122.88017205330249,1.2899324610064786,1.6572246832769018,-0.4915285780412919,-0.14359108924595282,0.006006516263837351,0.1966869169511855,,
9.111096000000003,8.803992092568222,-12.904627708089262,-121.7828748066681,0.664509847112707,0.5199749669089867,-0.8307469010484546,-0.2750170790015351,0.022873778304464853,0.2407112458596255,,
9.120609000000002,9.668685001551161,-15.36716277467129,-120.8849836039556,-0.2190072630721844,-0.6172220637457125,-1.0189425569307788,-0.5211743868537357,0.1110941928941054,0.2170981198091626,,
9.130104999999986,11.126623608092562,-18.67244799376099,-120.389964661312,-0.7224603160075248,-1.4498474284277563,-0.4984063080508467,-0.7242833553453538,0.09533195509307371,0.20198203211223614,,
9.139614999999992,12.644401074042003,-22.050417529727884,-120.16407777199117,-1.1877474577711242,-2.0660256611619063,-0.5589309433163048,-0.7403701392400046,0.09267746524898969,0.16622329945647998,,
9.149122000000006,14.475983127759777,-25.303806533916013,-120.1273889145552,-1.6854738212801912,-2.7899774689730257,-0.17299571717653042,-0.7446317758051195,0.033554928235119276,0.15704726198221952,,
9.158642999999984,16.416821238803813,-27.839055788683563,-120.09975020323483,-2.4504919526289317,-3.4882817312884553,1.2312122981074554,-0.6260784849556412,-0.04972752623522566,0.1753273929124746,,
9.168143999999984,18.159867880037233,-28.759957709848827,-119.71880120694694,-3.3482447999395215,-4.4330046967424686,1.5424125354443965,-0.32552882496488417,-0.17851937154170935,0.2375908322593229,,
9.177661,20.232219363617777,-28.858718659475837,-119.11881167120025,-3.4849420925916377,-4.768337950070902,1.693323348796521,-0.20784394081179575,-0.3116299927669742,0.29936675729212536,,
9.187355999999994,22.08480293377711,-29.393148851225103,-118.98212444289777,-3.4032823301883846,-3.8774929881870976,2.0235784866200692,-0.2628456261429419,-0.236246637049226,0.1926422356184368,,
9.196864000000005,23.62438175024591,-29.39577256325361,-119.05048236807215,-2.282833193033003,-2.7095363066535776,1.3573312374577178,-0.1425409579152221,-0.2396912106653891,0.12136940689654081,,
9.206185000000005,24.44508531642642,-28.88884837432052,-119.7455151884741,-1.4095706016078766,-1.6215738882950843,-0.2781025775748186,0.006180755602343252,-0.17980287353597163,-0.07522357026042527,,
9.215717999999981,25.327467418866533,-28.241996066305294,-121.25564837745632,-0.7694243475960398,-0.6277132747860534,-0.871518603414352,0.021052109793606923,-0.20412147446753592,-0.23441764635667886,,
9.225381999999996,25.873846267799248,-26.807068889896975,-123.01715985969331,-0.20867326656799848,0.619701273474533,-0.5721600832988075,0.17990845253560706,-0.23919195432130613,-0.3193162492468713,,
9.234729999999985,25.35034775273544,-24.358799266506455,-124.54525091992204,0.2087268657556462,1.1343093415274952,-1.4087146188104605,0.44818124383063246,-0.19750123078255813,-0.3668226243720277,,
9.244226999999995,24.50847829300037,-21.903530405080602,-125.84528018785345,0.3234988861725064,1.4931729565807093,-0.9118581051593176,0.47923266541737597,-0.15952018790100225,-0.34469651177536337,,
9.253929,22.983994617320576,-19.574653092022153,-126.61812168130291,0.18785090130552598,1.3204378438081654,-0.18858528836650348,0.5328736042097733,-0.04777607591004032,-0.27294786868124954,,
9.263424999999984,20.703218039606995,-17.00941295077509,-126.47297924895155,0.21313360588928104,1.216652935388019,0.03659941506828383,0.6587615478643095,0.04035823558067779,-0.11587172818096737,,
9.272954999999996,18.196447045391114,-14.782161871115877,-125.73328540209558,0.6041050944738156,1.2282382054372027,0.14082754204687742,0.6326011438979877,0.1255925014715719,0.004217766467190265,,
9.282286,15.712010779985269,-13.232919441532262,-124.91916542170934,0.9020223876524524,1.2844859677945595,-0.13360358738893305,0.5199172695239892,0.21298059619886542,0.03634633363375485,,
9.291776999999996,13.822867767718323,-11.918267460469135,-124.30620753707105,1.6742502378703947,1.819799963638805,-0.0041013672029965,0.41413733517599705,0.1527636798595695,0.0496132651616949,,
9.301286000000005,11.919446848234367,-11.029048655625882,-124.0760398846104,2.2134624874753457,2.665671825752997,-0.18533633555152523,0.3448447965556782,0.20766044427890093,-0.024650294890813513,,
9.3108,10.52020109805321,-10.964757805508189,-124.26106261241318,2.091269518731451,3.1563118352730575,-0.3022915741609598,0.1527221574741651,0.2193303436636656,-0.08245242716623932,,
9.32030899999998,10.359690532279304,-11.040578109657332,-124.40245363580972,2.2710760726158608,3.160730805200295,0.3464363644748855,0.0,0.0,0.0,,
9.32983299999998,10.282632974406848,-11.1539993575215,-124.17908958991356,2.0181851288677493,2.805054696473076,-0.09590357773364072,0.0,0.0,0.0,,
9.33932999999999,10.529082587448361,-11.992294443323566,-123.58720232196929,1.3066828798366077,1.8707865868390894,-0.4744036077408074,-0.17885011954467028,0.05232351186837793,0.12285723544544416,,
9.348833999999982,11.26987046441355,-13.484868682638856,-122.67561616388673,0.7952176059295527,0.7964338394795402,-0.3703456362321456,-0.3418576349145703,0.040900558619198,0.22578982599245506,,
9.358552000000003,11.904539272540955,-15.684419081449562,-121.54381856678279,0.2423083371751743,-0.053401255005884544,-0.79820152392062,-0.4509033307461855,0.12818712691788106,0.26752609379149833,,
9.36787799999999,12.864922255035959,-18.97785758486051,-120.55248080823962,-0.24077918215591967,-0.8250707781141395,-0.6954297223641196,-0.672057899424067,0.18088301334851228,0.2731958770614208,,
9.377393999999981,14.105538922188916,-22.852738734837175,-119.65749721736012,-0.5644109161321343,-1.342210992601003,-0.32699002560003076,-0.8002301078774919,0.1850065395725591,0.2584096067791896,,
9.386893999999984,15.400606756358648,-26.538166715548623,-119.04399152694911,-0.9456206936109556,-1.831762545762539,-0.4467510588809113,-0.7712619041366148,0.1525626287885635,0.22702449647432457,,
9.396393999999987,17.29587625551651,-29.74777979228372,-118.81873497661748,-1.3906247060819665,-2.5879716349311535,-0.27194864099496724,-0.7368003308409797,0.014297459990151714,0.2379393611366846,,
9.405914999999993,19.699137452745006,-31.85022572064535,-118.67243798656882,-1.9251308909735612,-3.1820267818675805,1.0988620662476987,-0.5801868804950148,-0.1647049991469865,0.2718811457731375,,
9.41542099999998,21.858126797842075,-32.33292021125448,-118.50742862266276,-2.9419191396190483,-4.08235081882726,1.3973056563054647,-0.2721018477272957,-0.28057197901076586,0.2445553379169923,,
9.424927999999994,24.895685427981363,-32.194237838215194,-118.6950092279985,-3.7971999312952716,-4.725021200316511,2.0687239509438355,-0.23324326945469973,-0.47048134380180384,0.26114269953425323,,
9.434629000000001,27.96625165811415,-32.50311090529365,-119.4927532467345,-3.6378282986945143,-3.784823433807948,2.4905458156687783,-0.3177473000488003,-0.42984098480962546,0.14118926926171316,,
9.444133999999991,30.435966525009032,-32.386606729257835,-120.59782108338787,-2.1631118982022066,-2.505799844480992,1.600507234632511,-0.19983752143305045,-0.3789522031576873,0.017864620758396347,,
9.453468999999984,31.731346418962122,-31.83859168544807,-122.43996587850485,-1.502921383678896,-1.7330170716850621,-0.2017913967278458,-0.03261185213226904,-0.2503005925454756,-0.24990914913127948,,
9.462977999999993,32.99758002565499,-30.911209450315745,-124.7612856661464,-0.9358149282131365,-0.7067702598049997,-0.8047106662692253,0.023472187582117006,-0.2883468440756901,-0.34501299483160464,,
9.472481999999985,33.76229325945404,-29.097869919992576,-126.75691628603384,-0.23744822263985044,0.6685892483921301,-0.6706722045722527,0.2057868689697334,-0.3245799598449484,-0.3366659773852362,,
9.482080999999994,33.09935268182941,-26.496957474192268,-128.1315490218516,0.20120238929163606,1.0286990338831061,-1.6773016944450494,0.4734466418747994,-0.227536779039899,-0.3498465276815853,,
9.491505999999987,32.0343210036027,-23.937693968995767,-129.0471481137766,0.16914982808423748,1.4653949531031618,-0.9602262111453393,0.5093593033851739,-0.17260809891031767,-0.27692908450826065,,
9.501024999999998,30.02574697112315,-21.30079228935837,-129.0492725288932,0.03408748965629297,1.1973505509678055,-0.31181496553831256,0.6323668131330458,-0.04743086331937527,-0.16199444543881697,,
9.510728,27.047552606026095,-18.545096232539855,-128.1549698607641,-0.023319023967903203,0.8256196764282234,-0.22778619834722952,0.7693736056500736,0.09089496760952587,-0.019297766971670054,,
9.520220999999992,23.86767857966586,-16.305105485570753,-126.9809737993645,0.257443655522849,0.8032379319300399,0.18640624816194584,0.7143534392756556,0.20498198960613687,0.06465796556064354,,
9.529714999999982,20.602821569684117,-14.699837459175544,-125.95655316942694,0.6410149100495022,0.9164948671260073,-0.24039243143606742,0.6214717621918595,0.31260217003077595,0.06109559329721391,,
9.539059999999978,18.104446296635913,-13.432656065546055,-125.15184459652325,1.6168976313764625,1.8126406154546857,-0.2261571165074768,0.4768380108552967,0.24496018966682792,0.06102999646562078,,
9.548577999999992,15.790120084617243,-12.807977535669194,-124.92839019871056,2.6984788054193527,3.0473465139995684,-0.2623975931394402,0.34963714165328047,0.29586061757973886,-0.04236986702245308,,
9.55807999999999,13.444352970107646,-12.998952699765203,-125.21883303374383,2.6524031104570462,3.9667335723534802,-0.3303239151928197,0.2198812546581475,0.39521434863884347,-0.1399761763475141,,
9.567589999999996,12.160764134584813,-12.965593819880253,-124.31200810153277,2.9980878459656286,4.564561981268181,-0.9243582312308464,0.1359894136226591,0.20057735121992232,0.13984035263280534,,
9.577100000000002,12.223219706899183,-13.043271328332738,-123.14778263712114,3.5399458376207757,3.886501532582956,1.1745752135943905,-0.03216297865355957,-0.002950140380060484,0.24991486348607292,,
9.586608999999982,11.169301021284102,-12.351047270129188,-122.9403373418639,2.1565011051794283,2.7104136849413476,-0.44982116540821776,0.21597089367247577,0.09550845680503961,0.0023348776416076415,,
9.596124000000003,11.777432001442138,-12.171655997954261,-123.53622402160762,1.330180845513039,1.4479775172017935,-1.3710673483435758,-0.04759563079440444,-0.12048284145847446,-0.10727189213159058,,
9.605838000000006,13.610873927788493,-14.085920391092074,-125.0103902165587,0.4559688363110841,-0.3776811905770709,-0.19025207905998462,-0.5304226557774713,-0.08129271188257264,-0.23439273273040953,,
9.615145999999982,14.788950218961208,-16.764579443992066,-126.77528306714699,-1.1067221885632355,-1.5987710434258955,-0.9757694188469374,-0.5804058198632487,0.12867972115464876,-0.30692320864549544,,
9.62464799999998,17.252017313443687,-19.59825818015128,-128.02006584265004,-1.5574651617387343,-2.250261089332143,-0.6975844480050043,-0.7477867247808115,-0.02941495347141777,-0.10631103555751474,,
9.634163000000001,19.938262212513063,-23.316665481946167,-128.5377889729809,-2.060760813276405,-2.8809872456347576,-0.17435148319476046,-0.9070300691464463,0.06608481281715096,0.08790162552682781,,
9.643674000000004,22.096256590809787,-27.445678763087308,-127.89725419886786,-2.9972284522292125,-3.5722350569704684,0.576724425343868,-0.9034310106788597,0.2026201607752928,0.3282756617889267,,
9.65336099999999,23.96425904541006,-30.68884983800313,-125.41843100226554,-2.7616135704293385,-3.705046336083299,1.7564723449022512,-0.7284626832794162,0.12248064879565507,0.7022892019335331,,
9.662678,24.312289694449493,-33.09868981553985,-121.90552014416215,-2.7006552054294115,-4.259996881765328,1.466939660126963,-0.4463806515054149,0.2141432274354788,0.7716086329822299,,
9.672203999999994,24.75034942012007,-35.012844609664604,-119.24064210118883,-2.9183247713672893,-4.122515311680519,1.5079272960345518,-0.3788518357138236,0.12731010064597165,0.606352896973408,,
9.681894,27.218840994880736,-35.85411589449944,-118.68416221790659,-2.440548932042858,-2.794360766769114,1.7713681591034822,-0.3542265396422884,-0.27668424953006804,0.4042114598231623,,
9.691396999999995,30.531460811639402,-35.13659169686622,-119.92216415310116,-1.3537027615436676,-1.7409046628019833,1.0675493470564636,-0.15026628697546174,-0.5474585208009001,0.1225751912330502,,
9.700918999999999,32.66628376065483,-33.35657629031151,-122.62024641908717,-1.1115844004705753,-1.2025730915154884,0.190330522588583,0.11051543933141095,-0.4926720053016655,-0.340924288524065,,
9.71025499999999,34.02215722170302,-30.616020643401747,-125.67870594281588,-0.899584075327817,-0.8442936138446706,-1.1899702781632369,0.314411327309,-0.5032232257868058,-0.5197856223943589,,
9.71975599999999,35.264070534870946,-27.42412069319288,-128.26300135809365,-0.4664635419006439,0.3908100566473538,-0.8239065641139877,0.36957300877889643,-0.5620418996800604,-0.44701365914372165,,
9.738779999999991,33.024921409467424,-21.993542622972758,-130.50670269989078,-0.48235767397495266,1.2337467041899055,-0.546490002542435,0.5710040519613752,-0.057225522144115325,-0.2688107489796426,,
9.748479000000003,30.113053161041773,-20.09891745359403,-129.61938995538705,-0.20724881749467639,1.2172271612211856,0.22200485230515823,0.62917655379558,0.16893735499546145,-0.023149962567592077,,
9.757983999999993,26.045032965040733,-18.55676005224557,-127.71706534159597,0.1905278159155125,0.9632245253041398,0.11649900446013463,0.7101567205957663,0.403571204629545,0.1376857986394952,,
9.767490999999978,21.897081182283095,-17.290474258088775,-125.56855134218524,0.6264251488645278,0.9298396850583889,-0.26725514648554743,0.663939088785116,0.4791399992786304,0.20926005395602715,,
9.776825000000002,18.684664657036553,-16.129591320037935,-123.8865656617927,1.4866550911416505,1.5285184033710406,0.0767734713800518,0.5305520020721295,0.37063244029024595,0.18814666785762968,,
9.786333999999982,15.69698727670042,-15.162852733182635,-123.30286406818259,2.263787406533371,2.308881478098359,-0.16966992175181916,0.46817581207815556,0.3700750872727414,-0.017846094207908055,,
9.795841999999993,13.123795016219095,-14.768168297917681,-123.96127703231781,2.4263214917784626,3.0690424737459976,-0.7317278043132813,0.32927360323265703,0.36884937433712284,-0.2511955180407114,,
9.805353999999994,12.006076706083183,-14.918699331082129,-125.3656160806127,2.6422399018529714,3.5063847719697145,-0.33743900817935873,0.08567071626958354,0.19394067217313873,-0.33758003507715534,,
9.814853999999997,11.570020702468302,-15.112145271348291,-126.76161210647021,2.500696994678658,3.418305625414528,-0.10817631593392622,0.005615408141140929,0.09020855230839422,-0.3122281084626935,,
9.824375000000003,11.21406236923586,-15.323493714751546,-127.43886618719696,1.8602887834432116,2.8834567414028736,-0.36335180771700765,-0.005028753611384133,0.07978723588063544,-0.16462323363403464,,
9.833876000000004,11.182107934314107,-15.960998176495536,-126.95805238748072,1.2587639870207024,1.8995162051969383,-0.31499529180168867,-0.11072367484038331,0.08133480998348601,0.08944707045594877,,
9.843412999999998,11.11878478342636,-17.2170470235286,-125.25209798751185,0.6393679132341914,0.729043546432628,-0.5670173145790393,-0.20884861262415239,0.1568100327579634,0.33302248098425197,,
9.853071999999997,11.125524742476875,-19.383280133915118,-122.74621318499128,0.19466187344978322,-0.22711477591069343,-0.7680051790907482,-0.37302417543802885,0.2397911104413867,0.5115661200343473,,
9.86242999999999,11.409051244965402,-22.529190326696327,-120.00958425451338,-0.11486857335065097,-0.9399380376338569,-0.5330400436619778,-0.5780003216385798,0.2804896891219853,0.5854687533367607,,
9.871928999999994,11.945973367511675,-26.133899570843912,-117.68166120561564,-0.36263651055121493,-1.3427078468540155,-0.4159961254370698,-0.6917714667179214,0.26021474883551887,0.5529928891199336,,
9.881439999999998,13.04437214846685,-29.708478295879665,-116.11036825962917,-0.6213224388074025,-1.6849109186542899,-0.4712476337727049,-0.7386683549395079,0.14742202411873484,0.45343799648987904,,
9.89094799999998,15.20277595227717,-32.887346684876675,-115.5122207590273,-1.122514074043332,-2.39744157410447,-0.24702200254975124,-0.7462916552009383,-0.059963030699592995,0.3489050736915103,,
9.900639999999981,18.51692087398801,-34.910099599958706,-115.7524674331811,-1.7263131191991326,-2.8668692440671517,1.245589953897212,-0.6152894512090737,-0.32739174153709577,0.29555644883702276,,
9.909977999999995,22.179624429551048,-35.21733026893582,-116.43284489592165,-3.0681715261534914,-4.314972702584232,1.7674844561758851,-0.33028877329980605,-0.5183442475767495,0.23871242503655823,,
9.919659999999993,26.743699875024074,-34.993364926652724,-117.42360967539113,-4.173893681442716,-5.098210774279322,2.950184579356476,-0.3085609500520312,-0.6936755225579584,0.26790632041829704,,
9.929171999999994,30.755509333990172,-35.74146083799684,-118.83781107537342,-4.111132830195512,-4.15073345723889,2.8712714214564405,-0.4511709547890392,-0.5144087827994995,0.13161871089766583,,
9.938683999999995,34.305607628810826,-36.5393423397547,-120.47234986265262,-2.1931421496227466,-2.3724801809050935,1.7559208245607196,-0.43331002535342306,-0.4271662917994473,0.05474762575731913,,
9.948012000000006,37.17585925726274,-36.50721449011717,-122.85877339670967,-1.3715497101404461,-1.4931176918509972,-0.1605097700336953,-0.24747403041796562,-0.4034751513077758,-0.17149392026375895,,
9.95751199999998,40.403481750276335,-35.28287291386131,-125.67897615981747,-0.650669078343538,-0.44438816584409746,-0.7188021017494357,-0.1022707398450146,-0.577342506838297,-0.22670936891455845,,
9.967039999999997,42.97834053998312,-32.55347092045787,-128.25994893447378,0.018509126151436746,0.7271697114553372,-0.8535417993855213,0.16968020664812125,-0.6763977471954763,-0.27443368164151033,,
9.976556999999985,43.95519775397509,-28.74412843107345,-130.47740495164112,0.1890419420975581,0.9109930641106209,-1.5185671538623005,0.47315913498409357,-0.618961577461254,-0.38151776504521306,,
9.986063999999999,44.020183141184816,-24.699290857593642,-132.2811086622165,-0.2291533955161252,1.1349500587872632,-0.9524247448313153,0.5902030195244572,-0.5484783320456625,-0.3862757648124595,,
9.995565,42.71045906028082,-20.864164005410828,-133.3280044028295,-0.4335335059803027,1.1833798673648066,-0.5256334403074198,0.7175595916220512,-0.3482520115341073,-0.32899932723206804,,
10.005257999999998,40.153684739997225,-18.00847776265562,-133.785676851255,-0.5205748183224406,1.0600440763996508,-0.2030715284913922,0.7366337450689324,-0.047774403266801574,-0.26191518921527124,,
10.014783999999992,36.81755855401226,-16.498149451923034,-133.73071976876153,-0.21214679005434792,0.9311522373138613,0.11587391533258255,0.6492626195027275,0.24813600497594665,-0.17011668887600123,,
10.024284999999992,32.66979996036548,-15.977403129420816,-133.09874127633324,0.46380645033418166,0.9499992278107918,-0.3142017590585193,0.6135525421499606,0.5042978006444453,-0.0769494035946522,,
10.043121999999983,25.248849449940657,-17.421696669742975,-131.5344037404502,2.408601886129199,2.8392062384106938,0.24509960368161474,0.27146871661534444,0.6582792297530561,-0.03740291181202083,,
10.052646999999979,21.00200406575749,-18.883166750760466,-131.1406992371966,2.576907113864491,3.3331160765244223,0.1935644790871415,0.30342500656034493,0.7979380573635916,-0.14599990606610525,,
10.06214399999999,16.868579652881333,-19.34547860422645,-130.29055308953508,2.844290401825783,3.26545298596944,0.07121407540663689,0.4288347885805575,0.6510881444874191,-0.05387234998579717,,
10.071643999999992,12.686153133244046,-18.75763842681618,-129.1872375770989,2.8503401094756007,2.805407817972977,-0.02541918508712897,0.5845170799728121,0.5318374146520646,-0.019243657659070195,,
10.08114999999998,8.673137167981992,-17.683985022352722,-128.38830979502313,1.8596136872862712,1.7409903770082233,-0.5979321997445932,0.6330486493049796,0.4593301214766422,-0.07069524877301825,,
10.090669999999989,5.823443822533814,-16.452366037173665,-127.99545111491018,1.341619372446252,0.7600997085148996,-0.6057330679676839,0.5181235158923114,0.2758217752602862,-0.0721326521143477,,
10.100393999999994,3.511244935297332,-16.077058606865197,-128.0958601083811,0.7949937902909875,0.04146576162420543,-0.45276416433813904,0.3199743027731396,0.3038550942785595,-0.14170805598678698,,
10.109689000000003,1.6576881826978818,-17.037404076937243,-128.4984223498872,-0.35211190820152516,-0.6957774028370106,-0.8048488999608304,0.056389926347092965,0.3988874419075948,-0.17951704421048398,,
10.119195999999988,1.332776173230062,-18.720433554729794,-128.7953269431188,-0.7609808038446568,-1.2194712372939864,-0.6760378476254678,-0.23789341338591036,0.2594548482782973,-0.07806534559962093,,
10.128711999999979,2.355265208327018,-20.871828557062894,-128.91562424227305,-1.3064178378128206,-1.790485069648067,-0.6024791892239401,-0.46971555697192346,0.12077033035673418,0.048117209650342406,,
10.138216999999997,5.003546623156788,-23.036728372677484,-128.77665190271927,-1.9799074440147002,-2.3129092531818984,0.500053090356112,-0.6594091613985399,-0.11146667241525034,0.21389676019557474,,
10.147732999999988,8.541035028968206,-25.058611963338752,-128.33440450293222,-2.2509506151357894,-2.9705213781915014,0.6890429756753393,-0.7326047108730387,-0.25533646566705076,0.33866375679854527,,
10.157228000000003,11.765738764366253,-27.38380881429725,-127.92035635022599,-3.0273392354846083,-3.551905780490785,1.3796096174261865,-0.7368245682433934,-0.17053370007935717,0.3344063796069087,,
10.166759999999982,14.709066299128882,-29.573431481789765,-127.65429866748333,-3.2410939724353582,-3.5034563477651863,1.720466113660871,-0.6769151999285657,-0.14312704301061166,0.31579609681535403,,
10.176282999999984,17.099758780059645,-31.816998849809103,-127.70179154395282,-2.8668759016346637,-3.305131741140903,0.9833102011947619,-0.6201665288605394,-0.054022228011231424,0.2144206850762348,,
10.185954999999979,18.910209736237828,-33.939837732696766,-128.29981915393378,-2.1908178140178634,-2.0661752332597705,0.9696705163687904,-0.5354676461652089,0.01893128145172999,0.06179823160104791,,
10.195472999999993,20.064090773135682,-35.28385173999567,-129.16339018574115,-1.2601448013969048,-0.9716094655693214,0.4430821897939772,-0.3420383329132397,0.01708892195431648,-0.06880202463514924,,
10.204971,20.065046954804938,-35.52984488571146,-130.0696868426928,-0.6149109515700396,-0.18689801000730832,-0.5336441145712751,-0.05125320095285759,0.02884599433585021,-0.20672457253045023,,
10.214305999999993,19.19433691969733,-34.67018255286813,-130.82388904792205,-0.15305348755593695,0.5402433759234411,-1.0391757429131292,0.21029212022293206,-0.005169764749633279,-0.2544722076821259,,
10.223844999999983,17.61025467050132,-32.95827862444463,-131.07475416192602,0.22827745207438613,0.8266689680580835,-0.9808281153286492,0.41832402691244147,-0.027259223571350074,-0.2300608305892357,,
10.233352999999994,15.028253279789146,-30.87710720339198,-130.71906042296504,0.2745909397644178,0.8480758691862087,-0.5079133407639144,0.5889182430628703,0.057682090230941334,-0.20547844587050088,,
10.243021999999996,11.72518659805877,-28.729814713353356,-129.67618096113623,0.2939007607025028,0.5728626839132368,0.28064703161712307,0.6853354204720598,0.16001877867411313,-0.12321118901678359,,
10.252537999999987,7.746386794276628,-26.697897186821532,-128.09622986067112,0.3419310564010485,0.25943830876969043,0.4836808154724223,0.7458365706646338,0.2930235856343145,-0.05723224010523479,,
10.262046999999995,3.97350573950513,-25.201331082700662,-126.30636398528114,0.4436821575662598,0.1054984165389177,0.06436816545400685,0.6357324610052143,0.3593961235166656,0.025130379926909988,,
10.271562999999986,0.7759623861993615,-24.372031654053387,-124.74340117669705,1.2271875281872877,0.3314634599277692,0.4927716387215903,0.4595564955306152,0.37567613804862265,0.06267370155246146,,
10.280879999999996,-2.6671682727975767,-23.96776159280513,-123.64905564769899,1.3994606752806265,0.8134395144137546,-0.26246067959114744,0.4071704112442332,0.4739887659563577,-0.04343111084774575,,
10.290404999999993,-5.259823248835456,-24.08190181329187,-123.11812594700109,1.645040651602034,1.5116531064985896,-0.7947907118322803,0.22834494546810294,0.40811984205215573,-0.09102531348076975,,
10.299893999999995,-6.461337464923892,-24.714216849586858,-123.02883692192808,2.183102824325257,2.05398661381756,-0.8020575117397839,-0.00040580277251810583,0.2525870929431367,-0.09388475056147111,,
10.309419999999989,-6.741562705767827,-25.521626841624354,-123.35451765590835,2.286250916370671,2.445606120898802,-0.8832728460496785,-0.12136891309488293,0.13090769594286011,-0.11359708757890963,,
10.318928,-5.889515517378435,-26.17687007030611,-123.98233219305408,2.2418688131980233,2.5422920549911368,-0.8753501787277057,-0.20801649173863893,-0.055121127439451745,-0.06766715315784702,,
10.32843699999998,-4.155630205119373,-26.387959002361043,-124.61140738076219,2.1929242060823486,2.2722150981591582,-0.48302428824131977,-0.22373247158587603,-0.2336080369767773,-0.003952949370448467,,
10.337965999999994,-2.152821475780894,-25.95885631554201,-125.17423525057148,1.1923222351033838,1.7576397018379923,-0.7352250521422103,-0.14851585016690905,-0.34464227790584584,0.023286582454312997,,
10.347649999999987,1.009301491220959,-25.29799300918168,-125.47723446513692,0.43714130124875095,1.161977202469843,0.006770117421056895,-0.23470185141693514,-0.5430192574714185,0.1664498878751666,,
10.357158999999996,4.942079054795702,-24.773453103138777,-125.42816639997397,-0.02698009018240973,0.1583848779443017,0.1506252873662861,-0.3402964100561716,-0.6436482361344066,0.28786145217289905,,
10.366662999999988,7.879596899795899,-24.85590656676801,-125.25193636111844,-0.48135777552490283,-0.16699413019981718,1.1818584846040745,-0.33482098675647437,-0.42776622173807033,0.2376653934451951,,
10.376183999999995,9.499581639312723,-25.726127185183593,-125.04853569577908,-1.2464684143845852,-0.5113225679589901,0.7558245148025972,-0.32440534849935204,-0.1413913174417692,0.14997357524815141,,
10.385672999999997,10.905530453978361,-27.37651993255104,-124.79996141775173,-1.2501420274919606,-0.8046816842716651,0.7646528373492708,-0.42831528133977154,-0.019390936612801758,0.16069160616549386,,
10.39519199999998,11.492224318528383,-29.563803695139956,-124.64470064649888,-1.0474183051352235,-0.8137351020623025,0.6902605226185079,-0.4320408273539863,0.16247570422812965,0.08402954830151672,,
10.404696000000001,11.142186275402441,-31.88731549844631,-124.77781401530031,-1.053235727483304,-0.9584157908199926,0.26560213002113203,-0.3614703620504076,0.3123345293255521,-0.06508238457878605,,
10.42371399999999,9.724204287368039,-33.965328114260885,-127.31954116190006,-0.5376786234193127,-1.0464721763909863,0.4011089010248691,-0.005499975194540204,0.16957322778275494,-0.46245764612462803,,
10.433234999999996,9.050718008113103,-33.27117133317968,-130.4814019047115,-0.6160476373950221,-1.3674413286717841,0.7490717159821509,0.16510880830778624,-0.000216385126679972,-0.7306017944267774,,
10.442742999999979,8.162906062083378,-31.470437448372486,-134.8693493751835,-0.7454223305143229,-1.7328999330147736,1.3863051427364432,0.353655511033341,-0.13261436748234737,-1.0196493773173312,,
10.452253999999982,6.5903163071003945,-29.319838009800986,-140.131620841794,-1.3447932324733427,-2.0352172332189284,0.9342211827067758,0.47832001847422195,-0.13061155512030448,-1.269068551135648,,
10.461763999999988,4.831102312451409,-27.756809506151164,-145.7060747993789,-1.2098917113548842,-1.8767956269041894,1.0446592138548483,0.4229181932106754,-0.058241590198954564,-1.341192950626606,,
10.471275999999989,2.296260714949466,-26.87435967087148,-151.0042284974328,-1.3088988328130955,-1.4168014551852435,0.3964268357552738,0.46412258843430027,0.09268862843422752,-1.3479219810689995,,
10.480780999999979,-0.20668057816175694,-26.230005189638067,-155.52102374353086,-1.0557265976011951,-0.8855606574662581,0.12766355592953157,0.44645834489064357,0.09409539128017465,-1.1770644434610067,,
10.490274,-2.60851084285376,-25.032258538599507,-159.0060921892104,-0.3873918157099054,-0.7652284951510878,0.3071994770078812,0.4814195621988534,-0.04503736897381902,-0.9503026933929917,,
10.499822999999992,-5.470443757381798,-23.143686585566936,-161.58943540198544,-0.20570083672643444,-0.5175734257610426,-0.01326941518632007,0.6095652476097259,-0.1700779862514654,-0.792533845405293,,
10.509320000000002,-7.7715035611239145,-21.025330938652203,-163.58662898835695,-0.1585621781921583,-0.27122201393789386,-0.42197874805786856,0.5244666482591591,-0.26695756171012436,-0.6156139118340881,,
10.518833,-8.906771384923726,-18.91828142022409,-165.5925508727492,0.19534856232763465,-0.7593777075951136,0.0007581093887716756,0.3087413088581304,-0.3399511177532022,-0.5199760051902695,,
10.528339999999986,-10.066815976242014,-16.772842224818678,-168.2934357360516,0.06730186670586,-0.6272113739531917,-0.6193425843161463,0.3037489875606954,-0.35796683281410924,-0.6553549014939914,,
10.547370999999998,-10.819896382199207,-11.85665626806322,-177.28806310099478,-0.14088844498931385,-0.650329145753644,-0.1935229262256416,0.06525034126329322,-0.5239778630018858,-1.096737027442832,,
10.556869000000006,-11.233653071827232,-8.970021362325925,176.4598092598741,-0.4358085012922718,-0.312935014172647,-0.5847901155684421,0.07276073260356343,-0.5664854156301549,-1.3315178979608449,,
10.566382000000004,-12.091270662343167,-6.596500746165753,169.76517744708744,-0.8313438385516421,-0.3111743470537284,0.028780376518694525,0.10863846997753224,-0.47940143172434824,-1.423925663238008,,
10.575891999999982,-14.050738900554174,-4.49322148406867,163.23210431004375,-1.2110016134609698,0.13775851290381752,-0.2801482022721939,0.27971380973862525,-0.4869748824814967,-1.3991997762124435,,
10.585219999999993,-16.973447597030436,-2.407701620414711,157.4281885611066,-0.9863570300716135,0.3911279017289422,-0.530981995793349,0.40940217487671454,-0.5756115081601129,-1.243638585446097,,
10.594744999999989,-20.552479113360548,-0.7284806593601151,152.77819335731584,-0.9190285455681034,0.2572159853191505,-0.6784494188348978,0.5091481578818595,-0.5920382665145425,-0.9898609033812362,,
10.604264,-24.83843487616941,0.8051450012488734,149.04848883034236,-0.9878442150188621,-0.00967006333633493,-0.6125001226533227,0.6023717184024378,-0.6709638968903003,-0.7767074050825097,,
10.613765,-29.69522656646799,2.502596302765775,145.77683544512433,-0.6381888984409674,-0.1623365465401608,-1.0739607706505345,0.6397675404658207,-0.7943952955488396,-0.6894016078379,,
10.623279999999994,-34.349688982924405,3.7818180679206375,142.38841815776118,-0.200123817500317,-0.573097338419917,-1.1666227124910409,0.6075099235776447,-0.7381773318733189,-0.6854629641176522,,
10.632785999999982,-38.5900467842352,4.14902355702437,138.52687198074136,-0.6443684124120614,-1.6992632605320692,-0.7692200718746549,0.610572720324402,-0.581338411065391,-0.7640194290774314,,
10.642291999999998,-43.916659581159585,3.5992840302420497,133.88078368420364,-0.6845064942459715,-1.8966900315497435,-0.7944377735046186,0.8494585175056044,-0.6424229742779478,-0.9070806511012491,,
10.65179599999999,-49.65930251428503,1.7832025389085955,129.2216173629545,-0.13577557792565023,-1.9505938906222784,-0.76082486469829,1.0396660021529718,-0.6042701507310199,-0.9243376633608318,,
10.661304999999999,-54.200459609096924,-1.7492189984727902,126.26974423242505,2.7760117790644396,-0.6437475011311703,-2.3706299663187496,1.1209503412882789,-0.27337933593762925,-0.6171170022715491,,
10.670823999999982,-56.05844556778002,-6.625532531440294,126.05419669563084,2.1153322058436896,-0.036247177810897604,-1.5887785353063395,1.0122243548707073,0.2869928602098048,-0.057994228911179696,,
10.68033699999998,-54.51109664654817,-9.235668471658249,124.50623782286016,1.929053247755716,0.5018102800632942,-0.9105797836251541,0.2549276147922893,0.5628677243834528,-0.2601894496737948,,
10.690028999999981,-48.96127381461332,-7.9252323264828695,119.85186517484682,1.0054936123198208,0.018758790222988406,-0.377867366626338,-0.8005059351997786,0.8010501277471195,-0.7595705377909007,,
10.699514999999991,-42.04185753666629,-3.6608181971002764,114.38732531725226,-1.8202254934162105,0.6591391951323827,1.4904841619600095,-1.379939658622713,0.8490971516844472,-0.9484396194269368,,
10.708864000000005,-36.49236559997198,1.526980021662946,110.62626717032292,-2.4744448983367358,3.6551586374414606,1.0976730448087106,-1.3757006222356305,0.63984338840864,-0.7289920121276176,,
10.71837099999999,-31.112662406784374,6.310426398720122,109.16549599162222,-0.2217301627178119,6.364690386658862,-1.1526066723982393,-1.253520511074273,0.7009034876640373,-0.26397432951890176,,
10.72787199999999,-21.4648781725873,8.717208763856405,111.0287115200575,-2.026275585203035,4.528173165608614,-0.8655413033003089,-1.089662021503889,1.6510699709875778,0.27029913574456593,,
10.737386999999984,-10.706578787313381,6.601394775179871,114.81775265358925,-1.9837693589191836,2.805859767808996,0.6981864858539027,-0.41849618381043274,2.1448575442272633,0.6371910587978534,,
10.747071000000005,-1.3421593775686638,1.0805608565122122,118.94027519341849,-1.2029055352843276,0.9958395067487426,4.345990767490978,0.14425856844697474,2.1792595655990135,0.69226247355771,,
10.756584000000004,6.323682352753075,-4.442570513272649,120.81035288429395,0.8050634877409295,-0.9313080088475296,2.204167060699456,0.19824593161763185,1.8922830629015046,0.41282124811310933,,
10.766086000000001,15.028236946656161,-8.38643661322392,119.97625902224873,1.5263716049680425,-2.5350325309206396,1.1139562958419884,-0.19237831428184132,1.9041499459142797,0.021367296461280876,,
10.775597000000005,24.671708336463393,-10.689200941693096,116.57354623103427,1.6772517617915967,-2.1799847292815606,1.8237996785511215,-0.4936118701287059,1.9057531627958628,-0.36752969998172325,,
10.785117999999983,33.706409957982615,-9.682429896013902,112.58159338494895,2.07103521589987,-0.5776951124188866,1.6459434844082934,-0.920851284302381,1.5455129935163339,-0.48684195451219353,,
10.794635999999997,41.9706157569865,-5.690771873401178,110.19979494293509,2.019992389330827,0.8870812701430987,1.2966190398679,-1.3392724220706167,1.2449493190659693,-0.26496983302486915,,
10.803960999999987,48.750390734340186,-1.739720199291319,109.16788118998157,1.3915353242200663,2.5437129976755855,0.4554396251865186,-1.1994316953275623,1.0171688923164988,-0.12975057786530433,,
10.813478000000003,54.030272176746436,0.13358230897450413,109.25983628030599,0.7033600317418089,3.984075407461636,-0.5343603909873321,-0.7018101812922781,0.8817599840992711,0.021294686201100966,,
10.822980999999999,58.65899473053045,-0.7016714788300182,110.63616334378507,0.18928034648910974,3.388596236494325,-0.7861781569539201,-0.160203989817933,0.9349311511804453,0.26804278478542737,,
10.832504,62.3931675429279,-4.467044354341987,111.62884205730778,0.29734018125384015,1.8180350115159876,-0.6507260786571488,0.4313715069744249,0.9756531539861975,0.22078556414433642,,
10.842005999999998,64.99616089075982,-9.815544949370054,111.25900444914508,1.3417005562438542,0.5992316396416473,-0.17511851966085512,0.8043438832161393,0.8808723116120145,-0.019961333108503235,,
10.85151399999998,66.11838953645899,-14.348145014463427,110.64301597753877,1.8616658251649707,-1.215580935162578,-0.3506290619065905,0.7653747124322151,0.5383917033934952,-0.08630552907799753,,
10.861023999999986,66.27516522671557,-16.3826324947145,110.09108828385239,0.481355031210875,-3.367983692273806,-1.4160460310052339,0.3677398164839059,0.1791594060590175,-0.11193363131449584,,
10.870542999999998,66.28244016774563,-15.492193262277265,108.63680077833203,0.4382997987587819,-3.7977693727764854,-0.9380868334353616,-0.17199506972037307,-0.048838109074656445,-0.30068901496725925,,
10.880043999999998,65.28836955304243,-11.626575564815337,107.03084839380767,0.054862391410296,-3.1021510922387123,-0.42095414251908553,-0.6802004408939752,-0.41282245830485226,-0.37864187433618546,,
10.889568999999995,62.769367355752614,-5.709766852200383,105.90938460533106,-0.13121691119598003,-2.030354719382651,-0.053317255703497705,-0.9961658384068285,-0.8066321333581196,-0.3117657999830458,,
10.899068,58.3786197235286,0.31555704110842014,104.27913503637255,-0.8736492657118614,-1.1874142169914934,-0.15487827490587347,-0.935728044129198,-1.155653652787387,-0.3794238093843416,,
10.908580999999998,51.528184342700705,4.459202599635564,101.01585191079455,-1.3760170610197193,-0.05091121457015134,-0.8426906826111576,-0.5068048660921368,-1.5129899279356744,-0.6074261404886561,,
10.918264999999991,42.9277433575478,6.180128926468905,96.88198593692508,-0.8848089617318057,0.5231275928917566,0.1131491231221507,-0.06915270749355529,-1.7416679377406863,-0.6782864088227982,,
10.927776999999992,31.813868631389067,5.935485909375351,92.56962042601411,-0.8858614578679143,-0.4793712037057302,1.5241526794588562,0.23736132479015876,-2.195723342499394,-0.636666633781366,,
10.937295000000006,18.091910012780204,3.4052891874384845,87.75804070046459,-1.3252302577986834,-2.993352294707376,2.282571990137347,0.5211478980032367,-2.7317898477677263,-0.7435632302406565,,
10.946809000000002,3.8747028250445052,-2.1656295208567866,83.14183607614353,-1.427068721839589,-4.734376061163661,2.8127541241166343,0.8918416232252008,-2.9218664671290595,-0.8935767823280715,,
10.956311,-9.468524080341066,-8.854669332673584,82.80520624500856,-3.0278439936364294,-5.183913402236378,3.5409440740018083,1.024186544832626,-2.7934992266942023,-0.4397129857763327,,
10.96565099999998,-24.699236608878785,-12.728055844955797,84.84998039765894,-4.637963539138856,-4.905859844215271,1.7753282623534437,0.4718328720538248,-3.0539272375546456,-0.2736934505497704,,
10.97514799999999,-40.69442635451703,-13.45556912492942,86.55937424678767,-3.3629987642712136,-3.555216985057833,-0.23504225009648752,-0.06279283098456154,-3.116610192372417,-0.4867496020663299,,
10.984655000000004,-54.394383793611375,-12.670320686951401,87.70793847909923,-4.176605081059145,-1.677787123233416,-0.7483162355330145,-0.25755802379904214,-2.658418167794659,-0.568924003783343,,
10.994167000000004,-67.59619506727739,-11.755074013676236,87.18023247425498,-3.641831907546694,-0.43867499631818196,-2.176298026123013,-0.26713050622704576,-2.5711509557523824,-0.8433775657726722,,
11.003753999999986,-80.5244808290282,-12.256991553076505,85.88171198321744,-1.4186733794055277,0.29456314316592885,-2.227079873308402,-0.02527663647933439,-2.530397364513586,-0.9746267665923388,,
11.01327599999999,-91.74148389164053,-14.51844411688045,84.94284441702806,-1.0107905433321536,1.382395173337216,-2.4111031417700297,0.29716570334629977,-2.209119697235186,-0.8695712656111805,,
11.022708999999992,-103.07637145117805,-18.20216955660179,83.94026766638163,-0.8933138538579104,2.9125125429312435,-2.5222105684152383,0.539622919895883,-2.233272863266893,-0.9897529941071075,,
11.032218,-115.39602164524973,-22.80520137387044,83.06828674824867,-0.41924745764193705,4.277062831614906,-1.901746168507267,0.6679045315799895,-2.3945016096826963,-1.1856236638768083,,
11.041730000000001,-128.68116147450152,-27.571257034047154,82.73781191316786,0.5488688515546539,5.475691679377643,-1.3618222227108296,0.6425068738573423,-2.5059792543779893,-1.184768935436342,,
11.051239999999979,-144.33566861843823,-31.96478182398963,84.50867769396476,1.2522324590873561,7.255267067426297,-1.0286055991866576,0.5604890853511197,-2.800169629987123,-1.1913315106919597,,
11.060753000000005,-163.17040069134967,-36.1371061027003,88.83667402373752,2.1510771696920052,6.9283859893956015,-0.32430731259204665,0.6354961107252567,-3.164199496769846,-1.2407077087634315,,
11.070256999999998,175.38829060564603,-37.10796087216452,96.57899288124482,2.800422532919778,6.9077331030700275,-1.8344280558519217,0.34246421567506957,-3.4250180045478165,-1.0150587106650342,,
11.079762999999986,151.95273725775368,-32.97663511317114,103.90498010958622,6.093547664305966,7.202715877737594,-3.161331796233617,-0.132371164651359,-3.9161737147497204,-1.2392167185001932,,
11.089281,129.18058169359261,-25.712752399755082,107.16115743580421,4.8945670010187134,4.3226473788424125,-1.9128928107329686,-0.3303735365661661,-4.208029928072468,-1.5932178231766574,,
11.09880099999998,111.92951433636638,-18.257626648417506,105.37708638961615,5.385349551800007,2.5446928663397688,-1.5907821996296423,-0.5352298205688395,-3.4866764617071966,-1.6541459969689907,,
11.108289999999982,97.02115003723789,-13.068816123403545,100.24828454059381,5.110483310541361,0.8230661626286545,-0.08562661871567559,-0.37792155765951063,-3.027706606074751,-1.8354639538994686,,
11.117824999999982,82.17697181440839,-10.938621668820689,95.29046373996309,2.183093247015858,-0.9524874852722285,-0.11103206107837581,-0.031588726403819774,-2.9316775864238838,-1.6154699997610282,,
11.12733,68.69271834051234,-10.588257283502275,92.29816884957408,2.0212242633703905,-3.7526281405988104,0.6095365496107283,0.10473498691806182,-2.643283865952336,-1.1113060610766616,,
11.13683499999999,54.508572000738944,-10.64740711930421,90.5393913448657,0.9225333487729633,-6.371219907636982,2.471613362226216,0.08301001531479056,-2.7819323876528226,-0.884172546747749,,
11.146512999999999,39.001305171189614,-11.367162753553075,93.85542431869594,-2.6796008442021733,-5.673599196046547,3.207643929916078,0.2646434427807675,-3.0307766153850224,0.05778784528600602,,
11.156036999999998,24.90482022447092,-13.603795862387555,109.85617997380511,-2.8141125918852707,-6.3346976914960065,6.634996305639636,1.0086256736939154,-2.600018313372718,2.5700626228542105,,
11.16549999999998,9.24711471580466,-8.902793030249017,129.1911855216663,-3.328866690130615,-6.150390603616364,3.8442650986944846,0.7069193638886927,-3.1351191362306303,3.228017477438783,,
11.175057999999979,-2.537648771919037,1.7405440856908034,137.894336940441,0.0866110510961724,-6.262632076172133,4.0795004991124735,0.08822479685063903,-3.162245887392635,1.5789083584280914,,
11.184553999999991,-13.851493438020423,11.767625198485076,131.2922539810234,-6.144139366999996,-6.183356272962548,5.295864839570313,0.1614015625490436,-2.997559150637633,-1.0511087783220765,,
11.193892000000005,-35.01563967029125,13.822565189045344,113.13321137386521,-7.496756767776295,-5.573307644093574,0.1005102802029399,1.870652773972687,-3.709606604106766,-2.656917129110401,,
11.203490999999985,-56.80775099903407,0.6270227223835604,97.58352590319606,-4.3522804313361885,-1.8456256733549645,-4.134276364400524,3.6822074947203123,-3.4907138513852374,-2.5063633246035493,,
11.212919,-73.31248486722093,-18.958771186988066,92.20231598731418,-3.822890963995588,0.41259889626401197,-2.830641817925539,4.170595005856155,-2.932658908034375,-1.5779969152089581,,
11.22242799999998,-91.31110444020287,-34.835245397460326,98.21331526476405,-2.143566681794292,0.038925987930562594,-0.852964356716728,3.43447449072526,-2.9224636153135615,-0.43464869176689375,,
11.241446999999994,-130.70975988062688,-32.57937953755366,118.82009540969257,-5.533553856280706,1.0587507363354096,-2.8355197763224784,0.04511200736983531,-3.111190088706688,-0.803499556266742,,
11.251039999999989,-144.50216127349353,-21.734227448477398,114.99850281115312,-2.703764517957811,2.775971444783753,-5.141351103730457,-0.7912904822844362,-3.1835461416731277,-2.219403263756439,,
11.260367000000002,-157.3628340143954,-13.167288827697638,102.6248920208565,0.4479412951488688,3.538437989036016,-5.439271679152281,-0.8355385446842213,-2.884732671370075,-3.2259238699850696,,
11.269857000000002,-168.39498255612804,-12.427634279550071,87.25351713443192,3.375451120492227,2.3412326475314367,-4.248304662534881,0.029031084267006443,-2.161885172177613,-3.5492486696473318,,
11.279291999999998,-177.6794094083901,-19.09657506825528,74.97707504250073,4.021583731639226,-0.3073446165748244,-3.2877803733186934,1.0334480803110515,-1.9726069319285626,-2.9479852580176304,,
11.288796999999988,171.8444258503146,-28.466453991662842,71.06466701560763,3.6201531222441443,-0.9439174940710325,-2.8340308507448846,1.2192675048529158,-2.377921172922606,-1.6202389587372459,,
11.298306999999994,155.74055495968355,-36.52859777584827,78.66463911051812,5.041254146202716,0.7754032516535164,-2.272854566124436,0.8256867673734929,-3.0355117543984402,-0.21752483647770626,,
11.30781399999998,131.6849871034454,-37.935214457592124,96.08572086877359,6.6684575048136185,3.0233062239481394,-0.09481081513034048,0.08932733648167801,-3.826397008554464,0.541582473629068,,
11.317330999999996,106.97138018194092,-29.51030477901651,110.6925858254459,6.000975050154203,4.823100654292266,3.0729174912479995,-0.6712659529715496,-4.374391627981711,0.13386047876689885,,
11.327020000000005,86.85206376814497,-17.566974442766842,114.33715190181981,1.9824326506456749,6.316500694302598,3.6316351451383535,-0.7772411738625009,-4.3145059041121705,-0.899696518183847,,
11.336359999999985,71.67323045302233,-10.098838080452214,111.097659134244,1.1585453511197423,8.27387112678362,2.9442586600817773,-0.23528546596295194,-3.2919350732739288,-1.3819581444999607,,
11.345856999999995,58.63940331279687,-9.625677478558194,107.04499432460506,0.4667541983471529,6.901546515970207,2.3897163460619923,0.7500488368111986,-2.4533446290707324,-1.2657522219883546,,
11.355369999999994,49.543758154241864,-13.953119173803577,105.83591302719978,-0.28718654493722645,5.170374930270968,-0.11563835075755068,1.3346151095091954,-1.4559289228938925,-0.6233808921589121,,
11.365053999999986,44.772334984533046,-19.84544585040459,108.08985462749654,0.979263230185443,1.0839321199525593,2.2250944935696624,1.3954089229533602,-0.5198638408593881,0.16436437889607247,,
11.37455,38.75829178053,-24.048750763478278,112.26248375194865,-0.5099178474932802,-1.8285310178139838,-1.0219613968034873,1.1754822017310202,-0.7468854560286936,0.3770034574566364,,
11.383908999999989,34.53621916378642,-25.380600571700878,115.63320682488941,-0.4389122881210237,-3.8997649199352478,-3.104692056305165,0.5563088252571263,-0.5815974168985762,0.3145104848712323,,
11.393415000000005,34.16755696872376,-23.47951398733722,115.95787904726927,0.0650482821975345,-6.197715601628047,-0.8413581732944976,-0.3123469701478657,-0.21430483209992737,0.027519658093020698,,
11.402918999999997,32.71736627465768,-18.40413941740883,113.99278311382649,-0.05324641613558271,-5.195784941010942,0.8548696659143209,-0.8022604561673554,-0.6665629615729077,-0.5845781655591671,,
11.412611999999996,27.947666216132284,-11.719640818021354,111.5307703447473,-0.28390078831990384,-2.552942462703783,0.7583259913287332,-0.8641761138321542,-1.36378606555949,-0.8949258300600006,,
11.422132000000005,21.272627991873165,-5.940403972676171,109.68130634671662,0.06556647727643913,-3.728868540610927,3.244199086279028,-0.5995167991784404,-1.638401124313658,-0.7511741332042554,,
11.431641999999982,8.684746317816906,-3.2565195679502223,106.57506659919295,-1.6388517177006066,-3.8958476569266214,6.016137203225252,0.29908886008383107,-2.5435167592167747,-0.990861023453847,,
11.44115099999999,-8.87431881142632,-4.568074820287831,104.22568882943216,-1.6720116298625773,-3.463303043532019,4.307169187573944,1.2147895149178292,-3.295679890627068,-0.8625750518446197,,
11.45066,-25.478976542961995,-7.780425342904648,105.01059972299171,-3.825478076613278,-3.9128659618509265,4.919545316629602,1.4791739814594862,-3.020005357309407,-0.3273412343902494,,
11.460012000000006,-43.01393546074732,-9.898959071410777,108.62296585466821,-5.660140862140565,-4.290411103931851,2.3217773930791012,1.4306350947517108,-3.18304850372224,0.07531397874125342,,
11.469522999999981,-61.369475279068915,-9.423963950863723,112.73325112350255,-4.155791644508433,-3.4726735666453554,-0.562733802445351,1.2145368913655794,-3.4080337298715304,0.09722612325976594,,
11.479010999999986,-77.83233903754943,-7.175961699546577,115.04391978805145,-4.405968409006877,-3.9716912825160393,-2.553725229498413,0.9326271738096311,-3.1506366487333635,-0.12181748722999207,,
11.488597999999996,-93.93028099621961,-5.450035288350429,114.94873983455088,-2.9263477121797794,-3.6361566668082315,-4.620703098801119,1.0600636410383666,-3.0365360746523145,-0.4793974631422608,,
11.498113999999987,-109.76357228819582,-6.06386318396808,113.25470521849375,-0.944291199368034,-2.3898457398373387,-4.386263254498935,1.412783361942102,-2.8174113273928505,-0.7563337384287125,,
11.507614999999987,-123.61121125527562,-9.240319660615238,111.4151153594177,-0.5461216948505931,-1.2044379956814908,-4.382232798570946,1.6362947463271955,-2.2914981280352316,-0.8178663712996123,,
11.517131000000006,-136.7960029963137,-13.909245984729464,110.86552317249796,0.08482227987492504,0.5719847428982803,-3.605678438866208,1.8027449007344594,-2.0692096593546374,-0.7050121140184064,,
11.52655999999999,-150.0201595814136,-18.71797137198713,111.52739961348102,0.06035721269572122,2.098971578678944,-1.7201013688852318,1.8050532954556284,-2.022872903306116,-0.6005197934630833,,
11.536069999999995,-162.55918044252957,-23.25412645949162,112.94841440198164,-0.2703403103631375,3.6378283384790713,-1.3453402856104208,1.7150889401098168,-1.8284700417069693,-0.6058457323667691,,
11.545573999999988,-176.15859360982418,-27.552101791315682,114.75687327597728,0.03903217113681453,5.2362217609864405,-1.8161446927384441,1.7668442720249986,-1.9047896881095616,-0.7995281863511533,,
11.555091000000004,167.68328079121292,-30.680318254938122,117.06173483208892,0.663726225750994,6.56655098642597,-1.7908752971499813,1.7815468167693902,-2.2712980989191824,-1.109624808242283,,
11.564605999999998,149.379382924357,-32.75036196036391,119.81200657104571,2.4781384802799633,8.672934783813115,-2.2090856666870473,1.8313269744595964,-2.5449282200745422,-1.376835981388216,,
11.574112999999983,128.88006738842222,-33.6705071096235,122.85803570898126,4.595624063371092,8.428979295874658,-0.5796080017488735,1.926267365067928,-2.834951742764634,-1.6434613372336708,,
11.583623999999986,108.10649421186906,-32.88924651634032,124.87795913016087,4.874278843447804,6.497861110827559,1.0642174143700789,1.7955864773675063,-2.968028845112142,-1.8848248608223732,,
11.593131,89.70622752956724,-30.993192539389614,125.2434652588681,4.496006462636475,4.54231048642314,2.2323878335220266,1.4770590722775752,-2.7687454742777446,-1.8824656860384823,,
11.60281999999998,73.642234868428,-28.56240311586193,124.36530942142505,3.0513637013247568,2.2267233851692683,2.4802963458559737,1.1887186916024002,-2.560391970544948,-1.7797754023316696,,
11.612340999999986,60.0221646813155,-25.866597002201896,122.37141123590897,1.5655695933915397,0.4739043400795034,1.5234800931996828,0.8805498329015959,-2.311874459563894,-1.6528940483286068,,
11.621850999999992,48.8230574964461,-23.05500398684519,119.41209710951372,1.1307886072577793,-0.9057272666522929,0.9510326587566776,0.5644492867194343,-2.0298274182635008,-1.5275289423033802,,
11.631350999999995,38.64001217417414,-20.059523680536024,115.9542124285756,1.1234109423026715,-2.109798551097609,0.8145509980559735,0.3520204297287497,-1.9469787755992982,-1.4477765394238427,,
11.640884,28.28293029842239,-17.31510386168338,112.30932185957951,1.103389668589966,-3.22160638241522,1.098122776632255,0.3064428912243263,-2.006672174874527,-1.3996630975481679,,
11.659892999999983,0.31160223340816634,-15.251435227733287,107.47634915835057,-1.19988949355388,-4.048744733001802,4.528305179179607,0.8773682426201176,-2.9333890462235788,-1.1576335092359757,,
11.669402999999988,-18.73576330995636,-15.366354071657778,109.09588733187313,-3.3883502596445445,-4.624968005549373,4.514407611392226,1.1847673676306432,-3.4746028497188473,-0.6849890721311682,,
11.678732999999994,-39.44168682938191,-14.561382028145953,113.43902754277266,-5.841640746504114,-5.654863350942313,2.476356397917332,1.312310745600534,-3.779112184197619,-0.20523257919077614,,
11.688242000000002,-60.87727222953626,-11.207429009925082,117.84526469639431,-6.073998956310256,-6.303956627248758,-0.019387109394332802,1.2184476291104926,-4.049208498514863,-0.07677185032747695,,
11.697744,-79.2384634173944,-6.010305969036962,119.99857946784353,-4.594703573248063,-6.060472684892938,-1.6054625224166243,0.8588078753390909,-3.6728444997494836,-0.11279453075975182,,
11.707256999999998,-93.26756076908875,-1.205140342749469,119.65983055656086,-2.6304947975623074,-5.006389039730462,-3.4931753780606125,0.5651503836190177,-2.9010782738848184,-0.23284746527971975,,
11.716849999999994,-105.29804899116536,0.7986478167556474,117.31038622072832,-0.35379655208684263,-3.3544259783714234,-3.535901197619817,0.7962946140645005,-2.301089628003795,-0.4653088305160282,,
11.726359000000002,-114.57155412750609,-1.320958679348685,114.8115199558691,0.7983829117930161,-2.553595585574529,-2.855517016977485,1.1937034129417576,-1.4763408579347188,-0.4953710239060678,,
11.735872999999998,-121.31380632811045,-7.003482409956156,114.75173161044466,0.5170533969352926,-1.4877354212758764,-3.5666688571683483,1.5930625001845133,-0.7424719166607399,-0.09723092994119505,,
11.745384000000001,-128.7111753151971,-14.71951823075495,117.7932103644969,0.09290015621482517,0.29972790005027283,-3.038078459646455,2.0236630955514197,-0.6207256928993302,0.34095084045104695,,
11.754818999999998,-137.44237534313183,-22.36359764866101,123.08522841760664,-0.3927213051737384,1.2555572950405407,-1.3614900058149433,2.1524141882413916,-0.6570663923174119,0.5126733588154405,,
11.764330000000001,-146.11000032850154,-27.8972048962172,129.07193136223702,-0.9570475862737048,1.7080794578356429,-0.01131449002891188,1.8137020704210278,-0.6221726327632124,0.470794602879489,,
11.774023999999997,-153.75547066953314,-30.591887109741513,133.20013144323318,-1.7392322836749348,1.8151139894879702,0.5278222223257768,1.2781580257015206,-0.6560496391800822,0.089034897250395,,
11.78352799999999,-159.0611667629267,-31.12690419956921,133.28681326931002,-1.9048417566216742,1.8546633290750922,0.8863909834868375,0.6958269005113199,-0.5958787251994336,-0.5166714420244499,,
11.792865000000006,-161.44463728612632,-30.57674404571319,129.16874301686613,-1.4579338699510849,2.2623954884433517,0.08106096541249141,0.1795594844504399,-0.38530289842463666,-1.0585795079840403,,
11.802362999999986,-162.84283341703355,-29.669668693004066,122.71714433388107,-0.7941751840137754,2.6436993817989256,-0.8848193831630106,-0.013343874995951098,-0.30629135322015283,-1.4217850210546785,,
11.811875999999984,-165.12176404887012,-29.390662114641827,116.26334983682905,-0.18967101163647063,2.769537663284713,-1.3070169648908179,0.13775946891779267,-0.37575395539750045,-1.5068950557691816,,
11.821384999999992,-169.54363552688244,-31.085940416276827,111.8657658712458,0.3355623444686488,3.858086600856406,-2.020000544070059,0.612099182282055,-0.5621886866586366,-1.3165006196803573,,
11.83089099999998,-179.81277246921962,-35.57154812297247,111.48023509517233,1.512612282608737,6.349716930991049,-3.06016698931158,1.456018763700661,-1.2679475515945435,-1.1989010135521505,,
11.840411999999986,160.2718467465969,-39.384768935979224,116.7209731798052,2.960481652476267,6.1067690108159205,-2.0957837848036482,1.966982962431745,-2.5785838655170017,-1.379240183408941,,
11.849915999999979,136.6047820684059,-37.480022905002734,124.56415265490516,2.6525700848106517,5.923839964344742,-0.5277365350602581,1.5513267939009439,-3.378268003398318,-1.3880705300580778,,
11.859432999999996,115.18274733270862,-31.46117188974326,130.63603689107993,4.319435477799733,6.365396772478305,0.8177991906676118,1.199679128038049,-3.5232253284629294,-1.2269030099402434,,
11.868937999999986,95.38778834118274,-23.68215665808446,132.0655266235145,3.241466778944242,3.4696174010096446,1.6415794434281052,1.153495107988423,-3.653432658602952,-1.5592882111825073,,
11.878625999999997,79.4588475823452,-16.96672669335837,128.69752537723284,1.8948006271913518,1.7657971015041314,0.5615151950825179,0.9132218545618652,-3.141215271216608,-1.7874384096873956,,
11.888143999999983,66.66819768511377,-13.130573921021426,123.88706108931072,3.6822844800102397,1.2696978717480316,1.8854533444426496,0.8428096806190783,-2.4407745173822986,-1.6343853194537037,,
11.897652999999991,52.79636883813075,-12.134717113850758,120.17140525282815,2.194758419872867,-1.3192716662986783,1.124878450524711,1.2674669694856633,-2.3950176350418477,-1.3580729683265271,,
11.907171000000005,37.553404414761566,-13.492630801038406,118.51320926361328,2.3196600796316633,-2.096842698096822,2.000072634079229,1.6948762827435604,-2.451742893033004,-1.015923238884778,,
11.916665999999992,19.995132748031654,-15.193056397160758,120.06043163325599,1.4091300421833526,-4.024989343517405,5.4798733032260785,1.9636320729993348,-2.793377362896118,-0.5699963284863991,,
11.926183999999978,-1.8260117060002103,-15.132271871718991,123.96295111636935,-1.8675566687544218,-6.183216978598281,6.00775908101925,2.2293409817236745,-3.568249249323527,-0.37315984136896074,,
11.935525999999982,-24.629781843655906,-12.480276113673028,127.9699520141189,-4.225867316885541,-7.213371313974589,3.6721764041044964,2.1850622282487526,-3.8827548210718232,-0.296253616039333,,
11.945022999999992,-46.73386616982777,-7.472040249183893,129.4362536675889,-6.302382453183879,-7.958610136910545,-0.15493921395889246,1.9582319255990166,-4.009657846045673,-0.47180480772513084,,
11.954538999999983,-68.35679531127255,-2.188732666845486,126.68905956205172,-6.072777770058399,-7.3752433101982975,-2.799977147002023,1.841368452897223,-4.032773781392069,-0.8992664817879861,,
11.964047999999991,-89.46401157146262,0.7534231156557197,121.98383877928829,-5.4845087051010255,-6.371063671903326,-4.886599464872175,1.904325885224291,-3.8109533328817204,-0.9732634360109167,,
11.973625999999996,-108.68997366084875,-0.0756998252643893,116.76213142166404,-3.5223499012251116,-3.4557386992688297,-5.71009215686595,2.0302781002495167,-3.2684375828524503,-1.0008069036055105,,
11.983144999999979,-124.81032957688359,-4.016240569200752,113.45443250680746,-0.8323389911697778,-1.2656115867599467,-4.597750091195219,2.0748780674719742,-2.584752186702131,-0.7605129044355227,,
11.992644999999982,-138.9764562452595,-9.091734236689241,113.61769213054951,-0.12595262961624606,0.10157115836806305,-4.3057784666303025,2.046089327870094,-2.1780335054842688,-0.27936782699783447,,
12.002161999999998,-152.70765438283206,-13.764523079333802,116.68013503984662,0.644261431146229,0.7078014909717927,-2.3813817465998093,1.9797004281534445,-2.04367017693348,0.07599930728949697,,
12.011674,-165.4695620453399,-16.751050609095593,121.29839148289898,0.48873109853131175,0.8059513039384114,-1.9204700460483668,1.7053984526265835,-1.8689690012327502,0.25768483659596847,,
12.021111999999988,-177.29209888446144,-17.713272885694906,125.69333246029238,0.27615364011682647,1.1292785477561245,-1.4880694207050589,1.3962198453407013,-1.7816929389807998,0.1832172672100598,,
12.030618000000004,171.47960695883125,-17.8331313998984,128.3251626756064,-0.028433153664670804,1.542129890688661,-1.37432350810079,1.2952018270834036,-1.6979586894264203,-0.15551178986471315,,
12.040128999999979,160.70195899370637,-18.6556880921756,128.79581864508108,-0.013470821298518638,2.2923700295615683,-1.5082851961519768,1.3927585711972883,-1.5030983283864658,-0.5783123986950005,,
12.049635999999992,149.81782012334682,-21.042816234452506,127.83387020107469,0.8319156781596477,3.8706460004877643,-1.921739457273659,1.6313876896678285,-1.315290706435353,-0.930659240364475,,
12.059144000000003,137.6517569192755,-25.092244372529986,126.91743711631258,1.701624901261405,5.306183055312244,-1.4321450771695103,1.9890823601593062,-1.2920846582208017,-1.1378506267971709,,
12.068653999999981,123.92316301668573,-30.13093016024597,127.69643627405173,2.7354486989675526,6.63080072159937,-0.5253614770677594,2.2613849689045242,-1.3286148525993622,-1.121119406876429,,
12.078179000000006,108.45922721451434,-34.34499418412323,130.87350200144152,3.4293159933785216,6.689530267440824,1.0651870283881835,2.293285802682066,-1.4932552585652312,-1.022411764662912,,
12.087684999999993,91.95206347230071,-35.68289658327618,135.29641025008044,3.0877360288457467,5.608411804762568,2.5232155696565006,2.0294891776256216,-1.789521703830403,-1.0199217265288993,,
12.097377999999992,76.54579996900607,-33.455316182532336,138.49331123842845,2.4497785459272396,4.044273992264587,3.046974536931619,1.5400923355549956,-2.052132433315765,-1.1192537855465317,,
12.10688399999998,64.1204073163068,-28.768931533751065,137.9798321677354,1.3998342619189201,2.2554135994499,2.489654761415478,0.9582426410089163,-2.108519866723929,-1.3957902487462437,,
12.11639599999998,55.01980423217562,-23.55302680824992,133.7883286692347,0.5643643757625184,1.2536973847715285,1.313002699106783,0.44345394036344454,-1.8790489254515073,-1.6491846970354458,,
12.125924999999995,48.921681228552025,-18.975116996099626,127.92080454173102,0.10647174239512427,0.4628729465532978,-0.10071019033282148,0.04842403010158502,-1.4510676378455492,-1.6249966463975283,,
12.135237999999987,45.02725224650876,-15.255101611611083,122.28033076278248,0.16464736943012878,-0.3143613516764804,-0.8594925025411332,-0.18214163526045624,-1.0284250509001693,-1.3673026920203502,,
12.144746999999995,41.642164605683,-12.236493178449132,118.19139323017923,0.34657771168259344,-1.1746355475831123,-1.4727304459404111,-0.19042974681032554,-0.8633867415275946,-0.98881615524314,,
12.154262999999986,37.65961555897238,-10.103223725565883,115.95316589923422,0.7584873575669373,-1.6875340302248147,-0.8713105981013188,-0.02279060624636388,-0.8810911793589655,-0.6118399654454016,,
12.163951999999995,31.509909039975835,-8.505765100416825,115.65270443900444,0.8918795330932066,-2.159730242666901,0.3826631959325106,0.2437978740012309,-1.2230038944132977,-0.26822152169314206,,
12.173455999999987,21.726109038283205,-7.237881897367899,116.81321797299805,0.6485881017462899,-2.9678764287769113,2.365197870602904,0.6345296472138974,-1.8419977064038786,-0.04445037707266838,,
12.182962000000003,7.431102141897773,-6.579031488475269,119.22940544607671,-0.3206710180491666,-4.362150676697142,5.271911415399862,1.238393277292081,-2.551838931704367,0.006477528386708425,,
12.192472999999978,-10.91186558015521,-6.054270639649326,121.86779054474931,-2.6851667848147227,-5.918421740191348,5.706948224129581,1.7896914289079995,-3.1745910118119673,-0.00914699273646838,,
12.201808,-31.784843061093994,-4.543677314636974,124.06861437132845,-4.691078296706934,-6.937052299405307,3.3514760365739096,2.039721041782802,-3.6308926466050337,-0.07154356978520264,,
12.211318000000006,-53.214788625238995,-2.305884685188423,125.07203996898212,-5.623382553154035,-6.9542313872171295,0.74733934907258,2.0912756758162008,-3.755695609087782,-0.17436619946454554,,
12.220832999999999,-73.53395079573292,-0.40865384155855866,124.7158114381016,-5.5587084836943434,-5.742860299029295,-2.056538210244707,2.0401701464272324,-3.5305290229491217,-0.27797143227104326,,
12.239918999999986,-110.02313371391577,-1.584398649851811,121.01469536575368,-2.08700853884295,-2.2204348799147686,-4.947490882717852,2.1515323007130376,-2.8069468755336175,-0.46278138730313256,,
12.24944099999999,-126.32771096001301,-5.00005376774167,120.39056195722269,-0.6168339020664598,-1.1754883511370644,-4.9424111630626735,2.243529139219722,-2.4522952817087256,-0.2991805952898825,,
12.258943999999985,-141.895209701267,-8.995391235575305,121.78434685660957,0.390150664427834,-0.1912541930338445,-4.135249616008214,2.271282116343345,-2.238036536133241,-0.09084901822662257,,
12.268462,-156.8170169913629,-12.349899450746243,124.5500288026796,0.6885674410480208,0.47838425060216233,-3.1071688113769964,2.156043518917375,-2.0931985616753623,0.0074187236550987004,,
12.277975999999995,-171.08975164741693,-14.41213530631109,127.39509263296414,0.48827561416126514,1.29469781491636,-2.586037420150976,1.9544097770036568,-2.0107998102517577,-0.08638348625710675,,
12.287398999999994,174.91883972812332,-15.699185496151092,128.9631567271336,0.12247749516159118,2.458761572494803,-2.047971654473097,1.861347196403074,-1.9708700075932535,-0.4094085025817501,,
12.29691299999999,160.99121736198836,-17.3171844700043,128.728879345168,0.18443542198829732,4.093920515991933,-2.5560873502089216,1.9150152111268144,-1.8831124165111035,-0.8358794368005869,,
12.306412999999992,146.79173039506077,-20.014119533089012,127.25681105599553,1.530195741175053,6.555802581216515,-2.993586722393888,2.0682593881046927,-1.7943718315499537,-1.2026057917858013,,
12.31592599999999,130.87710041859762,-24.281346058205195,126.37961289412983,3.6076480253094383,8.563188583990788,-1.6667943893792319,2.4352737425298936,-1.8547782085797422,-1.377849928078133,,
12.325441999999981,112.13815166763054,-29.255842593236036,128.2995137562583,4.505294521408248,8.311569565690347,1.2867440245545412,2.8031183887576514,-2.062452668483464,-1.3128065314814306,,
12.335144999999983,90.7635375949925,-32.41248737326665,133.8412481190453,4.632914694447562,6.699215649676668,3.98783814032294,2.8703778660871313,-2.3529913129058615,-1.0996750347037658,,
12.344647999999978,68.96435956784063,-31.40130699512771,140.04462823384011,3.8482569077742537,4.255622113947366,5.124401006826938,2.557599297580281,-2.6652268543127486,-1.0826399485499945,,
12.354151000000002,50.44111475829394,-26.863273955499025,142.6005992699248,1.8515433866961246,1.8841509489192387,4.641128451980067,1.9588096628102796,-2.717631520568644,-1.3054421588659326,,
12.373171999999983,24.41728667334135,-17.01010935194596,135.22733861618542,-0.6035812985558792,-0.16532148093270269,0.3920851988733352,1.0309325095361002,-2.0674112772933797,-1.8255076643629322,,
12.38270399999999,16.083894007517603,-14.61037357226412,128.78050244616682,-0.47589936544217176,-0.2175654533045144,-0.49284090069768344,0.7204959180180946,-1.5031591724927797,-1.7491440195408023,,
12.401528999999982,1.439941886351313,-11.691377353443494,119.29096383869737,0.2944406563488296,-1.9108730343053706,-0.05768904481931557,0.5838783480854746,-1.3939673189281658,-1.1082741760034118,,
12.411222999999978,-8.1796884053327,-10.643011731560296,117.46206300462215,-0.6221302509342087,-2.7162128519432898,2.1272400752047345,0.7209168813547363,-1.7506804371834022,-0.7406202775410652,,
12.420733999999982,-20.8579681701146,-8.261860388578523,117.3651520125001,-2.8104646053936038,-4.145187418240085,3.9789698580596427,0.7391463158892311,-2.4301612408183106,-0.4361872136734292,,
12.43007,-36.53295136030927,-5.324117813911157,118.53666314124344,-4.420351582269355,-6.40798033173114,3.4413060975919816,0.9519193962783037,-3.0158396050825504,-0.13520548992560208,,
12.439576999999986,-53.37554767948096,-2.415165034764621,120.41113701373214,-5.445303225816836,-6.49542530017432,1.5236208447137487,1.1582224935540921,-3.2030378433073223,0.1509321529365736,,
12.449083000000002,-70.15544413650824,1.4892384341199854,120.13448918966952,-5.974882747723653,-6.727091880513369,-1.0627592509303927,1.027622440148543,-3.2830936711238925,-0.07371155026985605,,
12.458590999999984,-86.8409929319368,4.6642480201318,118.17975356678453,-3.9296481663548843,-6.452788727355962,-2.6256324428642586,1.0758234421435804,-3.211899950745887,-0.19906012550130275,,
12.468108999999998,-101.11774498991714,5.939340811750527,117.03533715196815,-1.681354009592436,-4.074936845337865,-2.9535453287847777,1.0930001484294387,-2.6316170302579582,0.04720517962766829,,
12.477683999999982,-112.40722384464128,4.7214989772377995,115.56934828799076,-0.5716838008646169,-2.719708416100872,-3.3204640984776925,1.2123880795798314,-1.9028292212809794,-0.07105917963167878,,
12.487206999999984,-121.9514476709975,0.9289779922058926,114.9875278033115,1.0452456217374615,-2.2712653944452788,-2.827174219513501,1.4960210706005959,-1.3971110110043388,-0.01006719554398299,,
12.496712000000002,-130.38413390299357,-3.7399850043570417,117.56173437483984,1.2710098380973074,-1.307538972388946,-2.329400526835324,1.578712646113775,-1.0972172856796587,0.4848302810759865,,
12.50622899999999,-138.0498262368004,-8.7236326070062,121.85656508967531,0.7445545271814408,-0.23842886937842356,-1.8457768127037935,1.6154558321153665,-0.8303198686338581,0.7034314834090805,,
12.515653999999984,-145.12605657357219,-13.630828745354842,126.20182672183397,0.5971444978176395,0.19738597794922744,-1.0151898428713837,1.5842264957847345,-0.6035554346550965,0.6054041208385041,,
12.525349000000006,-151.7026548056276,-16.92988156652309,130.12866370847507,-0.05786105894025163,0.6210642148898055,-0.3104551245397427,1.296051541605839,-0.5930918946201421,0.4493393821461163,,
12.53485599999999,-157.26323458427126,-18.823949874760203,132.3530919581665,-0.7625155500087774,1.2242653671121786,0.028896128797896416,0.9751824208853057,-0.5499589889230772,0.11384958745767647,,
12.544185999999996,-161.9181496975592,-20.608240985759004,132.19404664667286,-0.7267404166743942,1.6526005417906227,-0.15722958155777128,0.845685821285359,-0.412570547814423,-0.3361785273108523,,
12.553696000000002,-166.6853581335519,-22.227363363292667,130.5536431846453,-0.40824502102453647,1.915548967572772,-0.39989397699116075,0.8212345322103015,-0.456417150255251,-0.6673393189174546,,
12.563198999999997,-172.68757374406854,-23.85526384917713,128.6754900514326,-0.5449746880934626,2.858990978094926,-1.2791165272795342,0.9460564231168009,-0.648145759368587,-0.8374819205379191,,
12.572715999999986,178.58188904660932,-26.647057827361657,127.66104480462673,-0.5346171833913482,4.411063610200136,-2.4721034044440957,1.404817099362069,-0.9022528270630148,-0.9411738766257151,,
12.582234999999997,165.82262889878055,-30.078085532664435,128.8533329512483,0.2189571146585721,5.790922826783467,-2.722251001725487,1.9168735387635158,-1.3455143043489697,-0.9705551864526984,,
12.59172799999999,148.58742879414763,-31.67263590144964,132.50938571708525,1.261753532649426,7.469648857036291,-2.0169107438532645,2.156374809522117,-2.04168148113842,-1.0406579792884272,,
12.601253999999983,128.13062776169005,-30.08801876990856,136.885253552112,2.1859480517365246,8.229392016339396,-0.1967261614744354,2.2337090886269646,-2.7191446301954607,-1.2344356514849406,,
12.610753999999986,107.3616704023862,-25.480845867393057,139.1295449565213,2.640223559229417,6.553769886259865,1.5791300698973847,2.1107848813820773,-3.1382546788109513,-1.4989102433947012,,
12.620452,88.57365489248147,-19.309703176760905,137.10635918893308,2.8703763623431575,4.472556379333955,2.4645021403476473,1.7633945313530126,-3.2328666528676813,-1.8437737085798394,,
12.629957999999988,71.70561353786097,-13.67541442798737,131.92449886938172,2.7139035325749985,2.098280201471414,2.3902745480797556,1.466937924631606,-3.0923417448693704,-1.9990679502135338,,
12.639471999999984,56.7605672903645,-9.621532406008033,125.47576311591577,2.351543901133448,-0.6105245276719228,1.537948795902683,1.2006266096747933,-2.7872042408432063,-1.8985826491724167,,
12.648983999999984,43.0464627437976,-7.669601110880615,118.91239599963272,2.3425054230374664,-2.7206110085747235,1.2048636683853622,1.1183368227935875,-2.4976336469230267,-1.7308610201230727,,
12.658316999999982,29.0100387845696,-7.959162970833198,113.9585635785976,1.908540409299547,-3.8471550848052587,1.1611079249793168,1.295207514592225,-2.4587666944721502,-1.3778721359795383,,
12.667995999999988,13.731554739371843,-9.442837709970336,116.2377536502203,-0.22005953497404254,-4.175946249137544,3.239840243413715,1.5550325716015945,-2.601910071421168,-0.015544254805931286,,
12.677502000000004,-6.03906316735338,-7.389632146618451,127.38941466021777,-5.048519779588201,-6.659316692759791,5.4648471703007795,1.7246504808841616,-3.532420385996551,1.6282585620755585,,
12.686836999999997,-27.828335523049205,3.0143430932179434,136.49961084170633,-5.61734716171468,-6.160056562767438,3.611802070214363,1.3919977470947096,-4.613097777268244,1.630466884206961,,
12.696353999999985,-45.549366451261925,15.852709652391493,137.8610875116001,-4.708972336643612,-8.439272526349404,1.4977749844773245,0.8416735634995782,-4.241451700169128,0.8544074556702314,,
12.705857999999978,-66.32499017717895,22.550280059507998,132.2747866962556,-5.640771886446168,-9.083532466351643,-3.6796236146103465,1.8453788015831178,-3.6998889681492035,0.2674963305675783,,
12.715454999999992,-91.21750034514085,20.03983203029023,122.83917430884424,-1.8180659942278206,-5.002915676426064,-4.493465839240109,3.218214696864202,-3.3653894532922624,-0.044715306259672224,,
12.72497199999998,-109.9019890698672,9.990547535171519,118.86971512564253,-1.4513030668284084,-4.836996901072707,-5.622439921802584,3.563176785074288,-2.0744173698281276,0.19497256480466088,,
12.734476999999998,-126.62953516003462,-1.941840740801584,123.42298951794335,0.015052653749933096,-1.849257134098487,-7.639889279561562,3.761034200429769,-1.6254075086581528,1.0960721243461404,,
12.743981999999988,-146.03635258838742,-10.671506514032123,133.3890576917078,1.34703312117326,0.14282799052663123,-3.2192503504759604,3.7557927298978115,-1.9506905416420306,1.5239614717690046,,
12.75349399999999,-163.3702507924276,-13.13422387508407,144.17218633907234,-0.48506807161940013,0.07456953887686438,-3.2956343357957847,2.872168102237155,-1.8708316909045688,1.4012147623678544,,
12.762996999999984,-178.7981333033838,-10.995720838595503,150.48340843056937,-1.022890979657298,1.5638016181396928,-3.9828837107287463,2.3076768269509746,-1.9901486608619274,0.5625571444197317,,
12.772512000000006,165.27310510974917,-8.581425605324169,149.93496982346701,-1.5951826934646085,2.8135906519929366,-3.0864301299719727,2.477767967168067,-1.985632455339762,-0.6482005409155717,,
12.781941999999987,150.26325621865593,-9.828356502988782,144.4354079881723,-0.9809345245948694,4.554572418587802,-2.6376483058001927,2.6171462359897233,-1.405977433178268,-1.5754580767285373,,
12.791443999999984,136.0574526113415,-15.887403309220824,138.02833729346088,1.8043510611766311,7.488410624729447,-2.0772585678418127,2.9086001230770133,-0.8004816456653536,-1.9104828913773386,,
12.800961999999998,119.76461413317836,-25.231670188137493,135.3280290110824,3.8002191226998567,7.9604607059676225,0.3443422860329405,3.487856312732965,-0.747073573802707,-1.686524651125177,,
12.810474999999997,100.20738909957376,-33.94201703150793,139.40134679328278,4.666435897602703,6.389634705459463,2.1560802300352764,3.6614002850761396,-1.0354068491533803,-1.1316529176002539,,
12.820171999999985,78.30349615135361,-36.86867914495236,148.26789512880188,5.152144398652424,5.140344798684721,4.132716155161571,3.2096338459497398,-1.635174772355307,-0.7860792182045002,,
12.829681999999991,57.57546734501282,-32.419950759064,155.08264321106512,3.654234402816121,3.2368966501646863,5.494290025368752,2.5742575389485833,-2.3859773561776727,-1.0128899202695136,,
12.839190000000002,41.488591026156456,-23.959792307078803,154.88737115932804,1.2728038630556493,1.4922347477605553,5.176336227817686,1.8559430915935746,-2.7177183634296616,-1.5692917252698315,,
12.858205999999996,18.948107293654452,-11.594407930565298,138.7596164686774,-2.0977816216578375,1.1002467270298324,0.8527745380723537,1.0406929439896428,-1.908899086109435,-2.3989379526836307,,
12.86753299999998,11.740033711524665,-9.829921986263193,129.69348804455154,-1.4773329360880503,1.6306028842247606,-0.8084289454668374,0.7398487351710983,-1.2518871717573603,-2.087011523385188,,
12.877049999999997,7.09625093937871,-9.673182488151397,123.25980259517439,-0.5892087828768935,1.1262957468291914,-0.6914231932673287,0.5243207263500379,-0.74404809766968,-1.4501739879901498,,
12.886572000000001,2.728681608438623,-9.633524735204421,120.38314519648988,0.2377112157957271,0.30070612887091613,-0.819953618524516,0.45338309583381564,-0.7250145687743036,-0.7267966000191736,,
12.896085,-2.109666758724434,-8.920494253534837,120.94356842723195,0.5502654211832786,-0.9475834521246603,-0.5907443959206701,0.3707154210051226,-0.883237399704806,-0.04769369682809049,,
12.905756999999994,-8.123427727559635,-7.423341811318457,123.82233259963068,-0.01740045946256603,-2.586129223653045,0.8300835159928114,0.39120346502552816,-1.1547521253281074,0.4019965676534228,,
12.915279999999996,-16.746114677566652,-4.707231820012241,127.26535172525983,-1.1616400278592027,-3.8662794301752155,2.0740042436193407,0.561981175827646,-1.700110495564589,0.5042705716930787,,
12.924790000000002,-28.255236222758978,-0.7597018066492672,130.20447459547205,-2.5601824620805798,-5.634291403747982,2.880100968350046,0.8412376888879631,-2.2723219041846896,0.3759330693089244,,
12.943633000000005,-59.166508978873935,5.47375090268829,130.78293830332186,-4.315109172743776,-8.095665579435053,0.5649096810477643,1.8368751793644809,-2.7982550033171947,0.026055967254412032,,
12.953131999999982,-75.71272842874096,5.918860683501104,129.27230192844135,-3.822307152690463,-7.342899827265754,-1.1976863130971047,2.0654787124819918,-2.5608899731805903,-0.06848212941566456,,
12.962643999999983,-90.65153717023694,4.437860258499305,127.87774626127474,-2.6081584762925183,-5.289111375122791,-2.915221828897396,2.0873248915225218,-2.1360579695113038,0.0028195602556382684,,
12.972183999999999,-104.1828227701574,1.6375734744512245,127.58766309286581,-1.2738834766864002,-2.8784341919933056,-3.3137928610264775,2.094762449409678,-1.7914248960432797,0.09747583977515345,,
12.981729999999999,-116.14234833744237,-1.8810404602763853,128.29423547750952,-0.35666482870047805,-1.5715811252704053,-3.073994359762486,2.0220825713425756,-1.4524062507592428,0.14812745043329292,,
12.991248999999982,-126.83018210076176,-5.376493231111957,130.25452951993302,0.28883469344045803,-0.7759326958716591,-2.703509653732829,1.8869639759901555,-1.209163720292492,0.26817992604132246,,
13.000762999999978,-136.84363821407578,-8.274671148600989,133.07249906353996,0.3774288192462748,-0.20195947441432405,-2.1822096254386447,1.7492471777370626,-1.1020309616032304,0.3364383122803504,,
13.010277000000002,-146.12966231712932,-10.514790676266088,135.72676963759548,0.23124021190207156,0.19209557262099683,-1.5751922752929606,1.5955511681545143,-0.9987593481488125,0.2381171212494173,,
13.019701999999995,-154.52467243255316,-12.134282322682504,137.4840275342045,0.0446975916774141,0.5992311282391807,-0.9542579717358411,1.411441594253978,-0.8997246296791201,0.03166300217516444,,
13.029228999999987,-162.10690396402708,-13.41215595074801,138.00891905556284,-0.23874970503374407,1.0887535096074392,-0.7267510079547208,1.2583727239151294,-0.8099999153570905,-0.22114035805456828,,
13.03872899999999,-169.43558535659517,-14.963335445387825,137.4365092946406,-0.39600925177620944,1.5907186224204073,-0.6825400883435443,1.2512729063450907,-0.7317332039153704,-0.4655757872738873,,
13.048243999999983,-177.18636978691887,-17.093640408601416,136.43787435672854,-0.4399816125444974,2.1863055236369497,-0.9801363702248523,1.369919661474142,-0.7119193997669406,-0.6207845033515957,,
13.057749999999999,173.67432751885028,-19.811414549671024,135.89997217761933,-0.3746094683799701,3.2664751216036034,-1.7136052328014189,1.6168991649637936,-0.8153455865190093,-0.6807903265454675,,
13.067262999999997,161.75768833878337,-22.870044475488463,136.72247768630677,0.10716152545310133,4.853397248772062,-2.3412903486192254,2.0162006376588035,-1.098868215938251,-0.7003317563061385,,
13.07677099999998,146.14367983808796,-25.09510994762418,139.36166987693852,0.7706447189698425,6.308855501872795,-1.9909883535988075,2.4064249867727243,-1.5846906861929457,-0.7439894566380116,,
13.086277999999993,127.71964204238675,-25.13547140966615,143.0173871764921,1.6059570130143164,7.456536535801208,-0.6899291070416789,2.59304575825147,-2.0895445278552778,-0.8411274143838432,,
13.095794999999981,107.86294651471067,-22.541453272030953,145.80722349376643,2.328465183917484,7.369747518448977,1.4200405795630906,2.64454761320231,-2.534857458619236,-1.0588206655372876,,
13.105473999999987,88.05827957013842,-18.13451267741965,145.87230050716994,2.2352775555856215,5.515061583908033,2.960085729410679,2.5760590514650814,-2.8095264667001065,-1.3741395257951414,,
13.114990000000006,69.60857489926204,-13.564936995183036,142.89374453479402,2.2259296966533495,3.4620477863481,3.6036621236553414,2.3545410943852843,-2.8039338117171573,-1.610616154297115,,
13.124493000000001,52.56150428836195,-10.053861548003326,137.92144191722713,1.9903408999453214,0.9459452924846673,3.2479979119710096,2.1271960576053455,-2.6616520699032513,-1.6973114042204032,,
13.143522999999988,22.2050606025125,-7.310116634633757,127.44341912155426,1.7234081985525125,-2.869910050649589,1.872333823597377,1.7688785752263765,-2.3148485899940114,-1.3790908589813016,,
13.153038999999978,6.882112272094503,-7.746705058837635,124.45179659040804,0.6271100708908778,-3.143653822747583,2.491359222578711,1.860664928380953,-2.4000393861020766,-1.0028833972227968,,
13.162543999999997,-10.379870300228946,-7.085655158556484,126.3622978049493,-2.0777401357764176,-4.469826959922898,4.366894280724767,1.8839002873628443,-2.8568909924908032,-0.06870923599541708,,
13.17187199999998,-30.725597707691186,-2.333514540241961,130.87615374171014,-5.227791920593595,-6.337078254340567,3.397652703358937,1.8040766600948461,-3.7479639685202577,0.5606637962878493,,
13.181378999999993,-51.73372417399904,5.445036311904034,132.91517452197917,-5.860714853037492,-6.681197248454286,0.7878104664991518,1.6669429991984,-4.148334217148791,0.5221240682152404,,
13.1909,-71.83793932627309,12.634007976649123,131.33394090554623,-5.631551414599919,-7.397411075877189,-2.7884014416527907,1.6120888629459118,-3.8937387072989136,0.32704329737777105,,
13.200406999999984,-93.14332759615237,15.905023343751976,126.6278202243526,-4.0664398333014695,-6.904911891327514,-5.18991598897191,2.094999420432235,-3.609835750230462,0.12882533597457974,,
13.209988999999979,-112.76385166035877,13.902204089658737,122.3639710540399,-0.8033168574349752,-5.2078509132217885,-4.912315253512018,2.4719799860282934,-2.894945395543493,0.1747616036443925,,
13.219504999999998,-128.2563649246113,8.472714434167017,122.19677039522324,0.7009592420924691,-3.8865850617973163,-5.11209750995871,2.532426607282166,-1.9909909669521382,0.5794648603695228,,
13.229015000000004,-141.5577565877186,2.16749180999772,126.25841916586344,1.6750362867095232,-1.8391202056712526,-3.7913558257596844,2.5281405778530543,-1.4769042077945091,0.9970558430493276,,
13.238540999999998,-153.63210927887462,-2.9133215319773202,132.24709667810563,1.2260921115502514,-0.8226809668336259,-2.528074722759584,2.308709774406044,-1.2276015443946764,1.14129030635595,,
13.248047999999983,-164.34919717762128,-5.871231023735338,137.9255044487795,0.17764880790412774,-0.030989895000278215,-2.1467499146727813,1.9242222178344268,-1.0923011262947324,0.9367399095587148,,
13.257541000000003,-174.30460260503446,-7.290441440465467,140.96206466842114,-0.7518379513284001,0.8681405076981775,-1.8398874161427898,1.6777754565676157,-1.0766169561628378,0.3849703627920488,,
13.266978999999992,176.43135987142188,-8.489643757218447,140.6552783502453,-1.3405358951160444,1.4316261952277305,-0.881414089526812,1.5637045511555168,-0.9803235219764455,-0.3105318329374807,,
13.27648499999998,168.66074794907757,-10.585216540251725,137.60334849344846,-1.1555521830372986,2.11913509961065,-0.5592692168725756,1.4224068114794117,-0.6920674446820342,-0.8638061450432106,,
13.285999000000004,161.51783775781308,-14.010452810669689,133.55272969817887,-0.46112152736215534,2.7339026989716437,-0.6182554238601192,1.4651687586964233,-0.49309110404880124,-1.1114361323306488,,
13.295512000000002,153.76948038265678,-18.575275526186637,130.5386638205553,0.4547572611440633,2.9253625824731553,-0.8196217205581889,1.6623728236157969,-0.498109519345492,-1.0357420260637908,,
13.30502199999998,144.28853510035583,-23.169453621468264,130.3473410855006,1.5919877863736882,3.723104171364099,-1.271492032916747,1.835796842670808,-0.7573149769287232,-0.7141419202615613,,
13.314537999999999,131.29769358687875,-26.169500027539346,133.95151311051202,2.475134167636434,4.810408749309441,-0.9837441889838735,2.015462274365207,-1.3526491185404463,-0.3682663393710063,,
13.324045999999981,115.08103957071776,-25.903047619296014,140.06361306866697,2.4571262507736678,5.554196193386465,0.1697041976225964,2.0832626339349765,-2.0279749996266236,-0.2121473435263279,,
13.333545999999984,97.99613051166,-22.045063543917234,145.25096534259012,2.0216339729153923,6.090893666724329,1.912984611086031,2.0071982327944244,-2.504185768683875,-0.365371840199538,,
13.343244999999996,81.09702499950188,-16.400244022911526,146.91015850771234,0.8205647008586154,5.534889520763067,3.350655788293668,2.015834501558232,-2.7116556340799893,-0.7939966759660105,,
13.362259999999992,49.6854273328046,-8.902103759577553,140.78824017463344,-0.28604900012071477,2.9803412176089603,3.4681428158432057,2.0764957726832143,-2.2200171863821394,-1.372617284869228,,
13.371770999999995,35.79316316297179,-8.469779447329206,136.31411190814254,0.14334864851467968,1.2815545047950174,2.457352579695084,2.003193882073299,-1.8757793750304128,-1.3210440543647193,,
13.381287999999984,23.854677549834868,-8.994059861198723,132.75147889083394,0.6929711222821875,-0.5680657035893384,1.2985676496373457,1.732554715580949,-1.6001687001314788,-1.0816380667487817,,
13.390609999999981,13.131587761128538,-9.231737793415077,130.3575900514271,1.0622898143090904,-2.2470687487349545,0.36192489555796603,1.4442352681549877,-1.5431570065476539,-0.8243150436149134,,
13.400121999999982,2.6425800732802167,-8.843943076201052,128.78490830120154,1.168227543070507,-3.18267473202912,0.13501078731444874,1.2654417562082763,-1.6357918373758862,-0.6484824644728364,,
13.409821999999991,-8.352395464117482,-7.281241699749866,127.9205399559349,0.22789784114220216,-3.636423071665213,1.1471737707406442,1.1128421281276337,-1.890384831310153,-0.48393244415271025,,
13.419316999999978,-21.019844266423974,-4.060298723272776,127.78250467254294,-1.7082099134092956,-4.9342242742430065,2.5181747140789814,1.0472676612175948,-2.3746237723614754,-0.27856254706498257,,
13.428652999999997,-36.577558918304554,-0.22936886937595832,127.34061730897133,-4.013453705861042,-5.786314876268622,2.656753068953727,1.2991442336416292,-2.920301220292616,-0.20205732229124412,,
13.438164,-53.960181980576365,3.356816589720961,126.31395947291661,-5.73937903759494,-6.3615279749717155,0.9537402042748545,1.5198353510742848,-3.200496958289051,-0.10345762091995724,,
13.447698000000003,-72.6472158991359,6.0626822189122676,124.80163706711065,-6.055440408547536,-6.527919139080124,-1.8468480636046898,1.7341845717733815,-3.335177042550993,0.015375038978727718,,
13.457178999999996,-91.56047470702862,7.422425832368803,123.82394333129116,-4.8402289463755155,-6.1504426769780665,-3.5734391469311646,1.9143776588950465,-3.238377458532511,0.13643331789512514,,
13.466778000000005,-108.37553416059866,7.325311893750849,123.39037366701082,-2.2936441491016937,-4.741489756582775,-4.387892242833761,1.874618423527732,-2.753063450619791,0.24290503219797116,,
13.47628899999998,-122.90244463413785,5.793955636229688,123.31492566266871,-0.3659047752200216,-3.4491588528024604,-4.550792799913934,1.8377591080782592,-2.240408523709169,0.32851702729289156,,
13.485808999999989,-135.6936890039041,3.0352905637338226,124.41638909563464,1.1341335550719467,-2.392554277173106,-3.590596293341122,1.8722669336703928,-1.8104720381930246,0.4276913841038231,,
13.49531399999998,-146.75011205289496,-0.19245719368759978,127.27085170626872,1.4850340858271456,-1.646212021915677,-3.134811026312912,1.8145155649922435,-1.409090531986818,0.5527423328307969,,
13.504824999999983,-156.87645997128834,-3.442387523045029,130.78801614573325,1.255108517542434,-0.7020494084192376,-2.699543335875117,1.7740705506564984,-1.1611304595916556,0.5781846493280218,,
13.514346999999987,-166.51252928408115,-6.454550283919067,134.20163576395015,0.6109496499859766,0.167676337208955,-1.8311414563609718,1.7343433845783112,-1.008706416197413,0.46027306475044083,,
13.523775,-175.53103507967737,-8.861550355294707,136.45641166133709,-0.24210607913978788,1.0450145307256684,-1.1186587301538158,1.5995383418253903,-0.9199620372046795,0.21673831192642615,,
13.533269999999987,175.92776656264692,-11.026919771586284,137.35891598992728,-0.8907646993764639,1.80292403157552,-0.4627604626696384,1.5139117330514535,-0.8392681540346743,-0.1094530714348779,,
13.542776000000003,167.65798104727278,-13.506449210389654,137.07762774197275,-1.1140376678968245,2.1928093297628677,-0.04076498607554632,1.511928831375173,-0.7399909247558712,-0.4038789040439016,,
13.552292999999992,159.2781795820632,-16.434539478814305,136.38111681338765,-0.8007972358464444,2.9682294954915007,-0.42654616812597995,1.568782813941059,-0.6895925095890946,-0.569878952278258,,
13.561813,149.421649474751,-19.609492090074145,136.31622972807386,-0.13856925458099156,3.8521821724103273,-0.8201613643611156,1.7826324607855208,-0.8408797167164324,-0.6224466027077092,,
13.571314999999998,137.18410487183084,-22.37383644303447,137.8637154876483,0.7777249566245947,4.974468559123586,-0.8887008227655252,2.037416541476462,-1.1571460466429508,-0.5699524579954384,,
13.580818999999991,122.02697317246762,-23.658372764502364,141.31073626655325,1.7932906259975068,6.348175421986965,-0.16627520595909978,2.2784823852708906,-1.6180385688617365,-0.5032320659118094,,
13.590333999999984,104.29690604982983,-22.481185318848205,145.46445494214416,2.1694459417274694,6.712951751503101,1.529391444171885,2.4685349733405157,-2.1352910320824825,-0.5712030629419096,,
13.600031999999999,85.78533720217685,-18.9505862876295,148.04610474099894,1.8744343178770715,6.137049524258167,3.2916323878812257,2.504074527939409,-2.484433156234017,-0.8070798216189664,,
13.609532999999999,67.75457762529976,-14.529687167378166,147.62937361940632,1.2309162432931928,4.7544749498173,4.566713690748682,2.451901814612663,-2.579489045819028,-1.1329254709381336,,
13.619043000000005,50.42963183026639,-10.864081390548172,144.5316521641044,0.44004208572069387,2.7270671456024735,4.497365459604841,2.3978619913782375,-2.486607006265439,-1.388331062417408,,
13.638058999999998,20.42024270264288,-8.13377708094638,135.2239566204162,0.20995365798330742,-0.6284803319936274,1.7655099512565304,1.9594349229000299,-1.9498415875135278,-1.3660908684299589,,
13.647581000000002,7.895871863812667,-8.088309063681296,131.21495124844995,0.5220917210486842,-1.9544878966346009,0.5928037179863703,1.696837012331666,-1.8037606087604943,-1.158939942015687,,
13.656919999999985,-4.169919481398506,-8.260328965157047,128.287516899816,0.7740354069537558,-3.2697702914697553,0.3882123185659496,1.5603415012514317,-1.8043828160996203,-0.9308270012323783,,
13.666601999999983,-17.07104479599147,-8.234166094583097,127.07674789057218,-0.1762128638868185,-4.031802224877378,1.4555571226093673,1.56415340968056,-2.0138831934299923,-0.612677385436674,,
13.675938000000002,-31.54105072379907,-5.67667996479108,129.3295708459573,-3.215302222158312,-6.255273898644898,2.643793625134299,1.3837016034814726,-2.5624445141103434,0.09973753412014602,,
13.685440999999997,-49.778124991486465,0.5965876355460988,131.16986496596044,-5.284173058257347,-8.1076474906165,0.38459148833900075,1.411513852836846,-3.578020490844821,0.2080756776125322,,
13.694946999999985,-69.96653949403277,7.563923076557138,129.7200898041689,-4.598218501889169,-8.274155183612121,-1.4266806977694133,1.5913487122733312,-3.9451612108359284,-0.1240694383503292,,
13.704461999999978,-89.25571047702473,11.761038405592151,126.25649037534957,-4.102327837988521,-8.01482593594184,-4.586645118146818,1.70656279921829,-3.493521500334795,-0.157369357993802,,
13.714045999999996,-109.09439661604922,11.802391462450265,122.10843439414218,-2.5643756285411845,-5.936084484896483,-6.042971084240975,2.1906549629654712,-3.2008601684898617,-0.12094733148552578,,
13.723567000000003,-126.49016589840234,8.315640266323346,119.3376184076165,-0.3403821834362667,-3.5749638311340006,-4.810882793932011,2.341417294134799,-2.588280686684309,0.06876320482262359,,
13.733069,-140.36423377551014,3.3491102462213935,120.67351597141848,0.4780662917427842,-2.332075764406866,-5.670499005227192,2.238697580913518,-1.8866678509529318,0.4694293319990211,,
13.74257799999998,-153.93700256315392,-1.6510471576689072,124.97687538145944,1.6226408382438091,-0.7529862665596907,-4.140416551709408,2.3060990838057123,-1.7372265474644497,0.8454998898099859,,
13.752094999999997,-167.08216761470567,-5.21905059613924,131.11631176126338,1.3486698737214768,-0.35422847152849196,-2.891549716689152,2.1733423315582465,-1.6275695310934322,1.0145466229197133,,
13.761599999999987,-178.8545687951892,-6.803453025373182,137.28106883230421,0.9480470210387363,0.4266469767933138,-2.846288756508813,1.853085308384762,-1.4600763357954345,0.9345183344420973,,
13.77111099999999,169.4904156459413,-7.202940342430781,141.8256787367959,0.13708422436410378,1.1672578086874676,-2.191316280462963,1.806138950618411,-1.442616274370262,0.5658315249152868,,
13.780542999999994,158.28839520005906,-7.710111669482299,143.85098894029494,-0.8346267975630488,1.334992502908059,-1.2007675359859669,1.8247978436556902,-1.2631469232389978,0.04647355549139708,,
13.790053,148.25009920110472,-9.45414683023084,143.33613494362416,-0.7747493504152162,2.266843332906737,-0.9591648203873548,1.7936919628122117,-0.904874547195635,-0.40304035741257943,,
13.799564000000004,137.8725287530626,-12.864817847265162,142.13463843506304,-0.24499195283055328,3.2550127621834863,-0.607210718405142,2.022268639832143,-0.6972549197388863,-0.6440158240226024,,
13.809068999999994,126.18487699183619,-17.519903564915595,142.09334432781648,0.4894595040659278,4.003182936600723,-0.2485501262275951,2.3403167099742697,-0.657574264986402,-0.6251837110389514,,
13.818580999999995,112.6020592660105,-22.073310712441693,144.54259985192223,1.6975422957965431,5.391517725575648,0.3816845106797474,2.5814352195281183,-0.803059607833612,-0.4382605701400068,,
13.828086999999982,96.33397324989734,-24.59764369841019,149.79434479910603,2.4333682706887076,6.712007324582987,2.0687094326663122,2.7718768202700814,-1.1994589446044028,-0.2516112916097649,,
13.837793000000005,78.23459069889573,-23.61045876915272,156.04776535987105,1.8610633801351693,6.43663172588173,4.088738558836068,2.843125090456717,-1.6773928195655778,-0.24484497065417682,,
13.847297999999995,60.75291484493414,-19.59825465286799,159.88896467834385,0.6109812727277437,5.308665628254374,5.744533787311275,2.7077189424936146,-1.9546654657155487,-0.5346306452291547,,
13.856801999999988,44.363347264158,-14.681207411371393,159.78027461738574,-0.8691195953473861,3.7073397045494314,6.8345958374885765,2.600240331454257,-1.9920202644751492,-0.9983127718337881,,
13.866311999999994,28.676392434197034,-10.825543984476166,156.35230929277566,-2.1273700067535204,1.757506641058105,4.682040789706251,2.552043759991668,-1.8470660800694398,-1.383844290580172,,
13.875821000000002,15.491639310580728,-9.242728338150965,150.984934265771,-1.790725577408447,0.7656893007188145,2.1021593280105493,2.1890776518246424,-1.4250218622079915,-1.5366445373062807,,
13.885334,5.333842580058862,-9.6259016552122,145.20550191488107,-0.8388008491815429,-0.10217883173709315,0.5909261509725303,1.7446199231189186,-0.9832065458206032,-1.4924902236375988,,
13.894691999999992,-2.576528623582483,-10.627429336780443,139.9685606077509,0.40762333753197705,-0.8033971662364815,-1.099620571855129,1.3623842616511874,-0.7754249547272369,-1.3286945600053401,,
13.904183999999987,-8.889128538533194,-11.299079081911366,135.72481872738152,1.3946134681349955,-1.9681314064568352,-1.2828416385064827,1.0134734549203488,-0.7201534998771545,-1.0912220247598308,,
13.913686999999982,-15.55373406192259,-11.565873474916721,133.0378926123617,1.190472335794566,-2.9114240084924767,-0.3741246339509225,0.957178823570336,-0.8844768011229901,-0.8025254116430525,,
13.923190000000005,-24.280744490368296,-9.550703013163627,133.65642660875577,-0.4169353046389847,-4.121083169839711,0.9042810487658627,0.8905672437010771,-1.512550034037306,-0.1956810089322925,,
13.932702000000006,-36.659274780429584,-4.213733057941185,135.7369995313673,-2.923910601371021,-6.649972397977478,1.7231912838847638,0.9783616654111411,-2.485363158908584,0.1204741589423582,,
13.942223999999982,-52.66340970986454,2.392009933342311,136.04990586182944,-4.024168679493165,-7.581762981769399,0.6814937806092707,1.4066209690209717,-3.154867828971658,-0.10362867021434381,,
13.951735999999983,-70.17012209967346,7.324193552538348,134.343903317043,-4.343518827247062,-8.412595036313588,-1.9952137000517305,1.8059546193081257,-3.1360656333895305,-0.15526125325477694,,
13.961245999999988,-89.60647711138132,8.975390452769958,131.59388794215192,-3.955481912617123,-7.608542704116525,-4.625492243851738,2.3993785833862464,-3.02034696815591,-0.0960493491366148,,
13.97082899999998,-108.58476644349733,7.254395148423148,129.33010010350228,-2.0320446825777676,-5.738227296170575,-5.239945712669868,2.7085184337757555,-2.621145641409991,-0.00349992490659537,,
13.980344000000002,-124.78079183844973,3.555814890785928,129.76732872102355,-0.4326374031054928,-3.949456609723323,-5.880740151956146,2.624459545615013,-2.0071426685562206,0.3183446233238609,,
13.989845000000003,-139.9065235511075,-0.6790766188900069,132.80446086864276,0.7867591973949258,-1.8715557178773528,-5.365167083961852,2.6288428150407994,-1.710160763768653,0.6224890097828644,,
13.999358999999998,-154.2839214048215,-4.341803486402465,137.40194169328424,1.4782869250525277,-0.9126935838026153,-3.6797683230354585,2.5471285094324205,-1.508945489341739,0.742099862193242,,
14.008872999999994,-167.21132450667616,-6.393407371571519,142.48537507153958,1.2757660010963432,-0.19297942844027186,-3.4977356241343376,2.2286086759661923,-1.3448125584355377,0.7300141537261192,,
14.018381000000005,-179.70781285095853,-7.254727705022389,146.58713892963553,0.6542987345983351,0.7906378476356046,-3.0222993140866543,2.1150744615978674,-1.302725400813524,0.4764885546876771,,
14.02789899999999,168.0083252449318,-8.144758689706926,148.49052574188738,-0.1434621699796365,1.1686465682204026,-1.8769301363802995,2.1402661376559333,-1.1651771782053189,0.05377719550635455,,
14.037317999999999,156.72114088274705,-9.762952317962604,148.4794577282586,-0.5564825102702278,1.8246988377762836,-1.2576684383447136,2.060135189705186,-0.8985733718859796,-0.3524395524968547,,
14.046825999999982,145.67907218955654,-12.597983352368168,147.6302854006234,-0.4604661385822902,3.021399178981601,-0.942329754820153,2.1279052047435356,-0.6739560008744435,-0.5986361493220471,,
14.056346999999988,133.4255606487487,-16.658231142287065,147.6514035491363,-0.10819926752969558,3.9948182283838856,-0.4616588023604897,2.426618244911162,-0.5921785489083669,-0.6178365153354102,,
14.065862999999979,119.20284754902124,-20.893432334674106,149.84628919176583,0.8750862762768779,5.562822863004653,0.1323477146774819,2.730083476337576,-0.6818331379777124,-0.48376844289858667,,
14.075365000000005,102.00967404310312,-23.45738887642201,154.53950312889057,1.6764471244057804,7.157697642659393,1.7927745079800848,3.0439398114964002,-1.0383750142412635,-0.3721957929032563,,
14.085061999999994,82.63048687351014,-22.846710904477852,160.32286480515995,1.4989298682336305,7.229565418977277,4.077433543115634,3.2344480181055895,-1.4799500432642279,-0.3850759403153449,,
14.094565999999986,63.323513595623076,-19.197834411543568,164.3508408428795,0.4616033938042055,5.7785419115222405,6.243134313489244,3.2078694167439803,-1.780604837118418,-0.5967251688913249,,
14.104079999999982,44.73884737995688,-14.372797924501706,164.84163132139128,-0.9220267849732863,3.756376576334875,7.584387300000721,3.1731845901686637,-1.8631813892715936,-0.9868893012053972,,
14.113585999999998,26.940154578362165,-10.520281262796406,161.9841058805523,-2.0815298829931153,1.5666811565028704,6.5014695985917115,3.112998134067101,-1.71794506232382,-1.343921328194095,,
14.123097999999999,11.193104412435158,-8.922418960774644,157.11395430626368,-2.095299070102929,0.21151186396715926,3.8193369119811167,2.7993288482790746,-1.3726501274624592,-1.5075022532866238,,
14.13261,-1.6330500060835391,-9.480795635031981,151.74637230903213,-1.2804341732725155,-0.445978310861705,1.5183409470451772,2.335169730666079,-0.981139800523935,-1.4846082652007286,,
14.142123999999995,-11.595050713139386,-10.936526463610353,146.8091954199571,-0.07933745870730324,-0.6280247167341636,-0.5598449188707865,1.8376824486829981,-0.7396925679055091,-1.3410760089769267,,
14.151455999999996,-19.14012331670066,-11.908904841612163,142.58364331066707,0.920329276685992,-1.1287316477769735,-1.3505891088372195,1.3233438159402875,-0.6837494546873977,-1.143884511152897,,
14.160961999999984,-25.769289117485357,-11.988623094818195,139.2521282460532,1.2518673051811462,-2.0442572505655527,-1.1920947817513463,1.0213624960573828,-0.7931373545352634,-0.9396030620667389,,
14.170474999999982,-33.2495209902611,-10.82187022269716,136.8128477219153,0.5425459409736,-2.5822028236918317,-0.466822246133506,0.9395087550218256,-1.1424790540592507,-0.780947178701472,,
14.17998,-42.2844410840957,-7.832476643129792,135.09026287876807,-1.0357395126491171,-4.017696642711289,0.30730943935672617,0.871878121156537,-1.6582765716457863,-0.632885212850591,,
14.189498999999984,-53.98336653389388,-3.925036218754189,133.773669052196,-3.1715439800733614,-5.913731401884158,0.4811042868012766,1.0782374882500445,-2.198316756765686,-0.4962562139007943,,
14.199006999999995,-68.42555259148317,-0.09224505945304823,133.21742846178026,-4.713015497736773,-7.1193140040039005,-0.8998267795428213,1.450291504655181,-2.604470662033232,-0.31379719509021253,,
14.208516000000003,-84.94697104130613,3.210634347563496,131.96972959598054,-4.451422533378144,-7.368695462326952,-3.305069152763341,1.7545334416416603,-2.8697130000930486,-0.14788651605942424,,
14.218026999999978,-102.20306426735884,5.489328627695737,130.49642759404364,-3.081964349233655,-7.524352388556005,-4.856078131277184,1.9273562272314195,-2.88173485385333,-0.019512712861896243,,
14.227611999999993,-117.85584779606828,6.376221156576551,129.4399010618758,-0.8048309431554304,-6.2038151629825755,-5.101847434451196,1.8616067153547198,-2.4965881525658324,0.12500652953408592,,
14.23712999999998,-130.9526803365656,5.578394168228743,129.1410104364625,0.9545056576278601,-4.312930405838856,-4.614725488872688,1.767158102035476,-1.9138141815020664,0.224435342077448,,
14.246629999999982,-141.82286442781825,2.8505246736656704,129.7864570060881,1.8419246156168672,-2.877922783338281,-3.7233497117586767,1.7913740330137635,-1.3277799339730523,0.2992471577609593,,
14.256146000000001,-150.97780984116366,-0.9494824593861094,132.00837310238103,1.903864181127068,-1.6620369846008731,-3.3289538388015223,1.7645537399113849,-0.8885413637854438,0.4840783106721052,,
14.265647999999999,-159.63930600333126,-4.850119389360974,135.69476914749595,1.2211550723667046,-0.36166830661409954,-2.9326347710778955,1.7523698716025378,-0.7112735210918001,0.6577880988124105,,
14.275211999999982,-168.2352962587785,-8.367815186474997,139.99185639499976,0.31795306542869983,0.5272342114858692,-1.8901642879808662,1.72919287534699,-0.6304549499603475,0.6685094071848133,,
14.284593999999998,-176.4658477877606,-10.766956824079374,143.96942254392442,-0.5739407760230949,1.1646472802691281,-1.2337782852104056,1.5650941255251745,-0.6286225388920892,0.5279375460651774,,
14.294112999999982,175.6346710169559,-12.039242772217369,146.72251389819468,-1.3734835602003037,1.3734328742100912,-0.24206077149710856,1.409119986909789,-0.6787978237457597,0.2432089848356746,,
14.303810999999996,168.620398809607,-13.094703673129212,147.87796154100616,-1.6113751018510705,1.3691779892052727,0.32925447656502577,1.2563517965604212,-0.5698035328462123,-0.07022018376780356,,
14.313128000000006,162.08283111326003,-14.482215919938694,147.89918294715193,-1.1563924697896681,1.747769570863274,0.11449701556456231,1.212809835693105,-0.4476919506710254,-0.30461139450878555,,
14.322637999999984,154.35859230957183,-16.27372872456767,147.8123431765703,-0.7114089326863983,2.3319686629388032,-0.3397949153260329,1.4413601387563455,-0.4970178606288099,-0.4257464125076792,,
14.332166999999998,144.39018643027777,-18.630416787270462,148.90665242404947,-0.19192398770076033,3.7033060027842826,-0.9791764262973699,1.8557411242619022,-0.6047326548593228,-0.3800255965020433,,
14.341667999999999,130.92712603349216,-20.872797350752297,152.14953194840956,0.7235281430074965,6.251018363934911,-1.0329603922001636,2.415899154741337,-0.8650580773356843,-0.26669264871129905,,
14.351168000000001,112.97833813205872,-21.300984028335012,156.93913119273296,1.1802421075692038,8.3579004256518,0.6634851065211341,3.0506095171604515,-1.3684566203374562,-0.3459779021272612,,
14.360683999999992,92.32437880555054,-19.048866989339007,161.03353239605482,0.6591742071789499,8.383126748803932,3.692620771379702,3.45082740237955,-1.8095045839459274,-0.6225108561132533,,
14.37038099999998,70.85215719775994,-14.966705473733098,162.40217111752105,-0.30983767043718946,6.5281412720044605,6.552862059756429,3.6409047026543653,-2.054821002166104,-0.9967655834870115,,
14.379879999999986,49.516141471032554,-10.811024596960076,160.2236878491662,-0.9153361315196903,3.859949533990129,7.343643662621671,3.6762278921012204,-2.1083051710900604,-1.394521242566225,,
14.389393999999982,29.278943846855192,-8.206835082969596,155.01818788092024,-0.7965174869810605,0.8533961780241115,5.830948732103238,3.4976810024371914,-1.9905747083801228,-1.7097110332378957,,
14.398903999999987,11.493016252028704,-7.726422421185387,148.27264548113789,-0.007737156236829363,-1.429192893468873,3.0482034312614914,3.0601334003086187,-1.7484744109755341,-1.8397056635594764,,
14.408232999999996,-3.32835339538345,-8.96046200817579,141.45267101990203,1.2401929349103358,-2.9069889950081906,0.3399471895166873,2.546400336787387,-1.4771355672523394,-1.7919628553692728,,
14.417743999999999,-16.033440629908295,-11.256290885339169,136.43970993215152,1.9894769796766238,-3.7140401648650228,-0.31195015163000783,2.193921021897632,-1.287099167952558,-1.4466306662340491,,
14.427261999999985,-28.509695252951385,-10.243878018736781,138.31648609816185,-0.6071747875796717,-5.452428718048319,1.0755425600178068,1.6723814584405445,-1.7970861670555829,-0.08976301575475308,,
14.436770999999993,-44.44463718001768,-1.9183387475996512,142.58181987187982,-4.394455325877975,-8.154625786258187,0.20219961851191645,1.3956872418202837,-3.2861051070774736,0.5129905192928517,,
14.446281999999997,-63.03293103355069,9.873778353723274,140.1401173686298,-3.444563449107845,-7.07364011673349,-1.3132072307475073,1.443994800714919,-4.13802116329957,-0.2179966700768739,,
14.455772999999994,-80.79334188578599,17.628021569458724,133.34393158679515,-3.418703426150586,-9.09714929363335,-3.9237484732852037,1.4603336017547606,-3.478478847270973,-0.49485326930582907,,
14.465383000000003,-102.43113440609733,17.867149174714502,126.0792928858349,-2.6107327928407402,-7.300915977825649,-7.920792544586294,2.5947151774127937,-3.1929851382161387,-0.10896790689043084,,
14.47488899999999,-123.65679208237779,12.042496000689924,121.80983804169796,-0.09820524896369191,-4.765278589396137,-4.938618918774335,3.2425393053304896,-2.7561226361887834,0.2625198950612983,,
14.493895999999978,-153.6462814782354,0.6381641572004767,130.2089540842603,1.8586800731189688,-1.2071936750745922,-4.210839017777633,2.654133013247206,-1.8044904910593396,1.4020957228477668,,
14.503336999999988,-166.6161522748354,-2.3196873327218785,137.35339416761303,1.4092852643861706,-1.376666347519605,-2.1026992047441406,2.2127969246020838,-1.470430161995629,1.393672288020413,,
14.512927999999988,-176.80761038980822,-2.925287230211075,143.24019424504067,1.0787170693298571,-0.062398136210813894,-4.00690013240539,1.6364382406114202,-1.211839123672234,1.0542927598404173,,
14.522441999999984,171.84318141464402,-3.1602459252595922,146.22807799522414,0.26633527115042926,0.7785785399820617,-2.8506025576832443,1.870715919263329,-1.2740773113018231,0.43223508489419155,,
14.531958000000003,160.664514205473,-4.627341614868728,145.81135324652564,-0.6964060824947836,0.7778448988554183,-1.670584359418373,2.003251565580128,-1.0115976720219133,-0.23340495717709944,,
14.541381000000001,151.7840593222124,-7.671604068306894,143.16139320014884,-0.6005500565535712,2.2156711335980406,-1.3653318502884877,1.7801947366393167,-0.5376657539362103,-0.7196298012870309,,
14.550887999999986,143.1183032713322,-12.173857471156998,140.28860252376518,-0.4819395731687138,2.7696147253855177,-0.4093354506140102,1.8868523568582707,-0.35735850858101503,-0.873876627189419,,
14.560577999999992,134.13471373641897,-17.42251685743747,139.13216959790608,-0.6658865649366889,1.8875225790544015,0.4794713500393803,1.9921562423859525,-0.32860312704455014,-0.6925945416554221,,
14.569915999999978,124.8993141495892,-21.445877622918665,140.54774591389838,0.5182588333806138,2.606863741565023,0.3571454818556695,1.8380438733022086,-0.5132520366800785,-0.33581355495095605,,
14.579425999999984,112.81231535532972,-22.470031934958072,144.61504827558713,1.3924719999284745,3.7608770618105276,0.928394313160468,1.8935541310393813,-1.2032852036880646,-0.09819321651248702,,
14.589113999999995,97.73426039554066,-19.84914306289602,150.14928947322196,0.9396489333814362,3.9720250265449617,1.5858179127307128,2.0778577832593528,-1.9573069074614848,0.005099464601159975,,
14.598624999999998,82.49112748078217,-14.368268644436718,154.3682884383519,1.111082794340848,5.028574893457728,2.898465440166529,2.0643607411297005,-2.322507057098678,-0.06826840705491027,,
14.608136000000002,66.41111339784331,-8.351930382782628,155.37712151023854,0.3560896754281734,5.147885293724044,4.848351275885539,2.3430966731438687,-2.4210545023865446,-0.4449905799063347,,
14.617637000000002,49.14660550156181,-4.313905934045061,153.76253182040756,-1.4867478262761706,4.311879381279363,4.88964944564095,2.7539150820857223,-2.1942230232563142,-0.7132256681039302,,
14.627162999999996,32.70931550468062,-3.283097516547118,151.86243450037014,-2.337175351682218,3.501052377883382,5.8498973731862325,2.824450182904337,-1.6738581983765408,-0.6057057508748797,,
14.636664999999994,16.817684605908056,-4.461805797883948,151.26882255554293,-2.7386355675261074,1.4610490657149497,5.339027960181135,2.9014052964113746,-1.2940832797285555,-0.3405342028886975,,
14.646180999999984,2.0440858825606547,-5.91624420728972,152.07158321675337,-2.12054494658201,0.041746414939950946,3.248227475590382,2.729261986913146,-1.1302089137644562,-0.11252526235237849,,
14.655676,-10.2834229278848,-6.266952373935349,153.07580209978593,-0.878895829556884,-1.2953332049571205,1.228706520349873,2.2098034622651985,-1.0548112774199045,-0.06400237078956005,,
14.674534999999992,-28.981964108849596,-4.789293798246326,150.35648889074218,1.5474117956788902,-2.530992253204809,-1.7156220286513244,1.3914675117809288,-0.9275515289234769,-0.6338688975637301,,
14.684042000000005,-36.49415660897458,-4.655825172645149,146.06379074749822,1.1806589126059612,-3.4993894200206244,-1.3804925101219117,1.2618038986884117,-0.7992196671611558,-0.9791498586982168,,
14.693550999999985,-45.088344477446746,-5.297655020705574,140.62835642614178,-0.23813658277499553,-4.380195139134463,-0.6652365559871511,1.454994777834902,-0.9082255941408583,-1.230760648685426,,
14.703060999999991,-55.98543556019882,-6.54109334591674,135.27593883931783,-2.251589443987649,-5.592315043816696,-0.3543247083230476,1.7819099468731336,-1.2583862257181029,-1.2864792960033944,,
14.712563999999986,-70.00935268905549,-8.117798549824181,132.53957086156151,-4.206050400050401,-6.705426295090491,-1.347633694141274,2.170301596587453,-1.768272619468315,-1.012159651556561,,
14.722082,-86.85422290073305,-8.323150991837808,132.8389388491941,-4.854464461909273,-6.6621715604045235,-3.122010364131416,2.3056564965687025,-2.4074335094208954,-0.5198565707599385,,
14.73158699999999,-104.3680640969145,-6.187291545300003,133.33883824636473,-4.30514439353802,-6.096462041085826,-4.827076797625909,2.0645267258284012,-2.8248910398554767,-0.33101333751792184,,
14.741190999999986,-120.49360584521135,-2.5521359602036076,132.74754749095123,-2.5470737793572145,-5.389431953846141,-6.42694451665508,1.664329566247421,-2.84302496831693,-0.3512509040653479,,
14.750688999999994,-135.32082474447523,0.8617346221153545,131.04362693999695,-0.036625539846654905,-3.597762823945632,-6.1910338656194375,1.4689854675256748,-2.6615068203276877,-0.3716626452718238,,
14.760210999999998,-148.6197320163269,1.9038261200725568,128.76730049782614,1.866466049430734,-2.4742357347036603,-4.570340212357989,1.5388619199096027,-2.1741120309328714,-0.3795581929213495,,
14.76970799999998,-159.50317706921322,0.07278565639336432,127.98772483696048,3.1116683315821665,-2.022483094515526,-3.6916327109100684,1.6284921342979621,-1.4811447024559083,-0.10936691735955893,,
14.779226999999992,-169.15093273460118,-3.0030316201774863,130.33979671853177,3.2085277507003616,-1.0038194090950225,-3.329497840702411,1.6846163063996822,-1.111036070364402,0.4277445080524707,,
14.78873299999998,-178.72140898255736,-6.168642702194447,135.81728763460416,2.1844813899995765,0.17309519554876404,-2.413530908946973,1.7552309463910427,-0.9672804504620791,0.94669743319472,,
14.79816599999998,171.7242347928318,-8.40048621511977,143.05343460077938,0.8734205960077274,1.0851913761509826,-1.6572007105967752,1.720478458493835,-0.9013947179507921,1.2071497941626104,,
14.807669000000004,162.07266394712912,-8.67337658898092,149.901563074653,-0.6114732531023224,1.3544683560804647,-0.652651356162891,1.6123247624423132,-1.0175251020089224,1.0835422181021135,,
14.817177999999984,152.8369338654584,-7.699113709221458,154.51434699386846,-2.006005680474992,1.285509964544999,-0.14211115269105862,1.5174481870021532,-1.0338220564471967,0.6587014014196867,,
14.826697999999993,144.24414865697418,-7.347260131627039,156.41711346524772,-2.409945155307741,1.3312079578909075,-0.004828259026526745,1.511391571929824,-0.7803807778287706,0.15362734644949788,,
14.836201999999986,135.57038931145968,-8.44639941886209,156.1549801679643,-1.7898791743241995,1.8329693333544705,-0.002673857132898377,1.6521805652651567,-0.4982958556284578,-0.2939740572569795,,
14.845708000000002,125.66051056514691,-10.966902482296739,155.0699676303811,-0.7493254515164821,3.3782232533206273,-0.21420939672651265,1.978002339964874,-0.35551918016238965,-0.5557719990175731,,
14.855223999999993,113.1787577214998,-14.598687393067467,155.42023965478074,0.3728405800540184,5.409986772129725,0.3463495736355189,2.505355851235722,-0.3676809976598741,-0.4893033733335277,,
14.864731000000006,97.33794768572912,-17.924239877614976,158.619325787443,1.2360637969000947,6.891185993342126,2.072813713278907,3.049928732833354,-0.5822696343240388,-0.25936808033958864,,
14.87442999999999,78.92228982681148,-18.89599032265547,163.49840176121432,1.0992263220211655,6.735713025029201,4.334407873199489,3.359774135276542,-0.9527333286564352,-0.20421318849895523,,
14.883944999999983,59.72698299211591,-16.740065587982276,167.37100598390958,-0.18155259169492127,5.190107753384869,6.949626600671529,3.423356596957377,-1.330374243019366,-0.4170928277831631,,
14.893447999999978,39.99483096778077,-12.233029949380171,168.25744587155768,-1.6628995575345684,2.6374569473892335,7.991381005417321,3.5434504292759406,-1.6740204536992138,-0.822175947039578,,
14.902959999999979,20.800711495043647,-7.90982874278139,164.78587941171978,-2.2109252346858277,-0.14849338435471768,6.162796168260592,3.4769794273462624,-1.7066176437453306,-1.3683473443930911,,
14.912466999999992,3.134187766000022,-6.534990255159175,157.66787488012028,-1.8959841135829052,-1.6447289565251197,3.34299712563866,3.235447490902949,-1.3767597710165178,-1.8635678797978197,,
14.921978999999993,-11.835620490961727,-8.403749906381735,149.33702428008309,-0.7136899596935622,-1.8183862035614313,0.6842793685403289,2.8294865902800312,-0.9806562126210232,-2.049891532172212,,
14.940816999999981,-33.36740536663236,-16.106564326926378,136.7887848885435,1.0400264362463763,-2.5203006608047103,-0.5960841333429205,1.977282242614383,-0.6498441727028385,-1.4884788808401725,,
14.95032999999998,-44.29986457426965,-16.298615493680668,136.36674833003633,-0.19529884877166365,-2.949486450184934,-0.12624867828474637,1.5572232292283879,-1.4051771679846858,-0.6893795334862926,,
14.959847999999994,-57.149398053674425,-9.765523804642974,138.50478164064916,-3.4534258827035513,-5.1944512356830455,-0.8328653510823653,0.9686618099495178,-2.6441775310212066,-0.14709562649580907,,
14.969350999999989,-72.24997597696427,0.1801697793829793,137.18925167199117,-3.8749603446285033,-5.3780531042451845,-2.3494776470358714,0.9085428447641855,-3.4819185707353206,-0.5052457612496281,,
14.97887399999999,-87.30820498067169,8.823583381528266,132.84237352246672,-3.896649016301095,-6.812671707830069,-3.9654772925932087,0.9102643649584246,-3.334280293343286,-0.6171884611015712,,
14.988454999999988,-104.00456255051611,13.052053856934489,128.1245906845868,-3.160069579426074,-6.5933324899839985,-7.158474140067987,1.4880408404001932,-3.033841256670218,-0.2931370585346536,,
14.997962999999999,-122.8490614182733,11.636397124364716,123.89518169139883,-0.6204790448881662,-5.682171427416753,-6.720528211924603,2.387396508975183,-2.8093642879466976,-0.022403363678205855,,
15.007474000000002,-137.7949096530824,7.738983336737413,124.2947243883051,1.5672254791298643,-5.112982182652818,-5.336558656365505,2.2880558373891677,-2.0042615271116726,0.5933476152181982,,
15.01697999999999,-149.63415900588168,4.42878250266267,129.23957490491517,2.534420696902562,-3.1853073600729935,-5.640075473382904,1.9310430223937103,-1.4924868145247194,1.2469630048844933,,
15.026408000000004,-160.63823967043686,0.9391652967005452,135.77380620846708,2.2162332120787034,-1.8786820787227103,-2.1687525477912266,1.9911452803873209,-1.1542308986125256,1.41538161888668,,
15.036006999999984,-168.67949087846603,-1.6311275489663108,142.02393920942407,1.6078053980182088,-1.2548142447909194,-3.037956884291084,1.5407785160868832,-0.6753769547214793,1.2467495588187651,,
15.045505999999989,-176.46152512856506,-3.1815252935556826,146.82119416376557,0.6975295413539766,0.06744860851065536,-3.04027900380377,1.4367304348532068,-0.6571492327571955,0.8661990320635757,,
15.055048,175.04796967967832,-4.8533758896977215,149.1717836088708,-0.7317059018240507,0.4633262706146917,-1.7021944710355332,1.6053083569099258,-0.6186383526686381,0.307899242391596,,
15.07397899999998,161.76580780082503,-9.652963380958155,146.62427619377522,-1.127556584983246,1.5439878378305176,-0.33967379253831115,1.2834632016864473,-0.23086741628284152,-0.598691093144542,,
15.083651000000003,155.8938912152609,-12.805519339536279,144.39140229682178,-1.213855995098592,1.437608706792859,0.48707137471971734,1.2956273362397523,-0.13946982517821996,-0.6738575118484951,,
15.093164999999999,150.21216818674304,-16.373142533571613,143.46168587452325,-0.42055441706795654,1.344392420463751,0.5822955463581498,1.297793018937884,-0.07723625859221438,-0.47160697242324445,,
15.102673999999979,142.94504568222658,-19.030257592709635,144.70695842506612,0.04939606563423745,2.0517275815654736,0.2792266977741125,1.4216697665714009,-0.388454970559475,-0.1936883693873921,,
15.111997000000002,132.59063823820603,-20.144926224530845,148.60928103509988,-0.17180190856227076,2.914168552707252,0.1911980653766112,1.7412872596185973,-0.8929884007427313,0.08232081355652698,,
15.121515999999986,119.60861298998273,-19.193664097931617,154.30078459925818,-0.3453458735197081,4.266576049043008,0.42444984210370607,2.0469952752234755,-1.3410964550503197,0.25582951406958226,,
15.131027999999986,104.42948712237691,-15.85284364282318,159.18521111531666,-0.5270944250906735,5.8731722145424605,1.6229435330821511,2.3887010015633723,-1.7590357701951422,0.05004813929843578,,
15.140715,87.16707195469954,-11.269488586885602,161.00482292579767,-1.3860520882081604,5.933326412446073,3.1603072913362182,2.839837905096357,-2.0017760016554265,-0.4588702864643438,,
15.150232999999986,69.04880906298025,-7.533883509342266,159.67605196257168,-1.9182071556131621,5.2996063629675225,4.225346894095395,3.1138083841926107,-1.9009636522648956,-0.8676066729892195,,
15.159745999999984,50.836817836122634,-5.997994471138246,156.35737554157436,-1.3409062788140156,3.784595979426157,5.384341038216459,3.238799510808348,-1.6329764356158794,-1.099486251399248,,
15.169251000000003,32.67225072077333,-6.670891114123961,152.36622296463426,-0.521242727695546,1.3495024138418115,5.031090736761398,3.3141578871106896,-1.4348861140372484,-1.203128067675812,,
15.178768999999988,15.743998862351143,-8.275384401460373,148.79447852539437,0.4033069700351553,-0.8570280771101366,3.871958698310702,3.0833159273325395,-1.3617065874150887,-1.1576757265874387,,
15.188270999999986,0.52188763854566,-9.571276986590977,145.7985703902556,1.0562267424883642,-2.7938035292521115,1.972850344926981,2.6738768413211393,-1.397009504686157,-1.0731827650994321,,
15.197596000000004,-13.654168265526353,-10.349630517090329,143.09218394228492,1.3973332533610041,-3.8650564913297907,0.5041312086832516,2.3667808705525064,-1.4862041810943334,-1.0312992074349197,,
15.207114999999988,-27.502457187187666,-10.355065643536472,140.6371122800621,0.5935746117356925,-4.164963816538291,0.11697417021042728,2.149311667100246,-1.6704915644793823,-0.9858059650062952,,
15.216575000000006,-42.10650338623648,-8.764246825622024,138.38787102449714,-1.263434472735153,-5.064152186339632,0.16382499925913385,1.9910138796816017,-2.1009756462658395,-0.9290472805024046,,
15.226136999999994,-58.910286422519185,-6.0783301705853345,136.4949691290492,-3.4266855996952614,-6.535383052521082,-0.6421933085232053,2.099583296972013,-2.639044400443718,-0.8034453144858817,,
15.23565099999999,-77.83513834938542,-3.0879955382753073,135.00218344060025,-5.05337648745193,-7.071615783090809,-3.151582096072205,2.2928246356068684,-3.051677123357101,-0.5889232713304854,,
15.245239999999995,-98.43500955047296,-0.08932914102693236,132.816343689988,-4.3258777207727155,-6.083003794918957,-6.200936861374798,2.430040464330687,-3.3756506281326826,-0.5355486992735653,,
15.254750000000001,-119.45161910240319,2.0276224497638777,129.59656741654413,-2.5327188459280308,-5.191642714041394,-7.855587382521343,2.4515588383357767,-3.437109668210153,-0.5543102224214406,,
15.264250000000004,-138.86202104528502,2.709304258973424,126.57365814067471,-0.4283571409596432,-3.8918496755646763,-8.233310923851992,2.2806985394869854,-3.1370217023552454,-0.4280639701796002,,
15.27376799999999,-155.73217210385965,1.4048921848098375,124.61246909753403,1.731329651621272,-2.1450495103137355,-6.228264303600035,2.1651700967654746,-2.5929156746712296,-0.2595292945101773,,
15.28327999999999,-169.9999783730163,-1.6785226015757677,124.74147281187471,2.838178105528558,-1.4425889836952734,-4.614714890318078,2.118763579901122,-2.000457863567881,0.026023780456581897,,
15.292787000000004,177.47267734780843,-4.826305033733934,127.55208768460851,3.0317071195087584,-0.6972147003460331,-3.44674342880565,1.9716287835404591,-1.6540795488396063,0.4232215376276624,,
15.302291999999994,165.70187623902532,-7.069185762484453,132.31626220798728,2.309017515987206,0.42800737636337494,-2.7305017082690037,1.8351010817825657,-1.5138025000153326,0.709262331184482,,
15.31173099999998,154.43803919629505,-8.382446531952821,137.69428008199273,1.112626900104717,1.0972441982460888,-1.7852199357916827,1.7529701508377895,-1.3995181874465388,0.7709871628258013,,
15.321237999999994,143.9960326328504,-8.658722840972294,142.14385137679335,-0.08773006604833485,1.7284318396775757,-1.0912007568278475,1.6049002828393564,-1.2943325673660235,0.5774164075210819,,
15.330738999999994,134.1628194945915,-8.6451316084565,144.81145203977698,-1.3107486045097607,2.05327309941294,-0.4344963820310193,1.5501352660197727,-1.1656641620731218,0.23339385710236266,,
15.34025699999998,124.90512206241654,-9.454578446118951,146.03442136027817,-1.9690111624666604,1.9232107894417572,0.03126808465864355,1.5868152815668086,-0.9101756323809093,-0.0521089020683507,,
15.34976899999998,116.0907030533883,-11.255223483113888,146.51412538098072,-1.379625002332143,2.286286419802279,0.3634414704014136,1.6318678278907242,-0.6681565600016425,-0.22752681037571929,,
15.359274,106.1116778268553,-13.457642815042044,147.16988275156237,-0.26571678015927236,3.4266121040963453,0.8718987609022132,1.8630239213394115,-0.7013828553994125,-0.3039385123412419,,
15.368966999999998,93.5823966167311,-15.264890800436971,149.35010286215012,0.5101563017225329,3.8544779083475,1.623824234648966,2.24533286621066,-0.9722290677073634,-0.19591333939828806,,
15.378480999999994,79.09742481179212,-15.518077645377002,153.16089814089904,1.2550136170957997,4.439369112049709,2.953671319211951,2.465553180521919,-1.298607993144278,-0.020106854140443754,,
15.39749999999998,46.36136519217172,-10.13234195340306,159.0162136265473,-0.43715074001586673,3.418898855945679,6.213430578087034,2.8009565712124886,-1.8710736674440898,-0.2956482236778295,,
15.407004999999998,29.73518200270424,-6.469723384010759,158.63848186723447,-2.076815889623606,1.9751851959183715,6.238747328436985,2.804682818486063,-1.8597291104937113,-0.5648827961525945,,
15.416517999999996,13.658341237548035,-3.967858365969672,155.88572906965774,-2.8920913861237203,0.23141956001335381,4.764922843720946,2.7622919880251167,-1.6868916009642052,-0.847388137557103,,
15.426028000000002,-1.460368555163683,-3.550045596023065,151.3953272539566,-2.4532971203909155,-0.6613496337750485,2.490627072105345,2.669874067069927,-1.4031681831070517,-1.0967273018730557,,
15.435540000000003,-14.385490065820548,-4.943142362776425,146.16885494380256,-1.2898153150924674,-1.134615216459345,0.5022572864803384,2.3532398003524713,-1.0870041003522748,-1.2352550438486039,,
15.444880999999981,-24.941893842899898,-7.300291340806908,140.87534911468293,0.14376506708038939,-1.9051660188944954,-0.8187486685015167,1.9733275962617227,-0.8580243215924034,-1.281333959646756,,
15.454390999999987,-34.025267537701076,-10.027530458045922,136.06034899193207,1.063637160514588,-2.939217565124211,-1.2999319085114804,1.7119911721992576,-0.7718038512026225,-1.2328753885931034,,
15.463897000000003,-43.13558865974052,-12.096825920570723,132.97786147869883,0.21818170522073274,-3.648949013498909,-0.580612712287198,1.555024406570207,-0.974905316783945,-0.9608134179066721,,
15.47340299999999,-53.627317327269836,-9.782925872382812,132.75194453038742,-2.035477055444327,-4.9197231880211785,-0.5394356307441809,1.068623469979913,-1.8148709844664281,-0.43697142660223115,,
15.482912999999996,-67.23961716450498,-3.4482395667244123,131.93795374141166,-4.419223347117587,-6.560291072171817,-2.0942440216290383,0.8941879710037146,-2.8419105523032364,-0.46767580437792206,,
15.492428999999987,-83.51212251053829,2.7789600953375935,128.15996045181654,-4.025510465870902,-6.43159533974485,-3.5212278088747797,1.1501843671462852,-3.283215827339318,-0.759603190745979,,
15.50200799999999,-100.30267683186516,6.215201715365002,124.39330402070287,-3.8889067340976737,-6.84557716589096,-6.320713522050194,1.4468606862947544,-3.09106261498595,-0.591378628404526,,
15.511533999999983,-118.72700130021856,5.837668969616495,121.2932469904,-2.2382382776542786,-5.269707711362083,-7.668026652753087,2.06187451598431,-3.025627141274289,-0.322170919569488,,
15.521034999999983,-135.8965516137345,2.6726575314671583,120.62258338998286,0.2975712802195461,-3.90632709716503,-6.0204105134276915,2.3063418250928387,-2.603208589557118,0.03984919298837912,,
15.53054499999999,-150.31957776086742,-0.5553955548201075,123.65883449659984,1.3875446379361704,-2.56645421516725,-6.055874273463097,2.078451397786471,-2.094719180796781,0.5912257631017677,,
15.540058999999985,-163.85135814908196,-3.1213642152418326,128.90504442590733,1.9403283532278741,-1.0093672854616602,-4.292741451260322,2.0095305217646393,-1.8762546552991124,0.9035723836415317,,
15.54958099999999,-176.22777897010323,-4.785253188518923,134.78993436168335,1.873493576791004,-0.6146900132086075,-3.073220626952341,1.8892151007676852,-1.6190513654302077,0.9524789412672704,,
15.559077000000002,172.80039542378069,-5.092613319723633,140.06906733878304,1.3980367842619579,0.07605808252213968,-2.6603579645058595,1.6448821261785496,-1.4364985758749884,0.8136205555525134,,
15.568590999999998,162.49929853719308,-5.043302860864678,143.7503773355499,0.5640898301774484,0.9111717038006143,-2.236279113999328,1.6019320860216544,-1.2768885986575191,0.49570446753860703,,
15.57803899999999,152.56836038477283,-5.91534554042878,145.39610044777837,-0.27334105142943615,0.9410154860496754,-1.2028703171361805,1.7014542599114209,-1.0115946946894387,0.13900532256407325,,
15.587537999999995,143.78165996784352,-7.830085810284794,145.7059840141342,-0.6467855695227589,1.2440254743440164,-0.6013796423372327,1.64444173454561,-0.6784903313805017,-0.15001959885069768,,
15.597042999999985,135.47627979234457,-10.61685141313106,145.75673928693044,-0.688776605471597,1.7438726153338302,-0.1675558846834474,1.6578094769548477,-0.46939134305726526,-0.2591503653205982,,
15.606732999999991,126.64602412684346,-13.84717729655946,146.83886832872923,-0.566655291737811,1.9169432428359672,0.17433132744528798,1.7833954284649052,-0.4265226312293508,-0.16241757519366398,,
15.616062999999997,116.61778678460797,-16.39141169657136,149.56250637819207,-0.003771797246877999,2.571973515687896,0.37758131088322966,1.902997173743107,-0.5935178416365555,0.014848735564958459,,
15.625725999999986,104.55077610749882,-16.948951604216642,153.74976981664074,0.40876905970403277,3.8887516041620356,0.9998826045140614,2.0779968689640667,-1.0037608339234747,0.1354244560481934,,
15.635267999999996,90.16712447813647,-14.90406816140946,158.48664459353577,0.4053387698855771,5.294888982684514,2.408846247652146,2.3565636943933916,-1.4948011732264628,0.14447861038181678,,
15.644775999999979,73.88711106520628,-10.684787592008004,161.92652105258094,-0.24636849162411126,5.617568758995814,4.261572816652902,2.6980697719401174,-1.864950309235089,-0.04858116704378006,,
15.654296999999985,56.50940977289769,-6.009546069039415,162.50430108779338,-1.5253631631428486,4.668223698651546,5.703547063364291,2.988169496889932,-1.9321762007636745,-0.40174603601242853,,
15.663802000000004,38.41106879523433,-2.8344854287334957,160.45972469047422,-2.7861523540740096,3.111066392892139,6.572904531225629,3.2215446499797227,-1.7381299453646946,-0.695797455323994,,
15.673305999999997,20.041703888426888,-2.0254420646317994,157.18510829559756,-3.199707708853527,1.1472949953433393,6.033980393053115,3.366129535428039,-1.4670142647646687,-0.8142833960700806,,
15.682807999999994,2.7134398066038408,-3.355212567118982,153.8432586668546,-2.483863316017423,-0.632468009156672,4.4243503425193085,3.262783998036433,-1.1835894330304166,-0.832066548733406,,
15.692330999999996,-12.573067052618569,-5.759879150827164,150.87025770775807,-1.2493594636502126,-1.788156243307308,2.2756159449454123,2.9254161266853984,-0.9782604659045882,-0.8368117483408392,,
15.701661999999999,-25.437866549458718,-8.058821047515321,147.98000556528612,0.25282369010503436,-2.296225108740312,-0.06485162850968715,2.436327652566377,-0.8926537758282833,-0.8850924150748608,,
15.711174,-36.1443395096137,-9.813124725552141,144.76781370680044,1.5335795427834051,-2.8435713319364013,-1.5662999571665306,1.959727757264701,-0.8681416339882727,-0.9708361272711292,,
15.720680999999985,-45.891372021349696,-11.215424458896374,141.54128857338225,1.0265101068335454,-3.7306844818142464,-1.6094095154456285,1.7066481835427934,-0.9144170499524349,-0.9950962924988771,,
15.73019499999998,-56.359783070814856,-10.049307868837397,138.91022081817275,-0.691194251205044,-4.937159789068447,-1.575417003728349,1.4373954545524563,-1.4858867434381857,-0.9047351264362045,,
15.739701999999994,-69.75015726793642,-6.027099676931745,136.5196609027871,-3.2931652546255132,-7.179111583132174,-2.2785715891898555,1.4270691590271816,-2.3698732018344955,-0.8420941623816354,,
15.749205999999987,-85.95753000502292,-1.940474061878559,132.97479834687985,-4.196003093136967,-7.0947931860479185,-3.8303603425575714,1.7026598830828046,-2.8639523903419937,-0.9193967018243268,,
15.758802000000003,-102.971419516625,0.6611113597132324,129.75581629482932,-3.5361139079452286,-6.542894573771214,-6.583936907446025,1.8742587041965921,-2.883712361932293,-0.7685837058330723,,
15.768321999999984,-121.4918425409173,1.2235613462079442,127.17975688958954,-1.9921927697900945,-5.221076352700375,-8.321672956881716,2.2139318123441885,-2.967903486818716,-0.43838112012872554,,
15.777819999999991,-139.42286969579948,0.017840218144673452,126.4230319516799,0.3310454968241309,-3.652646403109045,-6.589952572833817,2.3343221497485693,-2.7287475083162613,-0.10033723334842004,,
15.787319999999994,-154.1289050930161,-1.7951993886284283,128.0498639480973,1.9325535819259319,-2.4913766039051066,-6.2584801049834935,2.059106104834084,-2.125305218248089,0.2878419750889165,,
15.806346999999988,179.15703813256997,-4.587259140608544,136.89305719175536,2.4596541879749143,-0.5993193525928491,-2.7721350982953585,1.9529378343668842,-1.6962149043285777,0.8290566445362678,,
15.815867999999995,167.87730509656012,-5.0337941022346255,142.07272281817492,2.086908937343229,0.46852395172537675,-2.822216284477322,1.7568311018600347,-1.4000201910360985,0.847604763663693,,
15.825380999999993,156.6786790882342,-5.069978171810452,146.48729794819445,1.1092616821780668,1.0457469083935989,-1.9096884120417799,1.8056051746830972,-1.3047361950300553,0.6845841552111187,,
15.834805999999986,145.75831580189356,-5.106523100389496,149.35291546276775,-0.134524419027753,1.344698754864172,-1.335956960863444,1.8373223236734313,-1.1573577756473694,0.37676687413755894,,
15.844317999999987,135.73562893335955,-5.974978123936073,150.76121220172408,-0.9288320707740033,1.779424447627991,-0.8205215220036982,1.805632354748984,-0.8532404434304834,0.08422050496610184,,
15.853819999999985,126.04869207198625,-7.98243591582388,151.57798943512114,-1.1617642478434187,1.8938392738337797,-0.14135904803795962,1.8684160166432082,-0.5829350026197401,-0.07739557424692396,,
15.863325000000003,116.07699106410615,-10.601966778653539,152.7388590960557,-1.0651065773090267,2.2601362866967687,0.22870904889181884,1.9753283831155433,-0.46244526568972055,-0.09683276255990511,,
15.872838999999999,105.182800689853,-12.991452677292443,155.19743697246517,-0.3321082141776134,3.2930115240915354,0.6850728207695915,2.116869474452875,-0.5120513922312732,0.03727494451678769,,
15.882524999999987,92.38646590703812,-13.855749239402618,159.1222142570805,0.3410806695365123,4.586153970115381,1.8657446690454333,2.3529575341228215,-0.8104765773104949,0.1790463721775701,,
15.892044999999996,77.33754396485371,-12.17771207625294,163.55269922659733,0.32969404853519974,5.572004038831947,3.7882481226837963,2.664835288822003,-1.2557269533413196,0.19326716050199133,,
15.90156399999998,60.679704132913486,-8.158517673454776,166.75744599479114,-0.8099652243538339,5.049118438704825,5.559666392828939,2.961064332971342,-1.610708639690377,0.037027254545680954,,
15.911068999999998,43.46937742758099,-3.4551428823451054,167.24201746961856,-2.3952053003124387,3.5894095058727773,7.0350530751502705,3.124850549964421,-1.676124487555558,-0.2633701723635069,,
15.920581999999996,25.18073814906532,-0.09501416164457441,164.88385881392082,-3.9582149760273886,1.355915821572214,7.237787379601458,3.388122942826861,-1.520037186329799,-0.5907454213017684,,
15.930081999999999,6.486696433798933,0.8189906971665842,160.79871994632404,-4.180958517345388,-0.3626689550319292,5.254467119632549,3.5207849516810206,-1.265917202539458,-0.7934025909714857,,
15.939605,-10.425326596156586,-0.8153894554923091,156.2519044271876,-2.8762963537536637,-1.482811391219218,3.153584105626822,3.2696371444882604,-0.9242370380533562,-0.9065199387658476,,
15.94910999999999,-24.74627658914617,-4.1815817938983475,152.0478641295405,-1.0668940352148844,-2.057733087741375,0.9987903479012733,2.8714184342629214,-0.6322569511860491,-0.9617001208478432,,
15.958433999999983,-36.302007815451425,-7.8859167885131916,148.2142596225517,0.8897530201129673,-1.8729985701373524,-0.9457925429912573,2.3654390972057184,-0.491905138692775,-1.0047198024515873,,
15.96795499999999,-45.25174109119753,-10.995100558959015,144.59924383049795,1.9291988517583059,-2.5406353761003957,-1.6133240333885563,1.8188763703102786,-0.44826009913353043,-1.010779119582276,,
15.97745599999999,-53.24813973624722,-11.82532160745731,141.9605687751337,1.015339300663502,-2.5178127306433136,-1.638963041393914,1.3599210843189262,-0.7938517328440083,-0.8372714673687369,,
15.986968999999988,-61.81939681348231,-7.2873432256069846,140.37398375380965,-0.7643126469735496,-4.402436008704592,-2.0424696726881253,0.7519044949806908,-1.7570218351479252,-0.5938668091943462,,
15.99649199999999,-73.35416465797327,-0.7564279616917194,137.00120728610045,-2.1667787167961015,-5.411284163492689,-2.3468519562897714,0.8719948088114092,-2.4908176148207426,-0.8251977404526897,,
16.005989999999997,-86.34716101798301,4.228702753294059,131.98177162001946,-3.5130762979164127,-6.678677194908978,-3.726977510321756,1.1135732794303304,-2.5433184792333328,-0.9110550880019763,,
16.01558,-102.013149425548,6.063155511767469,127.52020310545976,-3.8634427508523035,-6.137586749285128,-7.1807500236626005,1.7146607602318458,-2.6277141705815414,-0.5952775789184024,,
16.025090000000006,-121.13962878053357,4.659084731827952,124.61607776963767,-2.2019541467300625,-4.886019422596892,-7.6290839359538065,2.4644813807237345,-2.912409904108305,-0.2067876465925192,,
16.034595999999993,-138.34373128721475,2.053191257816881,124.95967925380782,-0.1299428365002116,-4.368842824793458,-6.753770493480189,2.3794258304420164,-2.52587638387795,0.280814542974042,,
16.044099999999986,-152.86563025319774,0.441902088483969,128.46557049966208,1.725531118122274,-2.911856858950344,-6.9976169308430345,1.9854155618219844,-2.138265672166294,0.7709513771422297,,
16.05362599999998,-167.0383975368055,-0.3650140797018285,133.2269811694896,2.4500140550038165,-1.6523423019929404,-4.099031166945889,1.966632933929837,-2.0437855119751345,0.9578327911132244,,
16.06313399999999,-178.93755888957185,-0.8236852245741482,137.7636052200395,2.2063715302748017,-1.2740442597227764,-3.2463200307687674,1.751467696276893,-1.6086975603368125,0.8857464785934699,,
16.072648999999984,170.81527696836068,-1.13582137371671,141.32963190541773,2.267919567133842,0.10306868432815415,-3.356028989842476,1.589240795380087,-1.2887488621544574,0.6804343896452103,,
16.082155,159.95105771385244,-1.8476743590410418,143.69174282686814,0.9463469710193845,0.6321140511827732,-2.0169469495047494,1.7995197205689004,-1.2165654566295376,0.4161581780663734,,
16.09159599999998,150.048098657094,-3.562850008218211,144.8590313558237,-0.12768508146893737,0.8954156040833606,-1.213133061587,1.7955565692559443,-0.8844026874540565,0.138917876172079,,
16.101090999999997,141.40216179866903,-5.924446697584024,145.10518227510403,-0.4953852603358314,1.601895816348964,-0.688012778983403,1.6713926931613623,-0.6092423337956626,-0.09610366118076041,,
16.110619999999983,132.97072974243991,-8.538835422507752,145.1471324293652,-1.1790697645592323,1.4009570130450368,0.04298994314432377,1.6604917390932996,-0.5340645722085666,-0.20762108005308322,,
16.120299999999986,125.08560678184703,-11.20491538506955,145.91894173266667,-1.2245958597749433,0.9851890478803849,0.4138253747618395,1.5718185251306684,-0.44533110232489165,-0.12104507708235362,,
16.129807999999997,117.22630853011792,-12.958842432409332,147.6820215811607,-0.4588781854596944,1.3816551824950378,0.5830817591034091,1.4675784814358233,-0.5529497216519587,0.017330397131019738,,
16.139312999999987,107.66579370470613,-12.954210045921853,150.42244651536063,-0.02926694076247033,2.08097265624036,0.7717135750778816,1.5879331402501842,-0.9630735711430303,0.11108733804564837,,
16.148832999999996,96.14976408532476,-11.057145388951378,154.04247075857063,0.03459781526410793,3.3658325157652462,1.1593923526363297,1.8088517727731037,-1.387603206047854,0.23383018820242663,,
16.158337999999986,82.9533927652488,-7.622119456678732,157.53168950773085,0.18227608050440136,5.050714835401737,2.731174495342852,2.088353260397126,-1.6942492474625224,0.25595639380398916,,
16.167846999999995,67.18921655134125,-3.6962311794851566,159.15818323191175,-0.888517321050503,5.109635577692241,4.453114193478441,2.6244439192150617,-1.8830162841027174,0.0005024731835184399,,
16.177352999999982,49.853595112431115,-0.9064243873308709,158.44782494720724,-2.7170714627093533,4.464672548920194,5.47002042842443,3.0283114822614903,-1.765550051050882,-0.2921022568814429,,
16.186869,31.837304704449256,0.15497707896690924,156.70276399135133,-3.8948845561233347,2.962326875319586,6.642268573979111,3.2507850870021664,-1.5622729271981377,-0.380318691783881,,
16.196376999999984,13.335633211476196,-0.44830622283869875,154.4946313707016,-3.6541784401977897,0.42890971838366637,5.264505808776457,3.4213240850897795,-1.4100279384025476,-0.455205190577035,,
16.205896999999993,-4.056308239893554,-2.568882031914168,151.8095869777292,-2.3011898145629957,-1.4092894849358961,3.560347928178452,3.296052848012645,-1.1832974727324637,-0.6291216782945336,,
16.215403999999978,-19.251881996139804,-5.275850733614608,148.57555656184778,-0.5892915886229896,-2.789389844564952,1.313609015667389,2.9030971074497693,-1.0279294467306475,-0.8523615783901238,,
16.22473499999998,-32.18021399984081,-8.176833101940849,144.67869764305243,1.2596316024043068,-3.4074049138785263,-1.1662154420838102,2.4678656551437474,-0.9181449489996307,-1.0775823903552697,,
16.234244999999987,-43.39380582610081,-11.371180279169101,141.06042864515243,1.7321655592933165,-4.1797632834120675,-1.9946458127021376,2.1526281017361675,-0.8152638621289237,-1.098177621424392,,
16.243747999999982,-53.89380468397196,-10.964935103337417,139.50814761203063,-0.06551873995886026,-4.437523769621575,-2.124793103035172,1.5377068848417,-1.3689111979204747,-0.710166798575929,,
16.253265,-67.16104091385748,-5.298509479129883,138.24122391822297,-2.9503231143968907,-6.062891861608015,-2.646869735542937,1.2405598658363421,-2.57068782120552,-0.6195281357003131,,
16.26276899999999,-83.02621671268813,1.1184119840595348,133.7255699622397,-2.8425577470279735,-5.255368413866167,-3.2009195674741737,1.3973658881338547,-3.11665230490445,-1.0031271065725789,,
16.27236499999998,-98.4854960744961,5.038444729739054,128.446755323501,-3.7136835625765032,-6.503993554225446,-6.291754997507445,1.4419680358118465,-2.835318081305576,-0.8728271977882673,,
16.281874999999985,-117.33492694389936,5.1004505513353955,124.36426436357559,-2.335519363739367,-4.775918983921289,-9.128938129009958,2.216545284577947,-3.0269353581855456,-0.4650954357047255,,
16.291379000000006,-137.32114271408852,1.7012954203213908,122.82792623350072,0.14875844450518663,-3.624993880261286,-6.759956033720455,2.775210131296387,-2.941180522940442,-0.14130000449676838,,
16.300882,-153.37066991516807,-1.5860440742064228,124.94293444459103,1.6032650912443225,-3.098244019850867,-7.747017837505543,2.3249932802030937,-2.3026206254552872,0.43348463518439134,,
16.310401999999982,-168.99703746466807,-3.2111689687019327,129.84478952269964,2.767998483159013,-0.8001467156487022,-5.949198984674059,2.1443027595803836,-2.2891853702614897,0.8518298252399483,,
16.319913999999983,175.9940884236315,-3.9068240150658236,135.23027681057758,2.117656734892079,-0.6841835786458675,-3.1150780239326568,2.117825834781748,-2.1204034605044644,0.8903458043570569,,
16.329432999999995,163.78333540022672,-3.6730159579119146,139.53677477796387,2.1771501386777508,0.27417659529136185,-3.4263697014555388,1.7511840125707807,-1.6911917420571945,0.6996618158304317,,
16.33893599999999,151.956607637837,-3.1940527051867913,141.99792718453278,1.5120314052933406,1.4247085745948285,-2.6113488640785505,1.7578019177508317,-1.5744704539914456,0.34894117139282727,,
16.34836999999999,140.17517906192694,-4.091468022827418,143.00841395697495,0.2186474054843599,1.3567033554900836,-1.4998625010396958,1.964201444460374,-1.2961842981919547,0.04913334467078982,,
16.357867,129.97086190693148,-6.5629570351125475,143.23726669441092,-0.1571279768502156,1.6605768286429348,-0.7438819237088566,1.9112450224188318,-0.8305914865163246,-0.14831497710042707,,
16.367570999999998,120.42040036969019,-9.793833452309006,143.48501448790628,-0.4691690162317225,1.8234661967001886,0.13050071471022529,1.8919822442180882,-0.6152649297123534,-0.22819666726082882,,
16.377083999999996,110.54955992091841,-13.03091564824189,144.9261324345198,-0.9239278287191718,1.3962209740868292,0.633289640485119,1.937801422370261,-0.6110741085467101,-0.11008330626900648,,
16.386582000000004,100.33835130047387,-15.090148617579523,148.03647608937328,-0.400435112787686,1.5474877842516908,0.9607465757445389,1.8691413697179715,-0.7535701493690422,0.11658455057397973,,
16.396089999999987,88.82451457714765,-14.687657030709932,152.037233440988,0.11467306979021788,2.521868681812215,1.7894056347707543,1.8794062641607723,-1.1822210163094062,0.19710146312551147,,
16.405613999999986,75.42381037540432,-11.504162427312659,155.88040748528485,-0.08513744987259889,3.3534770902577247,2.9020876485009466,2.060544932965454,-1.7157462297078283,0.14753257287664093,,
16.41511399999999,60.69999132176536,-6.4541116327621255,158.28036153242488,-0.7920729326975243,3.625089115730142,4.125350575161941,2.2840857375905634,-2.0566549298949233,0.006060722755253201,,
16.424621000000002,44.88757431583887,-1.544848800131486,158.22366162534126,-1.9631207301987177,3.29034323814616,5.718871296165919,2.5676227829777565,-2.0713439552251436,-0.24337902588468227,,
16.43413799999999,27.525833911725005,1.414169756907701,156.21942486735747,-3.5302918810478023,2.043912734209813,5.749728473360759,2.975127622288715,-1.8788985688312707,-0.41186788011116787,,
16.44365499999998,9.989421857352239,2.0780248049743566,153.86867034750983,-4.202643881480457,0.7646171617236648,5.254845966528559,3.1250525319606512,-1.5887061356394692,-0.3671814914987249,,
16.45315199999999,-6.748547757497091,1.061743750933638,152.13948348562752,-3.792346310128066,-1.0512856089995999,4.140252303044327,3.0764528525675994,-1.3275059067327446,-0.25585563915797616,,
16.462673999999993,-22.382036761819272,-0.7069321814235693,151.00317279101932,-2.470049757163187,-2.00668811889406,2.1034296231414964,2.9204925453707364,-1.1669735453751624,-0.21687973404463368,,
16.47200699999999,-36.03728972676653,-2.286035833444165,149.80366655247775,-0.9105511186186236,-2.51815607883306,0.3811880150934445,2.5324830038975366,-1.0627986879502433,-0.30785659251156733,,
16.481515,-47.75689726182298,-3.3423510481864316,147.80800713023064,0.6271498035278124,-2.5845349872069745,-1.1045915731156826,2.1148168649253125,-1.0208962865794728,-0.5083282863019281,,
16.491030999999992,-58.03096125744149,-4.386935551793049,145.20702765027085,1.0796172897556708,-3.187919943861708,-1.6624807885815347,1.827817925497889,-0.9469693435944063,-0.6509325405676306,,
16.50053699999998,-68.29376532992086,-5.419404131343724,142.05684659583684,0.25002889404531514,-3.2319037582890577,-1.88750995403435,1.7720403651842327,-1.037702760909461,-0.7957792823282337,,
16.510047999999983,-79.02309980493098,-6.012386590308786,138.0618687467728,-0.8514016040850361,-3.47127095379735,-2.1663044570895367,1.71607179491709,-1.2729533416298495,-1.0010584215953093,,
16.519569999999987,-90.79312968201832,-6.182212063383152,134.41970667236706,-2.444219078447088,-4.315566493798011,-3.4389680350060408,1.716148366717034,-1.589342195489841,-0.9653009340234834,,
16.529143000000005,-104.89806714548024,-5.797632097172373,131.97741992437548,-3.8125087640563793,-4.547330572749662,-5.527638882571888,1.8650755117596667,-2.094853300357088,-0.7687076222710519,,
16.538656000000003,-121.01921934981816,-5.04562286575488,130.21166542610453,-3.3536434685696377,-4.188970813454738,-7.501632520909903,2.006918835837187,-2.507606227922625,-0.7497918769128318,,
16.548157000000003,-137.9100278386975,-4.168162507529481,127.99014771367978,-1.3759537384672444,-3.8549120926186466,-8.823456783707275,1.9836707795344908,-2.7246839633080246,-0.7015713382028822,,
16.557676999999984,-154.14166323413073,-2.947894186241466,126.36329873545726,0.46020749145390477,-2.98916264468366,-8.292923567769968,1.75704051984618,-2.7309014664834246,-0.5154794896966133,,
16.56717899999998,-168.12376134439697,-2.492437529223268,125.07766078898594,2.0892157980626953,-2.0253296447495437,-5.839193691334389,1.5474307351698084,-2.3237349663613536,-0.3814108595181758,,
16.576703999999978,-179.5152274119057,-3.5462665349414357,124.88469606122149,3.1101581937691285,-1.8121079606005324,-4.169214873523597,1.465547421122122,-1.7466935817860736,-0.15301007028731073,,
16.586129999999997,171.07827132538822,-5.070970280746549,126.65066827832136,3.37760247308177,-1.4781571605187125,-2.8714499873361645,1.3318087043037659,-1.347741878154553,0.2152153341499998,,
16.595630999999997,162.85617752477768,-6.33478951619166,130.56289035958505,2.842419569554045,-0.632920208112677,-2.1861768687291874,1.2064006527556164,-1.1255478653106958,0.6207301113438062,,
16.605144999999993,155.32670675898822,-7.196547885775832,136.24120132169307,1.7114556839877526,0.08125699891824718,-1.3786350598594281,1.141043898268427,-0.9738027734078972,0.9585568674533095,,
16.61467399999998,148.4348711680152,-7.137296108080235,142.3472961717465,0.594035604119803,0.7338109889209781,-0.7866260885665435,1.0178104581699796,-0.907610925813815,1.048383120658767,,
16.624352999999985,141.68703054531082,-6.106003783146161,147.42696767573958,-0.9844081565672479,0.896815329757234,-0.14698076113352224,0.9672833224050003,-0.9471185745452896,0.8579816069580392,,
16.633678000000003,135.4272287137772,-5.2340629272014185,150.9401631486823,-2.213934458675431,0.6110665063553563,0.25294128258786114,0.9702617040455319,-0.7954207136165509,0.5754297187116434,,
16.64319499999999,129.71506622027871,-5.355326702782145,152.95129539406196,-2.241511419574429,0.931942490805867,0.38481254170016793,1.005174370134463,-0.5207608383774522,0.29227131421850866,,
16.652703000000002,123.0417901375602,-6.475451609096742,153.8975241072499,-2.01122925044229,1.5488832480500463,0.35665184327268445,1.2777636821512035,-0.40027005057056925,0.04592462197846662,,
16.662204000000003,114.74271782762973,-8.352527923540359,154.90238936737708,-1.695334913683793,2.490881009090338,0.39833897346613045,1.6372702086912576,-0.37879136370726413,-0.02036062182019512,,
16.671718,104.29754087494477,-10.283637285026835,157.07268710630493,-1.0584321266874273,4.291044730325381,1.0653687773336527,2.0315345305890236,-0.49152999422317256,0.086651417565879,,
16.68141,90.38878120966463,-10.93832981563319,160.37075636078686,-0.8568974072078256,5.920017953427354,2.8381876234775185,2.5879163389714934,-0.8737583157015343,0.1348965619051904,,
16.690924999999993,73.21696328472613,-9.302468731662536,163.32811310585623,-1.5966183630114121,5.981471423096155,4.812304088647864,3.106104027741123,-1.3624127592377107,-0.027174979747949097,,
16.70043799999999,54.50406584826394,-5.71256214559992,163.9638301468144,-2.2915659197586726,4.75162796149329,7.0422546784215445,3.357334213313259,-1.725346352708878,-0.37470284002435394,,
16.709945000000005,34.21928276780687,-2.10713287317053,160.6888163899132,-2.6549557629021248,1.5780105459698186,7.334447707723942,3.640893600722194,-1.903316581460126,-0.9358120190969355,,
16.719452999999987,13.599822956659779,-1.2028973469436586,153.72959862098818,-2.226919487654846,-0.775045112912154,4.978027105684672,3.736030213777297,-1.753492612603818,-1.5048993007128315,,
16.728970000000004,-4.410566242648842,-3.8534378280809087,145.48328553500608,-1.1085663120325353,-2.0476468725630075,2.8757713841446337,3.378260761399652,-1.3570438036829182,-1.8000316477556768,,
16.73830099999998,-18.80967850852622,-8.962895037149318,138.12922481960098,0.6065321662623799,-2.7373841756424175,-0.03679450212436064,2.8875256495953807,-0.9598391677811592,-1.785914041045553,,
16.747810999999984,-30.43666059984906,-14.95948169841633,132.97715520239854,1.9179889504523604,-3.4836480357824753,-1.4928667349495008,2.4707564042243364,-0.729138374242895,-1.5070993384737608,,
16.757311999999985,-41.73104149673624,-18.095699264949943,131.49417902323108,1.8763434413295008,-3.871451508305829,-2.441881859349354,1.926399933392648,-1.1732158521263603,-0.9340170916953596,,
16.766822999999988,-53.07973355416216,-11.153939570821098,134.09627560313606,-1.9561844707859977,-5.915146906445895,-3.004460948534964,0.4819894776719616,-2.543919789346776,-0.04846115027213934,,
16.776335999999986,-67.45947512335182,4.233541364910512,134.79926304547672,-5.153536726800721,-7.0050636308413745,-5.277417530806314,-0.16804732780277437,-4.192406555599405,-0.027416935480782657,,
16.785853000000003,-85.6581635550773,18.06053427768823,126.88620278714636,-2.4473771417963843,-5.191339871599726,-3.9324732937735303,0.265955216829446,-4.495447717657909,-0.8496276810112082,,
16.795434999999998,-102.30726163611702,22.929994131098198,115.8648663181073,-3.224216174442249,-8.004621468872898,-6.7779171187863145,0.7972560998047094,-3.1596160305648437,-1.015848818344693,,
16.804946,-123.17317721855784,17.217082362892896,109.49192119009595,-0.8525387506413978,-4.509677725396087,-11.062542674757717,2.560103375799516,-3.167460775715973,0.11398449807432644,,
16.814457000000004,-144.4219583015266,5.35044873527282,111.01999547532725,2.3455892110732344,-2.4173547798120456,-5.494860836075008,3.6472819427129566,-3.0981427651356515,1.112255930982951,,
16.823971999999998,-160.92332315889885,-2.2331394255787895,121.42072286902948,3.0288249330541372,-1.3732946646825448,-8.360159541681773,2.8078921504743204,-2.2994179074909074,2.148879068844744,,
16.833478999999983,-179.6040014707821,-3.4617011662408754,135.239778662134,4.521247892569342,1.7340996327508131,-5.913806091219533,2.501121173763768,-2.7883066618159833,2.5619369315725757,,
16.842919999999992,161.5554600048876,0.7389255266288753,146.67260413806304,1.438207444745366,-0.9625310365034335,-1.7893151877580247,2.396020368603057,-3.034318538062566,2.1789763732040415,,
16.85250099999999,148.16215927457415,6.883621739396116,151.39344964217173,1.8400058010762366,1.8040475189787957,-4.882836472457458,1.6572477483988457,-2.4339921364665513,1.089725311117958,,
16.861932999999993,132.53606270007137,9.504026721573553,150.04049622475435,1.4608894840293742,4.018255701485639,-3.09525464200621,2.4398800627044825,-1.970739913179566,0.11957412160546162,,
16.871443,114.75794311822274,5.898439392702907,146.3520218580122,-0.671181028637415,3.244484115107123,-1.3953470841101152,3.3693384399303,-1.2449838736801064,-0.33213200060352205,,
16.880960999999985,100.5856179633234,-2.8885050233719007,144.03009810298408,-0.30110738073848736,4.1421463720047065,0.5550212034612908,3.3207209047108166,-0.18524889451816848,-0.39645355848912534,,
16.89064399999998,86.95227681380082,-12.943131941715059,146.0701049030795,0.5365707997034657,3.9552588539432145,3.2877423824209515,3.3565718836412617,0.09268890589309918,0.019680517241926883,,
16.90014499999998,70.33838990182915,-19.78460281976852,153.0329337701258,0.41600651733891536,1.4005818669572767,3.379562727596516,3.4319626471613165,-0.442064962423482,0.4365865278531903,,
16.909662999999995,53.568884344659814,-20.210105069246683,161.14804991851392,1.2797474960393298,0.7429908933251622,3.79755169262827,2.9292054221073633,-1.1443616601456255,0.45739071576792284,,
16.919174999999996,37.833963407853226,-14.198062341238371,165.60877183114584,0.9343939044136106,0.2566110413049863,6.274585956079185,2.534829593274042,-1.9993124352597071,-0.05398181213747882,,
16.928675999999996,21.667609341172387,-5.033575210051889,164.12207605444058,-1.1252164016832806,-0.7891791948067953,5.237599274586031,2.6036311820175526,-2.5839667839889793,-0.8445988935945349,,
16.938197000000002,5.5073712693156365,1.8709528046067516,157.4328404490548,-3.341858047628052,-1.1373523833572874,5.365949330770515,2.6035733764031015,-2.3516621058329914,-1.4244935774921452,,
16.947711999999996,-11.717166086586111,3.596503549322417,149.18361809898101,-5.558668291413124,-1.318930034041602,4.063480182124517,2.926362688516892,-1.841673710285196,-1.4777597835291008,,
16.95703499999999,-28.575840505272378,1.0421913962247287,143.43493543335467,-5.594427689894347,0.3440850521758344,1.8336125999774897,3.091002818114891,-1.4354117463744047,-1.005247599342991,,
16.966555999999997,-42.13140116194612,-2.526941854984263,141.91147768565102,-4.905388395217024,0.49879717985728933,1.399029187946777,2.591886851114295,-1.0672290976843903,-0.334842964719405,,
16.97606399999998,-52.957833375397946,-4.46263277891647,143.47447245817185,-3.5446228597968292,-0.26292022770504486,0.4421310558941378,1.9567227087590482,-0.9918216477076027,0.18597617240496878,,
16.985557999999997,-61.90785633404301,-3.9190059335617793,145.6248669321653,-1.435018742065136,-0.7637102877745463,-0.6312275932872407,1.393393649963574,-1.1136450726316334,0.30639593242223023,,
16.995071999999993,-68.91150623614783,-1.7193323195183938,146.60237231593945,0.51705640802159,-1.2184040214361247,-1.546862257995131,0.9170494556050968,-1.1353186418068484,0.13505361084578615,,
17.00458499999999,-74.63329124331273,0.6989436592795607,145.78010743870334,1.7170033384636911,-1.947450918694951,-2.068589041734048,0.6816393678600364,-1.0292018332411195,-0.16552608333862662,,
17.014094999999998,-79.9390697919395,2.028358982248663,143.1385657544572,1.6292669047722668,-2.784511853713451,-2.376199555706647,0.7082817089899219,-0.8241265748826543,-0.4935195199059538,,
17.023614999999978,-85.85669375228886,1.5274005127276598,138.92140433615242,0.29645123910648175,-4.090342864720521,-2.940063011353664,0.9826743155612446,-0.6580714951424937,-0.796429695530118,,
17.033118,-93.97436580240736,-0.9283353058085662,134.48372392139083,-1.5300079246061862,-5.122961150652664,-4.008790825664013,1.518608434095801,-0.7500110904000108,-0.8669711249341787,,
17.042708000000005,-104.88834278151225,-4.487539610590138,131.51297058184446,-2.7186397096293873,-4.918670527930567,-5.052929178798632,2.0066095427170145,-1.1066632866379762,-0.6836694005126479,,
17.052217999999982,-117.5362696988973,-7.710510235323287,130.56232306696506,-2.8093447490249512,-3.9056852037785506,-5.835531948173749,2.134701703937389,-1.47424125375477,-0.44574063518992263,,
17.061733000000004,-130.99055668318582,-9.234915609304798,131.33828977403027,-2.393442665374218,-2.9281934807522907,-6.62151705669936,1.9701487884438103,-1.8119291639563846,-0.2297022879772665,,
17.071234000000004,-144.44567861664987,-8.65801847352693,132.721852916146,-1.172645419244885,-1.7902834268300265,-5.62349350469814,1.6885195312202985,-2.0539764917666417,-0.1317420448624396,,
17.080748999999997,-155.9798388945008,-7.082500714516936,133.48651321559387,0.1282697453883221,-1.1062209387657043,-4.700094790656555,1.324165200954378,-1.886545181391803,-0.15374240501150857,,
17.090265999999986,-166.17767361988382,-5.675037784445331,133.79624993106577,1.5547958379367752,-0.7840640147113356,-4.433365927688821,1.1861989481253312,-1.664751102028816,-0.15676993971992698,,
17.09976899999998,-176.04863298359268,-4.7097845009945445,134.52965992681487,2.3320260564581914,-0.8630500808960045,-2.8636812304110855,1.221147521564029,-1.549320249296821,-0.02597971888074624,,
17.109197999999992,175.28391236740086,-4.412375251413253,136.29271715569018,2.376729518215493,-0.7350110392239989,-2.018849004409449,1.177876676659858,-1.2606220149420726,0.21903443748039872,,
17.118719999999996,167.75441730760133,-4.838666852130347,139.3618563458744,2.2164673936887,-0.22641433044130596,-1.5443859124939803,1.158434012152737,-0.9505494045426895,0.4952731964250183,,
17.12822799999998,160.50952823702102,-5.298158408112263,143.45447220650038,1.2528966622193805,0.0639972957145256,-0.759302552794693,1.1744515545158603,-0.8354260904616165,0.6919489709104862,,
17.137925999999993,154.0183628792762,-5.335716504816627,147.78298933915198,-0.12942764816941724,0.3288373886556049,-0.1766596245009775,1.0603805774231765,-0.7314190863282434,0.74570290221515,,
17.14743199999998,148.3347250938487,-5.179268515642935,151.7227793118874,-1.2290772057413322,0.7484109105157442,0.12947134969231355,0.9516912244893815,-0.6053791105615475,0.6830974333584396,,
17.15694099999999,142.7000088731736,-5.09876585126841,154.98477350308423,-2.084533883787967,0.5106688330667238,0.5905781120453177,0.986009258947699,-0.5262395734071571,0.5495546303569434,,
17.166447000000005,137.13664648587982,-5.076170459638473,157.49727034359066,-2.363746575644748,0.4844906095225977,0.7048873389883464,1.0029166675899888,-0.459195289957493,0.4007696167362536,,
17.17595799999998,131.08646322261663,-4.86575605973863,159.45432208372543,-2.2337281136635947,1.0050327890385096,0.5280587112040116,1.0968017221612363,-0.4898705656837107,0.2821858493996732,,
17.185281000000003,123.40702704532764,-4.226041010610352,161.25146645955758,-1.8464054036966764,1.68619618431981,0.35631225251906795,1.3905322916403366,-0.6433268517127959,0.23158194118654388,,
17.194794,113.49541776709201,-2.8628851483748035,163.02405815049056,-1.3347064674991447,2.825447450732595,0.3681500349430382,1.7924385232170896,-0.8733470917785637,0.2236293729934696,,
17.204317000000003,100.85513732259538,-0.6588197052396777,164.49233364407104,-1.0605297343018738,3.877709830840087,1.0220269056121503,2.2975519489625835,-1.1346077355971258,0.2052293632715185,,
17.214000999999996,85.5189304520569,2.0396326828976794,164.80632750473504,-1.1584508849261776,4.26580176948881,2.15308309181572,2.81185457852788,-1.3332812963027747,0.08790446338697905,,
17.223506999999984,68.03802315692586,4.1476841259459265,163.01025503320253,-1.5882884632988945,4.110466819882162,3.461676052186387,3.236443220303809,-1.3701113434736487,-0.18041715288284083,,
17.233024999999998,49.25989514698856,4.338136900126058,159.40271615161916,-2.029758689912466,2.8261382673754087,4.118014695717406,3.5333474065493498,-1.2386812998419514,-0.44979433388354684,,
17.25204499999998,12.93717709758846,-1.1312323808736766,151.53036323213962,-0.39680007113321764,-1.2215485929067178,2.655003631541479,3.466539958193297,-0.94536438143364,-0.7232251953338117,,
17.261370999999997,-3.167460622694504,-5.362787408403822,148.12191517033222,1.1612785904480212,-3.305543088120525,0.9293248172366798,3.207531932832368,-0.8778485808040374,-0.8641918797860166,,
17.270875999999987,-18.596297736135416,-10.052015382841255,145.10166141816424,2.544807863738131,-5.633704694081611,-0.4651681159308556,3.0725343520250252,-0.8924788205929716,-1.0153930716783017,,
17.280387999999988,-35.34783449943886,-14.264781716664265,143.8246530322663,1.6203293688606242,-6.878020142330501,-2.5886370571873183,3.158188884921428,-1.2117607943807083,-0.9566833409960808,,
17.28990399999998,-53.30803519648739,-11.846508547604893,145.8472798530329,-0.17660890219849298,-8.224817570176931,-2.835675910409249,2.5886526651033694,-2.398032953301858,-0.4036858245003332,,
17.299419999999998,-73.39766472571378,-2.923984797710038,146.55374608611197,-4.221662167812609,-7.816076379250933,-4.935503734697388,2.3337820818056727,-3.680293179185752,-0.3684228375803906,,
17.308999,-94.72002319672879,5.65476945329966,140.77340464105774,-4.638662686932089,-5.405056444993362,-5.450598096892213,2.4327831671616758,-3.8920757148482337,-1.029268260020115,,
17.31850399999999,-113.67398690813408,8.878556422202847,133.22015831348156,-3.121214302130222,-4.398191270536912,-8.38330423593486,2.312182882805562,-3.030047618254915,-1.007241532929085,,
17.328018999999983,-134.28343673573477,5.336159521997661,129.07169045858333,-0.6774817420926813,-0.4352358209403858,-10.624660333840417,3.214858733084811,-2.6187111993905616,-0.30008778382610485,,
17.337538999999992,-155.89343262315072,-2.4986486807880866,131.29508600398964,2.3844142407424593,1.1931446135522554,-4.987889259368343,3.9675541341392973,-2.307651336684415,0.5558276747425994,,
17.347043999999983,-175.69614728746868,-6.8627082966696165,141.1993634755367,3.768744642864834,1.450268125815205,-5.205881012968629,3.444951423670762,-2.1147903308088383,1.645443239584108,,
17.356475999999986,164.99218868984192,-4.122216271685227,154.0076771638524,3.623846179873687,3.3369071081808372,-3.606451598198934,2.9521528964269836,-2.5327496730899406,2.172253275134,,
17.365989999999982,147.0374547039025,3.60220392765238,163.6484934589852,1.8309957172663343,1.1306052354884744,-1.4055020780436303,2.792527474705079,-2.7444060236334824,1.9080461132638018,,
17.375569999999982,131.9198356388568,11.844977105178943,166.75486318034186,0.9093735878156523,2.5031350198061952,-2.9211439935796415,2.4766582388870497,-2.3627170925372996,1.0125366772325413,,
17.385007,115.2126212286958,15.424570758696069,164.17675175586422,-0.33641060185147387,4.588548170814629,-1.9341799538232565,2.9614814284738387,-1.5123197114387825,0.2668989015384247,,
17.39452,96.06441830180465,11.974214877302053,160.43553894011282,-1.9500802314690338,4.98480916671822,-0.2565413767023255,3.7499661870393717,-0.4845530358902674,0.15437962458347418,,
17.404023999999993,78.56191242821701,3.255361895620938,160.43931798403034,-2.7284574915604947,5.513355494106382,2.3076658192223727,3.849506306745481,0.4672380083467224,0.453476734158813,,
17.413719999999984,61.71640570645726,-5.534942491827982,166.1583867068085,-2.295573874428676,4.8998794426644885,6.464815104549481,3.7291928949346373,0.706292004029907,1.0560055287112868,,
17.423232999999982,42.575582050098156,-9.067438546886667,175.52030461154547,-1.8095739483907214,1.2996020499917933,6.985797678888381,3.8591130298062812,0.09172995059563764,1.3594537802680144,,
17.432739999999995,23.82296140700443,-5.767186024053042,-177.20668669240519,-1.0662173066658125,-0.7669590378013212,6.471832648397343,3.7067006062948393,-0.7021750348140936,0.9497230751739957,,
17.442247999999978,6.450786147175135,1.1418543822617262,-176.71331490274466,-1.1104328649776476,-3.150055417563647,6.255646224358411,3.538410701049271,-1.1764166834042635,-0.04901823696630505,,
17.451763,-12.096265082945571,6.3955204825409675,176.36419018622084,-1.896105817571132,-4.877886485567075,3.8325521863663887,3.699561146544478,-1.0422288845723817,-1.132199430426985,,
17.461090999999982,-31.16167053858164,5.5723473541010415,165.60643641382993,-2.576063381823867,-4.4493949765024015,1.1419134049549513,3.7752125490048862,-0.4206991647786675,-1.7355082130008617,,
17.470607,-47.741639816109085,-1.2456003743960988,156.37849101171034,-2.775851489335283,-2.977246147778199,-0.5369098196808274,3.5816155125341265,0.2135807546914752,-1.702308020966633,,
17.48011699999998,-61.29998560985456,-10.380642088970696,151.24936359934117,-2.018808488932849,-0.8545875167189183,-1.0068141889708597,3.2312372350851186,0.45185918551155513,-1.287052190548374,,
17.489621999999997,-72.42287333051856,-17.959570987625472,149.84506713231195,-1.4105094119155575,-0.6188774589415759,-0.5797269315568226,2.6267840470871784,0.263588720448894,-0.8150257447835545,,
17.499145,-82.89785231796266,-21.58293125995761,150.28199183895367,-0.9822722703207313,-1.26366043330478,-0.8181002026155471,2.0727408106812026,-0.35138162194303524,-0.6103941628908011,,
17.508647999999994,-93.65994799377052,-20.74012562505887,150.56124848982276,-0.9123224027433883,-2.143941780360104,-1.7341777972377075,1.6648175911657288,-1.1332847522071208,-0.7092343310030899,,
17.518230999999986,-104.8003344002962,-16.487424230934554,149.08067487661629,-1.4660766614779779,-3.4917457441170656,-3.7872401603131687,1.3998716012528103,-1.7935584938462417,-0.9942554516094565,,
17.527740999999992,-116.85478088238838,-11.025391000375357,145.63340849822922,-2.03652589238489,-4.637598496063131,-6.731717824302894,1.3936573548550049,-2.175369218007602,-1.3488652317231715,,
17.537256999999983,-130.24215891700555,-6.613130210227874,140.2532968365221,-1.1366323972872592,-4.088875174496938,-8.276442239385549,1.590267734602594,-2.291696786885353,-1.5775475508925365,,
17.546755999999988,-143.75830859996267,-4.75945660100946,134.36132621334016,0.20973561869942148,-3.1533313566575667,-8.811633489921926,1.7321044413010662,-2.0907062172538358,-1.5415344026093087,,
17.556277999999992,-156.42452792846308,-5.650548515766941,129.59061692412325,1.5178376832025757,-2.2311437903199027,-7.7766152616150945,1.8122276386096583,-1.7602027750724003,-1.1716414863081284,,
17.565787,-167.31400898014206,-7.881413491383697,128.34919230696357,2.3889375672303768,-1.4625539055447998,-5.456203558746956,1.69712134373009,-1.4050244023181102,-0.4964039145189483,,
17.584810000000004,175.24479836646142,-10.746376685418346,136.8189239785573,1.8564558744800925,-0.07266934941088204,-2.3453026236791543,1.233571934657427,-1.043193229044398,0.8647365009199717,,
17.594232000000005,168.41134553555116,-10.006294243602948,144.14587140206544,1.1057270283400098,0.31662908983426036,-1.5651167785819868,0.9344149089230854,-0.9752539569833645,1.1810705779568245,,
17.60374299999998,162.85458239609258,-8.116778788101803,151.0250397786721,0.13357398468222498,0.421239698177435,-1.1811648445829488,0.7153985691572073,-0.9147168941348511,1.1653944286002256,,
17.613263999999987,158.59127685211746,-6.2780061609361875,156.07861447529885,-0.7058996206491365,0.18704584553473874,-0.9389737868447118,0.5842464469169268,-0.7148303523701534,0.8881787259733642,,
17.622782,155.55354375226182,-5.3779423535791,158.76057550251005,-1.115766014214376,0.13756598427633587,-0.762556843618628,0.4795926823436321,-0.40699224638419634,0.44520836640065553,,
17.63228699999999,153.34431914943684,-5.765867612804571,159.17875491623775,-1.3296411704881086,0.10027099008409261,-0.28606563003666524,0.42853641381693686,-0.09347522336422459,-0.011478481362726115,,
17.641976999999997,151.96711219375075,-7.375602061796763,158.15525665439918,-1.240838430468264,0.12777325897115144,0.24792230801789306,0.3611902726830218,0.19292744980572643,-0.3070309915953526,,
17.651482999999985,151.10978785079024,-9.564351815144,156.44257334248482,-1.0765702191750226,0.1811213670652656,0.6640995597812042,0.31489296581664517,0.33032621480711194,-0.36782711011017005,,
17.660983999999985,150.04801746478844,-11.590782337628811,155.61673500615578,-1.0046864455970017,0.1225360778968197,1.0147854217588383,0.3447737310221912,0.27757769513613995,-0.20402295190728212,,
17.670502999999997,148.0289277295074,-12.797343238925619,156.79107389246172,-1.1974402157166373,0.2736004652810265,1.2986433010472154,0.44809761550760235,0.053178485077435424,0.1497424487046979,,
17.680025,144.14681492356226,-12.65090580551175,160.43691114275057,-1.7074245054975303,0.9339742977458324,1.3427105448202763,0.6848492191220229,-0.3126956918243057,0.5577133503038414,,
17.689524000000006,137.22137469139975,-10.806739212629905,165.87917668437626,-2.6321086182141746,1.5245643754312883,1.3460986625776818,1.1830657139701206,-0.7559381203844976,0.8039807985630443,,
17.698849999999993,127.2833009850057,-7.180419472935445,171.1775326101383,-3.7035079623619036,1.4472117464302312,1.2514172106655603,1.7737855520934493,-1.1103802469589032,0.7419848272594142,,
17.70836299999999,115.33322754260496,-2.477544816909047,173.80619952574546,-4.488166569931813,2.0315281829796494,0.799906179410312,2.2339061635026227,-1.2503376126708423,0.31518715446820117,,
17.71786799999998,101.25694159532694,1.3568533308481594,172.15703251990797,-4.621469523036169,3.4508660971131064,0.8484978266075733,2.697085290831127,-1.108835153667932,-0.36588885114875636,,
17.727390999999983,85.34889491555292,2.138161564727748,166.63488920172708,-3.78147391311525,4.097987365429393,0.8126866787670421,3.094669149097926,-0.7415379356580234,-1.0129330519958448,,
17.737067999999994,70.2573796987572,-1.0874375756329633,159.71177105599764,-1.4097413049416194,4.82158248540024,2.2165214707622725,3.0733915485352816,-0.2589987603272122,-1.3619072958703131,,
17.74658199999999,56.10639394161317,-6.8098283077891955,153.7717781869764,1.1950237494007026,2.8555403036096,3.0882660553141097,3.04358765715924,-0.06419656158751676,-1.3885172657914675,,
17.75591,43.29914037037447,-12.58247001104821,149.50857857680387,2.8397591867112593,-1.1540010565842735,0.44501608813634325,2.7678637420917376,-0.18005400835376947,-1.2909713226979314,,
17.76542599999999,33.64222432048165,-17.348113466245813,145.53203295591047,3.9857653706720306,-4.8240731663852054,-3.0720267810682738,2.0841942450174176,-0.18996417472218532,-1.3012887385434038,,
17.774935999999997,27.75003518782055,-20.50298307632445,140.48193427226315,3.491450797655177,-7.459105150063697,-3.9019066717939346,1.2692392519410023,-0.15589538781658568,-1.3994614155863192,,
17.78452999999999,22.39781634743865,-21.926294225210558,136.57992116505545,1.9271456796779032,-6.37355698842345,-6.895823619439414,0.9363199666539141,-0.4359493419232037,-1.174325121168066,,
17.79405,17.02595053915582,-22.106126785201315,136.2349621999858,1.2792273283029494,-5.3621287140130525,-4.707284220159332,0.7466246993659628,-0.6486975025841595,-0.47728053825631217,,
17.803544999999986,9.332518190173746,-19.238502856843226,138.21804546859053,1.2795205483545649,-3.368979202827365,-6.2006733180327105,0.6689917343925211,-1.386457090756836,-0.1517323715526395,,
17.81296999999998,2.9574694070483973,-16.404004750509777,139.31611737099084,1.2543199231353916,-3.393021328599212,-2.4899229246445507,0.5412201576213577,-1.2140866520230165,-0.17470987495869011,,
17.822490999999985,-6.172387021511003,-14.39220042782823,139.58629183013224,-0.2657393455030655,-2.647109621710367,-1.081123712423275,1.0797377541361612,-1.4376992155162638,-0.43360174899740217,,
17.832069999999987,-17.890242892676824,-12.52559648503633,140.12325817477185,-0.5149102338893581,0.07399690490870646,-1.5859035725575137,1.5066351559017828,-1.742252165081949,-0.43900976708624634,,
17.841497000000004,-27.728651908643208,-11.050922057982483,142.24881698591267,-1.2511468042919458,-0.15667019361845566,-0.5727161848089314,1.3202782561330615,-1.4246624875719567,0.02389456210068194,,
17.85101499999999,-37.52798908104099,-10.028793860925678,146.20037771738862,-2.5271067019556557,-0.9600628119390681,-0.23731342984109988,1.4472610233922145,-1.2801569420326206,0.43407778666555114,,
17.860522000000003,-48.18087913256395,-8.060699058249005,150.40499821855278,-2.1556036464156767,-0.5759578649716377,-0.48624398676835967,1.5863531203268826,-1.4286150667931037,0.5096687868666031,,
17.87003999999999,-56.86486357152546,-5.247270438949327,153.79676286420008,-1.2827804686776332,-1.3040685733251085,-0.9392637920777008,1.2626393226163588,-1.2932485726685912,0.4831228719569084,,
17.879548,-64.56995940791637,-2.883277133666837,156.4274825977538,-0.9646640087844617,-2.219214416931274,-1.462886343899972,1.195283485344596,-1.0653776611393178,0.4244904074795463,,
17.889138000000003,-71.953523283353,-1.3610435720439753,157.69649178785812,-0.44887016962052395,-0.36028429868879625,-1.342114991031749,1.2392072914821497,-0.8460018257084603,0.20795555109531522,,
17.898577999999986,-76.28423506118297,-0.4967060797060753,157.52367079421063,-0.7196902985126916,0.9236279857515309,-1.0419121838411938,0.7326548164113718,-0.480683034320274,-0.03914400290968449,,
17.908086999999995,-77.35894986688783,0.009893109825885343,157.02833805529917,-2.001163941245098,1.1459796568445835,-0.8853308121605333,0.15614898486086332,-0.16729038491628268,-0.09050483716895018,,
17.91759399999998,-75.95316273970288,0.8493191898032504,156.47218887546944,-3.5366462451859078,1.5251958184398406,-0.11069087282755406,-0.3280272349851891,-0.0336280237604862,-0.10415342576431559,,
17.927093999999983,-70.80602723494046,2.810784743520834,155.79294586482715,-4.053978192637886,1.7210938884294025,0.38956371990848176,-1.1036861531131734,0.06846519014730415,-0.16045657637397584,,
17.936622999999997,-61.07492345639156,5.803074768278797,156.2498883006784,-3.974761148712694,0.9915003585946129,0.2118885167410747,-2.020931506534733,0.25544628015619214,-0.04866287104289304,,
17.946123,-47.220537251232116,8.563277729535201,158.67303129986837,-3.7796495074415764,-1.3613763392252984,0.745442005143497,-2.755477314471423,0.5601081272785317,0.13937341073905557,,
17.955809999999985,-31.684481898354868,9.036339092011925,162.48867978314365,-3.1399708018966628,-2.8209892034434647,2.461971269631819,-2.9330625814640006,0.9467107347530204,0.2838239135907473,,
17.965330999999992,-16.841095250242244,6.3231904379168675,165.33287201029503,-1.7971860846170795,-1.842795646715267,2.6830931653863894,-2.683460112868392,1.348490236850319,0.16654560314326608,,
17.97483699999998,-1.9846315371177747,1.3991915623005713,164.8855316091684,-1.3602920122929527,-1.4366916043864935,2.583899135924775,-2.6204502247528403,1.7227876496922883,-0.29429765787111845,,
17.984354999999994,12.61598379212579,-3.615126575376336,160.26899273615388,-1.3361086917905107,-0.630424126219049,2.8636216139279926,-2.4945621491219176,1.8399642973972228,-0.8691318023574762,,
17.993852000000004,26.777399078387315,-6.652578217262025,152.55725478439834,-1.3079552820701918,0.5584922734756258,1.4494775965233777,-2.350771899269908,1.6956579796273878,-1.2907720796467392,,
18.003326999999985,42.202224924190205,-7.186196362022953,144.06447480080786,-0.9986213571120556,0.9521641614137298,0.8141163852563199,-2.557941480006156,1.7102092601983296,-1.3284204238191402,,
18.012824999999992,58.91148531579466,-6.069751987459987,136.77453191895003,0.7485103884712738,1.2558178220872478,0.6421278152609993,-2.70835399926798,1.9532443301296667,-1.0744158460629427,,
18.02220299999999,77.17307126754838,-4.848746101233304,131.4931785866143,2.9435240860060055,0.01777372471247444,-0.8858433927147532,-2.7157117906474975,2.447773488434816,-0.7118617644735066,,
18.031710000000004,98.24920654546796,-3.468670032752684,127.91400310459757,6.928711201652514,-2.4180205645256287,-2.863526795348739,-2.9085283327529776,3.065172826612576,-0.4121948030292085,,
18.04129599999999,117.90951353516326,1.2248669667182845,129.16292733901906,9.021748364469794,-2.9894063714226746,-6.880869394367064,-3.1921590239024824,2.498372954127076,0.3171103574931102,,
18.05080799999999,132.25728106082877,12.063296110619143,144.65306725935366,0.4811573451675896,-3.1859372789203584,-7.82995308989164,-3.580917607999293,0.3706479732207518,2.7372537131335863,,
18.060315000000003,155.31736763946614,12.41778875408994,164.7857165332685,-2.6769518611037335,1.5738820243902452,-4.922520962217593,-4.129769801497536,1.8583034739604856,2.9984553089785573,,
18.06983299999999,165.06338353457915,1.0320725857972255,173.68501063399327,-5.757339827067759,1.0757712763972904,-7.440644618555631,-1.4910875993304864,2.587461606871811,1.544799558382359,,
18.079273999999998,170.23215827286694,-12.648418206193922,167.00750822566405,-4.687884081528477,-4.321634949252463,2.157820976269633,-0.566778966218764,2.8628219080030104,-1.2201145221983811,,
18.088775999999996,-165.9185223770556,-17.752130605307247,148.59195973778344,1.8903895558587327,4.773980090832122,-0.3703679527213088,-3.9005138168288616,2.671596015376082,-2.3732447310539255,,
18.09836899999999,-143.03123699221047,-7.86518367520611,131.40382858101435,-1.7795124265438707,3.4748216286190705,-9.434417319130079,-4.697068670676245,1.3816957016675429,-2.3605093586400225,,
18.107878999999997,-131.1772553359192,7.0462095749906215,122.75317298263236,0.4634374627631648,-1.2293125964458242,-3.177988150638158,-3.8189539714315455,0.11011873460225853,-1.6882022865187176,,
18.117385999999982,-116.76366691283579,20.695483762185088,126.29203728277098,0.366108471455078,-1.236917707542621,-3.7728635301448192,-3.837077211219345,0.7811953174205002,0.017295673598447275,,
18.126824,-99.87312189616456,24.964075129770627,137.4555078637326,-3.0753823033322636,-6.375801467903975,-5.0620655218944055,-2.7177451122774445,1.7642441240039313,0.9157452724769143,,
18.136335000000003,-87.03750358511364,18.021522707221358,146.9154573017795,-0.6625081056841347,-2.4768323009862248,-1.6088517429215712,-1.0463690590503918,2.570501981102786,0.9507714620126275,,
18.145837999999998,-71.63587267159585,4.911993820486552,151.5651361997301,-3.725317681126602,-3.006506521755984,-1.5331588012827555,-1.2706212386227684,3.8013827496080177,0.315241523978874,,
18.15536399999999,-53.981242022957744,-7.190546031365771,148.63913904326947,-5.9120716381166005,-5.112778670929165,2.3236119125204566,-1.8707272876708574,3.8612285161794513,-0.5020280686187462,,
18.165043999999995,-36.97883748860543,-11.47077352469725,139.62797640298672,-3.4517258876760173,-2.0535956464850704,6.529184671980366,-2.2221542379165795,2.6718717608003533,-1.2346103182985568,,
18.174552000000006,-19.770685509794813,-6.36374198740264,132.45899942621864,-1.8198504282751602,0.39502504230231616,7.081416444669532,-3.1515817064980034,1.64613448652722,-0.889974413442103,,
18.184057999999993,-3.2533551318523934,2.712464097417176,133.35656785204338,-2.6470238142722415,2.0896112409226912,6.81834839244789,-3.5708078731910855,1.2073057545503254,0.27874335936271166,,
18.19356099999999,12.142476804363376,9.481476602418116,142.5194940204486,-3.4939795269539426,3.812367434306108,4.653346865643343,-3.17988771832164,1.0660375135573434,1.4855734257930773,,
18.202913999999993,28.520879142491257,9.191060625386884,155.72472985870087,-4.217991725264385,2.198754551182129,1.363500525141203,-2.752713592739708,1.7210137981118203,2.083615531631949,,
18.21260799999999,43.603450426605725,0.7699386485119971,165.6711026858893,-4.333325724061263,1.3110977867620839,2.7807856355225766,-2.29498391957646,2.585603401864667,1.7026187790912508,,
18.222071999999997,53.033161476747615,-10.428890120430804,167.75106181655312,-2.3933036342986775,1.9240213580183954,1.7709750322661277,-1.327602709787801,2.6148961487991276,0.5629438502113849,,
18.23161299999998,62.102389854657645,-18.852232650528247,161.97718689165174,-1.3587164312606772,1.9638674599696524,0.6749470812857926,-1.267524693020034,2.0876578571712847,-0.7015868583067101,,
18.241120999999993,71.92058294241659,-21.7462190539602,152.38299441146924,2.619299513400906,2.5144637020793907,1.5656347330278606,-1.485879135856708,1.2519283446112592,-1.2430091110929633,,
18.250461,79.09700897935546,-18.837650045194884,142.2288067209241,2.0783982300940487,-0.39931123733904766,-1.4774370517921993,-1.459077657584658,0.24253343423289908,-1.5408784285659887,,
18.259968999999984,88.96337117161265,-12.134307966143082,133.32798327488683,2.3292547996694783,-1.98826890777943,-1.9238337259058962,-2.320776912761767,0.291637370454331,-1.2576712827801524,,
18.269486,100.90373805717428,-4.645100195116147,129.07074958875117,7.109792749116407,-1.7094207126859684,-3.5570952105865716,-2.6933421883916813,0.7979212372707326,-0.5083367098772499,,
18.279066999999998,110.67271368096254,2.2780616656156476,131.02293134424863,4.8490547687321195,-5.719952746328445,-5.688367557176839,-2.32827796187891,0.6071692821553,0.4211282241829165,,
18.288579999999996,124.48908694807042,7.9861258113700835,137.85112951927997,2.2084928252418465,-2.393885008491287,-4.522029217922701,-2.7540549015758637,1.1682214573089205,1.104849098123724,,
18.29808799999998,141.75127965847668,8.638762035335358,146.59752726530635,1.9971801005782852,1.776340012104193,-5.985980368925562,-2.795238973159016,1.986671929947689,1.2347729409688668,,
18.307591000000002,156.75285692035328,3.5353145205572214,151.35863643420427,-0.9957078163913979,0.17222575640059204,-8.291465892661934,-2.0484078886917274,2.4030799011827386,0.6286181227512776,,
18.317109999999985,174.92190946430506,-5.375024343978827,148.7629562137107,1.0153769850693057,-1.3676932304989045,-5.804593098754932,-2.2833856952035356,3.343726774351356,-0.4510837147727878,,
18.326628999999997,-162.64784945714678,-8.63514414778013,140.50761038015045,1.725816351875094,-0.5237552888839082,-8.504693674122292,-3.2730257403194227,3.1029242896428557,-1.0747097478492722,,
18.33614,-142.9391560238831,-4.670256821089756,133.3934816966048,-1.0597258310855298,-1.5635795805992634,-7.193848761694007,-3.410015746605622,2.102299729477111,-0.9414375778369054,,
18.345636999999982,-125.30046847211158,1.2668860808454154,130.08752613947917,-1.1301446637974377,-1.5425734775544735,-4.229601166386133,-3.2374526285524166,1.8539568681883427,-0.539359239984319,,
18.355103999999983,-107.10114406779492,6.374647717255261,131.981644468204,-2.73148605929691,-2.199005134261793,-4.562956776105655,-3.1565225183724688,2.084530414589696,0.14413345525371313,,
18.364569999999986,-90.94135106600532,7.796636047894927,137.57741075340647,-4.807040645776432,-2.776620436988936,-2.751930259421527,-2.46520244827384,2.089198713386294,0.723919334551621,,
18.374087000000003,-76.65838225949543,5.2231919702844785,142.2885991319091,-3.7802750521333097,-1.9971094790333543,-0.6225855896956064,-1.8460144289192943,2.2319831795950407,0.6228454184804195,,
18.38360399999999,-62.13484296236101,0.7192757835309415,145.05420484024816,-3.3687050030633356,-2.6894383538610547,0.12466347092507013,-1.8087499900641149,2.4552502731601877,0.40688655168250887,,
18.393302000000006,-49.19514986497641,-3.711671792269468,146.3184997929383,-2.5917189173903026,-2.8251165606931807,1.7567168360543106,-1.6407916845467785,2.2027170862307406,0.32492865876126814,,
18.402811999999983,-37.70751219780114,-5.787440083773529,146.1666273629337,-0.7187427453369228,-1.4241909555891177,2.184074855244345,-1.6742304959690752,1.6314465676834415,0.16343483831267266,,
18.41231099999999,-26.054917961141378,-4.543579462936293,146.11446557491396,-0.07372786625620815,-1.3654741032386348,2.6044261705885394,-2.0665146801128422,1.10223304958352,0.200371170641202,,
18.42183399999999,-15.40832131081855,-0.8815758580853424,147.8537764129974,-0.26238978170129595,-0.5917972606620542,3.4873651934703958,-2.18345440224868,0.5609883795955827,0.44607728679085923,,
18.43133899999998,-5.136482722092514,4.138738683320423,151.9788050401257,-0.7206108817640428,0.46056799562322576,3.3165565361275644,-2.282529950777488,0.17640438649191967,0.7600776138210574,,
18.440842000000004,6.072878625380946,8.38248107325802,158.1283235074531,-1.9549359676848836,0.9930417487891114,3.801690113809171,-2.3825018527683013,0.18495145568574797,0.9747998689014772,,
18.450360999999987,16.507331238444614,10.370898694791673,164.8110579267729,-2.8669756706587073,1.720872228944111,2.683765665388906,-2.0837148798619567,0.2887953314006749,0.9847352014648589,,
18.45963999999998,25.115298857859223,9.734293003135358,170.0544425665786,-3.450950563625471,1.7240741535038275,1.1053683982163467,-1.6324169156812922,0.5019629774124167,0.7367383584555546,,
18.469163999999978,30.80884364444622,7.539146597477215,172.13041848835192,-3.4821042783681784,1.6263775994409198,1.0699331120247,-1.0497271232341936,0.6158116121961561,0.23324998937736707,,
18.47865999999999,33.06698939014653,5.1727583624449025,170.42349521783768,-2.723948051152938,1.6738911095561602,0.009336229137112729,-0.37681158102650997,0.54367047673946,-0.40254747997907375,,
18.488398999999987,33.718901140026404,3.2121666660154005,165.66538618216725,-1.5593801726678596,1.2935052951076706,0.19593718901056076,-0.050278803530679914,0.4186823187006946,-0.9727821416082832,,
18.497910999999988,33.50897999656697,1.8144141779608418,158.95972192024766,-0.4721740700804879,0.8282778768568028,-0.21134932031956746,0.12156658487596678,0.2621522551763278,-1.3511861818286095,,
18.507237000000003,33.93466356138682,0.9529075820464528,151.60245474548253,0.42784311941437914,-0.10446201413997515,-0.7920996183921994,-0.007913897102645394,0.20097933439585713,-1.4855346433198067,,
18.516751999999997,35.073773123028566,0.383457858307287,144.5182199623172,0.9139356451151127,-0.79651797967649,-1.3928701606180025,-0.1350743059122282,0.22622052752770555,-1.4315087698598958,,
18.52634599999999,37.02977644638419,-0.13043508005555124,138.4717029246429,0.7774339451171133,-1.3316342928618616,-2.5491566746849865,-0.24369479499610552,0.33309601247507215,-1.2220245951570403,,
18.535847999999987,40.29887302783662,-0.804177455130163,134.02704338811006,0.40569946636867316,-2.0084431089293844,-3.272281832268862,-0.3806614235766487,0.5585031048006739,-0.8952108956120419,,
18.54537099999999,44.45934755969757,-2.1967023983204315,130.9585018459966,0.12603800209945273,-2.793529745662234,-3.96626641819326,-0.35843869000307765,0.8104291187738849,-0.6033408513671964,,
18.554883999999987,49.793454543842834,-4.778993276169508,128.5226039624653,-0.12198767991345832,-3.387358943448093,-4.317741044871552,-0.28650878928919044,1.1579864675015752,-0.43338818422431497,,
18.564381999999995,56.8635385015235,-8.087436138920735,126.45611240618595,-0.09911944037710947,-4.147650210855177,-3.991487965451709,-0.3347827779961015,1.526536960060951,-0.26541807512773263,,
18.57382199999998,66.25492960791227,-10.90213877041714,125.07263508629941,0.8468204930509184,-6.02822210799592,-3.5258299809169844,-0.6329800931897723,1.8405625608678404,0.023233231979090874,,
18.583320999999984,76.56821994849679,-10.0639610134176,125.16195907432017,5.284824680982191,-6.010817709866171,-1.6439409830866158,-1.3118507476989587,1.570152269253818,0.38300105799825085,,
18.592836000000005,83.71865385923715,-1.6814463709981748,128.68921898172323,5.8761725062806995,-2.9400130777644597,-2.7258821297720477,-2.204168286773427,0.13542443328603543,0.839349455789744,,
18.602424999999982,91.10673293362203,9.383570298424205,136.8847901026915,3.2796583429553503,-0.14247509286250204,-3.02527022877942,-2.6367759213322475,-0.4190537204197786,1.5221634619244473,,
18.611931,99.05802145282209,16.677161263493396,145.7082588940593,0.2618946663041707,3.4753348183948716,-3.334187275007672,-2.1307526429329537,-0.17117840060499495,1.3908102073828796,,
18.621444999999994,103.68919363938718,17.115262950963142,153.3491602176664,-3.6585696771188037,2.8989285066361337,-4.291702408854291,-0.8160436458726584,0.3692714246061411,1.248592841193103,,
18.630875000000003,107.029716800355,10.552706639219695,158.6264781635878,-5.367870344074214,-0.9490777976245142,-2.5663560283357914,-0.06645266932779961,1.4588430148771692,0.8851333821635708,,
18.64039599999998,112.99287721886971,0.4438771268174806,158.30120367281168,-3.9144247310524563,-0.9866873881127398,0.24208730337053713,-0.37393582974719514,2.311853867339082,-0.187542028242149,,
18.649899000000005,119.88652190249908,-8.993020277977246,153.02205967679052,-1.0279816098584618,2.296423995731113,0.13872804485480544,-0.489067135282774,2.2825937706394814,-0.9561047444829514,,
18.659598999999986,124.20446577023725,-15.620157236753593,147.18879329635885,0.14381211135974997,0.1759199704113395,-0.1664931832370982,-0.08400185420280212,1.5670527457115115,-0.9858569148186105,,
18.668922999999978,127.42632141552124,-18.09293044240698,144.19406820543722,1.1836725885153838,-1.5382974936784408,-0.09118280311833116,-0.24373133362010826,0.7528268757033683,-0.41553970413070884,,
18.67861499999998,128.75867747111022,-15.814959634446558,145.85070840997184,1.4372350206390656,-0.177662892359803,0.15531003404814064,-0.48309367793393104,-0.23207620364485787,0.4060597825622514,,
18.68812299999999,126.48244904457047,-10.085032361706817,152.78023528588196,-0.18878768061389797,1.0184879987210416,0.48232812653657997,-0.21489019131068307,-1.2199533458932132,1.2793248856078396,,
18.697450000000003,121.91311399358088,-2.1380776507829746,162.45594151981905,-2.447226295273028,1.4762157068272643,0.4918494087029805,0.22694070429389482,-1.8267651570016772,1.829217500216875,,
18.70699399999998,115.43691055138449,7.122200475929716,170.49995727003414,-4.193425805498216,2.188319872841581,0.33327446264443283,0.8215171836388507,-2.1141905261759066,1.6532390716695502,,
18.716497000000004,105.16238978610706,15.793340862517704,172.89868387831632,-6.580081679973605,1.6586159993392984,-0.27198699190415077,1.7425494589641968,-2.012393513795933,0.8764097384480949,,
18.72600799999998,89.83566630241815,20.589798841200107,168.488769738346,-6.288027357511597,4.241810206584916,0.19600464566273093,2.7193280455061335,-1.41774849600097,0.06803960342948354,,
18.735524999999996,71.48323695021409,19.453495075677097,161.21249984223138,-4.502158225059076,3.2014914544507747,-1.385688835537325,3.387238848754013,-0.6847808927396429,-0.20119386133580736,,
18.745204,57.18161902549201,12.61123167905776,155.00427443509386,-1.7322592183907557,5.562338688889842,3.185779584162512,3.0601280845748557,0.24089518764059062,-0.4573438238684246,,
18.754897,42.13891260410696,3.5894266151437275,151.7807974464322,0.10153120751769529,2.8114277144872357,6.707513887525839,3.470039501744783,0.27579353750282753,-0.22711694713133504,,
18.764399999999995,25.3020919873246,-2.9568227532869154,151.82896995241674,1.8215574497227351,-1.4112885468154346,1.8253783561259354,3.5848908582881647,-0.436621674651682,0.019215492717485072,,
18.773739000000006,12.210662968276107,-6.972147484833978,152.21748605366173,3.439481735565481,-3.5827199961629486,0.8202415592912511,2.680067180571287,-0.5063831603566911,-0.15594929315720568,,
18.78324999999998,0.8659746941422316,-9.414906764022868,150.4516342008606,3.464403875506312,-5.960903978660296,-1.1836669496716554,2.205935742259917,-0.6377991076165669,-0.6802656359222393,,
18.79283799999999,-10.791674667229335,-10.840266793453397,145.70003238760384,2.754762181935884,-5.055512909353653,-4.359268288427185,2.1025932682367356,-0.9605659418447985,-1.3602505058294816,,
18.802350999999987,-20.614907134738306,-11.150871021784424,141.6680414902128,1.0473993290717016,-1.9790856854815884,-5.23004644177661,1.5953695719087233,-1.0803203712026752,-1.1801502857759867,,
18.811853999999983,-27.116266711918776,-6.543264801962545,145.35989093500737,0.5907564320083314,-5.691046097939416,-4.3972363438673625,0.48802799307924866,-1.4924310365884723,0.5389038032243045,,
18.82128399999999,-33.29511921307351,2.827783908503991,150.24144154008837,1.2501272418569456,-7.915785353694257,-3.745599142452379,0.048854593353397376,-2.2326921600005356,0.9354913324319788,,
18.830806999999993,-43.753817235540296,11.006302784685484,150.647938971846,0.48049175975207264,-5.541226773518661,-3.2288483190675326,1.0037471396442879,-2.433258741168725,0.33600018197951026,,
18.840298999999987,-56.99656780267662,14.450212839961871,145.34690425708925,-0.2923160177794644,-4.301281672728509,-2.3475235133495715,1.8289993486015805,-1.9399412114444476,-0.46767149277032044,,
18.849816000000004,-71.39668625043684,10.353908395533878,136.5727511372669,-3.275914237598634,-5.024202660706316,-3.64694256150329,2.702114475086553,-1.129088656035152,-1.1203620796641136,,
18.85940599999998,-88.44407118977402,-0.6890307001253057,132.38233224725934,-1.2150360214826788,-1.9992035384654312,-5.517593985295487,3.9524417844020663,-0.8844739840876125,-0.5314050464833416,,
18.868923999999993,-107.15245352349986,-12.856785759498923,137.73783662706634,-0.6228273579862837,1.182252212751685,-2.7968569385317856,4.341992182519309,-0.9194498442047149,0.629369407420134,,
18.878355999999997,-124.23092910465051,-20.28631607564731,148.62288686632292,-2.124244211692022,0.10177479342151553,-1.9862776742203878,3.5081045434433147,-0.7841408549989269,1.1990073792422014,,
18.887743,-139.79721561769162,-20.823436463222542,159.40184938578383,-1.847914475023309,-0.6589983454366333,-2.2808567196750356,2.6660194146552945,-1.1864862725507603,1.0647931843058205,,
18.897164000000004,-152.84067781854188,-15.606266848396602,165.24961274461324,-1.9478965521704843,-1.3416461639027095,-1.6939604229177714,2.0427038720264186,-1.7502627350199615,0.3598450820341644,,
18.906757,-162.1332865892513,-9.496192795492936,163.78425524880907,-1.526318429940138,-0.34186572522846803,-2.8625134380308492,1.4178629177433322,-1.6686662160803187,-0.6877597523135195,,
18.916194999999988,-171.13528202913642,-5.951742428021997,157.15743990285821,-0.3600899978896687,1.3504150253401144,-1.8062536170283168,1.4385752432617256,-1.2725541377158813,-1.5585211871516238,,
18.925879999999978,-179.45197060547028,-5.9876009154204075,148.99785663639614,-0.2716488254249277,1.3862018095838846,0.8424961586496035,1.4706091856478336,-0.7504990038184235,-1.7980842878110634,,
18.93538799999999,175.21470063510452,-9.28127406328082,142.4098267556206,-0.2820414751377339,1.7651297428990016,1.1073304665721784,1.2350884258570616,-0.057515318888414366,-1.4543746602290462,,
18.944900999999987,170.40369314253667,-14.067971039410487,140.7346002887268,-0.488648879439689,1.6216721717204905,1.3756966274527005,1.322075204028859,0.16557254602999996,-0.6482222239193378,,
18.954409999999996,163.6414246234784,-17.619062157775396,144.7218453074549,-1.8119059444010996,1.9587723474049294,1.8087351711730644,1.45596538059758,-0.2246929452018764,0.34468408409906237,,
18.963925999999987,154.4921290335617,-18.011196415492172,153.3007266226761,-3.4386020394694743,1.7131974127871603,2.210769806179178,1.5262933187408585,-0.8362182097821498,1.1141994875204495,,
18.973246999999986,144.23710940091192,-13.781911040675965,161.9868714091141,-3.593537342508162,3.169710343707668,1.447883715038875,1.4962752912993729,-1.5414250461230572,1.1618203039351722,,
18.982947999999993,132.3456389576895,-6.353699438859913,167.27772033984886,-4.590406554632529,-0.2514347774265022,1.8993416668525422,1.8604512110177063,-2.059748882442606,0.6288503522956794,,
18.992282999999986,124.12288766761446,1.2506767849932103,167.04490967407403,-4.459105587792161,0.06751743632415663,-0.9035519882783215,1.258411616177423,-1.856374727903342,-0.12617321354046623,,
19.00179,118.43991957544725,5.681678574716987,161.7668856205535,-2.5174386823496264,3.3037395770017453,-2.047927069409558,0.8476020853313472,-1.166979994572296,-0.994353209113688,,
19.011291,110.77241280724363,5.11049407354754,153.86280576181798,-0.4424880664087717,2.7698954968460403,-1.9820245327567876,1.4502611844390896,-0.4769089451762128,-1.444750769844864,,
19.020808999999986,104.20207126020769,-0.03190855056892154,145.36770920062665,1.0954109722499035,0.9520259517890495,-1.635117232505446,1.6459476189666808,0.21990414288118695,-1.6488647372649892,,
19.03032299999998,101.1613045405826,-7.4514796338387335,137.38511247734266,3.369500276593267,-0.3094939135262481,-0.7603644388681384,1.392673831700134,0.7815246149830022,-1.6441673814990438,,
19.03982499999998,100.36199365721923,-14.227435505933189,130.07169718945326,4.125422955780533,-3.8701455221541226,-1.2485785061808334,1.0788420134985002,0.8269212030086887,-1.5005415654059704,,
19.049335999999983,103.90531750431174,-16.789869072726166,123.58468454284093,3.822716208822269,-7.120575619581003,-1.8761316771818695,-0.01055843776079896,0.8582611782051741,-1.115587504879853,,
19.058843999999993,109.33934260230617,-12.517404279387554,122.01005748529269,5.493881563485845,-5.675696936369588,-3.0751295757320922,-1.3016950585494753,0.42041039521881957,-0.11918347648053317,,
19.068358999999987,115.6601734740357,-4.977604277772653,125.88397200426944,1.3815309572954628,-5.9872640039222835,-2.8614660842026796,-1.9626999156888452,0.1932971070952203,0.9208446330807704,,
19.077943000000005,128.6417183148653,0.5098601142712287,133.5376134071371,1.9628439702511142,0.40701267676095154,-2.723508187746971,-2.516840271097941,1.2963407019272415,1.6056431615541844,,
19.087452999999982,142.57030127763636,0.7847523630093108,143.1843890484916,2.516292992494972,3.1377450142325682,-6.111817022576264,-2.1356689427792093,1.8076440153331188,1.880528229007609,,
19.09697399999999,153.70814128854892,-2.8284547185756286,150.4140377905042,-0.37268124005013953,0.3168191027556077,-5.158083229111022,-1.4818990225826043,1.8200344767100105,1.5059818290604556,,
19.106475999999986,167.11511778127814,-6.708233837707601,152.98767814992436,-1.304088978196493,0.864474456194897,-3.3584771985817348,-2.0010175493198443,1.941087388552531,0.7312154217830458,,
19.115984999999995,-179.2940499074815,-9.710215382873207,151.8638454777025,-1.9231278171503579,1.5334923999552523,-3.9164348101480586,-2.1235961078521077,1.7664197319512134,0.13200418831570113,,
19.12541999999999,-167.5162114020132,-11.192624563934725,148.24860160263682,-1.7833798370683906,0.6012238537271372,-1.4687204155885314,-1.8710653330750675,1.4082370968406628,-0.28502061298261316,,
19.13492499999998,-154.87298505364737,-9.928782786966725,144.2852974241844,-1.3852953529076066,0.9565969270964811,-1.5801718678177947,-2.21786059436723,1.168832259239063,-0.316107280583832,,
19.14451599999998,-142.79407160113436,-6.461462233469858,141.7956431553782,-1.6866608933436806,0.5377814249225902,-2.1164362035239255,-2.336407289247508,0.8855601309950761,-0.14031728394731532,,
19.153947999999986,-130.89399255675704,-2.5065680222398,141.4987257950688,-1.785342505539815,0.3818754350350097,-1.8654460095932275,-2.359399340392716,0.8565828712902974,0.1390447578208699,,
19.163454,-117.95201655947005,0.48304729584941775,143.47802513151953,-2.398052892105145,0.08624500687958826,-2.180849672729768,-2.4240896418164373,1.1085112658935534,0.4523197277037683,,
19.172967999999997,-104.04230884467698,1.6298203031320921,146.97749952059803,-3.721925970896175,0.008070172294822259,-1.647828419884214,-2.422386540961475,1.4062686655360872,0.6575273309208485,,
19.182480999999996,-87.96029380208132,1.1692761204716233,149.92777138828717,-5.3038962813969,-1.1009622461984439,-1.0253630784583379,-2.698566346098375,1.7705475808105857,0.5187929154341858,,
19.191992,-69.32879713384368,0.7115299619433432,151.14607908921744,-6.109175591437836,-3.1771727882854313,0.6564779895507203,-3.204473715582513,1.9245088338554712,0.18890458909138708,,
19.201684999999998,-48.7250934484636,1.7061227602233748,151.50512483045475,-5.52007705857828,-4.277804435493382,3.363260028781106,-3.7136708213498895,1.8191256867234151,-0.011264476974817922,,
19.211190999999985,-27.20662357434158,4.067970067862761,152.51854962191743,-3.604168719416095,-3.582576015539101,5.39396018581865,-4.0194587210745185,1.620558324944751,-0.01654913626995657,,
19.22070199999999,-5.560846959638786,5.7998190619983205,154.8746789599837,-1.9639778506886962,-2.0728041911702584,6.667782942134518,-4.023287529406115,1.6191441716540433,0.08865547450421377,,
19.230212999999992,15.069241194595907,5.0627124227757365,157.32891234565935,-1.008877481029003,0.31196351212659335,6.164792756935678,-3.702027700111612,1.8100203774988552,0.08675746007470746,,
19.23966999999999,34.17253800039528,2.39243976688184,157.95536193362423,-0.7975700237975962,1.5831806118728344,3.7772140052151033,-3.331984328737796,1.9498589477932944,-0.13512078360928811,,
19.24919699999998,52.66245269847977,-0.7053951113240812,155.7162510481283,-0.760688064067995,2.4110930708644327,3.0818975345095136,-3.167063593614383,2.026832183801066,-0.5105501313916663,,
19.25874299999998,69.83700452721904,-2.780449807276924,150.69421794032144,-0.2028503294501375,2.958780782603108,1.366546914083564,-2.8897468824161,1.9206630207446667,-0.9049697776556604,,
19.27758399999999,108.68786690578568,-1.5458319995552658,136.46077640822324,5.457661568564397,3.9784715556016774,-1.3657263277821925,-3.399982137496136,2.424779514725231,-1.297593120042398,,
19.287087999999983,130.3021304535101,2.6552835642889083,131.23844110481627,9.581331862088172,-1.3534662303271703,-4.428745357932668,-3.6116279076670406,2.544007155081399,-1.0799408253837606,,
19.29668699999999,152.40296040757644,10.301601059815203,135.89164544863667,7.974972446167802,-3.0921962329769856,-6.950613404989281,-4.140695118782768,2.141791731768039,0.4175158724190234,,
19.306201999999985,176.62793581908755,8.308558385148457,150.39063682473756,3.0390179237653463,-2.2916908088656363,-8.567543358303073,-3.610051362304261,3.1832329125152317,2.0795708901404435,,
19.315708,-162.15288660912267,-8.706966854880744,162.84519784968282,1.6453540614981768,-0.8976948954131242,-9.652865225786796,-2.589845875721261,4.785788367084975,2.470632454320479,,
19.32513899999998,-151.1231978023432,-24.48739468407574,168.5315962557729,-7.56256196713451,-4.524767451618983,-4.381743989806106,-1.2828718275718385,3.5733298437637044,1.7724208279293812,,
19.334604999999982,-136.97508232395066,-34.580243373158666,159.41878860214507,-6.632066000874413,-1.7313556844873814,2.5284139893513338,-1.8164593854528375,2.607544237971029,-0.4017311715336888,,
19.344115999999985,-113.55729217426217,-32.37865881935363,140.8117490397775,-3.5790276173825903,2.2147080960469294,0.029288761592251297,-3.600145047450745,1.5685915694054144,-1.0885577806143327,,
19.353668,-94.3702815669365,-16.22914644127974,132.98118248680467,-3.4568334942247136,4.213469425322718,-2.1223543403351766,-4.748539384244334,0.06670557298924942,0.05377733767631933,,
19.36325599999998,-77.0678696239793,3.4562210651898404,136.1402521122418,-4.656035204649265,-2.0324990862688166,-4.688639267973559,-5.21574276263678,-0.26915882643168587,1.0179728723896786,,
19.372692,-61.53384204448024,17.55090757177247,148.95848086053124,-2.8822338583272544,-5.934351750020221,-1.8674268978318704,-4.146198153876355,-0.3500589302510033,1.9747815332936614,,
19.382206999999994,-50.02140002301387,21.30516792421843,164.1962451215154,0.2967019671292681,-5.523057364071583,1.281664749169241,-2.3007623189494675,0.18986044584383072,2.2761077931746394,,
19.391717999999997,-42.10428757765693,17.781073601949497,171.81927940949168,2.901824590157908,-2.8725704325153547,0.5559755422749721,-1.3209747402771996,1.0122897244156968,0.99459142382104,,
19.401234999999986,-34.56728873018284,10.518523585062733,170.22787471520695,2.726895365888707,-3.29221089916181,0.03156063609313281,-1.2245769647579023,1.6758026346936767,-0.6861714497943925,,
19.410920000000004,-26.70423080859033,2.564295272928599,161.7326101295618,-0.7972499726128895,-3.395342988027786,2.4533682582902836,-1.1372061455825304,1.9376224738407835,-1.874956060688257,,
19.420423999999997,-18.870885418509005,-0.758485801279887,149.30628241528692,-2.9425714482352467,-0.2822924578143811,4.790678035602489,-1.1539799717528914,1.2706706897668891,-2.5092811189966033,,
19.42993199999998,-12.084417488111812,2.314410638049908,137.73046852006303,-3.524998760280609,2.3402449004479124,5.70450165294126,-1.4573004009627477,0.3273963929668519,-2.3358016348030497,,
19.43944399999998,-8.554374326841346,7.373217266084493,131.86226126344408,-3.842451673934558,5.079098703580784,2.999934234695667,-1.2108895361399443,-0.20136115444489636,-1.2377237116984598,,
19.44877599999998,-5.45173527374127,11.455954924454002,134.0760820616252,-3.9570060617517324,6.1998028535695715,-0.8590102324060443,-1.0115477531735464,-0.09655121042492061,0.3360137760879517,,
19.458274999999986,0.9799257249444551,13.69416751778324,143.45538031983696,-4.691453540278817,3.3363320685561937,-0.7811436131742198,-1.2389095029263797,0.5040024796204559,1.5886271349226675,,
19.467787999999985,6.956229123714381,11.594063245776884,155.77110016355462,-3.484451199746813,0.7021102026368891,-0.37758923918294157,-0.7963914573178409,0.9659180093780013,2.193797781900752,,
19.47748999999999,9.205264550434253,6.625621019935828,165.99438288251633,-1.169212669902224,-0.6036104880118812,1.003987030835821,-0.09772769697906099,1.0978876538102205,1.966429570241144,,
19.486996000000005,8.045079064293663,2.779972147681905,170.99644935776405,1.265067994504312,-1.5778148246839787,0.5868271502562106,0.3760308470371883,0.7195212986046463,1.0131791606209615,,
19.496287999999993,6.003941500868743,1.5872396555299648,169.13020093731868,3.1922179334192466,-2.7167742684922604,-1.9256929298129801,0.43917705306300153,0.17612546763691178,-0.36446091589212437,,
19.505790999999988,4.878418085690707,0.9235819320832789,160.41431759538142,2.5557336105867816,-3.514700918162215,-2.3927187908467547,0.24996732303495484,0.08114910472220545,-1.7461754734702135,,
19.51538099999999,5.2255658512364755,0.31086614239778587,147.23105466450244,0.6493440995773927,-2.7839556770987786,-3.208859293519045,-0.008094572442791019,0.15339199596042724,-2.64632720316605,,
19.52490499999999,6.915754713888305,0.574309513946165,133.34148247617333,-0.1809183412068391,-1.5080511882082832,-3.7715564778313286,-0.29171693043480307,0.18785507621591155,-2.789773483472558,,
19.534402,8.653576148603712,1.2446133478161217,121.98974772402629,0.4235745675468191,-0.501841031195013,-5.374592923262063,-0.3141910562886311,0.2044882542992164,-2.284971879087176,,
19.543950999999993,10.291490175070493,0.588573143314622,115.67287064494232,1.1318491178800094,-0.13051101292924847,-4.814615732861741,-0.03699035505988463,0.3608972528955228,-1.2769606372010314,,
19.55346899999998,11.26267505689944,-1.786373230802427,115.51449124891231,1.103582994661295,-0.12786512416970258,-4.389719679286706,0.35072786136808537,0.39110057358780204,-0.03664592912517564,,
19.562974999999994,10.841307239399546,-4.955381892429653,121.05215413199632,0.3561692635423027,-0.9706630757754863,-3.3630590221807095,0.6036016302333858,0.2377354816832702,1.0969547051770203,,
19.57247799999999,7.902805171731881,-7.535439537311633,130.33972784461346,0.04398616884214576,-2.213717258262222,-2.4675122231245625,0.7644639788574148,-0.16165530199099132,1.7890925519006557,,
19.58200199999999,3.3497054866914615,-8.352068941762468,140.66269210073366,0.4805988528431628,-2.7860098126460047,-2.671056092841402,0.7605181889860035,-0.50399690476971,1.9349442148109801,,
19.59142399999999,-0.3747726909117834,-7.232331168551286,149.52081777898152,1.107424254538384,-3.0610920022450796,-2.199597065721732,0.47749523016704415,-0.5940336850743588,1.6675298283111368,,
19.600941000000006,-2.9668267543626476,-5.090104625317011,155.0369340011639,1.4161388517820312,-2.9274880905428375,-1.298533656864356,0.25584070479124316,-0.6067728884827331,1.044410003457139,,
19.610455,-4.996988776159506,-3.2194645708120393,156.54589955068442,0.6929862317672941,-2.013817930881031,-0.9474009920366606,0.21452255471544612,-0.49469719634564663,0.2688126186680074,,
19.620141999999987,-6.658728076473568,-1.8154192604623414,154.94851869681796,-0.6005030292901603,-1.2926520383166127,0.10532879227311484,0.18745860222535374,-0.37912110026706447,-0.3981627066248412,,
19.629649999999998,-8.652864166294941,-0.7869356950814147,151.48466695548757,-1.5867924591904026,-0.28619783825665635,0.263250816286373,0.26450685299974996,-0.34956282391073995,-0.7784701891318749,,
19.639148000000006,-10.599939926546432,-0.38222975776969,147.99806581806877,-2.160548451939576,0.5407406262060209,0.4150907125712719,0.2974569399050138,-0.2520692995162403,-0.7804107852780905,,
19.648675999999995,-12.260193510721916,-0.2523060500778456,146.06656886244542,-2.5269142126444732,0.9912808443417708,1.0402447057511646,0.26662148697926813,-0.18830955012704287,-0.47369828034972405,,
19.65817899999999,-13.668223496400898,0.35263074893974894,146.5398846797745,-2.5257774099049133,1.0648173062378172,1.2160062284366357,0.16913957709465188,-0.24321178262399537,0.030834944416440087,,
19.667691999999988,-14.659151495293473,1.7559325424890933,149.52187248214724,-2.6552720333118525,0.6886501256886569,1.365139824278575,0.02053603080786764,-0.3298283566591233,0.5615883795382262,,
19.677224999999993,-14.908344199259702,4.537631804059488,154.00260632762684,-2.415727450686349,0.34819605761118033,0.8516685035149215,-0.21979815865418437,-0.501018558693431,0.8807342915941947,,
19.68665299999998,-13.801054841371528,8.102436953163604,158.7785907394665,-2.228614161511548,0.11864124597038625,0.3651132023564493,-0.48919104041745354,-0.5527091557841282,0.9215916480684992,,
19.696084999999982,-11.052035629176274,11.183989106189152,162.79534085087366,-1.402625949752776,0.5331737292837959,-1.2025269704941413,-0.7175532852001706,-0.39128369422648324,0.6991895087682969,,
19.705596999999983,-6.5886599907933,12.188959173664905,165.07187374076355,-1.126619945455506,-0.25336208305579677,-0.8897468498822725,-0.899117806299772,0.06072946951039035,0.25023728700802284,,
19.715089000000006,-4.069445642939118,10.651272707194936,164.78258053468835,-1.1609572875063292,-0.5723460348292405,-0.6699993513044755,-0.4005442660194762,0.43754906815429606,-0.20099367234707155,,
19.724819999999994,-3.84398259645641,8.235545054983817,161.64323981492868,-0.349521653184259,0.15319379334545818,-1.6009095059251348,0.0950645597708717,0.48854729353981985,-0.6411374591802943,,
19.734328000000005,-2.2739229473113785,5.80282265981528,156.73141080597253,0.2784109727488187,-0.5581504933295962,-2.3029233489670378,-0.11979390172313294,0.5789679725813972,-1.026961365238896,,
19.743837999999982,-0.7675703384363528,2.816902616245498,150.9635662539615,0.8634051392032607,-1.1054524474216478,-1.9501417020311604,-0.006655636416146514,0.6821831976634566,-1.1824462727476401,,
19.753355999999997,0.40849140792244976,-0.6820053128937518,145.19748634843938,0.9839595204951714,-0.7869842307440615,-3.0953934689073326,0.17140571220393894,0.7321597915878232,-1.1635734445187844,,
19.76286299999998,1.877561039675241,-3.2020102496792076,140.16804663944288,0.915948586105245,-1.214172336334605,-2.246636972996329,0.0737270047578851,0.5923342197089633,-1.0018971340839513,,
19.772407999999984,1.7670463019210234,-4.273605835677494,136.7904098204929,1.4099151302773172,-1.3563321822634435,-2.5285680997652418,0.16060088949694915,0.15922826360498818,-0.7649456867765766,,
19.781919999999985,0.9163035007222406,-5.017618542039742,135.14261543435128,1.532976459236912,-1.173493007046654,-2.5600849802558776,0.22836529685937929,0.0024179388814385924,-0.417959372174559,,
19.791360999999995,0.011680048493504012,-5.49706063468692,135.50002640203064,0.864953297574947,-1.4582692005679705,-1.2865849663261817,0.19857389116346158,-0.04532615503650821,-0.0076080838573010364,,
19.800865999999985,-2.6514306503955094,-4.916724604943067,137.5060482159016,0.31034253767172726,-1.1716637249439317,-1.079201092178366,0.3085631768593177,-0.43627119611943227,0.3050942333112605,,
19.810467999999986,-6.16060212812928,-3.220127594960609,140.67511063923848,0.22557896866571725,-0.7328800528065481,-1.4627815667263104,0.3103478984146973,-0.702101146390496,0.5487866092432631,,
19.819900999999987,-8.845627690185198,-1.3298319576978812,144.53060533609494,-0.4455622766185247,-0.8747541922717291,-1.0112431342251502,0.1989702393415601,-0.6134686736476999,0.7239131625562103,,
19.829388999999992,-11.5871531993599,0.48005013040196526,148.38917845175627,-1.1181680128977036,-0.9046057487242632,-0.4342568217244403,0.2584927635428889,-0.5917139080137213,0.7467126569665815,,
19.838891999999987,-14.767868264341137,2.6211893491544465,151.43521185568713,-1.4725673506708008,-0.8890066572085641,-0.12691709606570095,0.3360810580039571,-0.6765447429119746,0.6243903999361751,,
19.848409000000004,-18.268853685749427,4.812856221711553,153.25162747310466,-1.2711576793682302,-1.1419862346790377,-0.27953446818359523,0.4157023680189287,-0.6996750179755763,0.406971488685201,,
19.857911,-22.35733349979077,5.75723566877264,153.81176038712636,-1.1885347551001681,-1.221117389103079,-0.19614894900351368,0.6454398515535988,-0.5182471175583763,0.16695516059696663,,
19.867610999999982,-26.888417407120663,5.396825872971446,153.01602151667362,-1.486215487451228,-1.4178079451670065,0.2011615585543294,0.83981633820042,-0.32474247211554796,-0.10110857339894716,,
19.876952999999986,-32.043839822183536,4.409346767121637,151.0118251768402,-1.3675166519770923,-1.3500948306008111,-0.043712037828543236,1.0014283666893575,-0.2928564462382205,-0.34737883458141705,,
19.88645599999998,-37.72873156794844,2.6989341920754377,148.8058170902785,-1.305434166553125,-1.492469772363794,-0.1555772695966509,1.155506704035527,-0.2578693709459174,-0.41058482039360955,,
19.895972999999998,-44.123216730217564,0.44696177020181954,147.30854417255551,-1.6697577214235302,-1.4302247591958743,-0.14822332391504958,1.3256252932915222,-0.2793162637490193,-0.3026671458237376,,
19.905479999999983,-51.30379712851324,-1.3534905621708881,146.60047741857622,-2.323726826144067,-1.8442553062035463,-0.09017639454663783,1.4027678185772408,-0.46763294235837094,-0.17966511818318276,,
19.914984000000004,-59.873359146971985,-2.2787229863832112,146.91606771436196,-2.409291181290447,-1.9359607330624242,-0.5280855407237592,1.5366089227001776,-0.772200174626336,-0.006105705678999837,,
19.92449499999998,-69.38219638369344,-2.336630837757883,148.497040848281,-2.7026360139996366,-2.624447918442852,-1.01350115137817,1.6135104974457704,-0.9959079868553902,0.24786114209890392,,
19.934010999999998,-80.05036764432676,-1.5308786971374984,150.73451065442376,-3.0319296931194035,-4.100357513866037,-2.0401790243656555,1.7581910221985975,-1.2094195417479146,0.3846838022290569,,
19.94351599999999,-92.38168532195485,-0.30262510969650097,152.63152345734898,-2.180783773104699,-4.535799763185752,-3.24115193530078,2.0535186993705423,-1.379567311011987,0.35003384262145687,,
19.953114999999997,-105.4314485472312,0.6646565158610254,154.09613443305122,-0.9820123557306583,-4.719371707752947,-4.345596367354606,2.2439813241124624,-1.3390162280591473,0.3120804038627377,,
19.962613000000005,-118.47981277891907,0.8589659779686295,155.5290357274582,0.10691279391890364,-4.193951358560527,-5.3118672692145505,2.3410469727444236,-1.1446641238899047,0.3323735191843826,,
19.97213499999998,-130.89639257816359,0.00943575046275282,157.17409441216395,1.0044103937279178,-2.195877688101124,-4.357750411069106,2.3378991376891,-0.8424821382187332,0.3585585925146823,,
19.981645999999984,-141.41567450577253,-1.6747677269895973,159.4810311219631,1.2235176391174445,-1.243812142782873,-3.7692217612979855,2.0740038573693074,-0.4665580117095177,0.4241144590480664,,
19.991150000000005,-150.06401323817374,-3.459884531935276,162.89875926603364,1.072620461507689,-0.2516028046051152,-2.998782267099061,1.745110360941061,-0.22367200673324217,0.5987009522325527,,
20.010165999999998,-163.82853422309415,-5.541903026208432,172.47072288765972,0.04720747892285856,0.4776789341096849,-1.3396314019481037,1.267896316457728,-0.09101380656059584,0.9194265247023385,,
20.019604999999984,-168.7105332657292,-5.496936875223737,177.75663851407526,-0.5202429355859801,0.33908378858845817,-1.1015506005824598,0.9626696784667059,-0.10137061186300066,0.9714413667082176,,
20.029070999999988,-172.67987850641398,-4.972204606233825,-177.1900373136682,-0.7073291530082043,0.06869688034568036,-1.3850242155060808,0.7866690525525553,-0.11163435600237057,0.9458650506547279,,
20.038389999999993,-176.14914081903748,-3.7570620702271285,-172.4591198145588,-0.41048544766753986,-0.058360731122536036,-1.214153584768036,0.7071698847314444,-0.19111372151526174,0.9002865046229376,,
20.048010000000005,-179.72948468477838,-1.5712919361533089,-168.01014977742477,-0.06318243029791887,0.10484313477492443,-1.4590785534025035,0.7761110834466334,-0.3218031756799197,0.8623905825766409,,
20.057532999999978,176.04847668144686,1.1708686818534368,-163.76033329882213,0.353664805442165,-0.22132436047877496,-1.2592494335858337,0.9506866012654441,-0.33884055488179515,0.8516011018304898,,
20.067036,172.18800517796734,4.086676709855591,-159.6454816833459,0.7039860612717136,0.1371394660912109,-1.4422202859754099,0.9142246429783628,-0.3249372078327178,0.8619330861434983,,
20.076558000000006,167.83186470347633,7.30645006009008,-155.5531190272567,0.7061596500454844,0.44522434915640124,-1.6489878731148941,1.0469435104555123,-0.27862010591352776,0.9071718847343374,,
20.08605799999998,162.8011115209958,10.748051084798814,-151.51369977790264,0.5325188998913543,0.19628729568895673,-1.3579005392077892,1.1976709728290258,-0.18688243358484266,0.9664634711096737,,
20.09556999999998,157.71308213290368,14.333805443508112,-147.68231473363687,0.27790176704234953,0.4786324127728495,-1.4865109312032874,1.2222191265495879,-0.12924865776987804,0.9865393744126228,,
20.105016000000006,152.18142544902966,18.418831598616144,-144.3120249656159,0.04487929858668106,0.494812348906459,-1.2658006374633173,1.3406530972961361,-0.09654910767514846,0.9837013435462546,,
20.114508,146.47084228417688,23.004128010838805,-141.56244908534998,-0.12236115661609527,0.5465718761926345,-1.181241244919087,1.4100791756448445,-0.10000967240759319,0.9500553715868587,,
20.12402899999998,140.84129801282592,27.793185451001307,-139.33319792746204,-0.16285823982277975,0.7591426833030549,-0.9271317191559572,1.3999677971046578,-0.10202043867790953,0.923661074165333,,
20.133726999999993,135.27939321892046,32.77719550008864,-137.60001397770165,-0.047421368651777804,0.7209419350012571,-0.5463701453937725,1.386677827763579,-0.11930179800031895,0.9013389858188706,,
20.16223499999998,120.4921311574487,48.05404034485585,-134.10214264549185,-0.20793925407588607,0.37376500632903153,-0.4494912244799684,1.181469640952721,-0.26215731657428265,0.8412403777370575,,
20.171753999999993,115.68474577379783,53.241065056414136,-133.765488351698,-0.2988140695561506,0.16426439653343258,-0.6826751553933293,1.1794380126386352,-0.28541413693484763,0.8019394534836469,,
20.181071000000003,110.2208311921149,58.47933810869872,-134.4118961161187,-0.2619659243014535,0.05876446630584413,-0.9013110637371978,1.1888524689397275,-0.29135595731939473,0.7662964412857123,,
20.19059299999998,103.45558916949469,63.69070133090588,-136.78363344100873,-0.22898375217448697,0.06680531512401572,-0.8854193977158364,1.2062244370479722,-0.2878592745038226,0.7014254855688814,,
20.200286000000006,93.55252214857026,68.74200582770463,-142.43270559821596,-0.26945281137937954,0.21501839171775278,-0.79853889213777,1.2713549733956102,-0.24994092706150653,0.6749549561864158,,
20.209793999999988,78.57062506575284,73.21042234671074,-153.1567916669344,-0.07746511612604601,0.22820887744797277,-0.7013639437239471,1.308127204525048,-0.22940901484533913,0.6819092235098292,,
20.21929799999998,56.46565229059569,76.379351612996,-171.1231315123533,-0.20793056013213598,0.31051811391664247,-0.44868499210148594,1.2993454865061471,-0.23589869739783648,0.6691469648461946,,
20.228647999999993,27.541569978040883,77.2380111328377,164.3305382088532,-1.9767360594093393,2.0298801577339134,-0.048475563135934686,1.3055830933085761,-0.23892669308343553,0.7215194373930551,,
20.23813899999999,0.6758574520771063,76.57749132743253,142.4593119540213,-3.1908596335172192,1.6909322041184922,-1.2299983775609091,1.147123646326817,-0.41936184443747465,0.8575894294859026,,
20.247717999999992,-24.206406804739128,76.07642112959964,123.93214048216251,0.9642752863827125,-1.559210065661592,-2.157561690318565,0.8810030429983079,-0.777309923751359,1.1287231019222588,,
20.25711799999999,-41.07799943738638,72.56336830506163,114.8420319331305,-2.4152301338242235,-1.2319369103907984,0.00947823916050969,1.0621657484204816,-0.441990802294033,1.4290582240972611,,
20.27636899999999,-65.58022182279788,63.94743434915693,117.63911564943668,-1.5502394561491586,-0.9719084661868801,0.4817226359175501,1.1005508284440197,-0.6707439670430971,2.795925289585293,,
20.285878999999994,-72.54573151865273,62.62300750550981,123.60846731357935,-1.7775599417355472,-2.051564002736141,0.7665578474817323,0.5489008000362209,-0.39154106188399684,2.438801684387161,,
20.29520199999999,-78.70132428704109,63.40542654293873,131.32636056894347,-3.3256351635830423,-4.330895903599313,-1.7765978150679484,0.21414860838258346,-0.5266167510265517,2.641691067815683,,
20.304711999999995,-95.29567108254425,66.34633905116341,130.90323813736222,-1.4287737893423045,-3.7534651583104703,-3.3181725350016165,0.48160902442094566,-1.4346341864647212,2.9225594422366132,,
20.314296999999982,-119.20018593409793,69.45496306634544,122.55606992080001,-0.6224644204037161,-4.2422780402554165,-4.577716128971267,0.574905128743685,-1.792182525614313,2.765811796619834,,
20.323819999999984,-147.22100183626486,70.37385594347555,109.95607244264504,1.4384679662375974,-6.4416575058620476,-7.276983994145519,0.6759434224302958,-1.7869831882293201,2.749460528924587,,
20.333319999999986,-173.7503907253787,66.84055501276723,101.19751427828271,4.024510133108161,-4.800868658116028,-7.5310953312329065,1.1724555639357384,-1.6659760296077863,3.1935955932230695,,
20.342842999999988,169.76761826695437,62.48471780409607,103.64500782626335,5.1217014816664,-2.593123879635379,-4.838998694118676,1.1381578801279428,-1.1914287257469596,3.4677925938297034,,
20.35226899999998,159.7057750224148,61.49867304287809,113.08748094264327,5.8977213772583355,-0.8633514464457446,-3.1423763811390013,0.4739067889916793,-0.8395968859196369,3.662646839800923,,
20.36178799999999,153.31243278216982,63.449137856742574,125.92832935247075,3.994929458571144,0.600523524846826,-1.3179162011721322,-0.05965025413398817,-0.7148880276285212,3.6992294787883235,,
20.371291999999983,149.38989404580437,67.59436482458634,138.58224492200733,1.9414626806262671,0.8735515880506446,-0.07195702263515603,-0.40548599608172364,-0.809590936998356,3.240564607343719,,
20.38080099999999,143.69000006034574,72.93601485841415,147.00000259142357,1.7653670238812027,0.8915514432543431,-0.8766393176716288,-0.34612247243229016,-1.096799595373444,2.7514661580345248,,
20.39040399999999,130.44180961888577,76.92308774090532,146.40176183857923,0.6338710423535541,0.6022750176473964,-1.714572445953888,0.13678396170032778,-1.0540321083755038,2.4343784020926305,,
20.39989399999999,106.75902235277076,77.37511772662624,133.60139333137462,0.10006409481801869,0.963461225057163,-1.7903772954055315,0.7421708165262492,-0.7564461399453544,2.158807609866563,,
20.409322000000003,82.74129071318252,73.68638743261702,120.26080283371795,-0.3104518119882293,1.4480784874279922,-1.287564917715653,1.295905035870775,-0.535405054965981,2.076495868911154,,
20.41884399999998,66.96370983061752,67.72791192772588,115.94722667279626,-0.382740282630229,2.7776725391967,0.04484536404596942,1.5390197110631216,-0.369981842448993,2.1100594454269728,,
20.428539999999998,54.43523820867291,62.455560227970174,117.65224742617289,-1.235092553985699,3.1456599870010495,2.1559316496541694,1.4212834554326683,-0.47513281289730547,2.6055197306693514,,
20.438035999999983,40.42225098672221,59.59588843453057,120.73081908339951,-2.298343706102442,3.8164967448245783,4.771394617387998,1.1690856298409242,-0.9125190322916545,3.0590845955451824,,
20.447546999999986,22.252414525657166,59.469142403812185,122.3702375327785,-4.781417865508563,3.487658294968842,6.423057003479991,0.9966091130171136,-1.559178347410515,3.45303767796149,,
20.457058999999987,1.213934282926347,61.11912296183611,122.62212157736622,-7.476009826433736,1.3024623780535665,6.419878702318905,0.8560716899353888,-1.9318586218894311,3.7009375326343212,,
20.466575000000006,-23.590414117156996,63.432325472334284,119.26220849669706,-8.943838953330326,-1.6793156469952182,4.2635553797162355,0.8048851804907967,-2.204157977121852,3.720310074885869,,
20.475898,-51.03663542345834,65.25779313005297,113.04429778338674,-8.646593371287501,-3.473071028658665,1.4299583114224652,0.7314617581348728,-2.2746740250030615,3.7098512220220603,,
20.48540299999999,-76.16933159819477,66.61142064589396,109.43468160367236,-7.47171979172547,-5.3726293441038555,-1.2140547554062306,0.4972446971794879,-1.992201327951673,3.8718746689931662,,
20.49492699999999,-100.69571232148178,67.66062108407031,106.51161546209487,-4.941070268928782,-5.6646321730255575,-3.7487129036714526,0.39042584174154155,-1.8621232885617207,3.9394133883324822,,
20.504502000000002,-123.35609374358683,68.66706231429255,104.72477464105503,-1.5900952069711929,-4.526928639042274,-4.922718479494186,0.25738541328890696,-1.6645604403500993,3.8526330320131565,,
20.514024000000006,-143.4120824125479,69.61218181291231,104.84950380006029,0.8149136444595645,-6.990136061626333,-6.395940358542983,0.17513037184656166,-1.4200068528059677,3.774770676598269,,
20.52353199999999,-161.31421937691186,70.0602737431051,108.80511276141682,4.813965913026768,-6.585307534515871,-6.687155515869556,0.26146361155288417,-1.2038950176310639,4.152354842877895,,
20.53303699999998,-174.63457829651307,69.30494504743494,117.88955655137913,6.801757096764981,-4.392865295116639,-6.063118772993125,0.49426942231192184,-0.7914304763558904,4.314688081088987,,
20.542474999999996,176.08636958735244,67.71587047600207,131.39106071036224,7.832958183846539,-1.8089520983631848,-5.3285378743720715,0.6388168349556943,-0.38410499304111045,4.426331928331174,,
20.551991999999984,168.10048491058748,66.79046809603523,146.2346071769421,7.603782065850704,0.5892362065256341,-5.222483588625679,0.5796647538930054,-0.27640577232539437,4.44053574355074,,
20.561571999999984,160.4576251655613,67.14419633053558,158.9261155458701,4.580028715454428,1.5711255460790803,-6.107247868591396,0.49341285821997466,-0.3499415728492128,3.9429142612480583,,
20.571084999999982,152.81112713524325,67.85013342292316,166.14139711729877,0.5567853132953342,1.4372268719716816,-6.496039989839846,0.5123966205950657,-0.32298869521198365,2.877839445887962,,
20.580589000000003,141.5986962525825,68.41311376685174,165.30352026269568,-1.1126400380606931,1.7172339700469559,-6.599036746813363,0.7788521445793332,-0.3285207164922117,1.9671671858609396,,
20.590103999999997,124.52478237877062,68.6680528901381,156.0859214223523,-1.633993481659895,0.7722126822700557,-5.44404197555215,1.1586370407969802,-0.4722148741970407,1.3554163969664792,,
20.599609999999984,104.54745702288115,67.63968002025608,141.22497188485588,0.05430050120860359,2.1646919986641,-3.4353344283542944,1.371222275735484,-0.6073539609610924,0.7319015719144898,,
20.609042999999986,85.28733879601839,65.10591245728433,127.30737381420519,1.3864713430887727,3.141377004251736,-0.7071243157709716,1.4344448611009153,-0.7615845746373913,0.7407409865746981,,
20.61873399999999,69.96987220012736,62.438412447179005,118.66143364091258,0.6524081003976592,0.5850261297413486,1.6573943559615665,1.1835856448188695,-0.8533524190738037,1.0112755231329573,,
20.62823899999998,58.24866582287549,60.724564718727656,112.88127841021448,0.23503865726646866,-0.4865925279906383,2.951228959511831,0.7968317895917831,-0.8623248545294475,0.8962458347459962,,
20.63776199999998,46.995674371543565,60.07132438888994,107.68019333584623,-0.04002089520242782,0.3278897061513384,3.380150209029734,0.5131831386858698,-1.0030652490046004,0.9070974371168449,,
20.647267,34.72978726189035,60.76094456594013,103.51600480246552,-0.23326699534786996,0.6011060781986592,2.3902217480640386,0.20065865315225742,-1.2080435049396474,1.2919857425696353,,
20.656785999999983,21.955980931553725,61.9763848803899,99.9462886272815,-0.4398994571594077,1.9023637893621033,2.2719138677392094,0.020811870281665562,-1.2514047416262002,1.5209821239983279,,
20.666292,7.333751563177396,61.56643135159468,96.05698327397815,-2.097611582353784,3.832700311001035,3.234817973168827,0.28375124428840015,-1.359952083073064,1.7929349954737566,,
20.675791000000004,-9.81389839021161,58.90688099897193,93.25488074121337,-4.135213858253333,4.362442967055963,3.594655038765321,0.6761586886075923,-1.6531016882685574,2.413542613615235,,
20.685311999999982,-27.713527742890694,55.99373867731169,92.43815287461447,-6.120665830175568,3.059918855387507,4.452386247634886,0.6853178481397405,-1.8921472690867218,2.8530414403344735,,
20.694821999999988,-44.48431877911866,53.32317729772107,94.29570319688422,-7.9228130214468155,-0.5163074549757231,4.591896057205987,0.6553903325973833,-1.9013645033053381,3.107391301034776,,
20.70415799999998,-59.12542106949004,52.835717522355495,100.28753837766078,-8.063869653806117,-2.691393542345756,3.0728855891273343,0.3287451576066745,-1.7273047161339758,3.5397665410222547,,
20.713660000000004,-76.34843708188139,56.097267583254485,102.92721926701691,-7.330784351513641,-3.717812409119077,1.1902838355053906,-0.22699352656623423,-2.0830858188897143,3.333504309183452,,
20.732680999999985,-115.09379774086415,65.42956931532174,96.05130083169591,-1.3870528655745582,-2.32634339398994,-2.073239236818392,-0.6581542195843768,-1.819667747249319,2.5206230117602795,,
20.742260999999985,-136.15783337731412,68.39194620348312,87.1061262326793,-0.05254174747981745,-1.3701184707284433,-3.9575504141108646,-0.5426281813833636,-1.6506958857744818,2.0905618134439736,,
20.751779999999997,-157.68642775905298,68.32268550320738,77.26419980540152,0.3707796970939162,-2.3819002264993165,-5.21987086126806,-0.20744862570676675,-1.5584481360905686,2.0361154766945178,,
20.761278000000004,-173.35083933969696,67.5244841057111,75.90293381261849,1.506632892658109,-4.3071490184153935,-6.313927438938272,-0.12686370375438064,-1.172135912396537,2.6302348032913576,,
20.770804,176.8741043671375,67.37493717623192,84.37009019848422,3.9641732740551294,-5.995767168557904,-7.4041087300174295,-0.11294425015596384,-0.7387231277401047,3.5894681858958744,,
20.780315,173.17925063612955,67.6989902422302,101.84597873585402,5.746935371527348,-4.852355665526648,-6.294185089870029,-0.06354587026289436,-0.2838134704237648,4.286657320764435,,
20.789748000000003,175.75944765602569,69.1173652570171,125.2263366954635,6.889268570146815,-3.314280246455352,-5.194260879470601,-0.35069924030064814,0.06129361209571171,4.305917565458422,,
20.79926499999999,-178.14702813849306,70.99000465924205,150.8016935654073,6.73691665497573,-1.5391942377478824,-4.605388458744555,-0.5740682909906107,-0.00365836631743076,4.067813995753124,,
20.808841,-173.9205653620625,72.95604505461608,172.1612505010036,3.7018676141288323,-0.3902811692355049,-4.467354887871652,-0.38472275985488336,-0.2989720444935861,3.550226496837042,,
20.81836199999998,-179.00758692052986,75.69147956609893,-179.37104766179672,1.941570960150468,0.006968766647052093,-4.946295680263074,0.2327744496810481,-0.5764323391064855,2.729714102032652,,
20.827867999999995,155.45607714203683,78.07785179898826,165.64693150334745,1.1499717937428906,1.065810047224251,-5.416664475157096,1.0827647479158726,-0.6145122920794284,2.014791755432867,,
20.837371999999988,117.53173803988562,75.17555553847609,136.67089751769055,0.4471556464386129,2.194823936110418,-4.335967146238317,1.7754451064794043,-0.3626778176623963,1.608738671747866,,
20.846806999999984,94.73195963220049,67.77673966518425,122.47755222502465,-0.06299373776976235,2.1458233619521225,-1.8607686213145613,2.039477100922117,-0.19531904739619627,1.487346068484063,,
20.856499999999983,81.3031479375759,60.3866977900313,117.70778600169984,0.22797032310006912,2.1164595143195495,0.5784208404624493,1.862064514879743,-0.28621721474716516,1.4557121258025554,,
20.865995999999996,71.14373571893827,56.003372205318506,117.25071019407721,-0.39285701594040584,0.8200245417616394,2.2584685370777713,1.272999956242522,-0.5535493726810823,1.6255479981666852,,
20.875508999999994,61.56441993616012,55.845810493157465,117.48563366897574,-0.9138982987282241,-0.8119361613081996,2.865851709267386,0.5255221438609238,-0.9451941283783237,1.6234431985854898,,
20.885034999999988,49.32727644102014,58.66814763293817,114.11284588901597,-0.9799705575921287,0.0479837656207246,2.9304913000061603,0.07554870285003497,-1.4418311235118746,1.374969850156554,,
20.894539999999978,30.86851438259995,62.095517649661005,105.3316480167397,-1.2089381669436567,0.7411227491201012,1.922249434809045,-0.015818306353226792,-1.9479268128327916,1.4490712277223863,,
20.904045999999994,7.8042232155989275,63.39048873897525,92.87920031786578,-1.394414043115663,1.7198529504234172,1.4694242074373423,0.09205030238209877,-2.121576474779689,1.6105491300302743,,
20.913572999999985,-14.032829251826943,60.812387945877845,83.30111093756906,-2.5329871634559717,3.085508767890778,1.9514175466270098,0.45234966454480136,-2.054634754094639,1.9399320870671106,,
20.923079,-30.992666340713818,56.05562199784552,81.56229340229599,-4.127665308498513,3.6823125356379323,2.432885596901121,0.7146298510221629,-1.883406431070997,2.549754122577348,,
20.932401999999996,-44.51878171806378,52.43490177277497,85.57936287220998,-6.544410936911151,2.8189958980572474,3.105502243382743,0.552522683583939,-1.6495068101243608,2.9980997206712563,,
20.941911000000005,-57.08245127241486,51.469093305087824,92.47659012855979,-8.069981616728679,-0.48475342801886806,2.731018182967485,0.17657532069845863,-1.5475624738591403,3.3586248295137686,,
20.951414,-70.00173281258124,53.85237705293082,100.09241900489576,-7.957659899908152,-2.7210563438200452,1.6499181876625892,-0.2947850179755888,-1.6039482569912609,3.5787273174181267,,
20.960928999999993,-85.36358757723698,58.86312908079322,103.88634228869367,-6.52614181758826,-4.178247064456363,0.15035708574186651,-0.6194622117627769,-1.8637079426392944,3.319074718868458,,
20.970440999999994,-104.23280880473229,64.5636062268864,101.25112971617403,-3.328081911870019,-4.144579059015269,-0.735881973506719,-0.7139604199660781,-1.978445554365809,2.8014343651274047,,
20.97994399999999,-125.93141520318493,68.9893529440903,92.93067744361444,-0.6920958060631525,-2.6714059906474135,-1.4078561290065723,-0.658238323306063,-1.7890239147325226,2.3296759536843563,,
20.989536999999984,-147.95429335773167,70.95703159046946,82.30318283439654,0.29312371027482825,-1.9333668370521881,-2.4115892139452977,-0.4547262636459039,-1.47368583350376,2.0154196926262498,,
20.99905099999998,-165.49698162614496,70.4139369964539,75.93868270609164,0.6691187585759889,-2.527929213043245,-3.5827816490011606,-0.11977537028300213,-1.1470831409106967,2.037640929626069,,
21.008556,-175.69443692150807,69.18267484446378,78.70243944562728,1.504150837580295,-4.337657252831038,-4.891429554267913,0.07643350571218317,-0.7325966815407451,2.465112100243247,,
21.018072999999987,179.4896406325213,68.5869755992556,89.9581253813822,3.1090221514700214,-5.296609252793397,-6.200892843246962,0.07355914770850809,-0.3514857039235404,3.1485542408955296,,
21.027586999999983,178.2738385685316,68.37031390812078,106.76832747790753,4.702199752042398,-5.000505057548968,-6.79047851236545,0.043563461922931555,-0.07916923260943885,3.5877404338362315,,
21.037092,178.77416442538026,68.80955343617023,125.09918763056422,5.716500243458576,-3.696967722097844,-6.542005276444988,-0.10843643199839838,-0.006217415247070646,3.63525175402734,,
21.046606999999995,178.66510195334706,70.24898337650293,141.81673277238116,5.327430543776206,-2.0665292895119722,-6.298335851673364,-0.2172776885728166,-0.2087092734767479,3.4186458732350795,,
21.056121999999988,175.1791610897116,72.1387246542657,152.95152368681278,3.4284845827429966,-0.8090568337475642,-5.900976368821791,-0.02481824458920409,-0.4484997483699934,2.8847155278362147,,
21.065626999999978,163.90713407726219,73.94276123616959,152.8551184099457,1.8354776446272034,0.11491943360535395,-5.281150938167477,0.4132888059556456,-0.6294196647477668,2.1335762678370185,,
21.07513499999999,141.3824625512525,74.42578152018281,138.6440377144037,0.9440678440905131,0.8228785317298458,-4.629685253109177,0.9493485884417704,-0.7766107804960434,1.5052101386275842,,
21.084654999999998,116.52563103365236,71.43055513123225,120.16734413659545,0.7043770759067871,1.4146855375455702,-3.3914522753272798,1.3684806727667034,-0.7578961813748742,1.055805840444621,,
21.094077999999996,99.5621964323731,65.88736831546562,108.80392320910236,0.6461793523064402,1.5610656139653305,-1.5618145785537734,1.5063719571394472,-0.6747390152847754,0.8834835475097402,,
21.103769999999997,88.15566502650202,60.29915438660135,103.22301246480068,0.2478144106711006,0.9155026135757305,0.18557210758876322,1.3526132350963604,-0.692683948052359,0.9104238677265966,,
21.113280000000003,79.94428221055944,56.52467027101392,100.75981429281039,-0.16078085168333367,0.17895825214507732,1.3937737728303685,0.9147025668749538,-0.6921304366243628,0.8960593101347969,,
21.122798999999986,73.02415815376018,55.50349187962821,99.55693283796417,-0.5454395963663118,-0.3388693907252663,1.9397077665297104,0.3369045314168131,-0.7325956581886356,0.8959404010878518,,
21.132304000000005,65.49653926828094,56.86522235808583,97.76176349114576,-1.0435042569980193,-0.9467374370846195,1.3736534902503368,-0.1420789523395725,-0.876520702158699,0.8808851763594115,,
21.141813999999982,57.01328072403197,59.282110474830134,94.29622790217144,-0.6593233012195562,-0.28559176837457206,1.0472430468643685,-0.3836617812659311,-0.9504065072022602,0.7365291663541721,,
21.151325999999983,45.810896167334384,61.317267523786754,88.95996524999951,-0.5222661585792718,0.41513656033106394,0.9512770779039604,-0.37026501861300826,-1.1283106955157396,0.8697060598558125,,
21.16083499999999,31.289291899494376,61.50265778431013,82.51616548796528,-0.38962624647873034,0.5399859310766075,0.8464596627942278,-0.13409130889474083,-1.3891487794319133,1.253893470889256,,
21.170346999999992,16.82115662002363,59.43829339832594,78.10528732193136,-0.17202835574020825,1.5059486080802034,1.8078171983941766,0.1728637968316701,-1.4803640570052792,1.6290416104190866,,
21.17985299999998,3.4081187401125668,56.28174573744489,77.65497321658516,-1.4169995222255305,3.8618709160287796,4.3305538695594485,0.3252313050300727,-1.5323725281322615,2.1756292420897023,,
21.18936199999999,-11.946404926948448,53.48818397026548,80.44829933869529,-3.56253919659241,3.3127218968286036,5.092121520587549,0.2221089839217278,-1.8441536793927316,3.066175356420996,,
21.19886699999998,-26.20088386377033,52.59481197182923,86.42771200312819,-5.205769058378561,2.124637288375892,3.8816328902430746,-0.012649688997642114,-1.7257198654397392,3.5453881678394725,,
21.208203999999995,-38.00118138657351,56.200415815568014,95.83859621264824,-8.980268523356244,0.4677356936210917,2.660785721498766,-0.6882839594034392,-1.385222137744999,3.8795575693665167,,
21.217715999999996,-55.08047620095822,63.66886221431267,101.04295642782611,-8.318259228880507,-1.4755367304237652,0.3132357278624233,-1.210697116555313,-1.9079946811110797,3.9972562458843846,,
21.22721999999999,-80.16035408430469,71.57244119177415,94.74618445423667,-5.8669440412581855,-2.5171076103897336,-0.47404097239352067,-1.269766973279881,-2.090283679986579,3.3884641169500367,,
21.236728,-114.18280569154211,75.46147854796284,76.43652266104296,-5.475868220599183,-4.433253303936338,-2.660169721371575,-0.8891707166374084,-1.8356568423090616,2.8741483997552106,,
21.246319999999997,-148.01693323854752,73.60377309484711,59.06007104087573,-1.190861019622457,-3.197534272243237,-3.5592558319922025,-0.34573524549258183,-1.7760927592791698,3.0533701341321717,,
21.25582,-165.0591209331957,69.65443806981942,57.68140345663347,0.03745034025220068,-2.4591170198327044,-3.761563767634219,0.10169568602362082,-1.3136493369663291,2.959271479312716,,
21.265344999999996,-171.45045769600094,67.54754210939426,67.86990612236677,0.8838369605795011,-5.385659975698942,-5.905819799645133,0.1555667695291646,-0.5979622839260167,3.227310667750259,,
21.274858999999992,-175.4777030963931,67.06051379327431,84.72081578150033,2.890625654413605,-5.426969360799795,-6.613925429929216,0.011369071786749844,-0.31820432721386077,4.11377660420062,,
21.284373999999985,-176.83306687876964,67.70768648285318,105.14511779586105,4.0392415551137715,-5.2088871665183465,-6.281677095459312,-0.13312226761417123,-0.1112711751570047,4.33581113770904,,
21.293886999999984,-175.9561248002828,69.29186959665779,126.71033667244596,6.364429790583743,-3.9364346702761766,-5.791304447826534,-0.3281565964324222,-0.08152270720593978,4.149961882981252,,
21.303392000000002,-177.00514840710377,71.1289989297694,146.44121010201752,6.750237321552314,-2.246267743654136,-5.370350127251157,-0.21428516777393683,-0.32268593142023033,4.14322558081779,,
21.312906999999996,177.66441605323368,73.1621949965567,159.407485745241,5.1128956212310355,-1.0509001118496373,-5.18231937394572,0.09683982225333043,-0.5214472397609209,3.606387965836601,,
21.322408999999993,163.88233578405416,75.04601777258917,159.76400242979244,3.654503349263988,0.5197086398547087,-5.360396184885248,0.5699644437251906,-0.6255836340720098,2.7192985609667795,,
21.331900999999988,139.09524180541516,74.91997342928637,146.440674181489,1.4244028989647575,1.445509119871468,-5.170518847506901,1.1457521982549297,-0.5666774402854812,2.121190137734647,,
21.34142799999998,115.1008133338358,71.31369155118031,131.32287717892,-0.02759085943077687,1.5368795617136262,-4.024126770179994,1.5065278187786815,-0.3891329809873236,1.5669400971949425,,
21.350857999999988,98.59038524422331,65.98634228266567,121.69622214493195,0.12608717690599164,2.0098384016055024,-2.104661573450354,1.5613864561116693,-0.34542831772131893,1.1456091853889088,,
21.360558999999995,85.49568042750961,61.23645809354156,115.75180225036914,-0.07130585623130964,1.2631448072470615,-0.25412712778407337,1.3878735609057056,-0.574209766890288,1.149641098135946,,
21.37006599999998,74.64303869348556,58.57715270917721,111.87467786735341,-0.3292809481899388,0.19808854419865587,1.117009117274955,0.9255685474262857,-0.7889289393923882,1.0928493252928297,,
21.379572999999993,64.86592972468416,58.581173908038096,108.41667872200469,-0.5723627993539145,-0.2775361756997253,2.190223028305683,0.35270915873814324,-0.9643386812083008,0.966725022979283,,
21.389082000000002,53.043552217958876,60.47537063157237,103.07448698932629,-0.9776108902664835,-0.9804769027168816,2.009865467554431,-0.03393172089309781,-1.2629631572135958,0.9601818486235828,,
21.398604000000006,38.94947045968325,62.63767649810952,95.17368264010136,-0.7467976896002092,-0.5807098176465724,1.378782490692976,-0.20594800554805304,-1.3991826992192826,0.89077369909774,,
21.408095000000003,23.659741754522393,63.90554073525547,86.52620263070925,-0.6247525911384522,0.8725167413136831,1.373692149542854,-0.22378344904836692,-1.3833796301121426,0.9952261768671848,,
21.41761199999999,7.355693557061945,63.14865219489319,79.75480242617346,-0.8305305159201126,1.8923612580104838,1.4741364579293517,-0.014741637878694409,-1.4645369610314154,1.5595097710702008,,
21.427130000000005,-6.928629674860142,60.392679278201534,78.08878290196309,-0.8994051474037511,2.461100604957926,1.5942655429727604,0.28990405711741096,-1.434930283682235,2.179431204341768,,
21.436633999999998,-17.834595639389857,57.61342889142682,81.57324617178428,-3.604514877596583,4.554642508337079,3.521912803595488,0.3600982083426224,-1.2057375475624446,2.5625455346195567,,
21.44614999999999,-30.309504363234822,56.18248382678741,87.43417466934899,-6.797084797149897,3.068334130559822,4.196374752166568,0.1659963500857343,-1.3840018421846034,3.259589781749896,,
21.455660999999992,-44.75784417660543,56.61081680134584,93.92870449594876,-7.6118441845760065,0.7658755684042293,3.679079064755944,-0.05550375185938886,-1.59826552185994,3.7044330704501207,,
21.464979,-60.390410760758826,59.487469024163865,98.67327989701994,-8.44947751293993,-2.05783822958167,2.1191725093567118,-0.37949929008727773,-1.701872502901603,3.6021387953741564,,
21.474496999999985,-80.91475274493207,63.81748464218465,98.30436421421065,-7.161186580634121,-3.8917516197319855,-0.026195293439989286,-0.5551409117483562,-2.0438216545059866,3.542492181875311,,
21.484002000000004,-105.32411503223516,67.91296837587966,92.24737530721313,-3.9582097873455173,-3.547873596004027,-1.6765097947906757,-0.6171388385724865,-2.044733587118064,3.2503495091244052,,
21.493595999999997,-131.35839875391756,70.44380060448339,81.61160837366532,-1.820111277498718,-3.1465317432972255,-3.151958041533619,-0.5950214172642364,-1.800595059138291,2.7456692334836075,,
21.503096999999997,-156.3178169196978,70.80835410906366,70.92331476828264,-0.15652426469887523,-2.896006915479763,-4.4685616651497355,-0.4650439689267468,-1.572441428257519,2.5745918954914466,,
21.512610999999993,-175.9242946118696,69.85275161684542,66.13799614576578,0.9824183856326599,-3.1014688308524163,-4.6196563385503016,-0.31312527237176324,-1.2848993631374823,2.735083807676425,,
21.522118000000006,171.34712181458102,69.9196389761789,69.86114235244813,2.2972248062944094,-5.2990869615545435,-5.287543846066542,-0.35013317719862264,-0.7994771778604426,3.1330002945584114,,
21.531649999999985,164.89682718093917,71.23499887189057,82.25114044800266,4.603152259253401,-6.1872082042424505,-5.59359110866778,-0.37154931089448096,-0.3492363568399914,3.6927393901128864,,
21.541066999999998,165.87168281308982,72.61314769865285,102.95372216742909,6.048987224587151,-4.864759729078186,-5.052532471797849,-0.2923165015191867,0.049291270680616575,3.9537197911038087,,
21.550578,171.7841657140631,73.62488573143321,127.7512689779312,7.000555636111427,-3.101078920749274,-4.833125252395297,-0.34369037614927267,0.22160062006820183,3.8262631087944015,,
21.560171999999994,176.78849303805816,74.33922746921169,150.02666064134868,6.0071239078284435,-1.2106854130777527,-5.369556224663604,-0.3137487688677515,0.06868071470959958,3.5845855198270877,,
21.56967499999999,174.98897760156814,75.01954558375165,163.16377937509486,3.1591885694593467,-0.03797039350586613,-5.958754897948661,0.02423341038192108,-0.17273349312020023,3.0511623738322404,,
21.57919099999998,161.816767957639,75.94534184876179,161.48491090652166,1.0355218103845931,0.5626809547255159,-6.142659674718643,0.5658540724932576,-0.3884274445617914,2.2723541105663956,,
21.58869899999999,136.54055085175872,75.60290187651603,144.62856749586186,0.07156981281661016,1.1839897224797369,-5.439969262212761,1.125217143547037,-0.512332151546683,1.567834296452747,,
21.598209999999995,110.68292094649571,72.17623006462209,125.30673737228898,0.13363997412978382,1.6393485886627817,-3.532704742706616,1.4771737762721728,-0.5470787140771667,1.1288087093294785,,
21.607632999999993,92.38368972510497,67.03026515851924,112.96064729094009,0.501334662461063,1.5629971573155363,-1.1251190854975335,1.5062950478545272,-0.6261712977130868,0.9760430208861923,,
21.617334999999997,79.46666376214637,62.50635513951515,106.2493237103423,0.43590573246801495,0.9452809491724372,1.148308384836521,1.2166721090994712,-0.743772869873809,1.0021080320484639,,
21.626844000000006,69.41535336914343,60.356432100056814,102.76700814147082,-0.5315053474969266,-0.5094327661524357,2.339418388590272,0.656605247577034,-0.8312953349864733,1.0722278165015753,,
21.636345000000006,59.979684928403145,60.753338643494345,99.2171535277519,-0.8470060493948763,-1.062253521546726,2.6634063120078517,0.10138633053510941,-0.933299371376929,0.923224381479511,,
21.645869000000005,48.77852753075366,62.571877840408554,93.54149517182093,-0.5575841010599772,-0.18163370635004536,2.2525556077978055,-0.2383849943752734,-1.104245817104516,0.8274317434139995,,
21.65536899999998,34.554764381869404,64.46243524947599,86.11353114577595,-0.37695922977063684,0.6780465432274986,1.6106265459045273,-0.3741223879452695,-1.273680594157747,1.0532538193558827,,
21.664884,18.02660252610909,64.91305159649305,78.34704936330627,-0.3336277532194435,1.1422656711868948,1.2945536660192378,-0.2717405911529904,-1.393131041338404,1.429194231420522,,
21.674401999999986,2.4735359371619676,62.63790143355392,73.60614185510175,-0.6807978099801156,3.021387607474352,2.112188833168803,0.11541282630060495,-1.4477572201215452,1.8373899833486433,,
21.68389499999998,-11.722583191419506,59.00658156321328,74.13058058363498,-2.57557061637333,4.632065943589497,3.6474645424594967,0.32148620398765265,-1.5349441042972325,2.5798855110422427,,
21.693421999999998,-26.16204879410529,56.26422867919154,78.49257378345241,-4.7404317664232165,4.031945223825718,4.639885699495142,0.17731646870550574,-1.6343825396861034,3.308738817011666,,
21.702924999999993,-37.99843026639564,56.427825715277024,87.14568499098718,-7.334423147287172,2.1665502680620543,4.055252337948669,-0.18505740938052018,-1.2978097186571107,3.699365785504247,,
21.712255,-47.6445789225778,61.858932163628,98.9125984894494,-9.486231494630546,-1.3750392616445872,1.6414598504082405,-1.0312100419303287,-1.0375224653071775,4.127385675476986,,
21.721771999999987,-66.34463904916637,71.34587385435252,101.7829089496997,-6.487052782296341,-2.349906032957021,-0.32938818892986044,-1.5800468946277821,-1.7936924865507111,4.009612910539723,,
21.731274999999982,-103.59231118562946,79.56952604217734,80.60231973274854,-4.482762264553022,-3.023288261624263,-0.08830834182773184,-1.5239167795615969,-1.8679996124113256,2.9969439669961484,,
21.740791,-154.84419339398838,80.66537420623706,43.17581031052238,-3.4127720060223448,-4.565208445086466,-2.7477406832600617,-0.9775888549859779,-1.3995761389899788,2.6243955636197485,,
21.750372,179.91836708754812,76.30739282409377,33.173277704035314,0.24883069629342514,-2.184178234456788,-3.9095439403335868,-0.26107002994462936,-1.2791638319706056,2.9456833943772596,,
21.759886999999992,175.41015865216914,72.60407594783106,43.04246270713116,0.41098745964273575,-2.6187196769606405,-4.143291567255008,0.264336360556246,-0.722007032741648,2.839905804192626,,
21.769402999999983,177.99177601373668,72.79316495943597,62.435112246589696,1.8260269513367888,-6.13324399450389,-6.292920479693047,0.0561324057373146,0.15642369228988556,3.38454681407961,,
21.778901999999988,-174.5329783127527,74.12810388839125,91.7850056883964,3.3929172150847338,-6.112195307250258,-7.162705504681079,-0.17679496210700932,0.48444692380738524,4.436295984336194,,
21.788415999999984,-161.13451721833295,74.37225791057739,126.72853254585094,4.4362003326181885,-5.712361989695185,-6.31023901459146,-0.29980333413459653,0.6762611003103486,4.4080251290281405,,
21.797922999999997,-147.87276383363343,73.91214729310583,160.32592562258444,6.668582206890978,-3.824698084796451,-5.740107189923105,-0.5433085191326427,0.5043321079855814,4.166532934525292,,
21.807442999999978,-142.63786114247625,73.29850475712392,-173.58087868004858,6.32332287628977,-2.407883689507206,-5.5742276504215615,-0.29222916884392125,0.1501380979391816,4.214869686649893,,
21.81694999999999,-146.10801585447328,74.11116932396207,-159.2286065970185,4.102465171540337,-1.3521217335570237,-5.3297456809416515,0.21999375304473331,-0.12263986005005145,3.5366035586025015,,
21.826459,-160.33400202459165,77.37487239418965,-159.84430872569698,3.0878412143468696,0.3372682775495705,-5.641811137278459,0.8782167194102102,-0.3753973999902576,2.6329859262893542,,
21.83597499999999,160.70875399129696,79.96902652665192,172.41167417412174,1.2499131506706729,1.3922739229650873,-5.3462685648303125,1.5455283840586196,-0.33803736229243503,2.140949133504585,,
21.845474999999993,117.58806736497274,76.33910128771431,138.51461578576803,-0.029012040641399485,1.6816037981971563,-3.541880524839133,1.855851021083595,-0.11682241139224202,1.701993141731791,,
21.854911999999985,95.13452103988662,69.87983011848013,124.05569148942902,0.06880760208826668,2.1719124111727206,-1.1594498713504267,1.8112610391986794,-0.1497129426612766,1.4251348486993918,,
21.864598,80.08142807451426,64.58237238332566,117.70521050410146,-0.08755399106979236,1.6438422984331753,0.7583035606261593,1.5019072131955682,-0.46869078063226444,1.5167933399859632,,
21.87410799999998,68.12012131896819,62.272576800267174,114.47486524379164,-0.5673886310856169,0.41824729657605325,1.91117257648802,0.8850204505899175,-0.7685205847383159,1.5436669352998966,,
21.883623,55.952225863465834,63.030380953437906,110.56539395784246,-0.8972772716149237,-0.21031597605674926,2.608270705808953,0.2906199200181864,-1.0980840149412259,1.4259462737205684,,
21.893128999999988,39.23488522216437,64.92396158227234,102.26886241605924,-0.936584473215729,0.42906245856295083,2.565892618898673,0.06044047585810325,-1.5173955636331178,1.3387774724532828,,
21.90264099999999,17.596033224687915,65.70036873987867,90.0393660191279,-1.1040835178781718,1.8690498308699706,2.40199325122511,0.049994374145464565,-1.8127183617771658,1.4838932270247998,,
21.912153999999987,-5.175942769319538,64.20666743797291,78.95954929833876,-1.3573961727944217,2.207205718737542,2.1172100466080748,0.11930744976967507,-1.944408518868972,1.9101682572007812,,
21.921672,-23.08881070404513,60.45742581252633,74.47348938353122,-2.4936234937223443,3.4046016342402674,2.7623893598899922,0.35386486333224454,-1.7899137150015252,2.274771602569622,,
21.93117799999999,-36.707351841035546,56.45586347419886,76.85949099152486,-5.475020434739579,4.168686688007321,3.415220346059975,0.4326041147765069,-1.578222480522105,2.7970440001980013,,
21.940504000000004,-49.52010429052035,54.87614123206,83.17577128615635,-7.121019056646951,2.4410596363275876,2.9029091593224954,0.07143649304638713,-1.4764801340056974,3.378840748281644,,
21.95001399999998,-62.124277005428475,57.12408745117727,90.75727042908686,-8.358390597381144,-0.7393514742297065,2.3134805276817056,-0.514203947680266,-1.379625994190285,3.6066501640785615,,
21.95953,-77.65517850150424,61.95796207655923,95.30385959913919,-7.845626120710979,-2.976206999070587,0.6710245647845166,-0.8725715155020437,-1.6162191545525986,3.5884528319682087,,
21.969029000000006,-98.20789192590219,67.76564129178831,92.98386747889693,-5.026855180503414,-3.86970481121552,-0.5506406505124142,-1.0172217061739701,-1.8121022140119716,3.2622167022239403,,
21.97853599999999,-125.55480199873422,72.21035205052003,81.03533144936182,-2.475963287497051,-3.5993737908022267,-1.6565384308394593,-0.9640699554208568,-1.8014638886292405,2.757699605495873,,
21.988066000000003,-155.54366775658696,73.5835927221407,64.37868544548218,-0.4650301778567647,-2.687457627963604,-2.383699149724869,-0.7771737291524523,-1.5789569755489192,2.4066218197801006,,
21.997638999999992,-178.30474372097962,72.65136942600266,54.03532459895471,0.5020619248435951,-2.3613697432645586,-3.188806364909589,-0.5214077006479151,-1.2134412595457924,2.2871111608993155,,
22.007152999999988,168.9604916264168,71.63166799489083,54.25826918572561,1.1163492079820867,-2.958641145193747,-3.691908050884953,-0.29982050775801816,-0.7420738080926703,2.4660021408942487,,
22.016662999999994,164.10492451372957,72.4150529055647,63.96194334367695,2.0812936108002575,-4.020380603317525,-4.039436891563301,-0.29838527273275833,-0.1688146726291823,2.8617770363553268,,
22.026178999999985,167.43276655832872,74.59226808744285,83.4278534819927,3.365683074620428,-4.865293027419687,-4.491599851691663,-0.37777064990862785,0.31024390875757496,3.2525474059934276,,
22.03561399999998,179.8586111739463,76.04533879420623,112.26838046322274,4.661730160569336,-4.936823369277078,-4.762345226183951,-0.3851219523088822,0.5883346421926812,3.413490409144745,,
22.045203999999984,-165.9364737716316,75.59690348950215,142.6282741511378,5.538232000922015,-3.9450048426128337,-5.066467378940806,-0.36432253861233393,0.6064179798937803,3.3593274090352483,,
22.054714999999987,-159.38498039721213,74.42957328833391,164.47129962513986,5.263962924381119,-2.598619034345483,-5.800178331602481,-0.210221442547677,0.35654018000022253,3.204763364935141,,
22.064210000000003,-162.8672100339229,74.23610296677944,175.14741264557784,3.1700414338364578,-1.2203691932159135,-6.106704948835841,0.18243114338045027,-0.003283866022377273,2.8044445905467534,,
22.07372799999999,-176.8624880694519,75.46691224175731,172.2699143422038,1.7186014983715843,-0.1235144371969964,-6.018266409769685,0.6916836068807075,-0.33336639683743013,2.1237942712215085,,
22.083236,156.3865484248774,76.39227708310719,153.67114004311142,0.9394608252634602,0.8283590881836079,-5.091244879892257,1.1735687258189778,-0.563964301354234,1.528277988798652,,
22.09274499999998,125.4569491597713,74.39280096044303,129.32455705638893,0.7874480975285235,1.3496022012111306,-3.2139892208309173,1.4421763153479648,-0.6714121836937683,1.1617988154041434,,
22.102182,103.19309703539462,70.17918578114391,113.10928726879878,0.7894374731353724,1.3267066601936768,-0.9973867418674343,1.40261862481761,-0.7353611050477382,1.0302345056555304,,
22.111873000000003,88.64779918419508,66.31505945960949,104.71210454039787,0.23139913059785944,0.7412403496821713,0.9949887014114702,1.0719380203459292,-0.7801666779967837,1.0475008233060816,,
22.121377999999993,78.40011226997665,64.56012812946192,100.56597936295158,-0.6576267161683699,-0.15307263585799485,2.049280472707561,0.5258557111528748,-0.7638812468388584,1.056506622918978,,
22.13089499999998,69.43539320670791,65.18535051979121,97.36208539453456,-0.9694096509015867,-0.43622345531437806,2.1592945528997873,-0.0045478260604507005,-0.7801607824161327,0.9728174133783875,,
22.140404999999987,59.25117048595477,67.30018418834574,93.03368230730295,-0.9199715557382129,-0.35428918630385586,1.4508375980635615,-0.34428374280814056,-0.8642077110476944,0.9895682387570266,,
22.149912,46.95841923024061,69.55643239611685,87.08209609505344,-0.7477045728888394,-0.1278336078701374,0.7612659818136706,-0.44528933657244796,-0.912911870907353,1.0880616506157994,,
22.159425999999996,32.225856823623715,70.3459825424015,79.69644026279504,-0.3492120204275804,0.8764291541284867,0.668164254053077,-0.26696892323337656,-0.9929337481936037,1.2837625662844219,,
22.168938999999995,16.739197545963563,68.65427213273769,74.21374695684267,-0.26520792875502447,1.6162712758400182,0.8016958675763542,0.0900629414433399,-1.1394315334899383,1.7986862614348555,,
22.178448000000003,4.167549222279765,65.59967749560762,74.20701864386339,-0.6202080690444592,3.3931242421457934,2.202333869577738,0.3294064268466562,-1.1128282372281735,2.30971485351857,,
22.18796499999999,-7.808420650032148,62.743409669867916,78.38543478236325,-2.993098617950752,4.872627123622181,4.361434746734372,0.31782141471333664,-1.1542162011440098,2.9869006351151364,,
22.197457999999983,-21.611176136750526,60.98331412724829,84.56313027655453,-5.138314137377237,3.923467596754408,4.768730117643001,0.16628849071346913,-1.3428179805170157,3.666495947137309,,
22.20697099999998,-33.00211841201888,62.05539443803853,93.86115749663713,-7.460831537190956,2.3142578596960033,3.616054417871151,-0.21799393196059222,-1.0830820192161104,3.8599500516699474,,
22.216307999999998,-45.204878127123266,66.97859819022788,103.20962651256538,-8.865084431325283,-0.896176001067698,1.6708749116072201,-0.8085332095772193,-1.1813505142722607,4.071298927303722,,
22.235333999999995,-97.87259864032295,79.53732466377903,88.07887213245733,-4.645067560311379,-3.4453620890563568,-1.5589593689974817,-0.9139487430623519,-1.549908720076309,3.192933807662815,,
22.244837999999987,-141.25959537005957,80.08314681829683,61.40113554979893,-3.2282632067597605,-5.038563552204274,-4.377942844374287,-0.49388055716486384,-1.4126411597429094,3.211178752767348,,
22.254426999999993,-169.6057998025989,75.94436889548415,51.62510335769564,-1.149995011086223,-5.149976186950459,-6.246502426446771,0.024463837452670802,-1.410080313715037,3.5921548332994147,,
22.263938999999993,178.7593789736342,72.15384817866989,60.25705211517835,1.2136833735451777,-7.594619249263887,-7.130992444906537,0.26279301539878486,-0.946161999317017,3.9623284742315437,,
22.273458000000005,174.8423300773275,71.18044515713956,78.97499746935162,5.824015191366388,-6.825597886688929,-7.516467488888254,0.08727924165187606,-0.2931145059365704,4.48699761927881,,
22.282960000000003,177.83547755537052,71.45466754834833,105.17771156959242,6.536170848883942,-4.872376350629076,-6.426101096268849,-0.07464793495363378,0.19419187298025595,4.673708546059571,,
22.29239199999998,-175.23959399630894,72.51955512084017,135.40148627522512,7.367343442678061,-3.2595429266952456,-4.560561894023753,-0.41535632603312816,0.262104251951117,4.727351029300172,,
22.301907,-166.35768554109148,74.7897362522602,167.1210373894102,7.649851147343076,-0.8065432334220083,-3.5930561116964004,-0.6712666994076275,-0.16549118678606053,4.6378337258087665,,
22.311492999999984,-157.81159438742742,77.89686766988906,-163.4952181243953,4.3072882956710625,0.11848755141201064,-3.7873933788982335,-0.392708777450065,-0.6472632115358057,4.2132899253744185,,
22.321004999999985,-158.43719654959676,81.96672203505517,-147.42341219096164,2.9294921651704913,0.6175393948601257,-4.470649533493153,0.3566947535672456,-0.7471961264705587,3.334149232175759,,
22.330501999999996,146.58259203175498,86.18934318087877,171.57191651308148,2.198023571009594,2.4030691913225195,-4.62907675484254,1.2269773977170935,-0.5207738814943781,2.743098516168553,,
22.340018999999984,79.58153746746602,80.586239298459,117.92593808578746,0.7855628557026131,3.1272304630153775,-3.5998216272424557,1.7368777797337518,-0.0856850310723065,2.604497842332537,,
22.349440999999985,67.1977813821603,72.52618645542805,118.17127904915272,-0.054377037203944295,3.4541736631831608,-1.2975740083972351,1.6948168625019013,0.2384497668401499,2.452783850747174,,
22.359143999999986,58.78936305900878,66.40500046345394,122.71091617729486,-0.947781820016409,3.1660218431562326,1.2800190172955663,1.3614913114613518,0.10427100282774043,2.4743437334447953,,
22.368655999999987,48.6121753836389,64.06922829931713,126.25434182942723,-1.499310619413873,1.039013638294421,2.426573325150918,0.8758843225644417,-0.4440784111990298,2.5484964297069133,,
22.37816699999999,35.45791553685073,65.5389081862533,125.5517601063741,-1.6123935057720156,-0.02477165381274221,2.9519304492772034,0.42896389861052553,-1.08198714852191,2.232407575339713,,
22.38767899999999,14.567134667156061,68.33938884204548,115.86414912024095,-2.5557887398034005,0.5275412489983309,2.760239486793282,0.36912747754090264,-1.68621559759659,1.9042114329524442,,
22.397097000000002,-15.133682879904933,68.80725521942661,97.7895237119416,-2.783252643374862,0.5495114961996277,1.361684613813463,0.548264073821419,-2.085792019401988,1.9210925938723677,,
22.40651699999998,-41.989024347426195,65.37615008979516,82.69709323179379,-2.8965895484022224,0.9081076830153901,0.4841075920541126,0.6910291565556707,-2.0721724734661238,1.9366131352720095,,
22.416021999999998,-59.16255169694703,60.034539698595516,77.46965166765901,-3.459485478206648,1.1480239864676547,0.21339200398314956,0.7845561119259361,-1.726881912910069,2.0100686633466784,,
22.425532000000004,-69.90049563931424,55.49816638596362,79.07932725160288,-4.116397831073699,1.0426615819609184,0.38214655317363877,0.6644266683717741,-1.2987550087345372,2.140230790130553,,
22.435045000000002,-77.72344083051112,53.274993723279394,83.19571479491488,-4.910727255402643,0.26316577288341014,1.103099123723706,0.30758718259499884,-0.9599186474986439,2.0975104599659673,,
22.444547,-83.88512420800595,53.59180320972862,87.95407543595518,-5.561170122712974,-1.2195985138325398,1.8866069987767315,-0.11326304939238348,-0.7165726594009408,1.944106730722498,,
22.454067999999978,-89.51955508289065,56.05076876059333,92.16033672676782,-5.124096608064335,-2.383280991063945,2.2079445474244888,-0.4868945421885987,-0.6380589466320414,1.764672926105482,,
22.463745999999986,-95.99418385121189,60.0700835153216,93.810356921436,-3.2960560618712127,-2.5128073650862714,2.2084929084825693,-0.7642444215949991,-0.7136485945240557,1.430576219512123,,
22.473266999999993,-103.6043015937652,64.64094493911978,91.61611177658426,-1.6815414366872317,-1.920977816749204,1.8040440565701292,-0.87712209874945,-0.7357564758983427,0.9104711343978611,,
22.482789999999994,-112.24127682004578,68.72448724768347,85.49011293315651,-0.45059525868273065,-1.2077759190689965,0.9195115686189145,-0.8309112170071898,-0.6496508963903148,0.3611883815511703,,
22.49231899999998,-120.79469829820671,71.7910448620844,77.29030492026904,0.6115245151759336,-0.36988749416366223,-0.22604210519285634,-0.6900411948509425,-0.4666931481699715,-0.044158658059563594,,
22.50169599999998,-126.07377800832423,74.25639891522677,70.95665375417013,0.9844688661229017,0.09995736067167002,-1.8689880408328061,-0.5565007205752961,-0.1491002960924501,-0.2859600175197261,,
22.511194999999987,-128.80309674798372,76.2038867759896,66.81119247512477,0.7159661821009089,-0.0007276895502784245,-3.72057241583779,-0.41148119658235544,0.02307467469916236,-0.33899999594825786,,
22.520713999999998,-132.30555865009848,77.25959225363556,63.19312954708519,0.4569767210279644,-0.2231085074218531,-4.675037990290954,-0.25691887933706437,-0.04381560539682657,-0.07642766918964307,,
22.530230999999986,-134.84288253467517,77.96688105923596,63.15734648110022,-0.0250871004508693,-0.7192880600413135,-5.536856388970465,-0.17355488730926505,-0.020412267032264193,0.47036587463733287,,
22.539738,-137.59937645165581,78.29022714243038,66.97705735255606,-1.4149639846873823,-2.1703316009191194,-6.605897986065261,-0.10614151389826855,-0.06259797211553456,1.3098783743194606,,
22.549244999999985,-143.28880922529638,77.69969372723511,73.02858187192805,-2.048666505823483,-4.228504650057762,-6.774648736303678,0.027668908733682957,-0.25060267092255994,2.3557339336547303,,
22.558763999999996,-149.29527836004397,76.65894823717824,83.28581990104792,-1.3427996886851343,-6.424353384622817,-6.436208610253343,0.14332980612133983,-0.2934033904620854,3.2794349370536113,,
22.56827899999999,-155.0338821506299,75.34941595651603,96.70248712237313,0.753093608699798,-7.631003324927179,-5.811024161366842,0.25342074685267846,-0.2704905421457695,3.8686310399968953,,
22.577697999999998,-161.66139870976642,74.07993937905698,110.30953000532183,3.085375869017385,-6.021920986009266,-4.263938353407509,0.3178041751686624,-0.27718612962586237,4.069167464983791,,
22.587208000000004,-169.50804038477858,74.19261429103861,122.4970839820915,4.486115161425358,-4.114947223743804,-2.9849771384368493,0.1578572703354477,-0.3949553846311418,3.9970797966951443,,
22.596723999999995,178.15462139066295,76.1251731476886,129.59797738205543,4.6726748685051955,-2.1569580452825705,-2.583553520681951,0.04701244597328298,-0.7430785111114043,3.8436241667491844,,
22.60623099999998,155.2531583952499,78.17864503995078,124.52269796304857,4.403002286849085,-0.4819496844435316,-2.6110274917027585,0.273937746054972,-1.0628067808290087,3.5602869771096257,,
22.615748999999994,122.41045519394352,77.64736675600412,108.28263656313302,4.130848920751589,1.0936271335342462,-2.2348774786430035,0.6843629404341119,-1.1865068900895757,3.280324384264195,,
22.625258000000002,95.0499057502356,73.94413735017879,96.79691668627736,3.361988718735866,2.436168593512346,-1.3608257955213052,0.9862680951081823,-1.16043442942679,3.1029780385793693,,
22.634949000000006,77.16598985447395,69.25818364480185,94.63326051979655,2.2805746917035385,3.1521980995622787,-0.2640028076851738,1.0319385161115202,-1.044560320859894,3.0492956985332853,,
22.644453,63.3838726981297,65.63909135545482,96.70948460251591,1.285044951041657,3.5117790587408417,1.230133035381882,0.8204617147752971,-0.9943489126032232,3.0427617974999444,,
22.653946999999988,48.54771612633184,64.00047264133104,98.70580127830972,0.1345389809833693,3.656165088878402,2.7344520501744665,0.4977248572257354,-1.2166008655194902,3.0766190385310472,,
22.66348099999999,29.447607904996953,63.90725891817607,96.98476626098984,-1.1905910306128706,4.176332511441137,4.123015824089966,0.2550533927573745,-1.6648745761054444,3.081730283563424,,
22.672994999999986,4.633417039949709,63.71873337332754,90.54372324630357,-3.3279292118081707,4.259321660395701,4.9798090284643335,0.1909863989823641,-2.1809341949523673,3.164277279525836,,
22.68249799999998,-22.659039904698265,61.45790334282316,82.60644571898892,-5.757448610764677,3.620868081217031,5.218579362400679,0.3041469622951185,-2.526478885855553,3.262742104400033,,
22.692004999999995,-46.153240170751864,57.652129021357865,79.44123548717404,-7.630282658014719,2.2405441706863716,3.885361624911704,0.3820479579758995,-2.4633441296902108,3.421692092330437,,
22.701334000000003,-65.06072493403951,56.22516941153306,82.17489726437859,-9.143640427833926,-0.7910295137663299,1.4992183607520588,-0.03989389027571976,-2.0777518751661748,3.7174726551058757,,
22.710859999999997,-85.30427693305296,58.058652708964765,83.98120351894065,-8.431400083116328,-1.9714720330580544,-0.3956073533614762,-0.618910772947539,-2.1294430261963018,3.7654143927363126,,
22.720360999999997,-107.13539972352544,61.65670925739454,81.97399575201517,-7.128644525072852,-3.7649370480304736,-1.4703047555873574,-0.9703181815948247,-2.076516448403458,3.3800293362528158,,
22.729876999999988,-129.88402295044162,65.41685905794633,76.6916216000478,-3.667110079766703,-4.24502560567542,-2.6870971608678595,-1.1032545645068856,-1.839159891579308,3.0225959622104033,,
22.739453999999995,-154.21333469642974,67.76206884390392,67.73913022005014,-0.33113467375764793,-1.958301646930078,-2.2201514680356222,-1.0302476519414137,-1.6814141528332813,2.6798469569861685,,
22.748897999999997,-175.1660875054345,68.58266139923296,59.09857523837282,0.4436407228428794,-1.7298009070382816,-1.9323889000302015,-0.8452877737904003,-1.305394808512772,2.162917105440066,,
22.758398999999997,169.23752191196166,69.5520335946793,55.1485928847325,1.1622010287237399,-2.402960525634253,-2.1553303261033414,-0.7733075118745816,-0.8202005407831124,2.1210990421951856,,
22.767909000000003,158.91203069879768,71.31931105666726,57.64984546709248,1.628408140057823,-2.684904372289071,-2.261238217587364,-0.686496774998888,-0.3722101232185987,2.4576873428335673,,
22.777410000000003,156.1939869554829,73.84712364534096,68.23695139702919,2.327727081261392,-3.862180622573268,-2.7258042562037135,-0.5364821215688916,0.09190241064599812,2.644570620742576,,
22.78693199999998,162.71720402783632,76.53196880711307,88.17415643737361,3.8102775474858155,-4.600927862852208,-3.3922437282071503,-0.46922287754744685,0.44186831986710645,2.7857189208346917,,
22.79643199999998,177.0461657065952,77.8903486166487,116.62494014066922,4.8923806836276285,-4.755667960296775,-4.63557350421543,-0.4118117069628949,0.562903864000046,2.9517296033924847,,
22.806026000000003,-170.51559855626155,76.77844457259613,142.47317127146957,4.640978132735384,-3.698938751383567,-6.163812288670922,-0.18757070181009747,0.5597381496208432,2.792290327896349,,
22.815533999999985,-168.71164082737832,74.80602685196243,156.08293373260912,3.7425710373014835,-2.183286581762816,-6.998248798568732,0.11417875167770992,0.3800632499849411,2.3697213406406266,,
22.825050000000005,-175.85301102633386,74.04047030866448,158.50137158718994,1.4292453860467644,-0.8376089547041322,-7.094958116200093,0.4026639018110941,-0.014044212908472204,1.8566186153673587,,
22.83454899999998,170.499669165721,74.08805021966042,150.74499050573235,-0.04014891857589094,0.09373027187570193,-6.439350517523897,0.6623518902307192,-0.33717546516691255,1.069497003083647,,
22.84407299999998,151.67390046819918,73.91634066474865,134.72473974418259,0.49538897424722605,0.7983669517269106,-4.8347061745264375,0.8342098984179571,-0.6068676423259869,0.4113631234962375,,
22.853588000000002,129.97257697009832,72.86236643129013,114.82518228077053,0.696758648500165,0.8396811456179994,-2.8997156685561642,0.8660161228327428,-0.9033013584193591,0.17561659251400605,,
22.863004999999987,111.68931899993463,70.51206098342249,98.01401444048294,0.6811549707245093,0.4389286846881272,-0.8878410368768632,0.7628766239828226,-0.9734252644856126,0.07985735203861072,,
22.87271099999998,100.29295010450974,67.93108862376899,87.76687007886888,0.09330672134817707,-0.03857929454246527,1.0450174099104332,0.548229586030684,-0.7869799304369322,0.045370533446460526,,
22.882216,94.01780063705989,66.44274058733828,82.38445610543896,-0.7057380859245015,-0.503929339362818,2.086549445277728,0.2485628353930173,-0.516566073972891,0.043588000008921386,,
22.891723999999982,90.81739691478778,66.41717723710049,79.67981625071917,-0.9225498170605871,-0.6556858090876801,1.7489373915282003,-0.041082479131369705,-0.26017065240577686,0.00716444038203933,,
22.901237999999978,91.2002898818181,67.37194780816175,80.38064936869516,-1.1909663865018876,-0.6422604795743749,0.9158973839864578,-0.18973476910192988,0.05596981998871365,0.027107469908807406,,
22.91074899999998,94.18519721000055,68.44089703693308,83.84405564739136,-1.0078667782999604,-0.4405325508210405,0.2927614591653983,-0.18815547442164302,0.24499541654154422,0.10015826200073479,,
22.920078999999987,94.65421456834093,68.88830384333895,85.84675611060696,-1.8087433937969737,-0.3408553755865586,-0.3919632808487695,-0.0927531129166057,0.034984042585717925,0.2825164440798782,,
22.929586,90.41549140717245,68.09832468278971,83.89302571822137,-2.4206999853405575,-0.21252725593245894,-0.8960807524611907,0.1238594609406582,-0.3309568213352091,0.37299593464105163,,
22.93911,83.7344498582617,65.68579619376096,80.30766589123286,-2.261742091908128,-0.09597461826511074,-0.21478686084710777,0.4008101756080621,-0.5928620688496662,0.4905704767483293,,
22.948780999999997,75.40468295229871,61.99026316583884,76.6816127139408,-2.0883448317278144,-0.20982907160193134,1.3176581757903332,0.573205043992445,-0.8741353456853826,0.7551558665595937,,
22.958305999999993,65.14586621231686,57.8759304449221,73.592778726847,-1.897531290220457,-0.631613601132373,2.875197145127943,0.5278701031907336,-1.2113859375578926,1.148267988939291,,
22.96781299999998,54.14048072635223,54.807449112720015,72.37472789613983,-1.9170747807594044,-1.3097723258217873,4.16573714614408,0.2277091361989164,-1.3533453536114302,1.5930990441449349,,
22.97731999999999,44.700549364688726,53.93820978923323,74.26283291930868,-1.8374011441425975,-1.1967309816438143,5.0810283775172795,-0.14990506760349884,-1.1109520656785425,1.9582672738631104,,
22.986829,37.730807469184846,54.91082481278778,80.57923996881591,-1.0646383109857933,0.9486063403122161,4.026986464562116,-0.36256953715715673,-0.7570182219012318,2.3875864213127405,,
22.99634499999999,37.15850026338913,57.882533899491136,93.5926341103792,-0.8916168315937747,1.261446538287803,3.2244961360420072,-0.5929166981177358,-0.038501507364730306,2.689121145729947,,
23.005843,41.54875307304482,62.35008520789952,109.52592541617545,-0.7201443090165626,2.255049362015167,2.1930911913714137,-0.9586031822776131,0.24548554432320221,2.4147825722445555,,
23.015175,45.07308575298148,68.13196170629644,123.35133354462116,-1.0442262202638755,2.8849454150799807,-1.146466268012867,-1.1615782132093664,-0.2556183181840857,2.1141390062273193,,
23.024771999999984,49.78384413142558,75.44266982244125,136.409323142266,-1.05752106595463,0.5019096722191192,-3.6680491394153565,-1.3036140750561511,-0.7169120601537963,1.7047595352818474,,
23.034277000000003,57.28887802569555,82.96061140517266,150.0242220579629,-0.7783105653335863,-1.6956452440602312,-6.328127432641592,-1.1153313864189731,-1.040302366579074,1.236190155773417,,
23.043784999999986,110.74979689160536,88.69163255831421,-152.41992698403615,1.168501975045269,-4.854522199301206,-8.541246337467557,-0.7526724388952402,-1.0233064923408275,0.782209016371633,,
23.053302000000002,-152.38968787581757,87.27611392555893,-54.61065101568389,0.9901682793589295,-3.6738345431319637,-8.833705546334926,-0.3135408010905333,-0.5327151716328001,0.2050266428717031,,
23.062802000000005,-175.1797321312764,86.71450922435189,-77.92557925011616,1.378042917049461,-5.693858195509103,-8.369589185359903,-0.18491986782747474,0.16667148711741098,-0.11953827858266651,,
23.072316,122.85893157212634,85.82568908107982,-142.05440487410127,-0.030521101189395106,-3.2693236772736953,-6.550151166900342,0.12765503585763266,0.7658800950809012,-0.4630483455926131,,
23.081829,95.58378679132775,82.11284397635698,-171.84215259207778,0.3518487685306521,-3.1320762950711525,-4.597410971619478,0.2484827843105683,0.883792953155413,-0.5337782220015358,,
23.091345999999987,82.74940705158744,79.05574904886087,169.9326667084849,0.05484627635675279,-2.2710511119868872,-3.207604798817151,0.438640390380947,0.5966611736861278,-1.1199004061194688,,
23.100863000000004,67.043596334854,77.0920663813109,147.00575552047212,-0.727285419704263,1.1094593937999742,-2.306579914769487,0.7543048198731723,0.11911111883481398,-1.5202133575769532,,
23.110289999999992,49.14308812917276,75.89269340385437,123.79553191275184,0.10247784290170019,1.4463471662764769,-1.5394960331633911,0.7686875409220025,-0.4226022083399683,-1.1686019892380088,,
23.119980999999996,32.20939062986115,75.07007401446175,101.8216683683423,0.3169596807279367,-0.14374205039090923,-0.712428203396803,0.4868227055830018,-0.724244246496737,-1.1238639265286288,,
23.129490000000004,17.982394100673137,73.51180086632331,81.67005623256937,0.244774126251473,0.8107121425973977,0.42047333189251074,0.3411311875457604,-0.7670532372564808,-1.2992055222514063,,
23.138992000000002,6.95371318102859,71.41213960475363,66.84732021328657,0.5929367650182471,0.1695355628549317,0.44034096946335,0.23061262299633473,-0.76088272211853,-0.8692276660388384,,
23.148514000000006,1.0947374748434076,69.76120740424767,59.26916357938063,0.8764989571421024,-0.9772466677749653,-0.029477761932961342,0.12574000863151072,-0.5049522627273431,-0.4186339209382297,,
23.158016000000003,1.5694075769996778,68.55886545814421,59.35087706491215,0.8692260059774995,-0.043248221616882125,0.32880039976619674,0.23225736684189777,-0.10162338082202985,-0.08058915651449448,,
23.167535999999984,5.256707315430066,66.57016364146294,65.79043167319028,0.6554169543754769,0.09826289380730252,0.2570197692802304,0.49139368257139904,0.05961936401630812,0.5981926247177399,,
23.17703899999998,10.059649534722116,63.328436077937816,75.54601213042912,0.29271339127243945,1.0586054624187,0.8767445340224156,0.7558165379873332,0.1637997909230677,1.0721485738974752,,
23.18655099999998,12.298305698475806,59.77751126101385,85.18525246227932,-0.8925874008286099,2.9844722574901126,3.020400376983837,0.7464800908650342,0.08768471175997061,1.5256740225692327,,
23.19605199999998,8.016461424427545,57.22560406437501,92.72889362895474,-2.4715667507967627,2.570248801328963,4.534288007807743,0.5134464216720167,-0.45943450038209016,2.2318639043360613,,
23.205561999999986,-1.4557667693857101,56.85783761416793,97.86853077926912,-3.7703037797087617,1.3912911555078964,5.15087148765296,0.17973830460856471,-1.0210023295318662,2.6115480475766923,,
23.21508399999999,-12.245778767838846,59.061244691535244,102.1389849568124,-5.562226808079617,0.7346894258935942,5.235669389584878,-0.22304216304722746,-1.20320243313952,2.67867627178127,,
23.224592,-27.534126229329306,62.810701443967226,103.18250127167052,-6.617620283211356,0.30299612707462603,3.7975751903905115,-0.39133671333601006,-1.6092186497644076,2.879183979167962,,
23.233913,-50.624133029771905,66.8447851440364,95.69829493155243,-5.119810851367324,-0.25450086418165574,1.5603748913261872,-0.4518409307038155,-2.0556548980807596,2.686998085162074,,
23.243426999999997,-75.2675049330237,68.3605534720148,84.7522310245946,-5.4194388400340285,-0.8410431904519226,-0.528911375377028,-0.28136860743686,-1.8617811880546238,2.372910002400984,,
23.25301299999998,-96.02880810617076,68.03678162165552,78.61165452281115,-3.271852940713039,-0.9363386172310862,-3.271917930077735,-0.1530447318984048,-1.5208336430973004,2.6300614270058067,,
23.262524999999982,-114.29923874667926,67.96365345944763,74.45349880406475,-1.2231812618628501,0.1076914769309134,-5.191322820245705,-0.30070988145901945,-1.320705856359188,2.558540238580814,,
23.272032999999993,-131.0458632483594,69.0434856438586,70.45041023982027,-0.6971403949265561,-1.0152050238033905,-5.904380928838222,-0.5730662170840136,-1.0915853945475913,2.317047722871082,,
23.281542,-147.71918213937855,72.04188328036038,68.51054218860466,-0.975830792451103,-3.297037441107432,-7.094439005161805,-0.9492977025756166,-0.8185891076985277,2.756907394004858,,
23.291057999999992,-168.3277512359497,75.0234512268782,65.91054434499087,-0.8137666932643943,-6.7550684877027205,-7.519128147854535,-1.0017439308439802,-0.8366116109433361,3.4327990653790112,,
23.300567,171.42279268739637,76.4779664368136,66.03318462435357,2.2182626785124335,-7.935898822082397,-5.765593659177598,-0.6783078509378471,-0.78488565009239,3.9483379822423075,,
23.310005999999987,158.76019144075863,77.27196467948185,75.25360753761113,5.386145478098694,-6.892323012981572,-4.1892907762009,-0.3527648841631203,-0.48751163818764914,4.308365776231533,,
23.31950999999998,155.17224687184458,77.68256025931828,93.90154120349425,7.096273846447438,-4.825466317428723,-3.3714534481182636,-0.10934652939226257,-0.14796097169328562,4.42843070117827,,
23.329024000000004,154.85470238450083,78.25369508940656,115.05672528804578,7.481112132139826,-2.251595602656173,-2.971666914652926,-0.11946371039534373,-0.0460693536556748,4.291250624913766,,
23.33853499999998,151.4805759384866,79.70496539978389,131.3893879701236,5.462147237755106,0.39037284453767435,-3.3523977015617388,-0.18234039003716188,-0.2765560115033289,3.926169265533763,,
23.348123999999984,139.05860177847356,81.34682497341792,136.49818757869727,3.4671787188129355,1.6374238546519322,-4.12529934425333,0.04195866323178604,-0.5333311158287047,3.468593629298024,,
23.35764499999999,112.14190886454323,81.6278009354299,124.5845360401567,1.7712391138542825,2.0859605190077297,-4.029889887836381,0.46715271635289024,-0.651107783034564,3.044050187998907,,
23.367141000000004,81.50601647391484,79.1206368607079,107.37176111510365,1.0387215614291212,2.3637509817155995,-3.1666103927606395,0.8784855939505113,-0.7146004790773911,2.6906368159010867,,
23.376576999999997,61.03283724254737,74.58925897127372,99.46412421946755,0.8838089488879524,2.96266560283345,-1.5256096535837198,1.0862905687090798,-0.7100188730385657,2.4882715297298605,,
23.386088,46.77728523440211,70.0331475535975,98.36848863456197,0.14516915897068858,2.8282321064372695,0.30874243109102173,1.0358193505068307,-0.7239766080434441,2.4908355209521242,,
23.39576199999999,34.03435637498,66.65959057003,99.2105479874637,-0.70082939704963,2.044576680523378,1.8589354392428246,0.8162130651260298,-0.8338391484313477,2.5300413263212405,,
23.405292000000003,20.122667000911164,64.5163555705424,99.05681832441309,-1.4336308060269785,1.5661847617674873,3.0647713939737518,0.6135745873768662,-1.0723918429961945,2.4962165648618155,,
23.414800999999983,3.749018913880153,62.86601428297012,96.85629228862867,-2.4111172974741812,1.8045330616382789,3.574815828985587,0.5365895238527816,-1.3935182674099729,2.490475471210155,,
23.42431099999999,-14.519995387663688,61.317259687582265,93.37404078489904,-3.610580019564673,1.8122468152949118,3.5592293371523813,0.470142197019033,-1.6738891093643746,2.529896498413886,,
23.433808,-33.28412802335651,59.42137116603172,89.9680679738103,-5.438368864536833,1.6679774179643054,3.4210274798794713,0.4416770802610933,-1.838664087630288,2.5807002997845734,,
23.44315899999998,-51.51802139439672,57.0948597069887,88.13075344641094,-6.9919292058067,0.8179284579657266,2.688965919099995,0.4407916475356483,-1.919160772850611,2.735400188806121,,
23.452652999999998,-68.59937935438774,55.19709524468299,88.15550425664462,-8.031758752232244,-0.4280217439492789,1.576189051118687,0.3243721393252159,-1.9062572929701378,2.844607106365802,,
23.462165999999996,-84.71930453462498,54.69809345835816,89.15104998974383,-7.625410429141817,-2.050719168110311,0.3968133549389662,0.06199855177962871,-1.8438929831841229,2.8417000980241625,,
23.471675000000005,-99.59431281421338,56.078373195598544,90.54538541849864,-5.474855433649608,-2.8482578292373346,-0.48216052315139707,-0.2763130655130513,-1.6783880862512508,2.7309560007012275,,
23.481189999999998,-113.40425807396035,59.34693923539365,90.83915728943603,-2.960029728474697,-2.302822394546534,-1.013539521560591,-0.633307136916247,-1.4712739938716046,2.397091060106955,,
23.490700000000004,-127.51057568373487,63.7059537230181,87.90983366619785,-1.053457529784186,-1.5236524425406406,-1.2447172769979595,-0.8844839306297478,-1.3225253662366234,1.8971840596130998,,
23.500219999999985,-143.00007794942053,68.05964859517277,80.99533349089106,0.1485731702504407,-0.8081489231527125,-1.3066557870158457,-0.9883866640721511,-1.1610664278701743,1.4774397640004084,,
23.509803000000005,-159.72299996703038,71.45359640766307,71.44491772332701,0.4481513885656291,-1.1236678438914434,-1.764849101012462,-0.9337126482108946,-0.9494140728081633,1.2283503530032764,,
23.519316000000003,-175.8232533851119,73.22314734709234,62.837405677726096,0.498004193461887,-2.258351660641651,-2.375685477778424,-0.7085148399688854,-0.7508932287887506,1.3447656101040184,,
23.52882599999998,173.1847449654756,73.70041835164578,61.14315533003452,0.699064453939126,-3.718024211824203,-3.227612586623131,-0.38556253623764564,-0.4976944545350152,1.7652198451016525,,
23.538324999999986,169.67989542284943,73.60713211084305,69.2613342601209,1.6748578978743776,-5.4095871561054665,-4.501150512956476,-0.07526991821059477,-0.17885763560281562,2.293301141125412,,
23.547836999999987,171.7411088354821,73.22203011767255,85.25922399877881,3.2934516198282444,-5.876873104019369,-5.632362657578586,0.09059294847171774,0.10377069955019701,2.8712247893341054,,
23.557355,175.91392721388408,72.74905066065308,105.19169097627572,4.406771973306934,-4.810496370212639,-6.358713722283231,0.06069043692311464,0.2552235033132376,3.266673338077155,,
23.566856,179.64224724670808,72.53766376618553,124.76783259649278,4.52115613746825,-2.937843438028901,-6.499664184832961,-0.06783474240689873,0.21968772199634273,3.282558414586937,,
23.58587399999999,176.3622586053276,75.10163516790513,149.61987748473913,2.193525156283616,-0.3779912927393442,-5.038413916226753,-0.04695760002063445,-0.45178654218857633,2.661534583420937,,
23.595387999999986,163.10797399884038,77.65957940848534,147.39666828032657,1.9701902665702717,0.11398514513813754,-4.029486062526175,0.25711702814687654,-0.7692890341806126,2.1281950185278347,,
23.604906999999997,135.7522501390897,78.77657912633137,129.40259849229642,1.736876460732821,0.6271080219554597,-2.7517531661222625,0.675691243035617,-0.9096357766352898,1.7995415388950482,,
23.614332999999988,106.50364152892475,76.34799836909376,108.89232762958183,1.3008473317382416,0.9445249663452957,-1.3143943958904325,1.0133049188592205,-0.8722696152596003,1.6465944518665256,,
23.624010999999996,88.97487787495119,71.63399593762499,99.88078576379895,0.853167731236074,1.055321079568231,-0.10365842521909834,1.1402512077687272,-0.7137315006851512,1.5960508965841282,,
23.633533999999997,79.26284632229908,66.96955842493244,98.82340629714744,0.13547844848435464,0.7872766105224217,0.8103041079541364,1.0284682371461653,-0.5369241260154503,1.6316714315208416,,
23.643043000000006,71.97700268539536,63.60871634723624,100.30233855124438,-0.1720492355104338,0.5805838187996932,1.301839083389641,0.763559314028524,-0.49897910527278555,1.6413347078320777,,
23.652551999999986,63.96976733309569,61.9480723246069,101.57578001102117,-0.13333331648739352,0.8991458027017131,1.5279141987908444,0.46695384141738294,-0.6646526023827003,1.6690750907436602,,
23.662063999999987,53.00399322502298,61.68334835542174,100.94295031465433,-0.20910681345170085,1.4357633753389039,1.748514971169224,0.258105758181379,-1.0132821465390824,1.7972560774928272,,
23.671577999999982,37.37446694047159,61.75562237655263,97.34957530302238,-0.45844711225386237,2.4560240193727734,2.4566634910782166,0.22760453073635462,-1.4700697142747186,2.0265659617232132,,
23.68108699999999,17.117940446951334,60.83473442237163,91.53879616155866,-1.418607287139577,3.578155318504039,3.744355766201713,0.3412145575198448,-1.9274379482631003,2.3871719259079014,,
23.690600999999987,-5.469413288106603,58.317376239062895,86.26464437156349,-3.7899621110755306,4.406855904474961,5.334504106743178,0.46388144793207065,-2.2950279376916565,2.84008119195666,,
23.700112999999988,-27.779214628315803,54.84266968364615,84.3546502241259,-6.376203043921203,3.098522202470994,5.108412444478968,0.4954687246777462,-2.5033905713731093,3.3430289679738134,,
23.709444999999988,-45.22011231114343,53.589441943488914,89.25749986095072,-8.180351244312634,0.8554223942463512,3.1887724822206205,0.1466063679545133,-2.049846674239259,3.80908749772245,,
23.718942,-61.99457908078686,57.12542637200981,95.28414869147169,-9.027416958065901,-2.02306017449638,0.3887173265665743,-0.619566696471574,-1.9303928202447338,3.965588968104789,,
23.728455999999994,-84.19446943451798,63.44869649866383,94.38818623879202,-6.847827372503015,-2.5524895586356044,-1.225466146207612,-1.0542836452933706,-2.2881243054362095,3.6827224635988847,,
23.73797399999998,-109.73251142116304,69.46191175312708,86.67353851692269,-5.147536997402688,-4.333592110202308,-2.688962606267174,-1.1588185966485351,-2.0328540234981856,3.148809958400924,,
23.74755399999998,-140.96809278764647,72.53041700394031,72.30472138766196,-1.69856467681593,-4.181634524427792,-4.410213046950029,-0.9541654925622493,-1.8641226389169878,3.0419435373835286,,
23.757064999999983,-170.26479080879008,71.13228876634369,59.286191768807385,0.15768603938074502,-2.994466341468851,-4.672465601862208,-0.5005922611886808,-1.7551559572373951,2.967963786984477,,
23.766583999999995,172.85515561218904,69.46064132728887,58.87999273963085,1.4461079694704224,-6.543325064921696,-5.581514633505325,-0.30712380221549523,-1.1371589616426951,3.0955402529851126,,
23.776096999999993,163.08194675102646,70.09969979957282,70.0283020362652,5.246795834167035,-6.803075589398542,-6.334652126524526,-0.4185181142715834,-0.5498386577495005,4.061964309951571,,
23.78553099999999,162.4089318687515,71.66717424544638,92.29385823170556,6.104972516262402,-5.104687671099105,-5.578295794564883,-0.3312301462763607,0.007426075290996375,4.579333275037938,,
23.795035999999982,171.20091095449024,73.72110384448821,122.00699410074105,7.271875071806,-3.330966283127036,-4.545183384947055,-0.5601496749544121,0.381462738747181,4.365019018096957,,
23.804547999999983,-175.14309213799743,75.40026392688627,155.7450394060865,6.937887320633094,-1.1451832116455927,-4.772696202104136,-0.781500924085895,0.22049790228171431,4.111634940049637,,
23.814134999999993,-165.5308768960492,76.27547181859559,-176.95658691023382,2.9821053517593854,-0.6103945381021045,-5.4080982215458455,-0.5044864984023132,-0.09529817084031306,3.593818999149349,,
23.82365199999998,-168.63494680939897,77.9939809350071,-167.35939761697446,1.3688715069153061,-0.26312635236314763,-6.074374309860037,0.17852315028869273,-0.3339506757739848,2.522095521206029,,
23.833155000000005,162.5537606836561,80.50871914848253,173.1159224237592,0.29381838925169923,0.7267542526792916,-6.34289587740279,1.0845537566474923,-0.44616858640091783,1.7555262998148637,,
23.84266199999999,115.62792399327564,77.59559299897417,133.4560522624492,-0.28126063500359866,1.5019975678635766,-4.9116005666894305,1.7895456454584997,-0.31248980747825184,1.293870639502886,,
23.85209899999998,91.4663470985342,69.7241788758309,115.353285950119,0.17935690411729938,2.191865760220196,-2.0750702043846583,2.0359514456946313,-0.25378908769644287,1.0213394511798013,,
23.86178799999999,77.88214264539897,62.004696840507634,108.6547002903607,0.4965216294104713,1.9233149674479133,0.7983905174985544,1.8403823868339786,-0.4624829247454558,1.1345480642027648,,
23.871296,67.5522665375852,57.38497201733483,106.31948299428191,-0.35168687700636064,0.11318853292016538,2.3962486636731604,1.1943623303806226,-0.7246678034558443,1.3071035674542124,,
23.88080499999998,58.37304410528228,56.72167467583221,104.48786835822311,-0.8268703736343032,-1.0520992381701504,3.3561356823793926,0.39608920844484646,-0.9340456965268931,1.1637443096556037,,
23.890312999999992,46.459083151991045,58.608397381962575,99.33185982587301,-0.7543857873975588,-0.42021306318373314,3.225235123814629,-0.10007308636381018,-1.330516989723361,0.9728971498494674,,
23.89981499999999,30.466899785229828,61.141457744709385,90.60843240162593,-0.6198707627207198,0.4187191881141553,2.2067026275283443,-0.3550985804013964,-1.6467919541398446,1.015763590790235,,
23.918860999999993,-6.879689287022051,61.08502956551479,72.50124891673222,-1.2036152294000646,2.7351581272191385,2.018837354085454,-0.12251475086181267,-1.7948079070968246,1.7398870423473858,,
23.92836299999999,-22.15927085576634,57.44762408741992,71.14198603009721,-2.478125055631651,4.254453470217283,2.7565172384146015,0.21236449619142664,-1.7118908720581054,2.352553234415201,,
23.937861999999996,-35.48962333181112,54.77691666080394,74.4289597585027,-5.523218755798859,4.479101600363351,3.7145620566048216,0.07671524954581616,-1.579098411941181,2.9322294273939242,,
23.94737999999998,-47.382667666571166,55.37379233159109,81.7190383092712,-7.178393598426734,2.1599473261322393,3.344864369875997,-0.39159524188373523,-1.3055870893227142,3.486113154312767,,
23.95670199999998,-57.58881438789154,60.84346674529047,91.59732518548817,-8.938493488354487,-1.1565952176680145,2.0918485189850586,-1.1513571513823615,-1.0047927759083344,3.7932248513892226,,
23.966222999999985,-76.01007426486817,69.14454419958878,92.79646912398336,-6.175660770134234,-2.5867699641267414,0.4780649930396502,-1.580627285441656,-1.6118743482974975,3.582422983912607,,
23.975727000000006,-106.94189263416796,76.12990897026022,77.05967777441705,-4.001235859521129,-3.125729843433875,0.28269616433472095,-1.5052775134311915,-1.6937150845639004,2.7713321259419046,,
23.98523499999999,-145.80889956033855,78.15590074969248,50.91073828355241,-2.4779036997327943,-3.2995478516349315,-1.921100265332969,-1.0892846731300316,-1.348902819564944,2.3572177381566535,,
24.00434199999998,178.62373239772126,72.7980675438664,39.79730078760897,0.15375358489604446,-2.329532587023703,-4.444967691559851,-0.026883731652966057,-0.7370215107826118,2.3241256047185246,,
24.01384999999999,178.70056949996746,72.6494836433099,54.41287275651392,0.7870605030050223,-5.164951820494344,-6.296152909282623,0.019688229120535108,-0.0052988311560180894,2.906944938852975,,
24.02336199999999,-175.0234608529121,73.62323126296947,80.11975428739471,2.135000512465028,-5.928525458560807,-6.73152316294836,-0.048090179893885455,0.42226482758146827,3.939593645567504,,
24.032880000000006,-161.91639789759856,73.4042499823789,113.47760341341959,3.233041256544341,-6.284843136461225,-5.97438087756757,-0.05675915132347602,0.7521873610321164,4.156283206681501,,
24.042301999999978,-149.70134492463913,71.69685054263591,145.2142719244138,5.62387787522573,-5.2775276782507285,-5.30814367521351,-0.21519438016285383,0.7864225173124559,4.015026551936177,,
24.05181299999998,-145.23198584263147,70.3356707808735,169.69886144552046,5.94597901197173,-3.8159379854112205,-5.01449200818102,-0.1769115020169347,0.36169890956288836,4.112187436039618,,
24.061408,-148.10220555415694,71.0793027267847,-175.13370550391133,4.487566572916832,-2.536520906987276,-5.353536647948507,0.17206407309614216,-0.16627010666321734,3.6255417764063695,,
24.070900999999992,-160.94484846003994,73.99321982469571,-173.67105189611578,3.7561810742183686,-0.5820461072982422,-5.813009425033037,0.8155503215839794,-0.5142544149386901,2.774549498137322,,
24.080426999999986,168.22310428184562,76.53993958796032,167.60411539825108,2.072146109351542,1.1615561398241683,-5.348173481869737,1.519429307610999,-0.5850889896094748,2.2220266989335484,,
24.099362999999983,106.07078942557054,68.3349570033278,123.728828174692,0.7236784115849902,2.2482761849689443,-1.8671805683205784,1.8591276107615935,-0.37958629024554924,1.4387072963280985,,
24.10906,90.92007643665248,63.12255760854661,117.03245861912123,0.5851473345365166,1.984958599449636,0.32674651036472235,1.5206517923437588,-0.5614205611792338,1.458853827719792,,
24.118571000000003,78.30650933812959,60.728300271148974,113.50747466969644,-0.12393790384217374,0.657381818175878,1.4777247378254341,0.9370464409846444,-0.8796870378619843,1.5551116578557147,,
24.128077999999988,66.75697263604519,61.56229210956051,110.10683957251304,-0.47837098249106286,0.04077979492890984,2.1065812106557993,0.260334722065963,-1.1047592089079157,1.3699983196541938,,
24.137586999999996,52.41765693329771,64.37822287183037,103.50909415837754,-0.7230814000886168,0.25503587658453547,2.159026653539262,-0.1550006798861133,-1.4160340897929946,1.227398793164913,,
24.14707999999999,32.23025307755089,66.67446384256645,91.63316482961821,-0.6783004299068279,0.5381914952388827,1.447329662408663,-0.22283936159141565,-1.7199761008019618,1.2958356460762346,,
24.156610999999998,10.008911875923774,66.53591614470129,78.39000826287185,-0.45749271211427395,1.7007405791858288,1.13521068758182,-0.1167832284341418,-1.7597544544872048,1.4284726005720971,,
24.166123999999996,-8.901722281657657,63.738414379009825,70.46457040870021,-1.0834757871671947,2.970836250917449,1.55353377888767,0.11792758032647148,-1.68218822136201,1.844427940809104,,
24.175617999999986,-23.141068121474564,59.49329789874534,70.23249455929023,-2.291738670266417,3.9409616687504414,2.3251974574177945,0.3528712142515256,-1.5622725689173385,2.456560624119922,,
24.185138999999992,-34.91633127224828,55.99668492846076,75.18097002535879,-5.284721805683956,4.464033019153259,3.5418093148063776,0.30542302185449755,-1.4090684898850183,2.9792877196883794,,
24.194473999999985,-47.13213882530607,54.82851269636286,82.47045771433203,-7.4795809662441854,2.1242517408658705,3.399452305658284,-0.028436864257852083,-1.404970969313141,3.468518506287788,,
24.203963999999985,-59.30027773064543,57.26118949917766,91.42235428558712,-8.684305375225215,-1.3470364861113717,2.5595829094970104,-0.5490938566168152,-1.3280871986197496,3.809193626006457,,
24.21348899999998,-76.0193546185338,62.2597051395377,95.7941176476018,-7.9167411647778065,-3.256446450440237,1.0478348747746802,-0.880837841994606,-1.7367704534473403,3.764814758452516,,
24.222994,-98.48848221952929,67.72549214086453,91.57048712251226,-5.415862270852108,-4.330728334347611,0.13048402728494907,-0.951082725252629,-1.9507328564781825,3.2340188600139417,,
24.23250999999999,-125.2197861595126,71.32412713259673,80.37248668659369,-2.888327526399071,-4.066433781823518,-1.5469224683033305,-0.8326184014042343,-1.7943296687136532,2.7760908695296593,,
24.242019,-152.06086099251166,71.92291323062805,67.25721757070303,-0.32310110607724396,-2.284262489630228,-2.2348344131136426,-0.583962724973024,-1.5707633203230615,2.4753580366876666,,
24.251611999999994,-170.85656036749603,70.86317720602133,60.492668946409,0.4005116544965405,-1.7677503522790208,-3.1702770651251986,-0.34346409932479965,-1.1552115567145942,2.209142573624556,,
24.26111899999998,178.61812880825343,70.4334724916674,62.21805130112258,1.0847734319594875,-2.7511974347060404,-3.978735500832712,-0.2661910143493652,-0.6430815285985538,2.328933731859192,,
24.270624999999995,173.84894823825724,71.71094388027302,71.96361171453913,1.8861627052607406,-3.664631894479387,-4.461160844501356,-0.3660530952189324,-0.1772730211302544,2.8493284989242476,,
24.28013999999999,175.9860077711312,73.90348348084589,89.63755530262571,2.9256728905231566,-5.0766648008599535,-4.895824714176415,-0.42500752828570465,0.2031114530682016,3.2165431287549566,,
24.28957299999999,-174.72355386024773,75.34777302705183,114.97057354462386,4.799451194077247,-5.608107367026801,-4.874809340981805,-0.39896845915501433,0.42489852059271643,3.3608150091266937,,
24.29908499999999,-164.50145363306768,75.27828994314896,141.70665367346487,5.908732732866728,-4.615981247500078,-5.1114752083878034,-0.32281057547327685,0.41601604472892484,3.45347669216122,,
24.308674999999994,-161.01347814200795,74.48795043742089,161.08124246992767,5.546319299111481,-3.2202416122490938,-5.775357210407989,-0.09541021009546614,0.22205099883593338,3.282157502179742,,
24.318183000000005,-166.61821112866394,74.51701029804548,169.07037337570915,3.6622883777419735,-1.6034451427676124,-6.294373571996357,0.27802750367869183,-0.09147747453576699,2.7453729128095223,,
24.327690999999987,177.71612601949658,75.40179004498444,163.88284590528363,1.7197608202390757,-0.1809800884042404,-6.489232984277983,0.7397469931206249,-0.36993402620389376,1.9856048226970011,,
24.337208000000004,152.4706939336616,75.16614664697346,146.0796980658806,0.6329742334720871,0.9122579836770496,-5.670654479995809,1.1667401007681888,-0.5066311741006393,1.321362687820351,,
24.346711,126.50859124244299,72.65458889736693,125.5567439005096,0.18179024335034652,1.3394863161146835,-3.796731504785353,1.3602988229612705,-0.6533165170569758,0.883753959791038,,
24.356150999999983,106.24028306253894,68.94951420649916,109.75725211320764,0.7407203181773312,1.3575976922206232,-1.7678267934764118,1.2585941081468022,-0.8457635876383988,0.664974563722004,,
24.365831999999983,91.45026867263734,65.69794771164287,99.47826241266233,0.5965730125920461,0.8184759318807631,0.2392549821425842,0.9085036444437437,-0.9471432801295816,0.6664740282317688,,
24.375353999999987,80.5517196739267,64.25452518302835,92.99775850473124,-0.3944177886812805,-0.07485063353433392,1.638627495392297,0.38348527919088077,-0.8930357807353383,0.6696128493339015,,
24.384855999999985,71.01377882006675,64.78073665548702,87.3122256670059,-0.8561641895140777,-0.598305415617294,2.0857677151389087,-0.10446571728636984,-0.8291854518474772,0.5750021852562174,,
24.394368999999983,60.96851619445846,66.24336213241462,80.82725643863824,-0.6626729182322433,-0.5066690921032058,1.5621030191789935,-0.37683291231116756,-0.8066576688861197,0.5217736165277587,,
24.403875,50.83406055063621,67.51664028557927,74.94553912006981,-0.28138133584330755,-0.2211767138553592,0.768652847019669,-0.41474797960851223,-0.7337505824066312,0.678561165458334,,
24.413396000000006,41.245280754917815,67.35729628773753,71.33158087700689,-0.13212593965065794,0.16146540992061864,0.3632713135189169,-0.18094091425461786,-0.7226018363645424,1.039301104418729,,
24.42290299999999,32.10682205224309,64.60799867158484,70.78622408085984,-0.016528604657497684,0.964483564655552,0.4297225466687145,0.28192137616546187,-0.8908838669015282,1.5520609718297895,,
24.432411000000002,23.180831049171765,59.967409993736034,74.0595776399067,-0.044263353705673275,2.687635764938033,1.8304786348627722,0.6399863385077478,-1.0800302210643127,2.2271466856034317,,
24.441928999999988,12.187680041887742,55.703160094718484,80.13717765653875,-1.5197855708104726,4.951295553237018,4.984154244144376,0.5782081764419715,-1.3390781237932954,3.069347885075762,,
24.451431999999983,-2.8454818772302852,53.723727738849114,86.91597815610382,-5.023757752238816,4.162303397423851,6.7609605724364545,0.207246964120727,-1.7774664599941534,3.8035830655898146,,
24.46094199999999,-18.614574626760742,55.21777960913764,94.37147225323902,-7.7186073417777985,1.6791601110797558,6.052919775105654,-0.26567953213915174,-1.8403806540173528,4.052877239156858,,
24.470280000000002,-33.700095263329004,60.38630728205743,102.36390702268079,-9.380447094744685,-0.4464003733508982,3.1732958627407055,-0.7756482588848628,-1.74133973035106,4.148640548604124,,
24.479782,-56.23980267779737,68.31801584481978,101.11605662101836,-7.358481138105535,-1.0746820782802604,-0.3408447254287458,-1.1278886952044986,-2.221550538105431,3.819250553070927,,
24.489295999999996,-91.02706269660516,74.1699298925082,83.49343160487395,-5.82032515074957,-2.5289448440245095,-1.5910637293145273,-1.0272460484224044,-2.247678857316027,3.080875525914197,,
24.498874,-126.76942451743922,74.37033861399432,64.46009982754559,-4.8065546646136275,-4.129791284961912,-4.867090251008774,-0.5624706512747091,-1.8183731660043465,3.0830362153269135,,
24.50837899999999,-153.19539819673136,70.89129928472224,56.4452869073548,-1.0521707083456513,-2.9040736277870587,-6.310035116765878,-0.18282250578643122,-1.6907044143448442,3.4450301581875142,,
24.517901999999992,-168.0230833436465,68.06135464495128,60.193002393604594,-0.06603650669797131,-4.588327488702772,-6.293476605489431,-0.0709787232399112,-1.1707234459255211,3.5266632714824877,,
24.527419999999978,-177.19095874614592,69.60647032078937,72.44921565660786,2.8376566427894363,-7.492250563142014,-7.5138766417996115,-0.5593930433523105,-0.4748464009137876,4.160685178147428,,
24.536925999999994,179.575369875398,72.92351445127606,92.09123648163624,4.718227686248266,-6.351629118413022,-6.877009822226972,-0.70169238547424,-0.11145143260898643,4.5400215637029,,
24.546351999999985,-176.13520644244966,75.90834437118936,119.13106241130737,6.071835315558361,-5.220815359867769,-4.7197535291539925,-0.654272783677711,0.06258557598940492,4.580289515726791,,
24.555866999999978,-165.72376689025052,78.4774041285683,151.93005214207975,8.017723866479752,-2.6193496644516268,-3.3912974643090945,-0.7044280337815846,-0.04723438018954561,4.527120170163233,,
24.565372999999994,-156.48893378089372,80.29337659778236,-176.84276331942306,6.768415518640737,-0.8854597534658718,-3.7458192751400126,-0.4217480391505556,-0.29103507641611065,4.428479189833429,,
24.574956999999984,-160.92407112139517,82.45515704680756,-162.72176734033488,4.167346584475718,0.2291378446281253,-4.3163844916754135,0.20299319314225386,-0.4150715810055783,3.699010604468492,,
24.584478999999988,154.8381075213219,85.22462245549141,167.58930241287888,2.9682221454290527,1.9490510867996935,-5.186990673169327,0.9454243646034077,-0.49034933597463903,2.9077673492182776,,
24.593976999999995,93.4905155187572,81.30746861428221,119.34346010486223,1.149940626159939,2.7613308340523446,-4.889933205273347,1.5066647111539693,-0.2867341973298536,2.579803779929131,,
24.60341699999998,75.41584639278423,74.03285978464137,113.34145745705486,0.20708333367566706,2.8376434963258763,-2.6410786298400093,1.6363042568581991,-0.061124100746169654,2.328730458317371,,
24.61292899999998,62.56408765506858,67.54277767708469,112.19979436997929,0.12543902981958208,3.5205861267869327,0.3079094049539326,1.5245047777462994,-0.28796585102217637,2.192306811419504,,
24.62262199999998,48.18371908776486,63.728523214690235,110.87727995713979,-0.759495147211096,2.524204508061529,2.2359663901887763,1.148319613222262,-0.8315417849566349,2.347874714383575,,
24.632126,31.896770024197604,63.17832815181129,107.58287630816056,-1.2741096147589712,0.5632027131985127,3.068559151601239,0.5908476389415115,-1.3424383343775745,2.2481239291021002,,
24.641638999999998,11.540371710851122,63.123638488251075,98.98003292354069,-2.096602596275234,0.9878140966644695,4.151708999146271,0.4422640559133718,-1.7855407721002339,1.9086623750109342,,
24.651145999999983,-12.054393477522954,60.65428416035526,88.00538673262415,-2.9609949844157084,1.4516000273232357,3.3115243408128086,0.6313110338810523,-2.1824605277861284,1.9701227278376041,,
24.66065899999998,-32.998068606796316,56.544964310564225,80.4657455458299,-3.2621934832902424,1.8441227476202582,2.3837161681510692,0.6010926708995024,-2.246876327304492,2.07105031220476,,
24.670164,-48.6852887488392,52.16482560354594,78.6056964133408,-5.354258165050315,2.2819115073487657,2.443895621453817,0.5366704238959227,-1.9520969562072295,2.1793430340569664,,
24.68901299999999,-73.57032044790466,48.15998101943637,86.26069785287255,-7.991038714060272,0.19352817483489515,0.9680675805971715,-0.03285299340638539,-1.6283633536241129,2.7369882680635134,,
24.698506999999978,-85.81104768582772,50.31802549448324,89.87868759954883,-6.934387931860273,-2.175438607253444,0.7100256561770388,-0.47863648471127784,-1.5741695943527745,2.5813147181241436,,
24.70803699999999,-96.96177990307561,54.32552299745943,92.99895474758829,-4.367648462025842,-2.99148736363111,0.48710009900473833,-0.7628989996154728,-1.3723383907573914,2.3925462997141205,,
24.717534,-107.96070594792016,59.14323737543793,93.37873365648655,-1.9401362823907382,-2.3375554295909913,0.22396662163648606,-0.8923804471472592,-1.2462791074435142,1.9184298493544114,,
24.727238,-120.07777393345637,63.54377728986608,89.40990284030441,-0.2954951558952386,-1.5325259362015986,0.14366827855359846,-0.8494813823171221,-1.1699015716020276,1.3354600250711561,,
24.736752999999993,-131.8342165509756,67.16068951320658,83.5612377060801,0.5702466016691817,-0.6968274442189839,-0.3634859416449453,-0.7821114009704201,-0.9206308576426571,0.9794734345216662,,
24.74579799999998,-141.91130227121437,70.04361119108684,78.42734502232086,0.46600645956210923,-0.5237064459907474,-1.8960927673263384,-0.6862211278805854,-0.6230664502985134,0.8489880653238205,,
24.755662,-151.6975203046298,71.62619911912995,74.06805526164706,-0.01488309643806019,-1.364148653190186,-3.3522675251040956,-0.46348523869673447,-0.5362921287490988,0.9751233474798877,,
24.76517899999999,-160.85542299855132,72.31028381048819,72.63482959840532,-0.18069884516287726,-2.4930599661339636,-4.405351387634033,-0.2987632487108012,-0.49223263738974565,1.452857263757144,,
24.774686000000003,-168.29900045030232,73.0106934147705,75.92712562453887,0.020276795234897223,-4.82437183694831,-5.806740257895689,-0.26284359409079333,-0.378821170159233,2.091190371294489,,
24.784201999999993,-174.7993389081156,73.43465531917684,83.70931499790379,1.4741200843965283,-6.849603710695758,-6.821096917876158,-0.16019876932196278,-0.34657088513602885,2.828694319143015,,
24.793693999999988,179.72495482321062,73.57327215534781,95.01159325893155,3.1976529428441176,-6.377134237250575,-6.500657627350116,-0.043307233823587386,-0.30632940729392893,3.3442216964651585,,
24.803211000000005,175.58665121738693,73.99680404973896,107.91995607212651,4.708416225632912,-5.1758993592281435,-5.916677223940308,-0.05011304134460515,-0.24243504286200288,3.4073482339301417,,
24.812720999999982,171.01425659781293,74.78211893798836,119.91520215760416,4.922261659681377,-2.926471499898732,-5.062740928119124,-0.05679141636051088,-0.29146985106233037,3.3060240686450597,,
24.822238,163.45670947571503,76.00952292716268,127.16287289254535,3.3093027937028254,-0.8717004563683274,-4.065323878094658,-0.007006769392332973,-0.4593187927304276,2.9957678077358985,,
24.83174699999998,149.14992008031868,77.45418596331919,125.52797841923758,2.3863306767445804,0.009010699527002586,-3.6256870406437827,0.14561846416629207,-0.7070560544082902,2.5221852430553593,,
24.84125899999998,126.44462892075224,77.61136035303589,113.94773369855012,1.6522656913442462,0.6780017952945234,-3.16690179736079,0.4494498950344434,-0.8712825607656002,2.113768618368214,,
24.850769999999983,103.49474311836748,75.21274550413472,100.87853604629291,1.0734849156071318,1.083609648980255,-2.2801864354692016,0.7652320826290006,-0.8920875943073197,1.84343175833879,,
24.860198999999994,86.80243542247091,71.03406788996638,93.30806673640805,0.6246187014891699,1.153337792444905,-1.1618792930423316,0.9381948010298695,-0.8670009487713803,1.6748416060241857,,
24.86988199999999,75.21531472219775,66.55290794699525,90.35611411389807,0.4357751677952731,1.0854195750154103,-0.07538520465056592,0.9167944584043277,-0.8194663501784316,1.5950739641919764,,
24.87939799999998,66.21561722465022,63.00055580049079,90.27576907049972,-0.07189968206103965,0.6678015470812041,0.9147449992701783,0.7138367276943471,-0.7718767168488923,1.6029681150693864,,
24.888908999999984,57.328426749825276,60.89032642540814,90.40240333131524,-0.28258551975487334,0.3758348036912278,1.6299874048035692,0.4282992204965392,-0.8417233714397094,1.5841855399222446,,
24.898417999999992,46.64757796402626,59.980590451802705,89.04859138714865,-0.16046557665467207,0.7909617548366661,2.185210190227756,0.1802078953938518,-1.0624552766708117,1.5778351548011555,,
24.90792399999998,33.08696240133725,59.672403493339594,85.95532074627607,-0.28743358397993757,1.4312999408815055,2.6352053494786674,0.007862217293411824,-1.3709695272936573,1.7178236630342176,,
24.917451,16.520817148965406,59.07007936846474,81.64286733851125,-0.8228403067988382,2.462691262805165,3.548521096570062,-0.05493848423466063,-1.6954896557354924,1.9825823467313282,,
24.926952999999997,-2.512670249862012,57.37855860948963,77.37070328145545,-2.2682450208764613,3.436912160592321,4.551782318359987,-0.02464617130297602,-2.034157771830168,2.3787256703762014,,
24.936465,-22.46700048824284,54.894571745245656,74.97119496232456,-4.798622496351951,4.1803952036269445,5.195022007683639,-0.041516112544005154,-2.277368490757072,2.8333052471360207,,
24.94597299999998,-41.363030050520514,53.24230595669406,76.25256953531088,-6.97714784443888,3.0615138259389667,3.9383023017206944,-0.22140682310043053,-2.22956567295609,3.316100783721987,,
24.955307000000005,-56.96014050288377,55.3926623520153,82.30096136392618,-8.898496783446848,0.5953327499067357,1.586346401552687,-0.7497918126734071,-1.7068821644841083,3.7433222362935017,,
24.96480599999998,-76.66002513087984,60.971658411986446,84.46354067675243,-8.330045141125245,-1.146846299090863,-0.7771582757785247,-1.3311594644184717,-1.9302325986190416,3.7833934494183907,,
24.974315999999988,-101.91710686016744,66.90996064750853,77.67586348949739,-5.670482757384145,-2.57731685483695,-1.3788904096536945,-1.4900756614432449,-1.9946517531580956,3.1900671230306172,,
24.983824,-128.8158573113776,70.6074864783844,66.54333370642146,-4.085629254679891,-3.8831628201832356,-2.973631773603024,-1.281384788153162,-1.6113610851882703,2.7954944634573478,,
24.993415,-155.3641899984008,70.78014091104727,55.52669218075999,-0.8031213107396348,-2.6606585785843486,-3.569986066960013,-0.8761468718837178,-1.4991543613000549,2.8116076739073836,,
25.002881000000002,-172.93413143241042,68.89844852173373,52.38811015375192,0.028835985927446982,-2.663523771942798,-3.4867913954451955,-0.41355124823028355,-1.1859299577427105,2.670548719791783,,
25.01244699999998,177.99218938259347,68.95060040946939,59.05154164427003,0.9280650588827927,-5.66178070455984,-4.858744278848912,-0.38339639074738235,-0.5234809592743384,3.0244767958992282,,
25.021944999999988,173.5283283196426,70.5286689660811,74.28890286278475,2.830900438803794,-6.37581402575052,-5.85708233338195,-0.4240085857920049,-0.15128684986122315,3.8840448037328232,,
25.031474000000003,175.24101877809287,72.02953990327296,96.5251271263138,4.407813636961863,-6.007140914966145,-5.418194283095071,-0.30427706795625165,0.13887150493815556,4.122169411738399,,
25.040898999999996,-178.5080076170325,73.8484580874689,122.73650318490657,6.6499316201641445,-4.404395705615672,-4.825829817631221,-0.48104278542678613,0.2243408647908401,4.04580080050988,,
25.050421999999998,-172.0015837982661,75.4655726599907,149.4100793760159,6.537612677687249,-2.6385913830148504,-5.0677316460035575,-0.48664704160150835,0.0012311182184869443,4.078606624653058,,
25.05999699999998,-171.15552954631386,76.637615420721,167.9472779428605,4.683362857186865,-1.2988746746992794,-4.923633808153078,-0.13353867878958312,-0.2128546489573178,3.5418362921130435,,
25.069513999999998,177.367787092214,78.65677801630493,170.32664547042953,2.996590063267178,-0.02558713869609329,-4.814725930940916,0.39952023442054824,-0.4989687242284783,2.7152393590449653,,
25.079022999999978,145.63136153626957,79.71277230246655,149.64284404540354,1.4986089278108257,0.9287489801623547,-4.97819810953482,1.032303508339607,-0.6057072780795859,2.096886653939658,,
25.08852299999998,112.9421510640799,76.04192414006901,125.84570260681946,0.545549302777502,1.500770698049339,-3.9160899584917446,1.4762677757734626,-0.4000851624844908,1.6343326336819086,,
25.098039999999997,94.43449531962061,69.9322947735867,114.62147396726519,0.1561543841949915,1.7004498378618231,-2.011731392618517,1.585974719998815,-0.3363474187469326,1.3179726440390707,,
25.107460000000003,81.25303352265281,64.29624124653323,108.59846594989243,0.13277282352599393,1.4653452742355353,-0.15963557591035146,1.4195287486813832,-0.5495360948999781,1.2377046002541798,,
25.117147999999986,70.40842551558909,60.94924658055812,105.25645074690644,-0.19646254221105874,0.6332350838083656,1.2247142626620395,0.93018605854555,-0.7676443421984837,1.2483046651149146,,
25.126661999999982,60.15500892502122,60.564228339123794,102.17870858993209,-0.7190025727705706,-0.3383335951251998,2.0900559277622563,0.3148573554911192,-0.9623997742382678,1.1638547632012586,,
25.136189,47.08557290973553,61.83355881741959,95.84929165085528,-0.7813881039556008,-0.29926008777272367,2.247975802793038,-0.047928784686390606,-1.289689588349163,1.0159962364775517,,
25.145689000000004,30.12570676651883,62.78317727112343,86.20234480384487,-0.5047783458321135,0.5067113044940101,1.793435241191688,-0.15355718592894513,-1.5834654168986697,1.0680988974277226,,
25.155202000000003,11.970049685660973,62.4166955266762,76.72893625069904,-0.374764643372173,1.3144539214992625,1.5377521593534365,-0.16718920759961944,-1.6661357039194824,1.3248421900783394,,
25.164714000000004,-4.416415879765909,60.036117098395025,71.16566168445573,-0.9401820823548165,2.646194012656663,2.191371093324691,0.028791309233657508,-1.6500732669109535,1.756285133781285,,
25.174217,-18.383161184422878,56.17201169401808,71.52911924171345,-2.4598727868585533,4.073915876670816,3.0330812389488386,0.2690053419628551,-1.6481448476833784,2.4410408022810897,,
25.183727000000005,-31.639299654420917,53.29533964740163,76.12557023478018,-5.300580825694375,4.332534795196391,3.815174033491414,0.1369336222788916,-1.6322441702523915,3.0815672286676508,,
25.19306499999999,-45.685418330853324,52.99150934787336,82.61442809766359,-7.559785301574901,2.0687781062716013,3.3586877238025483,-0.24007173524737013,-1.6673135279528486,3.5444320564269036,,
25.20256599999999,-59.679020147170135,55.98908727065147,89.70946152894012,-8.760121441160889,-0.9267030872552751,1.9729035047561372,-0.7046752168373224,-1.575911923030093,3.8100007627941026,,
25.212076999999994,-77.91114259672531,61.45136003600078,92.63148413862743,-7.722695253574452,-2.691738326763933,-0.09561637193180071,-1.0400651069030264,-1.9083636018124182,3.703267024372572,,
25.221598,-102.16733396051319,67.22273962771668,86.56568508682976,-4.845444437349243,-3.6832533688514935,-1.1321301782223099,-1.1462664466598016,-2.0767067496197105,3.167971450126715,,
25.23109599999998,-130.5023279706922,70.84289007761342,73.92540375509066,-2.70926576993621,-3.815394648493538,-2.568103732239698,-1.0365837512695855,-1.8547810403758904,2.7726265825871192,,
25.24068699999998,-158.35284646059324,71.23467989298538,60.68213826489042,-0.6067538769253962,-2.8325944830394443,-3.656349592443125,-0.7669786753529283,-1.6175237264957298,2.623816244373243,,
25.25020699999999,-178.14388035755576,69.28138009177854,54.822651173584575,0.34223886608084214,-3.2112610789598777,-4.184956139225504,-0.39021096658709836,-1.323104266961904,2.553486762602944,,
25.259715,170.14748404049948,68.54930270237321,58.65870958266886,1.663570167793377,-4.827505408884288,-4.473296614474613,-0.3479629388221865,-0.7756384830393137,2.949945383187845,,
25.269228,163.770537827192,70.21927701495197,70.74582672361146,3.2630238607079085,-5.401751411254674,-4.808781935663003,-0.5060106404678084,-0.25708707224057326,3.609107811990578,,
25.27865799999998,165.2147192298707,72.61793316420228,91.09915159257244,4.536007936851965,-5.199255219037433,-4.608908287559229,-0.4738959948607651,0.17102740325337956,3.7948970414586123,,
25.288173,173.53942253384668,74.76707702336725,117.08434301122809,6.332615819354643,-4.470659703358073,-4.1797730088264355,-0.5438615261604626,0.3515831729699229,3.6757124052308434,,
25.297682999999978,-176.82672159646606,76.22328754397812,144.35775052999657,6.106504151537919,-2.8328039109148344,-4.740413578002707,-0.5488975606773664,0.1719809143763157,3.5869830691660254,,
25.307270999999986,-174.22373215724616,76.74250022595429,162.4416100926468,4.541211899216532,-1.4937091055504974,-5.614508156788361,-0.1659317851319387,-0.046292890973423914,3.108699750908915,,
25.316768999999994,174.26883107272545,77.32176207018527,163.26994646808026,2.5467997448217923,-0.22839186627500618,-5.948708541623168,0.4516237830568368,-0.2723652006175751,2.4052959750461955,,
25.326273999999984,147.6531352972359,77.05461335300117,145.60161732368454,0.5546686437929552,0.6007285644652332,-5.955114661182282,1.0731133278027112,-0.46869029473717644,1.654949210691699,,
25.335790000000003,120.75756200819242,73.21725792112967,124.41584712311735,0.31129541529679683,1.542465422810333,-4.7913507491255585,1.492011598939749,-0.448706738986838,0.9623068930815449,,
25.345298999999983,103.25443865376722,67.25220987805187,111.18486354171017,0.18449135905379313,1.7421227112579623,-2.5005713024184497,1.5911387621713895,-0.5030866903953229,0.6518059903769061,,
25.354747000000003,90.32558816290788,61.73637356143388,102.4324694300346,0.14333748056395862,1.0310185895228523,-0.4348642037414065,1.369167301360335,-0.7559436485999831,0.5829133183002423,,
25.364440000000002,80.42813101801794,58.25898252261382,96.49017196143164,-0.14339925431943154,0.16820415223033852,1.0953762653757069,0.8448328239350804,-0.8694048289797273,0.5160424368661117,,
25.373947999999984,72.96969400578853,57.6676830138973,92.48224306855262,-0.8690629288680524,-0.7210587057226406,2.0847659896719763,0.17834906471337825,-0.7867955657263255,0.4518295673692951,,
25.383447999999987,65.27411071900777,59.29505804908606,87.6786659131686,-1.155623910701704,-1.107258144240722,2.049463296793184,-0.3244203094055561,-0.812592264960109,0.3404172754773666,,
25.392961999999983,56.191950964119265,61.56293665556319,81.27824239816229,-0.7216596805786855,-0.7725351392751013,1.2193161912835688,-0.5362875396846379,-0.8565939502376138,0.2895593303154801,,
25.402473999999984,47.06030757763414,63.416190889494096,75.63400415526586,-0.24924741688429303,-0.25698115356306395,0.5505543505103018,-0.5296434335268327,-0.7608373405398006,0.4812040737196777,,
25.41198399999999,37.87896173850899,63.60627016385174,72.1650336796241,-0.2030082108266744,0.15954583134949588,0.5712617877044508,-0.2605416705676195,-0.7848837176095115,0.9404197435655838,,
25.421502000000004,28.024443348687225,60.99197480349599,71.25211973013049,-0.015519725038337361,1.0778435930777805,1.1141165152241452,0.2130566216749648,-1.0419824756776095,1.5540263038167257,,
25.430995999999993,17.66609139784676,56.91408406549252,73.926251316486,-0.17725229311599666,3.0313973116187345,3.1682576109694356,0.4648091676779796,-1.2710551091162174,2.3020511032268436,,
25.44050899999999,4.9869937623454055,54.07452441595543,79.24375462558274,-2.4587580998707304,4.779839685999561,6.31032926486779,0.2275903945236752,-1.5361597269439669,3.146404168777405,,
25.450034999999986,-10.095697533273592,54.063860901386754,86.01892697100025,-5.716397196427227,1.660290106539105,5.726322128302915,-0.2140111332044633,-1.7620396559164835,3.7919660550080976,,
25.459531,-22.013755061031826,58.06300065999995,96.60142621368907,-8.077077071368091,1.0187413952244384,4.4565863923818165,-0.7586181272662453,-1.3516905241511181,4.089900732510172,,
25.46886699999999,-35.707951439772245,66.21295912012648,104.93113851356733,-8.163838196159022,0.6109334492559283,0.9921033790231077,-1.3503377504044534,-1.561206508964967,4.084445250246922,,
25.478358999999983,-60.02661617988834,75.97037766026091,97.6750172416065,-5.498586795695621,-0.7011466397118704,-0.33926821757274217,-1.5634105160941347,-1.9098047861259195,3.1610125886631564,,
25.487874000000005,-102.46949045671585,79.90850811528861,69.26841542417783,-5.978431122555998,-2.415750527411884,-2.5681251736828004,-0.9241112312809696,-1.634250255890358,2.6339140496932996,,
25.49746399999998,-138.03712779619377,76.93852566175964,49.84896355656454,-2.5519749560137517,-2.5764474015691414,-5.270240185712822,-0.22028431940615265,-1.4920114812375527,3.0897112165300475,,
25.506978000000004,-152.94292633936323,71.92008889527237,51.36846028014418,-0.1726538426713159,-1.7080458299524015,-5.138669581847302,0.2652370023775058,-1.240890520282938,3.1757918220634958,,
25.51648799999998,-156.30706559126614,70.02446629869365,65.70807475797574,-0.45266929921351845,-5.0577596820269735,-6.659723409435097,0.20702443248752775,-0.37389882327014246,3.5043771294421204,,
25.526004999999998,-156.34607213216964,70.8965437376787,87.91752154050435,1.2095719837273335,-7.353105722515026,-8.105781339125024,-0.17926631468840626,0.04825730201610143,4.450886004625549,,
25.535518999999994,-153.6136508716419,72.01238059043402,113.8244036533036,2.737704476246948,-6.817784270782722,-6.869900354286427,-0.26510668008493027,0.13633627293436076,4.664771059172971,,
25.544943999999987,-149.28656144055282,73.52244793935267,141.20742898891356,5.937701431558347,-5.473069680745366,-5.387442307043861,-0.41152269917235906,0.021255817058205683,4.6509528834492455,,
25.55446599999999,-146.6858075001923,75.07514223358108,166.5869592254701,7.49070862896548,-3.26614527991531,-4.275397386592852,-0.2774235152450051,-0.22216368448394394,4.575784090427804,,
25.563962000000004,-151.32298661977998,77.30809549371686,-175.9746156137626,7.172763524156339,-1.9326165871847394,-3.905462188087244,0.1752896978283368,-0.4742064146573862,4.388010454776244,,
25.57347999999999,-169.48064503757948,81.05088195681081,-175.21486227928594,5.9033155938486495,0.3830244315346399,-4.209085887555237,0.7308669418907302,-0.6996935537473647,3.7177467379568565,,
25.58306399999998,138.56758419692213,82.59197287915269,148.9916345804604,3.7573372844112094,2.6335582350052036,-4.6565805115019785,1.329157180304166,-0.6081162143651496,3.1322112524696584,,
25.59258699999998,98.47768108884019,77.46014037004737,123.4992827173072,1.2932451861503238,3.021335827543873,-3.934397380174725,1.6557023144281724,-0.2552660238549821,2.8047967795346893,,
25.60200999999998,81.13170391479106,70.76185011100952,118.92113816760099,0.2894775737149942,3.1101100643111206,-1.8828166450498722,1.6300910793994066,-0.13285187992898892,2.4172103721987366,,
25.611520999999982,66.68904986330912,65.63477900447039,117.14453349023005,-0.15508196880242653,3.3833688890821816,0.37089649893560905,1.4090096465840845,-0.4755930401052863,2.3196429608126854,,
25.621204000000006,51.311083260297536,63.6067769464222,115.27364445567946,-0.8956987446217138,1.7443281834021,1.6997700049919402,0.9502624527792457,-1.0108431540956793,2.3967830930707685,,
25.630723999999987,33.68053130841678,64.25321874867423,109.99785401475825,-1.315186548626682,0.4135633384156774,2.6951299711562373,0.48580104408982433,-1.4825659671219127,2.105869146902033,,
25.64022699999998,10.68501606621191,64.50713002172007,98.41175399476154,-2.145392192423,0.5999894888588979,3.3630644030929413,0.44819541063987484,-1.9357803405422762,1.828787800165156,,
25.64973599999999,-14.623795489391796,61.99899243754135,85.3157421025816,-2.335421500469812,0.7104836292562411,2.4558728911617935,0.5768591793165808,-2.251173761127943,1.9057601601623324,,
25.659243000000004,-35.153683681310234,57.94460057725458,77.08053223196261,-2.5958328968634485,1.3774737394526895,1.9724652359470662,0.4902667865836342,-2.147435420246704,1.9113298266733643,,
25.668576,-49.81469946209648,54.0279636887137,75.46159047281566,-4.530123352953037,2.0751254134096646,1.8707876171750155,0.38035992917289474,-1.7747994020407063,2.1078141925924765,,
25.67808099999999,-61.70195036837276,51.87529618828882,78.72798885181699,-5.722106988507583,1.948861112227903,1.0712579915057674,0.10990061605244997,-1.4875131499172922,2.552033308584075,,
25.687594999999988,-72.9894983164154,52.81213896060333,82.79446326646598,-7.173923144817586,0.9296808193687001,0.5463152466812136,-0.3972090897080498,-1.3242913973935577,2.6026376562729965,,
25.697125,-84.7338645648705,56.166728574015906,85.69252254521044,-7.1791461549298665,-1.5038270307770931,0.3193807181640926,-0.7965847602180973,-1.2812429470110387,2.494209303125764,,
25.70661099999998,-96.73332555224576,60.46330152735514,87.40672208812069,-4.891628254260962,-2.7186185940260623,0.3939990619866772,-0.9276170833869883,-1.195875833004291,2.387679162948298,,
25.716122999999982,-109.12540883335859,64.57317871719883,86.37400174796058,-2.6248803096687663,-2.5862807429279657,0.5777725757731792,-0.8783071082741728,-1.0851246377236727,1.9944849729442096,,
25.725830000000002,-121.64968460905531,67.68060346261365,82.46049992580302,-1.107722265318349,-2.2178406981055043,0.685065505939174,-0.7144887640760836,-0.9352103042192249,1.5090606053119582,,
25.735325999999986,-132.25983046772612,69.76030523770667,78.63543128562098,-0.013394131806975127,-1.194932518914642,0.21555660824078196,-0.5372906431740748,-0.6777557030424589,1.2292489613760038,,
25.744663000000003,-139.59503323062626,71.08780809466072,76.44539492168536,0.3067081922064672,-0.47623311048594597,-0.8851191469387264,-0.3679114800077666,-0.40905878937774887,0.9803180038952026,,
25.754253000000006,-144.41901122818078,71.92942101174614,76.10496463352172,0.14482934026818456,-0.7263617533264981,-2.1208986885482406,-0.23943081974373442,-0.24419995166598316,0.8689233044962911,,
25.763754000000006,-148.20338135725873,72.81104145959337,77.96508137313093,-0.12211878559557737,-1.2399424549148994,-3.2595151460462874,-0.22757067292880762,-0.17133264539705953,1.0912849279963925,,
25.77327199999999,-152.44208727944934,73.69640063700024,81.30360714850225,-0.47481945884840115,-2.44657604793073,-4.354005494477248,-0.22403296019957725,-0.196722480509542,1.4775121692300643,,
25.782781,-158.23875420192147,74.26982014801125,85.62886955237384,-0.3040502011931406,-4.525050659671432,-5.387716941415336,-0.1580352798364256,-0.2945161286673127,1.9775259901156055,,
25.792299999999983,-165.76662319318262,74.38478099719411,91.34651560951555,1.003785810570201,-6.2566997163935145,-6.022294169888095,-0.04334144042423694,-0.3981325999292015,2.5914562213117747,,
25.801799999999986,-174.0989414230243,74.06697035396661,98.46551101874932,2.853902229047562,-6.4997584313512755,-6.153546407182491,0.08950547276929757,-0.4416334095304437,3.0990119812405426,,
25.811318,177.7267175083668,73.62238664130064,106.75567189713888,4.371330165219746,-5.1192858195193,-5.565050743876157,0.17274097729291632,-0.42398621944838466,3.304227864769107,,
25.820821999999993,169.41801373787519,73.84103078784314,114.74000023095344,4.78108124141932,-2.835907734047901,-4.498078109730381,0.11051107476076437,-0.4535269136776995,3.262209421473708,,
25.830332999999996,159.14641608838969,75.13922067724414,119.9157696371776,3.9153708748746765,-0.9239376863517992,-3.674228756014327,0.008732347746714535,-0.612608546698882,3.07531478887124,,
25.839843000000002,144.12500900201695,76.79765658945594,119.09037720541868,2.947421711468038,0.1358970056446746,-3.069972095314739,0.06155582572584222,-0.8034277264375551,2.7456078052402084,,
25.849357999999995,122.24440646816973,77.51073432059113,109.90549128628578,1.9830357383057982,0.7009598823864623,-2.3621179020291287,0.2664040292533488,-0.9490256041582232,2.42536173327576,,
25.858794999999986,98.23155801423948,76.13587483367807,97.28210922393039,1.6051360747585368,1.0000232093193975,-1.5970785592613332,0.5128965102468317,-1.0047364778116985,2.1470331161117033,,
25.86829799999998,80.06250414657381,72.93053638474083,89.5812539060909,1.0825818252339694,1.2084324423127022,-0.6709596916394317,0.6870158213257738,-0.9381199815362794,1.992620201053749,,
25.877985999999993,67.75647818087867,69.27441956119789,87.52725365516105,0.5060881417093037,1.1354811614234428,0.1898651860715982,0.7063405876528293,-0.8259341786781861,1.9470199353513047,,
25.887497999999994,58.09944386285695,66.18805493942723,88.02011450748643,0.055375691406459995,0.9637164986947131,0.7924414670505994,0.5876451030098114,-0.7656961629359338,1.9147989675439216,,
25.897008,48.57927196961206,64.08930895860709,88.7366093098866,-0.16378571355284693,1.1261656263858955,1.2566205757787647,0.39858789596006794,-0.8213917047003306,1.894983591882496,,
25.90651299999999,37.26513615839452,62.892970702117935,88.39351684293943,-0.3264327569000499,1.56847088246406,1.6258784306177498,0.21879570945389765,-1.0234256736456009,1.9478585145923102,,
25.916027999999983,23.042753022791114,62.0006852417333,86.1893734904212,-0.7313140728726544,2.206683529704618,2.127322280264309,0.12297129984175953,-1.3287420850115421,2.0738879597360187,,
25.925543000000005,5.944313519003955,60.50238578693607,82.62640385706158,-1.659254543249797,2.9711221655266775,2.943319808284633,0.1457578057585488,-1.6693383955787886,2.280747399865073,,
25.93505399999998,-12.91978830376786,57.948382145682,79.43140918968993,-3.561701496266612,3.6430646414087042,3.995645786170572,0.21083216002025393,-1.986627783532458,2.600455086945052,,
25.94457299999999,-32.3874408193837,54.64789267008293,78.24570239055379,-6.176841059967142,3.24918557342931,4.509461713874249,0.23607984914245028,-2.245349924030431,3.002100278566775,,
25.953884999999985,-50.60778239028055,51.93070554887857,80.4991099472085,-7.705402313455295,1.646619504635344,3.3508032871406708,0.1402528894269424,-2.238844253391613,3.3725697738798477,,
25.963412000000005,-67.22713830157765,52.54497818648748,85.62165914999443,-8.895666090205355,-1.27835459776904,1.1360638919173836,-0.3584178030981148,-2.0024835607865334,3.6532894835203216,,
25.972921999999983,-86.8428399082413,55.919495698223535,88.06808455516311,-7.624617331171596,-2.5129665578541363,-1.0071439025594706,-0.789106563050346,-2.245726539522883,3.675807414369223,,
25.98243099999999,-108.03429843712392,60.5444633645951,85.89667235744824,-5.130362346652976,-3.5465231311920626,-1.9640025664106688,-1.0284373296168323,-2.1674916106429074,3.1753810917996375,,
25.99193199999999,-130.67589585526383,64.66355634243972,79.66656450680027,-2.7864997065091637,-4.010677380869226,-3.4782090198444333,-1.0676969181596556,-1.9484144839911939,2.78136235972746,,
26.001514999999984,-155.36466969242974,66.61314883146443,70.25187671505537,-0.1447998468859354,-2.480917965595969,-3.1334328985856983,-0.9001047285174842,-1.8482885683346544,2.6208186440554577,,
26.01102899999998,-175.90893162283763,66.8732701399661,63.00283131601598,0.603646589859975,-2.6218725567865078,-2.918677572921136,-0.7001290928683574,-1.452174087237875,2.398895915120516,,
26.020462999999978,169.43513591545948,67.79338219326095,62.21811005446118,1.711267931941424,-4.402216147633216,-3.4645559513422075,-0.6932228969798515,-0.9075141330898582,2.6088171829610904,,
26.029967,159.65774140951447,70.07729491857108,68.644115308036,3.072128598308143,-5.019763290656389,-3.656731091700964,-0.7204780662899455,-0.4417888260389523,3.1751527397738455,,
26.03947199999999,157.0946198762935,73.43287996993912,83.04540082200165,4.517234808207147,-5.2302779329912905,-3.7727677390011363,-0.7050892742650311,0.014096143430195216,3.4307331600966795,,
26.048996999999986,163.91057168619295,77.0671015371908,106.64284286926242,6.449033352062333,-4.615534474494798,-3.913971077235568,-0.7678240299495368,0.28701250555171937,3.4566174821931024,,
26.058505999999994,179.83898746404222,79.27745607190938,139.22286999767888,6.123445403789117,-2.9536392903497557,-4.612998131252896,-0.7357359462270724,0.3065646670793044,3.4490425073030138,,
26.06809099999998,-166.7593692910376,79.30698764406105,167.19838568902037,4.300275511415952,-1.5762910392568132,-5.309824084401219,-0.45730949853201625,0.21288398148349225,3.0045423844492105,,
26.07759299999998,-167.24634082903214,79.58390128651742,178.4199689296606,2.412718082086267,-0.730007829449107,-5.88959050105969,0.002324858633548725,-0.06669964402312538,2.3372007190648336,,
26.087109999999996,173.97625891746694,80.84056191381589,168.05435696346552,0.5913903443920745,-0.0642383981151535,-6.17614809572767,0.5955987712806519,-0.332105743408994,1.6241025719235072,,
26.096625999999986,136.90011320940147,79.96895117141993,136.31847933077677,0.05195811872001584,0.7427025327795812,-5.145675271454104,1.1464414123686433,-0.4310419137372194,0.9699444580373596,,
26.106137999999987,106.78777657897996,75.2278998162776,109.74006470053372,0.2322372928665085,1.317654233757273,-3.236002757323986,1.4622411343123953,-0.5823234518863971,0.5642148429556081,,
26.11557399999998,90.1106737255249,68.78495484431045,96.08177121450608,0.4107100903532091,1.193289143425955,-1.2206068441423992,1.4700932938256155,-0.7262613124556995,0.4491110639241777,,
26.125260999999995,80.62724524559874,63.02673059554412,89.63288625067828,0.05110153977923702,0.5464471566844524,0.6430507416409713,1.1830511985200456,-0.7242226872015187,0.44075142444864646,,
26.134775999999988,74.44580740044472,59.49823267013735,86.53025024148876,-0.5459222953800785,-0.1690590368658628,1.8707376329106176,0.6827648905625887,-0.6252211527798137,0.4581549537949644,,
26.144278999999983,68.61460202745671,58.40779443553527,83.89279716102757,-0.9591999635266429,-0.6647291990703317,1.9930706927231618,0.165458172055404,-0.6248617215067261,0.46519682960884773,,
26.153704000000005,62.32256921982097,58.967124703894584,80.89277138060206,-0.7678883365524798,-0.5129936878681499,1.3882299410408423,-0.19807343714987174,-0.6409297615906945,0.46395576254004667,,
26.163299999999992,55.30127018317648,60.14240489600417,78.05432389385663,-0.5003634891980088,-0.10324020890495106,1.0021898169694823,-0.360581997760127,-0.6645528951782486,0.6322551462408887,,
26.172804999999983,46.119064836424634,60.59110671123507,74.96966029932996,-0.6814248153864001,-0.04390225115194884,0.7239636042160491,-0.29763369517525734,-0.8699488348323838,0.9853761356518806,,
26.18232499999999,34.70021263897097,59.02077293430242,72.01828760247693,-0.6331993981111469,0.23381544136343027,1.014004730086182,-0.023638716922937526,-1.1979868319510105,1.403798486814645,,
26.19183799999999,22.202621781816077,55.92280572702598,71.4541776931416,-0.3633236165134728,1.6972103445386089,3.132307908484743,0.1715832685208595,-1.4774373716063731,1.986807815605868,,
26.201347,7.8033245737929136,53.12208041682276,73.58560571393566,-1.460847582899946,3.126689864492188,5.852612139599479,0.03880526641818964,-1.7691330915991057,2.764752936113313,,
26.21085199999999,-7.002837416369811,52.66269666075544,78.80856745509784,-4.193455713903249,1.3821947284717486,4.954911344182949,-0.3270561292920073,-1.7634087800652851,3.4003524924571984,,
26.22035199999999,-16.06152485922273,56.999981151503945,90.43642961351645,-6.1877882097835375,1.636577644702076,3.3655256114967234,-0.9525601881923893,-0.9609101262697413,3.801941975595992,,
26.229692999999997,-22.05894436886735,65.56242732909067,104.90041928153563,-6.03953081537514,1.6549023184534415,0.717024395182649,-1.6168189708350054,-0.799617565830303,3.9379830402144114,,
26.239197999999988,-26.761625576384958,77.04972405286902,114.88345698944019,-3.7059237126377296,0.410766382952127,-0.4838991601333354,-2.053833204770277,-1.062531333976869,2.879805408538197,,
26.248706,-51.109174193094134,86.03989276863197,101.15608192806127,-5.602989679389103,-0.6517100129719267,-1.4400637450332663,-1.448593325080514,-1.215855324415228,2.0836410555840486,,
26.258293999999978,-143.66433571568712,84.21005102179261,22.02980852804758,-3.3235601658463927,-1.7474825827853564,-3.882657031771777,-0.43812256146090867,-1.3505460976917432,2.6354226591267094,,
26.26781299999999,-152.6933575609788,77.54095503080634,27.025808012447854,-0.27464317648970854,-1.063493858872259,-4.323139189288735,0.2996361420516451,-1.323092739057404,2.7791945332760615,,
26.27731799999998,-148.72697108941767,72.99691255067198,44.90708703926959,-0.9845956601563026,-2.6207579546487185,-5.32819809362834,0.7026781804945476,-0.6064657684697813,2.806570167120052,,
26.286823,-145.03812956658973,71.23039769561623,66.97756370100946,-0.5503094197857831,-3.485392811040478,-6.767437258900414,0.4208745265067559,0.0029641838191219734,3.7127655683226224,,
26.29632799999999,-144.07514135334608,71.29352402494952,88.96731115983266,-1.194386248545109,-4.854088703425447,-7.544205579914991,-0.005047447584405668,0.07549410045994807,4.217391337084358,,
26.30585499999998,-144.32640675610338,73.2255566306017,110.18997816736703,1.3735901470886738,-7.399052763737064,-7.258133069484615,-0.39072251977816275,-0.07102363352418736,4.293508261308156,,
26.31537899999998,-147.33554911534733,75.88314081669195,129.6235975169163,4.562345846194817,-6.664841074171889,-6.001270277441531,-0.39572005563179785,-0.4024293284453542,4.46712568644881,,
26.324803000000003,-157.03793759944276,77.947803831343,142.07847902262372,6.164253437080434,-5.174127625397895,-4.299769480843613,0.015559334594768796,-0.6056210339490616,4.380668659465011,,
26.334307999999993,-175.85288306144747,80.06129274163833,144.8997385247834,8.002731039726562,-2.4916180403465704,-2.78155190891346,0.31658301838873915,-0.7705335403178097,4.257004745553474,,
26.34382199999999,152.1629425163547,81.88694923779492,133.85185249830533,6.711072504564771,0.5086179249415198,-2.3841860533189543,0.517328663355846,-0.9257314699165284,4.107220444951257,,
26.353330999999997,115.98877001165867,80.79785157151866,116.58821291123357,4.4741121391040295,2.2365615686053637,-2.4605223820082496,0.7856536084103356,-0.769288758906426,3.6982912323353063,,
26.362836999999985,92.6980902328777,77.44877633747551,109.71277540684721,2.4547389388833407,3.180336800727837,-1.882917764130955,0.946727200315185,-0.5613936094863776,3.2914109125177946,,
26.372341000000006,75.50809975113388,73.71054061991731,107.82500434677412,0.7048328995594266,3.0038262295757736,-1.2661092981833526,0.9775717722267058,-0.5855096996824162,3.0293123765822516,,
26.38184899999999,61.049823250858495,70.5801490005733,108.05458501424216,-0.056291824006470904,3.0740891008710585,-0.4064080434549532,0.8703848881082566,-0.6610069293048801,2.7915258664984512,,
26.391557000000006,46.509133659454356,68.76911129823159,108.05017806044894,-0.9051797638947363,2.6374227245002477,0.7836224848233978,0.6625719609978229,-0.8564949893174367,2.719082939818272,,
26.40106399999999,28.74480005013714,67.80736337113191,104.82618251290621,-1.4787545953146062,1.8365928906811624,1.6776835025857701,0.5634999136816813,-1.2110177028805438,2.6500615485508967,,
26.410563999999994,7.8539660916245415,66.50987659045329,98.11420928552137,-2.2585055773207596,1.9895354985321734,2.4323256170724727,0.5836721792447331,-1.5379613440769986,2.504808238666699,,
26.420085,-14.174176383595944,64.11146284128296,90.59367699527178,-3.447988160213982,1.9022028552915256,2.9214125373345246,0.62280522256855,-1.7945336529619111,2.4985039765336694,,
26.429595000000006,-34.5197104100605,60.41143281135039,85.32287508768076,-4.5118543830981315,1.3107944037292614,3.074225213290561,0.6759962835336786,-1.9133161772976102,2.548810481903697,,
26.439097000000004,-51.75595565770481,56.210475549467255,83.72479306945738,-6.317037199348463,0.8960267622810658,2.9092269014736787,0.6692531921125292,-1.8766779901603283,2.6155385061195227,,
26.44843799999998,-67.34718482582518,53.01343359203553,84.81623790389636,-7.896671728021454,-0.0987962066491743,2.045241514775139,0.4625660233795308,-1.8536112206914699,2.762889351556374,,
26.457942000000003,-82.29071976808156,51.99294819459362,87.03289661025538,-7.4443077032975316,-1.5056647513066714,0.9075329819208076,0.08046863262158688,-1.8207719416096404,2.817772399501408,,
26.46744799999999,-96.07740611060625,53.530521633344996,89.22089751423236,-6.050681641841695,-2.4486077646966513,-0.26144175973563333,-0.35691859945114496,-1.647579663877607,2.6364742248245863,,
26.476969999999994,-109.59233919425203,57.12212999370793,89.50370477717924,-3.337091554538531,-2.232782684324774,-0.8514464630866003,-0.7316853693392682,-1.5180281935191338,2.2833502939456953,,
26.48647299999999,-123.43449262578837,61.53484520718856,86.2233829969012,-1.1968350970933859,-1.4814182356774623,-0.7930998020904394,-0.9314540655045992,-1.3653518504055375,1.7287166459232268,,
26.495991000000004,-137.27998330808998,65.62483684462394,79.84460692655853,0.1135459577635679,-0.7898613960350838,-0.5883500407441569,-0.9594101332997449,-1.110445702445887,1.2064377694661867,,
26.50551299999998,-149.7498540970086,68.9017904414552,72.65421279197672,0.5298238829986877,-0.6674186587159526,-0.7915343578781968,-0.8661197885981182,-0.767630121023362,0.8620576406479694,,
26.515017,-159.38089702796418,71.1031631571013,67.31856801100032,0.623373032632921,-0.7249784270506213,-0.9896562012001011,-0.6425816710043737,-0.45530383947016,0.7599397911096104,,
26.524520999999993,-163.93663476638784,72.6310247184801,67.14397663136718,0.48609675509012384,-1.049836409421975,-1.3253693912369546,-0.3966039020083621,-0.1308238576463454,0.84005284569252,,
26.534109,-162.83888071985277,73.82625863897354,73.57334057089048,0.18570618376457107,-1.8398130818337375,-2.1769730637657196,-0.21001241508224616,0.15203088094775347,1.0847637755028374,,
26.543615999999986,-158.51226935178028,74.23320344597497,84.93362966305033,-0.04331908046799836,-3.083891652125561,-3.2755685129236123,-0.04279807022799047,0.2602284451348382,1.456242894960772,,
26.553122000000002,-155.2721597174014,73.76964765106656,97.55950508458731,0.23347046547199302,-4.672903833865032,-4.504305092523175,0.08011184524519992,0.19023857973565333,1.928439617824763,,
26.562628999999987,-156.0625585358718,72.94806812793709,108.7189039406474,1.2207168140804612,-5.861978933184909,-5.9403297443393805,0.1599706062970464,0.0003638369992964064,2.4217214016476554,,
26.58165699999998,-171.98863358473014,71.68113872033037,121.59285706088535,3.6204923006680074,-4.257659328806106,-7.074516835624251,0.37852824972396304,-0.49830778166920897,2.9125296906071165,,
26.591155999999984,175.64803531047303,71.81799077224146,123.19503015196038,3.698474815991343,-2.216653438022139,-6.036490196142493,0.37831166167955543,-0.6714154727702247,2.7116894621401895,,
26.600672000000003,161.36550137357182,72.44866862767971,121.87192541737132,3.3910939558941875,-0.7423857673621014,-4.680611540473988,0.35373840890966934,-0.8103853818022414,2.4509098100286537,,
26.61018899999999,145.12732566040762,73.17354574644058,117.2565687799981,2.2996265387484343,0.16402576524962345,-3.2584238796997287,0.33744773594530225,-0.9108528314616082,2.1754005733163346,,
26.619697000000002,127.52950036174236,73.50075705806927,109.6495243745901,1.8397256164743163,0.5752617067925638,-2.204337606080008,0.3325653667976389,-0.9570207412387834,1.845346192610945,,
26.629124999999988,109.79693653595461,72.92488406680408,101.04658981342355,1.3018300538246332,0.7735507252614593,-1.3136108707430838,0.3734642733247814,-0.9635197263606144,1.668896099490476,,
26.638642000000004,94.32618718769831,71.37095193822991,94.07213686719537,0.3358949988741971,0.5332455223646951,-0.6449122872716486,0.4245228162809116,-0.9074397656454442,1.563516544947828,,
26.648338999999993,82.38412348585017,69.17080462338808,89.75823942556609,0.06948107109982134,0.3758796201937939,-0.0661552538895021,0.4610531482284289,-0.8000041086538968,1.3934110647662203,,
26.657836000000003,72.58069381113373,66.70302675959778,87.27299661280793,0.032810973512636246,0.4276554587935296,0.35694767521015835,0.47088107750146646,-0.7581945007608853,1.3289295511646404,,
26.667355999999984,63.63606046685135,64.21198749594821,85.81977176434974,-0.2567329249627361,0.27172995122974114,0.607428320511554,0.4501395770698377,-0.7813210901414488,1.3723476966382269,,
26.67685499999999,54.65707359049195,61.76361135116889,85.06288091643258,-0.05125263636792855,0.5850360012786543,1.2565134912489473,0.4242577518039849,-0.8603116886090862,1.4389203332397722,,
26.686357999999984,44.00848916076134,59.37438358449645,84.30020120288954,-0.011101240365282195,1.0991316990124382,2.1006473484557753,0.3814601866729015,-1.0940400137389685,1.6930912355845673,,
26.69589099999999,30.965050379712725,57.11449143654183,83.59031050510211,-0.3303318258325256,1.8302963638536711,3.333783397682082,0.3091658113760876,-1.4197495093274053,2.067881630174631,,
26.705388,14.908311485172758,55.23546793985636,83.00632315366254,-1.5149458329042373,3.3193533888123414,5.252547063378908,0.17121481300223457,-1.8245142399050334,2.5443990631970896,,
26.714913999999993,-4.711876800683127,54.147759218250606,82.49283627583233,-4.117441409836598,3.9522182013180807,6.43087550036969,-0.06130112001313935,-2.280247936400917,3.095605480074846,,
26.72441999999998,-24.83447999419933,54.33479066176511,83.74059645014856,-6.462973256627346,2.5548814184744844,4.985202894944098,-0.30668867945927997,-2.331886880792407,3.513093409113679,,
26.73373699999999,-42.57687738541143,57.305002874525194,88.26566496584046,-8.737564100368902,1.1253983989506828,2.5986444436612,-0.7173189733232186,-1.947591519520834,3.8391969993704147,,
26.743256000000002,-63.89076501933792,62.983509078792984,88.72161030136863,-8.331534941424055,-0.004268229642473454,-0.6431454786933997,-1.1699884921209949,-2.085968384207262,3.7913748012137627,,
26.752764999999982,-91.15228801074122,68.76152386086737,80.35019131039482,-6.217202085684715,-1.871560715329419,-2.04020612605323,-1.3296748975255646,-2.0927810747540216,3.312238826534287,,
26.762272999999993,-120.94298496078423,71.7409527023345,67.64250836404385,-5.2558060037663905,-3.547523191597544,-4.212249633709348,-1.1044939052439098,-1.751149972940812,3.074772942368839,,
26.771862999999996,-150.1714433789425,70.94950721862256,55.58175327976689,-1.6994913803860476,-3.078235191412203,-4.787658092978781,-0.7476955757527018,-1.6953845337575861,3.131827042164805,,
26.781374999999997,-169.399798233974,68.71059714507007,52.83741339884632,-0.23816730830430913,-3.4794590973530624,-3.9277856399744806,-0.4179488855511503,-1.3218255380782111,3.0612914590266795,,
26.790881999999982,179.23192982410518,69.06373823308564,59.53283286688107,0.9277793618255813,-6.149529004248405,-4.927450279304541,-0.5220236723071361,-0.6318773213428885,3.4588701419713,,
26.80039499999998,171.570528580709,71.05493853726489,72.96162130456197,2.8515600368293255,-6.892508123708666,-5.407451507901937,-0.587450535677509,-0.31156771564110786,4.1249419821658195,,
26.809826999999984,168.976631285346,73.53765844220507,91.57813160016161,4.935026245819026,-6.293571092528459,-4.680741955459717,-0.5286018333923217,-0.08607616722612302,4.216130026597401,,
26.819342000000006,170.7068021182154,76.65702105754038,114.15707181504864,7.104656363052266,-4.174619531311907,-4.383059135979594,-0.6447657569120909,-0.05344787567676288,4.17924288248652,,
26.828855000000004,174.4780012002595,79.15855541672985,138.69690488992927,7.173338571209108,-2.2384870310796168,-4.949387864192977,-0.5106693977231841,-0.1766669533911221,4.168324521200788,,
26.838436,173.11710996562408,80.66706652156608,155.51203739092247,5.253316405567942,-0.47412373055462387,-5.117887795708084,-0.133292128275643,-0.2895773038490747,3.628561886947944,,
26.847937,155.52139477728366,82.17841155038924,152.72318395990482,3.284470178699384,0.862838703860676,-5.213240582080601,0.3345717981421061,-0.509442005903432,2.9185061677070836,,
26.857451999999995,119.23341266472862,81.70473428862677,128.10845205785563,1.5215009230048575,1.3367168478769456,-5.069653429567895,0.8239550767621998,-0.5835439164891513,2.357023181533243,,
26.86696699999999,91.74267085658929,77.7657843294128,110.0830005974139,0.6953395046812367,1.7026067523160688,-3.5962436586335724,1.1401781206186525,-0.49066946515751747,1.8797230561506417,,
26.876398999999992,74.62125806905493,72.55095293184092,101.4243677129658,0.4107025080813894,1.8248847295331714,-1.5593311630904312,1.2313415537623031,-0.5751761065539756,1.6344420072751609,,
26.88608499999998,60.948560579253666,67.70793002131066,96.3397491138453,0.225464623108626,1.454219313702445,0.2523910439646427,1.0960427536529842,-0.7805108433616905,1.5992977926352159,,
26.895591999999994,49.59777961436974,64.63186637918373,93.63299305907121,-0.44357888932989575,0.43956809775584327,1.5336491088029767,0.69470582017432,-0.8684585606145463,1.526740515585963,,
26.905103999999994,38.09636577906562,63.359091144712856,90.37696819849138,-0.7688104014998243,0.11629401154363368,2.571662909359084,0.29447744252702984,-1.0061249809548556,1.407591299707159,,
26.91461799999999,23.90207645796367,62.459724143991025,84.89415033415577,-0.843972102672798,0.154060257832004,2.3493386529655207,0.13291651274047916,-1.3044946527303272,1.423665298542287,,
26.92413399999998,8.751824875343686,61.207060119297495,79.0989018144522,-0.7296575413589647,1.018953618512733,1.8960403554692036,0.05685482297894431,-1.4550384727426808,1.506535695852076,,
26.933649000000003,-5.693705976296109,59.42082854744506,75.21170261487246,-1.2940281188844756,2.411589189941961,2.2011075200519237,0.03939808927710489,-1.4772100366717102,1.7279249732213926,,
26.943142999999992,-19.18048902735615,56.53664138464633,74.77879122313527,-2.742309116214666,3.416802515836648,2.7596988825781295,0.1967845350503704,-1.5324854275562392,2.1970212442556494,,
26.952651000000003,-32.25289379238345,53.59116129529255,77.60763474872417,-5.15866737553489,3.9621147352800334,3.391985513805568,0.22553043388449015,-1.5948899683165998,2.7069898674977164,,
26.961989999999986,-46.621217576232425,52.27569216521221,81.53225219837923,-7.46350224797401,2.143001773469199,3.377781800506015,-0.04404432031223912,-1.74942262532383,3.077359988127608,,
26.971499999999992,-61.89123689796635,52.76544629143397,85.7937598075347,-8.428889572991988,-0.6393318847439506,2.819107456751688,-0.29228191039639484,-1.8320899658309084,3.2767885025181327,,
26.990510999999998,-96.38149462083727,58.45685921040041,88.76767351992878,-5.207097610536869,-3.078112733136118,-0.5514193411836179,-0.7340131152337052,-1.9829043975262886,2.9799246854625725,,
27.000022,-116.32062766502867,62.25468829857799,83.93745498140615,-2.7323270516756732,-2.6155860804813282,-1.750228797892507,-0.8741144533897762,-1.9057296734344988,2.50581551621293,,
27.009614,-136.82135663239282,65.39392616610743,76.01274159040186,-0.6890275775414266,-1.6308550429015776,-2.518644937976868,-0.926161033567174,-1.6562920863351132,2.0998306353169434,,
27.019132999999982,-156.83559969125304,67.33231875496355,66.83764436229083,0.10150678393544986,-1.3818078309505568,-3.5619131475161,-0.8762939530815292,-1.3828005368613674,1.83461582954981,,
27.028639999999996,-174.8034780408089,68.07772858500314,59.681644641901585,0.6549162621491569,-2.103411575725437,-3.7368446542445426,-0.7493927534615074,-1.1370530246829842,1.8934868533816016,,
27.03814,170.8864510716849,69.58555931471756,57.61362587777509,1.1168679240542914,-3.9617859130208952,-4.056922733190001,-0.8037764047058752,-0.7133127593474766,2.3308278422725777,,
27.047585999999995,160.6809044242367,72.43923866701378,62.311192245053185,2.4573540959299316,-6.41809224706718,-4.606668252703755,-0.8379340949967073,-0.27916448406268085,2.9560592202229414,,
27.057097999999996,158.24115391889075,75.55027103940317,76.71004409999101,4.2322604013855845,-6.722266903668917,-4.268981452015359,-0.6439726657185969,0.09982754217098566,3.4480748870726217,,
27.066609999999997,166.79400899948806,78.0328490234712,102.35950182029927,5.878710891228403,-5.532943900014941,-3.9617030144758334,-0.5052853143085891,0.39934996858350846,3.5643173962682337,,
27.076111999999995,-178.1349179653633,78.91315964602096,134.37807949164258,6.483950520527086,-3.802352428725603,-4.572167844345992,-0.45147586271480494,0.44596548073336845,3.5336657868566466,,
27.085710000000006,-169.15012719623823,78.34356928658337,159.48902742133234,4.5786391887969105,-1.717939502265596,-5.555612724862273,-0.24628839193456553,0.28311241365051537,3.2582501520742078,,
27.095208999999983,-172.91155409331174,78.30837277483747,169.12433152286164,2.5401586655105546,-0.3929342003284302,-6.161151964856004,0.13968480692568402,-0.043149033350004695,2.6612131774169923,,
27.104715999999996,167.85013150196804,79.44764115560154,160.40625208784152,0.8224033273328218,0.4072964704734834,-6.191075110502365,0.6474865292502778,-0.4218417550171084,2.0285221496123045,,
27.11423499999998,133.299679917101,78.93410917864485,133.71805379685787,0.4080601683793768,1.0891915433438653,-4.99156043722683,1.1204431219161168,-0.6225811738276342,1.4496225853999556,,
27.123748000000006,103.24055695404056,74.92080051774342,109.98762006105049,0.7686390544527328,1.557636192030663,-2.7806590268007905,1.3654665147510394,-0.7450177904930284,1.1399395010963618,,
27.133173,84.67873603390201,69.45915814780452,97.77333513293716,0.5058525496873284,1.222689384380356,-0.5636549139966173,1.3166399229682721,-0.851094249194863,1.116472442562745,,
27.142864000000003,72.91445538382686,64.87574901133834,92.42614103842782,-0.17445534468026477,0.39189126172978517,1.3004496056134038,0.9889131548281584,-0.8375850374770513,1.1162717881671185,,
27.15237399999998,64.00618478279095,62.41389329079095,89.85416540277073,-0.5848525789516336,-0.2269729144715444,2.5492156567759374,0.5075839692557416,-0.7892538593000042,1.072269721880998,,
27.161880999999994,54.17128106574076,61.793155125758524,86.62430886277266,-0.859862464157052,-0.5655241492146499,2.693652723765421,0.09739272423732297,-0.9316470710295426,1.0826251401691422,,
27.17138699999998,42.64231076436312,62.067606367005,82.19318507025014,-0.6478796377267915,-0.3823905852349685,2.2123606990745874,-0.15656515906687493,-1.082078794942174,1.1392872008538983,,
27.180903999999998,30.02237775195304,62.407815571092314,77.62546818387618,-0.2444358258997507,0.9919234523818619,2.49444227612508,-0.2671929655908334,-1.1528159399333564,1.3118140436255195,,
27.190416,15.104848522478953,61.76199290191903,73.7703920639791,-0.6204572561549693,2.021818332652709,2.878256667492512,-0.21276009593591436,-1.3914414933357833,1.8589696057524068,,
27.199906,-0.9162992924532861,59.72758375649437,72.41578248793635,-1.4096197606274856,3.444407135771011,3.505668983778874,-0.058448992079660325,-1.6212203301573849,2.5198881041919954,,
27.209440999999998,-16.917581563742587,57.98196707982566,74.30062531168234,-4.014928012382055,5.111407537649945,4.617821550980176,-0.12987857706954367,-1.6896814834773621,3.1123587353426445,,
27.218962000000005,-34.28141460975788,57.954384670552336,78.02721408104334,-6.938145798855922,3.6648044944112774,4.070145813750392,-0.42357849305313555,-1.792125150706724,3.6873504551197267,,
27.228285,-50.495363336087514,60.449984381857135,83.92926296580833,-8.207375925252508,1.5666805898403193,2.313746376314653,-0.7410798696524027,-1.5613980663625606,3.965187339595641,,
27.237790999999987,-68.9198968024281,65.83058821717441,86.90853160330572,-8.757955510907113,-0.8582641521138377,-0.2304911596115335,-1.1902119740440655,-1.5690186301414284,3.8849018629996177,,
27.247296000000006,-96.74656536267845,71.80014522708888,78.82057894510783,-5.785691161428523,-2.4367315578874007,-1.9749843739740147,-1.4004163418872768,-1.8326722532218007,3.581175693060383,,
27.25680399999999,-131.7340135479456,75.12825056952953,60.89244889574545,-4.130584967688479,-3.4974168710957487,-3.2753579283669945,-1.2751946329225945,-1.6179343739005525,3.133283786757226,,
27.266400000000004,-164.88666030945737,74.44472833714502,44.06876118826008,-2.1408672140190026,-4.320839725121041,-5.134387028846685,-0.9452133415495958,-1.4343827602812451,3.038236750791007,,
27.275908999999984,173.98935981603924,71.46442380901219,40.10675321753748,-0.13494088437579074,-4.749593906133732,-5.1631288029123,-0.5264138528611448,-1.2540023057647207,3.2462750281235584,,
27.285426,162.0766926018331,70.94554796824994,47.524222004798666,1.8024292483548023,-7.147058484096024,-5.379829041339485,-0.49065479943183293,-0.5977336864139385,3.7366750234973973,,
27.294854999999984,156.8888503483251,73.35748779357895,64.57017117044896,4.9324114691127345,-7.162276074695519,-5.54897471791799,-0.5916878249623239,0.012563508606499577,4.394904075724126,,
27.304371000000003,163.5102618789197,76.31579494947236,93.95575461376882,6.384457952873714,-5.438240990649704,-4.635639744044398,-0.5323054319729854,0.4556867279381743,4.596438720308793,,
27.313874,-178.66599978617938,78.47813535653266,133.77212515959116,7.816024761624072,-3.1406300299436056,-3.7717909216458554,-0.7215910226197343,0.5361172354903414,4.479951200138377,,
27.32338899999999,-158.29880962807852,79.29861077512976,175.4661557960975,7.495170940623727,-1.1408716437876079,-4.475941308598571,-0.7898767932700778,0.1823405705882972,4.337847195548542,,
27.33297399999998,-149.26409308076555,79.821790906652,-156.43117176850092,4.596892931941866,-0.09712375751205693,-5.394900272251799,-0.31375102416698836,-0.16828021643869862,3.8420548067222113,,
27.342489999999998,-158.29640735757852,82.65675092798521,-150.18911523957826,2.618335560181645,0.6940698638355579,-6.040633550601851,0.49776516509936947,-0.39544006911685703,3.031125047622858,,
27.351988000000006,135.49509687672,85.31400863096056,155.52505641776852,1.5225015559911979,1.7509811221970666,-5.897142174637989,1.3303084886496959,-0.4018434245825114,2.3834126203072445,,
27.36151099999998,83.14129155106099,78.88234121380516,113.5829256454658,0.8441549914514309,2.8252759876838534,-3.919284317567582,1.8039191560365326,-0.18962212919583335,2.0007043734411565,,
27.370938999999993,67.85884999249578,70.5865176320536,108.48746714469685,0.3528506714755294,2.957558722917772,-0.962116198845687,1.8304791445694526,-0.16830066771253446,1.9263618606651443,,
27.380618999999996,56.426183337514395,64.11457301628776,107.80737092632693,-0.24684966913913706,2.2094172515129724,1.705802842997033,1.5060004506648317,-0.4426773318874059,1.966588617032809,,
27.39013299999999,44.53753793541516,61.158282854947586,107.1838132090256,-0.9357344397922654,0.7486778196958594,3.24167486624304,0.8973987544846868,-0.8713723257581778,1.9783259511513878,,
27.399654999999996,29.75347360826593,61.06670883298254,103.28443725052098,-1.2708772856463966,-0.4408440462943725,3.7273762598692612,0.4009653356755284,-1.3771906131016196,1.8015752102919742,,
27.40916199999998,10.921780281803937,61.14537223319202,94.67965531671626,-1.6714621861138914,0.6980847001433704,3.495205399272788,0.2783159428810985,-1.7994030977415942,1.572844465705513,,
27.41866299999998,-9.936936020392505,59.930499774118005,84.83906428398865,-2.4895876751510984,1.969615989541672,2.770506969578411,0.24285256072020117,-2.0488392508851763,1.6642329045374047,,
27.42818299999999,-29.4004439655014,57.349200665920904,78.10457253631179,-3.208420467956524,2.426670188675794,2.2028375799648394,0.2176718021514062,-2.0752674851531463,1.9783384564158375,,
27.43750799999998,-44.49859329809956,54.03916399679572,77.32664644933585,-4.738656299002739,2.9402233808542326,2.072588750463286,0.29393368529149827,-1.8003490114398681,2.339034465448348,,
27.447022000000004,-56.76980782618725,52.04194367693645,80.8173811844822,-7.193570767588302,2.3287763810298334,1.770419470009744,0.1228393331254523,-1.5203589187437303,2.6599328281021193,,
27.456525999999997,-69.77928614903563,52.636006349642415,85.13116396132793,-8.12155210909825,-0.128370953518381,1.4069543861252274,-0.3031208398165682,-1.5572401879046385,2.924309287700003,,
27.466038999999995,-83.07134741529704,55.52875059766828,89.2790868976462,-6.886337807592658,-2.260789444134609,1.3521042794631446,-0.64634694848754,-1.521388052997789,2.9850288316977394,,
27.475538999999998,-96.08314618088018,60.165284871793766,91.77930830076761,-5.420786104474405,-3.242565462464563,0.3858384469390424,-0.9087189019202778,-1.383086272996725,2.7060894550275503,,
27.48506899999998,-112.57343788119574,65.32434583429684,88.48543082504278,-2.577026003030235,-2.922575754284869,-0.24690386831220848,-1.0204323816313163,-1.4994575586057683,2.2772340307838177,,
27.494567999999987,-133.06995881240414,69.4561467409947,78.47245233243945,-0.5086437599764858,-1.608417322112017,-0.49341614928229105,-0.990044056850857,-1.455900072367743,1.7863869895973437,,
27.50408299999998,-154.2621696801057,71.99884004452565,65.2926278445308,0.19379776814257688,-1.1820924534832289,-1.4386154251720504,-0.9121877829661258,-1.1559141090935785,1.3669638911792015,,
27.513664000000006,-173.3089303717091,72.80032574768764,53.67650005614772,0.374246828058305,-1.541484458300386,-2.9370109679057292,-0.7233076073431335,-0.8965152469910604,1.3065292374557014,,
27.523188000000005,172.97659302399958,72.26753616222355,48.38905367891409,0.41009616956297923,-2.7135757604399995,-3.9192430394529487,-0.441341584421869,-0.6938024234101644,1.6013317009582007,,
27.53268299999999,165.08094942802845,72.36961608416347,51.55664448147559,0.981530610059676,-4.600144865886557,-4.897447608823161,-0.3323770143778261,-0.34349282643536316,2.1890367130824093,,
27.542204999999996,162.59576302940908,73.45389286385571,63.59639746879627,2.6202322812327266,-6.881316886168193,-6.0658345883583,-0.2717172987507753,0.0019276208770022622,2.942819407752627,,
27.551715,166.2345644221055,74.29616697565606,84.56060265115555,4.31967406945323,-6.314368429428612,-5.938113109336247,-0.11785218773215933,0.2468926881671108,3.561319828848984,,
27.561227000000002,173.4420477690125,74.77095942702692,109.45221955453098,5.583068741906052,-5.007109220437762,-5.5299509931431965,-0.15316345445174886,0.37295246745951954,3.653725228884987,,
27.570730999999995,179.24920892278067,75.5928719456441,132.56969447654433,5.812344335344307,-2.9447567539942603,-5.545190161895862,-0.3070542347832077,0.16833177321175405,3.5515082286819593,,
27.58023399999999,179.5933889748222,77.14365670539311,148.55266501647293,3.882350902031047,-0.967351545030049,-5.411254375313228,-0.2225978017791553,-0.2355490192927917,3.2410850878255353,,
27.589753,168.75382582151678,79.4908721607317,151.29071584705483,2.362819487329031,-0.047042903750883144,-5.0748551011350065,0.13630449330477035,-0.6348761717726461,2.667377973067336,,
27.599267999999995,137.04747316968388,81.01065414031096,130.41690005962633,1.8951651908989036,0.7082627772931493,-4.2985563899678425,0.6316264395307087,-0.9078253597108592,2.073248147950305,,
27.60877499999998,99.9760049104367,78.21987472317606,102.59099890286923,1.572847852863957,1.3215110729350512,-2.8169927483192345,1.0575050146407075,-0.9503169319381894,1.728925256151102,,
27.618212,80.34360417217157,72.6195355800864,91.2162635072258,1.0306032569481816,1.3746506651224895,-1.0440655226557716,1.2116965170275547,-0.858334871096334,1.5847031675225955,,
27.62788999999998,69.43529393682937,67.1464415788312,88.26803936641942,0.20688086110029344,0.8441606913477693,0.5362599525808931,1.0855067404289371,-0.7672317432192345,1.510454305767711,,
27.63740899999999,61.774876652798575,63.39786694650737,88.35896599773827,-0.5186932029047515,0.12874948881234755,1.527176447670774,0.7307477542298647,-0.671390658787421,1.4003080290995145,,
27.646911999999986,54.692819447093996,61.880742495930306,88.2951229240595,-0.9181644224042477,-0.2670953793250896,1.8358276623133767,0.28616593605289986,-0.6677702426114136,1.2352143349394291,,
27.656423999999987,46.234793925497165,62.13107997998103,86.46278022690811,-0.8501710262056597,-0.11488226723525496,1.5246136632581153,-0.08287314914949526,-0.7988227799952441,1.1174720546542305,,
27.66593499999999,35.52503825040996,63.089885543246126,82.49228326564592,-0.6874150855311961,0.19198624488835192,0.916599651978796,-0.2802029355638164,-0.9698962450853761,1.0989226190539365,,
27.675455999999997,22.513693248667423,63.309226770835835,76.87003737890682,-0.5079159704980084,1.25822646482827,1.0130800823289905,-0.24629417525727007,-1.1530974374577352,1.1907999635593944,,
27.68495299999998,7.4677512098261305,61.58592900675496,71.48653847244438,-0.6540325974936508,2.3067231992071364,1.4855760029932032,-0.040922721086151505,-1.437892166735577,1.5856706944355918,,
27.694468999999998,-7.701195926776425,58.17110870543833,69.09478753343532,-1.560262653799341,3.4587772134184775,2.8262487937440905,0.13669115408650334,-1.6668991034112248,2.141910761505491,,
27.703982999999994,-22.81128718510007,54.305994180171155,70.2170712193579,-4.060936382804382,4.18274989612146,4.820364920128977,0.14940597196842073,-1.845818032584073,2.734227169087494,,
27.713492000000002,-37.522054698964105,51.52359942626992,75.01346203247702,-6.065419075574796,2.0443127516329453,4.234907289665287,0.011036221783244827,-1.8610769469552237,3.3045849646968772,,
27.722816999999992,-48.514625569479264,54.198377752670986,85.34921105510904,-8.741962917080517,0.43379990272993346,2.850265003676519,-0.7437489923994054,-1.216163040317213,3.8189589673273883,,
27.732330999999988,-61.99738642099279,63.21459163279639,93.60174676436033,-9.265335532549988,-2.452522988089961,-0.20372978877139689,-1.806641207536833,-1.38173233475488,3.9537221315521376,,
27.741838,-92.99470730111337,73.43071421500849,81.23363558189986,-4.315463481543079,-2.651923375238077,-0.04281561990508559,-2.0758056617459153,-2.1755446413043176,3.3105846719286256,,
27.751349000000005,-138.09631188349815,76.90274673614441,48.61464311183054,-4.660510180236523,-3.563177600149429,-0.574968876306756,-1.5366819161360352,-1.760879143238511,2.218863823881005,,
27.760857999999985,-167.97182743111733,73.65518913114403,31.291366320494802,-2.274873919444582,-3.9953050759496613,-3.325742249953379,-0.7474667009438132,-1.4372813547765788,2.3182550181860413,,
27.770445999999993,-179.34096004829485,68.3836612530371,34.0126320010824,0.83328852530311,-1.0238278649016535,-3.0185429323166466,-0.05588975180004268,-1.2734502019165823,2.6931194357376236,,
27.77995999999999,179.23874297711836,66.59677425404101,45.93353782967947,0.9683669665680075,-2.121106607412737,-4.158767158597717,0.1437365522755106,-0.3321615978132371,2.6452943385256122,,
27.78947499999998,-179.37282916009823,68.50172788258837,64.0091436609351,1.953749344818383,-4.727376210129892,-6.505643429505966,-0.25902756493744844,0.31810576656393064,3.3577807783878235,,
27.798974999999984,-175.98113391537123,71.48117909475965,87.75945055620213,2.3821746464018965,-4.6722256891032155,-6.266421890054416,-0.5348366593125167,0.38050502957910476,4.111728714162814,,
27.80849599999999,-166.55077100842985,74.7552784352286,116.53084303646466,4.133606239458566,-6.030673397903554,-5.550747263925664,-0.7701968323520407,0.4033586274249736,3.9467905168981576,,
27.817916999999994,-154.3368542963356,76.99570281115123,148.34406431980318,6.491214808546255,-4.645930183663976,-4.744930756699531,-0.747507518623331,0.13789031656609152,3.9913729818402834,,
27.827437000000003,-148.5662127085272,78.0777037156181,174.2259953684765,6.679662200725505,-3.3854733642538264,-4.150703834640091,-0.31835108637645093,-0.13126154646853205,4.0487883567995615,,
27.836939,-153.61434100574607,79.97520006797482,-174.18350661849973,6.067401612026599,-1.685126709612898,-4.236934792240672,0.18202293960003743,-0.39057347145917787,3.418832796898715,,
27.846531999999996,179.3633483407589,82.53718663685466,172.70752173995638,4.417747312922709,0.5064122764416908,-4.829186683129587,0.800883470218163,-0.524710764835069,2.812302687452706,,
27.856044999999995,130.14800019160293,81.04029976385331,135.43898888789826,1.8947582499735858,1.4438596832385782,-4.7457559888121175,1.3422137308747797,-0.36667228545225183,2.3709154917695208,,
27.865554000000003,103.23058122034324,75.23343000304615,117.88363668614915,0.5620133881308571,1.9167679066647259,-3.497317839348479,1.5615698728358571,-0.2195143038766781,1.818674786419482,,
27.874989999999997,88.05936163222121,69.16812079450679,110.73299479032573,0.24556923157227512,2.2423962326779043,-1.646971924370471,1.4777316799435216,-0.36088045207692954,1.4997291022144201,,
27.884671999999995,74.98377150951917,64.8163892957992,106.09023528395028,-0.05152872553044307,1.5535164475992722,0.08388414553744179,1.1440398270363874,-0.7067546703450556,1.5157535765190966,,
27.894184999999993,62.358928355435964,62.973461128899494,101.89532644594222,-0.6086456631110195,0.13099823949672457,1.262589025148954,0.6271059059280716,-0.9969313647151498,1.419511404027896,,
27.903695,48.637926936523264,63.01280645149325,95.33902978334298,-0.7548071077577029,-0.05184192834211937,2.43845852211942,0.18297017398240242,-1.2397487827419518,1.1251807007824408,,
27.913212999999985,31.118587105281883,63.14202876557026,85.2418505202654,-0.89697235308029,-0.06747593799025813,2.575132861787303,-0.011346509705311446,-1.5905500365781806,1.0988374459938812,,
27.922721999999993,12.475106256508758,62.04944041993737,74.70033112320768,-0.6136544363078855,0.2847862514576212,2.206514251166206,-0.07704428585858696,-1.7302127612767069,1.1981945568127719,,
27.932244999999995,-3.612447287996946,59.72651211991865,67.96510210097766,-0.887035574374698,2.022735832505938,2.67322443877245,-0.0534825138326638,-1.6343857393926695,1.4602372744430416,,
27.941746999999992,-17.59550889072971,56.485585016165054,67.06778894107748,-2.0972945450783462,3.1873472602570145,2.9550204704179412,0.04282180847993377,-1.6160657554883675,2.191639854066851,,
27.951244000000003,-30.094931616741846,53.64919304163922,71.38750806668787,-4.27900157605676,4.3665097878901955,3.4333441152323525,0.03359335970694542,-1.542173375653693,2.910864350863752,,
27.960578999999996,-43.36922606381106,53.104462114440544,77.86276085544883,-7.636318859247739,2.8513231733712954,3.039329988916479,-0.3036724138423984,-1.5567889086536908,3.4245264275610388,,
27.970094999999986,-59.22646474921224,55.20771448206897,83.96883950480863,-8.713266043541648,-0.03764838931791258,2.2535582891815094,-0.6975225862760912,-1.7661160557279159,3.792080685190252,,
27.97959899999998,-76.92477766191675,59.37887903810408,86.87025561842552,-8.763854431205187,-2.662774450496123,0.7884787660191417,-0.9822420146262562,-1.8291681699010043,3.685694534950321,,
27.989115999999996,-99.41312274548913,64.06046682712757,84.10646734170126,-6.2414719962600795,-3.897005898287499,-0.9422850308374926,-1.0843412975535158,-2.03880261681365,3.4141439711644685,,
27.998620999999986,-125.68212630884327,67.46184633480617,74.87249501758996,-2.8905124560610362,-3.353758729608583,-1.7822038298555143,-1.0457336308301082,-1.9784047513960714,2.9522359515731846,,
28.00813499999998,-151.20016833916816,68.81296890303112,63.55667739869682,-0.7821837448861301,-2.57949759350721,-2.5465896169351603,-0.9203760928871934,-1.661921922867253,2.4786535244823193,,
28.017723999999987,-172.49870830795774,68.57946574920895,55.17841909706506,0.45918918837670886,-2.263091226188828,-3.367434722228245,-0.7505784720696256,-1.339151587746232,2.29396752462871,,
28.027231999999998,171.42875232447358,68.03556527765976,52.51257557162224,1.2100317011426567,-2.6530814606790853,-3.2632379348063387,-0.6195093987181578,-1.011645690338383,2.4518174129730435,,
28.036655999999994,159.45963220429445,69.29947988720615,55.36239956299964,2.0225638445832446,-4.25692864512007,-3.3829467690732495,-0.7257982842252895,-0.5472587497312179,2.796660878984652,,
28.046175000000005,150.71807827031665,72.39006505333742,63.334170157960635,3.5984956522461524,-5.409609623646306,-3.55066708809076,-0.83662621610763,-0.17326400890374674,3.2423496056774557,,
28.055676000000005,147.39514691936526,76.13837327033609,77.13399140683258,4.749862869833227,-4.957943043583591,-3.2526926688972795,-0.7816539172676902,0.08982204312984422,3.4875708344573675,,
28.06519,151.46042552540106,79.87628633523967,97.6863266190608,6.31281753155176,-4.330862025172628,-3.4545998061030305,-0.7539771353887224,0.20439856078990598,3.392701854373689,,
28.074705999999992,163.492271332351,82.3363452450088,126.01483527695528,6.885779962650941,-2.852966703018838,-4.615484796075589,-0.6063340680697217,0.15733185734981858,3.2843401631740177,,
28.084284999999994,172.90853045720613,82.42855660368083,150.01495098818089,5.106712217707679,-1.2656110738213315,-5.870797761217806,-0.20739473380734377,0.14547226567452193,2.9300615258138416,,
28.093805000000003,166.93886309838481,81.39926994752888,155.39025083773072,2.5887394158635746,-0.1557969632759009,-6.382013412624155,0.23625172390494265,0.09684259895328565,2.2529850572877197,,
28.103307,149.44707572234023,80.21743657105014,145.63491963855228,0.44670110983555,0.4597322346697994,-6.454177384986143,0.5936520419772593,-0.08035821388462146,1.4976065339916038,,
28.112829000000005,128.25492060996953,78.31063565426119,129.07601147167043,-0.04112906030344698,0.9856310573304421,-5.498528436405314,0.8266189167994512,-0.26584395538913586,0.847579996248257,,
28.122332999999998,107.65247200412799,75.72574962417163,111.45315034424856,0.0990665668946669,1.1814154203996077,-3.712250034760021,0.8996094226856468,-0.5486414306675843,0.4854401719260371,,
28.131837999999988,89.75092620593544,72.64572207369649,95.93471896604838,0.5080195112277213,0.935705643417126,-1.7903227417602638,0.8179461170940141,-0.8105109268735285,0.34977394523765853,,
28.141459999999995,76.63830735519062,69.62328219335369,85.00968679661987,0.15614446710090235,0.30052267901356944,0.21073160683009756,0.6043617112343185,-0.8514750391265993,0.31332198919830784,,
28.150963999999988,68.13539686683976,67.59047763898053,78.44241548794714,-0.8803227196076148,-0.5114731770849161,1.6051132329713704,0.309478634730031,-0.6811112416879486,0.2820351918479682,,
28.16046799999998,61.76998016527616,66.64336103569714,73.64971968887679,-1.2447172030831437,-0.9570861356846707,2.1567624032873933,0.06221678309781188,-0.5347824855370311,0.22104228440951235,,
28.169990999999982,56.67525142532482,66.44407519457066,70.17463623773055,-1.0522794604994272,-0.9911665331195849,1.571617080106318,-0.08954874662165377,-0.40663115981212,0.2422061745116118,,
28.179498999999993,53.8273084439053,66.745243298049,69.50319535742689,-0.9658233262694156,-0.8916701251124984,1.009398138039919,-0.13552738657102223,-0.20037379045880327,0.3922827253616965,,
28.189014999999984,51.69393540521971,66.60910324053316,70.61365368148819,-1.2646761121672008,-0.7845751516262538,0.6069731204268282,-0.03236163094363605,-0.17693624762557608,0.6271894378494834,,
28.198526999999984,47.85085563438735,64.81018249106336,71.31847416543906,-1.6351271507015,-0.42292662104103823,0.3572335525119236,0.23754124113100583,-0.4254489086264928,0.8613905028224025,,
28.208016999999984,41.267269638982285,61.47903849343249,71.85823641933943,-1.2778411156932323,0.3930004955574841,1.0766844189426896,0.44525561474002384,-0.7842424660202195,1.3154127842253116,,
28.217539999999985,31.57583911546655,57.965056093369206,73.2414873585502,-1.174154534862191,0.6807811149381817,2.687101189400891,0.377903003191356,-1.1523632209268546,2.00882209843117,,
28.227039999999988,18.7032117136964,55.2406708901795,75.04225179629323,-1.1603572787516827,2.255797183230007,5.841769716874209,0.13696088637165782,-1.5201034506025155,2.586408697884816,,
28.236561999999992,3.736258304826522,54.86194132825745,78.4002827960962,-3.505996571584988,1.5868179418064055,4.446385450455236,-0.3111095761033335,-1.693254119202656,3.11869782066015,,
28.24606799999998,-1.7476326172107688,58.891106913300675,90.83172845069456,-5.931020839622558,2.3664187209154064,4.411439771390551,-0.8507119696098732,-0.5242934221734536,3.3991308369382476,,
28.255387999999982,0.7790060340986891,65.40939944532563,112.16907164988315,-4.993904075009803,0.42818610617177033,1.5663601098878972,-1.3210678405773886,-0.026636553709258916,3.8117074244591156,,
28.26490099999998,7.923783728722264,73.81060061167013,133.43057285054732,-2.1829346658338813,1.4089651538058223,-1.1362043453417159,-1.6754662310038495,-0.4884672609546822,2.8984190243439008,,
28.274415000000005,20.61605362494575,82.96381804143941,153.4190519864376,-5.174349979759646,1.4956592686243835,-0.6442505849612254,-1.4864165789505002,-1.1565025906114057,1.4932304420437736,,
28.284002999999984,-81.7742003066541,87.84387339103814,62.435921134693224,-3.801848287635153,-1.5045248924622325,-4.12053413980446,-0.13845683526542976,-1.5442597552628798,2.2624463758511655,,
28.293510999999995,-120.49797443718619,79.80927796689139,39.41002657155331,1.5271038512671835,-1.383628583373375,-5.605074239564975,0.6805565786748994,-1.5892280252442124,3.0967066229360287,,
28.30302999999998,-121.57272788406503,72.37210224567832,52.021173939560605,1.2111944655477653,-0.9035992649624528,-6.454813399133426,1.0399212817456038,-1.0684371517436113,2.726893718530432,,
28.31249699999998,-121.4809747966874,68.52233723755326,69.14685838203546,-0.8080875380941372,-2.603349215724824,-8.4481002566002,0.6806607821651769,-0.36171448842286635,3.4083707248070945,,
28.322013999999996,-124.04375194733983,68.68958738186436,89.19234685393951,-2.2599804457363866,-5.132293983417898,-8.875038809624117,-0.07009635027595837,-0.16536979884864342,4.489391452039281,,
28.331570999999997,-127.09215728025785,70.65043539515001,109.22812518795416,-2.090983489074145,-6.686365189932538,-7.304852855116753,-0.36250088284726384,-0.26240640261421694,4.581151641484206,,
28.340998999999982,-131.92599186550382,73.74523917486225,127.08505865246157,4.000531913569529,-8.358602185982217,-5.227881038558846,-0.4193599937177808,-0.548569226558905,4.49280357424714,,
28.350505,-142.2113195586179,76.67653191576942,139.03376136936487,6.092999142815643,-6.7735030026252065,-2.9186155694907487,-0.08169260997643105,-0.7841040161436141,4.378794400275729,,
28.360022999999984,-160.74011317031648,80.26195597492621,142.41386653572675,7.171639440217732,-4.924002651462078,-1.3994948686034057,0.11087355728096802,-1.0236183110975958,4.306775480575697,,
28.369518,159.09347335043168,83.67157256647923,123.92453562321563,9.230055146855982,-0.764786855452056,-1.369445304083074,0.27532752840277447,-1.25501785913287,4.259417295951848,,
28.379036999999983,106.94037640371835,82.22269956369921,93.40377720645404,7.642451028649619,2.2999681608007503,-1.956355151479679,0.6394087614456417,-1.1035801450074156,4.250068835370912,,
28.388542,80.98242130930217,77.8582542281509,89.09260797681802,6.135916645270081,4.316082791106825,-1.2117190024092697,0.8732002464699129,-0.8875438978417132,4.248910570515476,,
28.398312000000004,62.92640458545079,73.65413194045166,92.5629110103747,4.005696759499742,7.30314123410239,0.36381339052393186,0.8501619236761845,-0.8888090220708369,4.189327073746042,,
28.407556999999997,46.06747713197633,71.19334533230779,97.76717440663914,0.38536279597675765,7.25771801057241,1.3250331613966222,0.5855388645475985,-0.9818392385803936,4.249467574014293,,
28.417067000000003,26.956697102931408,70.81033325157631,100.55683582084404,-2.040328989915242,6.208388269277709,2.746752927548666,0.28232896010487285,-1.2248048631557154,4.166747542016952,,
28.42676899999998,1.2646334160688286,70.75387398032403,96.26937977103154,-5.303449113558192,5.920332369824841,4.091972944368787,0.26920675189315957,-1.6711004184422544,3.9928717513725456,,
28.43628099999998,-29.679156873441702,69.13853550217765,86.58206859424813,-7.349750923983767,3.204744411451712,3.8085578453302222,0.37835851249637675,-2.1008786786278058,3.8806765951025044,,
28.44560899999999,-58.440905623285865,65.27879148148371,78.82921379335833,-8.683659825161856,0.6048403459928461,3.0756098420336238,0.47673477202799674,-2.292180174308639,3.760006056082631,,
28.455114999999978,-79.37129563847984,61.7205969700693,78.25101332483031,-8.722292380307058,-1.179325089840325,1.858359578249358,0.328192966078075,-1.9622626233526028,3.6342361969393364,,
28.464631999999995,-99.01812019023947,60.00230236409479,77.76052214262731,-7.788224247167247,-2.4560315053476764,0.13700603479171047,-0.058669416447792715,-1.931663490401121,3.3380373565088988,,
28.474125999999984,-117.4697057837706,60.0717048936335,76.02975227322162,-4.466931670301764,-2.2755188287420767,-0.20614312888015413,-0.4286347385539981,-1.7792034679325561,2.8550841149801354,,
28.483645999999993,-132.20106927852427,62.357338645371236,73.72187914606825,-1.5942724114652458,-0.764089510065284,-1.1326095202543827,-0.8090992907012844,-1.2377152058784344,2.1233000803559596,,
28.493229999999983,-146.80620388897358,65.32205073297608,67.3976949399788,0.26157614174834953,-0.020719098349990844,-1.5351161541791845,-0.9855494551130448,-1.0039850351689306,1.358658025833836,,
28.50266099999999,-161.99092801220834,68.12189850162518,57.91900542708542,1.1044992192170302,0.7155217970535367,-1.1105255763288437,-1.0467319833403184,-0.7961167620912373,0.8942298008112576,,
28.512196999999986,-175.36188300873326,71.48463666801005,47.95988285921998,0.9983240222313389,0.15291597922498987,-1.288255266406259,-1.0924302348152322,-0.32003298524541507,0.5160469750522373,,
28.521687999999983,173.31592515441508,74.97578588507294,39.676706314334616,0.2632819310543627,-1.7325551781685449,-1.5565589846404966,-0.9562331795134812,0.06228604157240058,0.5078364571569652,,
28.531210999999985,166.70139611372062,78.15807468861315,37.879021519134646,-0.08935992796121184,-2.251837401432583,-1.2653243304164852,-0.6427631856652762,0.3153185885276898,0.922510006798815,,
28.540711999999985,171.84980725699504,81.22455205608489,49.36154864460096,-0.539728432810328,-3.587734540842775,-1.674540127972552,-0.2976476825006627,0.5818588297681401,1.2215908212381685,,
28.550220999999993,-165.23941626076316,82.58143868640974,80.19233561074842,-0.49064433553313996,-5.431152492975003,-2.871853437028904,0.02286107282513354,0.7037895014823988,1.5790660209099037,,
28.559731,-145.79065174273913,80.66035777138676,109.95874897855781,0.034462968701151196,-6.35040124237932,-4.486360929790149,0.3182127317676889,0.6049987692652727,2.064522790291615,,
28.56931499999999,-143.48157685108674,77.66636859977434,124.12502984481878,0.7576164849660743,-5.799093303316099,-6.008209058802062,0.48387938093646204,0.35770329566420384,2.3448331355589076,,
28.578821000000005,-149.45235313270658,75.95243158002141,130.2693109121814,1.2977129237652163,-4.188081558507723,-7.058770581565857,0.42631392604486207,-0.005264188706447067,2.362172672288505,,
28.588339999999988,-160.32606300647421,75.9480170208349,130.5190236872383,1.444164322227824,-2.4069114131457914,-6.901193324910732,0.3302231725574995,-0.4000268824549763,2.1574658920529663,,
28.597841999999986,-175.92453315684446,77.00574608213071,124.54043051715402,1.4024343446273093,-1.0205538822326745,-5.208571064212364,0.26444047914926094,-0.7060144518978364,1.8347406958879877,,
28.607371999999998,163.37837525740625,78.53896753637545,112.02797593583031,1.3889409327906663,-0.5671904185951251,-3.2886047031745975,0.1352456514131229,-0.9141209641020595,1.539888452378855,,
28.616788999999983,139.19232774150342,79.23893507432693,94.64412007544776,1.4754905736993404,-0.39195644058168794,-1.6717025191351738,0.06873054460424176,-0.9360587730741944,1.2656634783830534,,
28.626484000000005,118.80544543714882,78.49645209094277,80.34645845916474,0.9370927884001198,-0.041688603410825746,-0.19155508612045782,0.10153725448611285,-0.7935941581122035,1.1353415166340348,,
28.635987999999998,105.72945547554212,77.10201631948628,72.65805936490678,-0.1167103288829368,0.10459054080496294,0.6213960960512509,0.13135619751125244,-0.6064511059249703,1.0113944498609202,,
28.645494999999983,98.19779557085297,75.6530168636672,69.11561368566483,-0.3105129050612484,0.136835317134818,0.6127050914122807,0.14838780470836138,-0.4354704837512518,0.7475142664441683,,
28.655011000000002,95.58825564524146,74.20439000569631,69.66193641850336,-0.35842719569244547,0.29882192484291487,0.25836891897287273,0.2150393737793738,-0.2348669867617264,0.6047578007353845,,
28.664529999999985,95.51590426551253,72.65366381098673,72.75270177690598,-0.8786928676551498,0.4162884336519719,-0.12694797274533956,0.28471683992408714,-0.10901493050647804,0.5602609217961326,,
28.673850999999985,94.22900824842553,70.86768020970159,74.1572049863722,-1.1091835985958323,0.5542059956374016,-0.3891208580059111,0.3125470504887184,-0.184207874987536,0.45267057592439625,,
28.683367000000004,90.39470214981377,68.76157431647759,72.70304708553256,-1.3108306062362571,0.6819973898120267,-0.4316746465437684,0.3212278768997167,-0.3800025699030039,0.4194131244533194,,
28.693062999999995,85.02526684080016,66.30793915085215,70.17188865515695,-1.655198576863975,0.600749266909477,0.1505589965488778,0.32804121814171333,-0.5515118559743444,0.47632627726669075,,
28.702567999999985,78.16034679765987,63.66852770928669,67.19947498089547,-1.7637109023772122,0.409665339577982,1.2498409375853639,0.27644274501647337,-0.7384089290193416,0.5921519626663487,,
28.71208199999998,68.98170345464447,61.14395121615439,63.61196473118136,-2.2104079037487026,-0.010672127298994909,2.1664340518860747,0.10171063447151019,-0.9895120912962336,0.865688598944635,,
28.72157899999999,58.50204522636711,59.19690094964535,60.50930646364155,-2.1404768732938004,-0.48382093180008445,3.0192426795917173,-0.14658904791146513,-1.1104607745040072,1.1641909849710688,,
28.731097000000005,47.732362815219254,58.57226381350664,58.89913369358324,-1.6914431276018675,-0.5474358829962346,4.085637749327703,-0.4540104943231025,-1.0322956895404614,1.499980058577299,,
28.740613999999994,36.01406471195211,59.51461882026551,58.58952980935663,-0.8045594020539498,0.2379874793089566,4.7762081718090865,-0.784936141059194,-0.9421198934077619,1.9391353161292493,,
28.75012099999998,24.463685466179083,61.93567292842456,60.72206305324211,-0.09887629017350885,1.4391022573083654,4.025054830649895,-0.9845553623527075,-0.740674333311333,2.4339241601236288,,
28.75961699999999,14.833609389385096,65.9781261143335,65.84304690986495,0.38082418918448174,3.3976713126145097,2.405490417882867,-1.097021446249981,-0.4017453304766563,2.748122836470816,,
28.768951999999985,7.967245130957436,71.2657909495443,74.05949087910706,-0.3662431534251952,4.062568612270377,0.0016046041614593202,-1.159373986468332,-0.11552903463340254,2.9162041568024906,,
28.778458,7.074303832524211,76.71322734319457,87.09011986795664,-1.0545274958876711,2.411477686130402,-2.508796461406388,-1.0770458958745266,0.12475868152233255,2.771400139322392,,
28.788042999999988,18.81570098066482,81.56206512915054,110.50107802845638,-1.4449205914071568,0.8539706369326964,-4.502897069508449,-1.0137318756778724,0.28543489262900407,2.366959027894921,,
28.797562999999997,62.69680281629947,84.69176103596071,164.1884007385398,-1.088622799635467,-1.8680183688117653,-5.499612882531337,-1.1381603654466508,0.2630293044363119,2.005093654853538,,
28.807075999999995,108.83148842210734,83.05521192297925,-141.02743055553347,-0.008141918963533034,-4.51256051139327,-6.156840295864906,-0.987946792770058,0.10231144646758832,1.76757890645328,,
28.816579999999988,122.41352059834301,81.57440138951152,-119.76477349921065,1.2944437066434746,-5.347693432567131,-7.797843409371076,-0.44788716404566853,-0.08503331090065747,1.5544947669748637,,
28.835554000000002,144.59387412610118,85.64834970293361,-83.10571415729619,1.0733810702368791,-3.178416686261145,-6.1113536531133805,0.6243933861442571,-0.29212509582284124,1.5674348610170126,,
28.84507099999999,-126.85134726732758,88.37878039305149,14.727482990659754,-0.5977458189919483,-1.492917234830673,-4.63391734791103,0.9147845622322915,-0.13134783604067574,1.8806166917282814,,
28.854584999999986,-82.53274149746028,84.33999608664317,69.53851934873614,0.03146707042851513,-0.5291832483097475,-2.870855443427995,0.9221736540628492,-0.18825753160283437,2.099310146415478,,
28.864012000000002,-81.16616555518166,79.9203715229052,79.58797666141307,-0.5172763268138582,-0.6179218898195553,-0.8399258674762609,0.8736247318961043,-0.19051533705356186,1.7328055151002149,,
28.883261000000005,-90.4818620798615,72.75596748516877,87.5392892135566,-1.080133892996101,-0.8494199053923456,1.0005725813654818,0.6208312731138947,-0.38102614911009575,1.7217720335347158,,
28.892768999999987,-98.75160200162158,70.60170697752876,86.55855863563444,-1.5107713458742535,-0.9533328846444084,0.6887253132732656,0.4074353849463418,-0.528941932631676,1.3730516580096084,,
28.902107,-109.64010383785326,69.08156944608672,81.88284032006034,-1.5157203701646023,-1.152509887845877,0.007042776990146513,0.22915154582064443,-0.7639317940346205,1.1088229210450593,,
28.911798000000005,-121.2363212548898,67.61628970597884,75.47433743568563,-0.5948955443418786,-0.5676425832398998,-0.15704292964580605,0.12058529861366053,-0.882638635828918,0.8739330261234001,,
28.921303999999992,-129.18810492689812,66.25976021299742,70.44466353367632,-0.15498778170072866,-0.34732917445970035,-0.38178088174994385,0.07820061873212616,-0.6616608612476828,0.45673529857539175,,
28.930819999999983,-132.51241466510402,65.01745316385743,68.07037607800461,-0.2883187306344231,-0.5214704953411815,-0.40719423646420244,0.13692062663801738,-0.3311192062519527,0.12984556107197123,,
28.94032199999998,-131.33442931803407,63.81623769625444,68.79750398674092,-0.3628347175066503,-0.14559121075605197,0.4547094901643605,0.2627867266308265,0.019945072953229195,-0.06794519991216307,,
28.949827999999997,-123.95453583716046,62.92033213586759,73.0628622693403,-1.5549236756383358,-0.4460233247756634,0.9354847836043148,0.3877194827058103,0.5807039525258771,-0.4674537975414705,,
28.959348000000006,-111.75137111404949,61.94242191287984,79.41104005337134,-3.5205139848443876,-0.9634260230609226,1.1182942436142422,0.46116251842115924,1.0639067037961523,-0.8959991756819035,,
28.968852999999996,-98.97367326762436,60.567375479568106,84.03056614823377,-4.40114377039983,-0.8773519598302072,1.935999770399348,0.4527849432027026,1.1896860434725136,-1.3191302928892303,,
28.978365999999994,-88.01140498062522,59.760467810123295,84.91488860823601,-4.089100664375788,-0.6296505076467733,2.7654703364685873,0.2720748139936186,1.0832356566975936,-1.7272645665766266,,
28.987886000000003,-79.22603684489431,60.57825319576839,82.86528281005597,-3.6875531723299044,0.16571068200431294,2.713631424498033,-0.06089964913477987,0.8986342979275669,-1.9369479152747782,,
28.99739199999999,-73.11856675186161,63.492728021179126,78.19521027277973,-2.6754625473934466,0.9187256303377197,1.9945705366245472,-0.471013164994886,0.6713413933348301,-2.0165226587078426,,
29.00689299999999,-68.92235281097985,68.23877619265416,72.02903898187964,-1.5108408314500528,1.1756135342848852,0.8458184071751575,-0.8192055537498307,0.5839030592542728,-2.003451305774961,,
29.01622499999999,-64.67115921927996,74.17166203139881,66.37476548616922,-0.18679767594377827,0.6309454341108981,-0.7077307078152495,-1.001517061306285,0.683669011035143,-1.9408749795150972,,
29.025768999999997,-57.67972810424877,80.83052826624758,63.498611797807115,0.2626598425055911,-0.31055691874400587,-2.222462193616824,-1.0665364415011882,0.8418213351012016,-1.9467562899213626,,
29.044781,121.03448172209917,84.49224594345459,-137.1462295118203,0.32566514025698384,-2.942236482601985,-4.616392947433529,-1.2158799992130662,0.8658734743897334,-1.9576939116303933,,
29.05429799999999,129.84009342823086,77.90145741147006,-139.56141690072423,-0.3894540730623973,-4.307663229136703,-6.791732845170387,-1.0686141955017834,0.8006721012698825,-2.231018495906207,,
29.063818999999995,132.9317096651054,72.99542565376237,-149.47018118285814,-0.8542329422268642,-3.262661108489623,-8.422132334437151,-0.6906870612191732,0.7026209895514063,-2.5888233359422035,,
29.073363,128.721281585359,69.85466208711516,-167.05787560571576,-1.280264151744128,-2.1869191723931842,-7.983669337502831,0.02154155368288294,0.6749474019299748,-2.728711861184792,,
29.082694000000004,119.82498286476017,68.27973222472245,169.12402801084548,-1.986176456829872,-0.06693864623914925,-4.845402517395597,0.6337625979492113,0.316512281748709,-3.1119105276038077,,
29.09212499999998,111.79498207672265,68.16503332247194,144.8262032764403,1.5471837026379829,3.9005416247003826,-3.1890309213681265,0.5585160269324094,-0.22280629881508687,-3.3796260334243433,,
29.101816999999983,102.83845813398453,69.3762279999428,121.82917705995578,3.6049992561783104,2.598476542776412,-1.9671360080119298,0.26704792734601807,-0.6488677081915966,-2.940728416436786,,
29.11133099999998,96.84858611343184,71.60831838116306,101.76580685701124,2.5644950344971136,0.9414294908289337,-0.12999370863940984,-0.2712395875665334,-0.547411873254497,-2.894983409412782,,
29.120847999999995,93.09228410790628,74.61302047081062,82.86100654266586,3.544749217392925,0.6704604778223392,0.8796579291150625,-0.6005355595971977,-0.2507459599359352,-3.073515463654026,,
29.13053099999999,92.47138591928385,77.91366733697859,68.54785669110277,2.8653940740197883,-0.8096198280444392,1.0844702151160432,-0.6578759739542871,0.1288119116838871,-2.7529222030609954,,
29.140040999999997,106.03124666929564,80.86817547246156,68.98026295836199,1.1198701966300215,-1.2815685717797405,1.301061970140926,-0.3783901089050841,0.6747212509685206,-2.590124708903575,,
29.149552,138.1316519135764,81.62444740782574,87.4484924813197,1.7764678293692284,-2.056154646813225,1.1498426897862777,0.04274722251052481,0.9746467971453758,-2.663104275702448,,
29.159065,164.67762480413947,79.14933277498722,102.00578831197842,0.3411464423847394,-2.023705386913374,0.6136247912747607,0.397066217801263,0.9183925583992452,-2.333624552720432,,
29.168577999999997,176.06464206242595,75.1627666693461,101.73068145897068,-0.980046647426789,-0.35688782210828496,0.79046138839849,0.6625039120073501,0.6632252757329105,-2.283620702016767,,
29.178089,-178.78524273406305,71.51853149073332,93.5768393280288,-0.16043667957573296,-0.3100037921611041,1.1906242409504828,0.6734899382142525,0.3974688534566184,-2.6245313675065227,,
29.187599000000006,-175.05525541550597,69.2269397862899,83.05640213177881,-0.2022706747135261,-0.9147700569102378,1.4722337407156534,0.4575999489037021,0.24716707143389377,-2.813494522323007,,
29.197095999999988,-168.7235407100547,68.53610514914273,72.68154771867616,-0.6951770545455044,-2.3341286178006766,1.5153488367660557,0.22520750416373272,0.43041172156028995,-3.262944611028759,,
29.206423,-156.1084460977752,69.78498244364623,64.90097381843842,-2.8029645335451,-5.306184410910313,0.5245365945679641,0.09056926718525286,0.9439280439018823,-3.920313571287995,,
29.215956000000006,-135.2884420990782,72.56198699560782,63.99375070545141,-6.587214301168507,-5.473430705575635,-0.484416811428711,0.08598228824498781,1.4649585508386669,-4.129673069627281,,
29.225461999999993,-105.8267450336399,74.57899702573923,72.0027257164774,-8.19201474937148,-2.781143502300821,-0.4591114087791634,0.2634433426876859,1.6983923954967672,-4.060197986811992,,
29.23497499999999,-75.49378392855137,74.3563768966994,80.88581000805482,-8.627189326242327,-0.016487866671036622,0.19057595956311463,0.43045190725774196,1.571206189624119,-4.079588723585491,,
29.244309999999984,-51.75745696982125,73.35202727135243,82.93397283668988,-7.68119793846839,3.1447013338401772,1.3111141571965,0.3934633625538605,1.2847739974821093,-4.160434446586609,,
29.253814000000006,-34.107453378994634,73.68176975082051,78.70350729400708,-4.541600016331751,5.49827504861199,2.012309450603915,0.10797323877381908,1.0037038201584978,-4.2410181433551655,,
29.26327599999999,-19.42649636649498,76.70852009760323,71.72818966081897,-1.5834715750478932,5.073768971820383,1.6650480535402081,-0.38087077029435756,0.879699811453394,-4.244475154527627,,
29.272781999999978,-2.12410844099624,82.30500735069968,67.86707011273836,0.4838814189596633,4.9098957049465675,0.5878040753056045,-0.8189267628328131,0.9710784371761987,-4.186527529335292,,
29.282331999999997,88.1819501065537,87.88286603226751,137.09652781799105,2.939887847799601,4.94327107893265,-1.4123100879679988,-1.0764061387067823,1.1789531884411273,-4.195628291742481,,
29.291844999999995,168.08700449436114,81.21783394428465,-164.6273352620937,5.746901333583161,4.300018720313111,-4.886303000346732,-1.1170925989791738,1.32529268006691,-4.295138991513302,,
29.301427999999987,-176.31932652398734,73.74755393300423,-170.9765225136657,5.851634720099679,2.6512316518031294,-8.750468750316642,-0.9845683557361832,1.3029520379628723,-4.3229958920002165,,
29.311123999999978,-166.51962000237313,68.33363236103469,176.35812987104683,5.480964141036614,1.4857463197748133,-10.914622289727753,-0.7013449013219105,1.0469063688223657,-4.392558886827975,,
29.320637000000005,-159.8861545854085,66.86338660458873,159.97848188542977,6.978228478605501,0.40421502935378323,-10.218344025026695,-0.4506274830593277,0.38958618940373024,-4.509079339951377,,
29.330135999999982,-156.5083402530213,69.72952300985021,140.1784007039802,6.991818351333065,-3.865912624368981,-6.798394861254776,-0.5199536426000922,-0.37408318808545626,-4.594371484654119,,
29.33957799999999,-158.2597046478756,74.66540125622286,115.48383472285404,5.208496241944997,-7.659466971112735,-2.2639906342526888,-0.7318724650105738,-0.6894868500863779,-4.610660687201984,,
29.349084000000005,-163.8686198576089,80.55318482913901,87.47722222638542,2.313346763325805,-9.724492982122568,1.371718467142394,-1.1225003294273455,-0.4634628664863412,-4.509246869555636,,
29.358599999999996,-159.98070219982293,86.0534100488851,70.39451833441045,-1.3608746542537524,-8.569474601511594,2.1462741324295176,-1.0756192558749818,0.3152189931806103,-4.193811935593518,,
29.368105999999983,-86.8928227645462,86.30156010290625,123.74874271033978,-2.3824447124397974,-5.650795276645688,1.2682323122241375,-0.1540788920207089,0.9118511711110147,-3.9275059419211686,,
29.377617999999984,-66.30209606243118,79.34306558884258,124.41599605318831,-5.564742734371611,-4.847053609338901,-1.4622807489096294,0.8571667686442699,1.2128397751637372,-3.969975130765383,,
29.387128999999987,-63.263746516504675,69.85340727211907,110.21116999319213,-7.856991984050859,-0.4960939215608662,-3.923022278201655,1.6256219728398251,1.031606465674859,-3.429392385930372,,
29.396674999999988,-62.2243460046361,60.860040530837765,96.48284393494143,-4.298068466472491,3.3046352578878544,-4.1865834100329335,1.7453008860644792,0.5123546758783051,-2.9349108046298134,,
29.41565699999998,-42.884418456670566,51.708259365973085,85.9588203191722,-2.9874824564769704,4.44366861923927,-0.27770502631002836,0.6451364920803107,1.4717171548725314,-2.382025533962767,,
29.425307000000004,-28.74642854188767,51.91197485414142,90.38414371046642,-1.306051431048216,2.2128567039749116,2.2258050825012647,0.02733355709900413,1.7535196715826784,-1.3452542168749269,,
29.434853000000004,-14.200573921893856,51.536271564833484,100.05915122451334,0.29994445574578155,-1.6292812659062843,4.706016980890147,-0.07820354590691513,1.8047693619805747,-0.35984135906580816,,
29.44437099999999,-7.8097632883913,49.7005872041825,105.80937409306931,0.7029836726785667,-2.665254633681616,5.381121425242686,0.1868049879237421,0.87778899354893,0.15425867760674009,,
29.453889000000004,-11.56822361315362,49.70979655991869,104.00174572840476,-0.13465250691722866,-0.7479637999469322,3.171874211407118,0.13431467058109892,-0.4658645511388082,0.20528466719933045,,
29.463393999999994,-19.092907480710227,51.48486372446422,100.31887148619819,-2.0572520782954173,0.6143614226389438,2.8930473668847756,-0.13414276369026396,-1.0041030988902313,0.4214409791619178,,
29.47291199999998,-29.155745002188134,53.177213120236594,97.53177956424025,-2.948979502714864,0.3390615407149072,1.758867660009799,-0.13143441449602847,-1.2620662003828682,1.0327492852539464,,
29.482227999999992,-39.04406654885688,53.912281697413334,97.65660482292935,-2.9720854026524526,0.7740536917743237,0.03315845475295307,0.02076852786082273,-1.1778259522107608,1.6138701259551504,,
29.49174499999998,-48.92681786958415,56.04407132337858,98.64193035060042,-2.784142357446855,0.6393431408684012,-1.118692752172262,-0.2507687428142894,-1.1755050310065154,1.8149979299532994,,
29.501250999999996,-58.46372835939176,59.62895035604213,99.59843552685803,-1.3864437465669786,-0.2623713031844574,-1.6550210488554062,-0.5376046654368944,-1.1069489036404379,1.8058568226713572,,
29.510846999999984,-65.6134634548016,63.455522040221105,102.13646210509177,-0.7720278651209981,-0.9215874118913191,-2.019817601558126,-0.6162569803258248,-0.8030433547430205,1.7644031904938533,,
29.52036099999998,-73.65126603709345,67.45006432611552,103.80513382226505,-0.2664313724458926,-0.9718936503270259,-2.8796582703093665,-0.6231268357703892,-0.8187141779450683,1.7956837790927047,,
29.529818000000006,-87.61672066958681,71.42624539073626,99.90640697077778,0.3009445314901301,-1.1455052476947138,-3.3994903942738235,-0.5696320850519699,-1.109750183279212,1.836268654053615,,
29.53932499999999,-109.01805101898852,74.17650595065943,89.96740552124848,0.04384650560098452,-1.6275940841765932,-4.364378547615463,-0.4304357962341506,-1.290604809605702,2.103368651795466,,
29.548877000000005,-136.08873589855196,74.27787439128745,76.63807269633038,-1.025934969512851,-3.3291833110373097,-6.790962338798103,-0.19167892575706164,-1.4376904809619468,2.5472912425137992,,
29.558391999999998,-161.51783408685503,70.8936539423135,68.64356786207522,-0.13548936750598858,-5.736081807059938,-8.550439486843844,0.17638260859241378,-1.6337922694214613,3.2567162482111414,,
29.567915999999997,-179.16892171421767,66.80533565925039,72.35075996786436,2.8976509965131036,-6.542544683694069,-8.138293095071782,0.33232925828841575,-1.4654736160320914,4.033522312407343,,
29.57742399999998,169.5884620926757,64.66603748094678,83.97816549603166,5.525076279467611,-5.4890492136690145,-6.386146376686875,0.2182205013733931,-0.9909955367914776,4.373927957729712,,
29.586850999999996,161.6239511276987,64.86809053198957,99.30831679201681,6.173583716717491,-2.8928786504332398,-3.6278134959847526,-0.03352273851165464,-0.6826796912087327,4.505498989235212,,
29.596373,154.11855902445114,67.90949078492599,114.09427960310455,5.60206150838564,-0.9162916245225096,-0.955016321423594,-0.42367561079712596,-0.7583521722714005,4.329859310474279,,
29.605878999999987,142.86863824107917,73.48155571904388,123.15873625011935,5.179726771641432,0.3724947077935898,-0.5973848293388135,-0.6311594619974217,-1.1979743413592092,3.9322665425915035,,
29.615208999999993,119.56311757274149,77.99970156218919,118.86964060539812,3.980207811096792,1.0949207362529394,-1.2820255303458779,-0.17822023798717773,-1.4513978992599343,3.6578305344651048,,
29.624888,86.22820447908785,77.43491138455279,103.00051374176802,3.288798993819071,2.264093988025159,-1.4661854881133851,0.6016832978306755,-1.2840024610440925,3.3393648363521233,,
29.63440699999998,64.29271089724513,71.78352702083167,97.68875338310254,2.122568253882074,3.6550937947577644,-1.270538926013926,1.307380022447486,-0.9532103968987212,3.1644407172358524,,
29.643911000000003,53.87536950641423,64.52338137374089,103.90736391395835,0.5610602732082175,4.56471114375161,-0.4893503831273116,1.5770185404900319,-0.49947854848094064,3.1691658368713225,,
29.653429999999986,46.91347405909492,58.40985770061767,114.03989801827916,-1.1265009678537672,4.052586407720459,0.9225995242137329,1.3827919066057996,-0.23749688994275678,3.2397427500959717,,
29.66311399999998,38.43245416166791,54.53357440657967,123.09889642272418,-2.3183104737030837,3.223076295561009,2.793098627593935,1.1393384368834665,-0.455937386659298,3.2162073586417215,,
29.672617000000002,25.756510016303736,53.51706410582027,128.47044532809568,-3.55762593631144,2.130572998603147,4.087669260560976,1.0463541288358071,-1.0910113929066434,3.117032625841347,,
29.682120999999995,7.534526452425382,54.98438369065022,128.21216305258216,-4.6903541060998135,0.44583736581369293,4.545472912659584,1.1027564763571902,-1.8474023552683605,2.9004606496872274,,
29.691647999999986,-16.99652919025042,55.85715027712502,121.12478720638644,-5.681325985586099,-1.5277783660740671,4.45779031218739,1.4488836629846498,-2.3752735689633635,2.6257356195763255,,
29.70096799999999,-43.79101520522133,52.700495893808025,112.1364920760895,-7.448687082681119,-3.454329749730107,3.5295492365133887,1.959016807530205,-2.5013205975129895,2.5652454398415676,,
29.710481999999985,-68.01540464352243,46.607131500656784,107.76962606760418,-7.506301229929571,-5.286617811903444,0.9882686026791357,2.202971766072246,-2.5254854627144856,2.83106795699953,,
29.720000999999996,-87.52222656302618,42.727061022563284,109.62882266256295,-6.25559262330703,-5.279586733438162,-0.6604205000206642,1.6218182034891837,-2.373270443953636,3.1197710386206583,,
29.729505999999986,-104.97274971326408,43.166686467980234,112.05710380123553,-5.28358086709636,-5.940037812112926,-2.966803714156111,0.8261455333024972,-2.4103570385398583,2.8688257201520906,,
29.739003999999994,-123.73213711586043,46.295764922452655,111.66600094343652,-1.9986087236329333,-4.254180562769679,-3.6094285807035487,0.41080109442859764,-2.695940763697304,2.5692991574708617,,
29.748604999999998,-142.3833234617998,51.00366603280226,108.07765097977213,-0.28785609464935985,-1.6910406062395802,-3.264102560123216,-0.04899797973353097,-2.625263487493088,2.090455618983786,,
29.758109999999988,-161.35283829143395,54.89023834470559,100.54980056844556,0.9840667520398267,-1.5578125674783456,-3.7225184732407883,-0.19146174666588986,-2.394315009269653,1.5294648018829096,,
29.767618,179.02596252270158,56.58037577886745,91.81522124152426,1.942874084874122,-1.229540195904331,-2.8975397449114255,-0.10601340610162722,-2.221678582485936,1.5006621206176918,,
29.777055999999988,161.71237195871325,57.57315762054741,86.05453642977066,2.809733091262215,-1.9556510597241314,-2.486946031638703,-0.24353297691956147,-1.8712222581472133,1.7541370754267556,,
29.786557999999985,148.41418359850428,59.08868830646028,85.08700208128361,4.760509386951169,-2.8631444498689955,-2.964185984205877,-0.42907755449902624,-1.3645378245816755,2.2028005102284194,,
29.796076,140.08722272010118,61.604324946295584,90.65297980568914,5.617797468276416,-2.1672471409400735,-2.603094663567557,-0.5523770665438357,-0.8024381762461198,2.7425824788615754,,
29.805578999999994,136.529220860505,65.85642496913331,101.29359061117631,5.901020764216213,-1.071113864796786,-2.8212215022790224,-0.830245142471215,-0.3998580274638771,2.945810513211352,,
29.81509699999998,137.24825215529393,70.97727517551137,115.5137689803837,6.067096468162635,0.07888353258890622,-4.128595390908744,-1.0042292268920487,-0.27296941982695805,2.8802070790542227,,
29.824691,141.97208315489812,74.9601680027136,132.62295311407567,4.350523779982259,0.8676725988164102,-5.392194923855473,-0.826696853545041,-0.2206271888792544,2.6769347895840783,,
29.834191000000004,143.32870327615157,77.21737303074022,144.09738895036497,1.8600289915072599,0.7076808984332443,-5.972239626213602,-0.3577125273108335,-0.3029356182649367,2.1798861623167514,,
29.84370099999998,131.9083648209718,77.87612212006358,139.48674254036868,0.5002031260436895,0.6074800852354418,-6.114301782762798,0.29850833884172046,-0.42026496051808376,1.4388636437408078,,
29.853219999999993,112.51865656103335,75.40347966319533,124.01256776226806,0.257082669955967,1.1497177464463257,-4.9957106298650995,0.9533700392339662,-0.35575784994309767,0.7859118299397239,,
29.86272299999999,97.45532495922903,69.75547114118912,111.35573922586732,0.10259069340962076,1.341462542143364,-2.8442078252675573,1.4072522799396963,-0.29165634290534376,0.43645670564934613,,
29.872169999999983,88.03164376685008,62.85089869742096,103.80422108814525,0.04207675586166557,0.8883260750414802,-0.8789579832316197,1.5386524671563933,-0.3202198233587847,0.2987898827366137,,
29.881856999999997,82.58675758917715,56.57821698439109,99.86074164787279,-0.3470573199677988,-0.05827951166831583,0.7834224505853673,1.3372036298937007,-0.29246098448242414,0.22683970563629893,,
29.891357999999997,79.71107223654293,52.40179545843168,98.09576759325586,-0.7876962796616803,-1.028772211659538,1.7102064578305445,0.8749601518404193,-0.2086338022000942,0.183429638869735,,
29.90086199999999,78.09437109902835,50.82404215274911,97.11900322534838,-0.8885732783729218,-1.4086081201188756,1.6100348934453537,0.3371052890927604,-0.16376208989459579,0.11608391016377242,,
29.910382,77.40129603862582,51.45945304983402,96.79149685626557,-0.7308863527450932,-1.2239734708455972,0.9681370555646449,-0.11803887815134925,-0.10693259073565953,0.09636055112437199,,
29.919883,76.9779760599589,53.275265912120325,97.12517446864497,-0.8609716702247695,-1.0455571510469612,0.1881826303728954,-0.35674851309981975,-0.10021084234926995,0.19021139770289508,,
29.929215,75.47287255069871,54.941240207587896,97.0843165078907,-1.2753868772189634,-1.0676790916440861,-0.44112288415609907,-0.3113075585286023,-0.22181199105247926,0.2963097390447357,,
29.938733999999982,71.77712198506794,55.26104901480654,95.67767198981213,-1.666705931426559,-1.0974453661826062,-0.836217613487366,-0.0187786198634089,-0.4340162322679049,0.3871234301758366,,
29.94824699999998,66.50437342756065,53.67378763994985,93.62371717272882,-1.9345315706089135,-1.2392892002604248,-0.5596332991145903,0.36432187520266407,-0.592792702181659,0.5121782071673886,,
29.957930000000005,60.06482125625496,50.486736242932736,91.9359244510799,-1.4656373275182573,-1.080421048346941,0.8288100880390722,0.6734237870518242,-0.7681065414541496,0.7519704561855747,,
29.96743699999999,51.419054072062615,46.746596817281365,91.0201171308436,-1.225153456614109,-1.651710427470796,1.865500959749937,0.7750180468745562,-1.1320244908451156,1.1957574925099947,,
29.976957,41.95176701150521,44.04979488201627,91.47068461216921,-0.6359325516646597,-1.5891104284448256,3.2591712525009617,0.566568182313934,-1.32478239504469,1.5291729080644556,,
29.986470999999995,32.006572752043475,44.07794432825287,93.1430413147522,-1.0035011139844792,-1.1349589308929298,4.562796079417333,0.05010530314062908,-1.4329056974810372,1.844849964710633,,
29.995953999999983,21.098439461116648,46.94194741010128,95.48737756682786,-1.5521636924183824,-0.3432695680786667,4.339469095909976,-0.4562371367041351,-1.5688574119060885,2.1549049515402734,,
30.00546799999998,10.066168425961829,51.90434929733499,97.76120548679695,-1.5558720517416273,0.9025949674561939,2.7297176390376237,-0.8176618213202097,-1.5384336243042094,2.256065772175938,,
30.014813000000004,-1.094486577845928,58.3019856365556,98.63034191827786,-2.0225926882154197,2.1303752189415404,0.4227720420487065,-1.0786495076987652,-1.4419133102861765,2.121647457946875,,
