timestamp,Roll,Pitch,Yaw,Acc X,Acc Y,Acc Z,Gyro X,Gyro Y,Gyro Z,Acc Magnitude,Gyro Magnitude
0.0,10.356083061719277,4.543871621968737,-140.6873425721005,0.6113744783131349,-0.050205609829674924,0.11319102308427623,0.028343629026919198,0.12043915407716436,-0.2892612628165736,,
0.009515000000000384,10.102738147127802,4.903038777173136,-142.51760976147622,0.41924730227706924,-0.11664553298615743,0.3084919460843809,0.07355653493206475,-0.020718281589550584,-0.3697905027780146,,
0.019036999999997306,10.09170479766898,6.44579253484994,-144.19592875487302,0.16021379049793977,-0.030312598398328464,-0.37827092594836,0.17568668156867004,-0.24186110065029295,-0.34346349790881286,,
0.02854899999999816,10.717597277355312,8.490572046596048,-145.43668788578677,-0.30340991628647035,-0.194142118692349,0.5372916496599542,0.12429200781357054,-0.40120553458029257,-0.2726615977916649,,
0.03806200000000359,10.943710017852137,10.71272150263517,-146.10310574715587,-0.8767610393385487,-0.28207565199207285,0.9940126168604587,0.20365769338715983,-0.38768429351706385,-0.1491869656983191,,
0.047581000000000984,10.707121548142698,12.989386599161477,-146.20127112915935,-1.0217353600060286,-0.26966504285108206,0.8039289997236241,0.28294906768563427,-0.34725435422917106,-0.018305737042138944,,
0.05708200000000119,9.826377143599638,14.542421046598985,-146.07903627679266,-0.6422770170488551,-0.18471585967358292,1.2284184079654832,0.30611501498317867,-0.15710147727600532,0.0580721648683535,,
0.06658300000000139,8.081389857513917,14.786983355482938,-146.15298936178394,-0.06540516862190886,0.3440488661991779,0.27714167517984006,0.2983867040663405,0.1536221594408301,0.0655582765013729,,
0.0761060000000029,6.899291707327379,14.534739125119513,-146.57951946002242,0.29941469363139195,0.5427155300402642,0.4182133060376624,0.15306027587980334,0.1748364425423666,-0.033354087431620195,,
0.08544799999999952,6.3428740717776115,15.17838066421561,-147.51369637404807,1.5994428238552998,0.9753686748437548,-0.9287740764808934,0.15096634364387146,-0.04335363506662061,-0.16628736593760177,,
0.09741100000000102,6.3415820626458475,16.187132729289488,-149.35443055488471,1.9458161224147794,1.6381065158945083,-1.4273976395444214,0.09677729432191694,-0.16538329875737923,-0.3763637341575362,,
0.10446999999999917,8.296837103841087,17.403626939793497,-152.1296702897474,1.407025435627983,1.5718623257941138,-1.3849595331500408,-0.2164646261029609,-0.3887499267501344,-0.6770235580221409,,
0.1141539999999992,12.721413252696356,19.50006898657825,-155.4535596435485,0.9874993007007068,1.3074063821762656,0.05148118434051518,-0.5761874642550485,-0.740574648706794,-0.9547184586699765,,
0.12349400000000088,18.372611919247177,21.26414099710603,-159.15732269454944,0.3062540608706199,0.7639409667548401,-0.6806217592628198,-0.848699961515013,-0.7279599338914997,-1.1451932961060682,,
0.1329899999999995,25.076323410919844,22.552273444357862,-162.2821379449629,-1.3377639933852215,1.1444870207762603,-1.1432120346078551,-1.0954706322089762,-0.647926524213608,-1.1369183807770562,,
0.1449440000000024,34.6692477835355,23.828860549521767,-163.0823433492321,-2.2557916871738506,1.1785693001848045,-0.8712267191200903,-1.6131768167856675,-0.7637267594207356,-0.9284712354640814,,
0.15201300000000373,45.82115682514529,23.534174309931334,-161.433817662722,-2.393056366844591,1.3048013694757774,-0.4544162708768977,-1.967776310861759,-0.5637115228129452,-0.5807393881444303,,
0.16399799999999942,56.12827002877057,20.157794267004803,-158.75436305188688,-1.8191122974909082,0.5028083704892234,-1.2718509252680947,-2.033034435668651,-0.017374200265896055,-0.24645259758414761,,
0.17105899999999963,64.70664035205434,14.328072580207722,-155.62744085141114,-1.131423121351386,-0.028511017435721132,-0.5670888233892089,-1.967273338315319,0.43636849108913456,0.10176149601803397,,
0.18325200000000308,69.01634920526001,7.432205278858344,-152.5501978437191,-0.39760251616945974,-0.6561062244140468,0.005456972405998096,-1.3697344745587483,0.8677842928022351,0.43929479391077453,,
0.19031999999999982,68.02255297950317,1.2171885475336948,-149.17524148961112,-0.8431039702331826,-1.11663117372968,0.5854598385583271,-0.43761159484306367,1.1798936538323426,0.6778240827439249,,
0.20226999999999862,61.96667902607766,-2.3943047432253346,-144.6024806174521,-2.080654617149456,-0.45208276854783985,3.3906808204774066,0.615138731253394,1.264255339402903,0.8901163919691079,,
0.20932100000000275,48.608142852627104,-1.8318006420288209,-140.02106084917048,-2.808874934381146,-0.6292168958116793,6.612078588279593,2.1766274342638616,1.5438069563441654,0.8030827650633455,,
0.22128800000000126,30.06727599149191,2.5210078295771043,-138.54113790956018,-1.8392480205926771,-2.0737153526022083,6.306579878497024,3.368671838553838,1.7686179909344109,0.3056797856305909,,
0.22835500000000053,10.935567534982088,8.467137698291998,-142.02733421090954,-0.002363857142538632,-3.545241900810154,6.816723009956596,3.6775670818826547,1.5345658114874654,-0.3320443838761579,,
0.2403150000000025,-10.097053539767423,12.499121240832848,-150.0428516731581,2.21383136167651,-5.016770916099315,4.21317281866946,3.870244571806371,1.659202854806822,-0.8248541771998088,,
0.24963799999999736,-32.123201426080094,11.4068148293193,-158.8236987437709,2.425197185418222,-3.71530017483643,0.761412648707512,3.787988441753059,2.0654823939596376,-0.8237306231941182,,
0.2591549999999998,-51.69889888663237,7.019764513590988,-163.99991336020958,1.1733380307980878,-3.6001140940106926,-0.19416534153520798,3.3804997428696737,2.066247058962226,-0.39375468163131927,,
0.26865899999999954,-69.71088981093403,3.7764228893520455,-165.0942481362047,-0.017307819911226374,-3.353246229106381,-1.7380299677467934,3.2801962914300375,1.5839445949334914,0.1301081344845351,,
0.27824799999999783,-87.63683202625445,4.191693488407802,-163.59852024312994,-0.8020251113470022,-2.657092953233871,-2.9112439651441027,3.4615215109641944,0.8900253905696869,0.556636435055288,,
0.2877799999999979,-105.45940960112794,8.823633209887007,-162.15499983518595,-0.633161009723527,-2.6308451351885007,-4.51404447086029,3.65182514754441,0.16442116293289177,0.7018872364342256,,
0.2972859999999997,-124.46066703634828,15.668814940675242,-163.61546625854513,0.8279097331954238,-1.7780036933651353,-7.122840147808728,3.945796412254828,-0.20761125585869578,0.527673620953174,,
0.3067670000000007,-146.71142779846986,21.2417212575738,-168.67423414429032,2.478265112746473,1.0753057118151155,-8.96855027493172,4.3573556909936,-0.06544902783852935,0.4174923554221328,,
0.31627399999999994,-170.9873141737401,22.847903248216706,-175.23750274341853,3.1362257498985397,4.996544687879615,-9.074829111529462,4.492983033107283,0.3057728173707123,0.5309763436046717,,
0.3258069999999975,165.5907616458912,20.177896465961908,-179.52661499586665,2.456451259772445,8.358204468806235,-6.579703776698682,4.324618604431634,0.7133835924011156,0.8714497259671516,,
0.33523999999999887,143.8551645159964,15.830417036120636,-179.17056874329134,1.3853344550793827,9.947227060177424,-3.316158828477623,4.124419789384055,0.8950684530495233,1.4118664826776197,,
0.3447529999999972,123.0416571062507,13.243792760720744,-175.0531183408934,0.27892407425714283,10.057181487962971,0.0007635428059725407,4.002233820615728,0.704659417227842,1.8540826882124746,,
0.3542580000000015,102.44578515942189,14.017268347682162,-169.7337155531342,-1.0655381864351745,8.923959086350822,2.813829329477054,3.9939303880327572,0.371029419234057,2.0150237926474985,,
0.36395999999999873,81.6909799715911,17.31101825370171,-165.68214122260255,-2.51253599938652,6.782415291138031,4.894774288316133,4.050117932012071,0.2107311373475171,1.9118135903675808,,
0.3734680000000026,60.27046905113103,20.856578234802736,-164.3909218766014,-3.855892721541812,3.6360264345013023,6.2267351576791485,4.096385914309054,0.36940984005665894,1.6445548665616636,,
0.382989000000002,38.131109755598466,22.377589603859114,-165.2125456568641,-5.185199023521837,-0.010176777566557365,6.713686542119574,4.05180759123245,0.7948026231984714,1.4578355121249305,,
0.39249699999999876,16.073729953748156,21.4835114970612,-165.80625134393017,-5.543188567921846,-3.8293269873384372,6.180807058800992,3.9163850343136613,1.204172942296191,1.521989239618679,,
0.3994959999999992,-5.484773823487906,18.999387741324373,-164.9963690704932,-3.9447895432985707,-6.902517553880756,4.989703944285913,3.7884475024414455,1.5064399120490586,1.6479407768237662,,
0.4113480000000038,-26.767059558120764,15.98598836641046,-163.1356096066788,-1.2233816373870785,-7.893954637569022,3.5409530135853657,3.73626266264194,1.6996086068697291,1.6480491009224567,,
0.42084799999999944,-48.062288048982644,13.778266013658676,-161.55760992119934,1.7573451374852658,-7.729571593862476,2.079062705592612,3.7846560393206894,1.6746745163063388,1.4106313972458602,,
0.4303370000000015,-67.43895498419062,12.063571829272332,-160.75107336004587,3.7964890586671274,-5.279950918461889,-0.18257750428711564,3.4586145677951325,1.5492170898857212,1.0341288551455488,,
0.4398559999999989,-83.45314211737495,10.24060468682619,-159.75311519834673,3.491829296217622,-1.7654009974242544,-1.5690845657077288,2.8286490945193346,1.4074549690556106,0.8276869594024547,,
0.4493140000000011,-96.36138960940937,8.916444558059602,-159.01276687341183,1.5682969806776652,-0.08475649017193412,-1.164706546651968,2.283301827110927,1.1451926655347693,0.5879870397592795,,
0.4564409999999981,-105.97751228447707,8.572877886494089,-159.8066849124663,0.3998031925913846,0.1785952817480101,-1.1481003618402694,1.7487742314294117,0.7324062042695522,0.14496626630835283,,
0.46837899999999877,-113.56703960971028,9.502498322713448,-161.56057056322012,-0.6194490169699017,0.23506102903810228,-1.3505732096592418,1.4695443242454493,0.31864458607935225,-0.10108704293844249,,
0.47545500000000374,-119.70414021751672,11.890183342859627,-163.49036026055637,-1.7803970568485068,0.5583882417129926,-1.0990062352279022,1.28690387241494,-0.09643008264576244,-0.14741918078771044,,
0.4874069999999975,-124.09847318605044,15.11871015407698,-165.69555062922984,-1.9155423559644993,0.5096160941210399,-1.628002927587608,0.9878217210436021,-0.399728044137191,-0.22586747294331258,,
0.4945560000000029,-127.7922673929621,18.433848378392184,-167.7140713713634,-0.8866686763932062,0.8160420083647922,-2.064611652752803,0.8326229492534646,-0.48759040171851054,-0.181265934947312,,
0.504058999999998,-131.92585761916288,21.635536488106858,-168.35104949173535,0.2279392520293979,0.9677964287622959,-1.8635791523060175,0.8841302059679418,-0.4710986362487693,0.16448009398891122,,
0.5157510000000016,-136.34160486967752,24.157741647591074,-167.63708475065948,1.2576819538603472,0.823797794402148,-1.8594519142771733,0.892302321438607,-0.33083519681612195,0.49449168418351663,,
0.5228329999999985,-141.31296773399936,25.320732958682186,-166.37476598765292,2.3836659355128496,0.9933531263032261,-2.125605062473657,0.9242513409806047,-0.031167916899820985,0.6761680621410122,,
0.5323419999999999,-147.89416002851857,25.649999734438346,-164.62592560561075,2.8634087897553826,1.2453397141325873,-2.082858448207537,1.1600326186331413,0.22503269342170687,0.9231393786261084,,
0.5418470000000042,-156.18881288304107,25.89521251243877,-162.69265982647545,2.8775996932529577,1.3374304491934041,-2.769907080231383,1.442160732727593,0.3632793126476872,1.1139578481327452,,
0.5538870000000031,-166.59958676117213,26.007890154534678,-161.40967994880307,2.6161752142770207,1.8304319082995528,-3.8683997926048974,1.7845463539560804,0.5443500430462823,1.1723647907136932,,
0.5609529999999978,-179.57736254823703,25.903075577687034,-161.22935602546247,1.9739908291960484,2.750145293183787,-4.437138673096235,2.2023361811538114,0.7551208590027905,1.1750441231876045,,
0.5729019999999991,165.67045636883344,25.405157149526346,-162.0769745951568,1.0207760352351265,3.412647589388691,-4.256161148349186,2.492712044923586,0.918600326449253,1.1090294567491024,,
0.5801050000000032,150.6645646831247,23.772125932841885,-164.13229371579942,0.19430536697132242,4.609153853704928,-3.752120745941922,2.5268539233592278,1.0693646657912455,1.0395523093349464,,
0.589578000000003,135.6180100492851,20.97178233303754,-165.15960231567246,-0.3156430988204318,4.173492077084048,-1.8263287331152975,2.5489131926073,1.239917149062827,1.1431710468875158,,
0.6015370000000004,121.49011142208178,18.001850071812786,-164.87009979472978,-0.47507823099717433,3.5931409404392336,-0.5680610010759718,2.433705089685211,1.228263889065501,1.2015637232857075,,
0.6085980000000006,108.06885436699352,15.608164799524856,-162.51425139092365,-1.2256141592145198,3.1730316513106804,0.4128665989492755,2.334567107326314,1.17151228976443,1.2363171245609992,,
0.6207390000000004,93.91769064473232,14.043611148092364,-159.50002692475394,-2.2329902071439753,2.3681528007080135,1.3021203372411199,2.48799713061178,1.1797461512823633,1.3137367932217858,,
0.6278039999999976,78.40727655620805,13.322025687713813,-156.7230280411793,-3.480676570613821,2.0095209104286638,2.5308043245532312,2.7450167800859724,1.254499608260865,1.2743979640116736,,
0.6397650000000041,60.3086664276868,13.326344354897316,-154.88877123135654,-5.593631510060487,1.7358007936138682,6.690966232093724,3.2138253743883,1.444007182229908,1.1861959087709542,,
0.6468220000000002,38.881217298559385,14.176599880971306,-154.2044232265744,-4.539259939536712,-1.799978301594503,8.062173499257428,3.829753439523859,1.642382437350579,1.1431633433881432,,
0.6587940000000003,16.786097492373695,15.491207634350053,-155.2144549105255,-2.2759974771135467,-3.6826425138619734,7.40860678724126,3.969555927007962,1.598157973832967,0.9231854997616955,,
0.6682780000000008,-5.821500636198591,16.559501374815856,-157.99570910789495,0.5665179687407134,-5.641710540029173,6.328685943539881,4.0662977486472975,1.5418658342221003,0.6937436049535904,,
0.6778079999999989,-28.57947898540525,16.059800296448962,-161.57491417557733,2.228722279724775,-5.634014078184715,3.8956080018233665,4.057999630093309,1.6124942404618645,0.5705856479262265,,
0.6871480000000005,-49.718814071797,13.892664689771538,-164.03944056411524,2.6272986009034187,-6.265328000871963,1.258524053751583,3.7681077441465876,1.6265119921683333,0.608983760995605,,
0.6966529999999977,-69.55820725639633,12.076180544312813,-165.07806929411464,1.5601497062762384,-4.8106898687049515,-1.2562582710442483,3.6246822489897306,1.3837544084704736,0.693496256387638,,
0.7061610000000016,-87.06242550466735,12.081176898754572,-165.20114550755216,0.3095226796505232,-2.8275723643697557,-2.297386056247184,3.30282674372328,0.8812470499721442,0.7179849266128253,,
0.7157720000000012,-102.29014414891009,14.217207287239525,-165.116247210443,0.017340703576545723,-2.6045572863867767,-3.7328399988926804,2.969309944900838,0.34976535360709005,0.7203548019338697,,
0.7228289999999973,-117.55994660773091,17.67426690260929,-165.96748679114424,-0.06892256969090992,-1.5144529809243477,-4.585167394850576,3.0090056167110344,0.06487284762443608,0.6801354005144378,,
0.7347749999999991,-133.16260225412384,21.183247887963095,-167.9847642092345,0.730695656853265,-0.49940859162211826,-4.877137129265152,3.0181096286595217,-0.02204833007522311,0.6461085260567814,,
0.7442899999999995,-149.09364033837412,23.97929190313088,-170.15298030292854,2.428485683691344,0.6680993258191672,-6.408676975044671,2.9878407529952726,0.004025048050506947,0.7998016046046754,,
0.7538010000000028,-166.87849470492483,25.520158556645956,-171.52413263398705,3.440426630717336,2.734322396602405,-6.610840864252347,3.2328953362065005,0.2019478693343708,1.222049473483104,,
0.7606170000000034,174.7611710019158,26.278033285876212,-171.36833264743893,3.8539377130915877,4.507494249245061,-5.598133941082912,3.2866449455187072,0.3306795279789232,1.637423756006227,,
0.7700609999999983,156.8551394827609,27.54722943097577,-169.83654889059383,3.6389440264554977,7.371646251900883,-4.935367382651353,3.1924450867000327,0.2604540951443548,1.924772278005354,,
0.7795660000000026,137.85797770025573,29.653674946846877,-167.78009769174017,2.1031093109093195,8.08888013192953,-2.7505936398949298,3.3575851147175433,0.22623311007680733,2.2232950904324027,,
0.789082999999998,119.37965513471022,31.98576669194888,-166.13880307947466,0.7186855143033634,7.311038591928484,-1.2169641615972469,3.201879565166416,0.2561222305392763,2.2126277495738,,
0.7986170000000001,102.44694867221423,33.588924778194276,-165.27225432506503,-0.989299208258148,6.464864123575587,0.14381583314370033,2.8429565248167665,0.38785505317031305,1.9968949181250415,,
0.808129000000001,86.28996597730104,33.67705838408978,-164.708744037938,-1.9649162341538562,3.679652281678321,0.4976474478638919,2.608312534852089,0.6766349926856661,1.8909999500675696,,
0.8176360000000003,72.39775705238303,31.915664197680943,-163.40088888809223,-2.307744210043963,1.2875404297194137,-0.3104406385758054,2.1536039658896318,0.9787410474866757,1.753912512633522,,
0.8269700000000029,61.59681650684107,28.634510063329262,-160.90510187634533,-3.3548897065173415,0.3019514632762857,0.20649547389459255,1.5777068160799568,1.1971057324497985,1.5750959421902224,,
0.8364809999999991,51.07746604296009,24.615736126480797,-157.7525095569608,-4.341982872904454,-0.6001948851326848,1.4639396019958069,1.477393335474928,1.418474094801651,1.560169381140554,,
0.8488389999999981,38.95502818428072,20.89885880052508,-156.0293245893919,-4.5016606613869685,-1.049043136193634,3.2025181018097766,1.783841490799965,1.5431932295797397,1.5535012589157293,,
0.8558990000000009,24.622667712670673,18.19867091668706,-155.30609732585174,-3.9546762961642203,-2.0208004778412927,6.504737123226021,2.2546701568053304,1.5854620587484205,1.347549015557142,,
0.8680530000000033,6.903271572467015,16.845956122345527,-156.58293707916746,-1.538471845640401,-3.7376344271521065,6.8892823727514525,2.987453100954019,1.6027179203571473,1.0298543966260651,,
0.8775630000000021,-12.003398979161684,16.245625476962115,-160.17356792767708,0.5932643950813834,-3.957579131264571,6.355704273803755,3.331026458559054,1.4295675351788901,0.5454312237240673,,
0.8870500000000021,-28.184304929923666,14.468836791769277,-165.1643028235425,2.094611989546071,-3.725927805805863,4.316247611124422,2.876828685477385,1.2551152785134947,0.04290518361188638,,
0.8965820000000022,-41.53822025368583,11.336632315880584,-169.89483653091716,1.9116615320084653,-3.9195844127270267,2.054572631366526,2.4113142355378057,1.16081963222359,-0.13907720621749292,,
0.9036359999999988,-53.730162952980294,9.021499239515759,-172.88828620156775,0.40163256465952185,-1.8971946474593966,0.6751903473028641,2.2978281809693595,0.8258218206474649,-0.1609407028707234,,
0.9155920000000037,-62.50070746371339,8.99741757025846,-174.98548803967148,-0.5225035973853775,-0.6592062237962583,-0.052639550568640135,1.7156693011065978,0.19689122148349938,-0.13786725899680075,,
0.9224299999999985,-68.41070756304022,11.453854185243411,-175.7041474725624,-1.2911941459169116,-1.1909852714337477,-1.0071705095827017,1.1918871189416427,-0.38705608928442786,0.07317775451637412,,
0.9344010000000011,-73.24598726817207,16.21836414821941,-175.79864063348725,-1.8264738523313955,0.012581372480714673,-1.770783530654509,0.9989462320729735,-0.8736702151284107,0.2195203936485983,,
0.9414879999999997,-76.10464761125061,22.38385039542015,-175.92458592684432,-1.0700795936844143,0.6875643837080394,-2.256683656382635,0.6179344020055645,-1.1850372576977484,0.17029623777029293,,
0.9508989999999997,-77.81202466324545,28.237308458172254,-175.4724078700349,0.18841409132269873,0.5362787441426384,-2.400711329236642,0.3853110963827645,-1.1388952482182844,0.24205066138103234,,
0.960166000000001,-80.10601112227701,32.36955587490833,-174.4816870355926,0.9003621176669129,1.1122477904476877,-1.902129844179894,0.45608437889947057,-0.7834909927742798,0.43492625501468646,,
0.9791230000000013,-86.7592614273974,33.64767534252702,-174.29853259537865,2.13090953016563,1.3048162447222493,-1.4651890331091848,0.6159160215649395,0.1766708720648613,0.38520148627015793,,
0.988630999999998,-92.45943780930858,31.312904213284988,-175.6279741537873,2.043663214111894,1.2181601668858468,-1.5305339890280873,0.912452233116927,0.5432725394636021,0.6097119300510606,,
0.9981429999999989,-100.11261796597205,28.285894099708987,-176.2665740771953,1.5767280289639451,1.0320337882564643,-1.4756998675815902,1.279255226848325,0.6871268987789464,0.871288481503211,,
1.0079490000000035,-109.20556126905987,25.720120648527985,-175.10265953396222,1.5890689428787772,0.18075346601659711,-2.050217217630275,1.5680671097844268,0.6336280786581365,1.0672851981924825,,
1.0174629999999993,-120.56181553620978,24.47639374136262,-173.29361636858627,1.8764592226904155,-0.4176493409599811,-3.082106976795049,2.013209040245808,0.4527759887498554,1.3339316553630305,,
1.0269710000000032,-134.3710782652517,24.593916780935295,-171.711763258502,2.2992005140868383,-0.5465145433492431,-4.301943227809297,2.487368286854111,0.29954807024380986,1.4712153623216473,,
1.0364700000000013,-150.04467954397754,24.93823180171784,-171.35355696839832,2.8379733612487716,0.38267788878294673,-5.299407014585191,2.8197132375868366,0.34345595553031577,1.3921910809359381,,
1.0459850000000017,-166.76273772370496,24.33360738229426,-171.937460407076,2.7416122807390755,2.0148473270520433,-4.717003605814045,2.98485751282416,0.5502618806315478,1.2832262096094047,,
1.0581710000000015,176.64212172337812,22.428440659617948,-172.42546641463636,1.9006340452710422,2.81089584948164,-3.0254604124381803,2.963582365705711,0.7779160573765966,1.2231475741833668,,
1.0675990000000013,161.34136757480192,19.33353098694874,-172.03836737449652,0.6781428568235139,2.5139668589993174,-1.3492549586217375,2.748323391681492,0.9844499320823779,1.1682316044902945,,
1.0769260000000003,147.50497346118223,15.595240622524594,-170.54918654937734,-0.6443780573185476,1.818441015860116,-0.21994765278744172,2.4964563115244762,1.123709016594371,1.1250126316812723,,
1.0841040000000035,133.86295122449562,12.147432153481834,-168.33743785518243,-2.174628527655899,0.9908995994045176,0.7200948182618948,2.478848586297803,1.1494024461314345,1.0900137893539048,,
1.093426000000001,118.61629868274308,9.81541579522908,-165.94701524521176,-3.968533221041505,2.0703397945689366,1.0590568503468292,2.816492583235274,1.108956462154732,1.0491696180233525,,
1.1029389999999992,99.46642109226069,9.291180935850981,-163.644531377127,-5.771086254687929,4.328801126193215,2.9669423194749713,3.619534526603169,1.0842471541264218,1.0822393137917172,,
1.112638000000004,77.94531845494284,11.279124112533255,-162.21070536643737,-5.847669974638883,4.4891439655857255,6.353894741833963,4.166101838611362,0.8650147904617552,1.04029066214314,,
1.1221450000000033,55.91791400944891,15.629374011683005,-162.99018524963589,-3.9099281054081962,1.8437578701700814,8.450621461121267,4.347257441252584,0.4629086217076895,0.8589139883700264,,
1.131655000000002,33.01762544799396,19.985534284832802,-166.41612660210885,-1.2080002183022494,-0.0941484479390887,8.541813251627481,4.4326017716455155,0.32734192204931173,0.7133058867646596,,
1.141167000000003,10.281613663261577,20.368166839177707,-169.01810950349233,0.19543170758754094,-2.7384564763627455,8.067470556106588,4.183735886487985,0.8437423131468329,1.0463426772770448,,
1.1506770000000017,-12.175370317797677,21.727734674715922,-170.74285065034542,-0.04255783319765824,-5.326393841523058,5.44809262532089,4.170075460995712,0.4834623374367364,1.2684790749619774,,
1.1600120000000018,-34.36031112576647,24.154838595886257,-172.15702234593394,0.47391328013114303,-5.3033116062564725,1.7289280977743093,4.107139876672301,0.14454377716386424,1.450492241092172,,
1.1695250000000001,-54.93445099722617,26.523679680149325,-172.50324989246528,-1.1083910057431372,-5.593283171502809,-1.3350742931720723,3.742409266234604,0.04124482169494396,1.696851287996855,,
1.1790299999999974,-74.47440305858457,29.90304630506581,-173.7972918825043,-1.113655621921009,-5.098623452180243,-3.8668514000731227,3.4911778471800887,-0.24722987050285541,1.597437933387806,,
1.1886149999999986,-94.48057816738185,32.811258748596245,-176.67105846031208,0.7132334137050789,-4.088250198233463,-5.599656373431363,3.4427891537492648,-0.28636255458643356,1.519599779866519,,
1.1981269999999995,-115.65299973769089,33.68409805143097,-178.90271657787562,2.7415218586056778,-2.934459579207694,-6.911117699997245,3.534941272806024,-0.036059641169579125,1.8873303685590372,,
1.2076470000000015,-137.35207268442318,32.2935768931449,-179.38153809157117,4.77774562997829,-0.9608515992077973,-7.631998733737324,3.6276341073091127,0.32484593080929114,2.27645389048115,,
1.2171379999999985,-158.09406346890012,29.94040051906917,-177.25734077201145,6.113176733426895,1.8672617706204844,-7.550456573151155,3.5329445245150155,0.5616960139495467,2.5725349002274007,,
1.2266759999999977,-177.79234596354365,29.37574854291159,-172.92417595357267,5.980895223608479,5.050760719955513,-6.650896595035081,3.4025130773666246,0.39363488403172153,2.814259160260768,,
1.2361039999999974,162.4570739207388,31.15059155758096,-168.77204267448428,4.161655347571298,7.047920270962821,-5.241724931891277,3.4284693168423956,0.18312815655445314,2.8160457846175286,,
1.2456099999999992,141.58302760202392,33.71070168891302,-166.97118727971974,1.95581578263821,8.168406052871994,-3.590899954523579,3.5563837280337762,0.2333898339514017,2.593151574345419,,
1.2551229999999975,118.88089391115261,35.436142667650365,-168.5282748864437,-0.324867835611748,8.06355065628103,-1.6851198023447558,3.7288523599880645,0.450913647559365,2.2608357402336474,,
1.264651999999998,96.40497190206409,34.44144995190319,-171.41716907403224,-2.2967205254032423,6.569469920318732,0.012158145379284646,3.596789790804531,0.8290139942048125,1.9915957244880615,,
1.2739929999999973,77.0512019630048,31.001616641523498,-173.69084769374174,-3.3838385996838554,4.8761911274938345,2.046420941960125,3.159309528116719,1.0537605930791376,1.9365199466645011,,
1.2836810000000014,59.66721879776816,27.12657646517013,-173.8034919496841,-3.1420487719641206,2.3220401057487523,3.4168036533828268,2.959277792208571,1.0498611896503853,2.028794773905456,,
1.2931919999999977,42.753217306031644,24.453031438528242,-172.8362018712477,-3.000769014581306,0.8949699200695644,4.619974401815817,2.981550886790315,0.8369010711672679,2.0404130477481925,,
1.3028860000000009,25.637362354688435,24.020828848640015,-170.959927687762,-3.244716705974203,-0.5531944991323318,6.6195954416156955,3.083643621219717,0.5109010612629358,1.9318923301072095,,
1.315061,7.478500001576085,25.432867993293577,-170.80495566731486,-2.6173674736569668,-2.6003567048011105,6.617839651902827,3.3022710864931466,0.23795688655149627,1.668103794349092,,
1.3221190000000007,-10.650757752164793,27.05043222871841,-173.27328922362966,-1.85970066041077,-3.9027246937680027,4.969320122625133,3.262549481170886,0.1286996345055099,1.2147041650600754,,
1.3340809999999976,-27.850718225650827,27.751254520458843,-177.71647733447895,-1.5331646649758461,-4.261574665198892,3.2343175885173676,3.050971305884553,0.0985431376740583,0.8066510293244435,,
1.3435910000000035,-42.394508385540554,27.125832694576037,177.61316242726596,-1.2135733543392329,-2.237609283065439,0.9039807044082051,2.5769269620814743,0.11861229527023734,0.547195882170601,,
1.350282,-51.98249030940006,26.109604015643207,173.57567288037836,-1.416883519068835,-0.8341609310016204,-0.3817563491434551,1.7201280229523006,0.06091244535641886,0.3376700807969196,,
1.3623329999999996,-57.505816448945424,26.06090910908843,169.71983972201588,-1.4681445728523561,0.015525059988583428,-1.139044788194924,0.9738614435141674,-0.1459552031457833,0.25334744320694413,,
1.3693969999999993,-60.00315625710966,27.71137411787305,166.59122791062697,-0.9415296950570443,0.7214772006552973,-1.3368382090353057,0.3508719089889883,-0.4129342943626335,0.22140370417154212,,
1.378897000000002,-59.97390049694976,30.89359260538025,164.3589283237774,-0.456583238296769,0.13163277775548793,-0.9609849813880083,-0.18848842089780807,-0.5984723585728732,0.21091215136910912,,
1.388584999999999,-58.580558296789974,34.95112827109787,162.8491729706088,0.4269640074674006,0.4140656448018828,-0.6168059718527689,-0.4804834668982683,-0.6872487593914225,0.2190111789473315,,
1.398102999999999,-56.16010920409191,39.15424486775665,161.45614670657164,0.8404400947062505,-0.32603714614825746,-0.09915611091412384,-0.6510174119309139,-0.651050339099629,0.09986530812331931,,
1.4076050000000038,-54.418602337497866,42.773089132115416,159.37136166355245,1.5261248529572666,0.06048858122617501,-0.020085504697525697,-0.5121700741388724,-0.5671281312863556,0.00452755683550945,,
1.419392000000002,-53.675162310426636,45.42811696868698,155.74420977516226,1.4685465681025351,-0.12118186571762074,-0.16193042974335584,-0.31741554857975884,-0.4288871900257333,-0.20885066269837946,,
1.4264580000000038,-55.26377831852972,47.10209387604194,149.9176666257722,1.2467649817509794,-0.1631435041080959,-0.6528669285245481,0.02993758721668072,-0.3860003153876026,-0.35116439333576277,,
1.4359699999999975,-59.70775205020261,47.72710369697818,142.57039088671823,1.6728668017747998,0.683684663166525,-1.3187647798740594,0.41916899443784683,-0.4347791269007387,-0.2786768735634762,,
1.445481000000001,-65.4493612878224,47.38988040077438,135.3396394518727,1.7660346250915127,1.1193303761469637,-1.7218594371659055,0.618179071555258,-0.4584804499235993,-0.09139973624874537,,
1.4549850000000006,-71.76394901581598,46.67320331494477,129.2062146484928,1.3193191067284218,1.0723166183905952,-1.9333251595638956,0.6732508738872491,-0.542053207179352,0.1943333600471022,,
1.4645790000000005,-78.46780868551568,46.22537822472796,124.23380802644036,1.1396018316325032,0.8097896878299143,-2.330227430971546,0.6088486237165692,-0.6874763178097855,0.4821456077777331,,
1.476537999999998,-85.86194516046413,46.269391444632596,120.54300563010273,0.9379752878790236,0.3460853078122161,-2.735287187186583,0.5209921916768899,-0.8670460402893768,0.8263522432678246,,
1.4836099999999988,-94.67381259999719,46.63740485538781,117.5232318435649,0.3775846467895705,-0.4497689099613583,-3.1004182123372814,0.4943517466225628,-1.0986381750594707,1.2814377751033268,,
1.493115000000003,-105.06201984982202,46.94830740658595,115.23733425920136,0.2550785245199501,-0.7211983243474089,-2.984570341915172,0.5349359935431935,-1.3071378979923494,1.7361002775043484,,
1.5026220000000023,-115.58960739541504,46.72503633689624,117.23107127787742,0.3857922026589151,-1.3635593844460887,-2.8241900167049105,0.6714843429806824,-1.2624401799482352,1.9396227291440322,,
1.5145809999999997,-125.89130807184664,45.41294171785062,120.21408358621105,1.0091886878519603,-2.7439388180351654,-2.7949365637363326,0.9095502845578902,-1.1196401849417044,2.085571066183377,,
1.52149,-135.84343596906132,42.895332001784624,124.62008323522673,2.11298845109104,-2.2206907348048683,-1.4922843770864385,1.1814781049363705,-0.9304834330814304,2.272823565912057,,
1.5334369999999993,-143.8922528746464,39.74610735051664,130.35330111618683,2.481949868969276,-1.3313340963062446,-0.06473391374969875,1.2255147284563974,-0.5728244223287879,2.214658081085644,,
1.5405170000000012,-150.46832543049544,36.3777376902392,136.33457319889357,2.2281293005295617,-0.45978149129362805,0.16838788296668367,1.1899466876401328,-0.28930796165835193,2.012284290811582,,
1.5502060000000029,-157.1834087189808,32.705306787555685,141.1013860404864,0.9068409263498654,0.7668181727652681,1.0527660215494064,1.304744832853861,-0.17881040639581827,1.7197935099672037,,
1.5621590000000012,-163.74532516271896,28.992118938754174,142.1044086803411,-0.6571689362299395,1.7848839711974946,2.1589799358530333,1.3307186193837792,-0.1403193280253034,1.2248627776939718,,
1.569237000000001,-169.69495789861915,25.72903675843683,140.9290399591655,-2.0945541442568003,2.7762736530731824,3.4724563252987695,1.219007138984383,-0.16782485013263013,0.6563489905942302,,
1.5787339999999972,-174.29449861079044,23.359788118287135,137.79600974534844,-2.5784433139793292,3.3383969040705916,3.812897062204556,0.9281793356824168,-0.20250215626308649,0.11559700130823,,
1.5906870000000026,-177.96462988762647,22.399115143532605,133.48879834100308,-2.1881117302689375,3.450841120710403,2.772535853559284,0.5995803058614166,-0.3471977115051198,-0.2064610152575353,,
1.5977689999999996,178.41760853640548,23.099352094579316,128.938549093528,-1.4897484057486274,2.799942783430094,1.8115058386530871,0.311140941838097,-0.6011271822900757,-0.247952334812098,,
1.6072670000000002,175.010715957052,25.65800758369007,126.97623785017893,-0.5727322287656509,1.9756645521095384,0.7510268835971612,-0.035354283298949206,-0.8055758140846692,-0.11022857007860806,,
1.6168479999999974,171.5121728288845,29.369814234361286,123.9790727853021,0.49629461549769877,0.9390875248422552,-0.03899362595857811,-0.2770882360892604,-0.9323548553568107,0.18846309846468395,,
1.6263610000000028,168.07261887884022,33.503129193025664,122.3499147724709,0.8489317530358573,-0.07376043552437472,0.16949406442827722,-0.40426451985683537,-0.9370937122843996,0.5071493559501172,,
1.6383190000000027,165.3613085521918,37.72403191702586,121.67330218791336,0.9914733992364363,-0.8110079933222479,0.2621312887600819,-0.5130589476209905,-0.812773216276305,0.6547182672946394,,
1.6452140000000028,163.2421178660851,41.649954428872064,121.23931156283774,1.2843632080170753,-1.1872351308274298,-0.3000003555478857,-0.5272723705923587,-0.6795991613348862,0.6440809951610862,,
1.6547120000000035,160.90374367403646,44.378173269889544,120.28358441724826,1.540940192527808,-1.3260609151948644,-1.0971795040071524,-0.31913478649408417,-0.5686973590036056,0.5941207579204283,,
1.664239000000002,157.59573531741893,45.4609236413166,118.21257411558024,1.4149572530059906,-1.1715860709783172,-1.5910454041690092,0.01672439523537669,-0.5171042040144632,0.5070185115408283,,
1.6737419999999972,153.30386058990882,45.25289755926794,114.78619025826468,1.573296995411802,-0.8761100040056791,-2.29721546489678,0.28495261150138645,-0.5279746141535805,0.30859074616349047,,
1.6856890000000035,148.44250057718807,44.075424864764045,110.27230011295828,2.005624406909394,-0.565158451227692,-3.0485349102913837,0.4624357272496835,-0.5564695444053069,0.09810796359818641,,
1.6927579999999978,143.77351021223456,42.272121441980254,105.41088864000808,2.232439286948637,-0.5452131236179952,-3.0585931564981004,0.5329432014279734,-0.5454679748906022,-0.04162258818191375,,
1.7022750000000002,139.71829716677053,40.58686754112835,100.88827353443313,2.6266911558159,-0.7709400509552045,-2.7077488688682756,0.4482800839588238,-0.5212489294935295,-0.08422770490041755,,
1.7117119999999986,135.92486468492118,39.5945242638744,97.32139246323973,2.4962255227030283,-1.2234768969957768,-1.5972101839082293,0.2691154638833501,-0.5449759449727691,0.07281894855573968,,
1.721226999999999,132.75119427644853,39.67741547426345,95.0377012540116,2.442830276140716,-1.7768602471531763,-0.9838530499318143,0.017537446181837963,-0.4876225577070836,0.2821452661071815,,
1.7331590000000006,131.53067400797914,40.61857003597552,94.457702973121,2.3411684924008047,-2.0997267035573275,-0.443189595694554,-0.1868106674589817,-0.19795717391083292,0.4056794703181701,,
1.7402440000000041,132.66168915753488,41.78272459593568,95.74586815713018,1.7433778837062168,-1.7779260865386246,-0.6673290031834345,-0.25614510815917546,0.15379659517730196,0.4834863197894761,,
1.7497570000000024,136.49094536274959,41.80071778916027,98.95751329886352,0.7242228241565747,-0.9744387411917531,-0.9558208677226416,-0.07934663236717247,0.5681249228477717,0.49235151395544324,,
1.7592670000000012,141.39843989226543,39.93595385834258,102.7149404958743,0.5005247586439094,-0.30331850089437173,-1.0604350565678677,0.22627759525646865,0.797026666355499,0.4391448822152959,,
1.7687810000000042,144.34781093179396,37.352011251724456,104.33019504129497,-0.8922055675429564,0.7661627201892268,-0.3457391739486718,0.39023744320469567,0.5647759690499228,0.2603520074263293,,
1.7782750000000007,145.62263333345152,34.86640187256495,103.06211257784199,-1.296302122337436,1.867814388111109,-0.2242653525839116,0.426076347646873,0.31406590969542914,-0.1169810262025954,,
1.7877989999999997,145.6376660146003,32.15159151128041,100.22715557818165,-0.7340974733642153,2.3343673620449374,0.18178495505601736,0.5205708156026971,0.1083197994656468,-0.30842929522745693,,
1.7974919999999983,143.0677101738255,30.001254709303776,96.67381620499268,-1.2419462129228334,2.4222628916055178,1.3926749680578387,0.4742651656329266,-0.37485100259818943,-0.20685289906089738,,
1.8069950000000006,137.82543196020805,29.475038279615504,92.85992842727829,-0.45532454394922095,1.9669619674287078,1.3367602947682224,0.1593451522915248,-0.89786855946097,-0.006110510805970944,,
1.8164969999999983,129.27911691816476,30.543142214238355,89.90745415223846,1.835979617338197,0.9847644630094416,0.8146244385687018,-0.20580371213002654,-1.4810897490372075,0.5245110591088158,,
1.8260240000000039,117.06887316604497,33.146591072050946,88.29997623047059,1.9170652203383298,0.1639529737642246,1.2774186241266696,-0.5911055766486475,-2.0586222178813394,1.2902847606402261,,
1.8356250000000003,103.25160417602255,37.52738122824685,85.79628072902338,2.367872942986885,-0.7882376737994821,1.8784814529191654,-1.044851268926832,-2.1866964427271625,1.6027245278534485,,
1.845120999999999,86.90625621701427,42.903993647704716,85.69888551027297,3.5594724527073924,-0.29521208111505276,3.0786574930924338,-1.2034028614634729,-2.4411652889859847,1.5903568923019729,,
1.8570640000000012,66.70113782340874,47.415621937964126,82.4374763080629,2.4410754956500456,0.4012174315165564,2.9720807748854243,-1.1255514327656515,-2.769527692341248,1.7307457758648892,,
1.8641429999999986,45.98368344858653,49.611088044759185,78.21721353448439,1.843511664894306,1.1121159813384769,2.6468248687307523,-0.8326251359852797,-2.6529836126587236,1.7962903769579417,,
1.8760079999999988,27.458976581139588,49.392107393765706,75.9552197345903,0.8188637686822335,1.7270992709332524,1.7297886191612581,-0.44335778527533753,-2.3681649090405603,1.9169026432401113,,
1.8854299999999995,13.282068217020258,48.3464108273943,77.82863664679739,-0.2437346050214095,1.419183788344366,-0.25321697665334875,-0.173914362073702,-1.8727860711784206,2.0412681646282476,,
1.8924340000000015,3.609737080366396,48.259010395915645,78.97963266794562,-0.9333295353649691,0.8943537041256726,-1.6698850084835224,-0.25190501888205025,-1.2642083256909982,2.036164297958038,,
1.9044549999999987,-3.4915830764636997,49.18919607110527,81.42647633719453,-0.8298041249157179,-1.073073313202675,-3.2619791563683136,-0.34626987327765013,-0.8884919025835822,1.9202975692995607,,
1.911518000000001,-8.671888371812386,50.161032634800726,83.05756717957371,-0.6337094472598107,-1.8605260346451087,-3.2149266688252855,-0.28200152529096956,-0.6343047238594509,1.4813556674604396,,
1.9210350000000034,-14.013781208206504,50.60477219420043,82.23513559764517,-0.4946242202764091,-2.604024378848903,-3.099053364801061,-0.1730867414530796,-0.6616957960831631,0.9922555523964952,,
1.9329870000000042,-20.333743979445828,50.12079549660382,78.51559684338632,0.23009897804498006,-3.624740611645927,-3.373184440181252,-0.037448831583521344,-0.8103267524915934,0.5197180664358496,,
1.940061,-25.68235909988081,48.40148433142199,73.32330899654406,0.5547340660032916,-3.429211244193259,-3.3835181704310293,0.16832624927932588,-0.7623512275248592,0.012222984278296408,,
1.9497550000000032,-28.86234449700085,46.12538633645711,68.42007609577311,0.6727594991791213,-2.3144395325834197,-3.0774578018362937,0.29651074363754754,-0.5599915796416426,-0.29435228734936464,,
1.9592659999999995,-29.316169070626355,44.53702343680882,65.04457368223422,1.0678752434824101,-1.582646115494383,-3.118494428092472,0.27827321133088256,-0.18725718618480777,-0.38716742949068444,,
1.968592000000001,-26.10603849375734,44.36024687519156,64.17456349864621,0.8589447377613403,-0.6450758069566345,-2.905810665164018,0.2460889596152633,0.3958571924233833,-0.3760810633859126,,
1.9780920000000037,-18.88982987292249,45.13745956641947,66.82760319677095,0.28555189733433883,0.36792360013401276,-2.456595994045329,0.30826837432643917,0.9930952407352395,-0.22159071726111304,,
1.9875310000000042,-8.127852349596917,45.58683858001223,73.04221470329846,-0.2338469904305383,1.2499742517968375,-1.535063885955182,0.46377082838826783,1.445078065429776,-0.02516473270742768,,
1.9972270000000023,4.505704370436448,44.22174022946691,80.94201802502587,-0.5811326639165494,2.045227772023164,0.24279989386058276,0.6979384285226155,1.67359847123044,0.05176901234964448,,
2.006733000000004,15.386659759598292,40.60134329151992,87.36391864239386,-0.2534499481143395,2.6539163578091,2.6376196601542192,0.9079929037420136,1.515415394336019,0.05320105999833535,,
2.0186920000000015,22.04597840788289,36.29046492930366,90.25464960526709,0.5711881096372875,2.3662272834266553,4.470138051732424,0.902229270109367,1.0170253242140874,-0.025995862510915003,,
2.0258949999999984,25.12645091529294,33.24145413138203,89.62099794792894,1.010324159540494,1.4602486119507783,5.323417825631225,0.623411990855881,0.5005179354707257,-0.27079123498385704,,
2.035451000000002,25.54871801861387,32.1077762583326,86.04527996942141,1.1916627750531004,0.9876274853108188,5.4782106820029135,0.23777728098105605,0.06054563206210023,-0.5696893347235338,,
2.0449589999999986,23.907058122253336,32.91964557764827,80.45030071208289,0.9851666425599626,0.5808950038350776,4.187456275467488,-0.18834845893304547,-0.25526420869704836,-0.75357518719015,,
2.0544750000000036,20.80380132201101,35.24393100800702,73.93913548082827,1.012131274822714,0.5289608154322145,3.223960668168834,-0.5632576041283326,-0.39557096286662513,-0.7557672966587782,,
2.063988000000002,16.36885042386807,37.91203055341354,67.30709256509591,0.9534637011621492,0.28214927748726965,1.9445368878635725,-0.736639067849732,-0.49162597391874713,-0.5845233520109002,,
2.0733140000000034,11.449957821526098,39.90378003264839,61.57256414347598,0.9738478998115141,0.18167284122918811,0.7454334158475064,-0.68664164440289,-0.516629189689954,-0.3055193747166367,,
2.0828320000000033,7.184100387743378,41.51178153380607,57.8183772270685,0.9684008545056308,0.33822846090926056,0.03906492783163451,-0.599512109390546,-0.3952935734922547,0.03135580750454419,,
2.092164000000004,3.95274160242777,43.1753648092533,56.24259250579579,0.6089927531926694,0.04769953767671591,-0.6569705339123718,-0.5327212364968799,-0.21938665911280134,0.35989286860855874,,
2.1017399999999995,2.092685896514778,44.717345706593456,56.3730421563674,0.18003521801810024,-0.45126828936619456,-1.3145109063466471,-0.39677294404525676,-0.052800935164572044,0.5242461932503886,,
2.111280999999998,1.4487396782508024,46.186496981045664,57.18663910282388,-0.19254935181586771,-0.6495728678978119,-1.6022425578666832,-0.28528994160196763,0.08324928260600283,0.48728842377670484,,
2.120773,0.7798550057174081,47.869936245817726,57.36506348052203,-0.6040584901820263,-1.2493462539539184,-1.9242126268953401,-0.32238476729970433,0.10334937590727689,0.3612438443742842,,
2.130467000000003,-0.7605289828150628,49.56570920864668,55.74287829857307,-0.7991868284149107,-1.9174038296001215,-2.272741917891532,-0.38586905722375714,0.015366788472411507,0.12400618394438968,,
2.1399729999999977,-3.1922991288557565,50.965346452484205,51.77085361516815,-0.793727130822033,-2.292190505507234,-2.7221277335531644,-0.4014868869707206,-0.08829165967811714,-0.23073916567463384,,
2.1494830000000036,-5.688596947544079,52.04486578888608,45.75101142476875,-0.6628072681844288,-2.002977675269443,-3.0325881967781654,-0.35952357466503865,-0.09602603923008671,-0.6457395367106973,,
2.1589810000000043,-7.617387124660984,52.880005344222084,38.773162589333744,-0.19459431603561725,-1.795777135460113,-3.428967040729706,-0.2788335032381739,-0.040760187288217516,-0.9303945201362179,,
2.168497000000002,-7.020752599513197,53.55955656414108,32.761373980734845,0.29492050062223735,-1.8778613536549533,-4.0012019008204565,-0.013527393532326161,0.14319252336238245,-1.1546936962677234,,
2.1780159999999995,-1.2142233615730418,54.260681624680686,29.887643966665294,0.8293196836159027,-1.1018064725614412,-3.8272588288867015,0.5204276572860086,0.4632866464317371,-1.3876144333569136,,
2.1875190000000018,10.48546208498803,54.575360093345964,31.72811712394161,1.4082512483230134,-0.3235892709403574,-2.9890774495084282,1.1454532916127935,0.7361304564883229,-1.4240978960591544,,
2.1970329999999976,27.067073414360397,53.27711011257959,38.11517447241916,1.3853144424942812,-0.07972779592654775,-1.9237899886952499,1.7533374712182506,0.8897288295250104,-1.3143226033337214,,
2.206597000000002,45.39667883209132,49.17264935285512,46.017556131725755,1.4265420274046776,-0.03290616102196737,-0.14937763309123767,2.250702443786845,0.9196746621350348,-1.2194782413925818,,
2.2161490000000015,60.87521118117517,42.65029156751756,51.734139589115046,1.3450116559058345,-0.7959373669782157,1.2372158317156776,2.394494714072327,0.7602077269080159,-1.032269437547677,,
2.2281270000000006,71.81898220448853,35.51906835688842,54.92212766968451,0.611615897401627,-1.4645852998893458,1.4452874022352238,2.1550437768096598,0.5141659589827593,-0.7596192184580641,,
2.2351779999999977,78.75919239286421,29.553422300895715,56.66185989840752,0.608471467131399,-1.8424966038327104,1.5958356486945158,1.6427830948892157,0.30002776454589547,-0.4134352547772705,,
2.247135,81.32507934314664,25.932945622036854,58.39214822971691,1.307617594468466,-1.792707339305652,1.7594319656115818,0.853090225103051,-0.00298452427903441,0.0937724733006068,,
2.254204999999999,78.66715062700654,25.110025911815345,60.55960729880406,3.500576485813775,-1.4599348915785433,2.7621032496683187,-0.10407450981383333,-0.4951751095865848,0.6497403156775565,,
2.2637140000000002,69.67382887651343,27.061846959124484,62.455018100942105,4.850818631886752,-0.2655694805723717,4.389300980108291,-1.1152660221260722,-1.2348625038783942,1.1568969229330963,,
2.2731309999999993,54.19832209969942,31.03849545882963,64.55907074382105,3.621844049138687,1.5059843640878687,4.845362273237655,-1.8732906431712657,-2.11080876572535,1.455867010156108,,
2.2826360000000037,35.07099495291157,35.54697028636037,63.757784669682714,2.026010740381597,2.322768057891841,4.755488852809549,-2.1412680897050915,-2.538945915638325,1.454241172152196,,
2.301540000000003,-7.0392161985569395,39.38272862076591,55.753313172181485,-1.5315303211729796,2.1541398744891147,2.782662991259706,-1.7899541840259054,-2.78000987716616,1.368547977173463,,
2.311049000000004,-26.065648367124666,38.528046388323034,53.2118847787761,-1.4781145774098032,1.8531485409355921,1.026449666655611,-1.524380845284646,-2.5371314477972455,1.4869652494528034,,
2.3204550000000026,-42.309935447569295,38.68453241008761,53.73074864812051,-1.5737010064280634,1.9027855493767531,-0.5258635892286712,-1.4774960401001733,-2.0578167113748873,1.6172895184689724,,
2.329970000000003,-57.46894427431808,40.863009177928724,50.41625670661781,-1.2427729338047078,1.5374354269284356,-2.0050619042766757,-1.7983509522605405,-1.5307049643855866,1.8178407076886036,,
2.3395539999999997,-72.31169184726623,44.93285010685344,47.04200336844961,-1.088827636732008,1.2729686665501345,-3.0354646817374236,-2.0562684111198077,-1.0522367275034474,1.8772082063108908,,
2.349069,-88.54679048406138,49.75487224547674,41.47469578719166,-1.7516138767737983,1.0355709230878716,-4.038771786575789,-2.251697428317461,-0.7933802033297801,1.8149819706551147,,
2.358583000000003,-108.55462240452785,53.284540608557435,32.53281944036677,-2.3859620828270867,0.06043019729259939,-4.787186070167334,-2.417072740669233,-0.8752559168409036,1.9093108742481826,,
2.3680829999999986,-131.20636063911695,53.78338219066878,22.687744868890753,-3.1334142084303562,-1.070443682558586,-5.443399367480879,-2.4451334493406987,-1.089592699882313,2.257744174477108,,
2.377603999999998,-152.97059733395525,51.42047985745763,16.606750982942984,-4.340757856190027,-2.9071277921794367,-6.732005447505484,-2.3557501600731627,-1.2596780321010157,2.817442297955256,,
2.3871090000000024,-172.422074366091,47.988925946737375,21.983401494507284,-3.4192699506935216,-6.0963598461070605,-7.010399004350108,-2.1137412436093803,-1.5151735178287982,3.487185917771737,,
2.3965450000000033,171.11007811238002,45.59565929200996,32.073327051148304,-1.079887482868258,-8.099226266271945,-5.550041371752387,-1.7653729665363536,-1.4826252363933168,3.873901505192023,,
2.406058999999999,156.16325351698535,45.65703749630928,44.92694490765918,1.6257714978091042,-8.83988257775957,-3.10796640942218,-1.6201159624444716,-1.3317518644288386,4.063510147616994,,
2.415559000000002,140.81119679226086,48.51624228360488,50.97029326839295,3.1611072764721486,-7.9968650672815205,-0.6920373480768186,-1.8672614494784137,-1.1225760863957817,4.0161137169144965,,
2.425093000000004,122.9997169971353,52.56539382774212,53.28165149239597,4.50743315864841,-6.0882504873186445,-0.028095643544530643,-2.07215773673583,-1.2411362086414488,3.7873954176089466,,
2.434600000000003,101.53238410807005,54.773360290358234,50.51080552981057,6.314674401519667,-3.86296682769706,0.14834484856496125,-1.9719818533023494,-1.678538580372199,3.5435382109726166,,
2.4440949999999972,77.55434838103486,52.81940403435777,50.4205230990061,8.126597036287807,-0.24321064487569083,0.8849658121736447,-1.4567969843319537,-2.4650354503467917,3.33371273552863,,
2.453536999999997,55.31605380345467,46.690274405141174,51.08168648535579,8.381135693992727,4.182352462139763,2.1595531253984026,-0.8529689296316709,-3.0079981632294346,3.287658624596851,,
2.4634089999999986,36.89882880712092,40.30850615257646,56.71575241273349,4.661149390196293,8.138978763091659,4.723187700843531,-0.5345884543448538,-2.9220314371392115,3.5225274166778116,,
2.472915999999998,19.315360366475684,37.031179435661606,63.8916150500399,-0.0759155104459683,7.446964432270883,6.056145712156591,-0.7823725452771971,-2.7233830549747133,3.5501422135888983,,
2.482419,0.5342667886776287,37.579318777393766,68.94706745100144,-2.8212053576869693,4.7704436676829856,6.488676612578609,-1.2855109836286525,-2.7055355311612477,3.259847499438789,,
2.491934999999998,-18.60536759304323,40.14595430292028,70.89455325002062,-6.668098371653998,3.71646507049996,5.380732363798405,-1.499543285630245,-2.6251885495954257,2.8603321583713837,,
2.5013310000000004,-39.99294396802664,44.94487549275717,68.71359043700612,-2.8091750830835323,1.0481106519832146,-3.146786163322248,-1.9811659572641738,-2.6191033568604345,2.589367447537794,,
2.5106000000000037,-46.1849618515428,56.49474126417013,72.61969199257094,-2.3544136990706863,-2.5708466812369406,-1.0798032864620002,-2.429311717215771,0.060032422994544504,2.0510705016072954,,
2.520119000000001,-39.833160477327596,68.06793328258084,81.83142965268475,-5.552966346722513,-2.2220167086282703,1.3526881242560467,-2.09938763778959,1.1211843071950611,1.0071103891642412,,
2.5298060000000007,-52.2684985482431,74.18438209425668,73.92984836321455,0.27998280151760296,-2.894051380756817,0.054035116683062864,-1.352441143591545,-0.5143473656796543,0.9867766415269733,,
2.5393040000000013,-77.83400935567838,71.17162094570882,47.7251454562072,-0.9515695359597387,-1.2563825927277397,-0.48912316574117354,-0.2142735317316363,-1.6038269962658578,-0.29754749874532443,,
2.5488890000000026,-89.46813223527025,59.22393761722512,36.95587460187507,-2.9891469055627864,0.8827597924629164,-4.385821406310205,0.8941939548651581,-2.4144781540062694,-0.028940967485943065,,
2.558418000000003,-97.55900692734733,45.29984260055591,36.56522826261492,3.08255408364341,-0.4554338082278609,-4.050307525660608,0.8818269252661446,-2.819711326079914,1.209867242637824,,
2.567836,-101.26703588623847,35.12164426159706,39.9872070259878,2.928737639276537,1.0257222678917133,-2.637196241453501,0.8295034344487828,-1.9452251457946963,1.1476170861589547,,
2.5774350000000013,-103.87578913262274,31.790875507973908,45.1554226086491,-0.006014101364075051,2.6368880241571526,-3.4639738189662155,0.1388103684291605,-0.7798236286954708,1.3694546073870295,,
2.586945,-110.7674758048134,35.76139131678884,49.398519383558664,-1.6075532829728942,2.1866904468776887,-3.6398734725498674,-1.3557210608706998,-0.2873787117526328,1.7582289557107904,,
2.5962609999999984,-122.92658028767043,45.01203090335378,48.70898091936722,-5.008782546547025,0.2004497639977468,-5.345242539325091,-2.6054407280263634,-0.149201544991683,1.7319777440616497,,
2.605789999999999,-145.28942489449904,54.511859351537545,38.51160020674799,-6.32871741560266,-3.667443735387386,-6.191002146602028,-3.3884959425219225,-0.5578288208435328,1.8369251994209896,,
2.6152900000000017,-178.16358223381417,56.701404576450805,18.83506608707,-4.9250144837395,-6.262373441681574,-5.005836215617997,-3.4668137516878197,-1.3036124585512627,2.0650674070039683,,
2.6248080000000016,155.20603942973207,49.98957097527247,5.273796466895601,-3.286210420529807,-7.580211663829475,-3.0822276623048412,-2.880492385700443,-1.85004995584056,2.2564500626138795,,
2.6344309999999993,139.89459557166273,41.052054551663076,7.827947454842803,-1.4476064288080481,-7.466843196231838,-0.7764963336480988,-1.9350563948626824,-2.00057619604105,2.7100944791635486,,
2.6439400000000006,129.94783381928764,35.44781752564906,17.70651051604684,0.4467668050083192,-6.641167430140529,-0.13068908278630342,-1.2832029870385808,-1.4301483674057704,3.198664832223414,,
2.653455000000001,121.53766260511019,34.71541354611021,30.200660281681962,2.8040373948821764,-5.078872924961644,-0.3995811812691326,-1.2078024936374625,-0.6861072645643643,3.4570731789629936,,
2.662772000000004,112.34555579452162,38.00469457646953,41.71798878158541,4.59839582209206,-2.483298399243231,-0.5404431748831593,-1.5967774359892906,-0.33286205997482393,3.3828720431696753,,
2.6722820000000027,99.28491346471267,43.57547886777037,48.349562001330966,5.276632620093445,0.13219543972916561,-0.5503384013672383,-2.1962948280798624,-0.6147884012234031,3.020635663360852,,
2.6817940000000036,79.2443826100191,48.5025310728676,47.025315800977516,6.936647796283801,1.0794878222707467,-0.15162194554632805,-2.601632664176048,-1.403587147255546,2.6127317926932303,,
2.691499999999998,52.26983857364246,48.98729096229016,39.08914486408914,8.185375257736743,2.022646414449169,2.7945654857190543,-2.66032332082152,-2.359002318889937,2.4713043291562586,,
2.7011790000000033,25.306249932478288,44.03224974302948,32.05750889431986,5.589892037325938,3.0407976111747064,4.897844708679721,-2.446873917697746,-2.9530864727692734,2.5118655118221374,,
2.7106899999999996,2.925619714218156,37.89057208374611,31.011372177341485,2.2826399205219405,3.0358077658890616,6.491524775625367,-2.242765902348686,-2.812576606384912,2.722654038121936,,
2.720216999999998,-15.45823956106236,33.49227048097565,34.104255153016354,-1.4094454431717702,3.6352909796497364,7.10401936430436,-2.042093001050937,-2.354710272934553,2.758074362716862,,
2.7297119999999993,-31.82467114857066,31.932544253569283,38.74387904359576,-3.103203169876964,3.459117730843412,4.460307999565792,-2.024633748030396,-1.894592911514464,2.693057528339033,,
2.7392249999999976,-46.70622899008184,34.882820160702565,42.08871144686616,-2.5532363793635717,1.9193238686934913,1.2923490831701188,-2.263172290632879,-1.1695768422300485,2.307520748942815,,
2.748358000000003,-59.786256283300695,41.03754474674774,42.45069456758995,-2.4074912352579543,0.9773905798291657,-0.14116427694632924,-2.340378183016603,-0.4825802976724444,1.6847690600724003,,
2.7578880000000012,-72.41082914567008,47.45768562498718,38.020944568340695,-1.7159156326095237,0.7137925815509214,-1.4426158607179982,-2.1979426739934604,-0.15629381713229182,1.2559016795481797,,
2.767476000000002,-85.6022099824319,52.48494479625972,31.039523880075045,-0.5601785716100065,0.10452239367767624,-2.212440822031395,-1.953967235613178,-0.1089968554250013,0.9469718635129766,,
2.7771690000000007,-98.4379423355252,55.0458369023667,23.243230190117867,-0.2739014974118547,0.028092625472901627,-2.804049741973358,-1.5715280715895859,-0.22153874593709108,0.7299739291142086,,
2.7866890000000026,-109.75255165577184,55.000631108562395,18.586570019444018,-0.7303865445940703,0.17363205347767222,-3.368420432846536,-1.1955423477069507,-0.46834065877927644,0.9264083659236008,,
2.7961870000000033,-119.3752036680784,53.29349522602078,17.767014473252463,-0.8209263508474027,0.003715974436129178,-3.247415773872546,-0.952957136718382,-0.6708945572961553,1.3996383662733116,,
2.8057060000000007,-127.3501812618497,51.32989096813153,20.28579789422312,-1.7372967587087127,0.16695322288023462,-3.3953557611932017,-0.7836968347426286,-0.6826285383878803,1.769848530209147,,
2.8152180000000016,-135.63698022391964,50.16661338818472,24.385188170332228,-3.139205999219516,-0.2006256637394075,-3.6625240871398126,-0.873463766046977,-0.6053634225697889,2.107222653974834,,
2.8247229999999988,-146.15928232515415,50.51498329926346,28.397779117755437,-4.324518897723986,-1.022208818038302,-4.334955024527086,-1.2288782568531418,-0.5246216261420813,2.4258876692925075,,
2.834236000000004,-160.27439543258538,52.26521770154664,30.3997018552765,-5.105505340469759,-2.89024850289996,-5.232879314216735,-1.7037251399869082,-0.5494444979885116,2.6084537927421962,,
2.843747999999998,-178.77391310889422,54.12683163430744,29.104611621086477,-4.395315891400805,-5.435079073500368,-5.656178601712969,-2.1070004166515424,-0.7665716317531254,2.705169861785353,,
2.8531789999999972,159.8101853270613,54.14733948455717,24.861439052025435,-2.351400623838721,-6.93707595403836,-4.7630393786189416,-2.2458137404684906,-1.106372126898078,2.7799639772457265,,
2.862684999999999,139.92964543633985,51.77227557276028,22.19463398980125,-0.1566903164909364,-7.165246774704135,-2.943216249423382,-2.019531492920762,-1.3653266834500712,2.7632899218423517,,
2.8721919999999983,123.63279597674537,48.469139452418425,23.081057596865396,1.5125184103352456,-5.950279145257815,-1.054011995543055,-1.6904649629890185,-1.3946527372449933,2.7847529431429345,,
2.881709999999998,110.57264823780427,45.84051824467014,26.801440075195863,2.0739298435309514,-3.8359181030417884,-0.04531137470442645,-1.4051425197540433,-1.2120321822260725,2.773486804278831,,
2.891216,99.85798006697631,44.59888697138639,31.631189535591375,2.703473193945447,-2.5348191747917324,0.23811832062038302,-1.210526484847313,-0.9438918611387596,2.6043209116608823,,
2.9007410000000036,88.93791123930983,44.66932014649548,35.78243000855442,3.506871584222341,-1.1576039160289915,0.25647179102240386,-1.3135431661693941,-0.8437092075369023,2.473653304852457,,
2.9102469999999983,75.95537599465719,45.37967981343333,38.03323912271526,4.573437570403811,-0.2569368936844133,0.41893973791933226,-1.5641186494966635,-0.9844077952465575,2.377445683597123,,
2.9197360000000003,59.651195789781454,45.81679816022139,37.909293939456894,7.063238886049158,0.39912772734878466,2.5037167161314056,-1.8611066760809696,-1.3341373545754396,2.369647434267568,,
2.929431000000001,38.69101147118617,45.1717234578313,36.587163548981685,6.45268169901979,2.600415314304205,4.744471122540215,-2.25287048597383,-1.8981945789640473,2.6050470195304305,,
2.9387779999999992,16.0508022266214,43.48602452853021,35.615432178528074,4.026398488355421,3.307881174200999,5.665381120027527,-2.3916698641006313,-2.2135939909974858,2.7009071359993664,,
2.9482909999999976,-3.6820337083920522,41.56364985109914,35.36408381542589,1.3990831778222803,3.63204887294976,6.610981058180768,-2.119925407291558,-2.0298385219408623,2.3789795297944383,,
2.9579939999999993,-20.101438656447527,39.733267785046934,35.40819163584747,-1.2309802069138265,3.1774991865421294,5.185487658203221,-1.805066463343099,-1.755575262801214,2.0538031346331316,,
2.9769989999999993,-45.75354069428971,41.08517872055708,34.76439444575227,-1.4818260984550278,0.939426363912979,1.1331292848939285,-1.674530099295483,-0.7243786373997958,1.409768896624045,,
2.9865100000000027,-55.87793499217229,44.796288402056966,33.18744040109435,-1.3042487916239596,0.5301020550739789,0.0553496789640604,-1.6313139519800675,-0.21858731882178226,1.0657687337120783,,
2.9958519999999993,-65.26530275543723,49.26553355427081,29.648971242200744,-0.6336791314693857,0.36119588735036134,-1.0106203398246911,-1.544029885394468,0.10498165976341106,0.8752630454919725,,
3.005445999999999,-74.67607683433819,53.935101962829975,24.39780607708898,-0.16477624158391138,0.22757845388480133,-1.925547352908863,-1.449743344878321,0.30879299271713484,0.620667889613876,,
3.0149410000000003,-85.06420327674141,57.8735372172904,17.215961308918274,-0.36582241435463525,0.22085714551372984,-2.5552932730013507,-1.352266375319247,0.32839324474443166,0.45327945651965346,,
3.0244440000000026,-96.61079676828793,60.07595952555833,9.853563849292206,-0.6044704266982809,0.3394200518837807,-3.1823918235207773,-1.245404980721993,0.1539794108585518,0.6410842274473162,,
3.033959000000003,-109.14791242719915,60.20118309227854,4.212767509745537,-0.8015562999453553,0.23524486519591262,-3.447923910750393,-1.2282526282095934,-0.12834457668249802,1.0488985205637629,,
3.0434729999999988,-121.24222067123708,58.630766844695664,1.3068340543209052,-1.6920308654271727,0.2776563744258249,-3.552607794130029,-1.2011056477589173,-0.37036680039218906,1.5041184989024783,,
3.052995000000003,-132.98731204206766,56.438867744760486,2.2100835323883334,-3.2599751427996977,0.24517414985934757,-4.237387567979052,-1.2355645304013871,-0.47174184163279437,2.1657175007493965,,
3.062502000000002,-146.15635837925743,54.53552137354335,5.864269210018995,-4.440284754828056,-0.5469976650151832,-4.9143127745943485,-1.4537222343032217,-0.47675165188227375,2.9039079754504473,,
3.072006000000002,-160.75529432931313,53.449785620429736,10.776495029696314,-5.660996637009329,-2.186211950013776,-5.695339708537206,-1.6630916464310226,-0.45291242470034315,3.3459358514273685,,
3.0815309999999982,-176.8568755300833,53.265544833586056,15.185859288730716,-5.537730616602438,-5.04432955287804,-5.554869451512657,-1.8675378735266013,-0.4456718046653744,3.595680360615166,,
3.090958999999998,165.3609190017095,53.68783068898619,18.927651947827837,-3.6173509982042953,-6.736461366246346,-3.9416921674895438,-2.0560971865226767,-0.5161200996780452,3.750256059863642,,
3.100470999999999,147.07871887099338,54.22044141786258,21.4874502741773,-1.5979505752042897,-7.288795600623049,-2.460005589303104,-2.0672140545874145,-0.6193499218647873,3.622348302961186,,
3.109794000000001,128.6290657871264,54.11657526091651,22.14779852085571,0.7644836385615255,-7.145582870580468,-1.2548625935957607,-2.017704462975577,-0.7854175973021097,3.4405169700235705,,
3.1193039999999996,110.08443156925247,52.88152678862108,22.57049078463263,2.807874949775222,-5.436166285839995,-0.5008569450373901,-1.9707287163165779,-1.034993607868582,3.3609044655396136,,
3.1289820000000006,92.58586857017627,50.47734564488038,23.9572328615023,4.67829110515219,-4.012982075657419,0.11802088881187711,-1.82748892964111,-1.2770491898870067,3.2350520964216645,,
3.1384960000000035,75.4954755711232,47.535231956211796,26.92000697041605,6.734187272792379,-2.495726310201671,1.4422099145702456,-1.7873589974148645,-1.488994474285925,3.2263440993639434,,
3.1481940000000037,57.49862756212593,45.11228102920272,30.90633782450816,8.195046867745969,0.20875101240050173,3.7695214360435196,-1.9493539164431624,-1.6321668219585859,3.363049058747535,,
3.157713000000001,38.12237404243691,44.228039742960185,34.74463558926362,6.26470631145298,3.8106358477063202,5.569662607719818,-2.2200475179496064,-1.6587536608483646,3.402844371890403,,
3.1672220000000024,17.110537726543047,44.734543994807474,36.640608051353645,3.3534732970847303,4.74489507672431,6.080949650408995,-2.4823550684557616,-1.6940605691180903,3.171322215408414,,
3.176726000000002,-5.123214622827316,45.00879131189812,35.73647991841251,1.0392142993970157,5.091522316763153,6.05960022649315,-2.5567515337529354,-1.8426800501626102,2.8060459848469037,,
3.186259999999997,-26.01967138573753,44.453391838155774,32.717257004539775,-1.6935818030443466,4.705720863765468,4.019934066878501,-2.3782604905798865,-1.7741009187857129,2.284590052372021,,
3.1957570000000004,-44.79948010306391,43.24674087840973,28.945100806887037,-2.050020719676424,1.2547435773135496,1.647621956717029,-2.1886659761218215,-1.6032625097200974,1.8165313507647074,,
3.2052690000000013,-58.32002266591138,41.72742920930753,26.176927171600497,-1.612196557951814,0.4071356714506748,0.8094698924497674,-1.615959959920899,-1.1964384251280882,1.2762361909531093,,
3.214593999999998,-68.89166107431669,41.24985640356773,23.82538815755293,-1.2238739686664823,0.9725787963409013,-0.26883001977881965,-1.3847932314830307,-0.7569885397315066,0.9844249656660043,,
3.224094000000001,-79.20397252897358,42.55760340201454,20.700924903233066,-0.15455961610520128,-0.020892883588036964,-0.9458026296033513,-1.5085774296272692,-0.3371827046536852,0.8448966309894079,,
3.233696000000002,-88.40954163767982,45.51643100193022,16.965146746117487,-0.12173894883253727,0.38390564934632493,-1.608317247182074,-1.4305262435129142,0.13605203510160385,0.6324220757462672,,
3.2432080000000028,-97.92269782430095,49.484898136598574,12.526482972521439,-0.4626744293862439,0.7577196758268163,-2.6695986116354473,-1.430209072536077,0.44454819815285485,0.62114143816299,,
3.252724999999998,-109.59524955916923,53.49474322612449,7.288156290634189,-0.5016687310025356,0.4714741331422078,-3.064318109405371,-1.5564141460288403,0.5378226822341828,0.7840339514225895,,
3.2622280000000003,-123.19069009308281,56.502496183089555,0.7991865135412783,-1.4697356748871335,0.7318045409687307,-3.6228387067623586,-1.5842177218329778,0.4890351637645173,0.9342194154839953,,
3.2717390000000037,-138.60343617478242,57.79671242782322,-5.440675910294272,-2.808459478215285,0.5944344630868661,-4.26668964714156,-1.6462652221837317,0.32821340719529757,1.3457751389901769,,
3.281247999999998,-154.7271107721105,57.53862691844027,-9.206923496413042,-3.890481633132905,-0.21093298806941044,-4.74131183735225,-1.7045825917962798,0.17479264378931747,1.9745424056670637,,
3.290758000000004,-170.49734826944768,56.567229860864686,-9.365659248516051,-5.3021238555026216,-1.6741101505050464,-5.572102870740657,-1.7149758591780901,0.09468596861484442,2.616272324322035,,
3.3002850000000024,173.97463026480105,55.83924506225505,-7.1525194450452165,-5.986862872274272,-4.047081707298167,-5.675181399405959,-1.7249538215983486,0.13175357976502794,3.2349478333797697,,
3.3095250000000007,158.83288469620203,56.04893241949493,-2.564863461943018,-5.02051562029333,-6.039808747592974,-4.357160081844913,-1.6849960508944342,0.21527104438100092,3.6617380710084952,,
3.319029999999998,144.597242459656,57.33910873072959,3.0692829803010793,-3.2737950718518927,-6.6198567252458655,-2.3227859187644753,-1.5664829513308935,0.2803056295403845,3.757708125995416,,
3.3285649999999976,130.96146465126114,59.433596802854,8.095822562728996,-1.5886224330146181,-6.604896077562464,-0.7054512898769845,-1.467739145008357,0.3039310959345172,3.5760194423569684,,
3.3380629999999982,116.33033097368478,61.381387212012044,11.175301174646338,0.11760789137122803,-5.313241986029416,-0.31871670956423687,-1.4972890153838336,0.1652568404996705,3.401758226799109,,
3.3477529999999973,101.53571228471775,61.67952286505804,12.802729395103468,1.5942345950822763,-4.140518437094586,-0.886455457017894,-1.4039541215912146,-0.21670705074807992,3.131075143340436,,
3.357263000000003,87.51086739550762,59.58941710564583,14.54606684887717,3.4553507383554454,-2.9943818676386953,-1.2307681353145954,-1.2521158572241697,-0.7206111122106137,2.917241207610034,,
3.3667700000000025,73.99505516540769,55.41504844390684,17.05127081805977,5.09134338457585,-1.7846611272601505,-1.2127508207823772,-1.1833752543467193,-1.1944118735365528,2.8306636723337744,,
3.3762809999999988,61.00723347964875,50.39627875726541,20.935603854968722,7.537460182329074,-1.160206802471109,0.6462193165978356,-1.1643746192772682,-1.460566080119178,2.8479339701291604,,
3.3859840000000005,45.7143764719425,46.27413102467302,25.144281436816208,7.853923866828364,1.1108952520375384,4.0905292848797234,-1.5554802038328122,-1.5600065813019663,3.103011035245676,,
3.395493000000002,26.04250675217727,43.97417707035554,27.496837921482708,5.054567083286897,3.3173711124519913,5.96866022247915,-2.287208583359718,-1.652407286146718,3.2240755190874477,,
3.404992,5.151627797085826,43.25165045470919,27.172127629253183,2.2366548654327936,3.1617927205976657,6.494704246857849,-2.6167259550823814,-1.5300016963820868,2.780672459122939,,
3.414515999999999,-11.772746851801973,42.058127399339654,26.01517420208545,-0.46510572268376926,4.798841813545172,6.353627040851413,-2.112685795566535,-1.338221609097151,2.041268453626891,,
3.424024000000003,-29.434087533248412,41.49444195753905,22.95263120153948,-2.0508961190036166,2.172927046544645,2.6418506799326216,-2.3418716837200173,-1.2028172925049567,1.741721679402515,,
3.4335260000000005,-42.523925265401715,42.10936482550902,19.54377816785854,-1.9607322778810292,-0.6762485436761942,1.5428607058534591,-1.854305475210267,-0.5992974156965747,1.0962310863926157,,
3.443037000000004,-50.384039099575574,43.708377168126574,16.466036597796084,-1.4140945229035524,1.606755022399949,0.6602507211348926,-1.1837853354509844,-0.057089114850709555,0.51920796689729,,
3.4523730000000015,-59.33260916621876,46.16739301663458,12.176535922413885,-0.21780825595465975,0.48968194396846415,-0.9039907825777747,-1.3379479627017121,0.15937549468128215,0.4911680075468852,,
3.4619029999999995,-67.1009388605148,49.301246289452145,7.222100601531736,0.3044600385705092,-0.9003395575305788,-1.4545291411218126,-1.12351296055425,0.4369826843746628,0.2311974786147513,,
3.471465000000002,-72.09333622476647,52.41217251893027,3.267890472116999,0.4246361245345428,0.3958182810443167,-2.4622350120387275,-0.6707823443843756,0.5580231296320174,0.10400084650197021,,
3.4809839999999994,-78.0640899696774,55.42028740431765,-0.4170929422290483,0.5368809931621585,-0.5224604977349335,-2.7130484304039038,-0.7043563820036908,0.5798576359095211,0.3361953968904048,,
3.4905019999999993,-84.67530324217994,58.03808309642384,-4.503454991687931,-0.022631650540107275,-0.4918132426590677,-2.3071955111647813,-0.6884561741589651,0.5502250529769418,0.39532956211694675,,
3.5000050000000016,-92.02726065781813,59.75899816209325,-8.067507645713858,-0.8470388920787262,-0.04361174693807367,-2.1569808618271353,-0.7038808927161593,0.421726579595741,0.647223154330054,,
3.5095129999999983,-101.86477350024293,60.33475762859631,-11.604975469871722,-1.4491530806873816,0.27992713766884986,-2.1913474407088214,-0.9349815412718634,0.2796228733574874,1.0931865627484825,,
3.5190260000000038,-115.09583008680272,59.654233888047415,-15.504225987995492,-1.887810177080462,0.5784883563299823,-2.5795924350298276,-1.3045115187272964,0.18030863421819215,1.610752348061189,,
3.5285420000000016,-130.20396987266142,58.13215038556231,-17.55657185830963,-2.801781486443099,1.1950324254324198,-3.7538455761005247,-1.569713870895803,0.15306708977336878,2.1803489956477047,,
3.5380389999999977,-146.65301520338025,56.40818443485724,-17.927446875460387,-4.690520279059462,1.3400330082859753,-5.911258410976889,-1.7857751609382027,0.22912818363191736,2.832777309580145,,
3.5475569999999976,-164.40671087216026,54.50414847391931,-16.262921960876007,-5.60691920472831,-0.359985131070907,-6.715492672393056,-2.025782143779903,0.2507286103880089,3.411067323305246,,
3.557071999999998,178.88567230634894,52.51406190608211,-12.428091210193633,-5.549786696447725,-2.780744433791748,-5.29939718617065,-2.018277322480524,0.13223319899572197,3.6030333244778223,,
3.566502,163.53182987932342,51.247396130176234,-6.607066442024123,-5.131611792331118,-4.833723440848227,-3.068580136483281,-1.9108100897047036,0.08872385006039377,3.7221297225369607,,
3.5760039999999975,148.54690331242048,51.457989517750235,-0.45093678408609783,-3.477895470008795,-5.0968657275835465,-0.7138071469047816,-1.8683489780085631,0.181929623150672,3.717621577125097,,
3.5855280000000036,132.95572893829572,52.60646379909646,3.956347897437321,-1.8502877922642678,-5.863926565793321,-0.29398381369359905,-1.9295353270188096,0.19500953398174045,3.4964850863927075,,
3.595041000000002,114.74260657283094,52.86255225177091,6.884770606965076,1.016844074615282,-6.294593004355155,-0.39616441443497696,-2.2089377321388253,-0.14923071344750768,3.4766341757339334,,
3.6045560000000023,94.03372451480922,50.8979670859532,7.444559047305324,4.096273930724235,-6.352429204470918,0.2613058046737671,-2.50139486004959,-0.6855425419156631,3.4972083366022986,,
3.614058,72.85023904987267,46.69115645927475,8.239999631348608,7.670059050988852,-5.007739725401845,2.5268025090497996,-2.661146334339448,-1.2036460129173123,3.353654429282468,,
3.6237490000000037,53.393497162161616,42.21535304538161,11.801313233568212,9.174595909271844,-0.502938742340272,4.734043282959826,-2.5888391345580346,-1.366095953281589,3.395399616230103,,
3.6332689999999985,35.45909403218553,40.622279942721974,17.67409515874508,6.780543114472342,2.623830025461556,6.114540716346843,-2.5296816125352657,-0.9985801460268191,3.5412986539741818,,
3.6427729999999983,16.80131179932898,41.72712776782843,22.38491535138455,3.6466350763487743,4.062815684941716,6.755685258524835,-2.719657655925843,-0.7639951559278635,3.412419177269753,,
3.6522819999999996,-3.0557350355816864,44.2821509131937,24.788080245878312,0.9323107496377236,6.742484290456603,5.684257884824532,-2.867530105829743,-0.6971440326356999,3.2820768590741407,,
3.661805000000001,-25.76400002097179,49.07258401531158,21.823934274747973,-1.284393811976824,3.91787688718821,1.62562733983834,-3.231495442701032,-0.35098953713126163,2.879938997223908,,
3.6713030000000018,-46.60507891600538,52.39833827306286,15.585899485677153,-1.770560557600382,2.258487100318387,0.9712357470059252,-2.6983918474053947,-0.22003988649767528,2.0839919409482155,,
3.6806330000000003,-65.06852535225846,52.74380426370421,9.337797237608548,-1.429198243172698,3.6667487929876974,-1.399093372180995,-2.1937526404721415,-0.4213497801630362,1.7221687620408959,,
3.6902260000000027,-84.36965913754204,51.773012188014384,3.243057588388167,-0.715552308647463,1.3797274114264662,-2.5088501385630395,-2.3127859920012583,-0.4566901689409884,1.826365573749024,,
3.699747000000002,-100.08221115801014,50.637457270734735,-0.3096839959967634,-0.21627433828110723,0.6711266004565871,-2.665253858467534,-1.9493811015256326,-0.28041256443937074,1.7312679987321347,,
3.709249,-112.4370866481361,50.65533703512688,-0.7142686234976792,-1.162276587557863,1.9144190164705248,-4.306162756125287,-1.5548035735011287,0.01717329126183615,1.8392474514624904,,
3.718760000000003,-126.47870251643191,51.80218333108595,-1.1336918424120797,-1.6020746338308072,1.3960990149436847,-4.670622694820109,-1.7427895999258909,0.2606572829075739,2.1328169488697335,,
3.728272000000004,-142.0583912529446,53.607856545587325,-2.9131859273601304,-3.035997939562189,1.2354457733713078,-4.57598595239037,-1.8617222260627793,0.434066174247017,2.171290773567517,,
3.7377790000000033,-158.79756616927224,55.82461351881391,-5.489805179680247,-5.644081613366689,0.22880243633509695,-5.109640408212545,-1.8840136433377588,0.592832901907631,2.2769254500862393,,
3.7472180000000037,-178.04764566474833,57.071334982013184,-8.756899237812215,-6.472843552954888,-1.6313142664887572,-4.742820283229415,-2.0696820560366604,0.5240903096233549,2.620252496983681,,
3.756703999999999,163.07061492223517,56.576566976533265,-11.242801735735148,-6.120405026739298,-3.2356405311840035,-3.4634318645139,-2.044625391191807,0.2787513324495086,2.726228698283853,,
3.7662359999999993,146.82602002731392,55.3959186134351,-11.41076686145335,-5.3964988718145985,-5.148198254402764,-2.3462428452765525,-1.8251820137178725,0.14308781186501873,2.714527468621262,,
3.7757450000000006,133.03567158554515,54.193070446518554,-8.833378831940768,-3.0260418854502604,-4.9938523780722575,-1.3829846814012483,-1.608620574967695,0.05938089533891551,2.8264382899344076,,
3.7852510000000024,122.78682505179879,53.085726069130416,-3.886979213515696,-1.2309710274163161,-3.545542232460397,-0.9916129532038029,-1.2361048476096352,-0.0715055631498079,2.6937007677023392,,
3.7947640000000007,115.35712530545368,52.298350412645064,1.7702533158785076,-0.0014394158862101152,-3.104986439726379,-1.0299214137372776,-0.9082124952271302,-0.12989687637758637,2.3498416011031096,,
3.804275000000004,108.11139210695335,51.79640301196027,6.512971433275885,1.1647971555266339,-1.9559033616463324,-1.4825317197457661,-0.8875446289859036,-0.15563297314817703,2.1123011806642027,,
3.8137960000000035,100.8483524251816,51.09618496989767,10.036767033564962,1.7864799422216182,-1.1000133243730514,-1.9800470226039713,-0.8821952967795297,-0.26226067288073474,1.8446842845266382,,
3.8232970000000037,93.25019693224668,49.85238958251438,12.311556751953708,2.6736835167545916,-1.4503141674355537,-1.657118264726237,-0.9067714705535901,-0.4275705452355852,1.6011892787874291,,
3.8328109999999995,83.15369729845692,47.9972570287912,12.792007977078999,3.501238940618749,-2.2010456797882836,-0.4804738815459367,-1.2207200155642493,-0.6481079840642517,1.596964824927727,,
3.8423349999999985,69.6941661159164,45.580973902720515,12.053680877199948,4.466663956982368,-3.5082573658898686,1.6022685741335303,-1.7009291128978064,-0.8694509314298292,1.7692415132560035,,
3.8520249999999976,53.88012568756287,43.004188491258915,11.282924912236425,5.22121931782238,-3.657622634965649,4.45540548417844,-2.1163304557044333,-0.9673131717879694,1.9987417919247907,,
3.861528,37.15770039165061,41.09935754637296,11.3267976407188,4.0798806598992705,-2.14766816530423,6.254733257157272,-2.3626679721223796,-0.8698243891157724,2.1883722293910193,,
3.8710400000000007,21.501739602884907,40.16410879152854,11.52894889414213,2.588223402518729,-0.48402804936891614,6.536509833773113,-2.292962918702272,-0.6652771985623531,2.0382975374757435,,
3.880551000000004,7.469276472940143,40.476738363996304,11.470864128369023,1.410415107264733,1.1060826610924768,5.0302335792226485,-2.1087255895015615,-0.3758817576516061,1.797137545307032,,
3.8900580000000033,-5.179170694473426,42.38366075032384,11.006031191022965,0.5413712674333433,1.260786678036888,2.816728254383407,-1.9321825412105245,-0.005593515171810627,1.6026862613456798,,
3.8995730000000037,-15.750301864168492,45.14839140728773,10.053397411289069,0.010413861399647763,1.0373620333199949,1.2698720382338484,-1.5977912273612687,0.2551822841115625,1.3118751954872936,,
3.9090770000000035,-24.582760344399766,47.85859324205405,9.066976883043141,0.10761804750658738,1.1517569983067921,0.16072733561889502,-1.284006306113859,0.3205255714182669,1.0807444272444457,,
3.9184059999999974,-32.65326742827406,50.62040500130289,7.467262090583567,0.028636081897906934,0.695476001097695,-1.0038403834746654,-1.1157106980713878,0.38524850654148257,0.9392858535809167,,
3.927995000000003,-40.17437384840162,53.383007393465505,5.317767551779262,-0.28426555360489625,0.2179634481351264,-1.6075475877596608,-0.9744956541450375,0.43594073771685743,0.7867875028532613,,
3.937528999999998,-47.39841396683022,55.595274105485686,2.9992671146169485,-0.42352480447545154,0.277764393536172,-1.9096110193029276,-0.8613788252025606,0.3702137170085683,0.7332839147851626,,
3.947018,-55.365956087609256,57.13250108729528,0.44910204991253966,-0.47308441799248496,0.33340029875062777,-2.084844588866598,-0.8832177246292674,0.2707532940634497,0.8332578992358133,,
3.9565180000000026,-64.7682988539578,58.0749111255929,-2.5993882593717967,-0.6664719031445332,0.5438804603659976,-2.083932897027978,-0.9946630215111624,0.19801173731360627,0.9946718958728687,,
3.966037,-75.86788840097134,58.331581436236156,-5.488528712661339,-0.9725926646066504,1.1321659290398298,-2.1906411414384674,-1.1530680995854452,0.12531399087466463,1.3186757616405282,,
3.9755480000000034,-88.92173557678964,58.037081164073875,-7.5627747134775145,-1.252555668453255,1.599551092522725,-2.5632945197398582,-1.3629733016214225,0.09178398742545359,1.8153159589534589,,
3.9850720000000024,-103.76533712462863,57.50704776711957,-8.63494784117895,-2.1367759196887266,3.0067609810989917,-3.4889954158016474,-1.57041650706886,0.11437813340955427,2.3005897225362912,,
3.9945790000000017,-120.62336649356041,56.89501623633386,-8.606692289063993,-3.9229100145571603,3.3245320784437453,-4.918031802852396,-1.812253595865011,0.1528851467544734,2.843905639798656,,
4.004100000000001,-139.35106592268332,56.06734759475597,-7.440903675052136,-5.868624182726325,2.14978115273603,-5.991195675645591,-2.0608673802585864,0.1297217054777353,3.359565920233647,,
4.013598999999999,-158.2982234507429,54.69878616195868,-4.934463272840615,-6.693050683555004,-0.3489970559186596,-5.741599044181113,-2.1624704189304094,-0.030369242576124222,3.622097476717543,,
4.023040999999999,-175.78196876020485,52.86958956219186,-1.2155421156663544,-6.425754055611681,-3.1322159993397745,-4.262067279486456,-2.080688380949254,-0.23240253697048882,3.670163500703901,,
4.032539999999997,167.8630494887797,51.499312420989035,4.005431312646485,-5.284788097113956,-5.37782025355773,-2.6339520902514684,-2.001051887007824,-0.3013490013124514,3.7225982784437823,,
4.042056000000002,151.35077907551246,51.084610652043864,9.057923014054325,-2.9495270713668957,-5.746037745513717,-1.4935090063147154,-2.049229264552537,-0.294922629087275,3.6990664445374133,,
4.051569999999998,134.10372974319108,50.80321347870131,13.055612488573276,-0.40767396421344165,-5.957667978404916,-1.375753224405585,-2.1297381562928717,-0.46166727865684576,3.4716610527142664,,
4.061086000000003,114.61635089537526,49.74393693230074,14.616179705990627,2.702418177564064,-6.510442408086112,-0.9940921857045266,-2.376605784366817,-0.7922835048155887,3.301995507235165,,
4.070590000000003,92.68058419845903,47.350291962317584,14.285546791709812,6.13902113349163,-6.45778497854396,0.4734215862388404,-2.7018947907682076,-1.1792246607784835,3.2140548705543126,,
4.0800940000000026,71.09535937318026,44.023646009444136,14.953534654673208,8.523939353441031,-3.5495546100751922,3.3665538031401456,-2.7560626603331455,-1.4062963196260634,3.1507332317632804,,
4.089795000000002,50.75722879472061,41.77345712892483,17.505070738789115,7.373177709880104,-0.14977949860841877,5.821557614066606,-2.74011421077901,-1.274828395260505,3.1977700842152488,,
4.099305999999999,30.3589510681928,41.438776792209495,19.89199536471579,4.62858797781561,1.250324890115403,6.8235517368625365,-2.870717829290232,-1.055669376631668,3.1275134052214852,,
4.108809000000001,9.934397751035045,42.01878080646325,21.55367759007374,2.4225740630828247,4.27014622727866,7.117794505103093,-2.891897721546289,-0.9851596045424644,3.01934282573111,,
4.118320000000004,-11.356921822190813,44.731626590173974,20.866938602717973,-0.8420484492131994,3.337562766324397,3.229505760376138,-3.0757740805510707,-0.6305240849632173,2.7846202878459243,,
4.127839999999999,-28.459047805599038,47.47642781822473,19.105471786493677,-1.8252979641687765,1.5756994044732011,1.735961978500765,-2.407927988698896,-0.3085734949506376,2.111973068544489,,
4.137166000000001,-43.62464297123939,49.383184059703,15.833751078610982,-1.328406574359631,3.1753920713922885,0.17384389745068746,-2.0241791598938583,-0.25172432415184093,1.6159986012970005,,
4.146684999999998,-60.80053239839581,50.9222399109611,10.238860119870026,-0.9693392862903275,1.1013296399141237,-1.29755171525297,-2.201231265850038,-0.20676531047288663,1.5230009018260087,,
4.1562529999999995,-75.89756043505643,51.523789409732316,5.33570012233282,-0.41349821431685907,1.3517906473466978,-2.0576092357131412,-1.8774316358417686,-0.14569920722615218,1.3602991750021634,,
4.165784000000002,-89.40520612722597,51.682232148070966,2.382924075247109,-0.6773221231523772,2.3596242875867506,-3.493960245570585,-1.6639746155841895,-0.087790266231801,1.5096255705293526,,
4.175276000000004,-103.86916788174085,51.86450994828041,0.403244310123928,-0.8676505291171678,2.037154716075415,-4.05113031402819,-1.7778832570782528,-0.010950419100314464,1.8634873867813375,,
4.184801999999998,-117.86598386467462,52.31826517734729,-0.23588497448882764,-2.307379636971053,2.4125561451117647,-4.366822790600331,-1.7080676773123382,0.08732851261023192,2.071429204302414,,
4.194299000000001,-132.20257000847928,53.087668391315596,0.26772753593202053,-4.537678682453397,2.1868896677392775,-4.98276228252417,-1.726281272280975,0.15965297758840413,2.4284155201111757,,
4.213251,-164.06392457525163,54.27453853273573,1.8403535247591327,-6.179483109802821,-0.6999078880037567,-4.008261675019552,-1.8683665728640388,0.0726463883187599,2.827363496292527,,
4.222773000000004,-179.781285900337,54.736255562279865,2.8032564822963,-6.334634321387953,-2.9494066821530174,-3.9716459708225442,-1.822641911486855,0.03400934094810485,2.813504549325234,,
4.232261000000001,164.21378913951898,54.468166472797286,3.779244797372648,-4.293711214484347,-3.8620760045115743,-3.1368238071511625,-1.8467001984847145,-0.14250939286968264,2.865730067810052,,
4.241785,149.78729412498546,53.06303639062813,5.104151219438475,-2.444939379995792,-3.7924649915213284,-2.417248112586164,-1.6803384748099497,-0.3952910952329461,2.6411831727165387,,
4.251291999999999,137.25883013850887,50.94264207118575,6.822119740984399,-0.7722423249816877,-3.6285251191206336,-1.9945723613310657,-1.4937395678700716,-0.5675140823986807,2.34608707277667,,
4.260814000000003,125.82658683226514,48.42738280210836,8.778453356306503,0.7678648119871616,-2.511775977687176,-1.7317966112941867,-1.4019908540077954,-0.6873317103749439,2.1416335918012614,,
4.270313999999999,115.4781474334757,45.66166880340532,10.819998684666668,1.705215081161202,-1.7186150659223272,-1.5440227016214225,-1.3006559966218714,-0.7758279895809812,1.9146514843556761,,
4.279837999999998,104.92803498697104,43.09027375614154,12.33210690972775,2.8223431746724144,-2.715012266172047,-1.1165488867430517,-1.3792465084506256,-0.7997978358266975,1.7532916802187781,,
4.289329000000002,91.76685511788116,41.05880816342392,12.961310965856697,3.980450644159614,-4.080546071730962,0.16423269197442036,-1.8225845719705653,-0.8205988062098939,1.854155305525902,,
4.298831999999997,75.42854377066708,39.73538830243068,12.5772672396052,4.987179134775613,-5.05016007159044,2.3585201648908316,-2.3731961507069497,-0.8085121283828184,2.001986386983063,,
4.308537999999999,56.94497682442813,39.19431710711191,11.462790154815911,5.076556188681569,-3.921800288829812,4.83918108299601,-2.772365939411947,-0.7050553888316973,2.0909039061255403,,
4.318051000000004,37.41772240225665,39.268992028480035,9.642989001872124,3.9770227127378233,-2.041269105867361,6.34565520701968,-2.978409632175926,-0.5488740749135095,2.0727393321645975,,
4.327559000000001,18.821206277546892,39.07744543903439,7.023268167633327,2.0211277714177993,-0.5243628796414779,5.7594929375043895,-2.8471022658505127,-0.46729228048556615,1.7955423270884416,,
4.337082000000002,3.4167522289925074,38.46208556405399,4.637533267997665,0.5515934987493041,0.5298279571879256,3.8779796519030367,-2.37595248365118,-0.377853078595892,1.4328519538976372,,
4.3465869999999995,-8.967171305576485,38.57144504894323,3.3417621384000284,0.062407433891325324,0.9118171464899629,2.3643680762544586,-1.9326768717420293,-0.12463287657399387,1.2785410493537819,,
4.356102,-18.74650522821181,40.09443942346907,3.2681172490275863,-0.25311894993242384,0.5546805308219092,0.9658094208926791,-1.5246780930902883,0.20458765205628107,1.2210917341645917,,
4.365614000000001,-25.584566896409967,42.9199900783732,4.354775616362211,-0.11440447531984799,0.4175103024872897,-0.08858060654897944,-1.0550535294368644,0.48400318543316956,1.1204030592695444,,
4.374935999999998,-29.988612746669325,46.84333693626243,6.274142727472538,-0.05947521586599874,0.3146900943605591,-1.0325550467891909,-0.6885637849775081,0.7125983185935865,1.0023067559410006,,
4.384525000000004,-32.60132276711132,51.32157950996858,8.592235184568159,-0.34192066682531724,0.032072751375398466,-1.7018892468196538,-0.4488298814754897,0.833675937735717,0.8551164186653802,,
4.394035000000002,-33.889500694784715,55.36888312877176,10.713934916456036,-0.6680611455389245,-0.022015701811593756,-1.9410273420536153,-0.27843677415589,0.7630414101290461,0.6842872962173734,,
4.403562999999998,-35.340855922561275,58.37495522123427,12.187246322446509,-0.8215000896795264,0.08601699022498104,-1.9813359770535723,-0.26654384832841693,0.5483094353566386,0.5733215728208998,,
4.413049000000001,-38.682389388230824,60.41634670712439,11.846106231698144,-1.0173556347846706,-0.17273004164308733,-1.874382165767515,-0.40993343295631385,0.3187507066998285,0.5236182614051422,,
4.422573999999997,-44.0684592276777,61.56068603060727,9.608220516694194,-1.0910458670602619,-0.2185279364679721,-1.7694095543368509,-0.5479244473170257,0.11757310689634944,0.4992590248226387,,
4.432099000000001,-51.40445017643398,62.032239534687776,6.304134329204664,-0.897930498458245,0.06639603892144645,-1.8526657337450625,-0.6912846105481366,-0.012835276982440328,0.6233709563615683,,
4.4415910000000025,-60.57181290418786,62.27860632721094,2.814429520993385,-0.6230269066906693,0.36950925321324246,-2.0853941952847252,-0.8482520221883909,-0.02892237061794085,0.9099568286257975,,
4.451107,-70.89662662799675,62.64421235351766,-0.011782032325313647,-0.5444117221738755,1.0285261591819892,-2.458411109900316,-0.9460090605491999,0.04113297129667463,1.265632029621948,,
4.460607000000003,-82.41895049954577,63.24344970462068,-1.7571364755518741,-0.9092833691402012,2.190921254575648,-2.9226140335052055,-1.0351029105225056,0.12879266202071124,1.7040350818577032,,
4.470123000000001,-95.81642799655214,63.83324351623794,-2.7612788658762186,-1.7262342954054062,2.7399081093230793,-3.3684059846954764,-1.1764216549952073,0.15989637870251744,2.199677021597012,,
4.479644,-111.08408179308589,63.74343316165995,-3.8348689660995596,-2.7465487342129484,2.5534657862054475,-3.306954212758908,-1.3348256961491602,0.05804154276800011,2.5272569942922454,,
4.489074000000002,-126.58452525211325,62.106806401452175,-4.488542963420228,-4.044767235410244,1.6106495711201507,-2.8193260003225706,-1.4184716050746804,-0.2209236216394677,2.632482453897816,,
4.498589000000003,-140.54543753717383,58.70783079618928,-2.9049110975257335,-4.01631058414199,-0.22025408514016603,-1.459651204920871,-1.4090814191471608,-0.5825089823684186,2.7476074980926843,,
4.508091999999998,-151.30871094304487,54.426662844748165,1.5569500105960064,-2.697365627280894,-1.4205863105598335,0.18802856431701206,-1.186958560320526,-0.8349385036011819,2.6771815096885687,,
4.517589999999998,-159.74526984114297,50.12411269940122,7.202786711540557,-1.8870436395762582,-1.9383296275503128,0.506474148767988,-0.9563701367977699,-0.928151713813924,2.4574143683091076,,
4.527304000000001,-169.22550783291828,46.279050924449834,12.216506003974333,-0.5290263711033153,-1.941055018895962,0.5786830555300916,-1.1116672902987608,-0.9600456869398822,2.4178895728699232,,
4.536805999999999,178.52601796390147,43.679690739079334,15.297423121368453,0.39960813551699487,-1.6299389544751735,0.10225681077367041,-1.558145665831203,-0.9040255024366388,2.3481437343234197,,
4.546136000000004,162.4982214285775,42.5578191628741,15.457004894881232,0.5069130817681681,-3.2728450619124807,-1.9041902313113048,-2.1969892023918627,-0.8231977638937775,2.2220263331080594,,
4.555636999999997,141.52743703163642,41.613854800990204,13.180460896611015,1.0949739442540696,-7.216322689463743,-3.054605999325987,-2.9705297313042553,-0.9388460076911234,2.354737386539931,,
4.565162999999998,118.43085177913062,39.93797462767595,11.035962061525511,2.987039522232906,-9.201174327882589,-0.6924969297810815,-3.353533255558899,-1.047738735770104,2.584529940750402,,
4.574671000000002,97.27274837999911,38.31655124256634,12.370064489061855,4.067337235370937,-7.9141296833623285,2.6522751265506574,-3.154446979254642,-0.9822650861805934,2.875096741111633,,
4.584366000000003,77.8128913599942,38.823096769468386,15.895858465462448,4.21262624488002,-5.736027965664638,5.939600148842634,-2.987207483975318,-0.637727199112375,3.175553564925189,,
4.593870000000003,57.84467279601471,41.0822935036442,18.318317856093692,3.961831399848326,-2.2775924559404945,6.713233635320206,-3.068644224805266,-0.46331282484147424,3.1341747242740596,,
4.603369999999998,38.05828878672132,44.60361744411438,20.224692303823602,3.7363208638103385,0.6360836506144043,5.032906305882693,-2.9770694452221096,-0.29670377490302424,3.135258147116226,,
4.612900000000003,19.10523692831079,49.94656199401361,21.433126073890048,2.780927932723938,2.8354681426578052,2.618190345130379,-2.784449925788434,0.07381816935917881,3.0828255329197574,,
4.622225,-0.5758223046104309,54.502744478190266,20.33723744964626,1.9401542026831036,3.7903432033128484,0.3205447884842645,-2.573524129729823,-0.02006629278792177,2.9525906864359075,,
4.631736000000004,-21.244266046541515,57.80011551513971,17.347680662870587,2.0308827726744414,5.133409254542856,-1.738677733618448,-2.3840733724482077,-0.13118330569043835,2.8911942929555616,,
4.6412520000000015,-44.42725849978931,60.54937953741096,12.058995468316432,0.6914804339782799,5.988306369987211,-3.082627604030973,-2.4244584096433157,-0.08192829907655882,2.98662023688167,,
4.6602650000000025,-92.36496957082008,59.87933241582963,4.077198389616917,-4.004634724415148,6.290543834518888,-4.386622703208864,-2.2528116651169956,-0.48155316128954867,3.591386054537874,,
4.669780000000003,-114.35854705400965,57.520307275729,3.8627664694960115,-6.592515920409823,4.610007911007597,-4.8447655345794285,-2.236275267122307,-0.6225052251422913,3.725680770749223,,
4.679301000000002,-133.93515162169837,55.42303667209188,6.575941963747353,-8.348421630891208,1.687905162364977,-4.483249974138027,-2.1082334187954164,-0.6064105900378248,3.8102183636946423,,
4.688806,-151.97899002216144,54.784856245501416,11.139455812968238,-8.240326778756678,-1.1488102395293893,-4.450111408637173,-2.0168629099779465,-0.43384023683865797,3.887118166249022,,
4.6983200000000025,-171.21404123273334,54.698964403290354,14.232309575013636,-6.804659613380152,-4.147806632755979,-4.544075268122175,-2.162013496266568,-0.4917386158649655,3.7791968017422497,,
4.707822999999998,167.42678101568637,54.17405839289273,14.708498237354164,-4.050921467472538,-5.7286622269069465,-3.7681480676911727,-2.380668813010223,-0.7076507429082252,3.5858753870627504,,
4.717326,145.30310191167695,52.59750558930433,13.050863584387587,-1.183019408794764,-5.94476265912478,-3.181333962717695,-2.488623042270046,-0.9235385380281368,3.218706948748058,,
4.726838000000001,124.8473137749573,49.066991069348916,11.649285096117735,1.7951959135743378,-6.400982282422193,-2.3224091498827244,-2.3775751307259596,-1.2277622635818215,2.8665953713896486,,
4.736341000000003,105.72442738335468,44.28980338876754,12.387285068180962,4.025550269413383,-5.1070063549538585,-0.8051117638333662,-2.374699076419364,-1.4699030758753011,2.893100213909883,,
4.7458719999999985,87.6205790298421,39.95887290543983,14.58942664455645,5.718513506574726,-5.298373153150673,1.0885844798091613,-2.415810702513323,-1.4657958814170176,2.80622220459347,,
4.755555999999999,68.41972587974142,37.51871275403458,17.119426214615775,6.898532757129086,-3.8169541882219296,4.079234963546218,-2.753299901904196,-1.2932978737320993,2.832948852450467,,
4.765070999999999,47.44674523212484,37.51803909478998,18.386189239376453,5.334400962662617,-1.6143679978322387,5.487671445935917,-3.1707604228660644,-1.0287338670885036,2.7333708400430674,,
4.774574000000001,26.69230190779847,38.575132838441064,16.547395464205707,2.781111374251718,0.023586265425945583,5.51550129450794,-3.1785902221570175,-0.7991106143610451,2.1147323250313255,,
4.7840869999999995,7.543883692521029,38.59125886863499,11.900031189299916,0.6793107590819055,1.0243243166009373,4.221376586793412,-2.897004528054727,-0.7509073087797655,1.3877757309628185,,
4.793593000000001,-8.232850079251337,36.967593677777415,6.944158922210538,-1.2612361899222864,0.23141872486512527,1.2035981407268586,-2.4010174254709087,-0.7455214033780941,0.8672314010349387,,
4.803097000000001,-18.851144108238493,34.98500822046273,3.713137860694583,-0.798362380270055,-0.14696196302241565,0.4515527545722884,-1.6687702592241362,-0.5699699618536813,0.535723883138891,,
4.812648000000003,-25.431199988155605,34.48892760848737,2.544056985870433,-0.7125418390796207,-0.4215551806727371,-0.3048697642921448,-1.069256436984724,-0.17184735292474881,0.47372233532172864,,
4.821973,-28.889757741141914,35.98435545888399,3.331875801308779,-0.513195282182238,-0.8083763407969586,-0.8346586463763804,-0.5737648862380611,0.2582171389503924,0.5540197221846233,,
4.8314689999999985,-28.810235809081956,39.31803330290283,6.085452923300835,-0.46624566868304007,-0.3992093818344579,-1.0012206565483346,-0.03526733096700762,0.6548841339499951,0.5430185647886747,,
4.840972000000001,-26.28801415641038,43.637810445989714,10.371735486552296,-0.6196356314308479,-0.1401407778512714,-1.112324946078452,0.25844861206956926,0.8988576799881559,0.5351666889393242,,
4.850495000000002,-22.210757146407882,47.80192004099431,15.704150493086683,-0.9314887890036117,-0.5272281811559673,-1.3749414560208193,0.37507256579443465,0.9296353680641766,0.49293709522214824,,
4.859997999999997,-17.226626657555553,51.062439215028824,21.015669591521196,-1.1177324208220167,-0.4022730995552529,-1.458320016491126,0.417643673491404,0.8132142672895764,0.3050162313733668,,
4.869502000000004,-13.998710125951533,53.46383937981087,24.571662004211152,-1.123202569595217,-0.12529031567538634,-1.3669748617570654,0.1851227410786559,0.5864129508024919,0.18967938340303644,,
4.8790189999999996,-14.448269341312741,55.21913518693428,25.250517735812483,-1.454663049145332,-0.7487374071089923,-1.4965846338753488,-0.18903994659863116,0.2865454861318659,0.18610595380925274,,
4.888528000000001,-17.608519299142497,56.12218427980514,23.295532771572773,-1.5041219538594295,-0.7945243233151333,-1.2641859906925765,-0.3926896500500794,0.007440048926840603,0.09344209002218143,,
4.898046999999998,-22.173278483562644,56.19109371812781,20.03360865237065,-1.2517407181411624,-0.6134565032370312,-1.1248150233075735,-0.47064067326302444,-0.18622013112198643,0.058675526672061384,,
4.907572000000002,-26.770712696831975,56.08371789394647,17.05882865099349,-0.6449184506880727,-0.4877257678548974,-1.40696880396619,-0.4716638696335281,-0.19480154683561118,0.1201250269755784,,
4.9171499999999995,-30.048338485974003,56.78678694592951,15.425687488520405,-0.26666595192068177,0.17613783744395872,-1.9119427720111155,-0.38021390230731006,0.022536050950554474,0.176727279216627,,
4.9266429999999986,-32.314251220579614,58.19813300462434,16.228689404282278,0.0319429473771679,0.5604984153491047,-2.458316458686022,-0.30389514429984177,0.19487527850494016,0.5201933539346395,,
4.936152999999997,-32.633486186884255,59.64165966744728,20.242783802924603,0.2786071782816398,0.34130954528356533,-3.3537944540040763,-0.11326804969495327,0.25458967111671027,0.8535411840542535,,
4.945672999999999,-31.35974767722226,60.903609527684196,25.975839377994273,0.1554047820215616,0.9338261498707701,-3.162554150754424,0.02632520537786892,0.27315849379208323,0.9212497023749672,,
4.955188999999997,-31.096116055419625,61.008305761951604,30.938756333752373,-0.7509221466191085,0.35849144062082816,-2.416064793536035,0.022405784400716108,0.022511619250430277,0.942395520613539,,
4.964610999999998,-33.598171298531774,58.96218413949906,32.96074559242919,-1.3799661356370347,-0.2214259217660906,-1.1626816030247686,0.015123545493825939,-0.4876230443637505,0.8160940607835176,,
4.974125999999998,-37.95120399877843,54.74753091799652,31.393886225641662,-1.920678723044177,-1.012905135343607,-0.3568098079045538,0.05906813344412282,-0.9744690529226904,0.36339118451356683,,
4.983637999999999,-41.25967984888209,48.855325721179426,27.60921737849334,-2.4203635348428096,-1.4510009829935022,0.09394324277888878,0.23995659745709289,-1.2345497760235373,-0.3208336445181475,,
4.993335999999999,-41.66976745629467,42.162518193124676,23.175344039325505,-2.0593117560095,-0.7518075986576153,0.3842560698806049,0.5395631773448467,-1.2410301907084755,-0.9347929141803409,,
5.0028330000000025,-39.715479791556945,36.817604639081424,17.944372133135417,-0.8701254905254046,-0.5098543039441487,1.3056224718088287,0.6736151036381349,-0.9021710989181999,-1.4058514294317,,
5.012356000000004,-35.029792009300806,34.598451971209144,11.814359906023256,-0.14688442924933412,-0.24331615758740338,2.2240913490227645,0.8610942468919872,-0.24035323752463625,-1.8776923114028432,,
5.02187,-28.16932565926018,34.950574523103874,5.725527223452907,0.986132331200541,-0.12249640002544099,3.136182441255077,1.1116540978977891,0.2346055257427759,-2.0910594020306927,,
5.0313659999999985,-19.955054910530226,37.07562409020264,-0.6507193692199094,2.9299579101688757,-0.7791440721733521,2.0637361668660246,1.316427525091561,0.47173767469649885,-2.2469298702697027,,
5.0406580000000005,-6.77872020817851,41.092372828144825,-1.80221594928433,4.357460611642207,-0.9582775130434288,0.7646234377550056,2.0674717086790744,0.7452802219412088,-1.9005942520599841,,
5.050173000000001,13.573310606785975,45.36778415563282,6.0818883799939005,4.189728921017335,-0.9429474851259869,1.183762765184393,2.9302677722017636,0.9458757075368914,-1.2325907957026965,,
5.059911,38.8608898712942,44.49509653263971,19.937899151724,1.6248761120538762,-0.5948420334868911,1.650970481064312,3.5164625472734543,0.6309743576126593,-0.8365496575252105,,
5.069409999999998,60.52744549051622,37.09311562908088,29.21528305005446,2.4631232912078276,-1.9645935540441102,3.189349880820239,3.5882299284722357,0.0333253315910211,-1.0074734864844002,,
5.078923000000003,75.97540662465046,29.12370174478887,32.18523614696455,0.9884783084692523,-2.6645657876390545,2.576912985201703,3.0362599845939506,-0.037931251190996,-1.1132139108260959,,
5.088439000000001,88.28295947734237,24.80121061608056,31.549515019716825,0.2467129668321664,-2.6464698763797205,1.5463254075461437,2.3196773162495585,0.4324874164679677,-1.2572096911810053,,
5.097773000000004,98.58801703324119,25.53537219415996,29.289357280620617,0.8241034396951817,-2.4714201935547555,0.4613791778752626,1.5346604981418324,1.0788871935636097,-1.3408930118925877,,
5.1072890000000015,107.91932468308507,30.67069175773194,28.191125861750514,0.8741161543562228,-1.5833088639119195,-0.9597609614277827,0.949392979612348,1.7002666704498213,-1.110683863483007,,
5.116788,119.77070286850955,37.589754946395466,30.293909928963348,0.8544538496002411,-1.0993277114510418,-1.6879714556204048,1.0360599245748132,2.172924949740002,-0.9221961544296194,,
5.135887000000004,152.14106109703556,46.14074066266474,42.039315853295655,-0.6704748663477117,-1.1183407947859163,-3.7625706956772698,1.5718055184563797,1.9645539516791402,-1.1491725980554084,,
5.1453929999999986,170.13793819908528,45.23152386937982,46.24546602889919,-1.8202837574244106,-1.9949093724894815,-4.635565812113262,1.926210371831893,1.6347213699143233,-1.7419053191942684,,
5.164400999999998,-160.65391006269815,42.164337005905814,41.49746525984026,-5.269545589629971,-2.2936485805399953,-5.453292262103589,1.5379289540339631,1.238011721041441,-2.637979106123672,,
5.173858000000003,-150.8918255226537,42.76827635658627,36.26650817916697,-4.454251534490325,-1.1254862604655982,-3.554183205381402,1.0499748513329041,1.0160633005128805,-2.4344626690669062,,
5.1833659999999995,-143.85476262666722,44.09412533773028,31.485359365180834,-3.8678808128398816,-0.3315986626141966,-2.002340173023492,0.7072488828377123,0.804638115821892,-1.992307785503559,,
5.192881,-137.08902212037998,45.32039694357627,28.50306811742962,-3.1064192422516324,-0.08253501546418467,-1.4232210556771292,0.7184845942234178,0.7061288585433946,-1.613342218038203,,
5.202385,-130.3468400525128,44.99750610908087,27.25532620091742,-2.5778078919650658,0.1715257087476283,-1.3663656596440474,0.8807361527304878,0.3991906624175182,-1.2649229195746754,,
5.211902000000002,-124.23613213833538,42.41186211259193,27.112368029790378,-1.5534489424180407,0.07703782053814821,-0.9883532358331947,1.0339284563457938,-0.045580532536684704,-0.932599267449627,,
5.221420999999999,-118.93174104163295,37.83316722252153,27.563580443364316,-0.7726760877864904,0.13710635764703813,-1.0771094065961921,1.154262823250542,-0.43104849159778486,-0.6515399674352333,,
5.230927000000001,-115.17510575938168,31.778831880234492,27.63590201907528,-0.07788317786377005,0.06377630671033489,-1.0474095624821447,1.1216536761853169,-0.7790879571763559,-0.46967272941538324,,
5.240613000000003,-113.3840117969921,25.01232009117747,26.75620929677449,0.15590877668505376,0.058254315752566045,-0.8508549227081461,0.9130295044758907,-1.0534241808554474,-0.4047242389779807,,
5.250137000000002,-113.03938875243948,18.409576875052636,25.0706501833118,0.7162921014891083,-0.12003129595977245,-0.39721557295270943,0.6483909408693486,-1.1552325223320323,-0.4254914768342,,
5.259460000000004,-112.91547147091491,12.665692367170935,22.594090360494548,1.5272674809572546,-0.6452944513880841,-0.3279480327664454,0.49844433848699027,-1.0378118879498213,-0.5644399299751841,,
5.268964000000004,-113.13897903562032,8.133964077978883,19.388486538942857,3.120513991333524,-2.6546916335958457,0.9812746288450065,0.29521909851469663,-0.8595808990885977,-0.7119908025882098,,
5.278658,-110.06417740504493,5.1701238702766705,15.561482969740373,2.775226120745413,-4.792263832016437,2.7090739924415033,0.7707730334889824,-0.37839259245620077,-0.9142078770535707,,
5.288001000000001,-101.38728962292598,4.099108456861733,12.45617940873599,1.6491561907121919,-1.1339989918532312,-0.7645318362710588,1.7394716801037553,0.21539845909612096,-0.8165064790591227,,
5.297496000000002,-92.92228623397223,4.156890547156903,9.735612855034535,1.992521944182745,-1.748184400572799,0.03311762459032522,1.6641222715935462,0.3372370275653859,-0.7073984980967812,,
5.307009999999998,-81.8914157743171,4.959056885127946,7.9776798276636764,1.7305747030368375,0.36936928273281006,-0.6785090273461786,2.158243195407452,0.49557112002680487,-0.5583797960026137,,
5.3165189999999996,-69.68145619526483,5.921373498845827,8.212651892741032,1.859173328072941,0.6128626423195169,-1.8276636218371884,2.3902692040427356,0.5281483253399855,-0.20498924048940104,,
5.3260390000000015,-60.359037672119925,6.929212903295322,10.008495729046723,1.497628945607786,2.4234595628054754,0.28392265466694316,1.8081890976993507,0.48502482399565333,0.14326168184103785,,
5.335571000000002,-52.14750820585974,8.56812783055347,12.875490181549852,0.8088342339745338,-0.538341107621921,-0.802937299445091,1.5413280004130392,0.6353680196196698,0.35580883802398,,
5.3452509999999975,-43.506385383053804,11.000561540665316,16.682361015005476,-1.2415187930613012,0.3503185526876434,-0.2237032302793624,1.534881311648098,0.8960354772376352,0.4691493818612486,,
5.354565999999998,-36.84151758017162,13.550579280817583,21.302066238602443,-2.771223173659373,-0.5473780124938133,0.32542191510739055,1.0779566377243182,0.8981651219943122,0.6409145598810022,,
5.364083000000001,-31.318264805740277,15.425707812763422,26.142852511393794,-3.8673770597246,-2.0300258414350387,0.2323440528135666,0.8407332310653975,0.7664300078047918,0.6912632336373842,,
5.383099999999999,-28.876179037595342,20.24077511194748,28.779434272184375,-2.9010849328348622,-1.3968781292140109,-0.8663770801927044,-0.4716102974107453,0.382811148163928,0.023463258383391795,,
5.392612999999997,-32.330709255309,22.810314368010257,26.866394566116583,-1.1526204023623097,-1.621715120513298,-1.7125196214184677,-0.7977729818586806,0.14679438495371125,-0.13019422341285738,,
5.402225000000001,-35.677823496285036,23.91341790681037,24.64613279032724,-0.6693547498978378,0.44690650934072007,-1.5965792401449843,-0.6388063903442288,-0.07642607478178562,-0.17929805302450638,,
5.411709999999999,-41.145413955270456,22.711085661619908,22.859557822410814,0.299459059710178,-0.008868245565772408,-2.900265523951809,-0.8119709337012698,-0.6329584652744359,0.07632140937400578,,
5.421227000000002,-47.15762457657201,19.743485944611308,21.364892265648166,0.21723213792825688,0.6895275735673979,-2.1958732589659196,-0.8048987072441829,-0.9799747236405991,0.13899781765676147,,
5.430743,-53.10113926682403,15.318809964235852,19.980685139025496,-0.39745185571551256,-0.4922903714387806,-2.0772515280213466,-0.7384185885519305,-1.2361348011581534,0.08551251198682729,,
5.4401730000000015,-57.13265981991824,9.662441406600092,18.897573198003165,-0.8998548230255229,-1.2254965637886832,-1.7388728269451355,-0.3562410789224417,-1.3371486867406823,-0.03672191286148457,,
5.449674000000002,-58.19446829707858,3.9146697904746524,17.663723380842768,-1.0761480146412863,-0.9320461377005932,-1.4112181404050357,0.1740326310546302,-1.1659784809292413,-0.2918020727992653,,
5.459209000000001,-56.24021192345592,-0.5552777867318301,14.852130299099485,-0.3536572338497663,-1.0029163814315474,-0.988601142483325,0.637686168219864,-0.7558661120020163,-0.6465968292277852,,
5.478403,-40.94027423520651,-1.401215187161535,5.806726968104636,3.068590052955786,0.1557663811773812,1.5395881293067288,1.9025658215586123,0.4978890899357671,-0.8969639395359785,,
5.487894000000004,-26.669050589240094,2.693896576925911,3.529045389079302,5.139106213477712,1.2258178775201314,2.0870532332307334,2.7883692775513476,1.0367561381367303,-0.5088629561429195,,
5.497411,-8.912965744102399,8.2986033181393,5.792175783817059,5.432995294526609,1.7088076747093366,2.7532046505123957,3.4450034912098735,1.3861123070667656,0.10422750207705545,,
5.506878,11.565478364414046,12.014906219749966,13.358559717387966,3.162221037398192,1.020023262981106,3.4374255476548816,3.8650068742388286,1.389054793888436,0.7671444775222446,,
5.516396999999998,32.95467727913945,10.658428466553454,23.16577447664376,-0.05838827731742589,-1.0387422028721958,4.827068203853301,4.0789946801483055,1.056989366461854,1.088356140824516,,
5.535454999999999,68.60131492995686,0.539824201651406,30.484396408137787,-3.1128065366947095,-4.6896356028037705,2.7738532418823403,3.321628661193462,0.9442665129815315,-0.05163725226602255,,
5.544974000000003,84.29886578376188,4.027203654525198,29.349385029994664,-0.48104160213373676,-3.956074232248854,1.4413208593402755,2.3794233834216487,2.1743000204514047,-0.36286299344999834,,
5.554289000000004,100.91034156542696,11.633381703640724,32.648469358148894,2.6383590319559818,-4.533118097830816,-0.01792994747830082,2.0473308221016215,3.0026379080876353,0.19065101952138014,,
5.563805000000002,117.31283114773288,19.007717522511832,39.59274220440669,3.6908865083671167,-2.832152627313055,-2.50981718277544,1.6923923911179846,3.062222556622265,0.5021877156333185,,
5.573391000000001,133.02468090810092,23.935287645323175,47.133737116699166,2.667682187717553,0.6609368960511675,-4.760872251009042,1.4498212640797625,2.733077451341508,0.3421054195738958,,
5.582902000000004,150.84979633399354,24.511710259289803,53.000712068857716,2.0582574702032637,0.9776020730683008,-5.470067224594399,1.993754052753701,2.579211551100379,-0.30102355551160365,,
5.592407999999999,169.1068216649867,22.766661329952537,54.18944814390088,1.0558488154934835,-0.6413604313010514,-6.435066684196342,2.2604883925489436,2.501814714536148,-1.2292589064261434,,
5.601928999999998,-174.07463811857693,23.117290868272047,50.533148435809814,-1.2809763605311764,-1.1597093545430521,-7.335708869077866,1.8373294521638348,2.513253559337029,-2.0369969761417317,,
5.611435999999998,-157.80697625080856,26.384372138186496,44.7355629815727,-3.8141906876169855,-2.377653664824037,-6.869366766298273,1.5167477032536145,2.6400540819820075,-2.512765895275398,,
5.620877999999998,-143.5088612347561,32.02394240775604,40.1506690065169,-5.871033036538724,-2.761055311022548,-3.892410076034103,1.0927195881817835,2.5302929543212014,-2.305377439219266,,
5.630381,-129.9442395070839,36.29493541242562,40.83676897138686,-6.5060847191551545,-3.3363512731995657,-0.7621403724963941,1.1637981409812443,2.1169889328391536,-1.3828689910368221,,
5.639889000000004,-117.01285591293164,32.702253346324014,44.81007306603274,-4.3199107718837135,-0.8334226261937173,-1.207356605221285,2.059299525348276,0.9335750856717967,-0.6670409572741601,,
5.649404000000004,-107.39472752718953,24.283087280516895,44.06012768622558,-3.795063618365699,1.0626031231678805,-2.0783757522968984,2.3961348116477477,-0.008432376819821452,-1.0608493283229719,,
5.668613999999998,-99.34321296406453,8.91685895010433,35.523403503319585,1.323876393969388,0.622297760818019,0.47575000419486557,1.285217867851734,-0.6723885661493796,-0.9315037988657439,,
5.677945999999999,-94.77585307800389,5.5993284367764184,30.64632969427048,2.4881209245444498,1.0604079451623494,0.2274274051109264,1.1316852305179805,-0.06073327068586685,-1.080577684396696,,
5.687452,-89.20356717968127,5.728204079479156,24.48415210969193,3.474884035394509,-0.014250204507814454,-0.10308790857352901,0.9819293643671433,0.5352626578078337,-1.3327269639052108,,
5.696961000000002,-81.06232477743576,8.861605416457062,19.947959780877138,4.117479407917435,-2.039604138031898,-0.39281850984319666,1.2705066697479501,1.1880220180424306,-1.1045826590836403,,
5.706471999999998,-66.45018018741784,13.586920637082073,19.47391977063579,3.617018162956575,0.6164259489802091,-1.9863485964934944,2.395034279571122,1.8491935923977925,-0.6672354540460615,,
5.715980000000002,-46.70607904152621,17.830314443375485,22.968456448190896,2.4647745443448486,4.938683713132688,-0.650249259625635,3.2550807721832187,2.152298052775592,-0.364843508956286,,
5.725496,-24.763218931444747,19.530491914208277,29.3453014895744,1.5450723314843937,4.883302124288881,1.793105995463781,3.5984815239158263,2.124545163465478,-0.12708884764877837,,
5.735179000000002,-1.5706134195730521,17.75280481407836,36.39211950119597,0.044026504501006786,3.431219428691812,5.427753999358859,3.893932768535106,2.085570644064131,-0.09751508387708845,,
5.744700999999999,20.14548982248968,13.778580324329068,41.203046269307634,-1.5913119274900018,-0.7454430604522938,7.548009359979918,3.761626031560261,2.0051841102991514,-0.23935690488441594,,
5.7542100000000005,39.198120981750286,9.558288156687407,41.696230531385815,-2.062028291488185,-3.0845776190881873,4.949940022425896,3.361764431224901,1.8451280455946255,-0.6857076965919303,,
5.763719999999999,56.67409410515173,11.179266521996798,37.46816225506263,-2.3748144700707186,-2.5823875055163823,2.9752264557849495,2.453259193282945,2.4438547889214695,-1.4829244859348918,,
5.773223999999999,73.53594481984874,21.196110567855175,34.79771303920461,2.7886035091175962,-2.743719697933408,1.9686606834488618,1.4488481708446328,3.526225111085115,-1.4856653245593383,,
5.782557000000004,92.4552720554724,32.34789745331549,40.041030406216784,5.771803971880888,-4.099453910490455,-1.0031510051206474,1.3409535607547236,3.8164974465659283,-0.6826096034293597,,
5.7921559999999985,111.98806582156092,38.86464013058016,51.114225872436364,2.929118869689033,-1.2616412009454214,-4.769182692411506,1.2947998874379143,3.1767471930270856,-0.08815927300171161,,
5.801661000000003,131.64699549895607,38.29874161068456,59.94180888735151,1.5681610171039408,1.0815534086960588,-6.038511964921773,1.822231990774643,2.476190680446966,-0.7056224350068033,,
5.811190000000003,149.27030058818423,31.955491573572274,61.61158893833965,2.1578314276329222,-0.1483178910325342,-5.0833818425884925,2.500007145155202,1.9139997384681597,-1.7035419162951002,,
5.820678000000001,162.20359419154326,25.43003960684586,55.12570476090899,0.8611957759445655,-1.2310725738525186,-4.094357686134158,2.2971010152173936,1.267007564090213,-2.5382484467673585,,
5.830188999999997,174.36899291860192,22.735013334081692,43.91665132870677,-0.8653926200942478,-3.2340226045833464,-4.504855902301361,1.8557173361236745,1.3601809579302893,-3.2295682864905375,,
5.839708000000002,-172.79860535067368,24.215076617039895,32.727281657040656,-4.551076169475009,-5.290493632608673,-5.546915931130979,1.6727171331598436,1.711271251762749,-3.252539396411452,,
5.849133000000002,-161.09876667684551,28.867827726536333,26.62232392916599,-7.196250286372651,-4.563125574061471,-3.6879401721721172,1.368298404050863,1.8588996140406724,-2.261049216084344,,
5.858648000000002,-148.53067430369188,28.9938263593435,30.76388548603192,-6.919883015998693,-3.526106439938843,-1.5837648694449684,1.9247207154633776,1.0901186125247484,-0.3849520662999759,,
5.868236000000003,-135.7186516253071,20.18108007445972,38.722367577853994,-1.4056365542715632,-0.07108934749683612,-2.214835467437212,2.924341158692497,-0.10354794034769588,0.5248070469282774,,
5.8777510000000035,-126.34759751641215,7.098884195382917,41.53748652774867,-1.8693257142909183,2.6052087191959776,-4.247465766812474,3.08574969214439,-0.8133655614200497,0.12755663690828062,,
5.887363999999998,-122.74197760849167,-4.524257317397027,40.4984518583816,0.39275365590756106,1.5944295836413205,-0.04941623255080757,2.0755074507983258,-1.2759599601626708,-0.21101689365935558,,
5.896878000000001,-119.86002291692817,-10.307988261945948,37.86167330064146,2.195236106797166,1.8618769651844793,2.5056316969064465,1.177995990371544,-0.5324254857821593,-0.4398135619676323,,
5.906382000000001,-114.67682424910669,-10.571953343263067,31.4299135696091,2.6764653778919936,1.4456284702651185,0.8607300806485197,0.8736111355040752,0.5390776752326838,-1.0857387407527996,,
5.915711000000002,-110.28537096265423,-6.116312144774481,23.232289725266163,3.297001866339127,-1.7503341412055746,1.0418105971336773,0.36909383660698614,1.1936243355231686,-1.4993609615043728,,
5.9252170000000035,-104.31476865937795,1.495943938167081,17.208026733963294,3.4923961423592793,-3.8235954673443313,0.8070217921223252,0.6028335880758372,1.8426618740258558,-1.1433451252588616,,
5.934744000000002,-94.21987095354167,9.289573686236453,14.658431380832175,2.7074277128992863,-1.9598088643159985,-1.8507306235593295,1.5184860101805049,2.0476135956206742,-0.6883604693858854,,
5.944240999999998,-83.3544047922529,14.490753726218562,15.588151669933227,2.6416812614639955,0.027893309446541076,-2.052811057118785,1.7951076651711246,1.5540538385658051,-0.2545544442324057,,
5.9537559999999985,-71.99031308727066,15.777082914938338,19.361354465661815,3.628094773581462,-0.25784371854912874,-1.508198936030001,2.0287224055821405,0.8993838285795638,0.1658117746321627,,
5.963267999999999,-57.62499716858136,13.791380822753352,24.223843833994927,2.6072060618830877,2.7008426316836927,-1.251578401450743,2.7401570702547158,0.6590799247461941,0.23946473899902315,,
5.972973000000003,-43.392286611129755,10.920906307528448,28.029086977061457,0.19696538603414254,3.203182627833087,0.8854218692374753,2.762655825479967,0.7056946524285612,0.1506111614721347,,
5.982469999999999,-30.20746354698683,9.00290351588579,30.663169211831786,-2.184840305667344,0.521302798352774,1.5661821058837475,2.4655595204140557,0.9339779251210681,0.06842098412287073,,
5.991793000000001,-16.713313041035825,7.367381919513571,33.1238432390288,-4.356446338082982,-2.0220784931957962,1.25382585992037,2.45449581013346,1.1295651656187418,0.10313693992590543,,
6.001497999999998,-3.7203860602986505,7.165307702523238,34.098276727049445,-6.1347857186035215,-2.7924996558238426,3.3694766196501633,2.182580453440887,1.3888576936576358,-0.13995960205628177,,
6.011004,3.4420515286476694,11.320794647778346,29.740899475110172,-4.514601495349779,-3.462796643851798,3.0509166709447304,0.7724847152583108,1.4477337762646794,-1.1082870379741512,,
6.020341000000002,4.279330625204202,18.265821780047776,21.35636259794504,-0.38139937793367834,-2.1105503974307553,-0.2718646437132058,-0.44588304029358294,1.3174716018473693,-1.727172916903357,,
6.029924000000001,4.380080522832333,23.776154077828675,16.0239553935754,1.9729489369688409,-1.427286466216165,-3.9997783873563684,-0.32945512338453725,1.042361892889854,-1.0821550109985438,,
6.0394369999999995,6.34641282725593,27.42187198419501,17.633095290043812,3.106051532259637,0.2867930821655962,-3.9979301450434015,0.1344979725456913,0.79244636285564,0.14328007673656154,,
6.048951000000002,9.473191071804942,28.530177659139646,26.34671541458918,0.7866216181966772,0.33344248320884523,-6.304312877327455,0.43651001248832916,0.40515717017433933,1.441373405612814,,
6.058472999999999,15.80389706543712,24.74356107610768,38.42504609942959,-0.896356627541742,0.9276630999871727,-4.365885752512201,1.371683671613591,-0.03817996931028283,1.837117596963257,,
6.068068000000004,19.990489309577075,17.486957370047502,48.700700538025664,-1.545799853194109,0.6719306044626672,0.7744598359546454,1.5781363614562083,-0.5164569132171126,1.7414891520648021,,
6.077407999999998,18.308459799378813,11.285107232176243,55.28489479115214,-3.4852379712372468,-1.7267085405885723,-0.9137045909855371,0.7877980468387561,-1.0234032465107807,1.3911550290936419,,
6.086911999999998,15.89993139361744,7.394903477454735,57.004026529641926,-4.8295341387416855,-3.007669637785681,-0.7889747782799462,0.3922555831834087,-0.8295148490593879,0.4135675716017931,,
6.096412999999998,13.484964612376041,5.477240997677941,52.79524967437125,-4.981271789456939,-2.113476264204512,-0.6200023655111108,0.04884826470310871,-0.6150777271039599,-0.7964118090990623,,
6.105938000000002,11.44984355856306,5.306312634567291,43.598787859838154,-3.274849413336807,-0.5014766605203205,-1.5309768245662392,-0.2341938606257417,-0.32854847576147705,-1.8105979709686653,,
6.115630000000003,11.038454976515192,6.347595889883345,32.030852827184944,-0.6738316991338413,0.9788708115069625,0.29738630340392597,-0.18284047814188,0.10939666930559269,-2.315489532111185,,
6.1249600000000015,10.3810901686692,7.894228167515402,20.771962322969106,2.1622645419100732,1.1189656331532272,0.3238518741960047,-0.24641329837719628,0.21237332453826963,-2.2456135116757,,
6.134464000000001,10.387639872352594,8.977830891155248,12.29468452459086,5.117414602775953,0.1798243518501155,0.2898897571999244,-0.053197713139630835,0.20005391175974882,-1.7054100593672072,,
6.1439710000000005,12.817877203990092,9.820575495001359,8.84421468426591,7.12661041551925,-0.6081020980981858,1.3499490783801962,0.447634760139572,0.24530198687498006,-0.7786505026063136,,
6.153486000000001,17.546476581497505,10.180187325745733,11.152110824657878,6.242972680561057,-0.8239565949927623,1.0331876828439566,0.9123571621235096,0.22497341814092814,0.28817899144794623,,
6.163012999999999,24.29794363044271,7.7489568422849855,17.385884147467472,4.231911265288029,-0.5570155885894144,0.8955706513949233,1.42181915748867,-0.14807727093578155,1.0258615182998914,,
6.172682999999999,31.595176302487864,2.581831597841982,24.63684589329442,2.0778692829876415,-1.234061576089268,2.556445840473148,1.738496373769236,-0.44629067006093986,1.3068441604075987,,
6.182212999999997,37.610986870970464,-2.8905556739809346,30.58359676366547,-0.5246507033006859,-2.152698249140175,2.25093186713696,1.5839104623833538,-0.41602926099356147,1.226318081777148,,
6.191533,42.52310969629216,-6.762776893593785,33.99365077592759,-2.296152591266873,-2.5736045536893237,0.7468097771980101,1.2516040288883434,-0.1330031272362046,0.7939040623691246,,
6.2010429999999985,47.40211056572569,-7.740954956557471,34.55235773626499,-2.4396922102325274,-2.8850141382544807,0.5359367188553337,0.9197214631542537,0.38554164687326126,0.22453904637899316,,
6.2105590000000035,52.406596744386846,-4.3092852432680475,33.58006034638967,-1.4941618147590725,-2.204872688758649,0.3026125897264551,0.44858060089270585,1.1289771584057637,-0.10060597717797035,,
6.2202449999999985,56.9565673012159,2.416689777603076,32.78178713132846,-0.5376288939054071,-1.71933507192762,0.14179909918757813,0.032144786915262714,1.6271481489182402,-0.15677353576145506,,
6.229599999999998,59.97927240607815,10.062390337635286,32.340619753083,0.163788761092233,-0.8364165768686646,-0.9429640709920786,-0.31203811482270916,1.615372509850105,-0.16703617616734426,,
6.239167000000002,61.93428537778417,16.70539509366597,32.549940411968755,0.38051383561678254,0.008221745802533575,-2.507198388777402,-0.3892600982820343,1.3277089754456555,-0.062271734837420614,,
6.248682000000002,64.6110712215733,21.17219829575733,34.06997489725377,-0.24081333565359483,0.5369090941583626,-3.1543265407209153,-0.06582743900848174,1.0266471298649638,0.11648078110589478,,
6.258192999999999,68.07378965005168,22.638140106541538,36.43320087570857,-0.8900856785259181,0.611595724049389,-2.8921639099464826,0.35666680011812857,0.612246498123571,0.2006659999266879,,
6.267706000000004,71.8504982158772,21.260354811060683,38.87337477455441,-1.7156221314275444,0.4973011882298552,-2.63068489154846,0.7241705666066988,0.212368364979894,0.19215834324661485,,
6.277127,76.69030556175112,18.153404850491807,40.91135672798135,-2.4381606872371635,-0.06508449236157186,-1.6701122453731974,1.0989920377196716,0.11167878678537173,0.06761824711302616,,
6.286642999999998,82.2219539858908,14.703732054379016,41.61333652416232,-2.7224738919764504,-0.8252051264538584,-0.7425698510758804,1.2539346042177506,0.1868810683723086,-0.1857191063873894,,
6.296160999999998,87.90194283530583,12.169118444960292,40.566187526883674,-2.458229457894846,-1.289729810767772,-0.6973992168194235,1.1670308148060171,0.35112627353151776,-0.48601361520389047,,
6.305664,94.73483182142125,11.118985976696015,38.73447032305854,-1.8028347888199738,-1.483842504505391,-0.7394892763027299,1.1649565710783683,0.7017253965818964,-0.6712404633937651,,
6.315173999999999,102.63205935559505,11.235595842800834,36.94899277925414,-0.9349486675820399,-1.924282616837708,-0.9727418075842237,1.2095284191020652,0.9793754448719856,-0.6850517234584557,,
6.324683,110.70890048749897,11.592753312321822,35.44218929056045,-0.5854698405860256,-1.5412004754739477,-1.7042583485273646,1.2356950090332426,1.003967473564016,-0.6373820701597087,,
6.334296000000002,118.93013694294547,10.898494383713297,34.020598890549735,-0.0012628221488598908,-1.4072495599785126,-2.3767783071979127,1.404527155156151,0.8171002011182352,-0.6183733312642996,,
6.343783999999999,126.11024604110422,8.131139925239625,32.14040785432597,0.13419877616252399,-0.8093757347895508,-2.499005737114941,1.4892551220690016,0.3231411038789508,-0.6329063319770988,,
6.353290999999999,131.45794667217768,3.236017153135301,28.669305698813456,0.5292629572428762,-0.06510870508548726,-2.057552536250349,1.4153071625479887,-0.29259746888823507,-0.8052957254326518,,
6.362735999999998,135.0288571079165,-3.3087776076408404,23.069301092803624,1.6295647964124025,0.35895588453116994,-1.3201203164381428,1.2174763438120486,-0.8537772984746266,-1.1229059011787488,,
6.372230000000002,137.77360170670988,-11.011674120865129,15.590466626524815,3.2015588388033187,-0.15295312056863483,-0.4472799159756772,1.029706399500438,-1.2621762878619922,-1.4285457371867545,,
6.381751000000001,140.25617162248895,-19.05204592326862,7.039923583655501,3.991840635296986,-1.729209793419804,0.3123912894299754,0.7932264327699021,-1.4726764844294422,-1.5806336027881165,,
6.391265000000004,141.25148484702578,-25.794151900933162,-1.4263321543608571,3.6808421556757476,-2.672328942530845,0.8966433711165239,0.25783463760986697,-1.3287293356143415,-1.6167545071834937,,
6.4007819999999995,139.25884214755447,-30.17141579294002,-7.550634370504074,2.468885119859425,-3.5023759313894747,0.6363891142488631,-0.41138883799330733,-0.8359730646557867,-1.412261718070949,,
6.410238,132.0112880904097,-31.285864637197243,-9.562592948273398,0.9361070031699225,-2.9501461079913742,0.5469621077827647,-1.2571467438600523,-0.025104506484773557,-1.1445094394899131,,
6.4199800000000025,121.22985793774978,-28.608302079245416,-7.334908070864968,0.4295615278983252,-1.4217081758929517,0.5838009550589566,-1.7611357022089722,0.8122085215463688,-0.63548363979065,,
6.429310000000001,111.20776838727144,-22.119403555507315,-2.830379075556597,-1.1375093352839165,-2.417345352841959,-0.007682111132691242,-1.6821490385024858,1.4594554145121494,0.03374818253733674,,
6.438811999999999,102.00219314712932,-12.65731835764398,0.6467466411092266,-1.5581613584878893,-2.495671801556145,0.42530014147634365,-1.7159483007754577,1.930835877846335,0.1338080890570722,,
6.448334000000003,92.70891685757701,-2.8377254793221236,2.5008950175053495,-1.5523030541082077,-1.4579623834796627,-0.32747732432640503,-1.8922672816175046,1.9162260972780802,0.1080023543594525,,
6.457847000000001,84.45370514451207,4.677358555379859,3.3925632036174833,-0.599116388868629,-1.5565504107387758,-1.0693597368937402,-1.723501165470398,1.4194415408428274,0.1925985887438249,,
6.467350000000003,76.51501017987303,7.0789505815400515,5.2630880447553645,0.4607517407523526,-1.7645939746001313,-0.7451685242105545,-1.608274828645996,0.3623041072756446,0.5240732735646586,,
6.476863999999999,68.38329303972915,4.3537566692246426,9.476965293979859,0.5266870885658934,-0.1826436104779347,-1.096243857728783,-1.5319638191957976,-0.7466190460123239,0.9917579712934024,,
6.486401999999998,62.407283238871344,-0.7975121843936712,15.978670822487885,0.44193576672397544,0.8900254957428934,-1.0191236583340544,-0.9338284168213735,-1.2680578772150817,1.324829415777027,,
6.495887000000003,58.59236112339616,-6.1809483155776,23.534124119626565,-1.1850515247195295,1.2472590698176456,-0.5814564851593353,-0.3461284035332961,-1.2707955121152839,1.453297262550566,,
6.505409,55.557928003202356,-10.78604324498927,29.2239269556065,-2.2599113218631417,1.1481333006346548,-1.0397462125220063,-0.12042529348666219,-1.0907275014284947,1.0381584795903291,,
6.514910999999998,53.67822984807767,-13.626213203737688,31.73070627233872,-2.78638349802767,0.6043837206138626,-1.1581749321283554,-0.019621409602641856,-0.6738382717074625,0.4121736904844441,,
6.524428999999998,53.20778827226662,-13.876690156309875,31.019018578551904,-3.3315095388117024,0.20484894727095748,-1.2282263588634903,-0.04284905152444851,-0.08780679678731929,-0.17482558730536754,,
6.5339230000000015,54.061102181220896,-12.07681812484497,27.087025145129736,-3.2333445803385135,0.17430181459412417,-1.4096333809343948,-0.020502737454338765,0.3979612633656666,-0.7590737151647426,,
6.543455000000002,56.409863377329664,-9.235954770241353,21.142624812790533,-2.232580225317373,0.032673726408022595,-1.2467606537906057,0.1980501444967938,0.7095469424600634,-1.1135733585587912,,
6.552964000000003,59.7951133887569,-5.977128561503023,15.566098436929149,-1.1771157000991395,-0.20568954438540177,-1.2717657223704246,0.4396148838298024,0.8323458968373846,-1.0551655826614452,,
6.562548,63.63818515971737,-3.2540986685798368,11.57250223827434,-0.2385496256562586,-0.5733062658438509,-1.3746810642599014,0.6244848169528269,0.7115033111038431,-0.7654564008462678,,
6.571969000000003,67.58453537555144,-2.244715732510028,9.196412998544801,0.853988750870781,-0.8657277551039209,-1.303393749124312,0.746552979261692,0.3431502242061151,-0.46425564360687865,,
6.581496999999999,71.2449601250145,-3.801547379505464,7.905803153712463,2.017448881303731,-1.0187368059051998,-0.9250062639200094,0.77731016064242,-0.19645641644195108,-0.24667667090759496,,
6.5909949999999995,74.24194486989259,-7.9154390158876335,7.175045825536433,3.0639174188328107,-1.8420818356268958,0.006307563693611742,0.7084773243634332,-0.7343761463160584,-0.11787765522791195,,
6.600503000000003,76.1104687422893,-13.46254624478378,7.151813166215923,3.4258287173760045,-3.004322486212435,1.1480660150400854,0.5135530969928027,-1.051850550152129,0.024254189946324122,,
6.610185000000001,76.33462856555258,-18.70063034725556,7.985377158884169,3.007159126618437,-3.2269336772995487,1.678522017393565,0.1919314043903596,-1.0299139694027963,0.1379146336440926,,
6.619708000000003,75.06862619003631,-21.960180543352475,9.335676877845684,2.302458285470628,-3.4123851379942973,1.9095801867989328,-0.1258864030833627,-0.6772863855687992,0.14661155177204344,,
6.629223000000003,72.57144884889186,-22.24625419996451,10.729957341651653,1.5600634469954775,-2.8650111798437528,1.804898033063481,-0.43598378262893533,-0.13371612409327996,0.07242337497770585,,
6.638722999999999,69.4199164403531,-19.633587915471118,11.730521974807255,1.0080221547305013,-1.8289972100814205,1.2835438666570869,-0.6699775658419456,0.4013920264080747,-0.02756140273292291,,
6.648243999999998,66.26709051205727,-15.16469029180208,12.203594430915242,0.6786173843768756,-1.4637219961176051,0.9692069721401905,-0.7652154654927376,0.7529165755027167,-0.09001642328923218,,
6.65775,62.81799998583351,-10.260151569827965,12.443414474505074,0.4645310170291574,-0.991422394812142,0.16734579643150455,-0.858681060771946,0.8173608371409227,-0.09632536668523815,,
6.667096000000001,59.77377142816099,-6.233084372665322,12.98968652859851,0.15242276923469875,-0.5488783858006667,-0.7335960127522453,-0.7574989483407103,0.6549334295416688,0.03183270161594707,,
6.686188999999999,54.945139307852386,-2.7241543571984366,17.27642155845554,-0.6747456292896905,0.015213126472987058,-1.4204293896644467,-0.525528197679374,0.06848325381581827,0.540411716670861,,
6.695700000000002,53.033607794057694,-2.6330883929015223,21.415425087721932,-1.5399110308486714,0.3615512751344331,-1.925705200297403,-0.35939808972374376,-0.10894335751740573,0.814656104371152,,
6.705122000000003,51.837461868774355,-3.0449722848983267,26.08040178702342,-2.3532138750062512,0.17360150653976325,-1.8280214941881805,-0.17824323207303394,-0.1710447429294536,0.9243470644400952,,
6.714644,50.988795333574,-3.365330363653561,30.305557799386765,-2.9671437878739644,0.02300005913183816,-2.0596212069371975,-0.11170258027405808,-0.1354294088512887,0.8525637028751657,,
6.724139000000001,50.897950766193354,-2.975535611199343,33.54943567857495,-3.278881224412705,-0.20133987696029965,-2.176517791942802,-0.04905117748747035,0.05822093063547666,0.6627959277242623,,
6.733651000000002,51.7474945727525,-1.6198415567162416,35.38584956273655,-3.318248107288064,-0.40563088798863406,-2.15634315557453,-0.005928711864906492,0.3217396044699734,0.3883931201085259,,
6.743177000000003,53.52346313181034,0.40861530935694457,35.48273691610769,-3.0674028917186447,-0.23516263831526474,-2.295629906350256,0.06141625698692548,0.5387985159453352,0.03210413078823461,,
6.752696,56.10362918887879,2.6105387289707425,34.03373913330141,-1.9816806612885598,-0.308631524582494,-1.807230547073908,0.1793424957783149,0.6583256680030208,-0.3041982041863127,,
6.762272000000003,58.770383165719,4.559700835778497,31.861556560878057,-1.0831636115504644,-0.03053106989830129,-2.2100101505445084,0.24042331214528526,0.6191558306164606,-0.4807060137049456,,
6.771787000000003,62.06840429109058,5.483150958635204,29.486388499548557,-0.3379412505356826,0.30486848972251857,-2.57529534722326,0.47646895175600573,0.49671946204113443,-0.5458764370202962,,
6.781289000000001,66.26875346953892,4.494766041396021,27.08271538882753,0.7188742795751072,0.15225140438421111,-2.0545587270489842,0.8362275448395231,0.2263905454789656,-0.5876342932966526,,
6.790731999999998,70.29312762614481,1.249361337833565,24.681836749414202,1.6263987304336578,-0.4065080400462746,-1.4964460923181873,1.013298338661902,-0.2280074306660895,-0.564498307929073,,
6.800238,73.62301787899628,-3.9945351861347573,22.3622604576706,1.88824416994796,-0.9346325057107977,-1.0334294803662762,1.0375267604201994,-0.6902444679060045,-0.49530308230185555,,
6.809739999999998,76.09415920048772,-10.462399982534203,19.97412914858611,2.1688026738180417,-1.9921835516773232,-0.04507536306984976,0.9347687624794007,-1.0232652046515214,-0.46846296609151505,,
6.819262000000002,76.66412898809821,-16.77652500217006,18.15591767721924,2.508626782222086,-3.2452865690201054,0.9996401007747009,0.5287965123080114,-1.1521562032539021,-0.3959879272882972,,
6.828949999999999,74.73878008452297,-21.3681204707289,18.014258369273445,2.3876445197764125,-3.727557266298726,1.7674815069206313,-0.04971714296326498,-0.9818738801057656,-0.21065122657793992,,
6.838466000000004,70.94413212285865,-23.040667551267205,19.18761046225977,1.925844836407867,-2.865456481630635,1.900879516866149,-0.5493404163733576,-0.5377454596542117,-0.0959182313081623,,
6.847968000000002,66.51184457470801,-21.347249236197356,20.35789223410598,1.4490756946639316,-2.8562523460592097,2.6524475275379196,-0.8781586548813923,0.04428876255253196,-0.12595696814145446,,
6.857503000000001,60.875846451872135,-16.73883744184433,20.675751016458502,1.1527420103672927,-1.6327663908885561,1.8574010521578959,-1.3129583351911827,0.49215792930261654,-0.314407409938485,,
6.866998000000002,55.94197648986601,-10.79650637334928,19.82276856588671,0.9200283365102376,-0.8386521100671336,0.7070630530990076,-1.3029343810745448,0.7851731177691922,-0.4046589323469442,,
6.876505999999999,52.148787222919566,-5.316593300886655,18.270291361365768,0.749021051845109,-0.8399209208537843,0.814487556410621,-1.060617671003066,0.7916009120550936,-0.41809350530240785,,
6.886025000000004,47.96752692975935,-1.4263341001020904,17.09764723590339,0.6866145878903075,-0.3541726184314223,-0.4234047657331242,-1.025208483879725,0.48674563331681214,-0.28993567476930904,,
6.895347000000001,44.649088442839115,0.6017755963652567,17.51151866895616,0.5400265844341329,-0.23561807740532975,-1.2324704945043414,-0.7476057605102264,0.18828174941874984,0.07875197035976574,,
6.904952999999999,42.7597164744237,1.0992743654565749,20.11806361829068,-0.05361716048570111,-0.03082475076259931,-1.0730251245154203,-0.38269645420016096,-0.029465618856851915,0.53665503717108,,
6.914388000000002,41.385823009273864,0.5046788436843784,24.436142554759215,-0.9493518384624301,0.34427866153613657,-1.5389205039019027,-0.20181879439771033,-0.21596342319546874,0.8835076094862047,,
6.923892000000002,40.73982175213481,-0.5466001648844308,29.560491214681647,-1.8264833470820911,0.35714545941232173,-1.8733374377342158,-0.011762977472680052,-0.2473448753329352,1.0424943311484354,,
6.933398000000004,40.732457676951384,-1.351084025347197,34.49608637545648,-2.6689796554675285,0.03477139997385839,-1.8807802712355473,0.09242590256596549,-0.1377242799824314,1.0097513234364954,,
6.9428920000000005,40.96080350766468,-1.3878079726893402,38.27498395934284,-3.2458913222874326,-0.3894099233081695,-2.1527329425022326,0.04959212705616813,0.021508601839577556,0.7805898044285522,,
6.961930000000002,42.689710709914344,1.4565962271624564,40.68769187465235,-3.267859542065867,-0.7776508362156532,-2.2986850381358965,-0.07741201416524943,0.43158525002720405,0.07199518122919014,,
6.971435,44.28167159253904,3.8382105483292266,39.4588332561341,-2.8259690423890547,-0.6765785424563343,-2.229619800005269,-0.055946599190123396,0.5702667637162278,-0.2654488810042286,,
6.980946000000003,46.12059854811932,5.921513071735256,36.99465905490641,-1.9983591424854341,-0.42746452122546197,-2.0925599110087463,0.03673466040076697,0.5547990341231221,-0.5366809450659449,,
6.990538000000001,48.06618456055836,7.138936414421244,33.929793129979146,-1.0714406543395296,-0.03934617185829914,-2.4833353407716974,0.1800064286390156,0.42302402121751326,-0.6701811700067327,,
7.000047000000002,50.629362920764606,6.968064867487807,31.058884405683912,-0.15349174770681795,0.1142449046959223,-2.327691980345032,0.45374042964852224,0.2451527496402998,-0.6653258409607733,,
7.009557000000001,53.4578560303689,4.896332283265101,28.44735791831547,0.7440061192919009,0.05590822254253788,-1.9319587571442143,0.7009973553517431,-0.07940521554066732,-0.6127326008476772,,
7.018998000000003,56.23833052465749,0.8679948501819659,26.05933508561519,1.5355699908566312,-0.3669041501690421,-1.2676232700782322,0.8707899382172232,-0.4600653236254845,-0.5451347955726008,,
7.028496000000004,58.796332105980284,-4.3998504165330665,24.01165966330225,2.0208334400317667,-1.2857914394981322,-0.08427172736835457,0.9186374529583853,-0.735688267011,-0.4367018426155417,,
7.038186000000003,60.37984956009051,-9.809299087175487,22.331225227316665,2.2091775831615474,-2.3502319526907915,1.069167350067939,0.7249510101355202,-0.868476319795988,-0.33943065804160455,,
7.0476990000000015,60.44044954915172,-14.147845001870454,21.18879062653776,2.423649405846104,-3.1367386111669586,1.9728488998676792,0.3430803711082649,-0.7994655577263975,-0.26495273418526827,,
7.057212,59.22377265492256,-16.363169824216822,20.675044797133832,2.3703505847822703,-3.3057586495437166,2.361220956366995,-0.05113227323261156,-0.49598402723050694,-0.19736465341791792,,
7.066732999999999,57.50158303275923,-16.11857479672829,20.202499700186618,2.238431750880062,-2.9559840034000175,2.6641822266083994,-0.3177045993382927,-0.06800129931955348,-0.21102746007860634,,
7.0762360000000015,55.1262250930093,-13.521106911198261,19.79177637226025,2.343441389191263,-2.314741174456063,2.7243379958448184,-0.6007156993028986,0.3323411569954167,-0.22242563810856647,,
7.085749999999997,52.38112923693098,-9.388542980315119,19.5981740209379,1.8735159873879144,-1.251150089375386,1.3935886488009976,-0.7770628216154546,0.5979062117151585,-0.1504131354478954,,
7.095257000000004,50.23664215179176,-5.429804899501498,19.28750603954873,1.4125335107849073,-1.0118841797285594,0.9340115708676784,-0.6566889835329512,0.6057202319258643,-0.11059861523038174,,
7.104770000000002,48.03312547485597,-2.513263220268547,19.53893735169503,1.1449925905260578,-0.7961979851532823,0.15278627784038923,-0.6010708497947029,0.40389854967315303,0.026364505084809652,,
7.1140979999999985,46.34814940944737,-0.5813000514700898,21.374558967123015,0.3488416652120886,-0.39235435962260107,-0.7653577585082002,-0.4433634012643317,0.2437663552966129,0.36660737189775366,,
7.1236200000000025,45.39972094160294,0.26949804874899425,24.60534957438308,-0.49472198238684445,-0.24129488186934508,-0.9567857202708775,-0.23370413705371512,0.08192013091082598,0.6566228284523,,
7.133119000000001,44.70981730386643,0.3011892056875273,28.619313354127787,-1.155135179592731,-0.06690844980631193,-1.558619241497998,-0.11871821229819862,-0.05664551422578293,0.8152045358760975,,
7.142636000000003,44.737589732947434,0.28619676525545645,33.00520528730626,-1.8269845207956832,-0.025040472343521577,-1.8849660676605346,0.01403581838688452,0.00030561726042919253,0.8961080777039988,,
7.152146000000002,45.1774144628713,0.6883741918031935,37.06024928441588,-2.586374973819919,-0.15922294856339717,-2.1244749878372646,0.033627160250502795,0.11708238377230552,0.8313602145028927,,
7.161653000000001,45.8813127161936,1.6442049980039537,39.93532649847205,-3.0098862525533217,-0.27464884970546616,-2.5300578352704366,-0.0012918578773033998,0.2384921586225762,0.585880947447427,,
7.171160999999998,47.08687397433973,3.325797570432759,41.35430617495772,-2.9574270588980895,-0.4718018162056594,-2.2082677237860757,-0.029122641552384518,0.4136782360600423,0.280714549819452,,
7.180677000000003,48.04272202583118,5.6627668114484395,41.389851336064254,-2.98505180001027,-0.41790894486063446,-2.6302505510500005,-0.15942127536390233,0.4782546499121637,-0.0060756262521331275,,
7.190274000000002,49.213598608484446,7.957489729135893,40.15234082952574,-2.7686809086185384,-0.35699864231687023,-2.934848496160482,-0.11789100740350766,0.5006124718181016,-0.2879893715365327,,
7.199780000000004,51.05579868389388,9.51068320099533,37.88281794338264,-2.106478910755288,-0.29386877947891205,-2.544007244719832,0.09284885968278157,0.4716422387756361,-0.5230258474881425,,
7.209293000000002,52.928763749984334,9.910653888014172,35.26412516005824,-1.379323231946154,-0.2793732084023494,-2.5196770174638163,0.2540120013991047,0.2852614929890781,-0.6168169147184466,,
7.218803999999999,55.09630381737271,8.768131204664378,32.74724818472555,-0.8779047882235756,-0.11628805077754284,-2.7712300434882944,0.48796254081505297,0.051086215761810876,-0.606205024599943,,
7.228327,58.07072389059956,5.8478016831531425,30.438915912599125,-0.13961388614318013,-0.1747620900898458,-2.0397406221490018,0.8150015083030697,-0.18623481210635856,-0.572577187450049,,
7.237746999999999,60.798836293392185,1.382814146249966,28.204287617866335,0.6044030223300783,-0.46835207981008187,-1.3194335439772384,0.9197207098275348,-0.5090263810071479,-0.5210275197804364,,
7.247253000000001,62.977993390154445,-4.036621156751226,25.870012172151274,1.0908552778225593,-0.6541326945523771,-0.8747579820062372,0.8898366894116002,-0.7639390050402315,-0.5015120693665062,,
7.256945999999999,64.87144516645783,-9.625864662240428,23.33918641230512,1.8042274331871406,-1.3956016423840196,0.35171475659309775,0.8178869251045171,-0.8556238320049647,-0.5192901615694436,,
7.266449999999999,65.44349564470889,-14.379411089425995,20.819712959487507,2.3207227015634673,-2.2229815937651893,1.4632729442055143,0.4722538360738552,-0.835401114297044,-0.5426765021826356,,
7.275970000000001,64.31207944900179,-17.41461710057259,18.536839930476248,2.7000411933506756,-2.4757888362692637,1.9726370413885381,0.010343305432477856,-0.6426052024398652,-0.5810050893850781,,
7.285477999999998,62.791765832983955,-18.343732906524295,16.31256595066299,2.878364121361889,-2.457706137033147,2.591966229031647,-0.21044791655897227,-0.2623011204873804,-0.5935900818598016,,
7.294986999999999,60.60279962305027,-17.21875931898153,13.997735711491128,2.587333440608664,-2.7559432048390424,3.1565898057067217,-0.4521430600930358,0.10915483735629954,-0.6381940130430689,,
7.304513,57.66252198495278,-14.736951551782104,11.493977271853197,2.281984789041533,-1.6850519219167357,1.6372761120116064,-0.6525498647387269,0.35952999503826083,-0.6930590268270568,,
7.314016000000002,55.76780103443469,-11.79180063240158,9.379589042014882,1.6399287606078397,-1.7635106352753185,1.3256824871938486,-0.4610716191491385,0.5124553839039174,-0.5256511486997503,,
7.323534000000002,53.88995412680923,-9.053056889094819,8.549230940968911,0.8856489393929061,-1.3883188255287084,0.5532384760422218,-0.44199948170706127,0.48306602791736614,-0.2383388884833575,,
7.332861000000001,52.042975014265,-7.152957863168336,9.503437535966535,0.27672706911547995,-1.0519685875854894,-0.5366973915429545,-0.41277765357538526,0.3171551278263357,0.14115787133231272,,
7.342371,51.09277482757671,-6.41533182814666,12.256831557514209,-0.22525090247158883,-1.0591956798192874,-0.5255674146993838,-0.20504110608934234,0.10843784842048079,0.5410858792918519,,
7.351875,50.25510557014049,-6.5856195103329815,16.507377868404745,-0.4549412747994668,-0.5745954238542414,-1.026446046452584,-0.1446723792422213,-0.07494418679688603,0.8492216772339934,,
7.361485999999999,49.88600758246339,-7.183169570789106,21.666917162207454,-0.8865919475897117,-0.0748306226044065,-1.7050548475834117,-0.021838111282581937,-0.13703070495701614,1.043004961542386,,
7.370899999999999,50.38239255191214,-7.903000516988804,26.6696755754403,-1.4156344095208708,-0.0696104820377015,-1.6954369364397734,0.15743081092391134,-0.09044561969799786,1.0338227571884846,,
7.380411000000002,51.069236185402,-8.250474605200285,30.57871544516198,-1.9367735566374555,-0.11258448174421432,-1.7612524895982284,0.1613856239045506,0.005668773036325879,0.8156392422420277,,
7.399442999999998,52.31696037313746,-6.041382165540576,33.71579101175163,-2.7492685226754303,-0.2391748612968636,-2.5873013351816794,-0.02593851781561715,0.36718916113263816,0.17309757499278136,,
7.408945000000003,53.57216626515799,-3.691421486618099,32.98532303786243,-2.8467793972690068,-0.5395644019454705,-2.1574039736414203,-0.04175811741844216,0.5326928713284556,-0.12389834384299254,,
7.418452000000002,54.423994530688205,-1.128067667823299,31.192264858283263,-2.7649162083702077,-0.6047076763232396,-2.36486569537449,-0.12122328339641766,0.5270182087247137,-0.35937226034815684,,
7.428040000000003,55.35722167107501,1.0219447117700986,28.8801428891606,-2.3543105534213415,-0.6810400802731496,-2.5228981088044953,-0.04733854982396291,0.46750533410757694,-0.48241677608173394,,
7.437550000000002,56.598418981106356,2.119719554765663,26.55979395515587,-1.7550273068377609,-0.604030511047044,-2.5067303644105525,0.12377576931793731,0.31136063256615776,-0.49474985211072015,,
7.4470620000000025,57.980658690027035,1.6010122692565087,24.541455487333828,-0.9657732794595012,-0.3128914152575692,-2.4717855147999894,0.30060020965219675,0.027096448929779512,-0.4432731305819189,,
7.456591000000003,59.600306491736966,-0.6996245556644067,22.944112679436113,-0.07178955922217223,-0.03490786053545481,-2.045317460239123,0.4892343183942903,-0.28894836153825965,-0.3590531249305604,,
7.466010000000004,61.27723210200084,-4.57206139772062,21.5201056096026,0.7640733669886807,0.0883880656465558,-1.3438778135276506,0.6119947500876298,-0.5878003489439585,-0.31491194107400233,,
7.475510999999997,62.87545425935339,-9.5021614007697,19.675233612220985,1.8933253251825555,-0.4983184574423834,-0.0881634375496566,0.653997630931072,-0.8087633472672711,-0.376043686679943,,
7.4852050000000006,63.82634745283062,-14.266207785699837,17.772889832517354,2.6529671131800154,-1.675710969553991,1.3308804960320448,0.49307179042843324,-0.8401143177572076,-0.3898855832957017,,
7.494708000000003,63.414288370973786,-17.630572321352847,16.21230528928259,3.062252403864518,-2.832435333442021,2.2423063064061677,0.13173509943965095,-0.6647335338594255,-0.3837013268909379,,
7.504230999999997,62.53352986535187,-18.899000358866903,14.813105373650984,3.097558885741519,-3.10749382364187,2.572355306477826,-0.08311573310893623,-0.2875330041584072,-0.3777597932180353,,
7.513752000000004,61.57627385546305,-17.877577306498274,13.581205158578253,2.6414635443349725,-2.9529505609502906,2.845229108450105,-0.21673927276652744,0.15517400753355567,-0.33042344105467186,,
7.523251000000002,59.67634919061556,-15.006907908811122,12.749571799810543,2.1277376777955364,-2.2685173982351685,2.095202296625537,-0.47664315397945345,0.4776083734954596,-0.27980445019716205,,
7.532769999999999,57.55172311417209,-11.343324918093684,12.465997716028852,1.648862128696072,-1.8215023237307975,1.2584476495587096,-0.5550549127215407,0.6260661850417076,-0.1497754374516549,,
7.542281000000003,55.65034665521555,-7.926182165817368,13.03522263534873,1.0964312675407297,-1.3794859123840983,0.44746130079116403,-0.5082071497650785,0.5848015716196837,0.06001245283265287,,
7.551794000000001,54.0687297044281,-5.564037698734706,14.6925587777428,0.651836594647932,-0.8833221525791305,-0.35593075255398976,-0.410331349226537,0.38390160111672145,0.3032772444107317,,
7.561115000000001,52.95517797962088,-4.5574099296249395,17.49738233905306,0.1640252207772512,-0.44940158430789906,-0.8928075309280754,-0.2612687382816101,0.13221031112583914,0.5532504545403912,,
7.570712999999998,52.27216551404733,-4.6541453271982745,21.291137973410184,-0.38971274698023994,-0.1593836686679362,-1.2445781509442257,-0.11428949950224299,-0.06316191829789533,0.760590356740531,,
7.580136000000003,51.98369674820699,-5.279231097736038,25.59807413337049,-1.2534390459758589,0.06386494071072105,-1.6375989505435506,0.004918314998438142,-0.13689170701232403,0.8657556726980108,,
7.589652999999998,51.96093049367075,-5.917941710512043,29.586132082773684,-2.149094210179349,0.14284314824224123,-2.0885256618288905,0.06320173397223464,-0.11403603816847561,0.8037746938868705,,
7.599162999999997,52.379792924726786,-6.043618949281696,32.60473745838008,-2.766628119711491,-0.04673097706670042,-2.248452586347649,0.09239369031805052,0.023457532877353377,0.6158917992051753,,
7.60866,53.019405487792305,-5.165883705075663,34.43447685448695,-3.0703223092535774,-0.4004066589199283,-2.196789783283088,0.01698686449854946,0.21913895883545703,0.3787607796674244,,
7.618178,53.66333315187929,-3.2961844531146496,34.96446442147163,-3.265257071033894,-0.419915792083371,-2.6835777299153336,-0.09983525028924518,0.38325364240931026,0.12120751752921671,,
7.627693999999998,54.96127286507541,-0.9707053783879431,34.277566149527516,-3.088614585825451,-0.502412303447733,-2.6453693263054316,-0.04370871757385396,0.5328049578067665,-0.12528656013437273,,
7.637217,56.7261957022076,1.2119984119382166,32.66443250923632,-2.526701613299931,-0.6405495893344664,-2.155854432522134,0.06014790470112944,0.5613689205816068,-0.33031541457227775,,
7.646784000000004,58.242394375663345,2.662860426190046,30.485062572377224,-1.8719400969497564,-0.2811245433084326,-2.6284573736135397,0.11220323419335217,0.4082072454459197,-0.4627195181208395,,
7.656312999999997,60.33869128971579,2.720319755320691,28.189004416717438,-1.0354027345234722,0.015263176941394938,-2.631914337912864,0.36548826344526325,0.21760476642274992,-0.5029482628449764,,
7.665827,62.8378058080978,1.0357952931363754,25.97827505275664,-0.11129213185063257,0.05042801463849334,-2.085880421059771,0.6047989203305596,-0.06962246718568656,-0.491808657309336,,
7.675353000000001,65.16381788127553,-2.3903898751598334,23.625586629829364,0.7566916145904542,0.21811491073166678,-1.7881643221197985,0.7174750160627018,-0.42360746675092126,-0.502887656463751,,
7.684755000000003,67.63770908368144,-7.185219199427355,20.921494109436384,1.9035066096562607,-0.5046336608466427,-0.5863974742396504,0.8291168824260293,-0.6965196694130228,-0.5454232721639349,,
7.694264000000004,69.31220163506644,-12.32427378796389,18.278609257940104,2.7156075939526416,-1.6443631661331477,0.6821740259802527,0.6663594564844161,-0.8535328301733794,-0.5241575367057314,,
7.703962000000004,69.38108114302923,-16.649610688135347,16.27660925360736,3.3712694906262186,-3.3116842463807905,2.009298083091706,0.28054660444238594,-0.8188847099823773,-0.4483209881411531,,
7.713487999999998,67.62613834735987,-19.165234823617226,15.227063844938762,3.611772182405958,-3.819553549426407,2.59241995258559,-0.17459873645682772,-0.5725581069101963,-0.3613687973350464,,
7.722971999999999,65.2650205883148,-19.30351341371289,15.021745785812344,3.0168712867053338,-3.067581368894733,2.53183432240287,-0.4137231658226973,-0.14083224590246995,-0.2260432247025256,,
7.732491000000003,62.51052106578399,-17.272823517498,14.97887543862184,2.150793737199807,-2.743000994789126,2.6990543157059648,-0.6013911176382685,0.25917316742016533,-0.19126113121788402,,
7.7420100000000005,58.66418820931772,-13.787591416676,15.016700087504164,1.606209782091345,-1.8287601094090211,1.6713045084379277,-0.8880712437617384,0.48286383607981975,-0.20879153803010583,,
7.751513000000003,55.10513993593114,-9.833237555972445,15.363230011058121,0.8689127335782844,-1.0860510309574614,0.3580077940649253,-0.8714967542899263,0.5819052868267769,-0.07124575306625172,,
7.761031000000003,52.4746287332621,-6.55770467685823,16.12070554255403,0.3554533305378958,-0.8470381407026129,0.13289257011344852,-0.6710440614865565,0.4898823087229561,0.08366577124237945,,
7.770538999999999,49.82026507048276,-4.463315364078952,17.74221365130074,-0.0019042455899224986,-0.3263309281052344,-0.7531414577168456,-0.6199786059165966,0.24675138510302622,0.27899063258141726,,
7.7799499999999995,47.881982013339076,-3.422097662637631,20.699648175479883,-0.34002416291499366,-0.006356431409918908,-1.2883870886460613,-0.4261747218128188,0.06900000868423081,0.5740664001214729,,
7.789393000000004,46.72950462553663,-3.067589051640206,24.84034030610981,-1.112644662151686,0.18393741852248588,-1.501660533120129,-0.2318877361627545,-0.023899543539205897,0.8276862067941324,,
7.798973000000004,45.84746671898451,-3.24500025561925,29.171937271424046,-1.8158555466560282,0.29618760386153764,-2.159814799357347,-0.13298368501609728,-0.11145996519758218,0.8832587215303012,,
7.808394999999997,45.606481327296194,-3.609507243814576,33.04179571067562,-2.3344190103822893,0.08410752359555254,-2.2731134508668585,0.004595895604767787,-0.08677302988283182,0.7968886168594584,,
7.817911000000002,45.71941544022614,-3.5740650050804628,35.997739396584585,-2.9133701706872146,-0.11017745884206671,-2.5184099181386603,0.02280528847789719,0.01966560426348232,0.6138050349163183,,
7.8274219999999985,46.177513710419824,-2.9695912047241704,37.548297939578426,-3.2167831339880943,-0.4200113472033366,-2.5022829753680234,0.00907168966949542,0.15303750839734848,0.32661015838864293,,
7.836933000000002,46.81891204872542,-1.981520537750728,37.43973368999802,-3.1474537231216835,-0.6363593583432822,-2.4786949934371596,-0.010722099411033335,0.2363012893115479,-0.01820378272889767,,
7.846449999999997,47.766753175537445,-0.9118131556305853,35.925250720988274,-2.769295288862968,-0.5802811625256302,-2.6143901293214697,0.031752526382642345,0.2861604489460853,-0.30988998397643175,,
7.856033000000004,49.3133692825135,-0.13667708853586663,33.52264111067402,-2.1945710786211916,-0.5024080463182511,-2.4067417258300274,0.17339908162638545,0.3048768362539111,-0.48982680140372736,,
7.865563999999999,51.2378336490426,-0.12008340926871784,30.735350827184075,-1.4055501660651504,-0.24782883190968655,-2.3501187953810576,0.3315472890248072,0.20887078243912915,-0.5839446561038681,,
7.875064000000002,53.58405265500726,-1.2384352221568509,27.958174154530976,-0.4456965526467718,-0.029581157399806407,-2.0399015004523755,0.5263221944006383,0.036593448187306456,-0.5813559471164315,,
7.893999000000001,58.64819136104918,-7.030397057659466,23.075041644889843,1.2865022743786767,-0.25171001001100646,-0.692908293395906,0.7492598951772875,-0.4244706270557265,-0.46763426615096,,
7.903703999999998,60.97401137430745,-11.076446260988149,20.625221549782108,2.2208837940132766,-1.1076748739289441,0.570310556554392,0.7375884784144249,-0.577467360467702,-0.4545453991076501,,
7.913200000000003,62.317866667787555,-14.546772319571305,18.622952442830833,2.8343961432725,-2.5017393907916374,1.819123479267554,0.49020442328967656,-0.5633224429886039,-0.37608193744480267,,
7.922715000000004,62.31124937713234,-16.559200423048182,17.27657390043463,3.0854245702195167,-3.0967331171839643,2.143670500639228,0.1326611999928721,-0.38126483177181264,-0.29438226484521707,,
7.932214000000002,61.91943014085403,-16.722145832775418,16.492493929655527,2.8898419607763732,-2.8894757833965254,2.15766452926593,-0.052899213259401494,-0.05089778623419947,-0.19564453089316164,,
7.941735000000001,60.85678918289797,-15.162015816691513,16.120882899313056,2.417805372638906,-2.8416121915203374,2.215786285905919,-0.2747058958921368,0.2441661483808387,-0.14278474157413334,,
7.951264000000002,58.69386101500876,-12.539957745412066,16.069856476853914,2.0504327600454073,-2.200884324510073,1.4294780977612036,-0.5405214731483369,0.38900498099065334,-0.12422880136886048,,
7.960749,56.34144239642902,-9.622797719104023,16.521506899401295,1.5387510616316846,-1.7311800895866671,0.8221563984776457,-0.5986695846476027,0.43185756458737995,0.0028045230912338544,,
7.970264999999998,53.83988347937468,-7.165801536403978,17.656912896424974,0.8163602106467088,-1.2125392852830623,0.1370822646884834,-0.6097041167221056,0.3250635683895626,0.15526465097007797,,
7.979619,51.39811021987035,-5.701876831586354,19.389725355335166,0.29374650956562215,-0.8802966328322578,-0.4748160527040446,-0.5454606666031117,0.12394458763177149,0.3023302350628069,,
7.989111999999999,49.37470774297869,-5.06883814737639,22.04028038117302,-0.19987914502911686,-0.653457314531884,-0.6592341193479763,-0.4139158110242881,-0.023978551273167507,0.4987078451832661,,
7.998640000000002,47.53399676010118,-4.7983947769551705,25.512117431924914,-0.8241689230760871,-0.2974920059803654,-1.154621802500166,-0.34965332763671436,-0.0982292470781348,0.6715718554797895,,
8.008141000000002,46.05534511231757,-4.599248252684023,29.219120781241422,-1.3576316235708334,-0.19332413868262274,-1.5234658331897677,-0.27210505734861207,-0.09971630434543355,0.73093964859959,,
8.017651,44.94603267751934,-4.21035331581746,32.62267359044405,-1.7476285152734963,-0.20488673892935977,-1.755590532929552,-0.2216372335604689,-0.04623721000610205,0.6803551659756756,,
8.027163999999999,44.096653602907494,-3.278871588676431,35.39011188176825,-2.111162839237892,-0.19215031160560933,-2.137410190140586,-0.23658196743002333,0.06064783881241973,0.559175073177567,,
8.03667,43.657002444699614,-1.7156618715156937,37.288812865202516,-2.364407371320045,-0.2884943533174702,-2.2390108805986273,-0.24798969052983838,0.20093489705233816,0.3868032127057888,,
8.046177999999998,43.30142235895313,0.21786780665903702,38.13232794704361,-2.545326777637596,-0.45282177104744237,-2.365450825350386,-0.2850645974805564,0.26343161947134336,0.1722815110877306,,
8.055775000000004,43.02123545202565,1.9706799797006813,37.912939960543625,-2.3863629332092646,-0.6162544242455499,-2.5996865493098817,-0.2526150259884655,0.24225572009898472,-0.04409883979165015,,
8.065291000000002,43.273913573399284,3.2074379998340437,37.08634643900422,-2.174856331773607,-0.7247400194327428,-2.459133559751423,-0.10323769482076574,0.22722605106286442,-0.17938821084528667,,
8.074796,43.67521154699795,3.7031109014047248,36.02906481659097,-1.7411742496620786,-0.5840535892326204,-2.3938033430443832,0.012588364717557879,0.12736291087273932,-0.22821939461272667,,
8.084310000000002,44.14507934459102,3.247905883388523,35.088136126950566,-1.214041495043762,-0.3967747617876952,-2.3569312031080627,0.13668908807833777,-0.01965388253811554,-0.20577286528369979,,
8.093823999999998,45.0214256144093,1.556752254198865,34.19950180130061,-0.6243056147198127,-0.2780563748037999,-1.8686542392997203,0.3441884835871152,-0.17879718025742816,-0.19682434743563368,,
8.103329000000002,46.23604519631376,-1.3596623615198227,33.123342887875076,-0.014891477285291811,-0.04883707763218688,-1.3862402483515193,0.5341171279965078,-0.3504043692053069,-0.24012960857369803,,
8.112937000000002,47.732572160156,-4.931096343572983,31.71701195186175,0.6531297666474523,-0.22945728059630266,-0.557215237349981,0.6445668785080086,-0.4417578331536015,-0.2937113627384634,,
8.122446000000004,49.369374344342724,-8.393929724551226,29.97457025095052,1.2563590050980284,-0.7598188805294204,0.348222872138822,0.6440853715106566,-0.4264434378077247,-0.34211596593956267,,
8.131950000000003,50.95874667298956,-11.088902629254905,27.932349030694663,1.8282990996569428,-1.448583075892193,1.1205936465838886,0.5449777013725612,-0.3183504052240548,-0.383809487075426,,
8.141477000000002,52.32076875792185,-12.387967026406598,25.991602132821612,2.247610288476163,-1.9108400041668532,1.4851613288318632,0.36516665394225833,-0.10901424577379625,-0.3558798806148864,,
8.150986000000003,53.19733984666229,-12.14004766172522,24.559055651059136,2.4623623678248645,-2.979903459899187,1.9922971977297446,0.14296817588213842,0.11962422049545372,-0.2673560611746597,,
8.160491,53.512060772317376,-10.917252110236914,23.590808410354107,2.3148208047766503,-2.4857258949016168,1.439421274140783,-0.034666639581315654,0.24998922178255717,-0.19921835678231342,,
8.170003000000001,52.93016796703294,-9.233454662944512,23.310097970236466,2.119997586047945,-2.494764402641356,1.3441198685248081,-0.23071736691458447,0.2646357904239811,-0.0872278405334481,,
8.179517000000004,51.43489297992504,-7.515188682150937,23.966554969944283,1.5177452092940211,-1.6473550844763398,0.3688951516205918,-0.40079036325449846,0.19707045777730572,0.0769897040311305,,
8.189034,49.686229892305526,-6.1934793469636755,25.38501129399921,0.8084256159009593,-1.513388236197414,0.2475133475445487,-0.4179640815464136,0.09578903580123042,0.2312642226735454,,
8.198551000000002,47.46376414235801,-5.394767600462429,27.272938629848703,0.3527853079034187,-1.069549759652567,-0.0857237648022365,-0.45931450824989795,-0.0525395550270288,0.33384125374381873,,
8.207878000000001,45.022308271761645,-4.693686902761319,29.80245409504675,-0.20396624145023745,-0.6924075306508919,-0.6732087374279933,-0.4863961661120699,-0.10890728968205833,0.46601087206027403,,
8.217388,43.01346023481008,-3.988200594262695,32.56872046698208,-0.7576538811922832,-0.43999126389361254,-0.8882233162155462,-0.40773054392310726,-0.08644656910385116,0.5272951140910086,,
8.226903999999998,41.028600130031286,-3.2547458481091645,35.07133761324864,-0.9905768662247265,-0.2574503513621985,-1.1350499603226136,-0.40265145363888827,-0.09833241195168549,0.4831540757845737,,
8.236485000000002,39.14963047908342,-2.2282257764395417,37.24756182761998,-1.4144105464949652,-0.09685816860180438,-1.8787357435660648,-0.4159791849096092,-0.05547643646023055,0.4226558405518317,,
8.245916000000001,37.64558726087204,-1.0633451487326266,38.85439397401846,-1.7265074502602453,-0.5160753427854453,-1.8683014846158947,-0.37206149268586863,-0.0017772204482541772,0.3137980176438282,,
8.255510999999998,36.209795080996976,-0.08711788601081634,39.77346264668529,-1.8337070265313862,-0.7090650360652886,-2.26060557503986,-0.3374771873889889,-0.031071268399298947,0.17731728300291674,,
8.264938999999998,35.09758668516018,0.8777675298136024,40.51007738423274,-1.654032741746217,-1.0826265120263783,-1.8780951531314103,-0.28600026619336627,0.0037527764484408237,0.14271192632188806,,
8.274371000000002,33.85149748541786,1.887742715133916,41.439166594341046,-1.8366386599962867,-1.32055830826121,-1.9385329258123756,-0.3121190351900731,-0.011456094375455292,0.18143752269011285,,
8.284046000000004,32.322917258518416,2.4943083349650306,42.556001345684145,-1.656146471016271,-1.2376616948386792,-2.246321341330572,-0.299636120907135,-0.11505481987919038,0.2248092114219141,,
8.293554,30.733664925563083,2.9027432634647603,44.239031118886395,-1.2427454196945336,-0.8833845344871132,-1.9484500149178516,-0.2780692942301926,-0.15962668847536712,0.34158415684511434,,
8.303066000000001,28.651887219746683,3.45546806234121,46.629473622398294,-0.9906049447836629,-0.2927184030783854,-2.086456742826266,-0.3616075652012451,-0.21945443722214017,0.4915167559973601,,
8.312666,26.17297695694781,4.086263243736902,49.268378096321534,0.00015278360187029677,0.21399532977888713,-0.7626776624670892,-0.41610358277593357,-0.2834749355235746,0.5628714377925453,,
8.322189000000002,23.27476537993343,4.57798959261809,51.444733210653375,0.6762058338006927,0.38118198527522845,0.23671395732961212,-0.4352050191558222,-0.3831010394308849,0.47757636633300127,,
8.331696,21.342404929806918,4.004624012623271,52.025709080350076,0.27919230672909,0.3847080443193592,-0.3809944425388524,-0.1385821790336306,-0.37447367038903445,0.13604192448452188,,
8.341196000000004,21.08006445417798,2.356500935705343,50.55059806604596,0.34118487325663677,-0.0565738593477327,1.3074495692515562,0.23509852301759038,-0.2478506503962756,-0.30141117107129345,,
8.350721,22.6476037629691,0.8642391135861109,47.62523539916045,-0.16799521039831744,-0.5154042297240077,0.17634919882968728,0.4416036315031077,0.04098578895507606,-0.6189983094537747,,
8.360230000000001,27.006448152151027,0.05540905867516629,43.889233143075074,-0.31502382388536826,-1.4773855677926424,1.2490704092957696,0.7345137349782421,0.5119990907458406,-0.7790380678363572,,
8.369737,33.04806490495311,0.06369984843015444,40.051876939050544,0.15114839165284788,-2.137572674166583,1.3996291640729772,0.9072656184374893,0.8099433432053688,-0.786697644374328,,
8.379244999999997,40.26693989506882,1.5986947878925055,37.38951890395411,0.6162779648960861,-2.585206089903716,1.088582405046791,0.9437037028010548,1.1433860689543944,-0.5644720163001768,,
8.388748,48.029479724725455,4.634481987434372,36.767729861039804,0.8837905105819934,-2.7349856835452964,0.6688261711306379,0.8800998729611025,1.4197856557258495,-0.2023780486179286,,
8.398077999999998,55.7907254421763,8.274529157811374,38.190046861875594,1.4588795637386436,-2.6890818497610054,0.40455475709293753,0.7897922216010411,1.5175166488740233,0.12825839071938447,,
8.407602000000004,63.12389193939941,11.635660196091813,41.10559183250061,1.9488881884009626,-2.091761931628038,0.21747894204407214,0.6905589946098012,1.4415008912252987,0.3549737153179679,,
8.417099999999998,68.79769157954597,14.39465572640338,44.93590336179638,2.1230805562906667,-1.2865369750069064,-0.5476463935384743,0.4364316111925413,1.1610546819993646,0.5349092576009528,,
8.426628999999998,72.93292418784556,16.53910775527505,49.10026240658073,1.3545487359131987,-0.3744980630417059,-1.299800427797778,0.23191052635135054,0.8794545725707227,0.6306441896441517,,
8.445723999999998,77.54522777963066,20.365183384524126,56.539337798684706,-0.07339280123871092,-0.22641979501186685,-1.167748154514934,-0.15644277499468198,0.4838306715749136,0.6015708147069647,,
8.455150000000003,78.33426382876924,23.0395874412313,59.681815875681416,-1.249080051006885,-0.44829129712848986,-1.0321259654319381,-0.3787101673711168,0.4103247856001927,0.5647926014548824,,
8.464672,78.63862928872891,26.520839749642867,61.98707503338532,-2.4595885038367675,-0.6444773599695444,-0.7850836083636584,-0.5838953813698864,0.39000875337782737,0.42626854071143544,,
8.474179,78.63111779591163,30.64707967590856,63.292657267996695,-2.3662176214636736,-0.8673823990299027,-0.7557381883037995,-0.7370855232077873,0.3794890877134971,0.24854079965565984,,
8.493195,79.80394727371038,38.730543883263046,66.81841964837962,-2.034287640202632,-0.471848560860522,-2.0650547094360183,-0.6192809205021296,0.4627245905908016,0.3000898380536239,,
8.502789999999997,82.21260716093994,40.80094534462645,68.71509317931448,-2.532928299057551,0.29332700534352396,-2.7451867083826844,-0.24768253374061686,0.4988530350089616,0.05814330390651759,,
8.512295000000002,85.05400542079833,40.39185135781149,69.0843060382774,-1.8299960929627883,1.2073506032901344,-3.3894612532683093,0.22692121080769767,0.3729384153182592,-0.3237048967362938,,
8.521802000000001,88.3176384881976,37.26821815851325,68.31947180010808,-0.7234726361872902,1.5506692298113538,-3.241148241579929,0.7622412052451948,0.24827301766084545,-0.5953525000555389,,
8.531320999999998,91.25633883497517,31.826153137140974,66.06789549764947,0.013823728863131655,1.2832025111123933,-2.3479704868721027,1.1873044521223117,0.02838885704125454,-0.829438130320888,,
8.540838,93.1584531018019,25.158012379959352,62.088609269013794,0.7102332723889003,0.212350793753794,-1.4962478861505943,1.3436844060229434,-0.2755780973360654,-1.0402512096540633,,
8.550259000000004,94.50358086341554,18.62317223051539,57.6280497149127,1.406031310518565,-1.5753891687898092,-0.647650083762142,1.2550837818862222,-0.4318524706429581,-1.067046184283133,,
8.559776,94.95050285908387,13.56224156747468,54.07909786833701,1.3457923586711857,-3.2880016564594654,-0.059289850123850116,0.8856770677286183,-0.4887260461524382,-0.8042648998203076,,
8.569279000000002,93.78962392803535,10.834049016155035,51.86293813401248,0.8311893309942701,-3.7402174820828726,-0.1218797839139274,0.2985130350425021,-0.5025818272282883,-0.456572419557595,,
8.578794000000002,91.91542837030536,10.46356247301121,51.38757548020284,2.1762992101146943,-4.421608423328732,0.3505367536851965,-0.17175435580630624,-0.3284921307485527,-0.07456459369085697,,
8.588307,88.24519540458057,12.168539063530197,52.84808629035728,3.3196288083309016,-4.577765017044917,1.3282987128619805,-0.7129130599268368,-0.3536714899521251,0.40499921127256555,,
8.597804000000004,82.15916583089876,15.35074605191368,54.702299428251706,3.133912226769917,-3.6244051190449444,1.7641137116650991,-1.2138913170782282,-0.5746999684658133,0.6357495405609509,,
8.607502000000004,74.26490022078782,19.073559264029413,55.877968237744234,3.3070648560337594,-2.421356370220466,1.8525817982479011,-1.4715090826453205,-0.8156559992795246,0.6733618641069152,,
8.617013999999998,65.89057751958785,22.666554412156877,57.15112670828245,1.9162376172723918,-1.141810397252913,0.8211032973576571,-1.462366613973789,-0.9105340721370617,0.821819126723795,,
8.626525,58.9069463754816,25.55868273060649,58.77094503671882,1.3430628306133021,-0.6634123917365662,0.9359470082128682,-1.1657548199585295,-0.7758026371001927,0.8719147010293679,,
8.636035,52.32791839658193,27.48840463915026,60.60895541700507,0.5726294578101379,-0.1791020933566199,0.34609395711947105,-0.9255757631062903,-0.824053307283563,0.9383475415855216,,
8.645550999999998,47.04548440610661,28.91597057281619,63.3186301540636,-0.30594196574855853,-0.1459593097977157,-0.7349164664701845,-0.6870141709217876,-0.6901731948623185,1.0287658656778915,,
8.655089000000004,44.26539562107833,30.33850138203703,67.10730559914691,-0.6918823211871229,0.0229208355501736,-0.423800570870485,-0.45762620235954726,-0.3217242853066908,1.0204844738609942,,
8.664407000000004,41.96794802707567,31.94526821143009,71.22693975272722,-1.140169973129273,0.15567244059839333,-0.7092398380998706,-0.43663632867270213,-0.25518531671881883,1.0664397365097409,,
8.673918,39.953841519039564,33.967439478640976,75.42138924030345,-1.6669735240237527,-0.18278925079640573,-1.8539837939391357,-0.4804434938348195,-0.20972026842760783,1.060597883800725,,
8.683421000000003,39.242179638545984,36.615671648330505,79.5411152890073,-1.8869631507852387,0.15379056984941397,-1.893174607982513,-0.5380386141918353,-0.0005002718023379959,0.9070442991200132,,
8.693005,37.78181007616661,39.82426591764571,83.15772619017079,-2.4489557058595466,0.00035996285821163584,-2.5404318303047515,-0.6645906600667757,-0.1328248202421464,0.9004406196716701,,
8.712025000000004,29.73379616553343,44.847544748382305,85.48288866956433,-2.0111867264856493,0.10351232173927846,-2.555021481622599,-0.4422449570228158,-0.6911277950517514,0.6913109692925868,,
8.721544999999999,22.08627990797499,45.45678652675037,83.59321654487874,-1.8166939254030432,0.23061103382173678,-2.8473061418179477,-0.21497219893827432,-1.0659456718660396,0.6745806610886248,,
8.740482999999998,2.280226943312428,42.32720758640766,76.96587055833618,-1.275399897793124,0.5927963215907837,-1.7438087178124222,0.18653220019682334,-1.572453322042752,0.6894557503254795,,
8.749991999999999,-8.354128079735355,38.51025251737759,73.71484745983597,-1.17463162051142,0.47230031483899665,-0.8884984916859293,0.3412894094582325,-1.7605149398318969,0.6909292988917209,,
8.759511000000003,-18.37636444082436,34.29869449530423,70.9296417356943,-1.004511022943678,-0.38705589108783733,-0.4482415463810259,0.325626730158697,-1.7931326710859181,0.6039490444703625,,
8.769016999999998,-26.662749142518052,30.284759461571497,68.660904344896,-0.8700334617849694,-1.5047026590072852,-0.38532642767532127,0.28412783526275903,-1.591789044861251,0.3958503657341427,,
8.778539000000002,-32.64393743957643,26.546283706938457,66.94494814763073,-0.6228300986417905,-2.0562927551547046,-0.5812827374525855,0.31035081293395367,-1.2558875172218065,0.1827394174804662,,
8.788035999999998,-36.186516288207535,23.690818884777876,65.38692028884674,0.019058263914882276,-2.452245332773502,-1.0730216182370012,0.27835452856914034,-0.8166176080113359,-0.05073084309500692,,
8.797545,-36.67778990736052,22.17189905202289,63.69120013007794,0.13044909050801928,-2.2895847104392852,-0.9179960132449574,0.24967844825006041,-0.2111961399785493,-0.33423655208580566,,
8.807065999999999,-34.3298161697969,21.737410296025526,61.98911069428365,0.012832186211345385,-1.8977959233370294,-0.4838169802246671,0.28987880219047696,0.348905156109437,-0.5378922755251921,,
8.816758,-29.49202243973886,21.764033422580827,60.692757167010875,0.5251166160310106,-1.096321132782652,0.08817348465293749,0.44022258362865285,0.7919018507244849,-0.628206919411131,,
8.826276999999997,-21.367327632972366,22.61118904388943,59.81063787250228,0.5251868462924912,-0.18208770098961582,0.3839357158821823,0.6137631898215402,1.3907755652681466,-0.793923977082363,,
8.835777999999998,-10.557617917578803,24.40240576662275,59.58970488071449,0.0031827018644885728,0.13116256127910095,1.2532323665397886,0.7063836023443801,1.8917439307968882,-0.8979226993699732,,
8.845297000000002,1.4446210224843445,25.946801367148534,60.63665543635836,0.4711918384735677,-0.33083330938661476,1.9137544144362415,0.8299143520677008,2.035726886281207,-0.7957045829898851,,
8.854793,14.939060942584774,27.276490633927615,63.05461740792674,0.64001581792644,-0.8422149705053574,2.54569771227621,0.9180775828551943,2.250806930419348,-0.7085669867313471,,
8.864304000000004,28.95641903472781,28.94345962848895,66.57887431489239,0.5117492082092571,-1.685751598080602,2.910367899529723,0.7630327264936311,2.377445602097849,-0.5967986842180407,,
8.873815,41.8446574759401,30.45507543646797,70.25440814576301,0.3961905177578947,-2.190145821459596,1.8384206147217224,0.5513447519101785,2.191974714272633,-0.5286778824071969,,
8.88333,54.06660924532596,31.884325649083724,73.20515599176261,0.3020972099388949,-1.5489894189243711,0.8210770012953704,0.39036875400422455,2.0749959592416976,-0.659776798372095,,
8.892834999999998,65.54169251455092,33.79462349068503,75.57200603814846,1.019271858764282,-0.5584918875521723,0.2510195423112414,0.1542204357969231,1.9597860279037254,-0.7594526054904623,,
8.902248999999998,75.50458409235407,36.14386690568145,77.6735509847928,0.17739231726950005,-0.017362735876256006,-1.517861014696418,-0.07932398373002153,1.6973302734225406,-0.7174113529651005,,
8.911757999999999,85.81417034516316,38.310764471142626,79.8712176248346,-0.0602670200678448,0.7526200935585811,-2.1286420103375594,-0.10806444450650778,1.6949230107601347,-0.8109412140868506,,
8.921274000000004,96.31566946622807,39.677390200144686,82.14820691098659,-0.4315306541585509,0.9021867978499952,-2.3421186696455876,-0.02012420555330126,1.6555423587961122,-0.8734680756317817,,
8.930787000000002,106.70244712952683,39.93689803015948,83.56561417057183,-0.9143223887502883,0.7967329342277368,-2.241426564477679,0.13909511569465485,1.5914033251610074,-1.0591744446784221,,
8.940316000000003,117.96465643180491,39.21345947401555,83.69773403300081,0.3372281829095784,0.38985824388076246,-1.7745902770668667,0.32575581319663705,1.7130079172861934,-1.432469815107874,,
8.949812999999999,129.09223332750574,37.99801290904358,82.87567591891602,0.742977375786718,-0.6293544290766866,-1.6568546138088798,0.4317124921429174,1.7049169436224185,-1.5927944934780875,,
8.959232,140.71950717395637,36.915278635274205,81.38212455172757,0.5746922117412597,-1.197117639997997,-1.4609048965977587,0.4531321729506877,1.807570572167115,-1.7587323203295164,,
8.968741000000001,153.92124887515297,36.264052554054736,79.81473694426447,1.5363768304930157,-2.379247891746147,-2.323143276950902,0.46138259780526725,2.081180218763568,-1.9205498314932619,,
8.978335000000001,167.1583594996716,35.79900026557793,79.00057632763482,0.6976004471424238,-3.1667771366238044,-3.194453971038493,0.47294707736051,2.099513029584713,-1.7442951531188868,,
8.987844000000003,-179.69735777907482,35.0312662402894,78.9594953639776,-0.43734458462790193,-2.8342914009334543,-2.9819403005566683,0.5493727490422298,2.0867814950133945,-1.5514582075804315,,
8.997362000000003,-166.8887708217308,33.447937273383765,79.06623715776696,-1.0262214844081683,-2.602682182872838,-2.6309686615711305,0.7051290691310834,2.0327571330545475,-1.4338735431008485,,
9.006794,-155.89956905907945,31.098063777324917,78.67467033045556,-1.3010919423822864,-2.3342520062258125,-2.130895605180398,0.812655735314265,1.7472154122032857,-1.2620162080016415,,
9.016296000000004,-147.99142783206912,28.676016480206737,77.67406735573451,-0.9101525325188694,-1.232224247682032,-0.4504183881965029,0.7503138891239052,1.2569756806368995,-0.9991673808410118,,
9.026004999999998,-142.22598314127737,26.790385143766144,76.11313775082826,-0.5803762503438357,-0.5473390476086343,0.03045980209816811,0.5955799959146746,0.9220112413084051,-0.8632077466259763,,
9.035496000000002,-138.05958003189684,25.685080625039095,73.98344903996008,0.25575618725933746,0.012395599386307249,0.3413225654406545,0.4045005485821123,0.6780434010189917,-0.8138975854102982,,
9.045011000000002,-135.5211955648399,25.845070757707582,71.8039020880357,1.019204232466637,0.0619294144042329,0.36507853927152817,0.10288274255234951,0.4586774543216927,-0.676810291712206,,
9.054518999999999,-135.11989263609382,27.88777137539434,70.67243609126848,1.2943451514623683,0.21651690206328636,1.1063906818510472,-0.3646351823355514,0.21091788272348744,-0.27863938429572815,,
9.064039999999999,-134.92878178007464,31.91539162239141,71.25910040356356,0.8672361682194341,-0.15507591880116245,1.0037375024915864,-0.7519215163255614,0.3059637207908052,0.08362266222553585,,
9.07356,-135.20346093334055,36.832453241540776,73.15688118915314,-0.34080138967787676,-1.2640116159119172,0.2078804837063925,-0.9518024769023564,0.270354159216034,0.41597501988632823,,
9.083072000000001,-136.97781079719763,41.31166400640915,75.76426756324219,-0.25463169795276475,-1.473586314417122,1.326047544993178,-0.9393597568629688,-0.012480400868199275,0.74984974573408,,
9.101896000000004,-140.64119551866844,47.54312254448165,81.13906213207656,-1.1898514492951855,-2.662049795408187,-0.00017833567820013777,-0.5533383362393581,-0.21335521125045903,0.8292450977745159,,
9.111425000000004,-144.72857461514363,48.61880073519337,82.13889690261799,-0.9534137581225223,-1.800407386734842,0.021008603160885847,-0.296774383833622,-0.4967301088601526,0.8111280940912743,,
9.120922999999998,-148.86964765194787,48.90361998628711,81.72134318727385,-0.9827351758896419,-1.7945356867043418,-1.1677982286734079,-0.13810429620520723,-0.5203728403148457,0.5415600455196649,,
9.130507000000001,-153.399302698354,48.9463080680737,80.44209141137527,-0.6085223916999112,-1.0220420275724575,-2.128855731546963,-0.10589591963913475,-0.5748022945718717,0.41309885364374693,,
9.149538999999997,-160.72133475862927,48.072819311551925,75.56115886590798,-0.27292764700977107,0.5250953775640735,-3.2766398105962042,0.02672273838534204,-0.3925403115588466,-0.1447075501617714,,
9.159044999999999,-162.31104929237355,48.10009442708758,73.12582119900343,-0.32930664874778454,0.44564596330217104,-3.080476284619428,-0.0678459332560934,-0.19069765133893363,-0.2778863066528776,,
9.168544000000004,-162.4551221493531,49.1513408234949,71.55779580692958,-0.730689988766237,0.29896439043285916,-2.6858439260672697,-0.21152861557560274,0.058237000459981966,-0.316203774914342,,
9.178066999999999,-160.82324592291033,50.18620352221602,70.77476062123327,-1.072887966712254,-0.6321975559361417,-2.052247192545548,-0.13271425919426252,0.2798850279837117,-0.4240718333209164,,
9.187510000000003,-158.1087442894064,50.67282586967469,70.99633274125412,-1.2744940141181005,-1.4431590840488486,-0.9618306838716443,0.016928913854641396,0.3721314024351102,-0.3851396453749167,,
9.197014000000003,-154.84459396864028,50.64352389029396,72.38781155610559,-1.3287959280044757,-1.379006445369231,-0.1141796114321678,0.13165275899077614,0.40467217189471066,-0.23236726897467477,,
9.206713999999998,-151.44841223671247,49.55579346812376,74.0862729272981,-1.0379810067007447,-1.2782056098913723,0.1434035006724544,0.33039480269077603,0.3681561789009116,-0.1897784513245144,,
9.216214,-149.2983237322322,47.293073359882904,75.24707428405797,-0.4683749586228705,-1.028062679383211,0.36237651474793464,0.5087634114275582,0.16906320982407813,-0.09576117599964495,,
9.225725000000004,-148.67959481108363,44.80457173421218,75.98171955119219,0.19293109950307274,-0.6245263289630053,0.6668332854948364,0.5003296290750846,-0.027461194461944574,0.06041177315741367,,
9.235250999999998,-149.39350571303322,43.07145290087966,76.62658628005485,0.8870942938526158,-0.8238153336344165,0.6834889356083194,0.30881567766484747,-0.16927781186555774,0.23111954049312272,,
9.244748000000001,-152.21248184025862,42.50761046486999,77.36712299361169,1.0558595465141838,-1.2249252079203174,0.8707236502968455,0.012134610432737386,-0.41630302954545495,0.5343507370117714,,
9.254075,-156.65154820415506,42.94859708974715,77.99807731100772,0.6696656312836133,-2.7544390369206018,-0.35953403129962797,-0.23108012666308378,-0.6066501069046275,0.7315158894226634,,
9.263579,-164.41821589153787,43.77508961406646,78.41458609297274,0.839674978548223,-3.3850706291139825,-0.3694725355400283,-0.3991037794755002,-1.0613776489047695,1.1378586762041518,,
9.273279000000002,-174.37862927128538,45.02314729171515,78.50900382994261,0.2584677138002946,-2.183245740983084,0.441275256845015,-0.5372266881849714,-1.3354917874427983,1.40693900292819,,
9.282601,176.7099657678282,46.263522761475116,78.08191405254465,0.8588059692455384,-2.875203996264482,-0.7519263916128102,-0.5053159522361333,-1.1610821496814776,1.1927611550948964,,
9.292121000000002,167.17400777149678,47.235469218132955,77.9030435422295,1.549113380309724,-2.294332254876218,-0.6920245273234822,-0.4722936250644298,-1.230475921813034,1.3518118750620924,,
9.301836000000002,157.82474509918126,48.43515568905501,78.35009240013838,0.5024095359578649,-0.4840829560052904,-0.13003181082371618,-0.5039872208764916,-1.1732832865383935,1.4724112524558723,,
9.311162000000003,151.87842492107993,50.02547788514882,79.46413041180465,1.1222002347738254,-0.5786437066796751,-0.9177269149243955,-0.4730462549800472,-0.6959700952459366,1.119197285126273,,
9.320678000000001,147.64053000064646,52.03947621566231,81.49951989711495,1.0082378752171122,0.26290976927096626,-0.8287948742637413,-0.4975682760491506,-0.4549127971338977,1.0730697144398331,,
9.330176999999999,144.77853044570884,54.664753258836825,83.92478928536363,-1.3814835711779128,1.8231968126185767,-0.7048695529880535,-0.5765998902312154,-0.2690441336688225,0.9527481673305769,,
9.339683,145.76394896832673,57.40279559451539,86.01186885554023,-0.4664553045690763,1.2753506122018372,-1.7601409381259425,-0.5481734774803527,0.1607959560948998,0.2543638503429131,,
9.349263999999998,147.74596211519355,59.52192716693842,87.56576685441911,-0.9480680447747171,1.2580296814642273,-2.0277220566901986,-0.42390543947924236,0.23346595108256527,-0.03780465190686152,,
9.358705,150.26603707967402,60.670598798532325,87.5484617688358,-1.6146874476428508,1.1805518942988837,-2.108829603888289,-0.23115428241578884,0.2638529453890537,-0.46215427500548734,,
9.368285,153.45724862171213,60.51721139437016,85.4930071408414,-0.9215527192125759,-0.05931806864123131,-2.183796386423983,0.037439935965620126,0.3153134505799881,-1.0047709236715316,,
9.377741999999998,156.72572368608866,59.325551777156946,81.620052393381,-0.9312149674407595,-0.2787783432761256,-1.454312019124333,0.2619427954619981,0.30523505678133656,-1.3917528371025034,,
9.387236999999999,161.00638125721852,57.625468477239984,76.72246208775545,-0.04807254102303017,-1.5390628140202545,-1.2136138648317376,0.40715776291848377,0.3847744900016611,-1.7696717243296614,,
9.396740000000001,165.65755096390419,55.59143294872622,72.3373185431917,-0.1760045677292511,-2.1998761866019594,-1.0329183606634247,0.5187665450553411,0.3959403962718594,-1.7171227891019916,,
9.406253,171.00894002295578,53.35864450344188,69.39229241631358,-0.5667786837674149,-1.8400855738907511,-0.4257670815784268,0.6169059520588571,0.45362294404364123,-1.5143854548377162,,
9.415753000000002,177.26608669827462,51.299284662800495,68.14195736182933,-0.45992568958061086,-2.181956628539193,-0.6076611455652984,0.6530113047297528,0.5768979747511308,-1.2778655778994925,,
9.425269,-177.60386325968966,49.38852711685052,68.70320841748892,-0.4708006793398553,-1.4698989997236789,-0.37892534823406193,0.5888438086479436,0.48182455986052525,-0.7193536548362001,,
9.434981999999998,-174.41559237430164,47.68473970968522,70.34923029114758,-0.3349763794193857,-0.9350543828901213,0.15740879393439539,0.46038139040852766,0.2888900726257318,-0.16161322851015372,,
9.444479999999999,-173.42173894750044,46.96760335054535,72.56139773070569,-0.027418715508090302,-1.5382258546114072,0.15418573614999592,0.17195722247120868,0.09393997705603588,0.30438530964834504,,
9.453808000000002,-175.58349916308532,47.7971761909269,74.99758639000383,0.27663973209795706,-2.4479214252258163,-0.22545589632739768,-0.24946116507126398,-0.2235997982328273,0.8243526657662605,,
9.463324,179.13384025816546,49.61545195438559,77.03776289909186,0.5181927545581797,-2.850049555481313,-0.1666595013037728,-0.5311985994910794,-0.5788967309859447,1.2179099651515697,,
9.472825999999998,171.20470252969668,51.81537142960204,78.03327853787509,1.2769513605082847,-3.657881688958875,-0.277454967645759,-0.6571191324204898,-0.8773273969216578,1.4420143946533124,,
9.482357999999998,160.13166115063615,53.96316865355692,77.43597615868337,0.9739847392683055,-2.4905956230475663,0.28740655427091943,-0.7151902728392828,-1.2079001433323628,1.6710049604679993,,
9.491860000000003,149.18817582987265,55.15131014739817,76.2042789950787,1.1069225194518444,-2.196902967719683,0.2896983338707803,-0.5326795283965181,-1.1767138934772283,1.5546274937677702,,
9.501541000000003,139.8121789946812,55.52045741024,75.8385083613975,1.6239083398222258,-1.6810258474272752,0.5267905135467753,-0.34126023844025,-1.0140302188169876,1.4802285607312828,,
9.511059000000003,131.70777858731515,55.99069018197548,76.67563816662027,0.744045003095728,-0.4611357613091167,0.45627903815816984,-0.3199126009627762,-0.8622219317599021,1.5203097851709377,,
9.520580000000002,126.69737655274866,56.83509896482159,79.05314963649768,-0.263264634993081,0.4309257726961339,0.014203360059792699,-0.293204640750098,-0.5060644554640265,1.3275826252400889,,
9.529902999999997,125.38652532169617,58.161556280119584,82.88539793597512,-0.43578924872446057,0.9387411167483459,-0.4829499388092305,-0.2952812898858745,-0.09757873142252499,1.0072743420330832,,
9.539409,126.17383105536112,60.14076519751598,87.20597586971792,-0.9139483847525591,1.2744544317144428,-1.1565817701111198,-0.3984616966837734,0.11390009440511752,0.7442417907097769,,
9.548923000000002,128.7645587348778,62.50105594501094,91.24079142693735,-1.4468596110628278,1.5692109933615102,-1.9217687987352567,-0.47975925052694607,0.2536470646901326,0.3574557741773225,,
9.558505000000004,133.2934944218673,64.44043763304056,95.15423544431212,-1.4551940895341555,1.2855440966987453,-2.5895174828830387,-0.42104663893292005,0.3805379082836447,-0.03177807303770281,,
9.568021000000002,139.26136185665587,65.39721587261073,98.27077200408556,-1.5870017538307153,0.9004072733408726,-2.807196208924721,-0.2607220771074794,0.4786037565780066,-0.46565673663734314,,
9.577528999999998,145.46877026338012,65.28752597220775,99.3551304230787,-0.9573753221156862,0.15930412093692295,-2.961591882241867,-0.07008916785377083,0.5146102871024886,-0.936727615854445,,
9.587029000000001,150.8177234874744,64.36453986289726,97.63751137198147,-0.8661709755652236,-0.09684548059590388,-2.5367204447780596,0.10241626625449547,0.4785721100156878,-1.352892555861667,,
9.59657,155.42267218472944,63.07684633485009,93.25148055278738,0.0543711985799034,-0.45358892217363944,-1.9813783105347085,0.20482668927587044,0.43396140162126645,-1.756216390333306,,
9.605975999999998,158.90915014303258,61.50377613099637,87.83489572995312,0.12368743369545572,-1.1532549693055298,-1.3504487099471556,0.2990595824931653,0.3331926632896266,-1.781608711433541,,
9.615498000000002,162.73893023980844,59.720259385269,82.73941607083746,-0.005983131859504049,-1.5579000971385428,-0.36656875395143207,0.37452175400827,0.3535062259489968,-1.7704624896294847,,
9.625004000000004,167.71558084794543,58.131773534642626,78.90337700171526,0.15955927503558617,-2.180080587101084,0.21915200600485216,0.3842167349594216,0.46643471223957916,-1.6946211394000494,,
9.634687,173.23440642946807,56.54325901379338,77.18526638312909,-0.023655197987032518,-2.2923126080459415,0.5107783530770257,0.423573668971862,0.5279913576627724,-1.3348397102852652,,
9.644202,178.61762913051072,54.52541845239363,77.6437253702671,0.010513703451100854,-2.209230584508759,0.9093133102834474,0.5169219904677906,0.5181470242481486,-0.8362325364111173,,
9.653720999999997,-177.72277176280534,52.566566473830534,79.73633526015992,0.016039673980552217,-2.364467585365186,0.6910107746821827,0.460478045659897,0.36049278499753007,-0.18713428102968335,,
9.663041,-176.43800588635045,50.85318990330928,82.57049234486516,0.14510392184491666,-2.3313201490904976,0.21578876242038586,0.35409759498305515,0.11455501726395584,0.37282918242890684,,
9.672553,-178.01162402031753,49.6102333406588,85.34641925321814,1.0791470589284566,-2.427169189909965,0.504063547058566,0.21602244040473387,-0.21757737155871038,0.8180332920614165,,
9.682060999999997,176.26621217516356,49.996518307650774,87.46901506036588,1.6510140496857943,-3.0844507891378785,-0.7347207351654339,-0.1351641504954598,-0.7251520079378531,1.3207873790925884,,
9.691588000000003,166.81010820326205,51.02034319759957,88.09898730662714,0.9926161681084399,-1.6501613429746473,-0.6073309360325347,-0.2637493376408097,-1.1887266869620183,1.6054308139881805,,
9.701093,157.09315719923868,51.80481978613104,87.02091545454724,0.7341504588507746,-1.1096865576636838,-0.2690562948336447,-0.22077819911212826,-1.2002598721318636,1.3144504080107942,,
9.710604000000004,147.589168743071,52.7948946285754,85.00008374749098,2.2251650090567523,-1.5402220730822485,-0.3336296177835616,-0.29019736775046534,-1.142851625861902,1.1011966558815174,,
9.720301,137.87474427356318,54.035524958299185,83.97862893158974,1.0225165842151756,-0.49342599837816553,0.4654449566009898,-0.36956657720115377,-1.1276218802374915,1.354890978661044,,
9.729813,131.86515050098294,55.83602157705684,85.21254368814338,-0.35003192780514364,-0.09302246931748123,0.903030963269439,-0.4353516508161484,-0.6533977609365005,1.2403848240509692,,
9.73932,130.85212713927095,58.877593526569285,88.59489908296376,0.14066066941627461,0.2912447509611635,0.8076449455767102,-0.6252879688845112,-0.07633656805329188,0.8625848833633901,,
9.748832,133.41721943656063,62.86245815258396,94.65581975183535,-0.9173255219269031,1.0916793243386984,-0.12063610071383293,-0.8154746047156822,0.2264790305699079,0.784856391848456,,
9.758159,141.45817995899338,66.29924597847855,104.28010835310683,-1.6724266522300046,1.2464599608238582,-1.5106964980380202,-0.8014767993256474,0.5666426150209504,0.49692145161753776,,
9.767752999999999,153.52657280328793,67.93069932628008,115.62046087705487,-1.7631834472137018,1.1162217274027406,-2.867831010497184,-0.6366568129150052,0.7683788876666231,0.05940777588285182,,
9.777262999999998,164.21605285771372,67.63989744550848,123.73869427845699,-2.024011259878584,0.7166751194717945,-4.15553306615681,-0.3618745986295202,0.7279207327715631,-0.35405995001365076,,
9.786771000000002,170.42944125208552,65.9341648656046,124.99827599643977,-2.5101573909691943,0.5232172497834487,-4.315391332926976,-0.007976191010148018,0.5951711078887479,-0.8958780775385773,,
9.796283000000003,173.35260432978546,63.567122023655955,119.61551987258368,-1.5190310849288944,0.5548745518829464,-3.695288107199755,0.25338541967831274,0.46488397770498985,-1.6470636718766802,,
9.805793999999999,173.64788431203107,61.65354106199742,109.66999549846459,-0.479522676638383,0.06736849907121534,-2.7412237570545814,0.3238319767901962,0.1880269013479864,-2.1141388470197007,,
9.815311999999999,172.7821833045008,60.055733150354605,97.66052177314525,0.3016588417398318,-0.9624825551552639,-1.9350667482860906,0.3190994868705106,-0.00024134853867290745,-2.346816894574287,,
9.824731,173.114449145423,57.9336372622608,86.71749357413243,0.6660829948923108,-2.0749558518628017,-0.48039378173768377,0.4126769163431427,0.05975516411846735,-2.350888808532881,,
9.834437000000001,175.68480033033103,55.997170870500014,79.1043957657263,0.4053548737868714,-2.70520948881058,0.7807316618202506,0.4092151368103741,0.24169968976275416,-2.045225773088218,,
9.843929000000003,-179.5031504720984,54.41509479745366,75.6112794445687,0.23343010188249197,-2.6907337857779927,0.8150448271226226,0.4196448909903769,0.4791177378428787,-1.5539692773024971,,
9.853447000000003,-173.9859020213268,51.77351642157428,75.80703330378458,0.2248786005920471,-2.351353289321074,1.0539855618821021,0.6672885968794297,0.5246303493179143,-0.878677620624802,,
9.862966999999998,-170.18148395181848,48.456696700741425,78.26990685180792,0.4153895916745478,-1.9582150012956485,1.8585071015720922,0.7486380053429034,0.3384841527525879,-0.09197852894750609,,
9.872489999999999,-169.08648067767672,46.707320630693346,81.97215548959007,0.438142329381397,-2.3677858433099366,1.3703555816712183,0.3622079470984689,0.09616838232456769,0.6039509397522453,,
9.881977,-171.5123206044666,47.006883020705544,85.05004156439556,0.47339589221626044,-1.9961034579027082,0.446584842632451,-0.10687457508715867,-0.31295849745351473,1.004918949276177,,
9.891317999999998,-177.88478849869443,48.38428598273751,84.65410229815613,1.0910929406379004,-2.8814271647807277,-0.22716058583372778,-0.3621065936211431,-0.8207757960153699,0.8837733545965815,,
9.900824999999998,171.7973721618939,49.84982292199557,82.61613099892254,1.6108078864034787,-3.069784130779017,-0.1198655347483472,-0.45117601501818944,-1.3025382274386836,1.151601539471342,,
9.910515000000004,160.72606976420101,51.09216514367449,80.86117027589476,0.9014749554229059,-1.889328237709719,0.6863431447793062,-0.45905556446258017,-1.3531896030335229,1.354498112899853,,
9.919845000000002,152.5022517876552,52.30134332197987,80.62892829551716,1.8848629366364156,-2.194833322121801,0.28498179374289573,-0.41469386509482226,-0.9625868214699972,1.2561278827924032,,
9.929541,146.71123441921296,53.78781850845295,83.30766399246652,1.479451009659083,-0.9224751399398196,0.7455889818373728,-0.40448730302700975,-0.6445954094107564,1.4865136231361558,,
9.939053999999999,144.13854645432806,56.16598975873453,88.58368079352222,0.24670741437524404,0.1384398135232939,0.42281359211974845,-0.508413138988485,-0.2585243573397591,1.5095258847006356,,
9.948393000000003,145.77651058485543,59.266938623912196,95.69250194490797,-0.20581922079670492,0.8642963286241488,-0.6102456910653663,-0.6390178727246684,0.1534873104326159,1.176751606253389,,
9.957887,150.87042533949895,62.18756964993578,104.20358438702253,-0.6571578065258993,1.4747682452951718,-1.744521001506618,-0.6734307581632528,0.3905366346268481,0.8421138941455814,,
9.967482000000004,157.58940240495124,64.28701066646897,112.56757583528015,-1.5493228878954164,1.695059752503305,-2.7872594097335277,-0.6007249232967039,0.4420849246902521,0.5203907170513914,,
9.976995000000002,164.3259371852368,65.3799824660473,118.72871970520087,-2.34836470859126,1.633762857527428,-3.556164506210425,-0.4573569221881701,0.42088732251412664,0.02923196884955559,,
9.986507000000003,169.77899518932065,65.67307606828702,120.68278023028414,-1.858261252730608,1.011002588032384,-4.089650561234858,-0.2879027163072155,0.3625107242365778,-0.6071972270009359,,
9.996004,172.4417483198463,65.74542820543655,117.76652827235422,-2.1049527704864506,0.7704427394032872,-3.605930393538484,-0.13295526788583542,0.18421773938628933,-1.0964776335331408,,
10.005538000000001,173.7531473171646,65.7831524980955,110.48306912634887,-1.0404920096837325,0.21699184237473784,-2.9686417466201256,-0.06414483010262162,0.09711995964540521,-1.7543269614563681,,
10.015030000000003,174.44964985211814,65.3326274967097,100.63007799022373,0.5053144835477342,-1.4675360619665716,-2.2271936716410097,0.058867477951849934,0.08435389190729624,-2.1783768096066543,,
10.024466000000004,174.91411042008897,63.976570730761665,90.918882577676,0.10367099378539128,-1.94203207638367,-0.6205493686628295,0.25478089804583914,0.07437819073053922,-2.111790985835657,,
10.033990000000003,177.86423362992045,62.041191686531086,83.36608674559656,-0.05853808105452433,-2.4705251785847024,0.3996481135100068,0.3897379592776623,0.2586496496152103,-2.1209777906275615,,
10.043478999999998,-176.25260422766803,59.64359136344265,78.97020498315264,-0.2092600969838193,-3.342346124495417,0.1350898995485567,0.5522881395970608,0.5058314348170104,-1.9790795879392677,,
10.052993999999998,-169.3675208058425,56.14705414265463,77.42303010291788,-0.4602088673892017,-2.3024569117721416,0.2638864318746713,0.8259535008701149,0.5874415403388427,-1.5232301775458903,,
10.062693000000003,-162.83522957998022,51.70852447716788,77.53485065630817,-0.04387938746951593,-1.3117839105364189,0.451517059048151,1.0265986146881105,0.5725592783575939,-1.0555339493208333,,
10.072205000000004,-158.5595166040907,47.60288914049575,78.67990080562029,0.5463239695282421,-0.3701404785435266,0.7172383736861068,0.9121413955989389,0.385401878369092,-0.4224058137685819,,
10.081723000000004,-157.24069973277093,45.069869460686526,80.58485844964217,0.8461533361500333,0.07618595355980112,1.2602645685583471,0.5255139611937821,0.09986045656863748,0.20868556763994603,,
10.091241000000004,-158.20321577608684,45.027439502237094,83.029058439475,0.5897274257179745,-1.1271026481029296,0.5605769718156838,-0.018028506171627677,-0.12416647294668108,0.6511567096859624,,
10.100743999999999,-162.04342622504544,47.21488190599288,85.40467700305669,0.4435817951167622,-1.9807860561864812,0.33469245564484146,-0.49802587602802706,-0.4744150514078699,1.0610205341802381,,
10.110073,-168.1231224769875,50.557533176468304,86.80857641558718,0.7006884271673728,-3.5536179962258037,-0.33923031928952224,-0.7316522795917842,-0.7422188075687255,1.2262839284834377,,
10.119579000000002,-178.01674260945683,54.043397898877856,85.9374111750648,1.047413050007999,-2.9625090375389442,0.16153625062599977,-0.7824678168180228,-1.1551799662847448,1.4102948494433631,,
10.129091000000003,169.19694913757084,56.514919819074734,81.75293604448395,1.0279673242454181,-2.570567835544697,0.596205219583925,-0.6568691029478549,-1.3878295983267552,1.27062822692812,,
10.138598000000002,157.77533077571434,57.08620241088751,78.33004372419555,1.6622696234314198,-2.4476992794701604,0.5545646066047772,-0.34003904525315704,-1.2061865089207968,1.2315203132329395,,
10.14828,149.3359780005816,57.00562672519117,78.16501790950574,1.1255171236969985,-1.0967497320872837,0.9440543321237836,-0.18347179874831895,-0.8979839114471041,1.3978614323806753,,
10.157803000000001,144.7021196880535,57.92479700607413,80.72484420267976,0.5851662661091269,-0.08473765279738762,0.2310804216994949,-0.28456177276996314,-0.4529998734499963,1.3250355300486103,,
10.167151000000004,144.14878298198272,60.01934627988661,85.75427953976775,0.5586857433675905,0.68466562952466,-0.6915395958627034,-0.43513609138142595,-0.004311093438523146,1.1408324198301238,,
10.176648999999998,146.72996836605193,63.15481042489968,92.87617607983587,-0.3704922753889647,1.6162256684295253,-1.4326762259789698,-0.6363241657062202,0.2557317219563296,1.0170333809100347,,
10.186236000000001,152.7851851207937,66.99285046903073,101.49593502157077,-0.9830898494868728,1.7205402161170775,-2.631723963633126,-0.8368264955797109,0.41238622844225614,0.6695550621508514,,
10.195737999999999,162.36312313428581,70.42630624229726,111.34010429086635,-1.0942818756591501,0.9670588027764024,-3.611275631883761,-0.8656502329079215,0.47404782349151636,0.2131529616051512,,
10.205264,173.1147043229978,72.69988583700994,120.0726320563957,-1.7229618844208885,0.5483759813626939,-3.566196760829441,-0.7158490688939078,0.4155007280050038,-0.28533612339579284,,
10.214764000000002,-178.72332543027525,74.13025542538945,123.88273132654817,-1.5775176252692957,-0.09356197552517496,-3.127378397244696,-0.502283568297207,0.24361397898953893,-0.8191748954704207,,
10.224283,-175.44344153779278,75.04929856237747,120.80906843838285,-1.6697376398042016,0.05863385964041669,-2.357841269656243,-0.26183757722088985,0.04968771118499789,-1.2873843072160815,,
10.233803000000002,-175.93821758821713,75.05015374332922,111.55308546473833,-0.3854302204762497,-0.8260784329218871,-1.6451682932344511,-0.0013806904651697623,-0.01998403158326895,-1.8176455592294627,,
10.243220999999998,-177.70102147483155,74.11416310434464,100.19952848119767,0.06138928606436712,-2.094087542829949,-1.0771862828944023,0.19443629638123103,-0.0332213559419585,-2.0082725098388723,,
10.252733,-177.4709926075504,72.41477492624931,90.53178095693404,-0.16865982779672326,-2.2675571440928914,-0.6902042638005013,0.32704274820564605,0.053447542310448695,-2.058658467872857,,
10.262234,-173.660493108367,69.85170819646893,84.26140092701,-0.4181531816841014,-2.5823796748376515,-0.6122936443874128,0.5141825950557813,0.23413116642735513,-2.047108000208725,,
10.271743999999998,-167.09040414031958,66.68497226004813,81.40905123464405,-0.6274471339922443,-2.251455166374235,-0.67747241708494,0.6806848041306921,0.4168096165043934,-1.8453374679760033,,
10.281277000000003,-159.6327502801872,63.2189440777656,80.94587972192909,-0.565790219401675,-1.6260791949678772,-0.9010096508325819,0.7744899225015394,0.531390736963135,-1.476285439318101,,
10.290793,-153.67002979754065,59.56785042337781,81.56967861914465,-0.20389514468351908,-0.7987908093475805,-0.7527697080603005,0.8027738884295273,0.46674791696237333,-0.9319460398141683,,
10.300487000000004,-150.58809226832008,56.379781943448805,82.65986492947881,0.05735110689578805,-0.1779510714400897,-0.05617002992816839,0.6716281226143869,0.24895693552855902,-0.2949107029892169,,
10.309970999999997,-149.85361483953656,54.45681345479659,84.04807905358938,0.1955520609790777,-0.3319543593233026,0.33164505769304253,0.38648272241249465,0.05062816771688232,0.17365737502315207,,
10.319318000000003,-151.91905980826525,53.944403628498385,85.08164115204583,-0.19137468840538757,-1.9166991679163738,-0.1715152037543568,0.07276453502985263,-0.2383347112455301,0.5630453721501936,,
10.329000999999998,-157.730183283375,54.92078700479749,85.11797974845841,-0.12924164584625691,-2.049054961827369,0.3185499737164744,-0.26048106386821357,-0.6455734209078664,0.9823085985387452,,
10.338327,-165.82043326089,57.542792921254566,83.44964983312416,0.35629722754690557,-2.45724450760093,0.1783812955803587,-0.6202029063851329,-0.831824139770892,1.0383550868199904,,
10.347836000000001,-177.88558634469058,60.8282352780653,79.26732132497473,1.0923325025709554,-3.625079277236096,-0.44744108835654345,-0.843341428179883,-1.1133962840275626,1.257647571853006,,
10.357534000000001,165.85296737000627,63.566999413396495,72.80426448882055,0.7725830724757229,-2.2648152874142857,0.5740133981728885,-0.9045692455892739,-1.3308524376457829,1.6047485921195144,,
10.366871000000003,149.42258333790795,65.81939158562967,65.13670946628146,1.6136883552883907,-3.25407055198648,0.8692123267258421,-0.9321703007271765,-1.1419299190238115,1.4583507809666678,,
10.376559999999998,133.47729295220805,67.74319073139424,59.021214376135205,1.865333002148674,-1.9288354429499934,1.5998718598205652,-0.9377651999306416,-0.9254967250450371,1.7372721163813711,,
10.386074,121.72633157420124,69.58900434118587,57.33811385080585,0.43007273899677456,-0.3060428969639026,1.7121444505323034,-0.7758165433947966,-0.5290335742776923,1.8985247825600367,,
10.395581,116.42455358231615,71.84219125382599,59.84834920317597,0.624301813427655,-0.1322262965224054,1.4275303450980406,-0.5786775720288511,-0.0624624872676903,1.5577432477494344,,
10.405093999999998,114.75995212261503,74.56254838231065,65.13812578360668,0.6393912674286257,0.19909353814175784,0.49457461260829017,-0.5383120056570284,0.16621351774150311,1.4287763607173356,,
10.414425000000001,117.153045650455,77.04417185167841,73.5637408873509,-0.8546123282491859,0.7967875582899066,-0.6339523084412226,-0.4338068613220125,0.28347789024946046,1.269090638123581,,
10.423938,125.29031075742701,78.42187159845751,85.1836045929031,-0.4729318069804156,0.6893028423674993,-1.2928270137519524,-0.21697736718231672,0.38741036799399975,0.7636458216591322,,
10.433515999999997,134.04264761665226,78.57245613591351,96.02713121722681,-0.6271986638173884,0.9053980309895512,-1.8340366387854898,-0.04434603022814979,0.3446972835177618,0.47039732284579383,,
10.443023000000004,140.76955488914496,77.68843003424361,103.49072810932518,-1.0230392470262453,0.854652955208099,-2.2949679347906446,0.1163725398987749,0.29851144576454225,0.18561182187698336,,
10.452539999999999,146.37863072161736,76.00805012641827,107.94227139602997,-0.7948483266808081,0.640088340673484,-2.4202376961255196,0.24305989997778427,0.33299996932987397,-0.20306775138910352,,
10.462052999999997,151.0243518146869,74.26838203995135,109.87200430973232,-1.033397726561853,0.615972913225025,-2.4722946101717818,0.24030303977808215,0.3352764728163315,-0.5192752754674161,,
10.471558000000002,155.23574810286613,73.10834169032323,110.1123967363069,-0.47622054709926764,-0.125283242179605,-2.8207398895541305,0.1251529306519678,0.2996082712432649,-0.767383783438945,,
10.481071,159.58726683930496,72.5705881739933,109.73748442709007,-1.1939413253820024,-0.033684173918372716,-2.81575910405968,0.0009434067852796567,0.2770406551035603,-0.9372071346233936,,
10.490577000000002,165.12725622211832,72.43277846610361,108.8361432992112,-0.33111528407693436,-0.3890210395908787,-2.6034945266399823,-0.09721312782847161,0.32379159958208814,-1.2785121545099016,,
10.500084000000001,170.1445293338335,72.75926996543579,107.2335579911907,-0.021935159176547,-0.9427094590873211,-2.3455635619987283,-0.168180229829042,0.26663775384901034,-1.315564545251698,,
10.509599999999999,174.2771922057855,72.9913490339318,105.02587629885939,-0.5460042239715636,-0.8851074115056703,-1.6695755340739717,-0.12537421637863505,0.22356706928672074,-1.2896732665706767,,
10.519036999999997,178.363343703494,72.69920511790842,102.00026210530496,-0.16740191491098763,-1.2506066867143926,-0.8892210358828571,-0.012361684999446827,0.2525127424184221,-1.4472100192585367,,
10.528553000000002,-178.32380940970506,72.13981312230094,98.59782327200568,-0.047639151863787435,-1.702733323705041,-0.4419831993933537,0.06208500303741983,0.2229326269566648,-1.3740073377484363,,
10.538254000000002,-176.3008790596689,71.21345120490157,95.11832467460331,-0.42787396487351925,-1.2273492344810024,-0.05234836026938801,0.15740083884772874,0.15567164846042372,-1.1373903950149717,,
10.547757000000004,-175.24055968782082,69.66837947780581,91.5922381152313,-0.308079263395801,-1.6914978614779763,0.02144374167116748,0.29384958635019687,0.09733125100979066,-0.9553066155018017,,
10.557262000000001,-175.83885205591014,67.73648038551654,88.43554280388884,-0.2909716037628275,-1.367710348667425,0.4305276641418576,0.3765689143570319,-0.034625764559575285,-0.556014953186153,,
10.566775999999997,-177.85370879021016,66.03282483828188,85.85191160852719,-0.14040852090519673,-1.4086330908081193,0.6774706616573588,0.322693976238094,-0.16642728711894994,-0.16678773159607294,,
10.576096999999997,178.81421984928014,64.78867617386202,83.79724380977541,0.515045680514973,-2.87591001644694,0.3799930197118723,0.21279896267131324,-0.2904603292027512,0.186179951583688,,
10.585611999999998,173.17332917450628,63.85857503567868,82.14900975765619,0.8234251049083705,-2.953724436293528,0.7296360819058808,0.11407793610173016,-0.5005829139018753,0.6916982187047491,,
10.595303000000001,166.12562670843516,63.235425177819835,80.44265074091648,1.240171129998362,-2.913450460633257,0.9155662641160838,0.016654141821929012,-0.6331081594170571,0.9354647498456736,,
10.604821999999999,157.68073013272615,62.52294114498724,78.752473739228,1.3864501066283383,-2.5074503673643505,0.8071634533283066,-0.01122268705857936,-0.7777747723231223,1.1882504268933447,,
10.614328,149.36711622029807,61.228912439277224,77.94666077589946,1.0840019706458615,-1.8346799321407359,0.4948787036041251,0.08252390084146413,-0.8161080901682756,1.3276741032704709,,
10.623839000000004,142.88198373749682,59.781543991792475,78.27291415201631,1.3082052120879226,-1.572527998040117,0.3117515692833601,0.13932622982703644,-0.681947394671393,1.217519587040231,,
10.633344999999998,137.77671910344526,59.28602753660033,79.39528206276091,1.0570426955202816,-0.7458852540371244,0.014773777808529159,-0.015050175293346223,-0.5253238971022577,1.1256812610668083,,
10.642888,134.84423413223746,60.06684107003214,81.74784028347294,0.6621708674954047,-0.0218921987600594,-0.28257978709329984,-0.21440453288852915,-0.2653554912486003,0.9954893992735373,,
10.652399000000003,134.90388346692222,62.120552293921456,85.86523954751124,0.40855707184209655,0.43773863562439064,-0.31151516452423234,-0.41960281670759764,0.05080013607078315,0.8322525714569357,,
10.661707,137.88127033335192,65.32835300140853,91.85219236846153,0.00934262694978829,0.7719222994601355,-0.6605143407254261,-0.6480030063236161,0.27660463013130676,0.6846593820899554,,
10.671236,144.79118980972328,68.7589589996574,100.59158598456695,-0.523181035047447,0.7780783467785714,-1.3119473341599976,-0.7513911826788645,0.46104816840823143,0.4967119562543089,,
10.680816,156.29223776288893,71.10575555744589,112.29913377651917,-1.2472029260894764,0.6052008979738835,-1.9020779761668558,-0.6833210366396998,0.6226501835930194,0.1974818513506066,,
10.690320999999997,169.9890860199427,71.73851566679512,123.82850916183402,-1.0307807742895774,0.10999148982037876,-2.694450461323244,-0.5326568914455769,0.7085590933166089,-0.26364466249776114,,
10.699826000000002,-179.1763472490525,70.78008895813586,131.29313943247573,-1.466072705876949,-0.0858668343590526,-3.238485720988434,-0.28532501390428133,0.6666331591975462,-0.5497350779312257,,
10.709338000000002,-172.4931148322382,68.8948908291722,132.81111248382507,-2.1934645282741787,0.3520787907586448,-3.1195678655421726,-0.042335341993642826,0.5941585373614545,-0.9614337538888719,,
10.718840999999998,-167.96187929243786,67.14703325757729,129.590819897305,-0.8062129691952056,-0.01692452870601115,-3.328241805470631,0.02548845129371891,0.4871909988351867,-1.5211211655859942,,
10.728366000000001,-165.84691625567328,66.00863573654681,123.84776145197729,-0.7219319736387385,-0.32157979360757144,-2.9685985385628837,0.06828814459656672,0.27440122933766903,-1.5950268093250943,,
10.737867999999999,-164.51688977158216,65.33601377739508,116.90089315429499,-0.6051282769817594,-0.46368801567482404,-1.9201238771839442,0.04762845799818527,0.16772436578844518,-1.699458182899734,,
10.747300000000003,-162.676852937853,65.07715826506147,110.0912866239043,0.1367648772790488,-1.5760946113546173,-1.137349312856407,-0.026446621003036574,0.16894962553317,-1.766974705405789,,
10.756805999999997,-161.1184050405597,64.8593125572924,104.4703818490316,0.14108731922077541,-2.404901203531474,-0.1452755177694646,-0.008978654948806026,0.14702073956221093,-1.47083651704929,,
10.766496000000004,-159.99785200039537,64.52394716941971,100.56064692877173,0.0318837285861051,-2.207587655277822,1.0903430906041571,0.03422703047620554,0.11712813247193,-1.0319639341814046,,
10.776015999999998,-159.3875029789595,64.32844341948673,98.39590660938411,-0.15186455494717196,-2.6161394464900187,1.2224384809177529,0.019937489574047236,0.06782928262047984,-0.5719661340557102,,
10.785525,-160.7415777554781,63.86601186685145,96.83691829970132,-0.224863645476091,-2.1666738361931186,1.2033154960981534,0.09764949025459904,-0.09568970816834806,-0.07769474424596702,,
10.79504,-164.87416610889667,63.45434584462725,94.77496365030817,-0.055448376886734034,-2.4205924260074676,0.9448092990189676,0.10904291281557352,-0.34772019675139676,0.32634066244944565,,
10.804558,-172.52817323670504,64.19434495543315,91.45157701161885,0.3408058579044806,-2.435081558416656,0.42196274952481894,-0.12138538462821799,-0.6742689593754883,0.7070408689930145,,
10.813881000000002,175.7679240568278,65.72856018459655,85.48717631561883,0.7454928873118037,-1.8385928186646663,0.14530643058396414,-0.34287143676611603,-0.9745994053147079,0.9255867511795792,,
10.823379000000003,161.09292217815846,66.52835843893341,77.41834530480237,2.0863725526243546,-2.9948772583357672,-0.08983547854725109,-0.3444892447276853,-1.143591659745692,1.0672928993135773,,
10.833078999999998,145.52281298589259,66.32707681980332,70.67062488495239,1.5519519571072384,-1.7221352779600805,0.8044971669796633,-0.31571379898962393,-1.2023753735110219,1.5214610467219858,,
10.842595000000003,133.7935996873048,66.2842867169673,67.21485580920876,1.3609617938880214,-1.5899838337573033,1.095653296769282,-0.3429815200969915,-0.8795027434701232,1.4819998339528409,,
10.852096000000003,127.24092871841454,67.41173468007078,68.02455969151973,2.2391816943754845,-1.4705602330002119,1.2342339435843994,-0.4165311381980618,-0.38902290456206795,1.3953242527049772,,
10.861617000000003,125.08391292817355,70.0968675628127,73.59640568386304,0.7817829785184566,-0.05279387817405168,1.0143309572573629,-0.570545761073807,0.029586022463234742,1.5513902895962954,,
10.871125,129.3819833645991,73.76453520303745,83.66904596569638,-0.08596750039501783,0.4933098012781441,0.057182180854710836,-0.6771495349223675,0.40661950934209173,1.2617063861440485,,
10.880476000000002,141.58682377782017,77.01679479432111,99.47120406313162,-0.052217681815298005,0.834921856485271,-1.3522702113507008,-0.6739060714440641,0.5963747500929948,0.8628733380790103,,
10.890056999999999,158.4726143191483,78.3079860390243,119.09697040115319,-1.016654876678665,0.9863676110212447,-2.733122740198469,-0.4892142429310766,0.5922441543251421,0.6798629301898133,,
10.899549999999998,170.6313744774247,77.58161721574906,132.184093661763,-1.9112175487204761,0.9639008854066641,-3.650459412177487,-0.18898951353310992,0.4926175377900508,0.2751697140605013,,
10.909060000000004,173.96165007195344,76.2284905105269,134.1430291908547,-1.9074253741823757,0.9395097122745116,-3.9398547365756538,0.082462492420302,0.29128010692663997,-0.2454249801065925,,
10.918576999999999,171.07992322782164,75.22585122519787,128.16443213996138,-1.5538072855539187,0.8063462793632268,-3.6755850413678197,0.23252777884570505,0.021818663137896786,-0.6543738378776828,,
10.928103,165.27919465981182,74.69873611098143,118.03410064774901,-1.1749741621329906,0.4469534167165292,-2.8947449213239533,0.24051877696317545,-0.19700166791154888,-0.9122404807404658,,
10.937603000000003,160.1415387739628,74.43012483642698,107.34162365334441,-1.05015811889831,0.1978750572285953,-1.8361012317377583,0.14284266298480391,-0.23274405879837745,-1.1551861273139088,,
10.947053000000004,159.18444710626034,74.27680687447051,99.24406074932608,0.3680283778789867,-0.769937432285918,-1.059486610626702,0.029435418485553536,-0.042566253553457445,-1.442798542504408,,
10.956546000000003,162.8434564125578,74.19429630750741,96.37021463760644,0.5171443165550672,-1.416839583078418,-0.4148437786136672,-0.023377374250420312,0.2015442756535965,-1.3315229085759401,,
10.966045999999999,170.79264097876185,74.02727071620086,98.34211352178767,0.09877567405055232,-1.603976986581197,-0.12083774116179262,-0.03562027179129683,0.43949329126492825,-1.1781072509159092,,
10.975565000000003,-179.05702676940498,73.37907100883835,102.84536238065162,0.16060748990492354,-2.076248128333928,-0.3111814731008674,0.009398750082965205,0.5882629178136635,-1.0862037622125977,,
10.985070999999998,-171.0520960088037,72.37355655221884,106.60157172307855,-0.2748228305356168,-2.0093167333987885,-0.3592423617277276,0.06187570930056599,0.5125087749050304,-0.8074387824126851,,
10.994588999999998,-167.64303616552078,71.89274881571737,107.23673158675037,-0.7455612574767045,-2.176740019205247,-0.6443823227905122,0.0190053701173486,0.2341638504632713,-0.5529018871269018,,
11.004106,-170.17390672414516,72.34937985043963,103.16958459856498,-0.6568234538311074,-2.241961808182429,-0.6469948449231311,-0.05882303666152873,-0.1680288754037368,-0.36656893828316073,,
11.013614000000004,179.45850792897843,73.6330981734078,93.21431971667577,-0.18974582602137144,-2.811181498308426,-0.33299865446036375,-0.1776991883128415,-0.6308255635602652,-0.03652504363942206,,
11.023119000000001,160.2322561877506,74.90433708214488,76.65939517373228,0.31216425503732115,-2.991352885914876,0.2833715034533605,-0.3520509807975484,-1.0076975126835896,0.3682465417193411,,
11.032637999999999,136.05808171205555,74.68207014053856,57.11673111274217,1.4225282806664221,-3.6513739616292886,0.8274011800022629,-0.4651268618489439,-1.1725155916305454,0.7445498932546094,,
11.042324,115.00774968507585,72.9171983963543,42.99241831960602,1.7438853123095162,-2.817449725943964,1.6980292758578073,-0.4956277733106593,-1.1172587346398157,1.2231915533375517,,
11.051831999999997,99.27780671460427,71.45220509057985,35.131576480663206,2.3183939963928806,-1.9851160609621181,2.4622619348889234,-0.5741937295084636,-0.8297104233479984,1.4428079362639727,,
11.061342000000003,84.46714702259291,71.77145984681626,29.892445966965926,2.5196424581045718,-1.1695668871928584,2.456523118995549,-0.8324019178040314,-0.4475449784350484,1.8062586308041144,,
11.070861999999998,69.04776504604574,74.07271085142494,24.107321730695304,0.6752162007263376,-0.12151379516085628,1.6564942587421085,-1.0234230670291062,-0.0034869183210943485,1.8579519403502864,,
11.080372000000004,49.687296434241766,77.14189891685459,11.515730600010743,1.0063914913853353,0.1886296997401813,1.23088756983891,-1.1073855574737839,0.2823525819923306,1.306548116048666,,
11.089875,20.860677960733092,79.05767700318566,-11.566666212223533,0.21038362373218147,0.7077116931250118,0.10887171514636519,-1.1861305641664543,0.3690945424501624,1.0910074965185375,,
11.099221,-8.265723485069513,79.19879751884702,-36.02159216009517,-0.98557810089319,0.6320503592684601,-1.1355603699932622,-0.9925082690908227,0.45876349709763736,0.8871004623535576,,
11.108791000000004,-28.76773287401778,78.95424046494144,-53.431619404190975,-1.051652109415097,0.5235456157477674,-1.968113184643768,-0.5910548456611338,0.5028978472729342,0.593044139766871,,
11.118309000000004,-42.550106095881226,79.50415587305571,-64.94632084236171,-1.9638445782906155,0.5357579578630733,-2.8152916631608553,-0.17717941324468653,0.4889611767759687,0.44074507494879156,,
11.127833000000003,-52.262347892209014,81.14508407105093,-73.84659648414944,-2.557153627707496,0.4820346272609523,-3.4785537624937866,0.18308060349639985,0.4115333113004822,0.1295989087712488,,
11.137321999999998,-58.577169552682285,83.41051916513769,-81.23021872098312,-2.220283052444815,0.4788380867310412,-4.266729872086712,0.3968673335458177,0.2546799257312381,-0.23090689639400028,,
11.146839999999997,-65.44625686289586,85.90412573788772,-90.45630898160219,-2.620274064095698,0.5258763969891753,-4.4198168170042305,0.4788100376662341,0.1554914254933776,-0.4834520583093233,,
11.156356000000002,-61.63254440016346,87.93606619482226,-90.59183482329563,-1.80009087513831,0.4090025781423932,-4.2171877513188285,0.39726418318280343,-0.05211988816194456,-0.7960429721495372,,
11.165865000000004,-2.06597058566835,88.63239511997178,-35.54425543299302,-1.5500089979765324,-0.017254003000754727,-3.885244050799312,0.2521840835438278,-0.2539757967972036,-0.9082020167830838,,
11.175366000000004,40.76668796545136,87.25173253444557,1.6111246379045447,-0.8761395750286616,-0.21304499520063586,-2.9335564765913547,0.20121918435392244,-0.3397552402819321,-1.1707238705675147,,
11.184890000000003,55.354913064759906,85.36359306109303,9.790477981147086,0.19224723963408405,-0.5328332734796771,-1.5043575845478916,0.2137000777966746,-0.35867098297979155,-1.3253564421382868,,
11.194498000000003,63.74904563090137,83.53657798239361,12.566531392126262,0.36624028409395915,-1.0325722651137748,-0.2134073687499867,0.21977338607180083,-0.3290061620002627,-1.1668267008384205,,
11.204011000000001,71.37599992894202,82.06834105657349,15.407413363978185,0.40642464984866455,-1.582510389649022,0.7751957073711894,0.24587798061690253,-0.23978345921509686,-0.98971319945085,,
11.213514000000004,78.34124716303165,80.96567189967426,18.71874217586517,1.2082342139825126,-2.929633858374306,1.181671021747354,0.2504724547007891,-0.15084616042764046,-0.751212611853497,,
11.223028,83.75621164149501,80.08507406011339,22.795164603435186,1.3920168398923436,-3.2838906625622077,1.3347501652638543,0.21841136973811207,-0.10166712422173006,-0.2769516296659533,,
11.232534000000001,84.75343622675629,79.09041656237876,24.788631509471898,1.901942681026141,-3.489073207359059,1.494505985874206,0.10269535980672352,-0.16804793177971228,0.18104961743597256,,
11.242055,80.02035748520909,77.76143991396805,23.105283135172016,2.3026374472015343,-3.336112479444494,1.7885171660285821,-0.07627043772422376,-0.32121976959589826,0.5825114412197684,,
11.251567000000001,72.96811100473889,76.05692721747876,20.173185447011782,2.2515124673603637,-2.6114612125260726,2.028119857394802,-0.18152686272680393,-0.4364796636189382,0.7791241263798914,,
11.261087000000003,66.6699606699201,74.43692384043027,18.682471525743814,2.4319844801263466,-1.9958438137680572,2.505807319971948,-0.2048115563672916,-0.415010912158433,0.9276714293141897,,
11.270581,61.228509281967156,73.5984692646955,18.772801772796274,1.1365237376751298,-0.9637098459775706,2.170310606045376,-0.2395354676730736,-0.258788913144972,1.0839578467900577,,
11.280081000000003,58.43586139467506,74.0940640494641,20.246685015853995,0.9074221847900942,-0.38742597317686395,1.8052197767850027,-0.18844240206617055,0.03717402040500282,0.8558415708034673,,
11.289605000000002,56.18665551588383,76.10444610830758,21.220160449553827,0.5617436904119955,0.26378910281258877,0.9815271528930245,-0.25901557589308166,0.33048056748645405,0.6558232975669077,,
11.299123999999999,51.07661175593101,79.27317616747055,18.413442458046767,0.06265822726903228,0.5409411551519442,-0.42045745179003285,-0.4282593733607151,0.5170257582978378,0.46192358236561526,,
11.308529999999998,37.840279743644615,82.84923198892676,6.3296908321447205,-0.3020687769893983,0.6501439711792878,-1.9073240441293524,-0.5621764363195756,0.601032143531018,0.22287877520620336,,
11.318037000000004,3.3334172658241097,85.23098468910855,-27.671548803051888,-0.8734723948003128,0.42486232080952213,-3.1320918910085607,-0.6187278847119964,0.5723010680814523,0.08679568254723785,,
11.327561000000003,-36.31685385061422,84.5807801468549,-67.68945154255988,-1.7330796113333655,0.25754266350959304,-3.8928366277032946,-0.5651483802632615,0.4212845357226745,-0.09185496637624281,,
11.337060999999999,-49.67615005364688,82.84132402050533,-82.41307197352106,-1.536669074310643,-0.07524092467385446,-3.9949115539637976,-0.41984937479098566,0.18594899619619149,-0.2900744328484349,,
11.34657,-49.449654481825945,81.78314392573907,-83.81531905321428,-2.2427569097747106,-0.25990440677929294,-3.7165714662793743,-0.22000927625155528,-0.038515251005417764,-0.3360415835072327,,
11.356091,-40.70889352670107,81.67967923299045,-78.29970201766218,-2.538719501274352,0.0831746140835779,-3.1576247147317873,0.008272165746668891,-0.2580365703173359,-0.6503169758846203,,
11.365589999999997,-24.782865710132786,82.15414037076646,-67.53306014964095,-1.1011449553356807,0.10707460810447013,-2.3450260031890395,0.21098181518672673,-0.4047416304569198,-1.039497453637796,,
11.375103000000003,-5.29662997584393,82.81127430846949,-53.48542910278427,-1.0170280933787885,0.018775689560170394,-1.7021689120643557,0.3526395630877348,-0.3819383098765216,-1.1023064250748307,,
11.384557000000001,18.013502881443497,83.44391695875403,-36.84571574837597,-1.063219200469772,0.1704067416232955,-1.204338011799508,0.46857613583527047,-0.3076313864090922,-1.3526910055146075,,
11.394067,44.73448394372734,83.79727005574179,-18.45337135865038,0.3180381674349407,-0.8507886819916459,-0.7553431318635027,0.5432878236015566,-0.21193030014225492,-1.692172035902179,,
11.403568,72.71044785620933,83.90274025145429,1.6585982039916611,0.18156452308897222,-1.4524075572233734,-0.7490452656598396,0.5800101992847629,-0.06384883346078404,-1.6020102871834112,,
11.413072,101.70052809795786,83.32659087030389,23.35533896532432,-0.15206664610957424,-1.4433335565506957,-0.6329832275919265,0.6369415430619274,0.0345020921218738,-1.5076035831098058,,
11.422584,123.6722638309089,81.84576101193046,38.68148515166875,0.18686177955085445,-2.328236483662444,-0.400061767892844,0.6231319097941418,0.04786282126003605,-1.3701856682002136,,
11.432096000000001,134.33041350277497,80.04272451126253,45.284535281701935,-0.04612971589409233,-2.799389789266851,-0.1578968177169508,0.47966307340194936,-0.03711568295036468,-0.792705891732412,,
11.441589999999998,135.17493921771558,78.396144968469,45.329384719321396,-0.3418603536820657,-2.6343716945330606,0.36014908678775726,0.24663371401176712,-0.2032941549199054,-0.16436872249737283,,
11.451121999999998,128.4307382352746,77.04812365797474,40.164864273677686,0.48278239257411265,-3.9418899418954876,0.9632547055343993,-0.03772079952246972,-0.38683935255980006,0.2778979058805463,,
11.460625999999998,116.18256504049211,75.65420574251802,33.03074670085407,1.326176429695021,-4.18836912091202,1.5131616739245746,-0.3082836535781253,-0.5625462590242154,0.9468314258239066,,
11.470320999999998,103.06852145085084,73.88946286541564,27.8602188163445,1.9568881425539946,-3.9960475442789307,1.7807053049769876,-0.42572752269383757,-0.6487109958460965,1.4897663352864123,,
11.479843000000002,92.25380421351271,72.12725364896536,26.52881638479185,2.243116131585789,-3.022161212644601,1.8163739449904048,-0.4117793399306867,-0.6005904779960688,1.7948272256088067,,
11.489336999999999,84.05324879423233,71.15059406284651,27.77933571796307,2.094781573416459,-1.7392259347884507,1.3525956132654942,-0.38169951546838304,-0.4096004912592022,1.8496025397235059,,
11.498854999999999,77.60009700521657,71.61393463922803,30.030901770841812,1.8984033319137485,-0.5631553562308937,0.7986614711035552,-0.41561446888442793,-0.11964532213283115,1.7179659947766328,,
11.508372000000001,70.3610951884378,73.73339718782009,30.83928629711149,0.9386560710817505,0.5312169139143205,-0.05274068182545718,-0.595636490377381,0.14400124069248857,1.5839747841383598,,
11.517699999999998,59.36119290801679,77.03960843618736,26.516837069579957,-0.10778512552466639,1.0609663728884386,-0.9539995373416434,-0.8115535406750096,0.30812410193082573,1.3061849093092055,,
11.527196000000004,39.44315428917405,80.34994346599578,11.534714884941868,-0.848702680135548,1.24914997764876,-1.6973882594280685,-0.9564147814114563,0.3586345706759233,0.9506240553374313,,
11.536799000000002,7.558677590946414,81.81483209331104,-16.753842757931398,-1.5551145004244689,1.1286740733226421,-2.3732503621990184,-0.9710451520315837,0.3197839272553568,0.6766287476598997,,
11.546303000000002,-20.069317001097332,81.00726558304721,-42.10970846176712,-2.3063521673182374,0.8143509367226298,-2.84435423499808,-0.7975476180393056,0.25748099403736585,0.421701735081432,,
11.555820000000004,-33.68595739594443,79.9464292187503,-54.9608419379682,-2.460269448212259,0.5674757925916678,-3.0785942082065696,-0.4639749519248412,0.18866112800769375,0.13078540910177405,,
11.565327000000003,-37.63521885145043,80.04827241045753,-59.36537184248518,-2.626759433551737,0.41079451113530435,-3.2692780847058964,-0.06553955328671206,0.117214761660703,-0.09862855388822182,,
11.574829999999999,-33.17182027569004,81.59493087264528,-56.69249055372327,-2.6380095336792895,0.4061198419941421,-3.3538105495269535,0.3294371164540329,0.03419832997201415,-0.35337863175446393,,
11.584291999999998,-13.90012142831615,83.81818188269948,-40.90044170019026,-2.1735024674303913,0.5304327965864516,-3.3250096556598816,0.6425166968945845,-0.0855098990641406,-0.6734330650533219,,
11.593805000000003,28.185504041679888,84.41382352061633,-3.731485582966488,-1.1180680786316515,0.5439065737352075,-3.0008457878046366,0.8142333340787603,-0.22428387651147227,-0.9510838357756777,,
11.603327,61.030490452130564,81.9550574066882,23.8107413133525,-0.7457672669904163,0.3074276711853017,-2.5328064308343055,0.8308255286814412,-0.33630775142786795,-1.0266823589614353,,
11.612890999999998,75.54558042772668,78.3713506980234,32.6924974374751,-0.4288160680501515,0.04021838606488506,-1.7351823224723744,0.7644316267966058,-0.395005577441187,-1.141707868309101,,
11.622318999999997,83.13609778020057,74.97157216890518,34.36064470614923,0.9529529249805478,-0.9723124817091175,-0.6059336753291227,0.658331082231286,-0.37369031992058577,-1.2070300085428223,,
11.632010000000001,87.57368893290923,72.31008548250615,34.610581368450404,1.0911735192346659,-1.955541616795347,0.34819835293568807,0.4986644155100383,-0.297412972677046,-0.856855029860966,,
11.641509,90.12527752698047,70.36700375014208,34.746654971973875,1.1354008203762136,-2.8034472913171467,1.1329555022155486,0.3464538047383762,-0.2267711549582071,-0.49806711110841584,,
11.651014000000004,90.20861687290075,68.91475772102515,34.08722038603,2.3500122932872642,-4.118931662751504,1.8368260960096925,0.15992655682593596,-0.2365643238658746,-0.1769708137222907,,
11.660525,86.66756524416301,67.70767786226254,32.48809996890501,2.750810431612702,-4.438293279242085,2.172453822513854,-0.09540994870270403,-0.3462211778823987,0.32202537499226874,,
11.67006,81.5977565952873,66.24467502234987,30.82943913403823,2.7219364071006242,-3.9604473398308246,2.2190088160011325,-0.1928924359870382,-0.4585735910080031,0.5915180763229927,,
11.679569999999998,76.35443825095163,64.51230860508406,29.89989359189019,2.8260784418113993,-3.335938893239742,2.6531795969627496,-0.2104613533590699,-0.521863123390864,0.7688991216175349,,
11.689070999999998,70.96537741920964,63.280160442590436,29.72711875168455,1.3467745568827592,-2.037357896883913,2.1615300976487593,-0.297161974146636,-0.45244099735298676,0.9426819310400425,,
11.698585999999999,67.23629573812329,63.085129152823484,29.992268569372165,1.061692106238151,-1.1533808341310212,2.0303668322096153,-0.27993305952352165,-0.2047620341801764,0.7317633469950746,,
11.708092999999998,63.681352884938526,64.42470886026118,29.815839072131837,0.7715067775023079,-0.295240660241853,1.6010514098563517,-0.41333124222465195,0.07173432285400559,0.6186665648303415,,
11.717612000000003,59.093411213888054,67.2655729827918,28.107934548012288,-0.3243716412053092,0.3897159663941551,0.3364290435445568,-0.6107461846369193,0.31089773200603255,0.5119808050483471,,
11.726930000000003,53.52036547408935,71.04297736540505,23.91877226455775,-0.27310698890136176,0.6314606992338481,-0.6722307248869709,-0.6948807708551634,0.49976191699472594,0.22148334626719188,,
11.736519000000001,44.859370717808424,74.9514200836814,16.106065257892062,-0.7760235409068554,0.7103332717235029,-1.8748974052569978,-0.7503643723202472,0.5541134414948474,0.11060026167223029,,
11.746043,32.5441743241645,78.00289923958866,4.066812364088363,-1.6899394112446464,0.5650321877039783,-2.9035176352298055,-0.6808536060667202,0.4907599766182272,-0.003577580682391331,,
11.755538999999999,20.29656367469521,79.69707151796908,-9.149642272269919,-1.4924032748818201,0.416453262893772,-3.378202681361244,-0.46632883578275547,0.3509154185133425,-0.23967753371213282,,
11.765048999999998,12.632981015070575,80.51102837783061,-17.854166645404792,-1.842086743604203,0.23047699417304512,-3.6129834386736657,-0.22709237034395358,0.21244241780360754,-0.23882892117670482,,
11.774560000000001,13.503660276131658,80.93465715878102,-18.71195759788376,-2.876135900286129,0.3112349545277531,-3.785049023445702,0.04417699084006917,0.06484043723499143,-0.3514731633291665,,
11.784070999999997,24.35661103780725,80.93572318305827,-11.794083803864861,-1.9040343639183224,0.5240054849387092,-3.430973041303978,0.32047771723397944,-0.09551255812424551,-0.787904204276138,,
11.793591,39.76841176076611,80.29715985418395,-1.169925162804918,-1.2846513277961975,0.4783665022495961,-3.0179369885677727,0.4746358596144499,-0.1868860142978447,-0.9562746053521597,,
11.803103,55.498157451038836,78.99861672382723,9.052661202973887,-1.405357671456849,0.5424521863161318,-2.577091614869314,0.5711189016612046,-0.2208541455169245,-1.1015382198957546,,
11.81261,70.18383288830577,77.17474545680645,16.65096774040187,-0.36474043685301627,0.09799312432814124,-1.7575817014132418,0.6614997854673618,-0.2190485974659132,-1.4163653886689103,,
11.822038,82.8148431390459,75.16428339596614,22.058930924651964,0.06532378828675037,-0.57716038724571,-1.0865653715529087,0.6926942843256112,-0.17584008494245917,-1.4458093779846581,,
11.831550999999997,94.21626309869497,73.07681094861383,26.747377879822935,0.05925364817841592,-1.1457966662885122,-0.5501240344231187,0.7305374056857196,-0.11757727327499663,-1.328737611736168,,
11.841065,103.90554766183995,70.8228379150955,30.78343508676805,0.3392913756760087,-2.0804547567676863,-0.07698206791099817,0.7336051283881615,-0.10063749537579804,-1.0946287276332438,,
11.850569999999998,109.37337702209535,68.45653331908251,33.2090175855898,0.3030446399389143,-2.7362510278831995,0.11677613060151981,0.564714504754661,-0.19472767143382727,-0.5858009563144472,,
11.860091000000004,109.57380053394864,66.097884105929,32.97262567915157,0.8148185506247293,-3.8398497358184502,0.47933201388583657,0.26181055615551835,-0.3828864633217027,-0.09381434672993653,,
11.869605999999997,104.48087964083929,63.796603866251395,30.643505292472714,1.9663117846187916,-5.199190206216824,1.1507842381000386,-0.13288650936044225,-0.6149319345120873,0.4475996116651738,,
11.879106999999998,96.1602166219382,61.492989265814174,28.433577229530492,2.367817329931968,-4.976844164391979,1.9242657753068293,-0.4471447236177156,-0.7750408451359424,1.0267986621613205,,
11.888797000000004,87.00518822336028,59.487451102724755,27.645053480384007,2.308492552285107,-4.02616485252911,2.445372994428954,-0.6162249731537763,-0.7768889453822132,1.4261598267011242,,
11.898316000000001,78.5817693665015,58.42126513459451,28.1732261966633,1.6333716682297386,-2.4351022256737247,2.325723078726703,-0.6761123474448564,-0.5960676853112129,1.5389016850045036,,
11.907814000000002,71.4498993150005,58.94032516487045,29.210770551433736,1.7242068999820683,-1.3372453493573346,2.1836832686600145,-0.7082915568443647,-0.2662616791121812,1.4572781977120608,,
11.917250000000003,63.97018730035204,61.27730284264301,29.604649721658955,0.7442098784848837,-0.05413044403950344,1.302876728836693,-0.8860404653624537,0.03850494448854699,1.4127243288081142,,
11.926836000000002,55.26339286368994,64.8305506824967,27.467950451814218,0.2393967426745058,0.541366684359203,0.27100465714515565,-1.0386328009553365,0.24296001073522328,1.1638269156176653,,
11.936180999999998,44.33898637504527,68.71424711151556,21.78618954501522,-0.1548219136184452,0.8319308760107798,-0.7568677325479293,-1.1115863389916902,0.340006218064562,0.9078708036985591,,
11.945764000000004,31.094722428227797,71.98257703366876,12.623726089252877,-0.7607109644886698,0.7931296404655402,-1.6466622369566468,-1.0480786054994697,0.3513395962319659,0.6925057999194248,,
11.955265000000004,17.716104862960844,74.04022732584954,2.0257507452454098,-1.2124456221244015,0.6136690063592682,-2.2501352691866905,-0.8319693866959763,0.29925561439055137,0.48734398413005214,,
11.96479,8.0120700960041,75.3052669961492,-5.902363418724932,-1.3836563824805648,0.4907898012820462,-2.548656105934278,-0.5094451311710134,0.26094564436323164,0.3207992044304894,,
11.974302000000002,3.8265682018517753,76.58865890527117,-9.009700512552486,-1.5050984389480266,0.4587958567340711,-2.663416787368588,-0.17377501194297512,0.2714687936431565,0.21684515604410107,,
11.983820000000001,5.2975678779796205,78.12131396907147,-7.123084974417343,-1.91632838913061,0.4415325247774013,-2.794834800890765,0.10128413369415855,0.2848886004046091,0.10656146641930658,,
11.993316999999998,12.10572125908213,79.61663212886747,-0.8377818853360792,-1.6525937146985086,0.48542383791970456,-2.873823405524556,0.2771190898434196,0.27020098605574555,-0.07185606413188315,,
12.002839999999999,22.69443477368249,80.83639279187256,8.538595640981313,-1.8194259692558874,0.5200651777337294,-3.008614344497218,0.3357837945975463,0.25748476200135995,-0.21165872467317173,,
12.012346,35.035961183741776,81.51201255025393,18.843966354374007,-1.784380594610103,0.5791253362720301,-3.0578492189458832,0.328805056448474,0.21152139194529546,-0.38668424790315625,,
12.021816000000001,46.13804470941432,81.4849837631723,27.17524717948169,-1.1037768115845739,0.5556347947853644,-2.860981601199812,0.29663796643079043,0.11509387140798777,-0.5386357092429966,,
12.031323,54.87322013328044,80.79211648775302,32.970935548440316,-0.8902895141041366,0.3775632521898943,-2.6106820736584297,0.29440233358089835,0.007539907790141858,-0.5761115320912285,,
12.040893000000004,62.470561197119814,79.28961190173207,37.284220831835405,-0.19727565735443742,0.1580360244329024,-2.0302190514843867,0.37965978570264813,-0.10097313771539991,-0.6555885165890871,,
12.050302000000002,68.40863537216313,76.73928091854606,39.906784363070436,0.7938906033651243,-0.21708483684144916,-1.121191747371563,0.5029275684112087,-0.2503336234473667,-0.6635020148822827,,
12.059812999999998,71.78348383222797,73.0782897933297,40.562356808167024,2.1647920018691122,-1.1156119188579978,-0.059044924702701895,0.5998070000349468,-0.4503751243170944,-0.5515181800305113,,
12.069510999999999,73.01959985436135,68.52811397327278,39.74487274868769,2.8241410299623286,-2.0894096895445267,1.0987553061752444,0.6424585136390704,-0.6475359725434178,-0.4286842695185445,,
12.079017,73.20520604991708,63.55651661533637,37.69295076892303,2.972122819619242,-2.890158579684862,2.3677304342627457,0.6279675255988812,-0.7700307781736755,-0.4783600544922187,,
12.088524,72.871671787398,59.005715711361304,34.93053158746723,2.7671296372444827,-3.760543992157603,3.6013799147345074,0.5078572061591333,-0.7553689048693463,-0.5281895027000302,,
12.098041000000002,72.28019228160451,56.053359728356405,32.10804138026971,0.7060980170758553,-3.880541304802307,4.4224416589273705,0.2677402561154649,-0.529750410477504,-0.49765338551775073,,
12.107551999999998,72.57089303978304,56.53245735567969,29.65053405322536,0.9441792596072477,-3.8350611164983266,4.787495442398347,-0.027943734824607123,0.09714426732040994,-0.5694678081372166,,
12.117072,71.67819141055872,60.41629153264707,27.91505398175929,0.6677786853087827,-3.161759167308198,2.6651627295391274,-0.46353833466513983,0.6343113109477999,-0.21194173675926845,,
12.126398000000002,71.23922061675736,65.55050480868573,27.309508241969088,-0.10056198668122028,-2.213022985749016,0.2517630029454127,-0.5195557295505296,0.8899285843563833,-0.04796582913321423,,
12.135896000000002,73.5004830548193,70.35480684802458,28.854986166686878,0.8950876539395378,-1.8053384643325663,-0.8036929386039661,-0.3108900963380579,0.9259962471032392,-0.10333249113749265,,
12.14548,73.5761551506582,73.55264818254194,29.884316413160565,0.58172698038558,-1.237572781702,-2.157635777992107,-0.31870451756327095,0.5573808283645496,0.2025319471641511,,
12.155011000000002,71.45050451316504,74.62424792842747,29.378726718010515,-0.6309329313746734,-0.6140645971707507,-3.341749677280768,-0.2166537298321019,0.12534400848834334,0.3184502544814206,,
12.164518999999999,71.17436276031154,73.99624830005062,29.49227323892665,-0.16372486783337037,-0.32667259878161037,-2.666639110061581,0.039575274162906245,-0.12053172939176628,0.07519093859644692,,
12.174039999999998,68.55995331795768,72.53860010853262,27.424489098453392,-0.14384680781443007,-0.038884481184828096,-1.891689474120849,-0.0022061399356964424,-0.33205301920567964,0.07208864734770766,,
12.183450999999998,63.515162755463194,71.3836194664296,23.2744259519352,-1.0179953855439827,0.22856759992848108,-1.5430957151732327,-0.19203834589906493,-0.3467083790584539,0.11163408628279697,,
12.192979999999999,58.79301010442772,71.55066903855824,18.454012666336567,-1.2825736773602032,0.5467967781033335,-1.0158138643782777,-0.3010717506612758,-0.08001056123593137,-0.08322000521692201,,
12.202480000000001,52.267799549363566,73.23923442045427,11.154983101373228,-1.4843635341619752,0.8415761198569146,-1.0144684398412631,-0.4768758290926432,0.22093028699874892,-0.2301655848599254,,
12.212007,41.99594368145791,75.80086816231658,-0.5803647451199645,-2.0274804357392653,0.9880776637511728,-1.9287845334682343,-0.6022590832991562,0.4536151498286884,-0.3757640853393388,,
12.221587,30.26114203862434,78.59852111796891,-15.261093675586709,-1.6524097829268112,0.5544021116508357,-2.7039977077654576,-0.44795085500199966,0.6192765840418547,-0.655383803864208,,
12.231085999999998,20.426875186784457,81.22632966042478,-29.032291832242063,-1.6033349404442518,0.16230636892077596,-3.2801713146876557,-0.13242261682008746,0.6117751064552964,-0.8383026970019161,,
12.2406,21.381894609966235,83.36941494803798,-33.09007495854327,-1.6536256783381438,0.014309698551889065,-3.651555653397826,0.23191996164634648,0.352167662220757,-1.0337589287176239,,
12.250098999999999,49.36750419367951,84.339496654799,-11.508603239143289,-1.018392510722167,-0.18826633657150896,-3.522385103076193,0.6099450876333518,-0.05076294487845086,-1.2974741561146956,,
12.259615000000004,86.05653189703307,81.70768408662089,17.885130134374787,-0.46405942838552666,-0.06496854802020069,-2.6806403580760008,0.8940877276064942,-0.44809191914929614,-1.4715873861174742,,
12.269114000000002,101.9579795705864,76.42437113082518,26.078756186471914,-0.08772969974145471,-0.1956953829132042,-1.4356553852899214,0.9431115017015101,-0.7412292524206301,-1.5587438982273432,,
12.278756000000001,108.80673430454846,70.93243053211067,25.35764897277316,0.1762417691530577,-1.0872786342919252,-0.21653066666015963,0.8172575942374428,-0.8151475801302019,-1.5334438272279858,,
12.288262000000003,113.28479310023712,66.55150198336315,23.408282767804916,-0.05129069628356311,-1.9354247135490195,0.8155356569764584,0.6502869212205915,-0.6580499730898834,-1.2350505031482502,,
12.297772000000002,116.43522480367004,63.95359276642124,23.00141527665387,-0.26104986791442053,-3.2287148126082887,1.3858847954733704,0.44033937942849244,-0.36671177306066566,-0.6635160756067805,,
12.307098000000003,117.56712565869452,63.22102297130136,24.488201488240517,-0.04471702428126958,-4.505930397499796,1.4409615552876591,0.1440593150762672,-0.08638718838219733,0.08555034007998313,,
12.316606,115.54018724654419,63.8814166365776,27.026505934085364,1.0160520440538772,-5.721898359921236,1.5796956337048682,-0.2281283291417744,0.0470574522635427,0.8622824714914324,,
12.326126000000002,107.911101461956,65.42370654389508,28.30710339626422,2.0204202540990037,-5.380700210262101,1.878629483906956,-0.7311319119702149,-0.02580786375507561,1.6271187525305784,,
12.335646000000004,94.12679072107997,67.02107108502005,26.360068295402023,2.4366134077905124,-4.4810197674883145,1.635673115795001,-1.1430705136693626,-0.22595032238350393,2.1259851403947345,,
12.345157,77.95787402082077,67.59607407860462,22.43976942170842,3.110479314837104,-3.64511412550359,1.6952521603209825,-1.1918287094291187,-0.41190123032824677,2.1920243138533486,,
12.354838999999998,62.46884207349431,67.21979092934798,18.91983670975545,3.820328632758832,-2.3631357950720506,2.1875993995669485,-1.0969969478568116,-0.48926269504517766,2.239087467068752,,
12.364353000000001,48.56009136908212,66.88890638450894,17.462105433118303,2.5329331669757935,-0.6423009507673646,1.7900090692559387,-1.0187085625226304,-0.40335881725512573,2.3473265218869175,,
12.373870000000004,37.05790267410863,67.39076915152302,17.09772601104501,1.5858703835467267,0.2826298148168857,1.4108376118091688,-0.8900513958439413,-0.1744184317011755,2.1240342354608774,,
12.383375000000001,25.901743858772722,69.0087381337502,15.895178674063233,0.9266307446046154,1.1050686549234652,0.9317819818331571,-0.8909490763416955,0.06497119676340055,1.8238550965426605,,
12.392882,11.569354600144976,71.443637303903,10.576306497558358,0.02968348350287973,1.3328909816376457,0.02363281259819754,-1.0574924282156406,0.23902320080066117,1.6279554402465704,,
12.402227000000003,-8.315927833452,73.61193728115289,-1.3682297541706878,-0.8552660882154812,1.0658255436338357,-1.0007962711174727,-1.223024242961213,0.31958864028914,1.4015924417101935,,
12.411805999999999,-32.57988592920166,74.0099472739873,-18.934056578237602,-0.9448030593469549,0.9055862180361737,-1.812914716990433,-1.3106093467418178,0.3059639507718999,1.2242683403314736,,
12.421315999999997,-55.222157808185905,72.27305411142032,-34.568008408266486,-0.6343711911387733,0.743073142441164,-2.5582386449095567,-1.3198865675809044,0.2749716900192798,1.2821529233656883,,
12.430824999999999,-73.32671786672752,69.68786667786905,-44.542237579497915,-0.7308942763880915,0.23574441803092433,-3.344577837137877,-1.2307965930544733,0.3464424246966824,1.5081989431737488,,
12.440339000000002,-88.65108395920167,67.61660913807323,-50.28017258454565,-0.43735513987009916,0.0427174345993327,-3.847940202532651,-1.0517575569351711,0.5335297079659439,1.7970602307734869,,
12.449846999999998,-102.62161636751206,66.82930003325001,-53.16953426905068,0.18358804043721366,0.9495540340601478,-4.518305929726394,-0.784231432994001,0.7434093763064501,2.09574947884171,,
12.459353999999998,-117.40512028356143,67.50486927876453,-54.381460652889416,-0.03554750207254627,2.116379501983193,-5.504450260688787,-0.5616412658874019,0.9948007018958424,2.4840973539838154,,
12.468865000000001,-134.4922872731726,69.13672672785172,-55.748986565574484,-1.1491535497705438,2.7174781867475386,-5.550965762070523,-0.4469621770336232,1.2126663929253847,2.9036580464952397,,
12.478375,-151.95076611877582,71.19744222264457,-56.18947614835687,-2.5766060265523714,2.8944253553980444,-4.6948322047973745,-0.31205711707315886,1.2064333189559913,3.1970871776290553,,
12.487825,-166.60760994139446,73.21736702029025,-53.440039387445815,-3.9674817801451336,2.294143046278863,-2.978003170548001,-0.17514412916861044,0.9640543004122196,3.340314985468466,,
12.497326999999999,-174.8565570330928,74.91626506509543,-44.460133944347774,-4.033019319991461,0.48058887335994904,-0.43722664074886475,-0.0290527173817637,0.568703923063592,3.380981664672471,,
12.507010999999999,-173.9374005711059,76.59839265423541,-27.05619024254378,-3.2279500215793524,-0.837387917135672,2.041851675854525,0.2457983408184366,0.2535193274040207,3.3010551603736733,,
12.516530000000003,-164.11502797727098,78.37915226450235,-1.3405036130520336,-3.4262834046053237,-1.996297281220527,2.838161709889536,0.5105124991383077,0.2497872206952462,3.2230883548996188,,
12.526032,-159.3557642344768,78.93063358402776,20.986087556587876,-0.2920702141200712,-1.4864570505683286,2.4358802132633692,0.17246162145764435,0.1525866409379125,3.5311461775278055,,
12.544882999999999,155.70167011426759,77.20932473504011,6.586478191419252,-3.93993624415347,-6.909169943218266,0.7105938857058773,-1.1117820203659519,-0.5893011665811517,2.923074408018864,,
12.554388000000003,127.51276232956943,73.27168067157373,-1.8365798218481078,-0.6810351563077799,-8.904412525116118,0.42720173189265875,-1.4061981211727521,-0.8085974911755515,3.899856586300885,,
12.563899,106.62800704620246,68.91681135841516,-1.5749246967970447,1.5436861649302984,-8.797756289774863,0.1941417441002826,-1.3921710421059206,-0.8046670540030596,4.150366176971563,,
12.573411,88.90502048359606,66.24043190347193,2.107810801938676,4.993774175569522,-7.710267552954486,1.7480654022279163,-1.3651737070907481,-0.5252501752079789,4.160364134973971,,
12.582912999999998,72.03702193092253,66.96701672523146,6.776679479432375,7.522179274800639,-4.764253607726211,2.6759257382613337,-1.359959903282441,0.04951612855737548,4.171658237841872,,
12.592616,52.672476795801764,71.18762995362627,8.559534797220161,5.78965082449545,-1.0719582431701469,2.4738365480270876,-1.4903816495850086,0.6513947856121199,4.118849468020198,,
12.602125000000001,20.97191396098234,75.96314030315618,-4.03616618800563,5.053593112140432,1.440550499055156,2.1207892745315706,-1.8193355517705216,0.8565300729236488,3.700599969033448,,
12.611466999999998,-26.0943055982324,76.32002011279701,-32.9074805892743,3.725370404954884,3.030155163782215,-0.05230155766330901,-2.0727570336753507,0.7608623825884424,3.496759015118669,,
12.620956,-61.883046604128644,72.20045815002517,-50.65144653640015,1.9479579371635491,2.7228939903331235,-1.7935721848865451,-1.957576376007797,0.6885513870004258,3.4585719924607385,,
12.630482,-82.46495573482035,67.96667357716913,-53.45235410211974,1.6682500846872819,2.9549484193350133,-2.9287675932287383,-1.5186462456489978,0.5840716960355998,3.413173305609083,,
12.640065,-98.4658454648974,66.08867215354202,-50.7595077435758,1.4181216447828333,4.200387181726482,-4.161496473301609,-1.0551904879207168,0.7504773503899702,3.5872392642550355,,
12.649571000000002,-116.54073442923679,66.69498573649403,-49.11811296182767,-0.09394659374323555,5.158559008387732,-4.815518499291312,-0.8268772504849469,1.181481380136688,3.746414130658364,,
12.659084999999997,-138.7086611257011,68.57385886433056,-50.5137224791212,-2.956744037639309,6.0992583046929045,-5.300868587039258,-0.793558250183811,1.52219195973282,3.8237032681319416,,
12.668525000000002,-165.22068437425887,69.73463531172159,-55.6125396956939,-6.279768996247354,5.11402556758075,-5.230442004804167,-0.9368506547094956,1.6395836385165754,3.9386901401075707,,
12.678016,169.07301726796538,68.83210256338286,-59.74873969235499,-8.340186132192434,2.247482847439741,-4.1203511845153376,-1.1081975380984674,1.4417442626366979,3.9825823286318873,,
12.687545,148.8895064222577,67.20272139950075,-57.965798465153036,-9.033321789924338,-0.9121620256238883,-2.3821326083286753,-1.04865907230726,1.1339485722823488,4.097264277365951,,
12.697057000000001,133.58999681205498,66.88872982412352,-50.86485151595999,-8.250107786599134,-4.0714176696108995,-0.7881039245630056,-0.7405498856378946,0.9464429256326312,4.233319377427411,,
12.706563000000003,121.43956068839083,68.47547545949533,-40.39013019775984,-5.443961580859819,-5.684650254862793,0.33744405915903486,-0.41802311648305424,0.895780958019453,4.337927730546064,,
12.716072000000004,110.80512433152391,71.5544870075697,-28.632145530240766,-2.9978438997974135,-6.955230223113539,0.9226121245049065,-0.25368028438885815,0.9337650117979761,4.345085045715629,,
12.725583999999998,99.42946411580603,75.22225308349945,-17.920957301364748,-0.20557468824280506,-7.477369931611963,0.9740370598650485,-0.31586658880390883,0.9429052736654269,4.317224330857316,,
12.735095999999999,84.49681998601307,78.22223478382243,-10.918611316756577,2.4110859800781093,-7.428617993548809,0.503092297616104,-0.5269592276347159,0.7577982853331222,4.302607735075275,,
12.744616999999998,65.20588864888127,79.1987462404454,-8.532092966765145,5.256318453448174,-6.554405153554565,0.16704983470721138,-0.7239858046848348,0.32069082679396554,4.25660824531083,,
12.754120999999998,46.581457960280694,77.623865753073,-5.409623800792002,7.5487167536597015,-4.1967865146849945,0.09832791627225862,-0.7929057696164714,-0.22256189800826193,4.269199282592167,,
12.773144000000002,25.931087109247592,71.57726388061928,14.717510306936015,6.7872398539898455,0.8818083673391416,1.382119671057902,-0.3706898899633586,-0.6739961163076201,3.7948454428314555,,
12.782826,18.33691479681197,69.77487706072914,24.230541988066925,3.8436756927050584,2.432255500573403,2.5557997456864943,-0.35675863782376527,-0.5192621336212732,3.3301159659491026,,
12.792344999999997,8.340730800685668,69.53886475609175,28.550740893038707,0.24123748580035873,1.693333405864028,2.9371988416022132,-0.6025970670128777,-0.3613927374406626,2.7844728612914804,,
12.801853999999999,-4.595066321916285,70.20476350966047,26.260685202363238,-1.8103588284556866,0.6462261734677882,2.6329884963386903,-0.8487960856139749,-0.30206018427658077,1.9956050187991734,,
12.811354000000001,-21.440280349521714,71.09608650682429,17.158281934215704,-1.7857401862925895,0.7898983417649068,1.6863532334010802,-1.096071583276611,-0.2588130136173302,1.3634318246807722,,
12.820878999999998,-41.88609352880052,72.09141678800185,3.288644831702564,-1.2992925643516526,0.4906805007034317,0.5571920849691985,-1.2952768878335503,-0.04674818821738987,1.1002703504570777,,
12.830393,-63.81445040818049,72.41297740053831,-13.027988267468572,-0.7323301843411217,0.4641611383305232,-0.48119368103374743,-1.3142124871988783,0.16477321108288728,0.9143338202368864,,
12.839799,-83.78330507765695,71.58096343705901,-27.261609951184628,-0.0982526728366775,1.0321738004455758,-2.0552807179221584,-1.2039334360007998,0.2585423658352091,0.9523770905063008,,
12.849305000000001,-101.72044168164258,70.49976217470223,-38.37221205116742,-0.06689008653262335,0.28154212228804376,-3.2654000552001334,-1.0847296923091756,0.44001005242569974,1.171681969440037,,
12.858814000000002,-117.15659549890984,69.8084124543674,-46.41007314289492,-0.16801414434358536,0.492310959864482,-4.205340394611316,-0.8560796296353612,0.5948738375908846,1.2968452293657555,,
12.868327,-131.63253204001978,69.61738466583802,-52.03053601538477,-0.8297239745823907,1.2809211817748338,-4.777725635028206,-0.6732788808668638,0.7266876779858746,1.5917959745792711,,
12.877848999999998,-146.29343240618067,69.62081576232985,-55.792227402741986,-1.5913209436590827,1.5879392263151324,-4.470485706340077,-0.5870761639347765,0.8206057692219086,2.049976139021806,,
12.887349,-159.71391433238213,69.72969541820727,-56.637000001484616,-2.645247608687496,2.139331294236106,-4.085558127454573,-0.4859434215625217,0.7849820182948395,2.4090976507583286,,
12.896773000000003,-171.22073981555712,69.77668536352229,-54.0280859106152,-4.319291687059129,2.3499802212030496,-3.635611333273395,-0.4311563381118177,0.6618565492263222,2.7438635213665177,,
12.906286000000001,179.3038144039145,69.89397007041354,-47.68845527678349,-5.119015445319847,1.183330233000633,-2.734563858051768,-0.38119615973400994,0.5264616801728076,3.1084534447708543,,
12.915801000000002,172.38509893987953,70.40266425332486,-37.8765751112974,-4.703650481694999,-0.07591554877600121,-1.7346868809457494,-0.2654282183908394,0.400976744402187,3.2621855666987094,,
12.925314,167.94153170039613,71.23746145858823,-26.097435574375684,-4.782223220406913,-1.333614797252622,-1.2596036936428678,-0.15052037256877107,0.30598239468232935,3.1931981414587356,,
12.934834000000002,163.95448434307545,72.09978623765564,-13.62470128063954,-3.2500268783824837,-2.231701667965351,-0.5545039830939255,-0.17156693143410162,0.2591476664474837,3.2492509368096094,,
12.944332000000003,159.4258224442606,72.89922245539753,-2.118842475113459,-2.2151908512627396,-2.574302930458146,-0.25076134109669407,-0.24567001624017265,0.20836991874706448,3.16231308332225,,
12.963365000000003,140.06484205107483,73.56307851678122,12.45540153640301,-0.9607832741074189,-6.033849763741104,0.07224016476447867,-0.7099786397348681,-0.07318428786607586,3.4802185383074034,,
12.972873999999997,121.14649895363155,73.35887432832602,13.188115078007637,0.7386242809667295,-7.8575908928778695,0.5397031171467165,-1.0507856294609377,-0.26609107202409776,3.859123836784017,,
12.982382999999999,98.6378621709103,72.22610606030979,11.74885801056499,3.8650393939512298,-7.885974412468771,1.4831753369241147,-1.263378958307231,-0.4965563541825393,4.091410933713145,,
12.991883000000001,77.54915783655085,70.13379577733814,12.208196324767991,6.175526872332895,-5.760363917862229,2.2924917420605966,-1.258298283640551,-0.6838496107842827,4.144776032583902,,
13.001401000000001,59.339851178311584,67.84346345576449,15.799094709940741,7.340165212945971,-3.1277086986044305,2.89740272883633,-1.1704173271719038,-0.7597244952556577,4.16493348508286,,
13.010914,43.71234766623002,66.42470000481936,21.533591176720865,7.505844848685647,-0.23857356792175222,3.171120917828811,-1.0711938488843384,-0.6632168020112592,4.063215219159383,,
13.020609999999998,29.97898710711366,66.83981764188569,27.385525032823388,4.9485113673309105,2.1382169185994426,2.4858437623502905,-1.0327967161553588,-0.38448769367791713,3.726605500118703,,
13.030107999999998,15.783161733537643,69.05038292674527,30.209107618029694,2.0734257227632376,2.9324546176837285,1.7785612486673132,-1.1487445430390368,-0.13688622920102697,3.2300063542435034,,
13.039608999999999,-2.82040582968704,71.8834527177819,26.05048817330674,0.12317172346551593,2.4724093138878533,1.1631083414221985,-1.3590450917035348,-0.09645408103045788,2.7703151294377273,,
13.049149999999997,-27.634726207973106,73.73276292665543,13.653615543021433,-0.4964014713326735,2.2534540006136643,0.4924862318844119,-1.4922413300228647,-0.1615082821689042,2.3341392226524382,,
13.058464999999998,-56.051651792813594,73.560292136056,-3.13925934261037,-0.5935939925816887,2.6461219969018654,-0.3483678490219808,-1.572476959645205,-0.18670541715527283,2.1428999804313715,,
13.067990000000002,-81.59121928851084,71.60612625708323,-16.477195996612835,-0.6696976563945728,2.357571306509026,-1.4765511989261262,-1.555287854179429,-0.12523780918744756,2.2419557833772568,,
13.077565,-101.90129318231111,69.51905782524985,-24.111673304948294,-0.6833090023712339,2.8322834496187794,-2.8609095380359117,-1.3973707927932366,0.07520494458468101,2.3367927539978957,,
13.087079000000003,-120.43336252947361,68.46587794761682,-28.881813425855142,-1.5709647420985626,3.2520790689863963,-4.37573043667977,-1.2688899166333012,0.4000346453133589,2.5081748108522017,,
13.096592999999999,-139.8789135933278,68.56445060946868,-33.205983024270914,-2.567009638803091,2.617441841277091,-5.296324411588096,-1.1961324272352836,0.7480971516080492,2.7559971200112123,,
13.106093999999999,-160.59735117000662,69.11840962664942,-38.27807553366528,-4.219044857138704,2.0776746922223603,-5.6595959703136005,-1.1352613892555594,0.9619779072859248,2.8512956658637414,,
13.115613000000003,178.43923579751072,69.38471637606618,-42.95318591781578,-5.704230343317497,0.6662021280460182,-4.908463096720383,-1.0766771491894058,1.0127569493201392,3.054288450775625,,
13.125047000000002,160.1846976460661,69.5882080518683,-44.089646205823605,-5.991682106364517,-0.8907780984621086,-3.238060738094719,-0.8869025366274614,0.920128268071655,3.262302224126859,,
13.134546,146.82326806367476,70.38908970565461,-39.90306989340262,-5.524632688325375,-2.3185881073081354,-1.4726697526617933,-0.5662988559375544,0.7411208389752739,3.344657075272702,,
13.144064999999998,138.8470859687071,72.10838104933406,-30.86105386803573,-3.2023385085748535,-2.498087216760497,0.09001595037603699,-0.2152195705822549,0.5897013999569949,3.31488977588709,,
13.153575000000004,136.75022133833443,74.3800100401617,-17.839100672059075,-1.9971772254544524,-2.587686154264192,0.6944024473964763,0.07915772482268169,0.4771261195700145,3.001554755885237,,
13.163080999999998,138.83327978654344,76.10970867696706,-1.4049621617561328,-1.0645506768461064,-3.0223776113695338,0.370567130077606,0.16155196378856623,0.33622639423894013,2.8796883232677137,,
13.172592999999999,139.65641291035067,76.4057125928571,14.51676532051766,-0.416152886588594,-3.7670870204477005,-0.40749385765090185,0.027693350433228184,0.07445355218083133,3.0206721450575715,,
13.182110000000002,130.71021029176444,75.69406318270407,22.07763674642412,0.7527477423538913,-5.968718401289626,-1.0074360340809887,-0.3733520556662117,-0.26219694597957377,3.244406580251897,,
13.191620999999998,107.84342601853162,74.29965967828615,17.675682555563284,3.1235446189008087,-7.184440227598707,-0.9439087022804774,-1.0286688517218416,-0.6532516397432985,3.5680160687835234,,
13.201138999999998,80.97081862482943,70.85098767995821,10.442417395352953,5.629591194788589,-6.4587208863785435,0.11533382200414438,-1.4032560397450047,-1.0415852404101467,3.7032221348284478,,
13.210639999999998,60.14310081147657,66.33485262201364,9.97680891660103,7.084151857134292,-3.9594286974525517,2.38332235531469,-1.3486124969376547,-1.1511257083425201,3.797852944048687,,
13.220339000000003,43.082505925634855,62.92583331132835,13.215634538819486,6.571945000734637,-1.372733417748355,4.787713455419867,-1.308129608339875,-0.9618682721220215,3.7854784678229563,,
13.229843000000002,27.143450772368123,61.62451932125588,16.25492136636689,4.355382998448146,1.1689197784278162,5.146310069130688,-1.377145054341262,-0.6326975844985241,3.502033146016651,,
13.239365,11.56850494728201,62.90269352960204,17.520328139866947,1.6356480314858761,2.2184948448510418,3.7196256771028775,-1.4646340931706976,-0.18299906539613262,3.0926239147823793,,
13.248863,-4.774218830655431,65.88237686328058,15.477337091544886,0.355531924868301,2.1876827994222903,2.156015315957247,-1.5210113214849923,0.16093647429054794,2.622273721274525,,
13.258378,-23.358888403671394,69.09129938105444,9.192910032802368,0.09322807402070925,2.060421025826506,0.43347301250221326,-1.519850760364219,0.31063508825630576,2.253167443682604,,
13.267704000000002,-44.456573395101024,71.41877503124402,-0.8047988169515123,0.05133300682314701,1.8820478276101713,-1.2367017868442038,-1.444886080127922,0.34649033499754445,2.0378078191680578,,
13.277307,-66.53728270393852,72.53905469595988,-12.119058717638145,-0.03875351241407958,1.6292933384300787,-2.7048836627798107,-1.3199181819489305,0.36459293895130324,1.9902832289779688,,
13.286813000000002,-86.82406744631349,72.76390261720218,-21.388970387771018,-0.3105320654173039,1.354571944876757,-3.495989720098884,-1.1330533520615829,0.38268911444305015,2.05968510302866,,
13.296318,-103.8600011671957,72.71154597855842,-26.793714428926695,-0.7471545854870614,2.2471292589445273,-4.11895140720841,-0.9151617493365323,0.39612960745367165,2.205568535680381,,
13.305835000000002,-120.20722401028331,72.69989494609642,-29.727950225227836,-1.7791657550089244,2.9019832877021896,-4.244318684736299,-0.8449513681961051,0.45241975906968074,2.53516920746096,,
13.315342999999999,-136.2375834473489,72.85494696538693,-30.680538351274947,-3.113871084087261,3.2314346874679023,-4.017584649001774,-0.7922817343711546,0.5018044857877823,2.8720344913802416,,
13.324772000000003,-151.9570127192533,73.18582848264087,-30.310737864646573,-5.399678341278395,3.41442782107831,-4.245188122111637,-0.7445080142151417,0.5251719478977609,3.119342372515348,,
13.334294999999997,-168.47810903362668,73.39910354928483,-29.04519680923883,-7.092711357449854,1.8078445452537746,-4.127729036991729,-0.7923969085453477,0.5136039736523392,3.456710610044323,,
13.343801,175.40925660156478,73.61919786634739,-26.543404317070216,-7.2033452581366895,-0.30184337470426265,-3.5494204206860904,-0.779232279693393,0.4754675206248596,3.6377391340324454,,
13.35331,161.44438062217475,73.8408551289796,-21.992964453194617,-6.659985193495472,-2.501636692268308,-2.96041232412955,-0.6897984758173809,0.3728599950705881,3.5887771378566535,,
13.362810000000003,150.84271089989838,73.71630044338899,-14.720374313093034,-4.0237246133536155,-3.3363658076570055,-1.822052539085352,-0.5680434186947176,0.17498831541927712,3.4873532014967505,,
13.372329999999998,144.11448093346132,73.36078949840687,-5.305333659951652,-1.990364692769185,-3.2803374654944504,-0.8517482181034647,-0.3885466486336302,0.008225490868457386,3.1698535600745092,,
13.381838000000002,139.060349662661,72.88601707861835,4.439821724724473,-0.5632291927876869,-3.2619628568568872,-0.48372614883826,-0.29755332266102164,-0.08095356477648584,2.953676949359624,,
13.391357,132.53491644728646,72.09931268310655,13.099382550060467,0.3001445325451556,-4.060173775741094,-0.6861399497674411,-0.370532081240935,-0.20501439084154022,3.0070037502341176,,
13.400857000000002,119.94170364804344,71.15574901663733,17.49696184878713,1.5942651968084756,-6.595919606420058,-0.616208764345918,-0.7252907071150806,-0.38367340660705523,3.26452455830107,,
13.410373,97.26779965641201,69.98741629524754,13.534819614425258,3.958040670418263,-7.576231941051001,0.5571211684754109,-1.401937843448671,-0.6152263181099543,3.5699311534311,,
13.419888999999998,70.24298019819888,67.30881761275627,6.634566648862917,5.823318062946161,-5.7078910546408075,2.248589183777867,-1.8527546126749175,-0.8531526197744765,3.7358521510019362,,
13.429580999999999,47.90820138300574,63.71566903952308,4.940507733252026,6.5393282136203075,-3.0120475058936154,4.3447876304214175,-1.7815199559345074,-0.8916872016829058,3.7920580458510487,,
13.438997,32.898311278290535,59.8926645882292,9.318456999394073,5.593108526442542,-0.8696246215863553,5.611086999108198,-1.3240052518565038,-0.9371443694541902,3.5701637092910596,,
13.448596000000002,21.27704474333188,58.69317096433413,15.278546960541657,2.67256076523414,1.3139163977330277,4.692674009974444,-1.1151986372577187,-0.4943979103293832,3.238195403004069,,
13.467613,0.35805732680335256,64.63922271167104,19.530296899337937,-0.4479644971952815,1.3934304554618093,2.2944292449355257,-1.1657728165290744,0.3630400570165724,1.8542132674447627,,
13.477128999999998,-14.58088362364019,68.52177135666454,12.854614363728286,-0.20656214094067257,1.426390236637416,0.5664274905528821,-1.352060328143006,0.3984764301757237,1.403390179912083,,
13.486470000000004,-35.03495721227567,71.32056871564419,-0.6975656222241916,-0.1837222188743949,0.6739814935221135,-1.217885038108036,-1.446703384711969,0.3887370199468789,1.1317487595548137,,
13.496056000000003,-55.80548656071652,71.79063050377553,-15.603649121369822,0.1786497261121694,0.6380725959065221,-2.5464390430750683,-1.2783142050578422,0.26560558720423855,0.9658919314058659,,
13.515069000000004,-85.73323151932813,70.77209157210878,-32.41295541112986,0.2523641287029233,0.09522606415023563,-3.5196461749988255,-0.7817196164848472,0.36344955179987853,1.2094172429342984,,
13.524203999999997,-97.36213455832619,71.42085982301491,-36.659362381279436,0.028684965804218452,1.2038943443517571,-3.149309308914996,-0.5392066121213275,0.5230220836292261,1.3502970233352563,,
13.534103000000002,-111.01381754245271,72.62109498307275,-41.12427751995759,-0.43698043562301203,2.630239841740128,-3.0148447892303167,-0.496272245745744,0.7054791807737244,1.7036857520534199,,
13.543519000000003,-129.8412948717729,73.28180274763768,-48.63977442790216,-1.4119340738226356,3.5618519436150224,-3.093644256036889,-0.6776858729507206,0.8625589111344488,2.0974187018716504,,
13.553032000000002,-151.537214486038,72.51595456513292,-56.77697622232679,-3.14266940547141,4.213332089815748,-3.6958463279994973,-0.879144450508759,0.91571457451902,2.5209377965923725,,
13.562621,-171.96749480744438,70.6149272390769,-60.85778520762253,-4.9530213797140545,3.8925640986358125,-4.778541332955519,-0.9771783111210595,0.9075753190957305,3.060586304424261,,
13.572144000000002,171.2918034750706,68.3750044919172,-59.69745866366715,-5.731625956054663,1.9489482478756663,-5.196025889148768,-0.9564607384723633,0.8003007348981135,3.3668169936664722,,
13.581578,158.6730015067082,66.85442343059913,-53.98170706479459,-6.415056205598057,-0.2902800245464701,-4.567430115610917,-0.7700793199245831,0.645414786285804,3.4741008805718203,,
13.591082999999998,148.68814418241143,67.11397936289914,-44.90526761191587,-5.433294052211644,-2.257312397457619,-2.9071106640378863,-0.46087271854709166,0.6371488166089707,3.6499828065087385,,
13.600594000000001,141.7350512217135,69.00436052870937,-33.20990662672963,-2.9644007864126825,-2.3620250243547254,-1.067260128969448,-0.16009089926289646,0.6336172949613794,3.6252278752598768,,
13.610109000000001,138.7950706955347,71.54521143713187,-19.851754316318086,-2.0164199562179452,-2.3640280423420696,0.28792148394956596,0.05245817403313402,0.5569284778404737,3.22087947649738,,
13.619621000000002,135.65386125163042,73.96348228909355,-7.403815782653983,-1.4423814122997969,-3.19525601640696,0.8006990946595937,-0.06794702697547186,0.5275217353536801,3.0851632309135684,,
13.62912,125.94512438267249,75.48858454503865,-0.03939357151383053,-0.8900416061117968,-4.693275406825632,0.22347315432087872,-0.49649810508730885,0.3486767274641189,3.3415600565931607,,
13.638624,106.19344003903089,75.13422422252773,-0.5681826432697915,0.7614652531111531,-7.81094626153546,0.19384016934577605,-1.0098753376829015,-0.05684984999862605,3.710859138201813,,
13.648152000000003,78.75797107909146,72.08746242943977,-6.7907276164705115,4.072030749408688,-7.6081547004240875,1.2598598331804236,-1.5881988330711747,-0.4918569442847159,4.016932339136017,,
13.657662000000002,56.15260183076093,66.87390598383274,-7.59660366448546,6.607145995233423,-5.243379918932018,2.1550880719008036,-1.7114074181800045,-0.8238315750826742,4.068641671829284,,
13.667352999999999,40.76663758118184,62.69661699640201,-0.45879809259442905,7.290024708856258,-2.225554966806804,3.77228624807563,-1.3790227549130831,-0.7443422038786053,4.203717669714335,,
13.676862999999997,27.15503853255252,60.56139420542426,8.131604716204649,6.051879959168116,0.16135521689376878,4.872399295459029,-1.2722529361603954,-0.5210867488470902,4.105625192330213,,
13.686376000000003,14.505226744180668,60.57529114063407,14.492756528174668,2.9417451596148787,2.007214507996,3.895373754389674,-1.2247981236801087,-0.25187646992245577,3.4687363420146373,,
13.695889000000001,1.7164164292137427,63.06221030142737,16.928557172040488,0.15946944352488313,2.0025947940434903,2.533655392426689,-1.2981333771561856,0.1390925054324112,2.7360587726843475,,
13.705387000000002,-13.328889457261182,66.22878247335078,13.208630275596454,-1.2824274410366403,1.19449176166943,1.7116135553102365,-1.4045784513171544,0.2640165073236878,2.011718255568673,,
13.714914999999998,-31.257751838269233,67.97493841637781,3.9645436669088805,-0.8589761855172824,1.2033963578045688,0.49761128409461963,-1.4242920628840963,0.12362519073450585,1.4756633311591956,,
13.724249999999998,-51.03697619959719,68.38705524966633,-8.313751210725707,-0.4961582212221947,0.7479856656879756,-0.9646758228589413,-1.4564294477632873,0.12513818152935904,1.217362398934344,,
13.733845000000002,-69.13119810880048,67.75880599431144,-19.51607786058544,-0.0946935531422387,0.3431598958176199,-1.9770340566262408,-1.3320664138696292,0.19196138405268834,1.11753578271776,,
13.743333,-82.9250864656729,67.0662440937387,-26.587438504836502,0.20401938251764323,0.033451951338076075,-2.9024361380228014,-1.0205537163862413,0.27676716996033085,1.133098074236128,,
13.752842999999999,-95.1900482168077,67.34316341866423,-32.05586987322388,0.34305844558942894,0.5516708638831652,-3.456384809962538,-0.792646650382763,0.5030457207232144,1.1679322259268292,,
13.762360000000001,-108.93150666241327,68.44373345598157,-38.53497487382741,-0.10331269481194438,1.0902501285643145,-3.3140481770999948,-0.706724288807897,0.7671522057079752,1.2708446419222172,,
13.771858000000002,-124.40486649288647,69.70035001169325,-45.56423672895254,-0.7951574602552807,2.127814595109062,-3.1727945398495185,-0.6420926005833256,0.9167984977855357,1.485430634560428,,
13.781378000000004,-142.09352456376772,70.16338588741533,-53.004867246071896,-1.8699662545373725,2.8069635843809513,-3.2859657209679267,-0.7093597147503742,0.9721018395478873,1.8356366022428483,,
13.790889999999997,-160.83157898703786,69.03030613682763,-59.03189342491687,-3.2197788703376418,3.2427960393104103,-3.689425589472982,-0.9027117369447925,0.9523988742066162,2.307825465389192,,
13.809907000000003,169.6029791194327,65.72509902151907,-59.074782579689426,-5.44859590589758,1.4915803291344343,-4.458475512865558,-0.7454944518916293,0.7804549023454683,2.879647370791775,,
13.819341000000001,158.15409232726697,65.53180955004926,-53.62903166691035,-5.417712602375297,-0.37795841053469414,-3.9539422365129613,-0.5455201902275233,0.7719276539607566,3.1719983447727755,,
13.828857,148.4757865488568,66.95383611415744,-46.251139085242855,-4.933332904426104,-1.5752032678397356,-2.786036507578677,-0.27609465615663614,0.7895299668891913,3.243540695495142,,
13.838369,140.85172814832492,69.57627634028327,-37.190363771849015,-3.465967536014195,-2.2036169843677773,-1.2348150917660714,-0.0665063575375907,0.7792830307055878,3.224299318546711,,
13.847872000000002,135.8707953364417,72.82640982244754,-26.791009835686978,-2.0892331099873283,-1.9025796473672227,0.25264498060733315,0.07563164342516888,0.7348438861372937,3.0181656164297044,,
13.857385999999998,133.05691759434558,76.09614155515987,-15.633366217582513,-1.857710417827707,-2.700905676662577,0.7582840846094204,0.09663085386613794,0.6780305600938139,2.768701441627773,,
13.866878,130.24083116895727,78.36171632080466,-3.7820498427503457,-1.1726980862448892,-3.498259046228318,0.8540402894607007,-0.0494705724732368,0.48057127793168986,2.914976832439581,,
13.876421,122.10142821650712,79.15511349281651,4.422041188418511,-0.588817109978719,-5.492592385031556,0.567319416033682,-0.32541701177854215,0.1669941353919434,3.2331765405092114,,
13.885918000000004,103.33048333365014,78.30350031890494,4.266957374349885,1.8639866721286473,-8.16663786143631,0.3523981107285259,-0.7280532749606733,-0.21723167259518852,3.6464014129980438,,
13.895434000000002,79.37366036657716,75.34294793093208,1.4348447094222605,5.137204487794649,-7.022861204860515,0.698445032764904,-1.0711640327775387,-0.6340380738019029,4.095043688853725,,
13.904943000000003,59.9213928319142,70.91553599034833,3.8116180088482885,6.743230580548898,-4.831083813591076,1.4235367358581947,-1.0996861816859964,-0.9315834152447235,4.193199969285625,,
13.914456999999999,45.579122627978265,66.77618524814596,10.350090823604033,7.418416776943178,-2.1684584372327507,2.884752294840066,-0.936644701059877,-0.9539466828444636,3.9758460431214337,,
13.924145000000003,33.343554663568916,64.58037102689309,17.8383547474885,6.424436076997494,0.5894621657208252,4.000863658769962,-0.8787580754492629,-0.6804491227003995,3.720309685283069,,
13.933654000000004,21.564939005656537,65.00611278283394,23.624982479175436,2.108507065005665,1.6366648609283554,3.4328034192059698,-0.9728102876655147,-0.2863587625978816,3.2819337356173235,,
13.943167000000003,9.208807072285703,66.94599540835178,24.797922713116453,0.13981298456874539,1.587117719364613,3.073403589626856,-1.07704239902017,-0.06906394730486318,2.5240794133336943,,
13.952677999999999,-6.210530544182257,69.4566740785086,19.898046461243023,-0.2293843680744878,1.718470643538624,1.9848157460030806,-1.2459669050323428,0.019242448568872438,1.9585353395338196,,
13.962184999999998,-26.261203316677246,71.99171766516831,8.823554247209987,-0.591392591624618,1.0266454164191168,0.49889031196833294,-1.3988032163861506,0.14954411728871722,1.6305296105102756,,
13.971511,-49.1820781494504,73.3341870562386,-6.431420449515047,-0.15594078550792165,1.2296048696889144,-0.6984489298451036,-1.359364170927688,0.22675229725407098,1.3783015569614205,,
13.981107000000002,-70.98947020525847,73.24109929220992,-20.414516973072153,0.19450169063377776,1.522931678226082,-2.291793307479836,-1.2123670607652641,0.26301138260189433,1.4234665413263952,,
13.990611000000001,-91.31698020941215,72.78053516798668,-32.09209150154146,0.0649287432462763,0.8555494401083932,-3.4732032987137993,-1.093653129952109,0.4334726694228554,1.592002147383231,,
14.000121,-109.6978385367935,72.4314314934546,-41.2502054873905,-0.11624769675277909,1.0481236985553735,-4.2806284453059575,-0.9115872241735135,0.5898712797578487,1.6770084294392682,,
14.009636999999998,-126.95916932967799,72.17459485394804,-48.27568990629375,-0.8437393166169933,2.0667374958958797,-4.763507449705681,-0.7693249482236241,0.6936355144449042,1.8841528741879106,,
14.019150000000003,-143.73177959823067,71.68700074179004,-52.75350578911316,-2.018971529128491,2.710509262380972,-4.51190911330297,-0.7239849193547273,0.7348966083615613,2.2936881625961814,,
14.028663000000002,-158.7664542323454,70.95091161515829,-53.32582556834139,-3.6217605044230474,3.3344053489730086,-3.9641017872286652,-0.6837263018937926,0.6787842862017031,2.7337151231706103,,
14.038097,-171.44934558268318,70.11740111792729,-49.76524550853971,-5.2288508642719265,2.958717663551592,-3.252897931541385,-0.6440215246988313,0.5599929511580347,3.1028345201856338,,
14.047584999999998,178.0668217979176,69.41964392402278,-43.0649964315583,-6.434718208747478,1.546658225111267,-2.618313456877583,-0.5901711484523565,0.43422813425333995,3.3061030228702473,,
14.057119999999998,168.45585446736996,69.2085451920585,-34.84090721095401,-6.202995298520559,-0.3598438216077434,-2.067305025631017,-0.5458401636621866,0.402453461126719,3.4412087239134954,,
14.066616000000003,158.99192921103932,69.41575297337555,-26.72136239194333,-4.972938031978211,-1.8368166993990545,-1.9284721465537282,-0.5471927772589751,0.38854604091162526,3.392016460493767,,
14.076132999999999,149.23646191764095,69.46049953523274,-19.585612133123863,-3.160472220803932,-2.6014568300653034,-1.826682473772054,-0.6235380855879495,0.2895586930647109,3.250480255895218,,
14.085642999999997,138.98446978152097,69.10990218911394,-13.953673478633267,-1.787229345282786,-3.115880181009947,-1.5852141491180436,-0.714578264347192,0.15419857762030525,3.0398361811701453,,
14.095157999999998,127.23009949151306,68.5225006361183,-10.018486105131984,-0.7606561864757465,-3.9397248640333666,-1.1996923797752477,-0.8582693402356443,0.07310794347566194,2.9737575349738106,,
14.104668000000004,113.24638317197343,67.78689979746524,-7.341047695561505,0.14948994425749104,-5.135491618111335,-0.5710849541065772,-1.056791746384783,0.021973348759965785,3.1253170677288122,,
14.114187999999999,96.68779941493169,66.99712282549132,-5.580759077981812,1.6937185634821823,-7.244790068824958,0.7121489716977834,-1.2912566615416874,-0.005602595038282792,3.4025815773411816,,
14.123691999999998,76.95263916871771,66.23487649333153,-5.076544098417465,4.395369122226835,-7.2132764314842595,2.5258827457912423,-1.5840824866113623,0.002966296240195877,3.7827127202692044,,
14.133392,55.79863512772286,65.5094937484811,-5.221470908750663,5.951932268995908,-4.974069676999936,3.6291640830829865,-1.745991735657492,0.02350763201884825,3.9874825179629068,,
14.142896,35.55920366048405,65.00720224726876,-4.658556196178615,6.699505447680503,-2.6050833048162465,3.9983150469620603,-1.7063002653472361,0.05335945149153078,3.941412206952174,,
14.152408000000001,17.381153247205305,65.01632326990314,-3.3208555923597296,6.517807328715616,-0.05275507759343431,3.614303935746346,-1.5394987526185209,0.1094423845219642,3.694419585167506,,
14.161907,1.2245292660616847,65.79004068958669,-1.9652270715881484,3.9462014971410597,1.7100482269818587,1.992517251571729,-1.3404647036669362,0.21184457353255204,3.3179167862376966,,
14.171433999999998,-13.326625406709208,67.34449282285134,-1.8199844861435888,1.4417819387007593,1.8038633705859914,0.9744073055988512,-1.1466932088128239,0.3406856778363559,2.791295546588599,,
14.180943,-27.29308718042232,68.91472823356023,-4.084683106110749,0.029071853165466083,1.5510128945569448,0.5841784095527767,-1.0204504824456169,0.3570679786408184,2.213821892955264,,
14.190454000000003,-42.05811140186357,69.96224025744132,-9.259583795204883,-0.5407329768021595,1.3212955137011517,0.11653907463006469,-1.001149576666055,0.31747219024023776,1.7838231638501492,,
14.199787999999998,-58.39833293656612,70.38178148201366,-17.25660821661852,-0.771687297741247,0.8752490043275593,-0.4084557712596285,-1.0529393556740585,0.3245278356863526,1.5119226782987196,,
14.209311,-75.02605603852841,70.01961341626188,-26.305076584317728,-0.587057014493066,0.9090590179554169,-0.9218948189126763,-1.0644092813686823,0.3399575097851291,1.3432736623107928,,
14.218795999999998,-90.52690562243635,69.08044068614412,-34.117469641738644,-0.3207564244811975,1.1715654381656777,-1.6619853009613585,-1.02106081909991,0.3727044948652272,1.357198866642456,,
14.228392,-105.35005203554965,68.04729548413904,-40.50252970370513,-0.24197198419017066,1.3155717315310411,-2.399832207996336,-0.9767110643152701,0.4826194530581592,1.483520827469711,,
14.237898000000001,-120.32947299826026,67.14407668133443,-46.185750575410616,-0.4267231024199347,1.6569921155783973,-3.044616934091947,-0.9429412467284639,0.6436781373738443,1.6344723541409505,,
14.247404000000003,-135.9536069064023,66.30161731095896,-51.416576876255625,-1.1184023872111024,2.3926356992056346,-3.844516841596364,-0.9274278818931798,0.8109748628627177,1.825848728597967,,
14.256920999999998,-152.77245302842326,65.210461148779,-55.97503848919968,-2.305550467169739,2.8157267280187788,-4.669997369663942,-0.9794245372172059,0.979050045375684,2.156941586190351,,
14.266432000000002,-169.9986122527558,63.808064602346455,-58.855290141225154,-3.5756461280833953,2.3729179278093473,-4.990460096399797,-1.0199081291337475,1.0967566911871454,2.534608556406152,,
14.275941000000003,173.98139380786503,62.53403848522919,-59.055818763357266,-4.948648700477646,1.469988149414053,-4.865384492811177,-0.9504214046701178,1.109784754883659,2.8181491168787103,,
14.285369000000003,159.92634776812204,61.90223998074101,-56.223287062647366,-5.759624147912252,-0.10135343368322422,-3.884156063014314,-0.7969040304062628,1.0449736336335216,3.0508721138657338,,
14.294887000000003,147.76614569230364,62.39410704334311,-50.69489904272236,-5.317318209631071,-1.4800682886421028,-2.337300145524831,-0.5891581572805709,0.980423569048949,3.2520731822079427,,
14.304406,137.43420066619527,64.21727177858706,-43.63202077371725,-3.9387094594733636,-2.100399325870003,-0.9160774886423599,-0.3580728834530274,0.9397896567355888,3.2539247030314122,,
14.313907999999998,128.41633679508155,66.91580719650753,-36.469137645232806,-2.769537902212374,-2.270322223658246,-0.07046692591717654,-0.22075496781118797,0.9054259750661425,3.069154758705065,,
14.323417,119.3460349293972,69.6067816528883,-30.247100809012338,-2.1605788967671047,-3.0734991221005656,-0.04659133003894805,-0.2654562437649373,0.8311779484473386,2.923561296753533,,
14.332939000000003,108.30074928890483,71.27134946520475,-25.512943878062668,-1.1014276691205798,-3.785051923399875,-0.2612789365600547,-0.5019384610614427,0.6511311463784314,3.022290882424385,,
14.342432000000002,93.80395362027282,71.28368007910656,-23.15138115909694,-0.02576770775622363,-5.473355378128785,-0.27510371438594383,-0.8536470748516529,0.39496166862812637,3.2118616326213916,,
14.351948,76.06296845453959,69.48568078161213,-22.29560355180189,2.0814936060367857,-7.4239018192086945,0.446457483348638,-1.2456186265865736,0.1368043661508314,3.5069504947338666,,
14.361462000000003,58.075887912713675,66.51559007351446,-19.95853004946646,4.63986778120323,-6.851854017230017,1.7397444112463587,-1.4810640075977022,-0.06238978609028748,3.7960064758443597,,
14.370975000000001,42.05494541256575,63.916226789602575,-14.90850416469745,6.483511743415784,-4.360498227836869,3.1642657758380084,-1.449200912496697,-0.09330843173254634,3.9115016209325257,,
14.380671,26.828995961544887,62.775272350902426,-9.770467725639765,6.6795719988701725,-1.7126296904285037,4.343612327395587,-1.3941755186786111,0.07096566340074661,3.854340610513562,,
14.39018,11.626144890591046,62.9622041825044,-6.589145736984924,4.303838162466174,0.7042886500289858,3.7149428043101165,-1.3742172853872408,0.23133521354307898,3.434883593841996,,
14.399691000000004,-3.3135393141961735,64.2580578255573,-6.65064658230204,2.219488170217157,1.6447079715847606,2.606261469717286,-1.2921132209101855,0.4032538856123412,2.7426873144892,,
14.409210999999999,-18.902688731472438,66.02689493657881,-10.690935073030726,0.2834303351423559,1.5061025345741947,1.590108757443423,-1.2418891513030783,0.5364427244549905,2.080688683247085,,
14.418709999999997,-34.689060333816194,67.03593402043033,-17.834820148587706,-0.4661300831835546,0.9693132252820195,0.654868183880461,-1.166728038397771,0.49318656710497616,1.5082253357492454,,
14.42823,-49.69908358185745,67.26630574012717,-26.40539039357736,-0.16185778600726028,0.8558356333787114,-0.27365457227474704,-1.0594344773840307,0.4692082666630798,1.0801339860233632,,
14.437555000000003,-64.02508419673204,67.14532748568982,-35.38517019356418,-0.3312530227637665,0.3101872840050084,-1.1723308078390078,-0.9610998990986506,0.5366176824936112,0.8687776063097862,,
14.447158000000002,-76.56563942505167,66.94645337436675,-43.26633870808809,-0.3764153487593516,-0.16130714208307417,-1.8261563844706532,-0.7779058557669627,0.5763384178430097,0.7501904611961657,,
14.456653000000003,-87.19444825438065,67.02298256648557,-49.66868149137939,-0.2612260219272609,-0.182372640539097,-2.393269828292065,-0.5572752760024011,0.6002891748529756,0.6900572976726803,,
14.466155,-97.66866702749152,67.41894562158105,-55.71691637977896,-0.2440997862852976,0.10907263158516302,-2.689205595769869,-0.42393553076271256,0.6803470838264738,0.7352571934184488,,
14.475667000000001,-109.15109264252081,67.74336220015157,-61.858119747835616,-0.4684651779574609,0.32595690434627533,-2.70739219980984,-0.39259030099120645,0.7701615755487262,0.9121050945044188,,
14.485182000000002,-121.4831443455582,67.56974800975948,-67.38024160082945,-0.5175644098170737,1.0344016911043417,-2.96696456448669,-0.4259645276379028,0.8204463723116515,1.19458170771647,,
14.494683000000002,-134.72913644820758,66.61885569878042,-71.70503962025765,-0.756946588696504,2.0348474083802217,-3.5885599145944433,-0.5270990413901525,0.8904293297157927,1.6458527356988106,,
14.504199999999997,-148.47735748055214,65.11878660015523,-73.00776075459423,-1.4590565984625168,2.688594114626411,-4.323311346738359,-0.6158323867042429,0.97196825297562,2.2498228290878854,,
14.513717999999997,-161.89770701511193,63.853833774924006,-71.08418270980206,-2.633125634198188,3.260681495384857,-5.103136064302334,-0.585280381215976,1.0170274397210501,2.8075271009617997,,
14.523235,-174.5871883219737,63.563571354539995,-66.28636591444337,-4.1751907195647,2.7491483907811327,-5.105235707883942,-0.450809592844682,1.025527656726905,3.2344978501920827,,
14.532739,173.93804526028376,64.31411992917191,-59.64833661658042,-5.072033765913443,1.337558724077565,-4.0349255853171115,-0.30878093895019965,0.9712634740633522,3.4883931165737634,,
14.542171000000003,164.38066840600885,65.98729121714263,-50.91754105343685,-5.357530106336745,0.12082600591961043,-2.280172118091073,-0.16821982031468138,0.8588074975422753,3.5728290061753674,,
14.551684000000002,156.91967103508907,68.51441790802306,-40.32600513786091,-4.217895696706528,-0.9062019138953223,-0.195156480091169,-0.033087316670842845,0.7762483027028813,3.4915628761599216,,
14.561202000000002,151.04082431452966,71.38602424089633,-29.36471186590097,-3.2160472876569175,-1.4527795186822974,0.8644147815077001,0.004057143472165603,0.7141205156604113,3.293280683550837,,
14.570884,145.08625186604388,73.45421332261476,-19.183055696898933,-2.3733186061673712,-2.2144356251741564,0.9991666096391878,-0.15484006640152556,0.5380011869948753,3.167851246739344,,
14.580213999999998,135.16224483531045,73.84685049714962,-11.841674661414089,-2.0708770491967314,-4.08097681369904,0.4151637685301409,-0.5189886432979371,0.23731075294487805,3.3687334381078147,,
14.589727000000003,117.40930647786979,72.5035022934422,-9.546773371472703,-1.170052033342725,-7.913653963383911,0.1810572015065577,-1.0649958699569575,-0.061029540162747746,3.8530259937107343,,
14.599238,93.09400883387629,69.3816745385462,-12.226258272241909,2.4221226954517747,-8.973032707603295,1.086821729064792,-1.681237746271351,-0.2966732711578713,4.0566935908047155,,
14.608753999999998,69.78043405685877,64.43847589918244,-14.235166504668117,5.295068545167219,-7.304743783271938,1.7386707410993376,-2.013727543375687,-0.5203099317408072,3.9664130967021194,,
14.618265000000001,52.36559565747945,60.11799367273045,-9.517880419448966,7.6093729790049665,-4.278199650898036,3.2675928595579156,-1.7769091523200102,-0.504289419011907,4.075454620137454,,
14.637464000000001,21.212952351810408,60.26497106960809,4.311036791348481,5.7995272033639305,1.4184006343517221,5.2264786191183426,-1.6726461056371644,0.24321683160760807,4.021018093170286,,
14.646971999999998,2.5493290536767397,63.86368861689872,5.3354027301640174,3.481595484419859,3.661551821724012,3.6438095390143004,-1.806239944662517,0.5556362724691069,3.5213249260237607,,
14.656483000000001,-21.185826597104903,68.03929112838011,-1.1156794233407672,1.335889589528381,3.7022974595014038,1.6428860088822548,-1.9580700200065237,0.7394849986575622,3.0655151665494045,,
14.665813,-49.52695967065829,70.22510328418508,-14.260181329976538,0.7717578634360917,3.5803314861621236,-0.20961960114787292,-1.9289374604191978,0.6782617362034454,2.6733698831924233,,
14.684915000000004,-103.10066510950195,68.32972664775568,-38.397743471895865,-0.04360311577973389,3.2482620860596336,-3.866081499139133,-1.6496454447967535,0.726341112288273,2.768682843890203,,
14.694406999999998,-124.15386850013783,67.08877381955628,-44.09618345852697,-0.8437289910173378,3.559018127187901,-5.0530055972568935,-1.3478045891671533,0.8625904051542019,2.8145458679646067,,
14.703930999999997,-144.0670107676829,66.62316802671512,-47.82911889864406,-2.746116399027583,4.16179934875587,-6.150726359000445,-1.1388914925427664,1.0582171270045428,2.9700057874060626,,
14.713441000000003,-165.02358089008882,66.49075334079049,-51.16491947501976,-4.682585560108794,3.390935736914921,-5.993283643843866,-1.0861797077253237,1.25135884557255,3.23538111457386,,
14.722957999999998,174.25965566314053,66.51274256622106,-53.752842344394104,-6.977341141910794,2.414460299079065,-5.3058998695323,-0.9869556336384192,1.3168063953887166,3.339916450733658,,
14.732388999999998,154.47911640024904,66.57360298853418,-54.70128533503982,-8.180060111323659,0.21207912733808668,-3.943934245364684,-0.8967173503609831,1.2930637026204295,3.4983859480580946,,
14.741892,137.13525357493327,66.73803532801237,-52.89664533018823,-7.110588363770298,-1.5245798823734826,-2.1967147538785596,-0.7782127872042484,1.1381250574600201,3.5416332030948565,,
14.751415999999999,124.0434085585308,67.3311054980998,-48.79395527847908,-4.944679431456582,-2.302902594604758,-0.9202822982833992,-0.5491883355933632,0.8782710346739913,3.225859694663421,,
14.760918000000004,115.92698707164183,68.21201380669704,-42.181797443107335,-2.6372779746181148,-2.5581200809883278,-0.3687800305648808,-0.30309557670522286,0.5729664952268979,2.818888835934725,,
14.770434999999999,112.17220931990356,68.92756629303497,-32.76343504442028,-0.6912981825431636,-1.8497446972323677,-0.5205805602569924,-0.13078565401044656,0.2917092103548899,2.5763362304007553,,
14.779951000000004,110.93461626690501,69.01312383085072,-22.186719618158097,0.08886097083678227,-1.7239581952385972,-1.0926870063672878,-0.07293648253586861,0.06650138824117072,2.3398012821631684,,
14.789456000000001,107.83421732099464,68.28393701291567,-13.691057546341117,0.6663908756657244,-3.1574040893648836,-1.666307504663036,-0.26409903347673985,-0.0599523123178867,2.2697075501942425,,
14.798955,98.25292334253243,66.85461263731926,-9.577541209419346,1.6967883333401472,-6.4358238557075635,-1.436976375635565,-0.7809453635677513,-0.12449221050188533,2.586531547607144,,
14.808475000000001,80.21404480196831,64.725603818088,-10.293318248037309,3.4429363215880255,-7.983026863930958,0.36494775333871077,-1.5385076542147238,-0.15626924198544745,3.1402300893921646,,
14.817985999999998,59.05558999133811,61.87732039838293,-12.569355911542617,4.348659009485165,-6.427605434922285,2.5599817956538837,-1.9831084823783214,-0.17472307819790803,3.319012161257777,,
14.827677000000001,40.77261928214895,59.220957351825184,-12.472614503401392,4.869475712126968,-3.855814015364806,5.607587138640316,-1.8786442078812773,-0.12807563764547608,3.19589224298029,,
14.837181999999999,28.38607908755109,56.631205722757514,-8.217978711365548,3.606805399862014,-1.3872109032478444,5.8491829387770995,-1.39557391219378,-0.2793410350061468,2.9266731482525814,,
14.846705,19.10893744072064,56.82497547847539,-3.2333701130464854,1.7011613610829899,0.7157309224469077,4.362856986520397,-1.0154441339466656,0.13117751835061778,2.524012833858977,,
14.856206999999998,10.740752614011743,60.41170186608055,-0.8088585628907204,-0.19121783198601003,1.3064552496475836,3.15799178947039,-0.8491717911091418,0.7391696262489152,1.942487792683206,,
14.865710999999997,0.37681221940532794,65.02854669967465,-3.659598894903691,0.331444504700556,1.7659037483679547,1.9506174562789325,-0.915544763991338,0.9481851764674336,1.2971711950066658,,
14.875053000000001,-17.54174257036708,69.37199055756183,-14.789757372029388,0.5834430247207969,1.8303180696761028,-0.21059211660959867,-1.2317286431038512,1.0603976213705022,1.0988781789092799,,
14.884638000000002,-45.00480194092284,71.59616750001649,-34.997298405041334,0.5698738035723503,1.386571773264104,-2.052774092966225,-1.4709821047366411,1.1486599700039377,1.1630993484129033,,
14.894157,-72.52176890822757,69.99285026761984,-54.04838541275942,0.3507040789265438,1.2876581109950627,-3.522949000175217,-1.5000527684277893,1.0264259481026887,1.4208088700313641,,
14.903654000000003,-93.13539291877146,66.50937699237704,-63.10382183379432,0.801629218522807,1.8337921707520857,-5.16346496249769,-1.3782132743976074,0.9310361832712555,2.060453435243344,,
14.922688,-129.2915270606258,62.06391391368709,-63.069167984406974,-0.5649357079370244,5.785241285799675,-7.791216419930171,-0.9624453256991522,1.3429312677174101,3.6294250742048733,,
14.932186000000002,-146.43370485720217,62.32689496237048,-57.85315260339253,-4.109956380430347,6.067035691854971,-8.03776339873233,-0.7337540021196896,1.414982583032837,4.077489870679636,,
14.941704999999999,-162.57286534362305,62.80075332492683,-51.43108923189241,-6.565377320701323,4.347936810580507,-6.407457188831497,-0.7735815319759916,1.269953847136744,4.149756580011067,,
14.951137000000003,-177.5969596278885,62.81191122435972,-43.768301352822284,-8.388443322101358,2.5560842928415335,-3.3013326565177965,-0.9152384260750704,1.0222895159534424,4.204654185094189,,
14.960661000000002,168.72363323048583,63.728079988594295,-34.62987529819419,-8.507291129762654,-0.5159089452330506,0.03648754942627373,-0.8313637089001485,0.9302219102781633,4.26942601014262,,
14.970156000000003,155.00748982521304,65.18907524012099,-25.625058919434565,-6.261633224252181,-3.532514294609937,1.0023556185635412,-0.873678862897593,0.8591298340782356,4.273136754228873,,
14.979668000000004,138.6235824603333,64.83631676842423,-19.607853578649905,-3.7659044077091415,-4.252971414661776,0.5231583247665216,-1.306024392116616,0.48045249162744535,4.169174102044709,,
14.989183000000004,117.57490334300172,62.96290152240913,-18.729864406067485,-1.795927472560625,-10.235556580073746,1.3896836844170402,-1.8741834506195079,0.26887737504072795,3.9508999713116904,,
14.998688999999999,92.58579669607832,59.97719643693663,-22.310776377975102,2.7990462061333385,-10.146578954340136,2.246687923089072,-2.4433862763964918,0.2937379428703529,3.670920734329594,,
15.008202000000004,71.34427858267581,55.833336506242134,-21.599421184122964,4.758611993456046,-8.335110051790245,0.8087897236518599,-2.4090106737159065,0.08795047712720941,3.733470478233222,,
15.017890999999999,55.607668311438275,52.47928444310761,-14.0623769744562,7.656541404767491,-4.763192456623402,4.428500860096602,-1.9729968612973652,-0.07100164282189872,4.047310969486509,,
15.027410000000003,41.1437991636422,51.483314441017846,-4.15254242288092,6.259579611914698,-0.4475185102083959,5.600182235723567,-1.804807003458074,0.07385013888661957,4.142085233696409,,
15.036904,28.009524945269664,53.07358269503597,4.833415598053758,3.671407912048555,1.245877991838134,4.3515968045647595,-1.6198556891834266,0.2984104082385125,3.8298745426650456,,
15.046433,15.90972352287515,58.885366425812215,11.896000673281856,3.1370103396661246,4.25541929301403,4.161586383744407,-1.517185087746062,0.9391821967739421,3.363356652875629,,
15.055836,7.8269686736209305,66.11771198392772,22.43416843925818,1.1879856324845526,3.844191852168751,-3.988123208647077,-1.1465895460094784,1.1511255020626487,3.483467938256996,,
15.065263000000002,34.00905788964201,69.95434576923563,61.42193440611342,1.4376346470173338,5.462179842740597,0.7372116848080161,0.9475610838100071,1.8552137738994974,2.8609384228462207,,
15.074778000000002,63.71944076711464,70.23612401864848,102.09827653873046,1.474066872913951,7.780312791873701,1.0458165629742158,0.2299571181321032,1.9877510065861754,2.451661596086698,,
15.084288,95.02750021041787,74.60377014486744,147.35485661533366,1.557783039285031,7.618310245095972,-2.2061138967178384,-1.7650854864680812,1.044075754910092,2.9517496409126105,,
15.093792,151.75373805594566,77.34860042723629,-140.01529800205736,-3.578257290355995,9.105447237528868,-5.798118153362215,-2.608220074189053,-0.6813208425651908,3.306060097677718,,
15.103389,-164.13241280055797,70.36369264056859,-72.8019713937688,-7.467019963625146,5.495580862489428,-9.398688301804107,-1.9164998544033234,-1.9668736098341366,4.784091929923967,,
15.112898000000001,-148.37134855029103,61.045843411142194,-31.760510037843705,-5.051128983195944,1.1578556682668941,-7.908978453273259,-0.6619637678505683,-2.176706372977262,5.310488799202004,,
15.122418000000003,-140.17176247692464,54.91599450030187,0.8674380133684092,-2.0954688702357203,1.52913849188426,-5.77292487429515,0.5296303813840959,-1.418612278975333,5.131688194101502,,
15.141356000000002,-132.24865435199527,53.79717523689286,41.301241109889844,-1.011809402292495,2.701026364492577,-1.0546185305648352,-0.03555726848550937,0.3434826945643732,2.8478935360960413,,
15.150863000000001,-142.58215214492074,60.42881827911022,42.05251074054759,-2.927395259936467,0.4928195128606472,-2.4943910396190097,-1.7147282826663555,0.25427633976499575,1.8880984140012287,,
15.160394000000004,173.95952248526828,66.73822499050496,11.358447142153752,-2.97218685101753,-5.634503888975013,-3.667223696261488,-3.9222679539692478,-0.6418240543563537,1.7091143239628976,,
15.169896000000001,123.38043284019318,55.412348801720974,-22.861457227262346,-1.7737640731764333,-11.140808834975823,-0.9729834654222852,-4.968814484746793,-1.5674781173651544,2.137956035011781,,
15.179383999999999,100.83784473623501,35.7388599238026,-22.784014958973934,1.3105124890782143,-10.572904893740928,2.2905100018881686,-4.410328705528498,-2.3815771606193166,3.053637449492778,,
15.189093999999997,86.48007748565388,21.088589764446944,-11.273138353667633,-0.19447147783136937,-7.726037745330414,5.305988601135824,-3.2716647573598596,-2.0739038156480922,3.477898608543159,,
15.198596000000002,74.72052506975412,17.806260552812176,2.1678156672783073,0.05373175205583299,-6.091475628536656,6.70013979216159,-2.2671160957971446,-0.4912229771674942,3.2987932713337482,,
15.208117000000001,64.74801191570629,25.343722027359217,12.023570627531068,-0.2912439676728563,-1.786720316517276,4.925640292982501,-2.0418122072874096,1.2524104562489553,2.5258938324336415,,
15.217627,53.90677375062184,37.938508667412385,12.870740060796841,0.8270159600078602,0.761092977113331,5.0756101354733385,-2.3519294945141405,2.053514431395331,1.2961237781035615,,
15.227142,34.70049488176302,51.31852361459925,2.524078386986697,0.33512705300242385,1.7921805600438263,0.890316050171844,-3.070630526954152,2.2511912705054185,0.6433710923094597,,
15.236288000000002,7.181710959051304,58.3901103267905,-19.644413665478083,1.5535923463376502,1.0174431931106886,-0.792499441278151,-2.9180569534601175,1.8245590493550796,0.09408869334379336,,
15.245887000000003,-20.65282152047815,57.480261838293266,-40.3974739716564,2.0494164366064362,0.3513517057966226,-2.8647037101801827,-2.638231201012871,1.3053867590177517,0.5846603164973864,,
15.255560000000003,-38.42047907561965,53.74074584843944,-47.21679372635654,1.2837020914342678,-1.0527140730694757,-4.442894652498792,-1.9650867479138947,0.8409619307388322,1.5711390762891897,,
15.265072000000004,-46.14780788063839,52.773565388818795,-41.29870632337671,3.8322022528668698,-0.05035471732214912,-4.051302327599593,-0.8040054040219079,0.4893113437088109,2.268882652550566,,
15.274509000000002,-50.43142033836841,56.10715215766085,-29.068517531726027,5.648848628691405,4.596748609406063,-3.2279258037609453,-0.025963053916343883,0.82143177923979,3.027516477676612,,
15.284025,-56.99207319018995,62.56215754557174,-15.244553095403836,3.43595967381885,8.4046816099878,-2.5709329140737505,-0.13417442877685112,1.4418629808721926,3.807448154467604,,
15.293519000000003,-70.87634676702557,70.70816073281979,-7.585087673480551,-0.2094741990862325,9.210792339784264,-2.564127851800028,-0.7589394795719098,1.8028255417565178,4.012597508838889,,
15.303037000000003,-106.33279739023575,77.14809078043646,-22.58472060884873,-4.428857897169006,8.467858350829466,-2.7189520158826364,-1.5523548849539275,1.6864867948838622,3.7426614901657227,,
15.312561000000002,-155.63198557096842,74.5491614151159,-51.29950220712432,-7.1676577904467695,6.255629606583764,-2.588112533048533,-2.159510860999779,1.0204801245849255,3.7294348261288617,,
15.322077,-177.11166756525492,66.63594794985997,-52.96869250613855,-6.87853229825752,2.6820706427545833,-2.3196488741306256,-2.098973920581431,0.16789009001805705,3.722382993093236,,
15.331535000000002,175.27426890274455,59.255014949072425,-41.749763208974485,-5.669481773870238,-0.2691924589381533,-2.5951055229949422,-1.5482919651688132,-0.48709398103362184,3.597566110758784,,
15.341084000000002,170.45630693409584,53.78913894331115,-27.0990646591836,-3.929998255468888,-2.9704465164042,-3.0519899625863363,-1.0507959478479443,-0.5963750942435976,3.732129506939665,,
15.350594999999998,162.57855062051112,51.50392129231348,-12.94314205376869,-3.1863647286991728,-5.295481942700678,-3.4558367901725173,-1.0527879539291045,-0.09154270609654881,4.08198108357541,,
15.360101999999998,149.4452850687074,53.89264713062669,-2.320104957907111,-3.3501231264098514,-8.689474273982553,-3.1231175168327168,-1.5193189509209633,0.6984466390441065,4.208985623640488,,
15.369618000000003,130.3381904952847,60.008707890290154,0.9567793421912475,-1.2607245976579957,-9.447826741535616,-1.0345489492420026,-2.077024794457379,1.250763283715757,3.8535143313149085,,
15.379117999999998,101.7222628666062,64.35469274168291,-6.686295192164227,-0.230707457549402,-8.43096367135666,0.09692641296160613,-2.6224316709024946,0.988364723707149,3.5356083745772735,,
15.388646000000001,74.0055456842814,61.558515978699326,-14.522114986319513,1.521903326338674,-7.657664214863211,2.121411709671438,-2.577226967407974,-0.07115858124193486,3.369376883357002,,
15.398336,56.13161566542683,56.148732471241345,-12.047074768627116,3.3565763280397456,-4.678230147714152,3.796406459142458,-2.057668883597604,-0.6212445807607511,3.5459650366189894,,
15.407834999999999,43.957992588787086,52.308601747878456,-4.422160420048294,1.2318236375697635,-0.5698651188830569,2.3796590970057983,-1.5293737858403442,-0.5593724704932208,3.4899762592542896,,
15.417351000000004,36.846988037171904,51.32474102833297,4.909436394464505,2.184914865215774,0.2629829017984368,3.4020771876295934,-0.8852080115065717,-0.20699364470172546,2.974736294944574,,
15.426859999999998,29.6853096107447,53.94240797230981,13.830942373511826,1.9467229166772384,2.237581765979101,2.2250288040130326,-0.9484808543655541,0.3678375875830263,2.9136754155636324,,
15.436188000000001,19.89072435073387,59.538511519490406,19.938404199834803,2.002951337155326,2.665473290739198,0.629817056755351,-1.3574724220747552,0.7489270013816416,2.851444477187053,,
15.445706000000001,4.563698203841988,66.24806564056172,19.538064189568065,4.373490807110415,4.842852905868369,-0.4427810263206049,-1.7667941762653567,0.7734462050717774,2.6448726562683036,,
15.455205,-25.014617462073545,71.32168518346029,7.237563078216555,4.547631596701283,8.347619157399384,-2.791473827925349,-2.2963290888266217,0.45497148510544255,3.0622561755717848,,
15.464717999999998,-64.11176410862242,70.93142274790908,-11.317075692145314,1.8181527213359545,8.78541118810444,-4.736783937603221,-2.492805909916179,0.003846684219221192,3.7033727263481193,,
15.474235999999998,-91.12495782075393,66.3640849951099,-16.856769501708307,-1.0191574299924682,8.554736563254622,-5.518722402180323,-2.1114306557892664,-0.3982630615113363,3.9311163611390594,,
15.483744999999999,-108.42717777585418,61.94967374091018,-11.809475775543513,-4.093711351251992,7.097794990346334,-5.517112221356232,-1.6713639094906885,-0.481216912738773,4.12695602863449,,
15.502785000000003,-136.6649399988464,60.52935196625325,5.178543170034566,-5.6535069675820235,3.04924065713122,-3.0262101383543074,-1.3934992971555378,0.13323328554770203,4.0848476058979655,,
15.512284999999999,-152.94805967376743,62.81064215651959,7.706108632775785,-5.12692360519449,0.46532119949064377,-3.163088581228777,-1.5795145299293132,0.286405162330557,3.3736137876114016,,
15.521867999999998,-175.9106078843574,63.24345608150095,1.6195262902743803,-2.7491168040921616,-1.656299390648534,-2.885680082851608,-2.0717390940576963,-0.07326742400595042,2.8788348705349516,,
15.531376000000002,159.28096910819093,59.686844746123896,-6.965794403139545,-1.514831808574759,-2.837834394298623,-3.0303605321114992,-2.383118335658126,-0.5941108114627367,2.4700017945273216,,
15.540816,138.57081452568215,53.163946417499126,-12.183234002376444,-2.3403866833696947,-6.03692355692801,-3.563196245855999,-2.4605863804246066,-0.8995490916782662,2.219688972092312,,
15.550314,120.52411726812481,45.93763861214778,-12.46314056329647,-0.8658814000076995,-9.159905834909745,-2.3349762318296627,-2.5875964624194836,-0.9121012404618035,2.5000474014984184,,
15.559829999999998,102.73641044573388,40.26769071576531,-8.816312405089684,0.39313939209414295,-8.951227729525755,0.9449308048152749,-2.762289045090625,-0.6407266319097878,2.9742558753188635,,
15.569340000000004,85.54711973738053,37.84886535271804,-4.345647168848242,0.05258716787094537,-7.540058906168091,2.6158247454800847,-2.713286560927863,-0.18758462408169754,2.8732529759084433,,
15.588543000000001,65.74352816001715,34.657896910148416,0.9685052224751917,-3.3252549440397674,-2.5635409058480048,4.4330893240805365,-1.1424530105723965,-0.4166620711323813,1.372687313263002,,
15.598061999999999,63.030652708575644,33.02828178513013,4.352661769283443,-3.604750517426891,-0.2514507123113099,3.055804051132833,-0.4367134114126372,-0.34737352634649915,0.9662258688621101,,
15.607571999999998,63.49759837296151,35.20536213893655,7.346613614191343,-1.6157645612156648,-0.9413886930860959,2.1431827758241844,0.031001095570377904,0.4410550660978701,0.5332518362000155,,
15.617082000000003,66.4977557986157,40.27147523587147,11.298104933319168,0.034814406858361804,-1.0004576450808633,0.9231431400212488,0.30179440028719684,1.0774803090137712,0.40927527367109745,,
15.626491000000001,69.5581691575998,46.50548151344339,15.639217794621967,1.0896868486621443,0.01587755635796489,-1.7221086276082371,0.1382497786347507,1.3171369461517661,0.43399830187558225,,
15.635998,72.70480247869911,52.227320776611904,20.27221733936809,0.8872973138965602,1.482719612649054,-4.129733997486079,0.03165324698547242,1.2157310684491576,0.43589223169403024,,
15.645509000000004,75.95963070361584,56.00870975143662,25.838095515094814,0.9306032238436359,2.2546691912566508,-5.045689714301891,0.04108698855410784,0.8458771647620024,0.3729832135378383,,
15.655016000000003,76.92270870200254,57.21482797564722,30.06954997457568,0.05316789273175229,2.886073099349024,-4.978431036766292,-0.028564103099388928,0.26186711859020745,0.47571138746216285,,
15.664543000000002,75.1313417842629,56.140236195935294,32.012088285881234,-0.13493852241160792,2.853712636313657,-4.3156139592226515,-0.061899541963235494,-0.28790828876679625,0.4818478179252764,,
15.674044000000002,72.08097330224362,54.05135126579739,33.64213922696334,0.9372279220763587,2.182857959874227,-2.913061957785304,-0.06824742818835379,-0.5433835957020151,0.6242657221841102,,
15.683480000000003,67.60533414927137,52.44024049016569,35.8466239254639,1.1362764794069435,2.1170447223908013,-1.7022783346914216,-0.2573207356645565,-0.5754156288677031,0.9675492586845761,,
15.692993000000001,59.958752980570566,52.10746247290178,37.187464527446345,1.4580354993357174,1.9653646712502808,-1.000636573098511,-0.7126147465966483,-0.6203156225710798,1.299028561440275,,
15.702493000000004,48.15961069854308,52.85634922839523,35.89507535785466,1.5278947466831796,1.7412064164180812,-1.171032959165815,-1.2412418972556956,-0.7511078554342216,1.4384178153026703,,
15.712011000000004,33.41169308226516,53.61888668916966,31.16217867922782,1.5282666174723396,1.5151429277725639,-1.1251703579723416,-1.5490237356163148,-0.8680946575379677,1.2328497201985336,,
15.721538000000002,17.247470320003853,52.577233072576796,23.443851908860186,0.30852570907626004,0.86060805508619,-1.3257689579128462,-1.618575944203919,-1.0959238949460957,0.849219725459712,,
15.731034999999999,4.086873515259412,48.675139536417596,15.62585481979637,-1.0304868627150834,-0.5864567223066253,-1.4331735280701134,-1.2999677567563057,-1.3119116271488445,0.26962308726878925,,
15.740544999999997,-1.2796835726512046,42.929142916968864,10.272128958925933,-2.9419579722590026,-2.119639728699572,-1.1956083016159254,-0.4578763192471963,-1.3029166995194899,-0.5097463269901802,,
15.750225,2.0030818475939105,37.83885902870641,6.215889834211831,-5.475253133723262,-1.761261910297852,4.041759238344648,0.6538908141493538,-0.9415556625636822,-1.4619000728127698,,
15.759565000000002,4.620357963164457,36.76197258426376,-5.254433547913048,-4.627903287230908,-2.4764249494027735,4.364640730819431,0.42023776656241374,-0.22315055191449806,-2.6225461015864915,,
15.768881,9.456661852026569,41.564667276885956,-18.113277029915032,0.3440847103225332,-4.756193956347724,0.013591843776325422,0.9301833808240438,0.7818730138753996,-3.193342547543683,,
15.778585,25.390116486341626,53.44959714106003,-18.923473058573112,0.46521300070670385,-4.717427445778421,3.044538773237237,2.792717213985177,1.5504241094252935,-2.5285252951207986,,
15.788085000000002,45.7941926458052,64.77520354932346,-11.294427311956865,-0.3154578026470345,-5.7274228552911595,5.27607118082099,2.597612548860591,1.6118086656623882,-2.004060419191856,,
15.797697,59.20846132564971,77.17359319624752,-3.916883907903814,1.220849773085529,-6.547938027059964,-5.802916271608079,1.184178921792884,2.328922752770625,-1.0825422442007078,,
15.80715,117.52037125455003,76.90349130167967,51.87217876316309,-1.3169378207903386,-0.05047872831165934,-7.2363437622811935,2.3031960091555845,0.9790237999140465,-0.2616346996555387,,
15.816662999999998,131.90890796126362,63.182922054627134,59.883409189665784,0.2294775899836449,3.6445366836910287,-4.664228180852838,2.7994068861549826,-0.7112218780020679,-1.1267993083440926,,
15.825920000000004,132.8670308888532,48.59120008597932,47.79721917206288,3.3000391415618826,4.781323630436587,-3.6174512288271767,2.41980328145785,-1.631891948073424,-2.573905361059776,,
15.835478000000002,137.67136940320887,36.19246113227651,33.713609294696745,3.878395605677139,1.324034709498679,-0.8309053731022964,2.16305332496129,-1.4085090872510557,-3.464377749084594,,
15.844985000000001,142.69815721674564,32.626672491313386,19.35935461956668,2.251337538602471,1.3799161371082713,-0.7867045068351808,1.0656180415590717,-0.2557303376835795,-3.4463119664868875,,
15.854557,151.85057241875987,39.23692223242187,8.387945597740071,2.6072661583585974,-0.8661018279498506,-4.701794433494089,1.1308782300818732,1.6557327674670441,-3.271729226202038,,
15.864085000000003,167.53521734310655,49.93928426471987,5.677573093990895,-2.485397684991468,-4.011176560410182,-8.51237300132652,1.9688319795622506,2.4020215537559415,-2.7503832714640675,,
15.873589000000003,-166.5150201671536,58.57294999476376,16.536082878300096,-4.728751414026035,0.0337024484185781,-7.378802431007022,2.648934308913004,2.2544789760500965,-2.065001858401827,,
15.883111,-129.80663575090134,59.066402183964506,34.521730144795136,-7.161901193048644,-0.4313943395603223,-6.246440047065609,3.3669542572116504,1.7183353497373717,-2.7191923371081335,,
15.892543000000003,-102.06833839288227,52.658020109073895,41.68038810250009,-8.724154007094347,1.421847737743226,-3.787465140908194,3.2303644436510943,0.9377280013003294,-3.174107811677179,,
15.902057,-83.01053509469644,45.26048867840378,38.11504824362675,-6.020470945479726,5.325613552369503,-0.3729706726530673,2.882201557894276,0.4852840553190303,-3.587426315054138,,
15.911559000000004,-67.50532661796923,40.36564128641995,28.869581426905633,-3.693743689674754,5.538004828181999,0.056249591030423055,2.459297078845835,0.44347484052005604,-3.952339340728674,,
15.921076,-52.52453213579414,38.74775716717737,18.33716762858902,-0.4634317805427941,5.990582656058549,0.562110851428372,2.268580256106655,0.6258576755614439,-4.011435965879782,,
15.930578000000004,-36.06352181279307,40.03218875699877,10.40033757139775,2.6022231353472067,2.9812495620226893,0.7360916743639923,2.4196707318857755,0.8715647906128386,-3.676460593620899,,
15.940261,-15.764592686697295,43.16247866097833,8.175850749926358,3.6596355126038413,4.376696868974636,2.542495353894548,2.9072611665247825,1.0922172805077015,-3.1471055148339198,,
15.949775000000002,7.664480977078924,45.49575851842364,10.54368561369914,1.510905731651989,2.54133255526385,8.940364452511469,3.2350547125373166,0.9893324585262732,-2.8167865540894215,,
15.959296000000002,21.27978099188786,49.22291048449396,0.5634429480600874,1.3948024533244383,-4.345714930958227,7.312168567410839,1.7708597542317317,0.913106202532217,-4.009554871802841,,
15.968619000000004,14.272593056332951,66.9079009226745,-26.652658466150616,5.86709891316445,-7.089363206823642,-2.3269048308231692,0.06460594811187123,3.6258978567234266,-4.217655406650663,,
15.978317000000004,-27.823397592470165,82.88824976442744,-79.15338226236591,0.3361319061454042,-9.646701102933283,-6.300115073730513,1.0744125570559595,3.5248045832997446,-2.2636976270598126,,
15.987893,165.19932790727546,79.71484344513185,106.96360911197857,-3.607422260317985,-0.5937802834175687,-6.52942612270366,3.3303962139399896,0.9017555984013822,-1.4063785759125447,,
15.99729,145.54821537841036,60.59565951455965,70.94478542528282,2.440516829265061,3.092209636590246,-3.0528978702794394,3.7520986515653543,-1.4042915693896632,-3.426943853810651,,
16.006661,146.4288256584381,43.25264849741279,47.170192803088,6.176676455913365,-2.4217261199848727,-1.5723617940179664,3.0510030601865736,-1.6938698294362002,-4.868546012987809,,
16.016163,150.748508219842,32.845661993704205,24.074770440373513,3.209942110594542,-4.967307119768058,-3.714050070287635,1.7819051591413932,-1.2934925263737573,-5.148009291575976,,
16.025758000000003,155.92141308274373,33.95489709560111,3.454025831398306,0.07120297861655678,-3.2571447419688355,-5.542617927860233,0.797304058682487,0.43662215176555313,-4.700172481806532,,
16.035455,163.9845907123297,44.651190235551375,-9.354529239017609,-3.5185018900061724,-3.8984810079889374,-8.02101872201044,1.3723938925884573,2.08942183651497,-3.581808207421375,,
16.044957000000004,178.1981817127072,57.61183614846549,-7.479297293141627,-6.231723241742249,-1.3750176823680815,-6.339550093661375,2.156132019317869,2.3008141046612565,-1.8502560524115288,,
16.054397,-147.24295138507833,63.99134829860079,16.102969432194975,-7.127983206115194,0.8710568529260994,-3.064540603784141,3.2480510112940104,1.4818084271318026,-1.3610783384921976,,
16.063919,-105.81425350408854,58.21126478072561,40.64074098276535,-8.053935346720223,-0.17053718742106833,-2.718670081470735,4.004872632358362,0.925385020535726,-2.4043071721414404,,
16.07342,-87.70799539215203,47.01816434338111,43.010320213553726,-6.464639818515062,4.26174749029209,0.7942054738800886,3.1351625340266724,-0.18143085453289673,-2.411055164517784,,
16.082951,-81.84832348840514,36.42016944529806,31.56424763979075,-3.0754520118438573,4.232667955188131,1.0515563357972368,2.0007150250937547,-1.1584437537847745,-3.061677994609365,,
16.092441,-77.06532320291615,28.662935711435715,18.981258469497224,0.2723790635448912,6.64492854422479,-1.2565672665090166,1.40942120470542,-1.0654318381857628,-3.0247508449775165,,
16.101959,-75.33199041797799,26.324151556028713,9.527703297358267,5.537971683835608,2.0304029460291266,-2.313472165484272,0.4253846261527016,-0.38448618694875203,-2.0471862247584154,,
16.111457,-71.38278496515309,30.581547991578027,3.673079914437633,5.76322132146492,-2.3626177718651213,-3.6912045230058013,0.6038381744471534,0.9193095550420685,-1.5438968162074453,,
16.121049,-58.612297811524485,38.896168632541404,4.982224432902363,1.9541114806133042,-2.5925033343460626,-5.28992304057668,1.9815791813885562,1.802143868519992,-1.1962484793435926,,
16.130566,-34.435912416909694,43.96785572673444,18.1495894813729,0.32649883506283617,1.6158618127367002,-2.740815603454266,3.35489628765191,1.692983877107921,-0.5945862882541777,,
16.14018,-6.78396456356427,38.512796930151346,35.158550732733815,0.26577375168017914,3.824020491678212,4.293223808290094,4.193513093390804,0.8994687085626109,-0.29241917262244027,,
16.149699,11.595925558006568,25.568817241687793,41.361836020189465,-1.0756474166938985,1.5488738351279545,7.788981789466798,4.049805434434056,-0.08707881230600277,-0.7367006955341925,,
16.159195000000004,23.14609791115179,14.670341611364726,35.97441326978103,-1.642892642519962,-0.8797722106660061,6.809360653202516,3.0675155843711273,-0.34361919292916965,-1.8792556610078806,,
16.168709999999997,36.93426748140312,10.222687236231824,24.101438806267296,-0.18483614492839728,-0.6810576472344435,5.554955645574362,2.791824271565132,0.5808169489928797,-2.9718452124952237,,
16.178240000000002,53.016895717995766,13.568598765010087,12.036439326908562,2.932473701924908,-3.5521904346711275,6.429858200914946,2.8015068209314262,1.6130112936216427,-3.0765968908382524,,
16.187734,66.86821804777175,23.13304959421497,5.551386380299106,3.071838904157636,-6.3786937649136926,3.1576712785861947,2.3170968149538615,2.28951111390945,-2.17755515106569,,
16.197071,79.55982694017716,33.44208706728787,5.75378474041364,1.6407528531610733,-6.025328626268186,-0.8171228730628326,2.0259135427173334,2.2691861780374074,-1.1789466368579464,,
16.206640999999998,94.5952619850009,39.872503083823105,11.07297677909999,0.3913530029538627,-3.1396702936847447,-3.387033397641185,2.198197088656356,1.6240213794922567,-0.7505268225252378,,
16.216158999999998,111.8205162406688,39.61889853123022,18.527931679870083,0.034800893787610254,-2.5755450915616542,-3.9013882217306453,2.5700238735630196,0.6361273194379504,-0.7296620831487205,,
16.225667,127.10240321365409,33.33631486833694,22.664778692714208,0.11835109696152547,-2.1969194776881933,-3.3455062628016563,2.7400473710546582,-0.2935620321479414,-1.0039513928671924,,
16.235182000000002,139.28962597045074,25.033374850253807,20.996782208049062,0.04259070294515702,-1.80698698731964,-2.6316729437397774,2.595939210883389,-0.7321627864555769,-1.529025058627115,,
16.244692999999998,151.05711816159297,18.74067240672013,15.13919468528655,-0.19727858485840022,-1.919661565114346,-2.6767577488232037,2.4741055940687398,-0.5025286449608776,-2.049645901896271,,
16.254193,163.89478223623883,16.603505225925566,7.8117433296765615,-0.7638490328889808,-2.5481641868872567,-3.5398671776376447,2.493590779467128,0.08254065211602311,-2.241694015130778,,
16.263714,176.63141698401716,17.96244121483322,2.0278191605711067,-2.2192132341251596,-1.997879322184474,-4.420366842734059,2.4123520689874836,0.49077377721776255,-1.9090064146041097,,
16.273234000000002,-170.36249969506602,20.70774054546977,-0.28893660042310465,-3.361244254144234,-0.7735613494816118,-4.560984731777097,2.458203084301263,0.5946180709679777,-1.320100859861774,,
16.282744,-156.11275839144773,22.904477312669556,1.4006274569160861,-4.179827105036816,0.2033321149838794,-5.0175920275194485,2.6535562065648186,0.47132396758735656,-0.7172572480864594,,
16.292257,-142.0157573028987,22.87609352567141,6.123146245348264,-3.5873239385452624,1.233560456346987,-4.467671638987424,2.603559610156995,0.1714305702168518,-0.14894917943971023,,
16.301726000000002,-129.49712360575785,19.714648816006836,11.049374699289718,-2.126518817105142,1.4924564669289373,-2.7856778091447016,2.412268013143001,-0.269732526387311,0.08110316771230847,,
16.311204000000004,-118.37519802558721,14.467404758938098,13.775239117140872,-0.9322467323753915,1.044054491881833,-1.6285512290445907,2.313161678366138,-0.5621800834359093,-0.10077422586791114,,
16.320704,-108.68701922324362,9.2684654847616,14.096359900091247,0.004977636195696097,0.420594156678006,-0.8577955499402602,2.101568201448689,-0.5498078135747488,-0.3241336905948827,,
16.330393,-100.10443672611977,5.807645719064194,13.125829948298694,0.8074735259407648,-0.8467394527989893,-0.10708849261887773,1.8269779467668479,-0.2725617147774733,-0.4083869228160887,,
16.339720999999997,-91.65441265408126,4.870806521085189,11.931052380295291,0.9127442588442305,-0.925727468272401,-0.2752238363272032,1.6933952659343336,0.179473192529443,-0.3856966163030385,,
16.349234000000003,-82.9902105978128,6.276616148096252,11.491375844809317,1.075658255423598,-2.0173548414940514,-0.5582869453204057,1.6423800047941668,0.6207545809082207,-0.2468687143507965,,
16.358739999999997,-72.75929419866947,8.987103174028409,12.58673358025353,0.43877723388341605,-1.4943028351355883,-1.293157098822144,1.882313295700145,0.946573865676642,-0.04555053666457569,,
16.368336,-61.14199459735818,11.291798247518678,15.655809712122753,0.046089137618751504,-0.16747100644249532,-1.4738757696726064,2.118510608522354,0.9972517322627267,0.20856214885864596,,
16.387459999999997,-34.54622703602202,8.795535546017264,24.208209728649646,-0.3752978956534307,1.4783109911598915,0.014564897292135854,2.8099259737129376,0.5133526891475979,0.3669122231533394,,
16.396979,-19.36460291136459,3.161668110877785,27.061482298401852,-0.6760832246906284,2.3224437527135864,2.3001389514518644,3.2229910481252655,0.28961616596068745,0.24920382318402495,,
16.406477000000002,-3.7395120742851637,-2.6136445810381956,27.253730804830244,-1.0646341018260326,1.0162758480333283,3.995001216756765,3.3203480117048505,0.3991291388652129,0.019138517225816838,,
16.415992000000003,12.808943178709336,-6.734247264361534,25.520275033265957,-1.4165136597543189,-0.5021403541493084,4.3170561226865365,3.333674433082138,0.7285776908063475,-0.08110197425567364,,
16.425492,28.889181022792194,-8.69391761974066,23.280010980242526,-1.3238571670314625,-1.8096589164172876,3.534691188466766,3.076559857421527,0.9596250937682042,-0.022118271072876238,,
16.435015999999997,43.09961234598004,-8.786937060986048,21.916422984332115,-0.8607534754816896,-2.3202994196273057,1.4199999031967512,2.6124951391606306,1.0623373926593451,0.15058723599863102,,
16.444527,56.111255250566565,-8.229023239075591,22.14281549181916,-0.5114112100433096,-1.9731090438293266,0.2954859481783232,2.3549890291235265,1.0709041919566218,0.4196524145323231,,
16.453862,67.53217367512188,-7.995760328840891,24.015783667393364,-0.3269694857549904,-0.6760207414372024,-1.000415364801296,2.071839167537011,0.9341902612937386,0.6853957047532487,,
16.472880000000004,92.0887569873224,-11.037816437696277,28.342646493310262,-1.3484864117762323,0.9125976675605333,-1.4239704060902618,2.5667948586764453,0.8497171985703083,0.7714971009890845,,
16.482396,109.62477667381495,-13.751899948029324,26.930262039831124,-0.27796389095070106,-2.7107093465011363,-1.2598449062157662,3.2915766038732794,1.1244390326126399,0.4662782786938655,,
16.491984000000002,129.08862047135858,-15.845799103853194,23.616808530571788,0.6845892340469419,-5.27574533590862,-4.145567777882121,3.5862290623872513,1.2459641789489315,0.33479769358129924,,
16.501491,148.76861905920603,-17.829538705806762,21.150871866309025,-0.9186648579678856,-3.1867932166978923,-3.766049549119875,3.63791559983184,1.0859131663343433,0.6529486557423914,,
16.510997000000003,167.7379650686235,-20.92065027835731,21.53669771566694,-0.9442188291703286,-2.243191805531141,-5.340751897040805,3.5614120225015475,0.7459396292451167,1.3415863951038662,,
16.520465,-174.35646803492904,-27.252617084924296,22.58306383514035,-1.111073450293786,-1.4243458939312117,-7.42692756855187,3.506513634802258,0.07520277254328209,1.6802009361128627,,
16.529978,-159.57948557982175,-34.454583237690564,21.934727618018844,-0.9599984313753805,0.7321702527943479,-5.581491442184122,2.89228434592714,-0.3562807918550353,1.40001378924694,,
16.539406,-145.47482188174072,-40.799288585988386,18.148457405318148,-0.41878416406158075,0.6353570268223043,-1.2085093972098329,2.5300343108180177,-0.4149830628373486,0.9822386280315811,,
16.549129,-128.39599618297927,-46.072460860648995,9.259759682650936,1.5627013592364156,0.37936912516200993,0.06995342597976939,2.652683613633747,-0.4268442317406009,0.593227985684608,,
16.558652000000002,-111.17050309482357,-47.878142789367004,-3.4767299502988127,2.6371428839120155,-1.0227950424152346,2.772840665834835,2.358955811808719,-0.239690696395942,-0.0065956079561413465,,
16.568165999999998,-95.91005108226624,-44.49214195505049,-14.483876212145985,2.49569608386099,-5.758160112369182,4.662320261352426,2.187271601505023,0.33190681816103973,0.020831983451185594,,
16.577484,-84.3213553610475,-37.37983607649423,-18.24171203048883,4.328557695305263,-4.228786883670994,1.7542270417844255,2.07856360860579,0.8615507434036289,0.7835447635280279,,
16.587009000000002,-76.72104613631642,-30.40096786140325,-15.489365697205486,2.652556030667411,-5.708010509219662,1.3147257126659826,1.6138393087046246,0.961425622929779,1.4103934338269872,,
16.596514,-66.17639711605617,-25.149293283699876,-9.551543712468533,3.0363913164028435,0.1140584238659049,-0.9702549475860658,2.0549303696434285,0.6097750912135942,2.1795695534603565,,
16.606028000000002,-59.146190601500045,-23.3167406562511,-1.6177999898149849,0.5923716349872598,3.2339507666426095,-0.10982947523514772,1.3180311849754622,0.22998644573112556,2.1732646639485087,,
16.615540000000003,-55.72148223249534,-25.066281217706962,7.087016242048726,-0.7407019189854428,-0.13767233138780224,-1.0790198719490522,0.6468968638365585,-0.33029901196173755,2.0316506082181705,,
16.625042999999998,-50.809392780466766,-28.454771516494134,14.773726960480042,-2.9949979880520394,1.6980018500890588,-1.2100856793293655,0.998026432646644,-0.5095063766445156,1.9884451424051643,,
16.634558,-46.70288017434488,-31.045877923633757,19.183816099721735,-7.493378501252531,0.747247960468662,-1.6637272843088258,0.8414376568654452,-0.2971839839172043,1.2977653289845492,,
16.644075,-44.82991307179518,-31.28124469101361,19.42575325514832,-4.6223815459982065,-3.4395452347771767,-2.7620432010764597,0.3254986313266892,0.05201502280970445,0.24938892841838772,,
16.653571,-43.306091061095444,-29.840219656933463,19.78427748486801,-2.7611169858594655,0.5565604664364753,0.2051467823091043,0.15816529754403644,0.3503904721449474,0.23344959281426036,,
16.663091,-46.9969501148243,-26.0324702974637,21.024232093674634,-3.6488651284516824,3.248617587775457,0.5970895812482429,-0.8700045016207231,0.4775347862857444,-0.09122716392081123,,
16.682121000000002,-64.95274612953659,-16.909267193228345,25.45402379749841,-2.490480375379866,4.12088031671964,-1.586503940494277,-1.885008986997662,0.18436178858351632,-0.17786710379911747,,
16.691631,-76.06713257039348,-12.888569160051196,24.286668799127053,-3.0990042560626603,4.922530854128667,-4.024143470353335,-2.2821302969664994,-0.18174250190204366,-0.7945791517772492,,
16.701214999999998,-89.51259474886936,-11.928041855497622,20.454928836429907,-2.567726316355003,0.4128990013129152,-3.996917646523369,-2.499594543621893,-0.8274628958917203,-1.3302159264728317,,
16.710731000000003,-99.40471925426466,-14.878635418057165,15.829440386905544,-2.881445735826384,0.4515290823764567,-4.733003900041032,-1.6443377732905518,-1.1628349039405765,-1.3699288579248152,,
16.720235000000002,-107.85864426533819,-21.42405698836001,10.623468178795154,-1.107577218250701,-0.6951011210203752,-3.993285128556839,-1.2661836095934391,-1.6439504122225905,-1.5534995519144748,,
16.739175000000003,-115.24632053039949,-39.37184090168943,-3.914303093263248,3.211004178198087,-0.797056047780135,0.22131125932878762,-0.21497700348181684,-1.8654189027150525,-1.8098982158192016,,
16.74886,-116.09891406615051,-47.495357669126314,-14.38551798187814,4.241085068843429,-3.430805911807149,3.9182865675273697,-0.3860263996113436,-1.5871491353794989,-2.197459357316448,,
16.75839,-117.43444887519402,-51.93642987262843,-23.01395908599612,3.068197224453106,-5.357044429084769,5.302417506420916,-0.4482279602511841,-0.7887301196822338,-2.096603064860681,,
16.767889000000004,-125.89872744399132,-52.36369517990474,-25.20302033242035,5.203562777523335,-5.453940993067158,3.6617493494222564,-0.99101049201431,0.34441274304271186,-1.925702696134217,,
16.777411999999998,-145.70127785070372,-50.64322679703486,-18.355321966906626,1.8785680180043849,-3.6988272928681947,2.9773353748256692,-2.1625305685523455,1.2368870257695506,-1.72578160933235,,
16.786738999999997,-167.71230236479502,-45.41078244650535,-4.5091671840968095,2.6446930184726547,-1.3371183047634791,-0.5570047625155983,-2.675592311204262,1.6028698438483906,-0.5125025356585031,,
16.796278,172.68010066817737,-37.74672520797273,8.297505956743402,1.9903928836591767,-3.5382205007748784,-5.895761844989495,-2.9796913642325333,1.4302674042965644,-0.05391560229895953,,
16.805717,155.92144941432315,-29.094594649480655,17.794325467679602,-6.437030581973721,-0.7488710649229902,-2.0401410411204965,-3.1139999950056305,1.0549031685508927,0.0419785242459073,,
16.815307000000004,151.58053050970665,-25.552584581093882,21.50392324515944,-4.054184789898483,-5.87984793424558,-6.8506677553201625,-0.9642908181170173,0.42140477024858386,0.3454032787287802,,
16.824728999999998,150.85318107916223,-28.608661871287723,23.55659608382491,-4.841121508787273,-1.1564599636790445,-2.6522103284005096,0.11549698208124984,-0.6013439003661293,0.3469713533769891,,
16.834318000000003,152.004507898615,-31.33519833051242,26.87067514768379,-0.7363718837884252,-0.32546375179327725,-2.3318784776541306,0.4131086344441322,-0.3954112510873619,0.7814582393471585,,
16.843946000000003,155.46716804174898,-31.940177204486332,29.849458730336522,-1.003180195344107,1.5362772424889235,0.11187772527882377,0.5758081278573087,0.18710326308656122,0.9634992307885147,,
16.853259,163.91440166254148,-30.48762613624137,31.8772361255042,1.7050278260066571,2.0823294378864907,-1.1121857269446755,1.0906823451023608,1.0041298065369524,1.2868939485160935,,
16.872359000000003,-168.31903489357907,-27.405487198516106,32.229446019811554,-0.10721073372079379,1.0890113493125304,-6.003231669579565,2.0566059718805234,1.6161867908268397,1.2820437025587383,,
16.881902000000004,-152.1759316220549,-26.164237086007518,30.615213259682594,-4.673633346908699,-0.16328286517959664,-7.290524035873115,2.3305633536292976,1.721582306971867,1.1466299631162105,,
16.89143,-136.1965502179738,-29.165032136783942,29.43830985966028,-5.201059313228116,0.566703841663133,-8.505187139786663,2.7497415069275943,0.9050053226871341,1.2642733304606995,,
16.900944000000003,-122.9728943722983,-39.33207110516562,27.09074207665123,-2.658825939197502,3.172509801460446,-5.893036041025184,2.885662149018742,-0.74664272484327,1.0380145936455503,,
16.910375000000002,-107.54331969830065,-52.15289954602825,15.302800970929619,1.0578848453407603,7.0817327764173115,-0.44461207440124695,2.927316841840107,-1.5981258828470104,-0.11380881855657204,,
16.920053000000003,-80.91161736423732,-59.24873750693097,-12.625788193859641,1.729309819952582,2.5202255831999167,5.260207981352019,3.0141546414890192,-1.3222303259437258,-1.1348308496847785,,
16.929574000000002,-53.72333252335922,-54.56579584317705,-38.05732954370676,2.574915465021194,-3.4874771891007184,5.82192181094767,3.0531716783356324,-0.4459008187916086,-0.49032156044170494,,
16.939082,-39.843845300472516,-43.59668772908135,-44.731499373039085,4.018336981870545,-5.660656890258065,3.4111660663844283,2.8028261399477334,0.4234023038985718,0.7804216535784637,,
16.948423,-36.31315669146929,-36.654347589391065,-35.560050814675016,4.782909507914384,-6.152481887271686,2.038721834176953,1.307646543072452,0.7026892364109139,2.2953713709615653,,
16.957936000000004,-34.23987904537987,-35.0843392147115,-19.97827570167208,4.496971172746989,-4.362034364959965,-0.6872299086116794,0.4456076555797233,0.10910183033543061,3.3679117218243535,,
16.96761,-27.018420813953053,-38.260707644408065,-3.54718615076394,2.140212673593095,4.339589170164027,3.1408356514287457,1.0154230677568576,-0.8751282647033211,4.154154236120298,,
16.976953,-22.097136003273558,-41.82700103411144,9.427882135729693,-4.707755079258413,4.124687872024614,1.6795646932752224,0.7998101754988075,-0.6871760752555706,3.233999342446666,,
16.986546000000004,-17.210129432315096,-46.01041967699956,16.63078908866749,-4.913421978482017,-0.6981812382862671,-4.960344111048487,0.8856205625362934,-0.6672975286054621,2.123469050517818,,
16.995922,-1.4264580529372535,-51.075419102662956,14.649465401163294,-6.633087811595854,1.393164674543814,-2.7317144609694157,2.296284471150514,-0.4146560711269378,1.9758747108994443,,
17.00524,17.47370576828037,-50.72284951972664,5.952728318196658,-5.790671126758819,-1.0598243623030326,-1.8960184280389922,2.341672303106303,0.48668728619791723,1.2015687667766466,,
17.014794000000002,31.97643364383726,-43.70612935486016,0.15182041887442752,-3.6489028274139974,-1.4810238375475082,-2.7857568594560345,1.9059911732450006,1.4922088978778973,0.9723849912652273,,
17.024303000000003,41.01025913650669,-35.53875740645125,-0.3402426151544802,-2.2405244859482094,-2.101154940912826,-2.2848580225104187,1.4087066599171636,1.6244930786900178,1.051004123454309,,
17.033901,45.63505725934374,-29.047727212994978,2.3774516602191476,-1.014953415752485,-0.6679071472211873,-2.868652503854126,0.7715883694997191,1.3094632594274838,1.0314790695310903,,
17.043399,46.76137549179359,-26.8233143969467,6.189426107261695,0.7743690109265067,0.0632141745040738,-3.283290947655233,0.1768513276867121,0.4565485157078087,0.8614444407384348,,
17.052916000000003,45.769255071563144,-28.32931831623762,12.396774928620168,0.6474315749422507,1.444952431234433,-3.84098862716715,-0.11333464305725661,-0.32759630632619396,1.1438059408083496,,
17.062432,43.73484692455046,-32.50987763573508,19.693821834492603,-0.8088145023187544,1.3752192596343733,-2.9035597422739925,-0.09397136766638908,-0.9020735504004808,1.2479552608183477,,
17.081457,36.49407545094679,-43.411940119412854,30.82158919941606,-0.45648981281953377,1.0167350998826055,-2.2031890940171848,0.03738594399376261,-1.1835262528671908,0.4843285239679405,,
17.090874,34.63538370436667,-47.13909479525638,32.57909606372154,-0.6681656753324913,0.0927082374596777,-0.8414118023439039,0.18275786986114942,-0.7710856163883725,0.0849867248157669,,
17.100568000000003,35.91229190879786,-49.33069613430307,28.688221761257598,0.23936167395075836,-0.5358429603325198,1.0270528616543673,0.383761079362496,-0.2900446108376002,-0.5901402249159747,,
17.110084,41.43791479890704,-49.04753848950835,19.426711468953926,1.1521792972678297,-2.0577688356203954,3.773258418429925,0.6507838856211963,0.34618490850649086,-1.0186927285932503,,
17.119598000000003,49.36524747438726,-45.78664689785606,8.065346194505246,2.0020375008474818,-3.8328804337481905,5.022414099107655,0.9016784123368952,0.886966960818627,-1.1071263028644798,,
17.129106999999998,57.93194240283779,-41.087272192083965,-1.6248151671322195,2.7798726144677954,-5.11629219439551,4.368293377210716,1.1992824439493672,1.0107056483372179,-0.860696003871201,,
17.138438,65.19847553857885,-36.83937935594547,-7.152860460747032,1.9432738108028103,-6.03661922416417,2.513333330363616,1.2026447539251541,0.7627667134423803,-0.27610246761602714,,
17.147941000000003,69.35264284894355,-34.5194312914129,-7.51050888261956,0.376412164833909,-4.71677877851877,-0.13326665881461214,0.7405253367342786,0.3757187958289408,0.3405291654422272,,
17.157460999999998,70.82946263107743,-34.6456780338367,-4.652121072967444,-0.7757958112313162,-2.6999894856364373,-1.831900164357359,0.25186556239617275,-0.05002750702266552,0.6725628355868346,,
17.166958,70.02045913507229,-36.65501024664602,-0.029652503005904645,-1.170735005012943,-2.1717000165140163,-2.1347794244223413,-0.13439728376372181,-0.39598944872809827,0.7610155325881626,,
17.176558999999997,66.62156080245548,-38.9680000111251,7.173643002613495,-1.0284222623040327,-1.0196224561395535,-2.3843064295435266,-0.49397853207994097,-0.4951011156564519,0.9569271881738028,,
17.186058000000003,61.98603202635888,-40.27035947935939,16.125776190246437,-1.399656872391563,-0.06442609738338391,-2.7509166915424395,-0.6342747958505119,-0.3983879294812343,1.1367611428609201,,
17.195571,58.00469288512774,-40.3562052623657,23.790170368749,-1.5550321518378527,0.5293457999464154,-2.7710386158046343,-0.5526868184683027,-0.22134604161991853,0.9518543379292632,,
17.205081999999997,54.6839117326255,-39.22470582149017,29.101059380144562,-1.509795954490004,1.4723766054218768,-3.043563766124139,-0.5461803370754456,-0.022097307140453246,0.5657707896978191,,
17.214591,51.86312790323394,-36.888605623406214,32.25892546791307,-1.902136110775007,2.0108146251073578,-3.8826116905803345,-0.6096618114266531,0.1778712652322348,0.2170791198255542,,
17.224108,49.91397175911458,-34.22051487835274,32.997385719390834,-2.40424779729315,1.8273784424588644,-4.316589833336409,-0.5445486948756367,0.2807557393575688,-0.15954346850367807,,
17.233623,48.2644035934492,-32.153303084577075,31.591669830480985,-2.2654297930456724,1.6788360418500816,-4.324011049049638,-0.44380372497830534,0.20358352005772765,-0.5586424997827371,,
17.243133999999998,46.41421621776239,-30.971798685765762,29.407697942956265,-1.7114793606890262,1.3582593699142376,-3.9507618160293494,-0.38034328015800023,0.04419396395689901,-0.7392258508708868,,
17.25264,44.02531055298305,-31.07004387785141,27.444381089415486,-1.1471679991308057,1.1029443809503134,-3.126446102383087,-0.33801987288569024,-0.21263243626327785,-0.7526362209409563,,
17.262159000000004,41.12350677992606,-33.08026556383939,25.830975653504776,0.024960113978381746,1.1428539208806925,-2.035874370333196,-0.2445538741591145,-0.5810388111717395,-0.7409403513583355,,
17.271755,38.786172325618566,-36.88231357066786,24.682162495965017,0.7609465418654302,0.752093864599911,0.5350634345239734,-0.005463783375799282,-0.8520984812043575,-0.6026902445379669,,
17.281278999999998,36.49330053290328,-41.544933360761505,23.49320505802795,1.5885040286168877,-0.24718081517310106,3.416605184661902,0.0736447901228238,-0.99770937430531,-0.6286130819503805,,
17.290786000000004,36.489712779428956,-45.463641296182,21.185925060016704,2.916165175674107,-1.1621856034447435,5.271957130530221,0.3139237343424391,-0.7258335149363906,-0.5506397374388411,,
17.300302000000002,43.07231703920536,-47.847616492869705,15.336832387771175,2.4020893311223297,-3.3089071919040483,6.178389707547193,1.0222483904121253,-0.16708439090132163,-0.28596202007393084,,
17.309804999999997,56.665055357312085,-49.060293491906876,4.069512620117231,2.0545461230316384,-5.259061100751469,5.586668785258837,1.8308000629337873,0.06984775731515908,-0.2765524654277247,,
17.319149000000003,71.42654212700734,-47.63744491672936,-6.247102905126578,1.0419000330194994,-7.245173725540795,2.3143110446612916,1.9791013357058005,0.2495069464913992,0.09762179314451518,,
17.328656000000002,83.05794819184989,-44.89874664882199,-9.024693221025231,-2.113492838118716,-6.521374592072048,-1.4601019669226836,1.6803223783844523,0.33112308111218086,1.0983276590763549,,
17.338243,90.5758752288447,-42.79026687645498,-7.900547541505594,-3.417876518460768,-1.8152546952854787,-4.403467498876012,1.148737565056454,0.2613747244882492,1.251600401362775,,
17.347751000000002,94.91084222337858,-41.50564435646821,-5.180611310077912,-1.7528402344178193,-2.2363079465323286,-4.746707723518657,0.6809889528157828,0.18773658330710552,1.1025496444468292,,
17.357257000000004,94.36285142041602,-40.79973369755993,4.542335487000358,-2.5263315505924053,-2.5201003357919327,-3.8486930263111705,-0.07063713526816788,0.1487975150652139,1.8581607167273015,,
17.366773000000002,88.99354237792618,-39.29326354365706,15.466816920188146,-1.0667393268318552,-2.066463782463892,-2.71229067335816,-0.8531006478694075,0.16116443438021247,1.4695802087433625,,
17.376291000000002,83.99353795021837,-37.82509309705918,23.67029443596906,0.4333493616153267,2.456640278530113,-2.634746497984379,-0.8266013854459116,0.021546061618473267,0.9687518424168535,,
17.385711999999998,82.76595127666833,-37.10154828948672,30.717821429846058,-0.22168993582652335,2.2723009913579424,-0.9664678608687647,-0.2313365620311284,0.04870637055118571,1.214442271272818,,
17.395246999999998,81.39278944209377,-36.98098272004089,35.420951092935496,-1.2514487373107117,2.7236310289972123,-1.4341206973293308,-0.18901535279745657,-0.08987700656065915,0.7423742886149353,,
17.404763000000003,82.29175025130179,-37.507754050558695,35.67480879607029,-1.8326320033173302,4.306933865536185,-2.5516591676913234,0.18572834878621022,0.007937509594239184,0.10724634036940363,,
17.414274,87.6992245373321,-38.250789244787676,33.24905794595445,-1.4968970299804014,1.5249252343328168,-1.9446588613872264,0.7952054541287145,0.3734533530354291,0.11711465058489177,,
17.433377999999998,99.49638555982663,-39.01795601667006,25.394735687601496,-0.012812969415686416,0.417766152185673,-2.4703031555909516,0.8513725965810568,0.3819935230316149,-0.21764325990355243,,
17.442977,106.04889411971277,-40.33453203816873,21.22072729096679,2.366185320975771,-1.1948609263339378,-1.3233761208326855,1.0381509502336912,0.17183018783941517,-0.06233797251311206,,
17.452497,110.08555150656306,-43.883240302912014,18.11657536434806,4.794417465027625,-2.7532108765124472,0.2301081457538521,0.8125596677839869,-0.45292112783974214,-0.1524084769791584,,
17.462001,112.06755198469286,-49.89355855193156,13.896834653541653,6.968068616048927,-4.066979192756806,2.7025952812097063,0.6050322008303124,-1.0684012803169383,-0.6455801223148377,,
17.471702,114.38769672895356,-57.40739532450512,6.9671802328490315,5.849988292012332,-6.605521920144764,4.566992620252176,0.5524424311362409,-1.4195022019943724,-1.0096694813494136,,
17.481019000000003,114.20908588980858,-63.31474273781101,0.24572890632062366,2.4982695901014367,-7.142486115699276,2.9792258991685054,0.06671364140682323,-1.1730401978954077,-1.3733254541325255,,
17.49053,107.07382335046158,-65.22312013041264,-0.8842299571229738,-0.685021244653131,-5.6129872922912725,0.3787951896320952,-0.6093921612738132,-0.3738465278545064,-1.6416434242443667,,
17.50004,93.14159962900352,-62.32547350522732,4.7169126412399836,-2.447849188078994,-2.3787389811473876,-1.6193792257657478,-1.2405116479414948,0.5355541412503935,-1.4967010164222525,,
17.509555,81.6589061229036,-55.03335090654597,10.237915466781262,-3.685363785623183,0.008200306084454047,-2.941076561771844,-1.3657076917468707,1.2870696101489099,-0.9413170463116084,,
17.519067999999997,75.02405724831141,-45.91422674282219,11.054355888600869,-3.4410508762771927,-1.1538408481036766,-1.9224411981877616,-1.1597174806070432,1.6379787683879814,-0.9163474933861273,,
17.528660000000002,67.47843733216165,-37.33117668265726,11.500962834482452,-1.2591866242102039,-0.13602347900578107,-1.9474016960709484,-1.4350158902349865,1.461760461721158,-0.9691015973147081,,
17.538169000000003,60.15374280200752,-31.043741892815152,13.766911279959674,-0.37608232903724675,0.654453206667681,-2.8515586050040844,-1.4490739204522924,0.9602796247116668,-0.4202536181333468,,
17.547699,53.42911812128751,-28.7071311327796,16.599707635841717,-0.5596134090581558,0.4600728739496508,-1.454497404835449,-1.2376179649953132,0.14378490118621526,-0.1546350147593078,,
17.5572,43.81857210770048,-30.2488148314327,20.814029582034827,0.2042904249801786,1.7448254191448005,-2.1998060798842287,-1.4733600551995893,-0.8322460352841075,-0.16503772368479006,,
17.566703000000004,32.32469278915058,-33.473950207280524,28.080451804913473,-0.590419435671927,1.5210310968855425,-2.150108185162671,-1.496405407180473,-1.3982454621414504,0.17816738974137697,,
17.576124999999998,18.866065999682338,-36.57488685232446,37.378651025629004,-2.7236168907214164,0.6148292209045519,-1.5266503176048896,-1.502171489606253,-1.71753537895804,0.23055883016565462,,
17.585642999999997,2.8752963233707067,-38.682898363989125,46.141722492750326,-3.469164699283097,0.26102794459544015,-1.6726941962607473,-1.588943808582632,-2.0065962810605997,-0.29568101589880147,,
17.595151,-12.464949432277272,-38.71565354996516,51.72966915562847,-3.7586001677763328,0.13960156241244012,-1.363251591272461,-1.5463911032627642,-1.8191954640293257,-0.909644035961948,,
17.604663000000002,-23.163607753825033,-37.32184565368995,50.95283259997004,-3.6479466023518343,0.475771651607496,-1.9318511012214858,-1.2530287762406143,-1.1542149236199861,-1.589419843702726,,
17.614259000000004,-27.57457005311577,-37.407380183024564,42.191408048902844,-2.0173383297005416,0.9797418853165278,-2.5947184385172823,-0.4590969062955732,-0.5280349795016037,-2.2852241807815803,,
17.623694999999998,-23.69453670829783,-39.558844310925444,26.52228062361893,0.6617513860148219,1.450776847575837,-1.6275188433667782,0.7567450503737073,-0.020789731206519294,-2.648744274973181,,
17.633386,-10.497050513042854,-40.19208142972472,5.323154000734499,3.296953021416444,1.36055209828836,1.2373884692706556,1.9949694164358858,0.4244242016881777,-2.537371028207801,,
17.642895000000003,5.069064067739711,-36.13837473843514,-14.992825293449497,5.111914324587239,-1.3536378075428754,4.609704652777237,2.5166533467862573,0.5849329048845929,-2.125284940572733,,
17.652405,15.732630389509564,-28.96367002380244,-25.731889057230877,5.07228766597534,-5.054706431151956,3.288106290031535,2.191093070048086,0.7037581187004055,-0.9971948721704061,,
17.661729,25.034188678252654,-22.5595243010695,-23.61647000588435,6.2411734246003086,-4.499023787038169,0.818008307984441,2.0652668008539248,0.45121402087160667,1.2261188274207502,,
17.671385,35.20522647522975,-23.104069174999093,-11.584977308345294,3.504016420924224,-1.1948406728611727,3.7796432389207353,1.7702351056242145,-0.6811358347664838,3.186595093909478,,
17.680928,39.87814733258419,-31.257839365482546,5.601411438149013,-1.126497549600738,-0.2747271050705974,2.4029492922532385,0.7576091240397437,-1.686936457360135,3.9160563932705847,,
17.690269999999998,37.91331919618279,-42.2629164733913,25.3044405796294,-5.751937638699183,0.19794823740442513,-3.327996581077133,0.2918337078377016,-2.2180077270737177,3.750216595296261,,
17.699852999999997,35.092044192014434,-51.865768363491135,39.72887679027911,-6.500793557927145,-1.56976862897005,-5.835232373245755,0.720143761812124,-1.8294742032424256,2.5035907368248504,,
17.709298000000004,40.63959336106402,-50.18187308574391,41.04768114973501,-4.485168191092809,-2.5638086739594383,-3.4176279925877853,0.32674628451007354,0.7140030705348732,1.1254167871780574,,
17.728396000000004,56.10052885003887,-32.61168179486402,31.481683771152454,-3.330054370142686,0.37887391410088767,-2.9558823361364466,0.12814749315126328,2.0790707510535906,-0.2863834228371392,,
17.737887999999998,58.79333210507324,-26.161270814177456,25.617161629329814,1.4495303538294275,1.791630560437932,-2.399281307161309,-0.19364248041751558,1.36287226070042,-0.91601406293132,,
17.747408,57.98551441337091,-21.468868410982257,25.757405475911195,0.8165721821069954,2.2080261364555196,-4.029105008577438,-0.530522159705386,0.7857389786355597,-0.04606337118078796,,
17.756925000000003,57.88400535802794,-22.739986778919317,26.13997198382078,0.6969284880288158,1.6348085133430106,-2.5302049128194324,0.10467721047760208,-0.23369810616333522,0.06039302390835314,,
17.766347000000003,58.08164109214608,-30.22531251205406,24.90703937426432,3.3708413190679933,0.9300497599706318,0.022400571327899917,0.6889890513407502,-1.3335567566305322,-0.2359247294298353,,
17.776045000000003,56.931507657351325,-39.205282677873626,27.201168914948457,2.2763070406940655,-1.9271596078719564,2.511607732784887,0.6314919394331336,-1.6941654669724835,0.3219659720894462,,
17.785555000000002,53.030524486121074,-47.494718346049275,31.236495099546577,0.49352174391184395,-2.704483017046586,1.791460665264206,0.3262734862734987,-1.7206286883246997,0.2666037811526731,,
17.795065,50.36410298277039,-54.063811500769766,32.46330541216967,0.37880978838976154,-3.66562262977006,2.215992921143099,0.4227551036623039,-1.28971109830177,-0.2204653098791672,,
17.804575,50.3544563779033,-56.08432639600803,31.007709757513204,-0.5484521910052279,-5.767049605618597,2.535874391063194,0.22568603963758532,-0.3398856255400195,-0.34643017195034864,,
17.813907,52.88177660510964,-53.00702062915227,27.22685257404239,-0.5668022202309879,-3.6382629783933718,0.6230110001911607,-0.03133674147040535,0.68484069375762,-0.3833641640252577,,
17.823421000000003,58.060552140556645,-46.83915053015679,22.24886867725001,-0.3186712335813514,-4.209224216158832,0.85311280900484,0.10185326490885899,1.4038200272882262,-0.22320476482302984,,
17.832911000000003,61.924473589713266,-39.352966575388145,19.557914413365893,0.21023662693327808,-2.6128417542100895,-0.16264832773673477,0.00572859269307764,1.6049241133640402,-0.014188426674392823,,
17.842447,63.551730312914394,-32.54027187531826,19.679541650693647,0.22413213914352367,-1.672525717507644,-1.1783571365015417,-0.19793201562123017,1.3771652303698667,0.20899057948347918,,
17.851961000000003,63.32153898784618,-28.11897956418195,21.32573970091579,1.0478277906403803,-1.0690858454077727,-1.5952874059974298,-0.33650729047355904,0.8191106304277376,0.29855597067188483,,
17.861552000000003,61.526416561645874,-26.768514184889156,25.003968018283498,1.016032177531793,0.7501793018104558,-2.4539648594865016,-0.38911056039359077,0.12724119208056375,0.5628696927470745,,
17.871055,59.18117487165837,-28.455423543708452,30.235530066819255,-0.06387169126683155,1.2101705087061527,-2.6822013542259566,-0.2013621985402598,-0.4875651133622056,0.8103823932037378,,
17.880558999999998,56.72483080239317,-32.4638567692647,35.295650074051146,-1.274710523286544,1.089606027915292,-2.914397700757901,0.08910500806004235,-0.8988150074532526,0.7414725900169024,,
17.890074,53.824743042280765,-36.95137341391495,39.739718114828015,-2.0943655171451794,0.7015702123748297,-3.0791599469734687,0.18026952213203606,-0.9970386251384663,0.5327649971575739,,
17.899579000000003,50.35328330488486,-40.21990337057934,43.39553276639446,-2.762391987071447,0.7976856486480111,-4.001285883473116,0.03984777952518712,-0.8434982444603979,0.26416827546086763,,
17.909089,47.715353860251334,-41.99495368152542,45.03040225894916,-2.8591714696681945,0.16897489271467392,-3.9727060635143827,-0.02521293514184073,-0.525841827743134,-0.058811717416614694,,
17.918599,46.34213639599778,-42.13715231740162,44.34962276241837,-2.280492231714199,-0.0022633922140018244,-3.2785653587411856,-0.11315048127493693,-0.15796114573187545,-0.3612386432826133,,
17.928117,46.083250702000754,-40.811110336006145,42.0185851238424,-1.341961982449193,0.0006674315334590939,-2.214032362229732,-0.19841577925456153,0.172142746317615,-0.5400422590811691,,
17.937708999999998,46.41107273298976,-39.134426403690014,38.424142123115026,-0.08551802736562954,-0.2893465561716872,-0.3746301802666017,-0.1669182155761586,0.2931596342465519,-0.7273051302546683,,
17.947242000000003,46.82659062605551,-38.47368283467515,33.69364351933465,2.0287301572235936,0.025373748219521212,1.3507328891897845,-0.013467855007168829,0.14878311495768676,-0.9497668295292051,,
17.956752,47.95685991938305,-38.95697485726104,29.29268338865801,3.5340532819601114,-1.389031917822093,4.170448691565041,0.21365183282644623,0.013168695180429475,-0.7967885760833581,,
17.966264000000002,49.640814757917425,-40.52393629307955,25.75412858952972,3.5656607826929503,-2.4125394606531585,5.020693307443345,0.3879574249568657,-0.15504706731973797,-0.5448471668834917,,
17.975763999999998,53.181031050690635,-43.47062019949855,21.739967583576103,2.9915239570898593,-2.9338430654916023,4.3380847240394385,0.7331436364558707,-0.3240482947136423,-0.369820546784909,,
17.985276,58.15539437377697,-46.61332065102189,18.063139215064883,1.3233789370408688,-4.09716147901241,2.9445091268902868,0.8891665172874372,-0.3478222644792555,-0.062407565916407205,,
18.004203000000004,66.30784975501186,-50.46684761119938,15.38813831266278,-2.1256786216425416,-2.4402774485064826,-3.215611427563153,0.6141813963285894,-0.15016920861798586,0.43726513778556614,,
18.013632,70.81822996760603,-50.96081883938352,14.897885576837579,-2.7812325494804813,-2.310038538467468,-4.15585714407026,0.5904650044181795,0.05863060858505416,0.5983267902203009,,
18.023222000000004,71.68439671474864,-48.75730137808285,18.73897943724848,-2.7105529622888445,-2.268149228244167,-3.706990855130875,-0.008097645255949491,0.4604534622254023,0.9153474281514354,,
18.032738000000002,68.65443180750432,-44.332124135311034,26.00798561107181,-1.5704867389722061,-1.3805732881501864,-3.4656327303244336,-0.71105507893507,0.6678060667908751,1.0374937179018182,,
18.042251,66.2976720532696,-39.77646761827871,32.360418595463486,-0.4227428392170742,0.18936077738929308,-3.0069775488607475,-0.7396335159484057,0.6333438835247224,0.9719619009130203,,
18.051763,65.50260445386499,-36.4205283806131,37.5331020881955,0.047415242164693866,0.9744590442708262,-1.9907978857752846,-0.47760290543252776,0.4871479577604361,0.9460974008023625,,
18.061194,64.30123004465216,-34.805147016348016,41.964547036125474,0.16029804805438072,2.126087466422316,-1.6665250594247363,-0.34794771494167875,0.13190297008302873,0.7487785953003698,,
18.070691000000004,63.0911084687052,-35.28830589074446,45.12113983998753,-0.5474407062760838,3.278705991851725,-2.394215134605569,-0.06810684080902493,-0.1983180774123563,0.4797937287928679,,
18.080205,63.273676066304425,-37.83975302875903,46.12261768577499,-0.7126211439363925,2.4286533296113912,-1.844203329994842,0.3950236667123026,-0.327012138558683,0.1907473506555347,,
18.089733000000003,63.506150547742045,-41.451456119504805,45.159916084881594,-0.3969502359983729,1.0059951725397493,-1.4612583141846012,0.5521469827790094,-0.47016325787241875,-0.20282517733199565,,
18.09932,63.78781305983985,-45.109583351678715,42.65460534535294,-0.3198922701361853,0.4633916914212357,-1.7372826134204302,0.5484134972850019,-0.4894190476805989,-0.5118706975432796,,
18.108759,65.40441395805814,-48.370170147630745,38.235751892350756,0.041796097096696606,-1.0481825260088375,-0.7588254618544664,0.6035902741231203,-0.3433038493219735,-0.7000739617642743,,
18.118442,67.23878743279634,-50.76897320787794,32.44807187799816,0.6646581252039517,-2.2143487764530025,0.459913659302603,0.48404875570809996,-0.24508266468733025,-0.9435617036053507,,
18.12795,68.54241045171757,-52.00332105097246,26.812397172993673,1.6504755688394668,-3.128043825280149,1.6319461447608394,0.2759811855048573,-0.1267693842114531,-0.9925642249392356,,
18.137463000000004,70.43267843151433,-52.134787997100126,22.18696428340213,2.0268486781482133,-4.767052062301931,2.9234686634161493,0.23456034744774687,0.07925102061849172,-0.684419140671971,,
18.146970000000003,72.39826994388879,-51.29040525184451,18.49943056080615,1.8833160800396858,-4.4336408607032896,2.7938718408056054,0.181704853789068,0.2493558729033038,-0.4729799743036256,,
18.156301,74.4975649316942,-49.73231369656595,15.928686920950327,1.470562478698449,-3.725282914568572,1.290008155409572,0.17488886515241936,0.3828271948450908,-0.21696477771604392,,
18.175334,77.13255245253627,-46.043104900563,16.92081050932098,-0.006668340857528413,-2.1654406376888433,-1.02812426805302,-0.06734823391242309,0.3677128247863535,0.3997908056635384,,
18.184904000000003,76.23105509222046,-44.69187748128443,20.3269060175357,-0.24396307643017895,-1.4679787123160333,-1.9862682739687565,-0.19506643652245217,0.22279228136019985,0.5649200263133831,,
18.19442,74.92660452563611,-43.9596372955472,24.86884044643579,-0.26455040614763314,-1.2027227690018176,-1.9472373428728833,-0.21793279679846111,0.071034663575167,0.7308608864358833,,
18.203929000000002,72.10119683441114,-43.504759078528885,30.712162591057925,-0.6301591276446709,-0.39493850102771627,-2.201523313917699,-0.39374017384080245,-0.10191710269843521,0.7830877312034422,,
18.213442999999998,68.58281998316073,-43.19258346637344,36.41199616220254,-1.0703833117501398,0.9601498415943529,-2.8580579153852272,-0.4513903568645398,-0.22275675705807213,0.6531379758035799,,
18.222955,65.7410998768121,-42.89393414161629,41.00580593874986,-1.5067565307045672,1.3119886808308392,-2.847508096580968,-0.3521507618307522,-0.20468975342903253,0.5269046291063386,,
18.232464999999998,62.64132164183373,-42.158390913023624,44.72717223783202,-1.9750391067909177,1.2180065866678502,-2.9325962402770096,-0.42572075963593053,-0.19466564965728977,0.308490845963013,,
18.241979999999998,59.29918388123859,-41.02500889471219,46.99259219561883,-2.2287791407881716,1.7800503387903726,-3.658733800179385,-0.5014723145044192,-0.19305463409780077,-0.018213957243648365,,
18.251481,57.206210193420254,-40.03696079398746,47.3296917726175,-1.896133310194915,1.5182031654639934,-3.2129108527703214,-0.3516569485680674,-0.09123636980929363,-0.2385549724755091,,
18.260995,55.504439629415096,-39.46992374668869,46.39326541395353,-1.1510311977642071,1.3789437564677713,-2.4652735276591904,-0.2516397327879741,-0.10610805479807127,-0.44374886667107505,,
18.270433000000004,54.15673281272816,-39.88659489906147,44.5651747693713,-0.35092050830526395,1.660711946012895,-1.8251130352668137,-0.07522559930892861,-0.19944215011574873,-0.5784720672123191,,
18.279940000000003,53.8688096131251,-42.120614763763285,41.498632741983066,0.8213076392568114,1.396580804319983,-0.2145589564312335,0.2851958363575177,-0.3494946948069101,-0.6932665844594054,,
18.289624000000003,54.5172295464426,-45.936504274001365,37.836748272551276,1.7903643680896786,0.33876128141482326,1.7055019420751687,0.5721810949826149,-0.5213681295385572,-0.6829467777691216,,
18.299138,56.186610795582816,-50.54483717653434,34.082182517543465,2.076736844866427,-1.5936807458963942,3.459957880284378,0.735485506913899,-0.6085824963093194,-0.552655905197484,,
18.308647,59.810598363038565,-55.086558315203206,29.304568339635335,2.108766476381804,-3.4590355808735276,4.196730105066417,0.8641675752981711,-0.5357376232418454,-0.42045049888417524,,
18.318165,66.88699438260451,-58.39468642497429,22.786796856953913,1.6046794648143505,-4.706007314321467,3.379942924969378,1.001036581348994,-0.2461503921425799,-0.1466188380017312,,
18.327497,76.7258530863919,-59.564862474171846,14.928296130995665,0.3948956348818064,-5.108036783337076,0.998425742390815,1.0477069806180062,0.113077539086183,0.10773009369838873,,
18.337007999999997,85.71609924658557,-58.36121073306809,8.720537857422103,0.23217929591872402,-5.743372010465841,-1.1262061119923386,0.8708353662118107,0.43129966656268814,0.3050763359832221,,
18.346518000000003,90.62664712189864,-55.60898463352379,8.843947962138886,-0.2882123847345361,-4.117181632588491,-2.5202531574044627,0.4577019110799399,0.6328233446908825,0.8692872851933481,,
18.356023,91.41357135745706,-52.185151885421234,13.57963950619728,-0.8441033053020779,-3.9101752288853358,-2.7800810114711925,-0.030183053855140477,0.6990400686283117,1.1094845207743784,,
18.365546000000002,88.49973467754268,-48.46001661861624,19.415934177674544,0.49760662998102784,-1.95983765004616,-2.1669976233983417,-0.5577568692727635,0.6189446476409004,0.7520796381427957,,
18.375132,83.92279624171633,-45.216891954822685,26.644622644953262,1.1301458025119004,-0.3933282906501302,-1.737392544930684,-0.8208701418061469,0.362294122493268,0.8024906765027509,,
18.384577,79.49297645901817,-42.998028239607514,33.75640523860751,0.9535623182372293,-0.16419993816451245,-1.2042631489184286,-0.7648878411058405,0.07369730532377043,0.8205523068569991,,
18.394064999999998,75.77390573206695,-42.41242855278035,38.35597716922095,0.5277237059078399,1.6231072877470931,-1.3472546045470462,-0.5026752598291578,-0.21751606719860503,0.41134725936731636,,
18.403582999999998,72.98644627220511,-43.43422743940549,41.693147094123994,-0.17997826943190776,2.1241308229356823,-1.6795614221351565,-0.17247453395835177,-0.4096720628749305,0.2645425641852537,,
18.41317,70.18821620272354,-45.22766622172235,44.81039990603301,-1.3854401163750991,1.2480575690836397,-2.304305372846349,-0.036777400331308045,-0.5260379755894337,0.20432020406857074,,
18.422691,67.0457823534754,-47.14653820212195,46.44559108676992,-2.319074072875319,1.2889143190454662,-3.3646739275125968,-0.020362057155635195,-0.5700082423911007,-0.16330615622396205,,
18.432197000000002,64.46600511514636,-48.69609107580706,46.36234126123013,-2.1639177837635946,0.8721001909596248,-3.4690995391921815,-0.003917266335776458,-0.45497051135537914,-0.4425566848320596,,
18.441713,61.973379104191466,-49.44637138420088,45.7560431625733,-1.72033774326854,0.044632916934956586,-2.7421438553276145,-0.10832083649982535,-0.3306613545724232,-0.5406492976675338,,
18.451217999999997,58.93305064359071,-49.673718159359005,44.750836671739776,-1.1739992448524774,-0.36993866806253445,-1.8138976646699865,-0.23470711878935063,-0.30436266660381545,-0.706649239835812,,
18.460824000000002,56.6743957407023,-50.41097478751869,42.16481715760101,-0.3135061881364054,0.06675193038328087,-0.6238978843250513,-0.09768766036935907,-0.299440057361952,-0.9066446114859071,,
18.470336000000003,56.27532835050593,-52.06491829731926,37.78706415032544,0.38721263115730953,-1.4113858441651432,2.1078530979280323,0.18669002759054537,-0.27889844580034173,-0.9781106652026206,,
18.479857000000003,55.19905790462133,-53.605829320073475,33.21973205435187,1.2995793318107691,-1.601113774583511,3.039188482483216,0.08645293343856575,-0.3210250103520571,-1.1461598570083316,,
18.489359,56.195149252617284,-54.451540705865796,28.36150290901379,1.6193627934771713,-2.057342456687567,2.597890590108399,0.2003450134919567,-0.08024382057841331,-0.8680375744553225,,
18.498874999999998,61.66902836145566,-54.42227955289458,22.232275099347603,0.8428075129658876,-3.5139116201857314,2.2430076933317222,0.5861359677848981,0.28298701985926994,-0.37133764628319343,,
18.508184,68.7734347740431,-53.05987019218207,16.68104065802569,0.5611860295530873,-4.1862232565008926,0.8126264084808598,0.714806758603846,0.5418036308263793,0.02613882151826373,,
18.527216000000003,79.35857194407332,-48.290793327474695,16.14751701316411,0.07891966486644511,-3.25934597664916,-1.52228486408187,0.41447878967616697,0.617142626544874,1.0009572749812803,,
18.536734000000003,80.54056490628338,-46.518388942441746,19.971763094477094,0.6284627044007404,-2.488864687798436,-1.9255694633443161,0.054050378210924566,0.3945846788658283,0.976755157360582,,
18.546244,79.53097233148118,-45.62602200971834,25.82227784608596,0.8095304967114795,-1.5605529574922328,-1.927924560631371,-0.18825308805594493,0.11880671766766948,1.0597964036204206,,
18.555761000000004,77.2232962712069,-45.504331225458635,32.793754663287025,0.4661220640859966,-1.12941129509204,-1.572786657954495,-0.28468981114690123,-0.12755009472366186,1.0888047718408385,,
18.565375000000003,74.00462973558818,-45.91953412980199,39.22071824348024,0.0078705281277075,0.4967430152590246,-1.8905660312804038,-0.30638050760225977,-0.32185842622765515,0.8323696497222557,,
18.574863999999998,71.63239557022327,-46.56376224262564,44.62359935878753,-0.8323568816332019,1.2036727166439074,-2.1321316571274447,-0.149845325753789,-0.30514767447837376,0.7351146992159099,,
18.584357000000004,69.70479651637378,-46.84590395579531,48.97353388551667,-1.6417120150747806,0.8544963538685031,-2.394827634971019,-0.13205965540610445,-0.22090771830079914,0.5865244766248708,,
18.59388,67.5644265211757,-46.34041626329167,51.7993232219534,-2.2373497117732066,1.1754760551299777,-3.17737793835739,-0.2578590483312163,-0.1516881916688546,0.23793346268695836,,
18.60338,66.26126784401801,-45.06110161611194,52.73327798048518,-2.4787311289289864,1.4954363396938049,-3.4140101040483786,-0.3063340515292215,0.02308996952683185,-0.02032583572294787,,
18.612902,65.43646233188386,-43.2777026050025,52.26158394883152,-1.9177821875439796,1.3858900317368148,-2.9308474536320506,-0.34759070214543797,0.133495816357861,-0.23464274182734865,,
18.622408999999998,64.80192712299312,-41.760875549997195,50.72697967529949,-1.048690983787837,1.601831349971637,-2.3710866655940928,-0.28789230008026745,0.12547595080025872,-0.42458830004154213,,
18.631847,65.18149895931545,-41.701462634770444,47.759750818072085,0.07168111411294846,1.4458542908907552,-1.034790396039083,0.03661081580984108,0.060392346351956526,-0.5780819716330734,,
18.641534999999998,66.07478715936993,-43.66991096614721,43.60568039570122,1.3146180704805643,0.7365194289418467,0.6160047802300747,0.3834428493657071,-0.17161824059411632,-0.7435836014174586,,
18.651046,67.34888218813826,-47.382613074997536,38.986858802925894,2.0568046651046443,-0.25460315153933455,1.820337061415511,0.6355736015869051,-0.43098869585209265,-0.7751843364428096,,
18.660556999999997,70.02018414005778,-51.9373952960559,33.9096676300087,2.1344742488866726,-3.1287905678384127,3.1565864179756353,0.8319318189967986,-0.5177869250417194,-0.6528827022838372,,
18.670068999999998,72.66993121495982,-55.79629974678777,28.34249378875117,2.0147766561818843,-5.225020373243544,2.8168818821633077,0.6794989167332315,-0.49028739743121713,-0.7357498890697696,,
18.679394000000002,76.08139418739086,-57.68882359176225,23.014112681336155,1.5098767588653335,-4.3823638005375605,0.9481418034989675,0.5136053772372415,-0.1707230995138261,-0.5379925799968254,,
18.688919,81.42000569265166,-57.30713779161332,18.49607938751783,0.3094683659301225,-5.56407540518605,0.04541928289230601,0.5211581262811219,0.2827977799185324,-0.02365392516930442,,
18.698424000000003,84.22012207564612,-54.95973559847466,16.482061761062504,-0.08164951190591864,-3.7453680525223287,-1.1491183719608868,0.16820946993035799,0.5496086156126524,0.06117132492417496,,
18.707924,84.38629509153898,-51.6769218505907,18.006189903591547,-0.010133933911301983,-2.6682426675635518,-1.9275712375505298,-0.16432593888003222,0.6416506999189455,0.34460606896270085,,
18.717454000000004,82.80295595944892,-48.34168450126556,22.257623249924656,0.11472713058379076,-3.017325766262717,-1.7145480168402982,-0.41001864011961137,0.5656746577298303,0.6286366756383293,,
18.726945999999998,78.75021051538157,-45.47082938737282,28.059733644063808,0.6845256428294234,-1.9389116322513895,-1.396640135882024,-0.7357273073663821,0.2937428259998223,0.5866554405702729,,
18.736473000000004,73.63568708312421,-43.55339627230734,34.49346669719582,0.989301870345055,-0.5110142396550607,-1.2040793348478338,-0.8136191114577456,-0.041935134260209575,0.5765807970364711,,
18.745974000000004,68.80971472560438,-42.83943417803672,40.74838559127682,0.6264210980276371,0.44421991279486867,-0.988357431923979,-0.6358038947662026,-0.3076832714015919,0.5861311821181198,,
18.755482,64.2280992144895,-43.18507685810584,46.088387692986544,-0.10687216647943983,1.3116487425017906,-1.3651873499023846,-0.4304719051449367,-0.5018993257062723,0.4387590033749946,,
18.765012,60.049934576696785,-43.96254332503562,50.43655258817653,-1.1074206817238472,1.4684384154937162,-2.0557939020942224,-0.2778709995604856,-0.5465085849996201,0.2754809389872114,,
18.774587000000004,56.029764820242704,-44.42850485425878,53.41792380866524,-1.9771835869193506,1.0295240442317768,-2.7915654068344966,-0.27273849486789603,-0.5026062423484853,0.013233438982265835,,
18.784097000000003,52.28503789687538,-44.23814974866414,54.55477501610868,-2.610946689728487,1.1599081535472675,-3.6453934836470756,-0.3360137423546245,-0.4027420126327141,-0.32575830967897185,,
18.793611,49.238395512106486,-43.42922296755337,53.85245891579893,-2.5067528941583297,0.5513821232537931,-3.2964949336754565,-0.37821524113008,-0.25432144066509427,-0.5968193621415182,,
18.803114,46.342152026138905,-42.27614965927976,51.869999908838395,-1.963142362542791,0.9985325952402566,-3.1745296516170827,-0.4296768235212978,-0.19266018492524253,-0.8264712347164268,,
18.812631000000003,44.39326408998594,-41.63725529182549,48.98693781105688,-1.2049743224771072,0.9969693868577545,-2.0518527417805967,-0.27194471304897533,-0.13603252743461122,-0.8749182794857064,,
18.822063,42.81045691674338,-42.25318190925726,45.46095843371207,-0.16459979343643497,1.2243709014142568,-0.6825421423685862,-0.057289524922355124,-0.25128925188416046,-0.9533895107555379,,
18.831755,41.68313438247466,-44.21259824981658,41.79820241482388,1.1066352219719513,0.9761830819185481,0.8395710074999525,0.16461052347826172,-0.3926161868912207,-0.9173593726879684,,
18.841257,42.13419478727164,-47.08918951115947,38.38706128638848,1.5047240893687308,-0.4541293489923101,2.8167444856490014,0.43253380256027196,-0.39536158110351344,-0.6461249583355692,,
18.850771,44.588636245985604,-50.37205956193259,34.72859134746134,1.741530599315243,-1.4312347196008948,3.6385714501299806,0.6653169081024193,-0.3300395895129486,-0.39518191819544973,,
18.860278,50.27079454673933,-53.198828662713154,30.27957689376016,1.6606727536382684,-3.1263226352319404,3.520665288860589,0.9103360132445286,-0.09411184341099024,-0.011203401987280056,,
18.869808,59.35616866382224,-54.97645647287394,25.099355983502104,1.2961107925193895,-4.979952039893309,2.3975577437103093,1.12199154431144,0.18591863572028286,0.4354476417829408,,
18.87912,69.45724419734678,-55.415604737586435,20.910715000176996,1.0071654627350541,-5.385825101164236,0.007396278533739516,1.1084948065659737,0.37592869758210234,0.8212377317475918,,
18.888637000000003,78.71520104676115,-54.838023603413546,19.16873553830279,0.008010082438702038,-4.020173888688379,-1.9435388940025236,0.9685476614484623,0.47657868088565164,1.2188716533843564,,
18.898149000000004,85.34472683492216,-53.68009201546588,20.149440650625984,-0.623654129426683,-3.6174932069990597,-2.4759938813466906,0.6643275830859919,0.4858633800734171,1.3291955112413718,,
18.917242,84.71082811381903,-50.36521086755551,31.946762598373343,0.37948366363568803,-1.125634699849009,-2.306532318228573,-0.3925650168822746,0.19554083426417077,1.1785548481567831,,
18.926700000000004,82.23229096292354,-48.642241530657046,39.2129520928987,0.6015374867329941,-0.7031336787715132,-1.4796071780613136,-0.455140920784183,0.10408799401006018,1.0745096423625282,,
18.936205,79.75260473370571,-47.47365912611411,44.40065528842791,0.7384939729363373,0.7349766352142545,-0.8563796877260508,-0.3961839783650875,-0.03546950045025163,0.6661801670629436,,
18.945693,77.16074386089377,-47.151449415147695,48.58385701793773,0.2722484754258058,1.6336034799302688,-0.9472360084180608,-0.2822528463447279,-0.19921371273828392,0.452790043233436,,
18.955205,74.90793226792857,-47.62121078404233,51.855867573719706,-0.8662694713420378,1.6753789359075353,-1.474922357507239,-0.116420088303558,-0.2832288419101996,0.3047472661164158,,
18.964731999999998,73.3335263817721,-48.681330352143696,53.061278076541534,-1.8047223809690034,1.996336990133998,-2.4599815784977084,0.04698415320048525,-0.284321261741945,-0.016452591905614152,,
18.974322,73.18506831094727,-49.89615049696559,52.51146654624672,-2.2358811618804872,1.5814735478970157,-3.149913936313599,0.18890279661169626,-0.15067501410054895,-0.1583016021422611,,
18.983822000000004,74.0365395818488,-50.809307494227774,50.56895743996448,-1.7802680389020613,-0.06949716201753163,-3.254003601170016,0.21788157001418584,-0.01674002660823899,-0.2839858405970491,,
18.993337000000004,74.6561967696549,-51.31954252926793,47.61226912173366,-1.2319422056258544,0.26396241493645883,-3.0013871592803096,0.13580726847968164,0.0034791810396656445,-0.5277964500108446,,
19.002867000000002,74.79175925354406,-51.74897744412146,45.27430153648546,-0.19083890364829123,-0.2927915763461166,-1.990983767064275,0.0819790386337193,-0.03591512361248216,-0.4800397748554065,,
19.012304,73.97041885000111,-52.832343944334426,43.333167862244416,0.5667384242536458,-0.9018231413139967,-0.7588367131316022,0.08831723686085274,-0.21475718486704956,-0.5505691692097109,,
19.021974999999998,73.65226975430203,-55.329909109398756,39.69561359911059,1.3104809640532444,-0.7204742570668209,0.5578506160644822,0.3134208900106566,-0.3887346246781366,-0.8175184634103498,,
19.031489,74.94392048771367,-58.9515164915711,34.8529391627491,1.9809228359771045,-2.0470878712996994,2.223590018471295,0.5619371072794571,-0.4813900542968587,-0.8026214900582379,,
19.040989000000003,76.34753223537567,-62.476618836790315,30.331328899917832,1.255013501046772,-3.9667505680994934,2.318271841085714,0.5076786216625974,-0.510663664611413,-0.7090127366333557,,
19.059836000000004,80.74768037648123,-64.37297490087265,19.117213520120607,0.19737869953718007,-3.9376575092570634,-0.4083394886010667,0.20819999991339402,0.14616573557117954,-0.6531328250752358,,
19.069344,81.9738968547389,-61.51500598876944,17.723993580239846,-0.3677075660679357,-4.167793403545587,-1.1427914557908694,-0.06353097619204272,0.5855817238907002,-0.07041348551449901,,
19.078848999999998,80.98535232326266,-56.866043977909314,20.2632651367861,-0.025140843868428502,-6.481224556298368,-0.7525547054425029,-0.3868456566009877,0.8552253021822588,0.35458881772291634,,
19.088377,77.82226412863172,-51.5068645906197,24.630573137178093,0.47402846701558277,-3.9912173112794727,-0.4089326212979353,-0.7396938105106072,0.859271433596783,0.39887148783063403,,
19.098059,74.64988005700368,-46.90120469682841,28.726556195179956,1.2082989370497565,-0.7759171092029452,0.03831022080891616,-0.7731515432954016,0.6468486928212331,0.37398305351697375,,
19.107557999999997,71.36792962380432,-44.05865658132078,33.320182925058894,2.0074155180915585,-0.3254602697190698,0.7407769307829126,-0.6777028810411018,0.2590871769997662,0.4680305913107508,,
19.117081,67.45682454708368,-43.39933009795414,38.619174356779574,1.4702355778124048,0.8317827474865742,0.17384251801573203,-0.5256943371579347,-0.21673166816026668,0.5252330207389333,,
19.126407999999998,64.38938938540169,-45.00404229737771,43.21646723581985,0.5272925488912743,0.9688849950375149,-0.4389929825046523,-0.11262956984331689,-0.5221475942408007,0.4881715048143801,,
19.135552000000004,61.65006379446821,-47.74650061285819,47.22106556409157,-0.4684025189896231,0.3627420198093391,-1.1414381412929697,0.13267670914435176,-0.645976045586058,0.40124450735835154,,
19.145513,58.46535692000345,-49.98504702799137,51.00070639248525,-1.6558031696549746,0.07568886758349573,-2.6525603906617445,0.07365597995916202,-0.6008069723276999,0.27358526085405593,,
19.155026,56.17680968374506,-50.929380860579876,53.283644312851614,-2.4070478275499427,-0.08355835558197339,-3.7888728184441245,-0.0202698349521824,-0.3366612116928624,0.10124885894354761,,
19.164533,55.15017742191507,-50.18267021271908,53.872689170920495,-2.254511573687046,-0.35643491281724604,-3.691357735730991,-0.1882987215697425,-0.006727662952810852,-0.04341752598693923,,
19.174048,54.310971424324535,-47.385330050901985,54.325366046766405,-2.3553899452003706,0.3300937644902442,-4.01102788816619,-0.5090975626126967,0.2481587224505698,-0.03904362520836649,,
19.183556000000003,53.814561453751544,-43.56445981529217,54.294204886838415,-1.7917237960165098,0.15894268307350065,-3.246067235480905,-0.6525532036510749,0.39884463007982957,-0.08122189698778971,,
19.193071000000003,52.939929716223,-40.08831422183009,53.50888046039249,-0.6164276228746092,1.0109560849797683,-2.157530626093173,-0.6297250627542884,0.31327928119867776,-0.2788458091234843,,
19.202498,51.66546788496811,-37.94245678926458,52.761454402008894,0.3265250241462814,2.220687966934506,-1.2102369993719249,-0.4529622242459062,0.10732769497900567,-0.3155522308511378,,
19.21201,50.43120588067747,-38.50010817603433,51.835989273927936,1.4184624100851895,2.380953197898759,0.4876433136111691,-0.02019252191128722,-0.21401049208990625,-0.35790926021922775,,
19.221697,49.28206959745568,-42.141959330456835,50.826673936794684,2.178267158794813,2.0593164176414587,1.9445766668711735,0.47077977152334877,-0.5843852781616332,-0.37641664717166773,,
19.231206999999998,48.978787460983625,-47.91189447345876,49.981493183083494,1.7025412537776121,0.19007127213956762,2.985819374484008,0.8745166163055891,-0.7607286047129613,-0.2373605726501659,,
19.240724999999998,49.793254678909605,-54.52917747404452,47.89576901993261,0.7553526184737412,-2.723699140771404,3.031280253967759,1.0781177089914256,-0.7845261979015241,-0.31184615769230745,,
19.250056999999998,52.051784071787566,-60.001556207488434,43.44815890552619,0.23788105753329203,-4.026476857415972,1.1635020514179075,0.9668542069933289,-0.582393598660132,-0.5300005378703353,,
19.259565000000002,57.93424855116813,-62.66435266235366,37.07060302865848,-0.46595686008274295,-3.873992792775679,-1.0561646106793416,0.7870344146795253,-0.033729792834150646,-0.25846160521564465,,
19.269076,66.67502890831854,-62.19823126921938,30.33029825633682,-1.1402850661119237,-4.607115961307633,-1.798686514751347,0.6335379124372351,0.5335618036504163,0.2098752664217006,,
19.278577,72.8024157984495,-58.90429723077296,27.246943241385495,0.07520307413154911,-4.705716746622007,-1.644082683362117,0.22388883402379484,0.8751484017397141,0.4828253341975339,,
19.288093000000003,74.71470677151515,-53.889214404362534,30.621767532300947,0.9570233296932439,-3.33716338363787,-1.4559051821502624,-0.2875620457718573,0.9909107701922423,1.0442297788930195,,
19.297606000000002,74.68365492831981,-48.689254448812626,36.69068517727584,0.7405599866457546,-2.367904484974417,-0.967799961533115,-0.5688057050587447,0.8760636872063805,1.267565869728718,,
19.307114,73.64300946684318,-44.916788729642256,40.26928084222164,1.67101563292494,-1.2223826085967167,-0.4862958194218537,-0.5720580370796126,0.5134325648437901,0.599481085027031,,
19.316629,71.52542748081616,-43.30733793538152,42.8905300843433,3.3927530550970553,0.13963846154536322,0.9171572045866119,-0.43294411626369045,0.048999461492250186,0.2312105496865433,,
19.326311000000004,67.51455828251956,-43.468136871499645,47.69720539042215,1.7690033217107888,0.9047907501130442,0.47337556826766536,-0.37907706127630586,-0.427491065097177,0.39684026071602685,,
19.335639999999998,64.14324177819088,-45.865476164009785,50.373263020589995,0.2740608696133497,1.1533041923550922,-0.564474061849759,0.056681245190740234,-0.6669175772087598,0.04006042207210408,,
19.345174,62.02307934473841,-49.567884180127066,50.49812559699842,0.21116339188431466,-0.9364695154694642,-0.5160996142134817,0.39925780364731034,-0.6818864624096984,-0.3173517883716857,,
19.364265000000003,53.0696338654001,-53.24116644878389,52.67516136763056,-2.8805466118178353,-1.1178065112749371,-4.535655329907839,-0.17126198417103397,-0.5838898540461188,-0.6064791718192258,,
19.37377,49.66073838059803,-53.42070440960749,51.37461203104011,-2.975285027834831,-1.6555498999826586,-4.086807247610675,-0.21125512013174766,-0.33536305214455453,-0.8407060297046219,,
19.383293000000002,43.3097536231204,-51.588518663515664,52.49727367077649,-2.6967336687553307,-0.5752034207748096,-3.8846421193633347,-0.753786833609077,-0.37690102895165356,-0.8157416308778981,,
19.392799000000004,35.969533942637305,-48.8216263638043,55.80227545479842,-1.6049560113970918,0.6004709154026737,-5.100598585912477,-0.9864216498701248,-0.4334647652877215,-0.5158897339721247,,
19.402217999999998,31.44015033970014,-46.64973692652183,58.12022644151351,-2.040903546948463,-1.4214269305508296,-0.9173951730381581,-0.6845548260900968,-0.26861925274836446,-0.23689375379355485,,
19.41174,23.99032301869897,-44.78695282311491,59.291776217468815,-1.2365137040440715,1.2773888178667894,-1.094866741085134,-0.8455998801457928,-0.6921592744625243,-0.8691127500832964,,
19.421239,16.749401985516673,-44.598889191700174,59.076296733408824,0.8723049625969093,2.6357401233214053,-1.2058775696861654,-0.5454635356022887,-0.8628174711733203,-1.1110170711314882,,
19.430932,13.058264483098379,-46.695369127157704,57.370086135274796,-0.20299966124843064,1.2906546430228727,1.8856397099026314,0.09933144745041844,-0.6569098282221523,-0.9157144658875782,,
19.440448000000004,9.592155451218158,-50.2460984166601,53.4471020978798,-0.5286201231838762,0.7070414476750146,1.8353053748912207,0.33907377541744593,-0.780411019097846,-1.3465614308630873,,
19.449959999999997,9.680786284240794,-55.03597364499901,46.126551894562525,0.6961226773600668,0.009853141596449927,0.552757000292663,0.7547754036248665,-0.6100054990881469,-1.4959421921945666,,
19.459477,19.1616224107436,-59.42085989335886,34.026340317243175,-1.195633516629305,-1.7906808711713857,1.2378883091942627,1.3631934258485752,-0.009851280215049914,-0.8220358028796427,,
19.468709000000004,34.90235723243382,-60.13905133187807,19.135978289017018,-1.5317482335396366,-2.013877792743275,0.25624470279526745,1.4927288743489524,0.5789658116400082,-0.2527904584632746,,
19.478318,50.93096562573328,-56.8257835585075,7.505148851451763,-0.8820364949161895,-3.299815968411088,-0.14364550656064898,1.4911288630198738,1.0243653632542806,0.4112795886303434,,
19.487822,64.90472871252663,-51.35797781890152,3.270523515242445,-0.18701080224084665,-5.62395446296151,1.0455382303355434,1.5439593126857156,1.2382018460379873,1.4187197183501286,,
19.497335,74.93940139595493,-45.905560401632016,6.902379207580083,0.7428578741159702,-6.807503729543832,1.7651335431707862,1.2403829609585784,1.207092844626287,2.2305568930338784,,
19.506845,80.27786756908743,-42.54664631155807,14.33737593026632,2.9012264797040994,-5.9830373496251,1.1323729372929476,0.6414935957719371,0.8091070198434878,2.22908314501706,,
19.516357,84.2568735984347,-42.624629656280746,21.476901422513535,3.4104974101589676,-1.295391105953966,0.5023634971650764,0.573806029600674,0.1740412344556807,1.9642821358073663,,
19.525866999999998,88.77271256393178,-46.05152407785865,27.73795558331364,2.4760138877909963,-1.1801222752624079,0.4630528894396047,0.8832624742565318,-0.34435374118290274,1.8819125955162535,,
19.535369000000003,92.8789897901358,-51.42714550777348,32.17978012589221,1.1362516808208276,-0.7050511290336688,-0.29997384910455627,1.0152900410723822,-0.6501820382680104,1.5052498327809003,,
19.544969000000002,97.91192446846769,-56.84196249653858,33.91995519393031,-0.34467175690962176,0.12748727833765738,-1.744496195571837,1.0925082417414451,-0.5739619069166463,1.16496418589309,,
19.554487,106.01474860706544,-60.54900061436913,33.07449114390161,-1.2398772961054818,-0.8755459167008554,-2.472669525569378,1.1168624255801607,-0.13984347569172567,1.218487017910185,,
19.563985000000002,114.17110816396145,-61.385395557997974,31.564590187092143,-2.6025842057924047,-0.6589991415858126,-3.276243921579523,0.7627276240855964,0.2954610475313701,1.1276318796327087,,
19.573500000000003,121.84543152603453,-59.05783853489,30.49972785599036,-3.219851747374806,-0.06511741449469685,-3.221309567278644,0.4166007461588873,0.8053570243210492,1.1228201094709125,,
19.583015000000003,128.89996908779395,-55.13916173647081,32.41077426196643,-1.686633081189959,-0.9292554507005347,-2.793907755111018,0.2490817439102125,1.0823176876376082,1.6199778112473553,,
19.592523999999997,134.0318596255228,-51.929619565712656,38.66164395035678,-0.752361075071898,-0.9990174447708873,-2.9250703809742427,0.12262835353870077,0.8920703227581246,2.0798222400051496,,
19.602029,139.29034771763946,-50.1246793431452,45.83848732932639,-0.6189524844629151,0.046107138400961235,-2.778841662664153,0.24400847189701513,0.72651050710585,2.257897548800452,,
19.611545,147.4322603918213,-50.85978062645323,51.399207925252746,1.1436097470486357,1.0294464939772519,-2.882238003801713,0.790793922968499,0.693570274566078,2.3743932432419306,,
19.620998,157.41234810640606,-55.76843647928156,54.37342517787759,1.2038053654589076,1.5863049829533498,-3.251018926440921,1.4954174060813978,0.3706598036379012,2.203188083873516,,
19.630516999999998,171.99016345775533,-63.28247027755397,50.741813852818254,-0.06568130864826778,1.3953490766952577,-2.9556466997410142,2.0774280605342272,0.27322693744312915,1.799691948348731,,
19.640031,-160.3175713026206,-69.19797199877408,33.14382071401,0.34274769688583795,1.1543795809450366,-2.3625919695576485,2.4109330992680285,0.6293518876009078,1.5764081211680474,,
19.649456,-121.32325372485795,-69.48057007691929,3.2636501541141887,0.8291708449297552,0.7574283446554158,-1.4015322859086645,2.5815557754103193,0.7964652125814476,1.3610819575946977,,
19.668709,-70.27194953286637,-55.317511243035625,-31.92723337873394,1.7713293220225443,-2.0900186966420904,1.4186948653220632,2.4580611673251425,0.616630305334587,1.0447990363399238,,
19.678223000000003,-58.21091549547672,-47.38231178801379,-36.65959389411475,3.0044208957177907,-4.905737094709557,3.4648681517172943,2.1306617629837783,0.4490301993305797,0.9521377757134506,,
19.687734,-50.54711129841643,-42.14227187618967,-36.94611337623518,3.716074482500059,-5.86306864247789,3.672450529841541,1.4947035845428351,0.17633045914370307,1.031864320485024,,
19.697248000000002,-47.93738908008374,-41.550132142564024,-32.543388652056834,3.7171769201821325,-5.718388339222727,3.6650677258384055,0.3830715934395801,-0.13487318870882586,1.237865728467029,,
19.706758999999998,-48.53370563062913,-43.35274710427071,-25.319032293041445,3.058298613904233,-2.120235499508314,2.4463834926622696,-0.2552741924341363,-0.2841020035775799,1.373728317620734,,
19.716256,-52.98998797755308,-46.49291948052645,-16.084731870074613,0.7120300577829648,-1.3407304138300287,0.3737807856990892,-0.8160245952913281,-0.37502039403468584,1.2264639028427022,,
19.725778,-58.47365212777569,-50.107857609685475,-5.304391439079252,-0.3397814492722106,0.005213767965651791,-0.33867647481336177,-0.8541355903444046,-0.5853199261389413,1.3463769243942736,,
19.735186,-62.593772740176206,-52.773461631730925,3.830128638845399,-1.270982443286588,0.6735753130630995,-2.5758120115785985,-0.5224604923542887,-0.5367140652972051,1.1928236053002168,,
19.744698,-67.24183148522063,-55.1987891214817,11.328358092173312,-1.7707053497500005,-0.7777949918867064,-3.4130159604019763,-0.4795238849458157,-0.5626648967889518,0.7579784809669236,,
19.754219,-71.36362799260746,-57.549332105726016,18.336961932057847,-1.4417058857520288,-0.8106251603212029,-2.5659703722736458,-0.3223954757085251,-0.580930145720019,0.725879093682318,,
19.76372,-73.19681795030779,-59.2090710452503,22.799703465606875,-1.6988533078521382,0.4083382154822634,-2.3035425438451145,-0.0643335343387595,-0.38790737379661444,0.591126255351426,,
19.773145,-75.88159595047553,-60.36261812902486,26.300981442461044,-1.65740894354928,0.24910049736417575,-1.5694315585634522,-0.1511012803299501,-0.33147592988045266,0.24677668366016212,,
19.782664000000004,-81.49537168654521,-60.981714905403955,32.39019916942119,-1.7605961918917294,0.723303758546737,-0.5032477293036252,-0.42021778686955313,-0.3863451966232085,0.2496348954194314,,
19.792161,-88.68017151130056,-60.52091373507631,40.12728944908246,-2.620601586802097,2.271345701752124,-0.44367286379516874,-0.622212609203344,-0.3493636117074384,0.3045459996309603,,
19.801683000000004,-96.488864071779,-59.02627846137159,47.602392325955826,-3.023551445130417,1.9471050751659402,-1.2771362482571658,-0.7755596685666181,-0.3371811781912078,0.15660864585008388,,
19.810989,-103.70673721656406,-56.97112241579839,54.32498556422861,-3.2532397524994834,1.4588347832043413,-2.265732120202942,-0.8029334493970827,-0.3424892397588676,0.1317237783111919,,
19.820577,-108.55663194683774,-55.30220081115704,58.53881439030493,-3.153746720977824,1.0712363790227968,-3.315367675664115,-0.5793506173675116,-0.2721168336216684,0.04937231268387262,,
19.830097000000002,-111.30495223225148,-55.025433079991515,59.97616498491923,-2.605742279407299,0.20197018464482114,-3.9830902710457385,-0.2105171189376449,-0.2476648683688018,-0.16474721355036687,,
19.858624,-104.22717662348155,-65.85155301102978,46.61914524626041,-0.5145228651644381,-0.020391776092378362,-2.200003135813776,1.2017920990962863,-0.2281732021063441,-0.6385545321814223,,
19.868062000000002,-89.4379714889546,-71.21634380039374,28.688722716642385,0.2528947279283363,0.06083102743093203,-0.9670973255932912,1.502893046972926,-0.1900979521783611,-0.8427778743071217,,
19.887261000000002,-44.32144026461423,-71.39402988238417,-25.693361271571042,1.941344391726666,-2.552952763954248,2.137898058660208,1.323833089621668,0.1596812091885599,-1.2302071158557701,,
19.896766,-36.203610690699044,-66.0792550985176,-38.33628488795806,2.922442073804877,-3.271835541402789,3.110728195943759,1.0554074112751988,0.5790532351930691,-1.0213211725291174,,
19.906283000000002,-38.66044384127615,-59.998178250599054,-41.08764186129382,4.0876999999061505,-3.259127735570329,3.5699618784462643,0.599213871745487,1.0699264784388307,-0.9818319545040772,,
19.91561,-47.398759419359045,-54.78128000929028,-38.470764500398396,4.386848587807526,-4.647785293783068,2.341290740853301,-0.06391942824546289,1.39534013988553,-0.9292308588318247,,
19.925117999999998,-59.15310545238458,-52.66262633694255,-32.66661923869362,3.921397200793586,-4.504154124764684,1.5614127464500123,-0.8919408087842193,1.1456021335481974,-0.7136838227702943,,
19.934631000000003,-69.33648551521674,-53.344848244324,-26.687131709146154,1.4959399153644075,-4.594249722399511,1.49622569653752,-1.1387081642126593,0.482947478017774,-0.40757561478018145,,
19.94415,-79.01729814368508,-56.10488016673753,-18.310973312315273,2.572305856505699,0.33028970023006077,-0.8748662364609198,-1.250754629959327,-0.08560577168779976,0.11631935495458254,,
19.953678000000004,-96.35861829495663,-59.83423814435676,-4.96867969190421,0.25887820768249564,-0.8707933443582737,-1.4008915197424874,-1.9550926442112082,-0.35592674833537813,-0.2607419715783054,,
19.963160000000002,-112.9907088356054,-62.498140805584505,10.750633350400044,-1.779138124213853,-1.5925732100583738,-1.8529976506708508,-1.5805619005719802,-0.610222756692763,0.2356081224148758,,
19.972755,-125.27738716757491,-63.25146877211381,26.580787331517108,-0.7737739174446153,0.3530357751071147,-4.889012050583521,-1.0215889200018258,-0.5012160387920467,1.0121430691976778,,
19.982275,-136.13441962653127,-62.387126161981854,40.169291070809166,-2.55555538428475,-0.766653176115325,-3.578825620976815,-0.9320519642081231,-0.4012670872080697,0.8376668098403591,,
19.991782999999998,-137.674529882126,-62.46811517609114,46.95003630314656,-1.70099472093033,0.31439344496042615,-3.929508753128927,-0.10060838790763713,-0.11179505505953242,1.1457340896168056,,
20.001283,-135.55168616389162,-63.70055852976767,49.17865834290339,-1.4873326148997588,1.6602867719183667,-3.397295006170946,0.30419527942747127,-0.025204295306566767,0.8875446382968095,,
20.010723,-131.01730409712638,-64.62603657392982,48.73572598080691,-2.124677581966136,0.14780619527139272,-0.7626606477014775,0.3922239749366909,0.17241300354556607,0.7833067218441484,,
20.020225000000003,-120.40412050066146,-64.53108327307704,45.957506824609624,-0.7204010466631073,2.397692782490728,-1.0213249675199085,0.5989975365266297,0.6768728989942423,1.4291724552388605,,
20.029733,-110.96165489439245,-63.279028482413516,43.1573767888138,-0.8533635022237573,3.000045687907073,-0.566856005126654,0.4136817519839964,0.7542502109219449,1.2078098627934868,,
20.039431,-103.59486693903231,-61.19071375367946,41.07485658603104,-0.8249875483724665,-0.06872906162987016,-0.07203044468503189,0.2272721395812971,0.7633097218731083,0.9453424815366971,,
20.048839,-94.14238914320805,-58.99101320044802,39.21155667657266,-0.5017872806949314,0.1558925679935715,-2.1883419450743937,0.43748880772230864,0.935911690817463,1.3198089429655615,,
20.058351000000002,-85.74432700103326,-57.92348305640317,37.14069686446603,-0.3363010987517812,-0.56712886789286,-3.4298962048454,0.559599196948804,0.7024248351035763,1.0598350843506272,,
20.067871000000004,-76.60128162416387,-58.46753658166304,32.405581260736064,1.01825499788337,-3.139753672036986,-3.2192118355441455,0.8542061867355171,0.4514393283724926,0.6281249655791771,,
20.077382,-58.93796629969388,-59.30119875609111,21.135598955843847,3.3903931092676842,-4.062626956799012,-4.143446608825013,1.7029397201635106,0.6632219890710492,0.7851299984819257,,
20.086892,-33.013961460167145,-58.31412664680921,5.005942487637279,3.1483868860122333,-2.4515016608667266,-3.317230125345169,2.562775005771473,0.7807926562462812,1.231924857108235,,
20.096498000000004,-5.79459483140859,-54.949484832350706,-9.0211181846196,-2.108986483857339,2.1234391143013083,5.7640524406067035,3.0078981093186146,0.5378024968130983,1.7803108442253683,,
20.106028000000002,11.30180539852395,-48.22932111669691,-15.136787474084908,2.6347510231912907,-3.0331475266080417,6.346986322154876,2.3633073050128695,0.84732528300055,1.4642606174736232,,
20.115512000000003,23.099441589501403,-42.131450478847135,-10.281148481798233,4.168345201047284,-3.10367065023051,3.8574203701202516,1.904454315142758,0.8115257587972271,2.6435637881985383,,
20.124983999999998,37.07058055177985,-44.15128094975598,0.2307612928428001,0.5172590241638255,-0.3307247326818853,5.959967092055686,2.0182247757464657,-0.5875434952927547,4.008649180800334,,
20.134508000000004,46.53855707243076,-50.81764072279286,15.158836849659915,-5.668211745580995,-4.342086221612142,3.865909589659344,1.470136810105121,-1.1546322994779528,4.378288878059657,,
20.143957,49.76346318273802,-59.08685842278,29.06717729352889,-4.484006416313708,-4.022179233742196,-4.891943436934581,0.9834551704523506,-1.394734477261883,3.30835906047034,,
20.15347,62.37793538100731,-66.12763504059224,30.23140165457624,-3.1450409153504464,-2.581831520443431,-3.6741401058490837,1.717795378717352,-0.6387805277158347,2.4776494401849605,,
20.162897,76.8298887501568,-67.73878859842576,30.37666640823881,-2.777098921801851,-4.6672561831095445,-2.5974470031877988,1.151134479578834,0.30401038656926965,2.692949146468915,,
20.172483999999997,83.85202421211407,-63.82622972388727,35.942639864255995,-1.519730692080126,-2.862843080567825,-3.4384731647345905,0.06336759503850642,0.9827181232131068,2.396992590350959,,
20.181924000000002,93.35355605381302,-56.415165711119926,38.6707124108872,0.06571287333557067,-2.4008657575839916,-0.82875321727937,-0.13690183826772914,1.765847912694378,2.195274107140888,,
20.191439000000003,99.51433683881218,-47.77325857208706,43.442502372419526,2.5313500577896355,-1.219532995748254,0.581131461345221,-0.5600657621565645,1.8163913537847753,1.9255092398781477,,
20.200934000000004,101.75788143442945,-40.43520842917534,51.01609731874151,0.9240437792557235,1.4509672420932769,-0.8076511838674242,-0.8586487895795819,1.2491369183326453,1.823869673312756,,
20.210452000000004,107.73537775019238,-35.58370213650518,55.69323477882506,-0.539192118200037,2.3619076816402975,-0.7957625512941443,-0.21672722099943373,1.3503302142544051,1.6691240649966739,,
20.219960999999998,117.15538242609756,-34.01184743512652,57.338765252672204,1.615576411711424,1.174349207902833,-1.4434824429594946,0.5898445721003818,1.4786217675819973,1.4028178483668592,,
20.229554,126.21488254377883,-36.03803139213034,57.79200191743814,0.5518012556257704,0.39261190864220413,-2.27474876881898,1.134106282901333,1.0496999203912223,1.1308560245444412,,
20.239005,136.47455916529245,-39.75477567545339,55.47795374471964,-0.5956806453353432,-0.34882571973709514,-2.5425280663274124,1.5058109104656994,0.9582600001389339,0.8008298321432834,,
20.248528,149.1051970351888,-43.0052119979971,50.0580285716237,0.7695609831505471,-0.7577503147731027,-3.1051366250485803,1.657360197871633,1.129973703949668,0.5930968866934972,,
20.258037,160.53801909780225,-46.21479993757632,44.14267995364405,1.0472177117315222,-0.6928458279151077,-3.147776765326446,1.571632166269748,0.7685109380367012,0.43123578328806583,,
20.267533,168.60648787057386,-49.92592917502496,39.18433492582137,0.3773739956075673,-0.4885180072008441,-2.377955567523823,1.293231085428584,0.1738308553301779,0.21722774805235462,,
20.276989999999998,173.03131800017758,-53.44297240097056,35.40356073147008,0.8823783400330258,-0.21173130338218688,-1.2746815886377147,0.8573867639053677,-0.21716096016124406,-0.05387724515020002,,
20.286676,172.42637561645907,-56.74777731691443,33.13648847917665,1.9382208073040221,0.3415493567927934,0.37778909179116177,0.3094739662321059,-0.5759370170853959,-0.5456339248154409,,
20.296183,167.0216063842804,-59.8325777623637,32.79531099079599,3.0188882207007373,-0.059792428386639736,1.0467312396601784,-0.1469228972230822,-0.8168384091067241,-0.9820002349202704,,
20.305515,156.2746943344702,-60.727719027665444,34.68320607791143,4.5159036023249355,-1.4265545901916283,0.9496707350531038,-0.7919492825273237,-0.7291418358683575,-1.4850772480272754,,
20.315029000000003,139.3032601169696,-58.637828849319526,38.627624732766336,4.051772763931367,-2.513262193137386,0.9979253160701139,-1.6244530447471008,-0.6769409407409018,-2.1413073413064514,,
20.334045000000003,104.65312673288042,-46.459891055402835,46.22157143842027,1.0058507586774363,-4.163551394839252,-1.1298315671263914,-2.444800994417699,-0.3707589138207185,-1.8280548849434706,,
20.343557000000004,91.31741693008834,-38.12855615458116,46.15258734439149,-1.2205840119058409,-4.332742931640215,-1.484243078158592,-2.5624980497470524,-0.26454114193971456,-1.8166249799518834,,
20.353084000000003,79.44224170891584,-31.013750812870324,43.48110759637088,-1.3668043397564638,-2.898326507519736,-1.8407083870575538,-2.385074639352932,-0.36390887544779293,-1.889581383697538,,
20.362619000000002,67.7523395207688,-27.16863005972266,42.15791776578518,-0.31836704562713797,-1.9653220892582266,-1.4386743413603547,-2.0143487156800517,-0.8197775711687277,-1.4100848297541801,,
20.372306000000002,54.68474992880085,-26.921920400946796,44.32041200548837,-0.5743417009941841,-1.5472372720761576,-0.03820334829543516,-1.7212815082670054,-1.5537613089857694,-0.7658290694581331,,
20.381829000000003,38.84285891830919,-28.400811132127266,49.437309815528884,-0.8369386856035904,-0.3180360049112136,0.7826934045518916,-1.693369187626681,-2.2454378454886412,-0.45968387959371765,,
20.391337,21.400925609922965,-28.843537153343092,57.385420192274005,-1.2693111224954683,0.5251415277255534,0.25031977656355214,-1.7426207560897546,-2.507623418696212,-0.09553828548344531,,
20.40085,4.341059480690297,-26.85500437593109,65.88443124335113,-2.9566107219587727,0.16880786269088666,1.2888695908823686,-1.7680696880743634,-2.464385982393085,0.09358015048641129,,
20.410176999999997,-13.427061176498748,-22.840427228935713,72.0595472884121,-4.725439827995136,0.44249674032969805,1.1759723233659862,-1.8880686170950027,-2.722820114606314,-0.26721786974302386,,
20.419684000000004,-31.76992929047191,-17.931856702951038,74.23352950184659,-5.687525959802657,0.8749237502685434,0.4595562329580265,-1.9171845929781224,-3.0099919710615053,-0.844628488508493,,
20.429203,-49.73827118308372,-14.170499460284358,72.21236780819105,-7.704855618617645,1.6882374155550801,-0.6329935354298597,-1.7017285155383826,-3.0946071289002957,-1.3898519223839876,,
20.438709000000003,-68.77476082671042,-13.83643216054424,67.25291978534602,-7.764268503103322,2.6718931528285124,-3.7360978887041005,-1.334652932336916,-3.4486826575661036,-1.896949118354783,,
20.448292000000002,-88.56386581134826,-17.762980917004764,61.55954809432872,-5.127168686558838,2.320067694811064,-5.770818250333577,-0.9402475153487286,-3.7797304666004408,-2.1956245568107553,,
20.457803,-107.18405018061596,-24.76559195658384,57.38977684929248,-3.184989086808293,1.7796451248818232,-6.722236160473915,-0.5672790456201757,-3.7040175236694797,-2.1666915539181395,,
20.467312999999997,-125.91955258711,-32.569596985901995,55.79978124324728,-0.6584451674568789,1.8403221391902904,-6.657036264170388,-0.5233026536200179,-3.6031406224967077,-2.1030225888046927,,
20.476835,-145.64391040075893,-39.40916878713021,55.55134315588928,1.8102530970519257,2.246128447021551,-4.613831149158511,-0.6891032133015937,-3.4030412310218194,-2.359142599324699,,
20.486276000000004,-164.8674892213006,-44.74102196460447,54.20680742714463,4.653745567456986,2.891471991778919,-2.6939473652442545,-0.7875438890068555,-2.9426231033410635,-2.83747999145502,,
20.505288999999998,160.4230701694091,-52.45598630797867,43.73931500648256,12.960153866709568,-0.8296554034149481,2.287738783676163,-0.8889003130285837,-2.094752785122039,-3.853938432820271,,
20.514795,138.94595517318632,-56.575122310696855,43.287896103395184,10.774058915444707,-4.9914900163977425,4.0110003579226134,-1.252980452184734,-2.2976927160448377,-3.5884582924870245,,
20.524303000000003,114.11677733269097,-53.845052266428205,46.92407591276677,6.547291580401169,-8.378681614120119,3.3834023314738455,-2.3788597068519746,-1.6132144281383116,-3.358169251994912,,
20.533769,91.2084898166149,-46.170469153112066,48.27853334747052,2.2432559708202255,-9.113546059456068,2.5767173906526013,-3.102624806093325,-1.14267889047101,-3.2500950748134065,,
20.543326999999998,73.69381688087786,-42.73112690223969,45.194010498106216,0.07898972339081062,-7.607409960438424,-0.5609363715115101,-2.2080487109887432,-1.3459006220278371,-3.0754163841438937,,
20.552838,54.411661533583064,-44.86275724682091,45.356737592863524,-4.72554929830738,-8.457678483418356,3.6802110809845536,-1.6498400464176712,-2.2696087077501605,-2.6435020750224396,,
20.562356,27.127878206037217,-44.50713908251902,53.78791112021566,-2.1004346959718263,-1.1082170377757758,-1.2658402643072457,-2.550847835899902,-2.8970416926081914,-2.1717178203494383,,
20.572041,4.341998632266254,-41.08823097150568,63.960233459142174,-3.4696207463125366,-2.523063247053903,3.677249983859242,-2.2892959661907226,-2.5067078171154042,-1.0785812946727977,,
20.581558,-16.375701110980852,-34.969775751317336,71.25680982684413,-6.036712796655122,0.590894746838157,3.566406958304949,-2.348131250670737,-2.554351325437453,-1.1047695794204264,,
20.6004,-50.089785979208635,-24.25244135452112,75.12145831999246,-6.2416471322285805,3.4369865031433564,1.4838377195893602,-1.4756188122858291,-2.276140052026514,-1.1592338509892957,,
20.609916,-67.7398500592613,-24.550617564632656,75.35808241241125,-7.693681910617108,3.923162319415263,-2.4100650799797716,-0.7533357894160342,-3.126723615998467,-1.402688162922293,,
20.619414,-89.87032743205,-28.576222799520608,77.74201237083585,-5.396115244632264,1.733310093003368,-3.7901878462363277,-0.14263951666594799,-4.0388502008259906,-1.496740709617332,,
20.629005,-110.22226448170548,-33.254776556556244,83.99692567084638,-5.6074452235505765,-0.2926416695779382,-5.49487289009523,0.3607271132325944,-3.596625589167725,-0.8384531910315906,,
20.638517999999998,-129.9578715981426,-35.446462216275116,93.29143046433313,-4.155625531139861,-0.861464371140467,-9.053710049399307,0.35360366334816856,-3.2683958423732897,-0.36822471498745457,,
20.648031000000003,-149.8512086262767,-33.63630946893301,98.94182527747034,-2.5194562650226984,-2.1003470298319376,-4.681055112444324,-0.013938362180104814,-3.297607876583639,-1.1230151681964704,,
20.657538000000002,-157.85945426263464,-31.37152595231481,92.29498057444997,-1.531287213888263,-0.5601142737905549,-3.081602951213621,-0.3268136644197779,-1.3912839334798508,-2.1797215754017114,,
20.667051999999998,-157.7332730290774,-31.597230428975184,78.16485648428406,0.6923187320808338,1.7342473894730661,-4.934625553768766,0.039090880570462505,0.02031721697357157,-2.8048599816757704,,
20.676551000000003,-155.5413129811363,-35.27558206228204,62.07089321000989,1.9589439830320707,1.2120279745920806,-2.926971458531388,0.8124031438658433,0.09797855389176836,-2.9677328707670387,,
20.685991,-152.21270913366612,-38.980286390840384,47.76923703667216,1.4131040070667964,0.436762109670944,-0.6804730940994052,0.9078807435967107,0.012911658239472289,-2.4479710356412725,,
20.695497000000003,-149.91211605042764,-42.042286144815755,38.69093614230413,3.5333137609865517,2.1960318245546993,-0.7406670433695768,0.6697760690781007,-0.20261646176010278,-1.50604276690557,,
20.705008,-154.2104328126179,-47.368463108346226,34.85967457828706,5.919476650037359,2.820907315891722,0.10273863007803302,0.141700655364197,-1.2158294267825587,-1.3607712709555333,,
20.714480000000002,-169.79343860359916,-52.49416418789593,38.24947309084013,5.734792617699116,0.8303655613685078,1.3832638233763275,-1.0127940082824083,-2.0072609561972015,-1.7024056192322499,,
20.723993999999998,163.87135373119386,-51.65927425827707,48.0606291621557,10.096190191552363,-0.6969021724679424,-0.8806220323874929,-2.4737264587946908,-2.0784806527774293,-2.2016866985334658,,
20.733511,135.83092745533628,-44.67423798990137,56.411496956184706,8.968150576125598,-2.820887765230889,-0.6977326614898862,-3.3713296576957106,-2.1024814959783567,-2.52864097976123,,
20.743024,112.12552113947717,-35.05194321212635,59.63022025776905,6.670753928556971,-5.27435502131413,-1.7650341555798381,-3.541063390667193,-2.0725336269850674,-2.411110545340239,,
20.752572999999998,94.54121617689266,-28.550256939413472,55.61405042325414,3.4225747293818864,-7.184680608119372,-0.732807733998065,-2.6958379530190344,-1.826545876913478,-2.661096109576956,,
20.762072000000003,78.19750017008745,-29.292268170342574,51.33982241190505,3.318462952454627,-6.672559274139957,0.7339023471213986,-1.5827716191931422,-2.3814435922932127,-2.440888705348894,,
20.771774,56.83172762682484,-33.945534284595226,55.25061464778066,0.1298815060907296,-4.5994883401996836,2.5428761009667546,-1.4299497039786502,-3.4594745191221112,-1.4735944826371776,,
20.781276,32.631279438797726,-36.64185121613087,65.18820347939814,-0.8504508538600449,-2.6082347194633884,3.255561400368366,-1.488797053192825,-3.680853718249054,-0.8344337468331777,,
20.790789000000004,10.024171914529944,-35.465634938370535,76.74309979150104,-2.4145388046866074,-1.4068979716331556,2.855553318163265,-1.3982721900735058,-3.369170640322717,-0.3720848249951399,,
20.800302000000002,-9.347604510674023,-30.651871145189173,85.39484800362338,-3.6237231465564017,0.4963120868272662,2.7859898997126273,-1.4336243796147394,-3.053425599411376,-0.39625362659627306,,
20.809634000000003,-25.975985900886535,-24.604243956303492,88.77947231849642,-4.899124464398574,0.4867148173059249,1.5561216251712127,-1.3378055386333774,-2.879015378405778,-0.8684243290912246,,
20.819139,-42.503259737015995,-21.58552966087351,87.91542012216813,-6.442869100911033,0.34498651816368153,0.08258171138169981,-0.6761270247042057,-3.021755826204206,-1.4643064000225647,,
20.828659000000002,-60.6121423782691,-23.196230500727214,85.43683928422514,-7.559056537392328,0.6237551949305687,-1.4217652366859694,0.13503979083980536,-3.3646433281056405,-1.8648012066835835,,
20.838163,-79.54164148346402,-28.42488231733579,84.14261623122245,-6.560086423817754,0.21080362748880377,-3.6295669106718855,0.7304288190798216,-3.4938620005972147,-1.8959813906097143,,
20.847758,-99.15952070673353,-34.70708275450705,86.80385270286885,-5.170623227253632,-0.38467946060081,-5.316944344775314,0.9800180948852705,-3.4355165552583378,-1.515346150486909,,
20.857276,-120.07135440320258,-38.89205281155099,93.41217242394913,-3.4041691578631146,-0.48027481400255023,-5.715581718214506,0.8327246769891212,-3.3490731818488158,-1.1819628285888584,,
20.876278,-154.79843918154256,-39.90961445015314,99.00809744397216,-1.2989168578600758,0.7745589622034412,-4.379189100262286,0.33061204158766094,-2.2965444795992966,-1.9422722243101485,,
20.885790999999998,-166.22050109648387,-39.75692898727734,93.30700120027663,0.6725717050280421,3.2120506500594472,-4.310167175686856,0.14887952156151463,-1.7521987326352888,-2.5940414501937923,,
20.895229,-175.97567032214494,-41.62747863193036,82.98841502731415,2.7403847114080975,3.827384096281576,-2.208120912928606,0.3161492647686677,-1.4945343584984354,-3.3276082710780375,,
20.904741,177.37742089236255,-45.8054397105748,69.68405128619443,5.019400405539016,4.108015445953508,-1.0749438774312938,0.5768127931273972,-1.1315108230748785,-3.5729811469655486,,
20.914247000000003,171.45098449331107,-50.84242655755966,56.12318112663243,9.040743753309572,3.167369535959828,-1.1976268613255519,0.5307751120456431,-1.1583822982391425,-3.5915613905111896,,
20.92376,158.65113783566443,-56.77383267641548,47.54032812169882,11.089889058675,-0.5281438080933323,0.27110948025544623,-0.012745478601799873,-1.9169366411406852,-3.7775991688051374,,
20.933222,134.0917320984699,-61.55380784565858,50.74798849794911,9.121485621644847,-4.8307053204412265,0.5683600428809538,-0.9393990259329784,-2.506827819191198,-3.5801927842582564,,
20.942748,101.18912953987642,-59.5451828470908,63.415720183309716,6.1932454901754515,-7.89675154113882,0.9446339499847382,-2.0746540222038306,-2.4747452886653245,-3.216677016997132,,
20.952296000000004,74.69143923422781,-50.97322724915031,69.33888470367296,1.974232112786367,-7.921692865145671,0.5015767695135119,-2.74627430350301,-2.0778323650665578,-3.189165370811615,,
20.961803000000003,58.42533914550405,-44.87655348242306,65.77772989223816,0.2828299782540718,-7.773868735392666,1.5760731058374755,-1.949956540493463,-1.5457309155442691,-3.132646914412804,,
20.971502,40.6818630276085,-39.21353500015475,62.472054811165805,-1.3332537535715763,-5.378493207657183,2.878340282816176,-2.156293562929489,-1.8775621044375328,-3.0430008577184138,,
20.980833000000004,22.945280768528274,-35.42257556280066,59.92783660115265,-1.2618367893421303,-2.2721602612125658,0.464875373345541,-2.0099053104341715,-2.109137242030871,-2.6634515288571303,,
20.990524,7.0333014654580674,-35.536769980856256,59.28122401545226,-1.4670840470178719,-0.7818345786581014,4.078302838967355,-1.2797938572641714,-2.247026594832208,-1.9794731917957693,,
21.000026,-10.574529988630385,-36.08811104020252,62.75671919855239,-1.4211028966523447,2.3701898414775755,3.3596355395253408,-1.2747413079696202,-2.551102347259981,-1.3691993241998703,,
21.009542000000003,-29.057554121368455,-34.79515028917765,69.44302440322286,-1.7308542626891075,3.0460704575825512,1.5358134039613685,-1.4412552539226982,-2.648816075048409,-0.810573891754414,,
21.018860000000004,-47.132248107632265,-32.68656615504044,77.66091365472161,-4.072077137525454,2.3850490444840307,0.7488737665266397,-1.2404620984881722,-2.7637369929320026,-0.3670691388661668,,
21.028385,-65.07475362064851,-30.027473444794182,84.63636522251308,-6.18888913245802,0.9495078267541724,-1.440620185364605,-0.9833712986564807,-2.9462094720495378,-0.4714959783555648,,
21.037900999999998,-82.65923053577356,-27.87291764971823,88.8251897214237,-4.98030317464516,-0.8646843321908673,-3.743730700690772,-0.5960527744531732,-3.048553519597847,-0.8586634728179963,,
21.047486,-98.86797387906883,-27.21330777549489,92.22627518295097,-4.032088801217334,-2.2147155320603322,-5.251405330179719,-0.1018365282806636,-2.876436212670637,-0.8060997274513794,,
21.056995999999998,-114.10952758148541,-27.777242738319575,95.963336629994,-2.94309821366148,-2.263916186818281,-6.106860612970391,0.30530444662110806,-2.6905054314813057,-0.6503412634744083,,
21.066506000000004,-128.4893071089033,-29.066163720628698,99.43781444501597,-1.3776632330670673,-2.0986715111608447,-5.412284399235266,0.590657236426202,-2.474190950966984,-0.6640599082517503,,
21.076017,-140.70927894879728,-30.554340941669427,101.93722946546502,-0.9697316452033753,-1.6084669347303424,-4.222547164039671,0.6800405020549515,-2.0314307537423297,-0.7046151957501561,,
21.085526,-149.65545608754408,-32.486781368351245,102.56012807148586,-0.76448326988632,-0.5610287707893877,-3.6428909081741576,0.6944960808859593,-1.4115016939810707,-0.800014420617745,,
21.095045,-156.38579066267215,-35.158226932188896,100.95784290629427,-0.31062379303096826,0.1817224430653441,-2.523591948406279,0.7434818034312161,-0.9887838266256238,-1.0593927035566133,,
21.10447,-160.75819391927953,-38.15266477343227,96.99166516810331,-0.13762052591006688,0.13967910826671057,-1.0923545723626313,0.6932226176120503,-0.6017093391053036,-1.3056377355729492,,
21.123669,-160.13799881393862,-43.061468866704544,82.58214493968676,0.9830511471789188,0.6103541516271297,-0.2943461519867165,0.46660044327771916,0.1919550196614871,-1.4219488722706333,,
21.133178,-157.82611094189525,-44.93637617195302,73.45309678773779,1.3852652442686642,-0.182492949613976,0.35793888742604624,0.4282395488215918,0.24872110465944594,-1.4950216668870435,,
21.142688,-156.11993522972296,-45.7321124975757,64.85511022675031,1.9008730905069318,-0.05037766242571239,0.4896706006355624,0.22645001269086973,0.16942084289266482,-1.467346161175899,,
21.152019000000003,-157.26478168049536,-45.9778502178686,57.852160806444935,2.2839445392334983,0.3385465354241931,0.28207732997980883,-0.041286037205564806,-0.16110983560714412,-1.5556133797523215,,
21.161534000000003,-162.33393412744485,-45.94528616123409,53.21696672429072,2.6822607262160307,0.6750950947866357,-0.8122139603368631,-0.41284943254833645,-0.5741557242337124,-1.6469205864755847,,
21.170996000000002,-172.332889186979,-45.347463030932076,51.40884658563078,4.04924818039557,1.312162873475335,-2.487977911613408,-0.9584316398386139,-1.028620358117727,-1.7837595751327135,,
21.180512,172.8910728911554,-44.64970766335469,51.85609824727618,4.8962492732482925,0.9677735838922805,-2.7076553057809734,-1.4150481317854107,-1.5450545068815846,-1.9952773626431057,,
21.190027,156.0573076821572,-43.62744967067131,53.741355083825766,4.461289522446184,-0.6320527016659813,-2.233408319656439,-1.6305181791577692,-1.791964853474176,-1.966384999285471,,
21.199537,138.4879800026023,-41.16596303503517,55.74832719248616,5.058390913174644,-2.6767436470410124,-2.4551506585358145,-1.9033831800639736,-1.8257150091219694,-1.9701993343871458,,
21.209046999999998,119.80857324810968,-37.93365950062763,57.46496137675256,3.104854720829279,-3.544848093050741,-1.688001032707648,-2.125153812661089,-2.040652114662332,-2.0413662450865213,,
21.218598,102.26534263082645,-34.86529258719977,58.925939806039764,2.0849773312844633,-4.44694475752048,-1.7170451762000596,-2.0081291477961134,-2.067835178820144,-1.7977665921194108,,
21.22811,85.8769936159499,-32.555806419572214,59.38679387202214,1.7167542491830943,-5.0329733645528,-0.4710009561375973,-1.791424856801243,-2.095737426173706,-1.7353828325823752,,
21.237625,68.5988439009052,-31.893428028643267,59.98276505107979,0.669907445411851,-3.032247474195679,0.2449897738618499,-1.5852891854291085,-2.4488497809342835,-1.7328179887695008,,
21.247308000000004,51.23912456962297,-33.085900726556986,62.52930468717987,0.12563777480496843,-1.5831733402947723,0.41526625692497704,-1.19349421176387,-2.6737972948950888,-1.366222983791288,,
21.256814,33.79092320891101,-35.53600049781532,67.464129349849,-0.6152673883512494,-1.582143505624553,2.1708345036511223,-0.7677367743177179,-2.8103496286555774,-0.9912952504947409,,
21.266336000000003,14.023901516068275,-37.320269807077125,74.81677748455755,-2.1506594043313756,-1.0763790186171442,3.1419540246075726,-0.6819931720284115,-3.1161086075259723,-0.8897906711530458,,
21.275841999999997,-7.166142495533871,-36.65315517470534,82.6332366795985,-4.2080499698816025,-1.3340929714698402,2.9059461774328126,-0.7783060217790411,-3.2859473458652424,-0.998007190223053,,
21.285172000000003,-28.15907711388198,-34.22083774327933,87.57020749012682,-7.716306803288742,-1.9826376670392112,2.4728363366133297,-0.758964329776418,-3.3625223495271586,-1.4520260297967609,,
21.294681000000004,-48.992440526353775,-31.643691827183552,87.58563572079545,-9.176332976908439,-1.4497442384283945,-0.5551685010140637,-0.6466089974517879,-3.474005031748067,-2.2571843554073223,,
21.304184,-67.48169123528046,-31.34203943934692,83.40122501444344,-8.492360781842116,-1.2742722616296636,-3.8972621994462693,-0.2990581747173272,-3.145763464977511,-2.7559362558756257,,
21.313789,-83.73177385825257,-34.62819289142611,77.69415421911866,-7.5827651498285,0.08374707191606627,-6.9237829815239635,0.20278959456740797,-2.806326609566915,-2.8962433204104427,,
21.323300000000003,-100.09781477652717,-40.10531803114326,72.03532727844272,-3.8507541498534255,1.110462099856085,-6.29487884448774,0.3740301537151818,-2.8077607882961177,-3.1035512105584195,,
21.332811,-113.15701408519708,-45.31166741794792,65.59000961871388,-2.4910320536799087,1.8022231842850631,-4.015744542345809,0.27236443964912865,-2.1752540489782075,-3.0474335182463093,,
21.342233999999998,-122.41090910783328,-49.23369460657864,57.31642861042772,-0.3257428340962729,6.029532936744229,-3.7800291705213462,0.08371985637816468,-1.4855894011593287,-3.00269755865187,,
21.361266999999998,-139.1544158750745,-52.044369777413664,34.02417739598931,7.10384195123136,5.100800079061579,2.0925312633213653,-0.5881882744496523,-0.6565364307566722,-3.6677873594037482,,
21.370769000000003,-146.3049038532595,-53.28860846885544,20.895826601132597,12.467203116904148,2.4409830688427876,-0.7014160518915794,-0.6647396437282664,-0.6193838799934656,-3.7540737445971035,,
21.389754000000003,164.377987421399,-52.97642088744217,30.42878636637241,9.617893341385468,-4.144425405250428,-1.9210802305940466,-3.2995901206858167,-0.9749308278514679,-2.5880428816382013,,
21.408779000000003,114.35986747618242,-34.074094343523704,39.81630562960509,2.203116748073634,-4.814750491277703,-3.4561020528843045,-3.917132121503632,-0.6896434971638125,-2.500417670381107,,
21.41834,100.9645502280751,-30.802368797240057,32.824933231641445,1.8663062906494838,-8.644499895618747,-1.5242165205022609,-2.2093176810666746,-0.8052667306182906,-2.838696967870456,,
21.427830999999998,82.80580718831364,-34.96380731263637,28.15323736570948,0.2639852733948164,-6.293079436609851,2.066517399138412,-2.2067796385510636,-2.2557558663720583,-2.9094226171985986,,
21.437531,58.5855054362599,-43.45210926620143,33.39318669603156,-0.9198598884991341,-3.002078099637446,1.0534134530559336,-2.3591925157204203,-3.3508606773238125,-2.034545311440283,,
21.44704,31.147985351457216,-48.58359795844965,48.71311939495393,-2.5231622214490175,-4.132559911387495,5.410586608119024,-2.192522253235477,-3.2461998896818516,-0.9187440639878826,,
21.456555,2.437809549852256,-46.53358761535108,66.09096561500415,-3.9593663061061717,0.1226409295716341,2.7989803310034698,-2.4017162291216296,-3.031321360040368,-0.7954327110983681,,
21.466074,-19.616043390976685,-40.37324583548028,75.76716122553059,-3.412994730725285,0.9333017403066615,1.1061658188277705,-2.18041155082845,-2.6235985700415623,-1.1120751833110816,,
21.475386,-34.60805899895661,-35.44218066417239,76.95840900219268,-5.968085032644831,0.9241377911824907,1.6107619759336855,-1.4995612000376972,-2.068901034991664,-1.6018337687035074,,
21.484907999999997,-49.11206664248438,-35.27403937032377,72.79095563155998,-6.589590960644442,1.4285345348287783,-1.9015071424407197,-0.6397124508813712,-2.2809599237754337,-2.504100115603498,,
21.494425,-65.69871096284203,-41.43078956063059,68.64720072852077,-5.155674024840013,0.9234082011856233,-3.42754680796423,0.3038995483486544,-2.8709694954482265,-2.8766623744203494,,
21.504024,-82.03503514256316,-50.87744835656064,68.68864510547303,-4.775972015193318,0.5222322539542416,-4.0390034392667085,0.9295030093942609,-2.8021344185441377,-2.3418547679458968,,
21.513529,-101.90079494149013,-59.26376074714979,76.06458111655796,-4.071144536137141,0.5470125640255211,-5.265364210559887,0.893096839257966,-2.6765712011366336,-1.7828218808941556,,
21.522956,-125.84583413723487,-62.61339635257167,88.00927900856969,-3.4716228683924397,0.35151690805308916,-2.9145127523502095,0.3278566631719561,-2.3947203810594,-1.7971776240376363,,
21.532457,-138.5223557817733,-61.568640632054766,88.83752381439056,-2.572991034114411,1.6951689261758374,-2.197319320293964,-0.2458276742905065,-1.1880836856909265,-2.0661273847004336,,
21.541963000000003,-140.75769410060147,-58.26506907205741,76.87252299295437,-0.3426376090972882,3.6941561808401624,-1.8396366589767952,-0.6922398299719306,-0.14522633966410886,-2.7708548875528365,,
21.551478000000003,-137.9200087505871,-53.745544853089164,58.36875418709669,1.8453326406969794,2.0060965586350203,0.5654294994328689,-0.7246573739120309,0.6384095047503937,-3.2195656003194917,,
21.561002000000002,-131.22170192255814,-48.408234967888674,38.43265624276325,3.581146784718529,1.5244595677966877,0.4537982161109978,-0.2447423634155496,1.3421361216449184,-2.9305188896491035,,
21.570512,-127.20220967591422,-43.404190058517706,21.71900078678242,5.229985257548411,1.5926996123040786,-0.7006722839341143,-0.02130933297093744,1.1511614811813768,-2.7523067188280295,,
21.58001,-129.79998395924235,-41.80091733041897,9.322513099988429,6.446032900272443,1.3287088486126835,-1.5063938131069772,-0.4593182755251822,0.20989034592032743,-2.8205912154092334,,
21.598987,-165.91950352139585,-51.51722906503947,10.771131888001545,8.479138262104602,-2.7565861776863447,-3.829253708073498,-3.1425176499424725,-1.5527291789550404,-2.385952741538485,,
21.608508,157.6908000813825,-51.64976116036872,29.227732503899677,6.727497607818654,-4.774985443906998,-2.955307124028932,-4.209505191772487,-1.5457789236297377,-2.0552749537268524,,
21.618017000000002,125.93852544128438,-42.72853322512478,43.380892069317,4.399318064562378,-6.049490134281417,-2.54271392680933,-4.489755986783867,-1.1374502544656555,-1.8733898065841301,,
21.627561,107.16090888838359,-32.84574672213508,43.377752265173044,2.797335366716005,-5.011507838164498,-2.0115707693688605,-3.507067956701917,-0.6048677389041042,-2.3110776587081108,,
21.637072000000003,91.69292827787646,-27.820761551041823,39.7276972461565,3.5891510008138687,-5.94090398389282,-0.6039224894010837,-2.6617743270722176,-1.0150395685737228,-2.298086838890724,,
21.646586,74.67563772907758,-28.042898756363407,37.64052025044417,1.571609717759961,-3.9186695575665835,1.1174860973172875,-2.315551462930771,-1.9082676582806348,-2.0189195977495253,,
21.656277000000003,57.013159671753,-32.982800300348984,38.10823911662251,1.8198331088869537,-2.4020537812286724,2.8683145928965246,-1.7925323157341686,-2.6391204799011856,-1.709507449104619,,
21.665799,37.92411090294341,-38.79132822875912,45.12325560644515,0.3488705112839603,-0.9265695385520597,3.688515035265912,-1.5363378091185032,-2.91016920917986,-0.8508276906572351,,
21.675291,16.609391220877068,-40.97405859290831,57.649536341418994,-1.8268308292991113,0.1367432032402225,2.601403773202399,-1.6891055190311697,-2.8180240844138056,-0.24773078680805097,,
21.684631000000003,-3.4511734747108775,-39.71302029837314,69.14495478884629,-3.049394559763339,-0.1177237614960439,0.7579337447853504,-1.577593841262031,-2.6163788196851083,-0.3116164672168954,,
21.694141000000002,-20.130800284087638,-36.85727722530067,75.69868227537073,-4.272737909992338,-0.7963094396079398,0.258361845702429,-1.3182483608097753,-2.32229038305587,-0.7600527258880764,,
21.703646,-33.78505720643992,-34.04115901739878,76.56354539237111,-4.635654995541906,-1.068784257909434,-1.0303367507170331,-1.065841791367566,-2.0260003636572494,-1.4079700467600986,,
21.713158999999997,-45.7278052716574,-33.86086522798496,74.07720643075174,-5.30784492728957,-1.5586277384458516,-2.146235615277383,-0.5259681017671006,-1.9107575858539256,-1.8247951463328376,,
21.722683000000004,-58.23900525512716,-37.12441187791155,71.75854311225163,-6.226071741908798,-0.6061424684498679,-2.2238928852108613,0.032968723374039104,-2.1440515956937567,-1.9082303280644475,,
21.732191,-71.8539976433379,-41.58651426120296,70.60706911763567,-4.664677096923869,0.24970076643824543,-2.5204658284089265,0.1691847820794005,-2.2867107521481853,-1.9478820887885844,,
21.741706,-85.8428451719165,-45.25721087355609,71.09169432044008,-3.952708967957764,0.7273406367173468,-2.6001014596744025,0.028029451303390587,-2.1663176583651254,-1.8166689908669966,,
21.751209000000003,-99.89775541769654,-46.93953357122202,72.68286004893682,-3.3724300912397522,1.575120916041676,-2.70746107795843,-0.28618290942045604,-1.9629601631793934,-1.6971079619176506,,
21.760785,-112.48181909757932,-46.56414270007522,72.58299192114698,-2.0607837316975353,1.6022010245902198,-2.7485118032687446,-0.5874920932948687,-1.6295304935938,-1.842087476514043,,
21.770299,-122.0671710757396,-45.13083134735217,69.08237215158371,-1.1773925532700875,1.6189347047207654,-2.8684351384030613,-0.7126720976269519,-1.1727532481192584,-2.0639165989736856,,
21.779811000000002,-128.77785569896983,-43.765041039313004,62.33472450229915,0.12060255287646951,1.3019452509369465,-2.858536544875239,-0.6485729564216757,-0.7646494124723862,-2.277990048211363,,
21.789331000000004,-134.02964585540022,-43.164103036382166,53.33904564626142,1.2337525470971475,1.417507274903682,-2.390074152686594,-0.5139808868937756,-0.5832402684768347,-2.510899393834899,,
21.798755,-138.34011490291527,-43.78920751166356,42.75281289050193,2.690231510907221,1.7484180609660962,-1.7316042348069367,-0.33181032597185184,-0.5491016139204858,-2.7002473966368976,,
21.808261,-143.54404633699644,-45.62439726367889,32.01520491063211,5.120072929269354,2.5959494598155257,-1.6304689106098877,-0.37202192968506803,-0.7399242136319526,-2.869789669411462,,
21.817738,-152.77623115132178,-48.800907956988596,23.36058993278867,8.857419827867783,2.7163157858259965,-1.8243763755249416,-0.824685947975192,-1.142601348510108,-3.0760798493845156,,
21.836758000000003,162.29370111174876,-57.12495397694002,27.386277112108562,9.81498590808453,-5.004895673725332,-1.258012628641323,-2.604767277677594,-1.8759014643527248,-3.1169526483910226,,
21.846276000000003,128.67661229780506,-54.77239907680332,41.53449318479882,6.999088756317484,-6.836226410147878,-1.0342851095096706,-3.3422819265390817,-1.7287207407937135,-2.7676961785157785,,
21.855823,101.05484083590642,-47.35158895451156,49.3996954452392,2.8734020326235115,-7.122219993683738,-1.2481627488374736,-3.4633847381734437,-1.4389491078632732,-2.745849695910174,,
21.865338,83.47183401540659,-42.45120265435562,47.11753516132176,1.701510650721208,-7.988682979351598,-0.28092143143185305,-2.383139146610832,-1.2021956815982,-2.944696039398652,,
21.874850000000002,64.37397646170099,-39.65968213146347,46.224726563599326,0.8469666071893933,-4.617731021676993,1.5091882554792408,-2.3733013440325745,-1.7090413979029593,-2.6945556951021863,,
21.884539000000004,44.87179454557153,-39.15457492146962,48.518025250872796,-0.26485591328455305,-2.6765467971985117,1.4430628911346863,-2.1043008451679075,-2.144081501762416,-2.0269883739133685,,
21.894047,25.495477651163593,-41.23196025079278,53.3997015935091,-0.41440455561824363,-1.3360179451156242,4.2224996223005435,-1.5320147409343903,-2.5537550505613678,-1.5346961805854147,,
21.903554999999997,4.804171208688392,-41.75883188014544,62.58014947550649,-0.74080389396017,1.5768865820865563,3.5923055857140866,-1.5395735090364149,-2.6776875394778408,-0.9181174110926689,,
21.913069999999998,-14.126169636950884,-38.86203539118665,72.43645779288236,-2.1769076195465002,1.501052759010327,1.5881475433797123,-1.620431711133661,-2.443630645735572,-0.48738588153080387,,
21.922396,-30.715124411638925,-35.96377064970393,79.81927707956794,-3.5030198088357722,0.8680629897730049,0.6414345967349756,-1.1778739719575,-2.4179739059440197,-0.5420106406855357,,
21.931908,-45.67893137773523,-33.94063951548551,83.60840067957521,-4.560256670147657,-0.31873349980181387,-1.0240159155580817,-0.7403757333500952,-2.3687687473858885,-0.9536304659367398,,
21.941425000000002,-60.07615140501792,-34.311770796874384,84.97355036973427,-4.871908197315434,-1.117400711728935,-2.353975208923056,-0.1537567161053062,-2.380494945868726,-1.3354145178690247,,
21.950940000000003,-74.43760095474892,-37.26448832672516,86.33940608516887,-4.900220001940431,-1.5047547253550377,-3.512783630830652,0.4174795786751902,-2.370800745175447,-1.397954145224182,,
21.960525000000004,-89.33528741582592,-41.391161497462726,89.37098919997553,-4.659597104075272,-1.2110964047069488,-4.348295536471899,0.7394351176321111,-2.3378173469584405,-1.2735756673788718,,
21.970036,-104.88951459039023,-44.969202603068375,93.77108006866327,-3.737995323400772,-0.8092131860946528,-4.465522870316729,0.7756639618234543,-2.252395554443803,-1.2405073291786934,,
21.979548,-119.37632063254374,-46.970107105121606,97.64874403241559,-3.159614890098932,-0.4908793483136316,-4.10876872071421,0.5962825319320764,-1.9691912920555663,-1.2981430273336012,,
21.989054000000003,-130.40800161456454,-47.49583387740655,98.30646248496532,-2.52575798676852,0.20738444434011988,-4.033219179593392,0.3094711154467782,-1.4750936913384034,-1.4772406707040577,,
21.998571,-137.95319622716858,-47.37337322421446,94.6994398198888,-1.5912189854325725,0.7982780773883037,-3.5700584534332225,0.08708563899355247,-1.0228969421178005,-1.8219327517191828,,
22.00808,-141.74062202598103,-47.35633468952353,87.2134328735073,-0.5415007347935087,0.5105262005546813,-2.4126479710167366,-0.0004309172289966618,-0.5175109399020654,-2.0442780339639666,,
22.017592999999998,-141.53961663556623,-47.70076934607825,77.02029784981718,0.3538764381434788,0.7183581896380553,-1.8554092531055308,0.06605098329581754,0.015154961633818357,-1.9989973213812726,,
22.027029,-139.7058197308164,-48.06569666978637,65.95758580043913,1.075779051039309,0.8712436324630299,-1.3531232318668123,0.14145002656689948,0.20909548051281773,-1.930269773879413,,
22.036540000000002,-138.18610605660598,-48.37603737789128,55.6082002721453,1.7492747394290389,0.35470826483861173,-0.14306264690097611,0.14715903609465428,0.14614782820383881,-1.8328703187149598,,
22.046033,-138.3625006220292,-48.862010955937265,47.36386939159551,2.6532017118515245,1.1956889289070862,0.08984171689387056,0.0553585396358866,-0.07869194468013127,-1.6648955065871933,,
22.055503,-142.97899960006987,-50.187877375741415,41.857111989411344,4.2540018887687845,2.5017329150030805,-0.19275265253975216,-0.2477990193645053,-0.6092520956376875,-1.793475275851496,,
22.065023000000004,-154.9684648799104,-52.27279589389177,39.973976580414686,6.099037029886612,2.752694469833891,-0.7495468602933256,-0.871529907312663,-1.2956766732233163,-2.2372510372975687,,
22.074534999999997,-175.81848305415238,-53.483136163556864,43.08612417869511,8.3080596975738,1.8985573068964752,-1.9764923118378124,-1.7329258972343025,-1.8404639567195002,-2.699194741197784,,
22.08404,157.27232804016495,-51.88282082607949,49.90207321019825,9.52521672907364,-0.77028777485427,-2.5987936827596934,-2.475820133300594,-2.1351439612044545,-2.9240104482987306,,
22.093598,130.37886037851294,-47.31352257944906,56.50721111545057,8.124348863759886,-4.164918156502449,-2.361356686264903,-2.806532919441091,-2.2380942070143846,-2.788460187651348,,
22.103067000000003,107.3842760793529,-41.23757724082993,58.466199873205355,4.939570228572749,-6.268696185960424,-2.1664343793355862,-2.7838467970488576,-2.120788058465929,-2.8287674183398344,,
22.11262,89.17066120079625,-37.365933474153245,55.49965031321736,3.4564125748155496,-7.208856850776138,-0.8502528271153809,-2.181902460303171,-1.9370616642027747,-2.905793388324741,,
22.122128000000004,69.6934353003035,-35.940833015798056,53.92474653914752,1.9724371967272156,-5.939191011735956,1.6489634940073845,-2.032557652615108,-2.381119719934479,-2.6473371757970816,,
22.131816999999998,48.34007939508853,-36.79119476245813,55.75387265579432,0.3276106195928067,-4.158273579337395,2.693800027874145,-1.834256026745195,-2.901723453121775,-2.1769452063008847,,
22.141326,26.29926712808226,-39.38513367037883,61.15827981631464,-0.7073795072210043,-1.7022246081821846,3.930152170494216,-1.366037130031597,-3.2177559463800587,-1.6520224129887306,,
22.150838999999998,3.104396174994421,-40.31486649681645,71.00327364369804,-2.2373439299064932,0.7810349632383489,4.6117556550404775,-1.2616269017218402,-3.3205340299332375,-1.0207261969090324,,
22.160358000000002,-19.371405763780565,-37.27804603687919,81.64510437660321,-3.8025548565370983,1.7418662042365596,2.7327021984028046,-1.3963431017424313,-3.254384078606581,-0.7032713923017644,,
22.169679000000002,-39.39985276029857,-33.16724343949497,89.37003007596572,-5.800320918118921,1.127963577148802,1.204738599426036,-1.0553958106571133,-3.1941255123730588,-0.7717369737105606,,
22.17919,-58.856576536592,-30.4300288454618,93.28475325498282,-7.5122636440546735,0.040537167320492166,-1.0583524565729927,-0.45559617532017094,-3.3173051050193885,-1.2655937621381972,,
22.188699,-78.0460918470496,-30.583121139725755,94.58182204610792,-6.612001046407042,-1.064019618515277,-3.6378612283432177,0.2645022187262501,-3.2980413205945016,-1.6808350021864358,,
22.198287,-96.28305024089877,-33.739712877961644,96.51054807998824,-5.695553795753712,-1.8531017142117012,-5.958085786188184,0.9261085482988081,-3.0155736174859795,-1.5469783222171543,,
22.207799,-114.79122948822169,-37.972944700691656,101.33854040866163,-3.237072293638748,-1.8177584927897348,-6.87508263055902,1.2952307368722755,-2.836625168144505,-1.1968168739487361,,
22.217318,-133.5437813908876,-41.13413081384768,107.484499209796,-2.174720335910982,-0.744136362608668,-6.301941196426424,1.3234103416165428,-2.6479776068917436,-1.1545441452705427,,
22.226824,-148.89076106998135,-43.0658196734255,109.88794100326987,-1.5835524554150644,-1.4732977216950331,-3.563781137369329,1.0884208917787013,-2.0397348214854607,-1.5687011901138785,,
22.236335000000004,-155.83074730759714,-44.71757770733984,106.62156693588264,-1.7870202549062397,0.48609505383619583,-4.1821214724884515,0.6206387243539079,-0.8519536315427417,-1.6057402234141414,,
22.245849,-159.33815521029052,-46.85157818869062,99.11679568379328,-0.33015088157565287,3.2584571120988355,-3.7033126872512283,0.5180603183438666,-0.385937755419173,-1.9947877425451739,,
22.255457999999997,-161.13195902194389,-49.96495625253084,87.80594700210467,0.27058195174104477,1.034652670358798,0.5889573678390688,0.6290489425516855,-0.20268507408498132,-2.5221765379544325,,
22.264975,-155.46301771290365,-52.47292285064399,73.22922843264794,1.033342803824905,1.2120988851395942,0.8574967092323982,0.604170335164136,0.6182892175709487,-2.021425620690134,,
22.274302,-148.18039048419095,-52.6460403381195,58.90541485096371,3.0497951785318085,2.7525877422896867,0.30982827074252767,0.3836230809521132,0.7964535326340894,-1.6973844824254305,,
22.283996000000002,-145.95030610248205,-52.227773968531615,46.9826430713779,3.391269421984099,1.862361836482551,1.3768136619843223,0.08988835585220711,0.26917470639507635,-2.0215531466063714,,
22.302788,-158.0399828960996,-52.160354866691996,35.678433278914085,6.886394182475795,2.5211314074158464,-1.9206103978145297,-0.962559162690453,-0.7435377003348472,-2.1616293999873037,,
22.312297,-178.45490722626906,-52.8075459474223,37.921403204870096,9.252442379606627,0.8711574121394984,-3.4322577333878392,-1.9216299896322053,-1.5840241486257765,-2.78620895828161,,
22.321815,154.26520809278577,-52.068015601535556,44.950090725908254,8.79977257427547,-1.9505164033887077,-3.2463389418193045,-2.5895989062110365,-2.0763082199814566,-2.927097779441838,,
22.331319999999998,126.38639327095605,-48.346549906512244,52.77808067745845,7.347597837398401,-5.471068467544456,-2.461262531542694,-2.8936521867548612,-2.1894641920546003,-2.7344132592677357,,
22.340847000000004,102.69361154938213,-42.8992188763984,55.49506932540195,4.607669212687353,-6.75070013451813,-1.3141658439924158,-2.812293146822677,-2.0440522470438203,-2.854598381915505,,
22.350396000000003,83.00711573209526,-39.14351295672899,54.25024009125294,2.7298527975377964,-6.006515838921461,-0.0947076334331536,-2.3171841094303725,-1.9928297955119043,-2.840025132115167,,
22.360078,63.683575641571885,-37.70144343229151,53.884314811077374,1.726768326175059,-5.178740889192444,2.3129621788415506,-2.0029636871696552,-2.2767688974855522,-2.4828272644960383,,
22.36958,43.290491976717895,-38.79400045092746,55.74233992405431,0.05002641165783322,-2.684440012967575,2.7676548801642236,-1.6594586939267506,-2.7363746794086223,-2.162803172866753,,
22.379105000000003,22.2869968688361,-41.60675498709145,61.051112805656345,-0.8196312174355677,-0.7453964939024423,3.407895912810068,-1.194888143266043,-3.0177251902910465,-1.6611793452349712,,
22.388603000000003,-0.31734058137176524,-42.92505094929552,70.58053932888815,-3.040641913414953,-0.006942097903547566,4.0737161711324905,-1.1184685367581761,-3.149918231503859,-1.1489227495791479,,
22.398128999999997,-23.941327937949,-41.431897033544864,80.93427669025078,-5.459222359687545,0.0035534629268232573,2.377696280584339,-1.1320369310242042,-3.3125192563470205,-1.1150670416111614,,
22.407456000000003,-46.97748440821243,-38.56650656621756,88.54571917721024,-8.121973681625668,-0.5947557076602095,0.6762199808856327,-0.8743145476358469,-3.457400941721951,-1.4457655187570502,,
22.41697,-68.31183403163767,-35.880639971033354,91.69659901686036,-8.592112315004739,-0.6605911987812522,-2.286868116931058,-0.5150450825866039,-3.398939462581009,-1.947508761676548,,
22.426557000000003,-87.4135878816994,-35.28359784037707,91.92669481575658,-7.8816590081977695,-1.0600126488441783,-5.613362675038539,-0.01438087740783487,-3.113050575948448,-2.1670392559943483,,
22.436061000000002,-105.62221059156171,-37.34073704161405,92.33481311595975,-4.917742645002041,-0.8613179550649921,-7.429382646017982,0.5193755926622156,-2.922257346212476,-2.0642908769124766,,
22.445574,-123.21225521538786,-40.944181695018855,93.79559609928832,-2.4905036807821577,-0.22620905346659673,-6.961329495945289,0.859020027004567,-2.691676616691028,-1.9191573724579707,,
22.455078,-138.75184840221942,-45.05010650771599,94.4648194443389,-1.2108344646033764,-0.13130637884538868,-4.907900152917653,0.9740845360113165,-2.214473194714285,-1.9762406912235324,,
22.46459,-149.78551632151954,-48.90349988408423,92.8731642737838,-1.1550537901278586,0.9066626290944051,-3.8746445086844283,0.8576213233677261,-1.4592995055928644,-1.9219333345113099,,
22.474035999999998,-157.25394163475758,-52.43448190830227,88.31528348436716,0.04667464708658957,3.012927501272266,-2.7088698350703995,0.7082152229575912,-0.9442598098461386,-2.05786002023711,,
22.483715000000004,-161.9268944638143,-55.71165601120079,79.88668322983956,0.8077359703990548,2.0265560262821176,0.49173634628649376,0.5876599103087249,-0.6161557652834899,-2.434382628975891,,
22.493234,-160.60303538900357,-57.68502387327952,67.4996680870786,1.672146225970574,2.233177077653302,1.8417808140027203,0.41133072228924905,0.028677677633751633,-2.2481927613779416,,
22.502567,-156.57714542856513,-57.67757078737908,53.40402631046127,4.2017265198189095,3.449656639199965,1.3289065017601478,0.20254269164438107,0.3775233940449037,-2.13030346444121,,
22.521532,-163.79555543205007,-55.313758896482774,32.84194288921674,5.830747071626112,1.462074232394138,-1.3453647682113308,-0.7961463910508363,-0.2367742885078766,-2.743658400520624,,
22.53105,-178.43675878806042,-53.68798722677339,30.748488552391787,8.2820373111181,0.12472942001817419,-4.19711579918005,-1.6244849966836188,-0.6131306221403734,-2.7964305785876045,,
22.540553000000003,160.06767789025497,-52.4223169402822,33.6638105599062,6.74744146418939,-2.443518803312445,-3.471246528370854,-2.3236112470414727,-1.1536272829686762,-2.852596713967704,,
22.550068000000003,137.25026248454427,-49.59480036774974,38.516620105504295,5.320042265817152,-4.578581658128105,-3.3120354535234444,-2.6487634528697814,-1.2261880950107615,-2.5821390047339197,,
22.559612,117.01682653287112,-44.05303469012029,40.11128893894518,3.843022567084345,-5.880679726938852,-1.7577673701550516,-2.8380646041956608,-0.8931531034933498,-2.638714807308703,,
22.569145,99.05319506936793,-38.36207189800938,38.406676724564605,2.479929718651233,-5.144596880406487,-0.4277377022345329,-2.8079792010746507,-0.8260761726322031,-2.7136135318989942,,
22.578651999999998,83.51950556790354,-34.545656484850575,35.034631262119554,1.1545592300426462,-4.477492318769329,0.24768701708413965,-2.454371708930674,-0.8780983599932873,-2.526250061057522,,
22.588158999999997,69.50012398554466,-33.33692453083169,30.91203921802833,0.06396520649948463,-3.8918628123072088,1.1350493645628248,-2.0769191812980474,-1.0594249743497726,-2.3962860996882385,,
22.597835000000003,55.08318673338297,-34.093390161184736,28.36876518003138,-0.6228401597933212,-2.9080149315233146,1.4574542735563971,-2.001916344472697,-1.3152442528191357,-2.1157659352037173,,
22.607367000000004,40.3483223395111,-35.27764885519946,28.688314546810748,-1.5156073269572772,-1.8576568985836677,0.954380417559144,-2.005937429858806,-1.3644895308139013,-1.6203640944329574,,
22.616875,25.985670055842007,-35.97271683438607,30.810769753999796,-2.275802839435535,-1.1204940984976433,0.7415520118927011,-1.9467336132215267,-1.280544151209356,-1.2553281552348203,,
22.626212000000002,12.298543124723187,-35.337362145563006,33.47517860138749,-2.1142986509730672,-0.2531844174304593,0.15127768147198184,-1.9385660694909477,-1.0797269619652132,-1.0678381788454285,,
22.635717,0.6678702384160558,-33.152997983738786,35.39308173513006,-1.8044314577885492,0.1611469382983992,-0.4806910483913051,-1.8205790684288685,-0.7329229799722489,-0.9282856375186961,,
22.645221,-8.472851743250704,-30.95633430659459,35.85901950267363,-1.3180993444851135,0.42150585922394296,-1.0181678217548285,-1.5036444921398462,-0.5518730402191355,-0.8778360871970449,,
22.654729000000003,-15.647498711959425,-30.33633561848305,35.29848750540773,-0.4529994284360928,0.6441679392298217,-1.3110578557955148,-1.0649989185891844,-0.6241609999559867,-0.8427681270970563,,
22.664265999999998,-21.397153694475218,-31.517266681729705,34.45678236489095,0.4031123988190465,0.7499446684241757,-1.2339785504589627,-0.6633204208694885,-0.7651357415796123,-0.7573122307183331,,
22.673775,-25.90940174545282,-33.95953620134107,34.03072676977356,0.8100674030468239,0.6357532644104545,-1.2251867291103802,-0.3420240707774496,-0.8387376356665608,-0.5700785788033157,,
22.68327,-29.771455566823057,-37.38688990462119,34.854294048254005,0.5452965623917344,0.3916036711074007,-1.2213908960384823,-0.11945953332706981,-0.928271769056523,-0.28143646659674554,,
22.692864,-33.78233332378337,-41.30094935080028,37.472919579767954,-0.028390923833176346,0.010854761650747556,-1.3234706661692432,-0.02899350069188372,-1.0061298030840768,0.020447747315494702,,
22.702376,-37.76114667026631,-44.68574936722598,41.520088962117825,-0.1130942593621487,-0.808805777207805,-2.2883446089994313,-0.008896352714980417,-0.9003383157113382,0.2730876334772217,,
22.711879000000003,-41.061812199339066,-47.18274773578815,46.26386994803503,-1.3324952606208096,-0.9891712118361808,-2.6426404801035677,0.025090799717940603,-0.6854579775800499,0.48169402091656766,,
22.721387,-43.588602591206296,-48.54283422034197,50.022127045772244,-1.4950915747677298,-1.2615560381641382,-2.841287542510817,-0.013947281231321216,-0.4407477457392589,0.3846722883853502,,
22.730905999999997,-43.571157721088845,-48.52675981272249,50.761460778344635,-1.2804713931503395,-1.521592693687962,-2.941828737927357,0.008825330863041438,-0.0022981065902398586,0.15809578758028517,,
22.740417,-40.376380246641084,-47.730656068094966,48.31220447954172,-1.8238179085835493,-1.147574219729043,-2.6380957496527873,0.16590356173399812,0.4219717895692384,-0.007007220728004209,,
22.749924999999998,-36.18373195959267,-47.09442477254112,43.74142682595785,-1.183360593382516,-0.817836302288909,-2.13790344303369,0.3129632119932664,0.49049629186300275,-0.29053155201741565,,
22.759435000000003,-31.617059408527133,-46.93497298744544,37.649459649675705,0.07403571401089576,-0.61144259470389,-1.3589882248349718,0.4637565512061029,0.4212812210958782,-0.4460122767575267,,
22.769061,-26.370726335105218,-46.24161764557572,31.075064610780057,0.6634812237800042,-0.17831310977104767,-0.456022691173472,0.5296947519279686,0.5115887687433962,-0.4513599504095902,,
22.778377,-21.874300843347914,-44.41841012201878,25.148978530644726,1.675753265329204,-0.3560903531990266,-0.3353083747698228,0.39867015183031435,0.6096604372373151,-0.4474639165492952,,
22.787892,-18.363120096157733,-42.10867824351609,21.26557989025707,2.6307318275183516,-0.49181348636979283,-0.45187663631684866,0.30077757693083407,0.6162831383704928,-0.1950011422804458,,
22.797407,-15.465623423790236,-39.547990271989114,19.66349183882377,2.810939233373694,-0.31097513155937223,-0.008813182087504414,0.2449853331325017,0.6235202508256468,0.16687112805733045,,
22.806908999999997,-12.995064920644591,-36.963262571039756,20.00883303903112,3.501902505068912,-0.29177044575454886,-0.6763904889013982,0.20326243369894878,0.6088302306463985,0.4890545753081505,,
22.816423,-9.645412796008396,-34.938104245383435,21.897307757867704,4.126847207557634,-0.015531287851238766,-0.8778451478594739,0.3761844011572109,0.5628033717933948,0.891910437844836,,
22.825924999999998,-3.842690190009687,-33.607864869115026,24.7866105648214,3.4364833193622295,0.5107264817828702,-0.14921185048669003,0.7921413298634169,0.6133426480884483,1.3722562169138586,,
22.845134,15.021038563511649,-35.84240517111743,32.31035485201116,0.9731921349048579,0.3908313193622723,1.617844587744372,1.7485689080207094,0.4431999805134331,2.133983803176711,,
22.854635000000002,26.050210051988614,-39.76729708513475,36.98664256136648,-0.7597265318651595,-1.309924116218221,1.8224403626365666,1.8964499012506004,0.3486488402469937,2.284907738603824,,
22.863922000000002,36.55904376642931,-43.66180040353001,41.37746728053302,-1.8430248897647745,-3.119132831016345,0.049019932456072425,1.723575021942463,0.3938538048102556,2.274581076411726,,
22.873440000000002,47.691400327772676,-47.27253504897395,44.15720520880138,-2.204322486213184,-3.8682388877253873,-1.7429995691875761,1.649948739469846,0.5393562947663149,2.1416147270003787,,
22.882949000000004,59.8119595408696,-49.66037434790254,45.250538305753054,-1.7825335991121165,-4.435997202307754,-2.0903059800937545,1.4894133515543393,0.8024439231664662,2.0324305718236437,,
22.8925,70.49346187832215,-49.48704594015045,47.47932457706018,-1.3883441254415259,-3.960155366351127,-2.709343436551792,0.9406435249049544,1.0388335567924796,2.0708578468110206,,
22.902016000000003,79.42002378182087,-47.12255329844665,51.6485534509302,-0.6776255816053797,-3.6119567199678775,-2.622688372023758,0.41761412574464674,1.2246035891757303,2.1653255938399676,,
22.911532,86.94715778442924,-43.54931514246286,56.74165649191203,0.3110817048930109,-2.7462369062312275,-1.8908417131741866,0.043558978945176983,1.291512610906286,2.0870913204399395,,
22.921126,92.66955014995106,-39.75128756884781,62.36919810800955,0.16909760703608023,-0.7300938256395737,-1.5376410315742601,-0.2208772907484046,1.1374179542804037,1.8832962923268934,,
22.930549,97.71445369171788,-36.79404384753804,68.05594886152358,-0.6549773903440518,0.4554758286799969,-1.2339432414878755,-0.20673666208329886,0.9819004763137796,1.759357570619982,,
22.940061999999998,103.3006967193325,-35.30263970074948,72.29508410306363,-1.106149115422211,0.9699760517357754,-0.8988772070323157,0.022137348702402335,0.9650865448817185,1.5024903781140697,,
22.949568,110.18348776562554,-35.46920141113971,73.87852377082909,-1.349438457092507,1.5076636472962575,-0.6311117785774142,0.35336612350450686,1.077671544949958,1.111644766147081,,
22.959076000000003,119.3931011196816,-37.19412433143769,72.89818929801366,-0.9117916647750557,1.0354381901611103,-0.5461583814454437,0.7481834706807109,1.336780198020087,0.8948554010641983,,
22.96859,131.00358317168977,-39.4717804566417,68.97005281556712,-0.055124681706062315,0.27494514560791655,-1.0262301422315545,1.0172823614196058,1.5858682460071631,0.6575465782675497,,
22.978189999999998,144.2311508246107,-40.94277753206419,62.339097399252985,0.33659245935616194,-0.08815407471469663,-1.7514111034461257,1.0924155023374247,1.7315951034011787,0.38819286436857914,,
22.987696,157.8418898516425,-41.24779801630974,54.73761643862985,0.4004700746919831,-0.4387958904868112,-2.5197046075214002,1.1153207612108238,1.728977540020463,0.2781351345299514,,
22.997207000000003,170.20863389092935,-40.65478254775954,47.59668625990761,0.11219752346047268,-0.6638390347377456,-3.030709055384445,1.072910678518332,1.5396316983223153,0.2029564409441557,,
23.006709999999998,-179.91657861884823,-39.72329777967317,41.61964402991796,-0.058234644696022526,-0.4215976777525187,-3.1911853706900293,0.9381388977351827,1.201823974263339,0.08904183525668719,,
23.016185,-172.95001286908752,-39.477263211445084,36.78674755302225,-0.036025696977646966,0.02597108858486398,-2.6859496015128173,0.796129728666118,0.726027621763069,-0.06869045589633632,,
23.025675,-168.69135758842293,-40.59292455255975,32.54757159519609,0.8934614894137283,0.5904686941420423,-2.0824102448087745,0.6588959549810455,0.19606563055311094,-0.2903000111965244,,
23.035125999999998,-167.67668476472127,-42.697847081571524,28.561876379440136,2.270848005308106,1.0120295776462283,-1.220538911365868,0.34026481163261535,-0.27741364975647187,-0.6530445024873398,,
23.044634000000002,-169.95649901093083,-44.853533030870665,25.13402373518984,4.336864381897823,1.0776260187773696,-0.6851940285354001,-0.10366108069916057,-0.5251966490642863,-0.9924314495813946,,
23.054136999999997,-176.31902442475734,-47.11711420586941,23.093362718643533,6.425640580336733,0.31713763148155877,-0.953261928239483,-0.6271589522161959,-0.765274166089751,-1.315723711476936,,
23.063661000000003,171.072653026813,-48.749148879039375,23.869256776101228,6.141112748977717,-1.4649940808108095,-1.1485590658443507,-1.4244650474201817,-0.9608914611310339,-1.7118469275091552,,
23.073166,153.14185371618572,-48.13397383358521,27.715101665988758,4.372579881201414,-2.483239326188932,-1.5065140082372614,-2.1964992282137032,-0.9123162073014329,-1.9144673437839086,,
23.082701,134.30005592299017,-45.159378546134676,32.95265140701466,3.7015258649969245,-3.921344166911174,-2.443199778065041,-2.5295273573681976,-0.7838054392086908,-1.6977495145937878,,
23.092213,116.46480238620128,-40.60182913629484,37.362540243748015,1.333248585288812,-4.5873679794509385,-2.2417046551381214,-2.6559982194270093,-0.752729017477049,-1.5533463550873736,,
23.101748,101.12968227306035,-35.5193102673119,38.69321917654784,0.11622846070375603,-4.007464555559177,-2.0586539457855753,-2.5231579049955273,-0.6802700591622933,-1.632356276691103,,
23.111263,87.74896199113006,-32.007618980702375,38.400772988016755,0.9869348201393281,-3.7116297563547245,-0.9422761967231721,-2.17235721334372,-0.8299404282607629,-1.5535041444084712,,
23.120755000000003,73.51848493660324,-31.046162664073996,39.68084275096127,0.7017636309377163,-2.913221293860968,0.2641679607667049,-1.9986013777611518,-1.3717637642328189,-1.2414052651267617,,
23.130451,58.25147585973307,-32.522725345843774,42.645487394904485,0.1564864301944408,-1.5170637892261796,0.49665787768384095,-1.7520898521057477,-1.923464646239714,-1.0257079581213757,,
23.149475000000002,25.562838067282357,-37.63798660921344,55.344300740769214,-1.8380029275633896,-1.0225494483704465,1.9219250331150821,-1.3879121879920848,-2.4189638474254522,-0.5267377876181791,,
23.158976000000003,6.67949970063825,-37.579160235934644,63.604670996074304,-3.2285231619533645,-1.0955901327738224,1.0493846027844467,-1.5157009788115354,-2.5665140543411042,-0.6638619505522675,,
23.168305000000004,-11.785586018472353,-36.01683729479377,69.78219335551246,-4.81401730714926,-1.4171076569935461,1.0121483778759341,-1.4408299809170326,-2.5905465154186578,-0.9830859468829851,,
23.177816999999997,-29.209544855620226,-33.39577976010074,72.21884084141467,-6.263609528271239,-0.848236066105466,0.22735169282377085,-1.4123187784808526,-2.5399357732743595,-1.4969143897249502,,
23.18734,-45.396439966035615,-31.13604618418216,70.55223757109341,-6.59800648307774,-0.19484493854070967,-1.5347733781266761,-1.2893850495992745,-2.455325309899897,-2.0553352245437795,,
23.196841,-60.24185992027583,-30.997737646145968,66.09181836739714,-5.947712814807739,0.6206742241274231,-3.0544893445867634,-0.9572590650615388,-2.360548965477951,-2.4138582777129,,
23.20644,-73.69867438415072,-33.26396700345354,60.1338710803547,-4.503405249400814,1.4300655150294985,-3.9595070011744316,-0.6228427818276701,-2.246355159270592,-2.610660851754593,,
23.215956,-85.97428076057102,-37.182194377346015,53.66501774443511,-2.5754133097145218,1.717448552261755,-3.8951946903361505,-0.4387210223681061,-2.1170830042636304,-2.696805592760743,,
23.225457,-97.29848439734421,-41.516479200486486,47.475026270860305,-0.8964320442480417,2.238075671147295,-3.082159215900462,-0.4455752511147614,-1.9115411215253988,-2.661276971235525,,
23.234881,-108.52895389506814,-45.00594574900813,41.70825913195363,0.9557912732554202,2.9964599546395028,-2.0936177905748656,-0.6803679328294564,-1.6518597509653237,-2.680358743934483,,
23.244407000000002,-120.18702195264784,-47.04313238953578,35.9805017771474,3.1678789709081143,3.171300029917809,-0.9229570707443665,-1.0132307491658892,-1.3370347952702553,-2.811565560608366,,
23.253911000000002,-132.45871379511013,-47.8592242681458,30.095449459800932,5.894057958816279,4.0290646851405665,-0.7986883881535635,-1.3118541705393103,-1.0431147156279628,-2.973668549578387,,
23.263420000000004,-146.98369491030354,-48.59822691163486,24.252056923833802,8.731150548722795,3.177028384849445,-1.5056166501174413,-1.6653499705096186,-1.0132986933515,-3.3243473337267204,,
23.272926,-165.44928686613008,-50.17440513612394,20.511077581367974,10.01695121502079,0.24511931995673583,-2.857072490179742,-2.114372906485846,-1.1993896301757756,-3.5428194196551503,,
23.282406,171.58335468916593,-51.79818574654068,21.96524295975456,9.297425974778804,-4.10864044967204,-3.312963136224168,-2.5834910820927752,-1.3354881989700191,-3.276150652285809,,
23.291915000000003,144.18068602318053,-51.65362386733962,29.039544596710332,6.795649553117188,-6.848149353129022,-2.7735480076663825,-3.0702149994877455,-1.4196518604916617,-2.8973381471171678,,
23.301468,116.72913847380552,-47.889563328488784,36.36092504606613,3.792879630823799,-8.5027760441933,-2.3532284598428337,-3.373621796254109,-1.2782340322956807,-2.7434729655177477,,
23.310983999999998,94.57720205663128,-42.94868377528778,36.92532807310249,1.4819587469300477,-8.443470608966013,-0.6908983043457319,-3.0750243087929805,-1.0625026260654384,-3.0509857753985363,,
23.320500000000003,73.59365081751143,-39.254300805323034,36.22019879777691,0.20274540707035182,-6.892981462617547,1.8881162484932226,-2.9703592094385045,-1.2906588599752233,-2.9077334064702125,,
23.330181000000003,52.30596526379738,-37.11942197858877,37.05809416948166,-0.98710499987296,-4.373899417646884,2.6239344741056385,-2.9281651254057754,-1.6545126070433491,-2.4740739309885114,,
23.339688000000002,32.10188972936676,-37.380221947994954,38.881383040253354,-1.2157410693863173,-2.2481821759144758,3.7762395591102385,-2.492358649172181,-2.018726302176491,-2.0899980010720163,,
23.349199,11.802732464503096,-38.33103318557408,43.49422716156027,-1.5575228831873664,0.2403431277504795,4.356665431801252,-2.2745078535979704,-2.2526807821646346,-1.5782754577460831,,
23.358708,-8.896838185023096,-37.702039045518994,50.485246091068475,-2.5323228461242664,1.9138351689330797,3.3341970050896603,-2.30091840702184,-2.3006083938956867,-1.1609333896090164,,
23.368218,-29.034558636681105,-36.30818614044982,57.680824096424,-3.909054600612832,2.314799431205129,1.6498801501175306,-2.0964391761106542,-2.4442715076955235,-0.9911277874142986,,
23.387074,-67.19692020364076,-33.811039780830534,66.75369202315582,-5.56987148148831,1.0537350014971805,-2.623313172309059,-1.4733187835972061,-2.71298959653377,-1.4344082007113736,,
23.396652000000003,-84.4470296539611,-34.157093528257874,69.08029611599555,-5.224289667546376,-0.19033579268273287,-4.725124238981476,-1.006808472960666,-2.680863516271119,-1.4548206920773932,,
23.415664,-117.15286470811675,-37.49042189240482,73.24782116894357,-2.3757462668608587,-0.4349367919815519,-5.599505979194821,-0.43886455655759676,-2.5903317735460294,-1.6003434265908576,,
23.425184,-130.22433849259093,-38.96372266822734,72.16894371132926,-1.7664944927575428,-0.8130736278744647,-3.8220029637968524,-0.3344538022352538,-2.0520104629845615,-1.8216646765621871,,
23.434689,-138.41036353996054,-40.249211392025536,68.21206527179397,-1.1591861528731517,1.8833776012143544,-4.945076087770326,-0.1916029472383174,-1.2762817474124408,-1.8235569069157935,,
23.444215999999997,-146.0811976888701,-42.008465287568015,61.96004679970046,1.028965344296943,2.3796674440648475,-3.5303220868106098,-0.17506508938923895,-1.1978404018314233,-2.2487266003163016,,
23.453631,-152.622716763577,-43.987433821834536,53.96485788797784,1.1826412633699128,1.304896614023898,-0.5917814763315292,-0.18006877785508982,-1.0210136608122111,-2.481449013707899,,
23.463138999999998,-155.3499863110058,-45.612150599491486,45.11258117118046,2.6128225483580363,1.9374650748364068,-0.8875034695943916,-0.010975266482176624,-0.5025022103143624,-2.1457130095473773,,
23.472624000000003,-158.87624313574807,-47.0347706281141,36.96519471435619,4.344885403012424,1.5596737256618611,-1.1599619457949395,-0.1876469704771102,-0.5301077835320673,-2.130799054096059,,
23.482128000000003,-166.41058531443448,-48.80175042986356,30.940039749290726,4.668161922414906,0.7842047204363533,-0.8961608330809371,-0.648227601313188,-0.8514339971359427,-2.3151722476422236,,
23.491639,-177.8668598280147,-50.66667813073136,28.38423470402032,5.81485906851126,-0.06833222986470482,-2.0428409947966433,-1.1100809558338496,-1.0483633627903852,-2.2526765255743477,,
23.501148999999998,164.9112561037121,-51.874917388689326,30.09988160128907,7.526426842716717,-2.1059814582892975,-2.7041924729995492,-1.7680354631150323,-1.2511172915025686,-2.340985747706891,,
23.510663,142.2438936851901,-51.61845033714881,35.2607783735907,7.168973707324256,-3.9405080511782273,-1.8304482852300852,-2.389433762377596,-1.4583777907793216,-2.5322410668955984,,
23.520212,118.96915882040493,-48.99538512583813,40.57600414894919,6.24935738533377,-5.6643996385828475,-0.6738744563764394,-2.6599171806947552,-1.4038626189735834,-2.5277088919496786,,
23.529719,97.71555309312149,-44.755834881317945,43.02270199797583,4.19823998280387,-6.286167982937751,0.9346788127636255,-2.721676652436939,-1.2997016495229312,-2.6221384502331353,,
23.539232,78.77498669579407,-40.73796857525061,42.92135278427649,2.0066786465198203,-4.803184844199704,1.526422234490153,-2.574206503902462,-1.304723809000278,-2.599366519797351,,
23.548921,62.10901243846069,-38.306398133846926,42.06093184275244,0.6592865140467434,-3.730072384542429,1.6594481021506462,-2.215410395131384,-1.3746129553718598,-2.3005933016974747,,
23.558442,46.30683065270059,-37.81994699377055,42.01982722995217,-0.23779482247965786,-2.6815125062762215,2.027436722919068,-1.9031853849365252,-1.5909552568242553,-1.9638801838211293,,
23.567945,30.04746659863093,-38.45927688079114,44.33296699347721,-0.614629121844867,-1.223599109604396,1.8419022216705712,-1.7663321794034477,-1.8407580338553506,-1.5529952372665246,,
23.577467,13.543779759475422,-39.114989409209144,49.34513349850894,-1.1388467561658593,-0.24034835998470114,1.4799601003568168,-1.6515245310111206,-1.9646837272513704,-1.0723832506408246,,
23.586964000000002,-2.9963337663722855,-39.236745568889134,56.07301544375672,-2.086482096466902,0.3547410161304641,1.2602433873721306,-1.5204963935989873,-2.0542203601543125,-0.7499360899144466,,
23.605821,-36.301073629472135,-36.90033846073915,69.08566582783831,-4.1583583503248756,0.2162808729773455,-0.18689790512061577,-1.3191586671919013,-2.267882980692574,-0.8154848471321675,,
23.615330999999998,-52.55759956731521,-35.57566614156606,73.51600783073147,-5.563322216552251,-0.010910301292912294,-1.3913544808321463,-1.0793949997170706,-2.401324056518736,-1.0326418127201287,,
23.624828,-68.92916963594469,-35.010176949760364,76.30810035108082,-5.731917913400531,-0.27314491068815033,-2.984375919309003,-0.7959051301748403,-2.554002983099102,-1.326707274826168,,
23.634425,-84.70212637865654,-35.50702524207471,77.92059346351651,-5.209724560967345,-0.5278348711824101,-4.3490027723579425,-0.4726963350731848,-2.5369393305351124,-1.4892285606927815,,
23.643934,-99.5267164461418,-36.957220448751016,78.90148000168861,-4.246593333735945,-0.4035989258790558,-5.313237584199879,-0.19523392010841356,-2.4053115436963295,-1.5454523386305203,,
23.653438,-113.36782206494377,-38.97976084848776,79.09577769061734,-2.930458518658135,-0.044576401462913036,-5.46361243476738,-0.021467591996682925,-2.224001199389976,-1.652699559709969,,
23.662951,-125.55160842982474,-41.20483051842166,77.4718127657587,-1.7976190460153996,0.1256927736309709,-4.355796226783148,0.05284596286129676,-1.9205636537856108,-1.882220144225327,,
23.672459000000003,-134.27245593383057,-43.46454170206779,73.28195213261468,-1.244213111655187,1.1355894710842864,-3.9065919370585926,0.10644588215125832,-1.3659910649399165,-2.0010428177973836,,
23.681970999999997,-140.5672870382762,-45.725204523458565,66.53099939784222,0.1725076898204443,2.334766430877929,-2.9874115816807834,0.11038012278349177,-1.00048822738554,-2.2233767196007146,,
23.700906000000003,-145.37543483982202,-48.9924358443012,46.157098687371686,2.474578837722664,2.2895191176628478,0.13325568231379467,0.1369495968647202,-0.22293634366770654,-2.3125502598824377,,
23.710393000000003,-144.76841397414555,-50.031338508869844,33.970314726925565,4.222552136094123,1.9617458612345147,0.6787640080145486,0.18804426996962406,-0.1057785361562493,-2.335719906018069,,
23.719887,-146.72554664523844,-50.937490931914795,23.024697387460048,5.752480545243808,1.6973446777806367,0.5273262893045468,-0.13889595946673067,-0.2746082787390314,-2.4820847859861583,,
23.729407000000002,-154.2381171498447,-52.18282253417752,15.725497524135086,7.839581656795071,1.0983780355132344,-0.057232676734455486,-0.8063407502678446,-0.5396399513382086,-2.6277759023518046,,
23.738931,-170.06960010395608,-54.51306842864599,14.485664333664241,8.67847567455961,-1.4937125896517092,-0.9916887292846253,-1.7110951538194377,-0.9319566727062707,-2.781403721000799,,
23.748433,163.72632491032869,-54.97276985366602,21.114275153516907,8.832285865604598,-4.41073885158485,-2.147172076674923,-2.849371832219583,-0.9968320188975787,-2.958191009693384,,
23.757931,134.18024414422865,-51.01429265195556,30.72922952085885,6.580444276742356,-6.37591398932275,-1.781104183271637,-3.5248246951852567,-0.8423165952211389,-2.813589480152526,,
23.767411000000003,108.53506614495025,-43.81762173436605,37.02616620052336,2.9819483955846446,-7.190978407539027,-1.7646578633160142,-3.6632823823629925,-0.7466164177792489,-2.5352687813841537,,
23.777002000000003,90.33365549383389,-37.12778920991726,36.15421991677494,0.33975910587406444,-6.591533775322155,-1.0329889746434815,-3.013148310771632,-0.576003795512244,-2.5450640037173637,,
23.786524,73.64781454815552,-33.345924106374156,33.326074966156106,0.7191839161410303,-5.527219942328098,0.8253033044877579,-2.6641753245930975,-0.9299896817379221,-2.497615629955682,,
23.796205,55.4123069834354,-32.36473993520116,34.1831076498855,0.300022578621223,-3.616687373255209,2.0899591023921595,-2.6467472947267736,-1.5368589785227038,-1.8168194176113857,,
23.80572,36.197493608852554,-34.22417914260073,38.46624999413887,-0.2945083107120435,-1.5856038793788274,3.1880962607436882,-2.357719570495683,-2.197491219418167,-1.2651798788251387,,
23.815221,15.827633315325714,-36.83677469248595,46.9570180108478,-0.7292454795351184,0.47511770287775,3.521417033739508,-2.0709380909275446,-2.626419038913831,-0.6848806283801401,,
23.824734,-5.232294920169884,-35.986646584552396,58.55046822721854,-3.120489373827027,1.3351720640267537,3.548177659945693,-2.169702988991434,-2.5936244251295055,-0.19814117152823207,,
23.834065000000002,-25.875495523767075,-32.11206296601816,68.5180555607076,-5.663683592750919,1.20471086021117,1.5186023425427717,-2.196421185041789,-2.719027023019352,-0.33087710798815445,,
23.843575,-46.10558956195057,-27.681960349909186,74.3721968697376,-7.705131737276815,0.8523226988915426,-0.3034653990102091,-1.9357725389405427,-3.046524435104379,-0.8501507353265456,,
23.853098000000003,-65.29782370047982,-24.067139202517527,75.30735508048302,-8.243891589354822,0.5332223411454688,-2.860001823115527,-1.5863827708570724,-3.1491743962826613,-1.4816387333187915,,
23.862685,-83.2242660653646,-23.262164871389864,72.929298181518,-8.145915365922011,-0.030785876233098888,-6.007836640371289,-1.0471966954418301,-3.1197494196540867,-1.9014623357460956,,
23.872204000000004,-101.31656952716988,-25.893697355555034,70.43228236481366,-5.879875180708216,0.23693880663110206,-7.768221107958882,-0.5367965869367377,-3.2938130383713395,-1.989760974647821,,
23.881708000000003,-118.89769919121443,-30.452083991851282,68.38924292454743,-2.7353644712962963,0.36711828759205234,-6.407776631085499,-0.2448804986637594,-3.225697349920908,-2.054956192765783,,
23.891216,-133.744422116225,-35.279059121852306,65.98958981248128,-1.486472531880813,1.517676375568291,-5.516045397363462,-0.08648284940107674,-2.6758727935870112,-2.0787006279808113,,
23.900716000000003,-147.12347379778885,-39.475487969804526,62.78302548568387,0.8723063167340335,3.3546207633142884,-4.779474688316671,-0.17274547096950363,-2.28163142776266,-2.254272413306451,,
23.910147000000002,-159.60054540780604,-42.64385888379728,57.88504291209769,2.498321651393689,2.968268964644997,-1.4880672326218642,-0.3916211081669775,-1.9486266953962252,-2.6084750373636467,,
23.919659000000003,-168.72276827666346,-44.89881517039706,50.55655791046365,4.698602900951915,3.849745915351092,-0.34627003713466104,-0.41419796695477396,-1.3300567231319915,-2.7193175844777167,,
23.929173,-176.18830944153868,-47.96108892667841,41.23590716445447,7.641410143919197,2.827159104282991,-0.3405304765569719,-0.2850567513011822,-1.160766891607789,-2.9387582975015203,,
23.938650000000003,174.0216707849949,-52.26150467898454,32.46846708102641,8.983872455061457,0.13416826502508777,-0.6518337005905189,-0.49765462807886196,-1.4350892556362702,-3.24951476416358,,
23.948152999999998,158.51305416914852,-56.13224125965552,28.114830920177244,9.514773751735417,-3.2054921202816398,-0.5697606248816605,-1.1852071295541413,-1.5720022487033876,-3.3824107216068624,,
23.957663000000004,134.04494327181592,-58.63691000426582,31.987492153295,7.566970707018597,-6.362717579293544,0.598670855676759,-2.0346506479165183,-1.7332585534274503,-3.351482415402818,,
23.967171999999998,104.47389452573047,-56.81659653275666,41.14903961524988,4.6195444484797115,-7.6163538596314035,1.0026598095615946,-2.734808117921574,-1.5764061972864265,-3.1831877519340606,,
23.976723,80.46641150617836,-50.44265618717518,44.91546768289675,1.6118435452435678,-7.369454498166258,1.5744262899016919,-2.930746703746807,-1.0136287628740386,-3.1252786183310812,,
23.98625,62.74394382874956,-43.32069610880811,42.58210139816484,-0.616276465702085,-5.113438961863053,1.7002109659529896,-2.7236383224850265,-0.6483689564350988,-3.0609276232065006,,
23.995934,48.03910823354194,-38.19887987173737,38.10093611248396,-1.0194326626233983,-3.0456250035626216,1.2326970761597118,-2.3518365556497405,-0.66283656022897,-2.821706898896733,,
24.005440999999998,34.44338323251458,-36.153529757476754,34.52533272438757,-0.8218990352213212,-2.2175198136386265,2.0522487710245247,-1.978063080395832,-0.9555010220496778,-2.363225781327754,,
24.014961,19.752753132971147,-36.64940624397446,34.481068715511505,-0.4974579991876504,-0.7064321921232491,2.39086860263509,-1.8816648463395576,-1.4236258136147135,-1.757279790220691,,
24.024461000000002,3.0607725222077775,-38.111065021953806,39.533427020870654,-0.8318387399739736,0.638060872856667,2.521352568927815,-1.930454020768606,-1.8314848807954947,-1.0224653018072907,,
24.033967000000004,-15.53876910761732,-38.31211545690902,49.02954291072654,-2.0318211227746534,1.5411053303587048,2.0664653911925988,-2.0503487175523003,-2.0710889590134895,-0.41005540360908865,,
24.043318,-34.412136177836416,-35.771679688754446,59.628973841609074,-4.051090770629595,1.5983942198460035,0.7757217666336159,-2.152445055711928,-2.155490954282028,-0.16147321871486034,,
24.052816,-52.24346704465947,-31.29351749110337,67.72628821701126,-6.012757101479254,1.017358280109051,-1.1515665798674335,-2.103528280365659,-2.272546412569375,-0.35324933141972487,,
24.062317,-69.00364556675599,-26.875536878996893,71.88633670468562,-6.687562444277204,0.1309766881839643,-3.4662778466087394,-1.8266820689690333,-2.4489806867314496,-0.7931724269323458,,
24.071928999999997,-84.61507671132831,-24.46337391555062,72.41425802792793,-5.916017368884275,-0.7226896960709933,-5.382682741565624,-1.3139828868425707,-2.5347303822357974,-1.2367059016751285,,
24.081429,-98.85802186455908,-25.144535722078487,70.51857416701067,-4.55436697787222,-0.9422400957826761,-6.671490248678263,-0.6908832214028691,-2.4985207136444916,-1.5609440233395384,,
24.100457,-122.0537979528418,-32.776261551266366,63.597447304071,-2.068907198626147,0.03381891132646708,-4.800095842716542,0.0790437779927414,-1.9648884866794956,-1.7801449939714602,,
24.109954000000002,-129.9918383400847,-38.07265939438219,58.80697354289337,-0.7358330149543425,2.7298782592312305,-4.846264778131043,0.30022571651016,-1.6469068918303378,-1.865720381767994,,
24.119393000000002,-138.45816634153329,-43.45143408128305,53.05616951275449,1.167125002401255,2.4886488199260026,-2.194492066159189,0.16561474121570643,-1.6675933409374828,-2.2439448743313255,,
24.128902000000004,-145.3912672767668,-47.4126523431938,46.744502012520904,1.963059313210547,2.311277027192997,0.14425248350682376,-0.028363556940759316,-1.2553344147795842,-2.239652491406016,,
24.138412000000002,-149.54671309176229,-50.021559676830634,39.208087582348035,4.413770727017363,3.0189758821295216,0.5692164819923694,-0.05278715764529862,-0.7541086795576315,-2.1221908519815225,,
24.147927000000003,-154.8522332918584,-51.833907361375616,30.92827190656152,6.343909494350858,2.2552988579244966,0.85633726612274,-0.3470700921185164,-0.6777063291433746,-2.470958980154152,,
24.157383000000003,-163.571469457809,-53.14857330754714,23.660328386356316,6.7776792588452075,0.9380223507908337,0.6800852045905723,-0.8316883816169404,-0.7150037960201951,-2.8288451146125446,,
24.166905,-176.55115556829372,-54.19110478174304,19.54256969402089,8.878180306231814,-0.6139743000275023,-1.1651819414166935,-1.3611075133199353,-0.7513062336274464,-2.9080840164575545,,
24.176423,163.4634322435402,-54.96996877855515,20.24352772889232,9.005970249245163,-4.184784818600408,-1.8329636128707394,-2.129538261117983,-0.9219454557571077,-3.114592515200282,,
24.185932,137.71713905032382,-53.85649059940939,25.268852575181292,6.595293191209154,-6.567082101705331,-1.4492533881745404,-2.8431786150805793,-0.9426231170888885,-3.1885419676706444,,
24.195482,112.35310215327814,-49.64388679439589,30.29451923900267,3.7484541465650536,-7.857161651036047,-0.8843691381901667,-3.157209787057526,-0.7170871505460445,-2.9897897512937104,,
24.204994,91.10126295044127,-43.630995872118746,31.540137436078314,0.6081213627638223,-7.313783435361147,-0.07975348850305813,-3.1098779939763928,-0.4696039983071177,-2.8504103999109285,,
24.214497,73.5002250786642,-38.359986106997724,29.25208877287625,-0.9334137186898455,-5.0602271034192965,0.19422956913092657,-2.816786995753805,-0.4357457326523927,-2.7736385646202737,,
24.224020000000003,57.881080589338914,-35.55048766295751,26.604285755882476,-0.6427890161874367,-3.9393268575130107,1.2748992184468535,-2.460084993002954,-0.6729251494103695,-2.4141525829555373,,
24.233694999999997,41.97047152651241,-35.26650100397727,26.600773001036643,-0.5868391400426762,-2.2558153125818956,2.3232218898371713,-2.3341609921036524,-1.111082175008355,-1.8517623472072733,,
24.243215,24.753537418809263,-36.950030491150564,30.393586436033633,-0.025276368015719176,-0.09567548181575564,2.1100570967680623,-2.272918684922554,-1.6227676893776608,-1.2793716982893895,,
24.252727,6.983941493569231,-38.6875759625324,38.54932199554386,-0.2787811318700349,1.139500276141048,2.2683372098358845,-2.105205378144412,-1.8749517793326793,-0.5578932192980282,,
24.26224,-11.112843326483121,-38.4188545946161,49.3438114121125,-1.8942627370337315,1.7816918490911637,1.638537783087995,-2.060313347005472,-1.9272708064096182,-0.10615364826930465,,
24.271566,-28.966033628439735,-36.423437273893136,59.60216364091924,-3.419036902950463,1.3544433657859682,0.2589871007641518,-1.9564026399671746,-2.0790861566644043,-0.12447182703686689,,
24.281080000000003,-45.83554065973378,-33.96572181508259,67.41655167085989,-5.472920241792442,0.5041961082257371,-0.7114892324827289,-1.6549209574402788,-2.25156966680488,-0.38282202225134576,,
24.29059,-61.98537207701378,-32.0606616987593,72.36231109049673,-6.181982741611224,-0.3406461073370841,-2.493253570696745,-1.2773338512980652,-2.415335554071415,-0.7666191963794378,,
24.300103999999997,-77.40237161774651,-31.527552312790544,75.21729349654487,-6.129130829616864,-0.7966077180239476,-4.095110898160534,-0.8265577764386983,-2.489782131375231,-1.0455991365033337,,
24.309775000000002,-91.7252913465915,-32.49888368150742,76.44972511690062,-4.961464932870152,-0.8060918480792001,-5.101367465272904,-0.4028717277060303,-2.406048375376079,-1.2615012386092561,,
24.319202000000004,-104.58059192763618,-34.71148186114267,76.05533154184462,-3.8046824752001416,-0.26336238405499995,-5.363286988387908,-0.07915103240855442,-2.1892750830687744,-1.4898290011472688,,
24.328713,-115.46740866829334,-37.662859723312565,73.7362867266226,-2.255442388316169,-0.3131072189394635,-4.361024065309497,0.10968099260140503,-1.8550925090188204,-1.7368065790954288,,
24.338227000000003,-123.24460320226832,-40.890229973736034,69.50170531671547,-1.777426323885274,1.1090319203676504,-4.11092141055933,0.22967992785673444,-1.3506020024653793,-1.8193614791495856,,
24.347738,-129.407274788693,-44.29736541412395,63.03099424234382,-0.3876807909492397,2.3301237875624663,-3.181156359787903,0.25428303162568133,-1.1090530836851182,-2.1167060616640185,,
24.357162000000002,-133.85839013807944,-47.28289372262578,54.2627643608427,0.8130486580438218,1.6141443786915666,-0.6220612445271267,0.18167041682341695,-0.8439783756706561,-2.380990495071095,,
24.366671000000004,-135.04258261028718,-48.76925953263182,44.01838230914451,2.320004316501069,2.2389545455733275,0.5465563499476358,0.1155856606770913,-0.3150886048927829,-2.2147957739280217,,
24.376189000000004,-135.4855448333667,-48.94101428680773,32.98747333229985,4.565820739092362,2.615469867646886,1.2583872478414615,-0.030180730017217633,-0.062124658775429074,-2.262963830824657,,
24.385687999999995,-138.20688686135423,-48.50289963105371,22.420836076803283,5.612450836238207,1.78069019791423,1.6811615677676843,-0.3652493162393888,-0.08677148374594545,-2.512623098290964,,
24.395198999999998,-145.56265592016157,-48.10435215175075,14.880282507380471,7.3666245580626954,1.149891503554983,0.08732112748992119,-0.9602424603396176,-0.23314303400838926,-2.5966430825266045,,
24.404674000000007,-160.14745844332384,-48.5782999992724,12.613490730453544,7.510882425217188,0.46236831257563993,-0.9530544609511832,-1.8681407128797816,-0.5453908032080277,-2.623849066026636,,
24.414179999999995,178.23719568691274,-48.92934661493918,16.319464824556558,8.809751174982807,-3.0629473822055244,-3.962642077959289,-2.744167759076777,-0.7681012442072057,-2.5076733586411755,,
24.423693000000007,150.3531218210731,-46.85243899833026,24.687447175486312,6.284655761929328,-5.744204479108183,-3.2367575028459545,-3.6368138918331225,-0.9131006758467197,-2.477429108750939,,
24.433258000000002,123.56059995397791,-41.32544170523717,32.32373620492575,3.663388501633327,-7.413767284640367,-2.9529112660690173,-3.8921859976013335,-0.8686712595491842,-2.22077165343402,,
24.442757000000007,103.2894580892607,-35.75889530036,32.705498584278295,1.520300571163787,-7.4888248688813315,-1.3016012467303653,-3.265239259967384,-0.7646749499433605,-2.4578663671000878,,
24.452268999999994,84.56697221283457,-33.979504993701816,31.598208133893166,1.394109490297348,-6.865821190940034,0.649974833600895,-2.7848413020257734,-1.328578038381368,-2.3692999631401985,,
24.461958000000003,63.59853360041938,-34.37471726227466,34.60178813402934,-0.28136169280256296,-4.484226945464779,2.108591049230324,-2.8543719184073764,-1.9540052408664452,-1.767903004659746,,
24.471470000000004,42.575285783496035,-36.27955850737782,39.52025509784004,-0.5940388078202972,-2.5945941074755736,2.819151371738062,-2.498121998021057,-2.363734829533669,-1.4619041748715982,,
24.480982000000004,22.05706400622536,-37.68195117530829,47.154511140749584,-0.9522710437615488,-0.4136015442946561,3.3863973206498668,-2.1793913502933426,-2.4480432837381048,-0.9562890959377819,,
24.490502,2.032066438873587,-36.15010411582083,56.325298136082104,-2.1876957069004814,1.091910211674765,2.539884615080802,-2.205822759286014,-2.3239127947180034,-0.5847687691286186,,
24.500008,-16.80190181625468,-33.696179995256976,63.86085888105463,-3.6831788264246947,1.1865865408419207,1.3378463434616648,-1.9474939736013601,-2.433785433825632,-0.6573518135803815,,
24.509324999999997,-34.98157412999644,-31.835075039221685,68.8541185358765,-5.220082031180628,1.2473519273933464,0.767541162819841,-1.5517754683913114,-2.6534478117884563,-0.9710739561281929,,
24.518842999999997,-52.675700455243565,-30.792265925697265,71.10364905482855,-6.418057527172213,0.8002452363627914,-1.1224067851734134,-1.219214771324372,-2.772429416791087,-1.3852975172114665,,
24.52836,-70.77613652644169,-31.836350154712466,72.61169176257155,-6.518075390221339,0.11011388573442013,-3.5333189054375134,-0.758441677405976,-3.0073542726991525,-1.5726356469415093,,
24.537945,-89.27631552949278,-34.498002059099015,74.88585443577543,-5.979474789537161,0.2658588692869683,-4.907351898515306,-0.3555208303590517,-3.125289059580528,-1.5614388155189007,,
24.547449000000007,-106.60410262777788,-37.575442382504725,76.78667335232585,-3.9555821794901576,0.13355574058112107,-5.626072968719222,-0.09237579403303695,-2.8712621467322137,-1.649172182333495,,
24.556968000000005,-122.59153292301879,-40.37972963031626,77.3518671754814,-2.458465786453267,0.48589778671977835,-5.387576082196999,-0.015357337769404742,-2.552365378548818,-1.8875530950745587,,
24.566475000000004,-135.39179617746487,-42.52088076185977,74.88689909377304,-1.5576193631469253,0.24534661994570495,-3.716972032215154,-0.05122992997373287,-1.9701881253499698,-2.176115472806728,,
24.575994,-143.11447083240967,-44.45785184602726,68.77479383659633,-0.3066147531904352,2.7503756682854723,-4.141034143653688,0.011809893622063342,-1.1887465892376672,-2.274605172103742,,
24.585412999999996,-148.83235317424285,-47.12585793509124,59.056953004494254,1.9013811648706904,2.9733088951951725,-2.2782665541592455,0.12137459833737495,-0.9528448738811817,-2.7535657113384957,,
24.594924,-151.68075909172458,-49.973588025521785,46.514512033132775,2.3071906017631036,1.8374133365200354,0.3395979025108772,0.21875892254362425,-0.6445633001589849,-2.9266909436067117,,
24.604435000000002,-150.6608784731364,-52.37425691214025,32.84164519723269,4.6416795634520716,2.264502107542553,0.5251902537208359,0.39923393354022196,-0.28493951363556463,-2.5668247639798984,,
24.613898999999996,-152.3596877732263,-54.85744637751706,20.835208231155384,7.601706826866563,1.9555107155956686,0.4420860184327233,0.03803577493665306,-0.5305097790189958,-2.6664020094497536,,
24.623466999999998,-162.28595442908033,-58.367851828893755,14.225505512119032,7.570004495980205,-0.5225839511451957,0.32359897390664655,-0.8391249967394763,-0.9922176231398991,-2.9717308036201464,,
24.632922,175.26017496148023,-61.00122349807506,19.42326875892432,8.670354091101034,-2.5635200237748768,-1.0989056186409074,-2.0213719988587067,-1.1419554651078527,-2.8362979834494926,,
24.642444000000005,142.57054331379356,-58.522953739812614,32.73384439032607,7.226715010678758,-5.396909903147815,-0.8809726127866812,-3.151270788715927,-0.9950614962546709,-3.0042741324267985,,
24.651958,113.60491915916728,-50.64609789242649,42.075130181704594,4.292067367592979,-5.500404842045448,-0.8623077929839745,-3.5913516619486385,-0.7996517167074015,-2.8759146544492475,,
24.661511999999995,94.60435266832853,-41.31091668987754,42.23881159603449,2.145445229707634,-6.543670275276281,-0.578753028278402,-3.199921143617197,-0.3910014752299221,-2.709597969115592,,
24.671022999999998,79.98247312676442,-35.35353113202389,36.37012290939784,1.1075378636514621,-5.710296499937264,0.25319770511602924,-2.5258636012457476,-0.5286203997184452,-2.992322718005703,,
24.680521000000006,65.04598033185589,-33.826242653469656,31.58652655342043,1.4395905318330353,-4.167168594597433,1.4272201162821927,-2.2040955829063504,-1.1188964921553566,-2.658209079019038,,
24.690221,48.819006765968936,-36.42291807057558,31.294112439071274,-0.08269669604761995,-3.0519155779445244,2.6175650592867816,-1.985977987659966,-1.823459843272609,-1.9331904067249703,,
24.699738000000004,29.629730933215832,-41.59704453768496,36.28471731822923,-0.7464079191062383,-1.0683453227141293,3.088717603803922,-1.895510195747628,-2.509551148413305,-1.4293457316791445,,
24.709235999999997,7.132793282566742,-44.72682742836558,47.84494929794051,-1.927496741342375,0.0628759887072176,2.9190243328691885,-2.0054973376669945,-2.653200054744754,-0.7833718967567481,,
24.718576000000006,-15.581372534294065,-43.20994659626136,61.26274957006612,-4.397017853744755,0.30591127840783594,1.2742477159589543,-2.1223548034210458,-2.485366107245312,-0.48628633243318453,,
24.728088000000007,-36.628954572273365,-39.44250671210148,71.11770523760903,-6.107909611239337,0.11064969802810964,-0.2741825504585796,-1.94332467751598,-2.5893727096049863,-0.817300545936501,,
24.737591000000002,-55.28139242361394,-35.515057990178605,75.72728934546338,-6.759442444119118,-0.007844346119856044,-1.9305668111499024,-1.580435028447917,-2.6167100101783873,-1.34660333573227,,
24.747098,-71.14815951850834,-33.395881984182466,75.68533320888406,-6.544072097687084,-0.06470675561577871,-4.043772071283943,-1.0469927946794553,-2.435898624607558,-1.7949003806227997,,
24.756695999999998,-85.78732433451118,-34.61906573604188,73.72451316407474,-5.326486906720989,0.21300938609609316,-5.5276225130278105,-0.40066280728915,-2.411281203887409,-2.0180365865353895,,
24.766205000000006,-99.62611937652842,-38.8233858782927,71.70688900937034,-3.4154892130979384,0.5739985572033381,-5.532715318745729,0.1422898547500922,-2.374224804760969,-2.046382871482684,,
24.775630999999997,-111.92356987637227,-44.71373691524051,69.90348270099076,-1.8241137978321331,0.6276280358166091,-4.803835499050218,0.5050011047605025,-2.1260392779482467,-1.9875939354642609,,
24.785227999999996,-123.07334266733108,-50.834257268943205,68.44389804864295,-0.8637687811278496,1.0317878840133656,-3.8526513925672203,0.6048482730153034,-1.8420263874276073,-1.9327301555127743,,
24.794736000000007,-133.21860915388248,-56.065646299868376,66.45379421444645,-0.04440260376396065,1.4504328134796185,-2.256809834399875,0.4951570276524705,-1.522798062646992,-2.018276740139057,,
24.804161999999998,-140.85475810440334,-59.77221652994827,61.96427443067508,0.8594278171628066,1.6614416367588094,-0.43470493294235985,0.30663807832812856,-1.0576596483013445,-2.182666908403954,,
24.813854999999997,-144.90896286971372,-61.20401828787205,53.7793983063061,1.9305710432605276,1.6865996113836614,1.129379348926982,0.021621205691020922,-0.4931399662209209,-2.334109852857525,,
24.823369000000007,-145.82521074136395,-60.52608610941555,42.19039969103041,3.4045035448622776,2.11283129310274,1.8128411285205017,-0.1694426807342317,0.025188969824760037,-2.4696925603749875,,
24.832333999999996,-146.5536100837995,-58.84846687653762,29.257570505573003,4.809573914794135,1.929695570401331,1.1838267937065585,-0.26434542901690905,0.23308913406297752,-2.7041401761302293,,
24.842209000000004,-150.32455835496762,-57.4401969496237,18.12174277322839,5.780886167815114,1.105947211291637,-0.38652396449055404,-0.4861076378754834,0.10339210557026213,-2.859705857951635,,
24.851706999999998,-160.69469178903637,-57.19683193498514,11.98541159565062,7.291881307108238,-0.4248999497411283,-2.129921001577053,-1.1025805902088048,-0.23697976291251885,-2.9650754215414286,,
24.861191999999996,179.7951401127143,-58.48734655177864,12.823693005776805,7.177644197400073,-3.0810908214600445,-3.1563670241595942,-1.9783042219100075,-0.6857934595337352,-3.131387445044191,,
24.870701000000004,152.77945799686356,-58.32604814163581,20.96087202713366,4.396307744647343,-4.305150573738535,-2.884082038714337,-2.7106965356362696,-0.777274145800772,-2.980985919889676,,
24.880208000000003,127.02756382892898,-53.827732839506766,29.524532409199487,3.1097606849972013,-5.999118635790908,-2.456093550068351,-2.967729858034874,-0.4114310737249475,-2.5727025890616146,,
24.889776000000005,105.44296925336954,-46.73165427510815,32.89394428778733,1.5436354496760276,-7.12076945639516,-1.5940469491114069,-3.081875095273422,-0.21816706051331297,-2.6572018258824404,,
24.899269999999994,87.98208619460893,-40.17492980175913,30.846234919290456,-0.009874384328191075,-4.50719567012103,-0.8958522011177737,-2.838080819356073,-0.22429478904455935,-2.8178625760366303,,
24.908790000000003,73.78096311533571,-36.75926249156128,26.578233300787723,0.2757162718761808,-4.441852035380756,0.595704567541143,-2.2720784118779647,-0.4662735507848614,-2.626241660030315,,
24.918483000000002,59.22950316021085,-37.17403493354598,23.52412996174512,-0.3331032359605318,-3.329328198317047,1.9821078756317803,-2.0635687948427175,-1.0574388226268168,-2.3670294468154003,,
24.927982000000007,42.889305026017,-40.54805593556352,23.815061544292103,-0.47155184471059713,-1.9480736523519309,2.2999769826010845,-2.050934013140365,-1.636445809631386,-1.9992756832374012,,
24.937497,25.227112184721104,-44.22587520541721,28.986756662929018,-1.2201622627316713,-0.8407971209391093,2.169844608297245,-1.9990699149612066,-1.8150275839834402,-1.35580226530853,,
24.94701,6.727387273432479,-45.50963556921708,37.27141576283148,-2.662281190197497,0.16978870499047305,1.1625136627992008,-2.041809369219034,-1.6476626085881259,-0.9614758934828997,,
24.956345000000006,-10.52356262727452,-44.302449101743896,44.22521514441981,-2.8398112839706013,0.45764747432018177,-0.6480120137842379,-1.9937314670136468,-1.4165657962219955,-1.049005666977212,,
24.965853000000003,-23.508696958523032,-42.055899263795254,47.13647298533412,-2.759244280230675,0.31731903350208585,-1.7922984423353443,-1.6318231705876936,-1.04751662230734,-1.1935272511527155,,
24.975361,-31.672449344837805,-39.94570251312514,45.32629868774003,-2.87591570127694,0.4403278284962208,-2.3874011974254428,-1.1468288930561308,-0.6047902441543875,-1.4291934711207686,,
24.984962000000003,-36.31368780570663,-38.90282593083212,39.583144209036796,-2.4180357183500054,0.49636144247207425,-2.5988403401834654,-0.6606985874239533,-0.3376969998298823,-1.7336669686978319,,
24.994388000000008,-38.365823199872324,-39.0738755953738,31.61697677579399,-1.8079244303177484,0.7226057051832753,-1.9196920946613552,-0.2308740312301419,-0.22239227254450214,-1.8585860815785684,,
25.003892,-38.71714958563537,-39.564014441905044,22.762447939519163,-1.219781453779404,1.1645116508959734,-1.097621572039145,0.004036921129216607,-0.12187827702121962,-1.8256035316671324,,
25.013410999999998,-39.12590699110415,-39.695902321879174,14.505746543627689,-0.2542382112763558,0.6469550445667656,-0.7176308969385297,-0.04530759522534609,-0.05581206051353768,-1.7112877175110626,,
25.023092,-39.77237537099581,-39.282308327002184,8.289952165035517,0.20375798248834848,-0.021671440537364927,-0.565185074803641,-0.1095634581177768,0.05032782076304193,-1.3202878948383812,,
25.032608000000003,-40.39129289060702,-38.204758534620275,4.658621828761751,0.11057606988193594,0.21793488434838185,-0.5222176862612117,-0.11627466625699935,0.1921230914898572,-0.7980221738414192,,
25.042030000000004,-41.192782386542994,-36.37551966991098,3.0299755114877804,0.1706126228386471,-0.36811797951884245,-1.3887877937988167,-0.1480515255883578,0.3454271930263843,-0.41668991327344324,,
25.051527,-41.0856793267499,-34.11412320098058,2.6089533599870762,0.15019393244090065,-1.020154784116562,-2.3389141891049965,-0.0006941000568191165,0.44161404213181366,-0.06547207360641508,,
25.06104,-39.04011699724651,-31.65639088924705,2.2624418488968754,-0.19925712259733394,-0.35876503261633863,-2.702538784465558,0.3272425901424884,0.49460962189337004,0.15895049343838452,,
25.070543000000008,-35.80694088692925,-29.217565547809308,0.7847946140429601,-0.41648171440662485,-0.27218811796582726,-2.750086193865459,0.5497574187061892,0.4909790583026556,0.037373768337895436,,
25.080064,-30.93663046218464,-27.210798596935085,-2.2638924061203354,-0.3100988427885765,-0.26711754328352316,-2.4253186703323264,0.8691516550212189,0.378151755574161,-0.14493206152332688,,
25.089492,-24.373048295455327,-25.768059603140575,-6.997243006505957,0.20215696542871792,0.48432229695664325,-0.8006457734267801,1.2000353142464757,0.1798877896539137,-0.35794411497666023,,
25.099189000000003,-17.41967834433136,-24.325486237783675,-13.657141576413114,1.6139944803853727,-0.1694032418805287,0.16666782778284725,1.2963765038451742,0.041656678550739686,-0.6916641029750535,,
25.108691,-10.641497489275205,-22.283234277961103,-21.304829745388858,2.8649897292701665,-1.318540559066504,0.9638130570894632,1.3143157011285354,-0.0004109586756651744,-0.9579653486844217,,
25.118029999999997,-4.634303201842817,-19.886278087877148,-28.901753504032826,3.5687279062842774,-2.735871795791693,1.0926038411633505,1.2211874612660556,-0.057171153141284944,-1.0586452523316598,,
25.127540000000003,0.46608268558680593,-17.973918853765987,-35.50574399642237,3.751310639135016,-3.6491453346585345,1.0070206027853996,1.0213814148209905,-0.205782345272026,-0.9651588766453892,,
25.137051000000007,4.223791623698328,-16.911758169495705,-40.622168512134174,3.441010406673393,-4.116208235009835,0.8163724953296719,0.6950661069712558,-0.28952129437877105,-0.7663168979982204,,
25.146558000000006,6.490210675301714,-16.525233929257315,-43.98161657686334,2.6373983088557518,-3.931193348794871,-0.14954483716269434,0.371678505585774,-0.24914062738471218,-0.496224588568375,,
25.156062999999996,7.548479247975824,-17.442754589721723,-45.67774981209486,1.7541445478624456,-2.7592054972698365,-0.09820783812763084,0.011950466539333788,-0.28618445653034535,-0.22306643830712886,,
25.165583000000005,6.672189103605648,-20.04312245897443,-45.920664140514276,1.1438076554895478,-2.0716440793908113,-0.2548948285770652,-0.49127405425957854,-0.25579813388050177,-0.05206649255860732,,
25.175091000000002,4.397711629150997,-23.069820009380265,-44.61122948642305,0.83484974474676,-1.3092058834477072,-0.1455676717996345,-0.7303680057178128,-0.13681295287120265,0.15842431633476348,,
25.184627,0.6526032757623952,-25.618260056640022,-41.68312679360469,0.8532069739532205,-0.6995074048632893,-0.7877199179887006,-0.8480974362242121,0.08454566030486621,0.3572010998221737,,
25.194114000000006,-4.3319897417358115,-27.938511941310587,-37.294949409795564,1.0733266625098443,-0.9042416698415376,-1.2913009520745289,-0.9826453370316438,0.19890826660106045,0.5279887242263938,,
25.203633000000004,-9.24999000392066,-29.937740066541558,-31.70324452753119,1.4365045646247545,-0.32121577881370234,-0.668025400206623,-0.9360284823149818,0.14901666413663736,0.7493828707183542,,
25.213146000000002,-14.68108541702634,-31.4419643145475,-25.62516446053076,1.4107068822923066,0.2295326084641727,-0.9992579973135206,-0.9631898786749432,0.17526725187930406,0.7676851040692947,,
25.222924999999996,-20.487213987779825,-33.303472926554804,-19.68334047574831,0.858498041295962,0.17003582717462232,-1.7988397478351923,-1.0478025301497331,0.025564086372546375,0.6660489260089757,,
25.232243000000004,-25.60609143531117,-36.217125944190876,-14.232739043926067,-0.1291549354873621,0.8966879473034334,-1.722740530677615,-0.974513811238554,-0.32159238256537126,0.591297310400638,,
25.241741999999995,-29.83191035011269,-40.01399894432502,-9.865659498004836,-1.3875803091371577,1.4820948501738147,-2.2173462780542486,-0.8091732367381568,-0.6144711182374923,0.4211699131004041,,
25.251258,-32.733744474096234,-44.83240459925344,-6.7003519108528335,-2.1950515048932155,0.42537123622178785,-3.936002342490357,-0.5633651033665109,-0.903722995483438,0.29800232264902304,,
25.260765999999997,-32.67886308218598,-50.97883802983062,-4.262825955214616,-3.1676365672127105,0.08723439225656615,-4.908912798398363,-0.11082006562665599,-1.2377799832266376,0.5500402992277152,,
25.270276000000003,-26.827093779595096,-56.019898499045006,-5.892430161543582,-4.872778109706201,1.5504364786349645,-4.329960624006392,0.6048554150145191,-1.0797378379099183,0.6715990616743156,,
25.279818,-14.159150535177089,-56.93432225460064,-14.826927445914238,-4.512660516118241,0.7711328133182258,-4.76349376589672,1.344634519480957,-0.4464578348238478,0.3813930029139772,,
25.289251,1.4580177800333465,-54.46649552925488,-27.802185146017077,-3.1065592814789125,0.6494073833132202,-1.890296106036127,1.8181415314007974,-0.1993921739791309,0.034673744204932085,,
25.298752,13.371384021203275,-49.53476849276547,-37.30779651001396,-0.8401398230766777,-1.4622691686304012,-0.13341052865140055,1.7678352882416806,0.022340403483969776,0.01778597595454703,,
25.308456,21.175174461923778,-43.70878938522795,-40.71009751924386,-0.5888540408628479,-1.1638930407159984,1.234652890580226,1.5699668870748138,0.2126275432851433,0.5004613748600337,,
25.317962,24.92573316528588,-39.99513464117445,-40.40747259598404,1.4054755530286553,-2.2975554776326232,0.8866793664883932,0.9121541393933901,0.1857878549556502,0.611855013582031,,
25.337143000000005,29.46386622275556,-38.38786088486694,-33.351928723793584,2.3104057475733373,-1.9006752948115968,1.4705484434533775,0.3423983787579159,-0.1543158376575498,1.2307040461736327,,
25.346489,30.882648628571967,-38.24242461790533,-29.044056978921642,2.7298856180036455,-1.4850502682150635,0.6411053715870336,0.2121896408070794,-0.10263027496102475,1.1030434236622644,,
25.355998000000007,32.80506449101779,-37.9466054040757,-26.363819327407743,3.2658983651558033,-1.8271907803098315,0.6151014536910758,0.3029298230803396,-0.10022812525287185,0.8441217144574229,,
25.365682,35.86687663735142,-36.39993872032638,-25.035311078749032,3.129024430114418,-2.1916054715604774,1.567602611629302,0.5826543783310263,0.05536959612518837,0.6940342969188924,,
25.375014999999998,39.02909934235024,-34.08138208992501,-24.891734515363765,4.127134504418678,-2.516344511204383,1.1335471936244381,0.6734199326349991,0.1912938783015857,0.44224098574702697,,
25.384530000000005,42.61815571483821,-32.59715399782734,-25.420128159655892,4.279050796552677,-2.7792174786703736,1.1878853321737939,0.6781455956099154,0.004588417824810846,0.2832673942473077,,
25.394039999999997,46.13919717730233,-33.20572012994991,-26.1520194050631,3.397175889278911,-2.694082403005694,1.107114330654091,0.48880808410601345,-0.3758336966452544,0.2304284096734105,,
25.403537000000007,48.73628215363242,-36.1193061024993,-26.192668429095548,1.666772175173186,-2.1900514114004266,0.5043476645744104,0.13497294039130678,-0.7206973604849287,0.31664381688130244,,
25.413058999999997,49.82467582252129,-40.6377898588162,-24.65105824422623,-0.43013423258366335,-1.2219049736397247,-0.4602074123411758,-0.2253299444326872,-0.8982083086308509,0.47596181531314397,,
25.42257,48.844055116884554,-45.755886796000695,-21.728651440517847,-1.866280286998095,-0.2776595200008189,-1.7593808344021467,-0.525817282082668,-0.8926316091444856,0.4836223572503598,,
25.432157999999994,46.067801428450316,-50.51346869737636,-18.053234826966,-2.3823866803577642,0.09810630903870413,-2.870569517123006,-0.6629176961880443,-0.7760447871210665,0.35292391677981416,,
25.441668,42.51580546763263,-54.15873433235731,-14.103718533765562,-2.8461083648207044,-0.076770936296829,-3.041899571650904,-0.6090789746550409,-0.5873704414262034,0.25969775021639324,,
25.451181,38.57093428481072,-56.149643778319245,-10.177297944961488,-2.9760052388389493,-0.16507142185623344,-3.1173037118709748,-0.5139086740274734,-0.3012561227888032,0.17490058863338817,,
25.460688999999995,35.34537394282384,-56.954007897381075,-7.426432182174269,-2.839318459212942,-0.32105962257060927,-2.9134518024215112,-0.36500157713717557,-0.11156871341099034,0.047426554256394304,,
25.470121,33.591560413188645,-57.321568748041116,-6.645873809893005,-2.675314217201318,-0.39743407002798786,-2.411633394721928,-0.1867356463267931,-0.05709979259104652,-0.10860193666336856,,
25.479644999999998,33.17337135565794,-57.62580571377864,-7.738905152796529,-2.175470789459031,-0.3102487528723662,-2.164346853250581,-0.041107822272843764,-0.06269838859298031,-0.26552994011412,,
25.489150000000002,34.12888150706883,-57.888674593053565,-10.325798296257883,-2.0200266873852613,-0.1287390857772303,-2.1401326388127604,0.10347032770950161,-0.07638213957258931,-0.3365736121069627,,
25.498734000000006,36.60161928571488,-58.05434050233013,-14.481619388371236,-1.8879923655562585,0.168673171263217,-2.30619594433097,0.2599201119488407,-0.09767412154253248,-0.39416730434246383,,
25.508255999999996,40.65227559227806,-57.76158853039481,-20.19382874885821,-1.589801244619763,0.4872876314802074,-2.432905970940714,0.4389983985409054,-0.08185489053457412,-0.44147967100822894,,
25.517775000000007,45.71107243277024,-56.33295569422389,-26.678695001555525,-1.3098610012131753,0.654799202315723,-2.30840075363828,0.6290763154186947,0.033312849197503776,-0.43568316627253667,,
25.527277000000005,50.678060671593634,-53.38482951128785,-32.83166955973101,-0.780526089673536,0.6820455516860385,-2.031415793916769,0.7993449495280898,0.21782867083051694,-0.4076874978292606,,
25.536787999999994,54.86112396879552,-49.124603583833924,-37.98017965453793,-0.16960866059267538,0.38842451171900205,-1.381864017231986,0.9305944712443429,0.38082316340395655,-0.3682283249475839,,
25.546393000000002,57.514845720275176,-43.95735562597606,-41.63042199694764,0.5313375973086544,-0.324199438750232,-0.47591027619215404,0.952152139489278,0.5501047460456444,-0.33258274920087605,,
25.555912,58.45595945346502,-38.48179927873983,-43.67328940332778,1.639900315558928,-1.3230693843023542,0.2996616014504669,0.8558792794406426,0.6998155634144376,-0.2699589658362371,,
25.565239,58.052732838969554,-33.38060483093072,-44.35242739766933,3.08250109188389,-2.70263155369555,1.349976691364687,0.6712165581238936,0.7696848386383549,-0.16171015494578797,,
25.57474,56.14897512924374,-28.853445880639406,-43.40651998419004,3.884420549833369,-3.9418926136977777,2.04126826375901,0.4015037430311945,0.869617810096399,0.022879779817759825,,
25.584253999999994,54.20412117630209,-25.80391882565041,-42.20951637356725,5.990824426311921,-4.018639109211392,1.3512412051966998,0.16899322460744653,0.6735899387779442,0.09463302555756534,,
25.593757000000004,53.303122107152284,-25.14911499939931,-42.24192259248167,4.735469267196976,-4.093664506627744,2.0634701907399817,-0.025700489069132675,0.19739399995046902,-0.059293107536249855,,
25.603281000000003,53.803604702515734,-26.253280023354105,-43.27833758020596,4.405730631742957,-3.1464950907593257,0.43195699005544547,-0.07751139566005555,-0.23286277688060025,-0.14901300731860856,,
25.612968000000002,56.02643171981051,-28.835437707180777,-44.8505208340792,1.375188734994896,-2.307847574704613,1.1922482650753068,-0.06955046454886278,-0.6552805626214122,-0.09984338880476126,,
25.622486000000002,57.486757748055176,-32.400222105722115,-46.58600460720257,0.16794015534319554,-1.5540199035144289,0.032947016355777105,-0.32851669948212625,-0.6880472950773284,-0.19259330644642633,,
25.631896000000005,58.978606764729165,-35.85880911264683,-47.03081129803572,-0.4814086380697628,-0.14521487218371926,-1.32616201274075,-0.3286825188339311,-0.6637948106281415,0.09465160134465095,,
25.641326999999997,60.5176002811111,-38.942610482594155,-46.436155491581324,-1.6854538998823851,0.7400528721456111,-1.696081081472154,-0.2744187153472539,-0.610935826487524,0.328067590399543,,
25.650897000000008,61.29077596788275,-41.59452225826831,-45.60680157095832,-1.4017322241053811,0.4791073707984357,-2.205969487927711,-0.29215925163530954,-0.463068188891099,0.2921943695862047,,
25.660418999999997,61.95623306964849,-43.51369204475014,-43.821666816642654,-1.4439139634733562,0.023098020663034378,-2.0422734476783413,-0.19212516150246872,-0.35133242680037363,0.4785997784796729,,
25.669936999999997,62.2754688381858,-44.79122907850064,-41.13083686524145,-1.4919162330271025,-0.22338461880497687,-1.8866144260253477,-0.12971907772481966,-0.22850303437005037,0.6174029694484773,,
25.679361000000007,62.88628351968789,-46.17801078248105,-39.12436785060667,-1.2028825743383078,-0.5876996722052196,-1.660224326723813,-0.10378280302635706,-0.2761079172702876,0.521288007405746,,
25.688869000000004,63.97043266671435,-48.07827583367184,-38.110923686204295,-1.4119803314136359,-0.9730685613805579,-1.27363663053589,-0.11216273746542656,-0.3977078565657321,0.38939305593474516,,
25.698387000000004,64.73848581373427,-50.39895063598233,-37.55508536414537,-1.5078258567753748,-0.7425693187211968,-1.6747240269511865,-0.1955126203862313,-0.4365754528432362,0.2527002985022037,,
25.717498,68.05255640399722,-55.5714851907112,-40.36821866285594,-2.1031504859386185,-0.14642101214784706,-2.5784370759111526,-0.10780618882227694,-0.5593344419947375,-0.07798536673237572,,
25.726997000000004,71.00570380352049,-56.953733551274496,-43.594027249227764,-1.837555612835659,0.3865578017448645,-2.8824794741206334,0.06968585718343853,-0.4338188596857185,-0.1478081963307081,,
25.736504000000004,74.59694909306698,-56.473610710441946,-47.482553552006195,-1.4483319037383835,0.7097010614559279,-2.8507969167529,0.35551668590541197,-0.22311585877488505,-0.16649795054708844,,
25.746016000000004,78.50384326678777,-53.76336959436932,-51.61806738403252,-0.795253998867172,0.7294957523088926,-2.2749080740987004,0.7134850184791434,0.0022331026649713313,-0.17042503398751047,,
25.755535000000002,81.82729854749901,-48.87548015528945,-54.84020023345391,-0.010439572867730097,0.34759801564657394,-1.4304234958818034,1.0432574343884418,0.2429083436745169,-0.10795369456156456,,
25.765161999999997,84.07714249333043,-42.416446932682966,-56.77490600040896,0.7450932338424648,-0.2436081410050049,-0.3936663369912845,1.2572724156632795,0.4564079941167306,-0.044779482393625225,,
25.774397,84.51825518969746,-35.29693726194807,-57.676130531569655,1.4979709777391446,-1.7671522096541241,0.2967048954779374,1.2464333907561485,0.7044368583819536,-0.10379426042635755,,
25.783989,83.53107269634282,-28.529390205577673,-57.27791795408737,2.386338646145521,-3.2644486695619332,0.5521735165993076,1.0627706875133507,0.861162371909303,0.0006034760755069676,,
25.793485999999994,81.70097689176228,-22.96125597214883,-55.93095296897796,2.8873673301691505,-4.2671686374028965,0.7946297130753592,0.7594283117153096,0.8810546435331329,0.14473084843523096,,
25.802992999999994,79.21597831259967,-19.09391806501987,-54.540791126563576,3.4793806100716784,-5.122764586056405,0.6578195208577984,0.38103132815506546,0.8158592732359177,0.13588367284125408,,
25.812517000000007,77.23134763096918,-16.928230063652414,-53.2137212107542,4.027856488393182,-4.584662356897946,0.6382287945673792,0.1363917482054777,0.5543822654839259,0.1769008122108173,,
25.831537000000004,73.20081855418384,-17.052579257402957,-53.3136297968552,1.9771351124258587,-2.9343042202602247,0.5035674381626449,-0.37015801954370275,0.22489487223513607,-0.27622467457502053,,
25.850649999999995,70.4561505385879,-21.48665427946146,-54.664413388966054,0.2277248205737799,-0.7977390795983915,0.031166495171177623,-0.5256803049793651,-0.1087820799244099,-0.06306110977032969,,
25.86007,69.0586035282909,-24.550207858233893,-53.89461505465895,0.0482840108492689,0.4952947492536435,-0.9367607663343311,-0.6413086922298273,-0.1566403392518895,0.06093219560976266,,
25.869591000000007,68.77873378990788,-28.43472604786739,-53.30206571601518,-0.15427774222689658,0.4701485781657211,-1.2219817824422525,-0.6486277025017279,-0.4292804992657161,0.10845064078885668,,
25.879101999999996,69.68932606333698,-32.61318216451153,-51.87628266212275,-0.7970546935829934,0.4992828219317166,-0.9680267246894132,-0.5613338377811169,-0.6414645319225244,0.3882409045938467,,
25.888597999999995,70.73107333584443,-36.81155279048052,-49.8719431346598,-1.0269750515912688,0.6987802665527633,-1.4874970736053537,-0.5354664351139509,-0.671813085939879,0.5327741034701414,,
25.898114,72.93683991340052,-41.216218530295684,-48.985874587491494,-1.3079735252393383,0.34779424174753754,-1.7423890451794566,-0.43748937232578566,-0.8425081566611309,0.46723199026927825,,
25.907624000000006,76.47571070818319,-45.53389762840816,-49.16546597641762,-1.8713046035340943,0.013544569915338181,-1.775018414248632,-0.30582183755688835,-0.9633951419419264,0.46354572608172945,,
25.917123999999994,79.76624721261157,-49.313125618147,-49.522632869066584,-2.6592062123273066,0.004668405744492491,-2.343873613430418,-0.27303169672054317,-0.8388579490940163,0.42536832235863825,,
25.926725999999995,82.55731701851288,-52.31129938405589,-50.59191288812016,-2.54426873875549,0.12082778506364769,-3.343977354359327,-0.22255963989243188,-0.6637415825875183,0.228810586445733,,
25.936237,86.10156161381585,-54.31676512801292,-52.60831159079202,-2.475824029604925,0.2720467215233879,-3.5576332169083673,-0.04018016869920924,-0.5891730648534055,0.1768903293463081,,
25.945733999999995,88.97342222120153,-55.042100799237474,-54.01052413755343,-2.796133235733205,0.33314053291588636,-3.34409515272562,0.0934838384392893,-0.36082459807592693,0.2032312046893208,,
25.955259000000005,89.70096343954667,-54.258218758342935,-53.965467459358244,-2.033540696185386,0.47648144687676486,-3.3312159604628135,0.18814241074210367,0.016616819968789595,0.1484969435702327,,
25.964768,90.46027721092248,-51.84397172494064,-53.89052419385492,-1.2461836047291452,0.4545350092301809,-2.6870196867932927,0.4564101540575342,0.2031401183063238,0.15922576648732775,,
25.974199000000006,91.52819612642811,-47.850114912174,-54.16773442641277,-1.1502718710214535,-0.2224808117839641,-1.3646823848759244,0.7401882871720912,0.3504356952198212,0.1289308320347962,,
25.983886000000005,91.20068110981464,-42.5960325116125,-54.13486449228535,0.008484722113654756,-0.5818592580188259,-0.6310694895270138,0.8377963475389513,0.6459414526085927,-0.01943902562307843,,
25.993224000000005,90.62886491066959,-36.648730520669915,-54.670377344987536,1.2600136318497415,-0.9979046786270193,-0.20856475818658743,0.9286621269713986,0.7574834205367726,-0.16460645648207503,,
26.002721,90.13860276207106,-30.71815677988689,-55.78379139153632,1.5331144814161557,-2.2503319193757183,0.48085520586688113,0.9399108530834089,0.737266951208089,-0.26616098379426456,,
26.012242000000008,88.37926763525648,-25.526656522432795,-56.337614300303485,2.2908402771827734,-3.0733846614986193,0.6292778609915821,0.699362200888854,0.8313646816157497,-0.2667900710446813,,
26.021757,85.87860968399592,-21.657935798156846,-56.29427211899524,2.685724237347564,-3.6287372339204844,0.7563560408954598,0.40000491763834867,0.8048834092830209,-0.17780817917029232,,
26.031253999999997,82.6742961907176,-19.465846424153952,-56.03746373694669,2.7929014261465928,-4.344159134730869,1.1317307668396759,0.03944302192150606,0.7370166334324253,-0.15874034146594088,,
26.040779000000008,78.98090986545749,-19.03740983716004,-55.39455351335185,3.080046877216289,-4.50728512067625,1.303479340934137,-0.313547492698843,0.6189172619697098,-0.0976609572376474,,
26.050466000000007,75.76498627402019,-20.27933798951973,-54.56842050431392,2.683220453162651,-4.036716451600911,1.8317429904061657,-0.5432917024458953,0.34755794899856773,-0.03255327336788349,,
26.059986000000002,72.32844565128723,-23.048972053496914,-54.15169162210354,2.556282780947681,-3.0824573239605315,1.4871118168088113,-0.8153986198955174,0.18975206226875266,-0.1560650737337272,,
26.069476,69.69881171154691,-27.050707133279698,-54.28821365103789,1.8213175337318568,-2.18497163847383,0.950282959612673,-0.9214390438816354,-0.08931798509128783,-0.2426984631610788,,
26.078990999999995,68.31769320933708,-31.647016417562785,-54.50493830356454,0.23120811569186112,-1.094854856661837,0.8771910540847525,-0.881174953799293,-0.3486501521715665,-0.17713192938480918,,
26.088513999999996,66.70310788693227,-36.10323325260241,-54.30809364631969,-0.27141165288800995,0.15632949134394591,-0.2195421519245665,-0.8741560068410026,-0.3108274476607124,-0.1467565279486235,,
26.097868999999996,65.48973932923985,-40.14342478835608,-53.876549907392175,-0.45517704696926053,0.8859252304142315,-1.38391636111816,-0.7596134775696264,-0.32984985966825375,-0.06867660797353693,,
26.107350000000004,65.42682501686039,-43.76847527355921,-53.311993127423115,-1.2201132217920252,1.2850769091739926,-1.6852492072722034,-0.5817855685715162,-0.4336699633273862,0.10036232355533921,,
26.116873000000005,65.58506020029895,-46.920936408739124,-52.54589438703609,-1.475947640373239,1.2529022149554434,-2.1108922793864884,-0.4819704908376907,-0.4087369051687941,0.1724034778794992,,
26.126438,65.96593138477985,-49.66952137402555,-51.35919576867419,-1.7099013864609125,0.9824197232876887,-2.4245224858340646,-0.39351949917173706,-0.38951510811852436,0.29164912783448294,,
26.135962,66.58767925356351,-52.240609559005634,-49.921846967230074,-2.2543347231881077,0.6757949985989024,-2.4674797488388482,-0.33956549086943627,-0.39701652240880425,0.39949535808739467,,
26.145474999999998,67.08995183824761,-54.80711923147981,-48.451459957093654,-2.292260059676078,0.35661225174923844,-2.719950124890103,-0.3406964215089136,-0.3908012914896337,0.3895309784095124,,
26.154981,68.00355892254608,-57.42089156724869,-47.27483653255073,-2.155158527525405,0.17607611347473526,-2.9272383097256784,-0.31011803727660375,-0.43618162469036753,0.40070773905907475,,
26.164493999999998,69.70722531637658,-59.82614356975252,-46.657633626038255,-2.6452937658666817,0.1365848535694924,-2.857252466255622,-0.22086100448174034,-0.4676256941468656,0.4264108814532411,,
26.183518999999997,75.4718440786316,-61.5495444902765,-49.61045831068173,-1.638198821292042,0.27583912970134217,-2.8447156468563457,0.2212986028102823,-0.2845245050305321,0.16416270002593608,,
26.193037999999994,80.09302069183504,-59.626329876820996,-53.222661376231876,-1.792539954557649,0.26032465478708433,-2.054609272556973,0.5946179212451,-0.12425426966178796,0.0933041058152567,,
26.202481999999996,83.36726969216173,-55.4984492523859,-56.71008802609615,-0.9929950353253997,0.1601866476565211,-1.451199167024071,0.8888709981592552,0.1771275652832961,-0.13818066256625786,,
26.211976999999997,85.42298423051068,-49.67432701131394,-59.70730408539538,0.203364804698886,-0.12315491354148606,-0.9494670732736993,1.1330775404540359,0.3924198538006796,-0.27040168613068216,,
26.221667000000004,86.69743542485399,-42.999581671018916,-62.06175006889873,0.2796409859795043,-0.8636209533619095,-0.1819914505993605,1.2632032241311444,0.4870600470674135,-0.28478207461567606,,
26.231182999999994,86.16938245016959,-36.3629512239622,-63.282994049348254,1.005756995074572,-1.5661106777525329,0.11108164386668261,1.1526327675413717,0.67330241634866,-0.3103355203459744,,
26.240502999999997,84.37184826721979,-30.572519104018532,-63.39747890227273,1.7486434533427453,-2.3444239881755187,0.38356694520432016,0.9103830285998843,0.7796868938106487,-0.2164430096573917,,
26.250001000000005,81.57995415325176,-26.14132848816553,-62.62173207331321,1.9920130052318366,-3.5216122921065067,0.9729150521882933,0.5759101083490257,0.8323843603514725,-0.09982437445095295,,
26.259511999999994,77.64483170869477,-23.234930302920034,-61.09921090060594,2.588674476373373,-4.56333410395203,1.384553243529903,0.1837132036390092,0.8973782034193266,-0.009109400638617276,,
26.269028,73.6078201493857,-21.878506009977123,-59.444477772046135,3.541858532308318,-5.073878053412774,1.7918766955001884,-0.1264184057641224,0.7748460872734901,0.04330578788721297,,
26.278720999999997,70.27037272047292,-22.130195374552027,-58.9185957681054,3.2639458222788735,-4.571807495047725,2.276832438312645,-0.35365548093239446,0.49812631496321635,-0.12888697146661732,,
26.288064,68.21756022067744,-24.06807931574039,-60.421677741476756,3.193103345377307,-4.120656274904114,1.1812065361111097,-0.519753381397031,0.12150158845146837,-0.4608282232583752,,
26.297744,68.33045259902062,-27.49782449553906,-62.53977928590715,1.062907763965203,-2.8124844460468115,1.6384755019951782,-0.5877193173386867,-0.3556586528072886,-0.4261246423857753,,
26.307245,68.1815101005505,-32.00313651093824,-64.59025430449759,-0.13272382291446383,-1.2544923507275543,0.748496893144922,-0.8133435873051212,-0.3893488605350819,-0.44399201167239766,,
26.316585999999994,68.00445407971175,-36.928077512520986,-65.85897306067379,-0.12617703198031335,0.26262650938429344,-0.8598016969484682,-0.9016634093187592,-0.3982918136684234,-0.2914156478718216,,
26.326105000000005,68.35226966030532,-41.70906352751553,-65.92469440559532,-0.8322047970091526,1.3148090881566343,-1.4325639524179816,-0.8457850345446706,-0.4516984634204325,0.026323980234412007,,
26.335686000000003,68.2680324034894,-45.96318645664093,-64.78324463189973,-0.7810468154640123,1.632477208333337,-2.0621988102985234,-0.7729527617971877,-0.3558169365091952,0.21305818593966822,,
26.345199,68.10646675234271,-49.389781786551296,-62.602997493001695,-0.7642733305297186,1.3043809360304104,-2.276150615500426,-0.6180917046637933,-0.29576743906681335,0.4242902568651473,,
26.354699000000004,68.19430970310002,-51.86156043556833,-59.47255463123979,-0.9763535635503489,0.9208101854240235,-2.1922877575192783,-0.4203688544496223,-0.26042486142102733,0.6565578535146632,,
26.364208999999995,68.96676389615438,-53.70138749453334,-56.55423184999553,-0.9124215511984334,0.3804776451884453,-2.1766956218031845,-0.25496184596397614,-0.28515197353544847,0.7280574548257012,,
26.373653999999995,71.11817033243655,-55.42767124317058,-54.80155138498732,-1.4746509571533843,-0.11168766346362657,-1.8239414227846948,-0.13600760446217233,-0.41144510178472204,0.7190438623518091,,
26.383243,73.6726141628543,-57.219600584416554,-54.01952004749597,-1.3045083185183728,-0.37490559627306097,-2.2402638096663976,-0.11742110415412833,-0.44928245660513233,0.594233209971813,,
26.392754000000004,77.38051542897934,-59.16655977777214,-54.32852417724653,-1.8943243221426884,-0.32239717650606925,-2.6307461443562117,-0.07717885029248132,-0.5547553121439219,0.5800569275329831,,
26.402263999999995,81.88218784229393,-60.9516243202131,-55.83162060456218,-2.5157829084997134,-0.17630336633336852,-3.0290214818023715,-0.02526188155156396,-0.5822929908878702,0.49147971753960756,,
26.411772000000006,86.46082044200232,-61.94633827562538,-58.20270897990797,-2.089218367527487,0.17242497937029286,-3.464790666171271,0.0819728075916949,-0.4845654771380706,0.34070056553071126,,
26.421277999999994,91.13153277292007,-61.507992023195435,-60.78737169062312,-1.8141626867905432,0.38528513908805867,-3.2594613951290796,0.3110846627840291,-0.3456300807310755,0.31656083870726925,,
26.430804000000002,94.67743233281003,-59.23149999460435,-62.3712123529354,-1.4907646978848914,0.38865412034654023,-2.6122887371909913,0.578780953611829,-0.10032246107355507,0.31276777759563346,,
26.440316000000003,96.60094742350223,-55.14762168570524,-62.728486001080775,-0.698632124113542,0.12463645457463361,-1.8060176096595155,0.8331599465413854,0.1830960479326643,0.2697626415464749,,
26.449729999999995,98.03983188217381,-49.70270699338771,-62.63308977225496,0.2593731591186316,-0.4052134241279413,-0.8284975217012341,1.060893578789988,0.33563450670496014,0.266667430053212,,
26.468764,100.1301922526931,-37.7565327682127,-62.42151734786325,2.06145824798626,-2.2458656666762535,0.5665765992231181,1.1060756255279758,0.4364213264948383,0.14030390629983383,,
26.478265999999998,100.89076457165163,-32.826247089923925,-62.22915220203284,2.866849354573965,-3.170565001795357,0.8977360541088838,0.9435476784279082,0.3413950101580353,0.13919881228602624,,
26.487783,101.51049334896598,-29.3461416840843,-61.81048231669136,3.157963185077863,-4.3683742576344775,1.0372564595020686,0.6767041596193857,0.2266826383427234,0.1614070165714931,,
26.497284,101.88678441204745,-27.52974933785347,-61.237385835181584,3.4870003094360933,-4.726981699110212,1.079036089239231,0.3627020356423216,0.10935712661572507,0.16442947000665997,,
26.506802,102.11888239042028,-27.260142478647058,-61.203149725903764,3.3886587455111896,-4.549238641810094,1.082922291944383,0.07852756750960359,-0.0156634823191243,0.03753134646819596,,
26.516304999999996,101.91750272481666,-28.366841624024776,-62.01525366920868,2.131689803335592,-4.235068659095094,0.6520627539063185,-0.20060246200550955,-0.07966224527375353,-0.1811307442359612,,
26.525827,101.25971650970882,-30.689587257724483,-63.25712214536925,1.2212479994639818,-3.2950821618932364,0.28376153628689893,-0.4545133029524248,-0.1182251179744959,-0.31855976717730594,,
26.535334,100.09294290178636,-34.01361536498953,-63.75734048550018,0.4246091867551925,-1.6207222114645692,-0.11417768053191107,-0.6725621945942245,-0.12697653654579844,-0.22967999872586906,,
26.545016999999994,98.28181590521554,-37.6867588024259,-63.48633088629353,-0.10718465481067244,-0.24813149133549842,-0.612435645139594,-0.7783643353186791,-0.07055438436865767,-0.16216334295656315,,
26.554272000000005,96.01400073403182,-41.045200466571224,-62.53723430952402,-0.524361682121534,0.2760764538571304,-1.045846942828026,-0.747445007040784,0.00020218857110161612,-0.10159142933730568,,
26.563905999999996,93.6161357938292,-43.72457755048108,-60.53811309918694,-0.7501142122931131,0.601521350783053,-1.4296615173538314,-0.6295325968109954,0.04849246168782015,0.07334720278149422,,
26.573383999999997,91.63616745886182,-45.62590904272693,-58.084358454267374,-1.2241298386730235,0.6728558574675818,-1.6162190868594752,-0.46006760018762755,0.04058643864314783,0.20960477023857113,,
26.582896999999996,90.02637083750463,-46.99221682682131,-55.88431304474629,-1.2893210608231793,0.5425429706181099,-1.7794012882677892,-0.3394127196791917,0.030193030278419488,0.2047090521565877,,
26.592476999999995,88.77278442874133,-48.31269213474477,-53.8491209825307,-1.5451988079160635,0.4088938577468236,-1.9996554549514234,-0.30209399202730736,-0.021173932858842056,0.21948274069048504,,
26.601996000000007,87.75419655225986,-50.049036220415175,-52.11228542394481,-2.119176330590612,0.2964593125238695,-2.286006890322605,-0.34627660461082316,-0.11004901541633633,0.191232083391573,,
26.611508000000008,87.02078530653056,-52.453755247250854,-51.09381042582856,-2.2279498102843736,0.382316337136339,-2.5535830202024057,-0.42277585607505014,-0.2341700870361964,0.08771693804273606,,
26.630536999999997,87.32786165191301,-58.313849976034554,-50.885176289993055,-2.4535283016523115,0.49351642636323834,-2.65036398574277,-0.4099654926880878,-0.41510433743869235,0.05196665479976693,,
26.640025,89.15728072806147,-60.401066057088336,-52.30825615105234,-2.0998360178909894,0.7999834706322865,-2.587651460740804,-0.19969957317624107,-0.4129830745713324,0.03051076770794454,,
26.649550999999995,92.70473206191573,-60.733845035797536,-55.615651932999974,-1.58253784325727,0.8811378073144608,-2.121732907120164,0.1632000767140481,-0.3285397595024736,-0.04307750772669914,,
26.658969000000006,96.33071598970557,-58.74109308036724,-59.23041531373916,-1.0514948860568576,0.6750177633161264,-1.5430616071920404,0.5447257177670303,-0.10082828788306666,-0.09628815261020315,,
26.668489,99.25517326748212,-54.50772070135807,-62.04078031255113,0.00708141321382964,0.48743127553082516,-1.0235135796760615,0.9081035277995188,0.12740584230449561,-0.07379283545576883,,
26.678188999999996,102.18251197761806,-48.659658110484074,-64.07078238642822,0.8864978219825764,-0.2460688616047174,-0.23057563348216958,1.220234552504307,0.19845047353658318,0.051915391658116816,,
26.687699000000002,104.62422098975763,-42.35006831737675,-64.64104647294909,0.9671856152800407,-1.7341585602875405,0.42994055089198974,1.2989067455929604,0.2302144659421244,0.24426859063841475,,
26.697020000000002,105.86583361040867,-36.9014581945293,-63.33536193946462,2.608254103480067,-2.921345004939072,0.7871574227510836,1.0766349737599799,0.2992548679410331,0.43804522211099944,,
26.706529999999994,107.82331577386168,-33.358604238307464,-60.98718186546539,3.317127170835619,-4.342636123426563,1.455528183244378,0.7893142122919806,0.04168219802043744,0.7216825562375733,,
26.725550000000005,114.30376759336244,-34.14641952124171,-57.80427624063376,3.3311634986697745,-5.853458983892904,2.287544619522135,0.04161218579620118,-0.730284342300966,0.5968220903644816,,
26.735064,119.02427927490103,-37.45358430461752,-59.59875896211719,3.5890596425952994,-3.7013686081900454,1.8954752744859822,-0.15390086565822828,-1.002039404817451,0.19223349492911007,,
26.744575000000005,126.10864006747657,-41.00964802459388,-63.16910346418001,1.1297386744590794,-2.7667190014827203,0.6936663732434566,-0.08365949633066655,-1.3079733817873107,0.16857727164356623,,
26.754082000000004,132.6095643808957,-43.80191215916704,-67.02826615295237,-0.805916823427146,-1.8865504637131838,-1.0720629747218786,-0.08768785619080158,-1.1096618824715887,0.09198074186726328,,
26.763678000000006,136.04500395015083,-45.66679529348216,-68.95729352157974,-0.49118999516607403,0.03186147938779272,-2.1409561380378075,-0.14939748497589303,-0.5956941553912845,0.0916745653611514,,
26.773174000000004,137.68803636957992,-46.598438536575635,-67.8318220851008,-0.9130082939093731,0.9246418277375366,-2.7878177567189595,-0.07618698948649336,-0.28282806476769695,0.47355554630273644,,
26.782688,136.9097915811298,-46.60462774342929,-63.61836579081333,-1.570927069141988,-0.1339300168105848,-3.111284366129004,-0.03153537675308731,0.09578660225098543,0.7509772270168169,,
26.792211,132.86619976863128,-46.248465869313506,-56.83823590108964,-0.9016808148622305,-0.504449105210021,-2.8368870713934125,-0.20099562842306587,0.5196522628669566,0.7969037003140151,,
26.801710000000007,127.52598879854914,-45.79357936304098,-49.23850571097783,-0.37228785503741246,-0.5845999655174156,-2.421026167413642,-0.3586387168264116,0.649264587003958,0.798843421664217,,
26.811223000000005,122.26227695039765,-45.40597418207659,-42.938620051828494,-0.20991413623714844,-0.8514536350569233,-2.0312976015982,-0.4405482627997974,0.5870452069593348,0.5552823592152238,,
26.820759000000002,117.51229481609441,-45.73677892600175,-38.94430874305215,-0.056956584843415585,-0.6328595230108081,-1.818459610758105,-0.5319730833734293,0.3881971201918003,0.14953133408137131,,
26.830248000000005,113.6343097810454,-47.342773106708776,-36.94691438388463,-0.68642820996803,-0.7932009529380897,-1.8744410291697902,-0.6050513171037655,0.07601183903333625,-0.1643678332663683,,
26.849184,108.06038330191159,-53.659808140074986,-38.08393932197733,-2.2426229960914155,-0.9433629211680941,-2.1541713659009787,-0.63424381207431,-0.38873987695495815,-0.6644234573867724,,
26.868297000000005,102.69993481513617,-59.4108332099286,-42.67757943683086,-1.9408905066558835,0.18798184818684568,-2.315001311451933,-0.5099887009903474,-0.1718664697759934,-0.9867964355162429,,
26.877728999999995,100.96867178511012,-59.96533530723493,-45.51931698190868,-2.243632509864805,0.18109863670643683,-1.9614287018467509,-0.1896786167706035,0.03833865055392057,-0.9021303849787152,,
26.887238000000004,98.9821468990978,-58.2498441444364,-48.479083135745825,-1.6433966227575423,0.5832085500464954,-1.5032641594661318,0.12449992609377716,0.3793502378319227,-0.9603056010247947,,
26.89678,97.46704904752708,-54.29067192437511,-51.73410470323038,-0.6004024866116319,0.7852166191006271,-1.0738607025663798,0.5122601926784028,0.6327949069376896,-0.9256168072923384,,
26.906450999999997,97.49614611124329,-48.535513906286454,-55.6009036649654,-0.1384736285667456,0.43890855857398325,-0.3129411312188299,0.9423642695578882,0.6742571453902984,-0.7844103142218319,,
26.915963999999995,98.14744030479025,-41.753205443602795,-59.69716806464369,0.8423690509402166,-0.05110175852278115,0.29582704207213106,1.2079311056590747,0.6428211371442789,-0.739684846735635,,
26.925459999999994,99.07332816621582,-34.88876368934281,-63.63420991990364,1.788056739938299,-0.9852917499767987,0.6695541196582605,1.289815592816771,0.5177393023771004,-0.6837870797700639,,
26.934965999999996,99.86521800483726,-28.81596132241806,-67.0736227355362,2.4235661447971633,-2.156784854084636,0.9008369380389906,1.1718382731735235,0.3778534392657761,-0.6143073899429079,,
26.944306000000005,100.10032572070392,-24.135190198920295,-70.0389508003559,3.0625529805722027,-3.1961443131472187,0.8904440258610625,0.8977852670148535,0.29638146973968277,-0.5787419002714719,,
26.953826999999997,100.07734701442809,-21.01769779043317,-72.8407279783479,2.3890691253715053,-4.054412393660104,0.5599282642701228,0.5999405906356132,0.195546335027338,-0.569483528692275,,
26.963330000000006,100.18543588234338,-19.202961272374107,-76.081484648271,2.1331891416837583,-4.1980990750724585,0.2797324366385892,0.36461612488052014,0.07028765227598172,-0.6485399454704593,,
26.972846999999994,100.5609674382894,-18.568467664457852,-78.93786397755369,2.131459273624127,-3.4763372724477803,0.16886258886614622,0.1481527928610214,-0.04980193813897889,-0.5547915361003016,,
26.982351,100.38659381212685,-19.03998515781299,-80.32735074321239,0.5229885556863784,-1.9335871877127964,-0.2011498129306242,-0.09029072922610083,0.007477782049709218,-0.28386270084169224,,
26.991875999999998,99.20233911346752,-20.242133318544028,-80.8107604694357,0.5499452863647837,-0.623369112938245,-0.6261977676585936,-0.26564702537803897,0.1726144739804286,-0.1710766985950977,,
27.001545999999998,98.04023806276393,-22.13563689552799,-80.00435927435218,0.4224246060876566,-0.09119366464096199,-0.5682740750582127,-0.4015566444804772,0.1425683006452995,0.09361285026074342,,
27.011056000000004,96.29189291218597,-24.632350526368636,-77.22269721987955,0.0803946288729672,0.22749088139261578,-0.5262401552516301,-0.5447553640245468,0.20845794838190856,0.44209586651933147,,
27.030080000000005,93.82704672085795,-30.431967126416446,-70.2069703049921,-0.22708259029682004,-0.7960338805726169,-0.44412521714860675,-0.5883788866174422,-0.11552238135800975,0.6807233314437607,,
27.039407000000004,94.01320335010622,-33.54986681893158,-66.7094036890262,-0.4816191593721835,-1.0132819730928815,-0.4735180001581744,-0.5595815210594757,-0.2660042280764697,0.7436275912881584,,
27.048936000000005,95.03443583042181,-36.66852820954412,-64.10421695279648,-0.06484270411043279,-0.7055306467470763,-0.9989118532551144,-0.4881111989457842,-0.4192213125570732,0.6576837111244386,,
27.058433,97.69361057839988,-39.747795332481836,-62.807671109498315,-1.0085675145306472,-0.5106251239898694,-1.3937706724454257,-0.3537649431091518,-0.6568731605701681,0.599083322800075,,
27.068016000000007,100.14360647696901,-42.68209404494999,-62.023545799567565,-2.2327025373544256,-0.061595568466924135,-2.3051905608451855,-0.338326407868093,-0.6059319986308056,0.482686091261098,,
27.077527999999994,101.27815055476954,-45.26378267697213,-61.34397272960416,-2.327808315014345,0.6929085180154781,-3.499915835136488,-0.3656528173324761,-0.39579136279169025,0.29156264688353767,,
27.087044999999996,101.8321439985931,-47.430194135632455,-60.847941465853026,-3.0946504553460876,0.6177157124836269,-3.9460178242562884,-0.3307201204344324,-0.2832363089547279,0.1778399296408264,,
27.096556,100.51553824262034,-49.49093805216792,-59.205048263933335,-3.3182922898971645,0.36520027020064316,-3.6984090262064373,-0.43265943701971193,-0.061163044497242317,0.13016460801773735,,
27.106069999999995,97.11320199591034,-51.52089766663845,-56.05722654968105,-2.9020552416322287,0.2574006261240939,-3.2361222871445565,-0.562971500713183,0.14197332283953626,0.10316030976898574,,
27.115495000000003,93.79670215492919,-52.94734932890228,-53.748139460376855,-1.9779567927662105,-0.09305473240959493,-2.138841841519868,-0.4553287610077248,0.16200679085615333,-0.06384215079934183,,
27.125014,92.83883041038604,-53.49127977022198,-54.21900382025993,-1.0518837452245238,-0.458510834951113,-0.6461514457095964,-0.143695851324819,0.022022259723573863,-0.2489762293611436,,
27.134696999999996,93.72243524667167,-52.79833857657009,-57.1262946711762,-0.3566488421301457,-0.5820517074404721,0.41506616260465506,0.18606359903719155,-0.016645913878592714,-0.4417164666008991,,
27.144207,95.824559101583,-50.36443655948625,-61.98062596014659,0.6133002301134048,-0.3238944387044643,0.6311411049630063,0.5638658227583755,0.013882864628363271,-0.655256437100547,,
27.153724000000004,99.17495359329993,-45.82893292631071,-68.16169732806631,1.0272466082289646,-0.7404089296424543,0.9230665556278518,1.022947089381449,-0.03148720290185827,-0.7534031181264466,,
27.163238,102.26688600100712,-39.552853108928176,-73.16295400846094,1.5987794336236405,-1.731269376076143,0.8581390146328634,1.3465007568708134,-0.021783355312809075,-0.5895409859655151,,
27.172562000000006,105.77698293125646,-32.65259091025388,-75.47069955433432,3.003610784885812,-2.5162670343688838,1.0069019441425777,1.4935817365034538,-0.1811856813303658,-0.060579654416948736,,
27.182070000000003,110.59032334306066,-26.29552451775931,-75.83771358008069,3.098041686481703,-3.5405658004538996,1.4043666291701369,1.45088534494473,-0.5058938759456427,0.40647324536106916,,
27.191578999999997,115.90700449696455,-21.46308973328154,-75.87172904247345,2.01999512640256,-5.683424699295558,1.096299596418723,1.1862623494995224,-0.7150248494885337,0.43614367063084153,,
27.201090999999998,120.87264276017054,-19.786955399767713,-75.33726275259848,3.246113200456797,-6.497398175040201,1.4375353758311054,0.5674541803575893,-0.8239991931789438,0.47011189736519793,,
27.210614999999997,126.61374323100603,-21.80728173858506,-74.70816450827243,3.0111073368768992,-3.294934691669534,1.4464349399370628,-0.10092563168974275,-1.14766187955196,0.5444285950893112,,
27.220119000000004,134.04071756054978,-24.52047218863771,-77.41572240488433,1.0702257150783487,-2.17314489857039,0.33759261066029284,-0.1835552077492277,-1.462714345055293,0.029032786542654142,,
27.229615000000003,141.3683199523389,-28.109560080381844,-81.0454098101897,-0.8311640013613842,-1.330297871003064,-1.8149688788376248,-0.44430881170707676,-1.4318891645118563,-0.10839643323260258,,
27.239208999999995,147.53812772600983,-33.532260336014566,-82.57842609057118,-0.513894344614064,1.934312185544867,-2.159219743904018,-0.9081529389296279,-1.2106342173952034,0.3004973825870492,,
27.248737,153.0115951577137,-37.77397683280768,-82.2489183629386,-1.2377135534621886,2.349584391637393,-3.4148553344847454,-0.710436652313671,-0.9990058624485192,0.6979063180859026,,
27.258232999999997,156.2611448502698,-40.1424992090551,-79.16332190475386,-1.5915927669544239,-0.2873302911619627,-3.832386415805085,-0.3737676489711208,-0.5783042476015339,1.0430553823893218,,
27.267749000000002,155.59326185130593,-43.07188269264526,-72.02832759817375,-0.8918725961589516,-1.06485564083894,-3.0121312977165275,-0.5803951512042703,-0.04897342814138901,1.3760729484479801,,
27.277257999999996,151.72113222462738,-45.21306555426396,-62.78418527789806,-0.36929362157479295,-1.3003193162740008,-2.2668780809750366,-0.5958046257399847,0.35160314700437983,1.3675657948555393,,
27.286693000000007,146.8037858074047,-45.10363857199244,-55.035006128291535,0.5911155286016482,-1.4878893967998101,-1.1340347728153266,-0.32541011558733723,0.6086397350159435,0.901525939080351,,
27.296203,142.8008025362009,-44.57177240292148,-50.36464540719625,0.7191290258452258,-1.0184950388130716,-1.1304836205012398,-0.24615278862344675,0.5193077565871558,0.3865072042436565,,
27.305795999999994,140.54750562463377,-44.39048103278456,-49.56964189282593,-0.46707650127837863,-0.9230432826137995,-2.1414812784332895,-0.16599570576281206,0.2721953485854117,-0.16099426006603712,,
27.315289999999997,139.10950709113968,-44.269340115611506,-52.47882307845097,-1.402790086003974,-0.5261298861996919,-2.8569346900902963,-0.09742351286948603,0.17681665732276539,-0.8097268701827512,,
27.324804000000007,137.22676840840666,-44.71920106028614,-56.72792190040044,-2.5481103304284556,-0.18920514255372375,-3.4737661353747997,-0.2159243606950887,0.16697403322914756,-1.1523081202133514,,
27.334324000000002,133.3522172542792,-45.654536956989254,-60.22295232876801,-2.942497990478473,0.34084139685206133,-3.7330581452535325,-0.4326043912587086,0.3664754107991956,-1.2854867907169512,,
27.343832,128.21829702955998,-46.198365816630506,-62.0881425743452,-2.670525302760148,1.040183913877582,-3.1806719688145355,-0.4281909799888744,0.5704822077044146,-1.1651165156557375,,
27.353271,122.1556639706091,-45.41473856063126,-62.22152791934959,-2.3898685578392795,0.9069580353313316,-2.079564889004683,-0.24467293136987192,0.8175445710636522,-0.935363416614578,,
27.362777,115.02727496883217,-42.76842198986351,-61.16341234212914,-1.3741978878017407,0.7030601368400655,-0.9719598352708765,-0.008220062230832726,1.1490027577015711,-0.8021303910576492,,
27.372484000000007,108.66964449541233,-38.125151784040476,-60.707734431782775,0.14350505570387984,0.37410589870092614,-0.009770448838260743,0.35313342372344775,1.293037542859028,-0.744431343749449,,
27.381975000000004,104.07549758986418,-32.152090426714174,-61.86057498608256,1.2234963504668959,-0.4829298715703457,0.717634034609935,0.6982787900979196,1.2288215488449874,-0.7685809749975481,,
27.391482000000003,100.55838946810695,-25.921060399463965,-64.22454875715438,2.4215719450373427,-1.1620198700288527,0.9399303037094153,0.8431511514022724,1.1086659940612102,-0.824895559540915,,
27.400821,97.91410739368642,-20.32603165901112,-67.32521124707657,3.2972274590852018,-2.093605224087313,0.8501212511728027,0.8312445253776786,0.8978241447137343,-0.8425158808619572,,
27.410329999999995,95.8101413474138,-16.00216636957246,-70.41443746005159,2.752718533822886,-3.3715395843227918,0.7417937444715778,0.671978582782032,0.6792124872025389,-0.7632561026369135,,
27.419846999999997,93.5401412385581,-13.129561434178765,-72.85925432608671,2.9011552519900516,-3.725365094677499,0.5854949638714573,0.4153788977096681,0.5920696836324594,-0.6125096852518388,,
27.429357000000003,90.89144461040658,-11.489531795108443,-74.6457259013563,2.3551202438329364,-3.4280457509439026,0.40875715379528266,0.17763020515368189,0.5824615569139314,-0.4800236016196293,,
27.438855999999994,87.68032399560259,-10.733608919215602,-76.16907732050858,1.5610907294078094,-2.810938630431946,0.11332143381321495,-0.005429203084448871,0.6415330924188845,-0.42110751918665956,,
27.448382000000002,84.16424912479158,-10.676480572050194,-76.99642123685366,0.8522715617084139,-1.9690665145916144,-0.23509767343970453,-0.14294207088608737,0.6682094487434613,-0.2851889777043847,,
27.457876000000006,80.69032291838042,-11.288017602752896,-76.58601607684001,0.5447602293173344,-1.1088854712665435,-0.3630644509063669,-0.26916218199744507,0.6294014489052138,-0.03201541840617989,,
27.467604,76.96141291186731,-12.596700425326812,-74.95589697203042,0.300887622653454,-0.6645191871534472,-0.3177077180109281,-0.4277202253610814,0.6362762920172211,0.19504060281967306,,
27.476931,72.89860101035322,-14.620436077045454,-72.42916152327513,0.5251912157576497,-0.7810016521289673,-0.49194927637665853,-0.6051724508382379,0.6377801428146821,0.3445341610308857,,
27.486416,69.44381776325277,-17.249943401421085,-69.13428790103494,0.7894234803668914,-1.0524327502656186,-0.4245393902939869,-0.7107777801442273,0.44731528633205375,0.5004360560226233,,
27.505435999999996,65.93127678091352,-23.46426297668594,-62.31608582464585,1.1772376877303576,-0.8633005247854414,-0.281319913460237,-0.6633736732557964,-0.10081281271029635,0.5642513656414772,,
27.515150999999996,66.23584778593224,-26.588569030207992,-60.125704828308876,0.5462716453492314,-0.5371261514215633,-0.21344255283874075,-0.5160135776795255,-0.35899564191900546,0.4678665961740246,,
27.524653000000008,67.6601150021229,-29.390112722809228,-59.19925912875682,-0.1848208081870863,-0.13025699851326802,-0.6199420514773215,-0.35052775682515386,-0.5102954892440364,0.3166339333375906,,
27.533984999999994,70.14743084580076,-31.73552562206892,-59.27457840237403,-1.1634094705560192,0.2127457629744658,-1.220654291928182,-0.17705857650822576,-0.6183341177805323,0.2313575004271938,,
27.543493000000005,73.50706423474102,-33.67907656034969,-59.613816616198484,-2.1608818792819346,0.6412898853932979,-1.916784345733256,-0.03955939052512228,-0.6947011627711649,0.2892534237816579,,
27.552997999999995,76.8752157649649,-35.52917311347661,-59.68568833121314,-3.167691538214437,0.9750669618334581,-2.576550879541553,-0.030746572954260254,-0.6754041553569995,0.3627700355890228,,
27.562593999999997,79.03023262563866,-37.4969685532186,-58.92676025106239,-3.5786929648555073,1.1810297497610545,-3.747728715859918,-0.1528250183694114,-0.508368419837452,0.40333608240448093,,
27.572097000000007,79.89622719411987,-39.47532634180887,-56.760940297838886,-3.2639824833312736,0.43993073079002315,-3.657492569936147,-0.25364277040242156,-0.33448163587086455,0.536631896357705,,
27.581528,80.10392334599265,-42.10556024087512,-53.80132957755711,-3.673228845479459,-1.1063132115205567,-2.682848756794226,-0.40509560699832087,-0.33399049512468076,0.6285819166743819,,
27.591116000000007,79.6097465263447,-45.508411235339075,-49.932587459949985,-1.3704305233939058,0.12952309830488204,-2.4672803768980067,-0.5696293501059675,-0.3721476809653093,0.7169274814049827,,
27.600545000000004,80.64998045595327,-49.2761212121794,-48.65790061001934,-1.456279627566976,-0.5338650618822989,-1.5446353414707366,-0.4687738805252227,-0.606557123429756,0.4058016792350477,,
27.610059,83.2148354718368,-52.2251385783174,-50.478204340207306,-1.032349794115564,-0.736466435108084,-0.669983964444266,-0.22733491164822642,-0.6378586889344418,0.03150638781124588,,
27.619587000000003,85.86345526329997,-52.91049212622114,-53.920855512753924,-0.7800501973269207,-0.4880240487578824,-0.7202676068208708,0.10053127520329777,-0.3466327856589369,-0.2859487248111623,,
27.629257000000003,89.27613038300646,-50.35802693563802,-59.729792626611626,0.13257378169044867,0.04031183896971091,-0.6431216019257237,0.6704994008878052,-0.08332113384585876,-0.6477861236502844,,
27.638777999999995,92.11839114225145,-44.368758463367314,-65.86955597072777,0.642040658179347,-0.3372042211853987,-0.03749804787228817,1.2526513501895036,0.19743768847767162,-0.8352581164443846,,
27.648097999999997,92.90360136231841,-35.962424260850575,-69.81447285537139,2.1948660569125598,-0.777556824055009,0.312017414356372,1.6133476270784874,0.5157018746425319,-0.707502608133282,,
27.657614000000002,92.75697643919663,-26.707949945136672,-71.93537241459859,3.2970465154523776,-2.277400823212049,0.44092137868028897,1.7512119664877637,0.6224430139673095,-0.44562599641443185,,
27.667122999999997,92.61858534017816,-18.20334775991447,-72.67088667996174,3.105798524356685,-4.429091409418069,0.3508602049860366,1.6226473367595888,0.5345718707513633,-0.1657289884067414,,
27.67664,92.3817263782654,-11.872614429601702,-73.46198947856611,3.1676420621188974,-5.79175422622613,-0.13220466475735085,1.2070472324419619,0.4063441298211779,-0.1797136628747094,,
27.686146,92.11843062884132,-9.015345103117932,-74.88393499519199,4.105116459862489,-6.665284944206345,-0.13258379407844903,0.5438494855838193,0.19919087851109396,-0.2914762960102791,,
27.695664,90.99338675925209,-9.831886240002945,-76.41924684818095,2.981836869035391,-5.318760778320501,-0.21691948363227867,-0.2062168027349422,0.1680753488003615,-0.33990091209350615,,
27.705175000000004,90.14789409462101,-13.446612451724738,-78.80650985852263,1.2144703087940238,-3.0240884809880106,-0.015231100867447236,-0.7356998264622573,-0.0007385240402941203,-0.5120554621809644,,
27.714864,88.16169299983041,-18.68944731157678,-81.24085306272059,-1.8540307094217994,-1.2809997835748077,0.560926986150169,-1.093858173602611,0.1857444510314504,-0.6055516621409747,,
27.724387999999998,83.14757864304576,-24.21788011124766,-80.4818676626344,-0.4958438777602035,0.7754178410732233,-0.4594197153223369,-1.2345044813050494,0.7381171888396002,-0.2067782879327498,,
27.733689000000005,77.39785257980746,-29.121080704190224,-77.10411070757995,-0.5816310459756179,1.6681127376413114,-0.8293060121527374,-1.1556964719725575,0.8099016433070717,0.18692484889662134,,
27.743125999999997,71.76650823912598,-32.84105524405417,-72.88348821195723,-0.6579244775531843,0.9434110681505219,-0.4657715974242874,-0.962868990432214,0.7316870548012089,0.29673900635802153,,
27.752903999999994,66.65015668338674,-34.906906530598,-67.915060192792,-0.10585917528899266,-0.056344737785580766,-0.2029558365983028,-0.6685989455457575,0.6524597426664632,0.45581131858486773,,
27.762408999999998,63.57291397446574,-35.765122101167655,-63.864346900798736,0.4568339326894874,-0.48154234455583445,-0.01886555616580098,-0.3563902795544603,0.37784205525194803,0.4793890220942674,,
27.771926999999998,63.23923914418834,-36.53440515439158,-62.47396954475251,0.851196401314887,-0.9331365565923154,0.0827083868965647,-0.15634936852196463,-0.032501335276858126,0.24773891643020873,,
27.781450999999997,65.23373963039175,-37.7364843491555,-63.027688541913854,0.26009108277783227,-1.1485198684340672,-0.2078133495772433,-0.06240364666769114,-0.404401997553988,0.12466144308996512,,
27.790788,69.2666242782423,-39.67070213517052,-64.55360673454523,-0.6924693949600308,-0.516655368780851,-1.1047861873318807,-0.06267508238106025,-0.7474065251312714,0.19439538516218527,,
27.800278,75.13204096651027,-42.46014250746946,-66.84631582274798,-2.030199139727977,0.4309631609514721,-2.1896118440917087,-0.13656780882527952,-1.0475838165923206,0.29657857591839604,,
27.809864999999995,81.70461987130896,-45.62836990024708,-69.6424326062587,-3.556704821570907,1.245974721842516,-3.4064630854741447,-0.22946346167905193,-1.1242146916809403,0.340102059664245,,
27.819376,86.17840445288277,-47.415694118513336,-70.8327258300647,-4.379030333877249,2.946929636847599,-6.202635208434233,-0.119701398647926,-0.7115514532995121,0.4038866334978945,,
27.828899,87.96836105512698,-46.21552488499747,-70.03418419340642,-2.070200390233747,1.1429898522010629,-4.687927287558961,0.317309999201011,-0.1608363556884396,0.41820871035299223,,
27.838330000000006,89.00172989165893,-45.20372457710403,-67.71013320515486,-2.9667188071431254,-1.225276462056562,-2.4384727083221684,0.2503724003922921,-0.07140915371703958,0.6102582745336349,,
27.847820000000006,86.42495343061783,-45.60314762357552,-62.0372719945127,-2.04985039448015,-0.8230548492747266,-2.041032213217159,-0.21614787401783453,0.2851387869729908,0.7827289630961385,,
27.857426999999994,85.24431252742792,-47.16477106008384,-59.342805150511346,0.4606269111183216,-0.5479901559041866,-1.8910712993766947,-0.34232393145353673,-0.019643891462176398,0.36982154885304364,,
27.867033,89.04634767892377,-49.44715928024923,-61.296051467987006,-0.20384450435404555,-1.6195319067359621,0.048449624513561156,-0.13550503776014927,-0.6748317042964438,0.16854206638142427,,
27.876543000000005,92.30910535525094,-51.20772425613375,-63.492926613834406,-1.010255376941178,-1.2924044546512075,0.0246569585068434,-0.10829146276269008,-0.5415542582938137,0.05425424907729364,,
27.885900999999997,95.58283152404078,-51.03464634162343,-67.57103439836543,1.0726580563839518,0.1791391889450781,-0.9105687803855562,0.21245271417312198,-0.36894209945047013,-0.3175625816273674,,
27.895569000000002,101.01446273743986,-47.74802376905409,-74.14726575132853,0.15910005632733298,-0.25805712829754524,-0.3096826678706533,0.8636646234352126,-0.4616139458841343,-0.5125770626241328,,
27.905075000000004,103.36082185819822,-41.81543966232436,-77.74169833731125,0.5937141898046794,-0.4759000664902415,-0.027102769179131226,1.2428976826361264,-0.04354074179164711,-0.40889024147765285,,
27.914409,103.24154968552651,-34.335116249394495,-78.11177272092377,2.5714103601578135,-0.5638979883313371,0.23933951275942528,1.47012024052399,0.32306452209478803,-0.09912775318386524,,
27.923927,103.04087886756751,-26.161859155939332,-77.85632943841452,2.067980936572583,-2.6997460679747896,0.8566510572420157,1.6028482819064351,0.36609254701461297,0.02918466252393324,,
27.933423999999995,101.1098562531158,-18.940621493909564,-76.5855938134589,2.3366830037893753,-5.131151982583822,0.7910296301471993,1.340432736120614,0.6598591685216993,0.11414068483357373,,
27.942941999999995,98.20269954869687,-14.019947719278576,-74.8705943129585,3.9726885709009494,-5.289854394106646,0.2733260439725523,0.8265857850093301,0.7762091011074373,0.19606516491663056,,
27.952464999999997,95.94666108759255,-11.918575012701702,-74.94350593566166,3.2931268801640496,-5.6201129688101314,0.5046956958079528,0.30033079531838963,0.5276249811343579,-0.10201406374901466,,
27.961959999999998,93.33990144476746,-12.901457505889274,-75.73645173827589,1.4566911073490683,-5.129686970704517,0.15987862525030408,-0.31128224525475046,0.4365030247038747,-0.2630067565990277,,
27.971476000000003,90.8006707297217,-16.589374129788315,-76.36422033560247,0.3654004458261125,-2.9523756117229043,0.33682204146078354,-0.8275203314626293,0.29185311597570956,-0.2507988213888478,,
27.981158999999998,87.7143323856153,-21.791530529047836,-76.23417939042413,-0.885985744181148,-0.9778583202842863,0.5813563359827876,-1.14276134416982,0.31240806565591,-0.17158407179102034,,
27.990668000000007,82.91011115010494,-27.12152822947438,-74.73734087017166,-0.8193285423773812,0.4279316544861228,-0.043728947499795716,-1.2449678806482016,0.571879467702853,-0.08854271550170412,,
28.000014,77.90779691458805,-31.686211410759643,-72.27451477128488,-0.23104297551407255,1.1312314637243903,-0.9539528901217024,-1.1168804661787337,0.5678774259225441,0.010050001510866036,,
28.009518000000007,74.22688887680322,-35.080893075729044,-69.59097187341602,-0.6800696004784518,0.8759942237202524,-0.5903546638951921,-0.8369406994516183,0.34926490700957974,0.13405340110569486,,
28.019206000000004,71.43591432125262,-37.13891235078962,-66.94271654104898,0.11781736132091424,0.08547236277966173,-0.4725266576597796,-0.5436088198620832,0.2560250480552783,0.20134491703244714,,
28.028706000000007,70.75925181959227,-38.403423490089395,-65.31358842449049,0.4429405276171771,-0.24282775351788244,-0.38283717439215265,-0.26846091635997504,-0.015475765324809609,0.237809088316694,,
28.047559999999997,76.60413382513335,-41.550159582429984,-68.57338547791204,-0.3091558297907844,-0.6922508333935267,-0.7366373057043771,-0.09225331284749261,-0.6984718084647348,-0.0007902332837515994,,
28.066662,89.43247784204796,-46.18446051104859,-75.69896166123368,-1.9396723859004468,0.6817176662452474,-2.4946590314483137,-0.17521308656655019,-1.1123666358108817,0.19305980113482069,,
28.076164999999996,97.18110290913836,-48.420358186582106,-80.56910002183757,-2.4030346964838114,0.8043331571988325,-3.1785720311581107,-0.21170340118448075,-1.1320601947066402,0.14460993631889849,,
28.085680000000004,104.43487467978272,-50.2256108714923,-84.97731602935436,-2.245379381662159,0.4363386524908997,-3.7105491280099137,-0.22962302844590596,-0.9949753565363307,0.20404745945610267,,
28.095193000000002,111.45401431658071,-51.67448433223413,-87.94269687033115,-2.658768190853312,0.47562544605859886,-3.808069556645478,-0.2252672386195336,-0.9115880458709194,0.49800171983580593,,
28.104701,117.44136715359895,-52.433022081350046,-89.92090339417618,-2.6521015368447713,0.2022891370643128,-3.561898797651402,-0.12831269390806163,-0.7495331678603769,0.5501133742942574,,
28.114219999999996,121.83105527988863,-52.24769488930134,-91.13364745625819,-0.9520609870694715,0.01640347859402981,-2.4041741820376306,0.042108801375303075,-0.5466777707336873,0.45414275823064415,,
28.123646,125.03391628730961,-51.35387635926923,-91.330305225527,-1.2450806634322131,-0.9256667936463686,-1.6278149228945904,0.18064371395860343,-0.4093523392195083,0.4659362769835327,,
28.133169000000002,126.76177911284235,-49.975844576703516,-90.93682622584282,-1.9380371565890788,-2.2014738589940257,-1.1494954188287587,0.2820400900759004,-0.23346447237980555,0.3476991577106668,,
28.142854000000007,127.79752669874232,-48.329003228082854,-90.75348667002908,0.7588110496619644,-1.410352397947058,-0.02573997100189432,0.3383577636616975,-0.1491051277917647,0.19480636295637618,,
28.152358,130.83192209126292,-45.78261994448117,-92.65253322830246,0.7978569284871196,-1.6906637334205934,0.43382716206754823,0.507830542920814,-0.4374867441648314,0.06590010343926048,,
28.161870999999998,134.62711406834023,-42.81104678580264,-95.57508166214124,0.8659415792491786,-1.9842967725725056,0.8391103884684918,0.5647111805300522,-0.5938491334940794,-0.0527976974439895,,
28.171372999999996,138.12716543251778,-40.26400439265783,-97.87260567488512,1.4735928360977966,-1.4266278125901406,0.8811021103787482,0.4553427004852998,-0.5893996604948104,0.006447245830935072,,
28.180894000000002,142.2575882566157,-37.523456962940095,-99.70564875551715,2.08134295968405,-1.0621692588909217,1.5475889006009276,0.45414032940347787,-0.7286002949171405,0.15434278000788426,,
28.190397999999995,147.36775019815195,-34.58860864879815,-100.65273065781066,1.482295840704898,-1.498334326230589,1.5511002079006029,0.4423937616572826,-0.9263423015358623,0.41517591435314183,,
28.199926999999995,153.34525519410627,-32.15381544049943,-100.2809029700008,1.256009505242461,-1.7130945837089635,1.4364467332217026,0.30826273424246675,-1.0792164851057424,0.7359584921577521,,
28.209426999999998,160.99269495148604,-30.33523272542573,-99.16870230294856,0.5517328858240439,-1.8237093752659261,0.8863107797388063,0.14742476824541056,-1.3588572058290174,1.036401937778456,,
28.218753,170.10073706605553,-29.259136013152382,-97.86672860073695,-0.006584397660723528,-1.9796280454386241,-0.3359085965506206,-0.01186289016413807,-1.6028912358513898,1.1882674448374344,,
28.228263000000005,-179.88183403130355,-29.247120597685953,-96.79504836848257,-0.04329776832961006,-1.8125587126880887,-1.5789829209484159,-0.2111617788223983,-1.740512407609422,1.2115636881002565,,
28.237860000000005,-169.34972979078898,-30.28036675057323,-96.17362457903836,0.09326725153265512,-1.180474116795595,-1.911788572719657,-0.4026610137919446,-1.7987201991176884,1.1864089397916708,,
28.247360000000008,-158.98106143126128,-31.923119709379616,-95.8289517185916,0.550848730208775,-1.3326213085783294,-3.112922800743563,-0.5046494884503034,-1.7352246187680416,1.162865464928347,,
28.256864,-150.0265043318159,-33.69275908476077,-95.10929008778213,0.70102558075683,-1.1807005867624503,-2.1929698414766783,-0.4892402035492033,-1.466908961218348,1.1349227807503643,,
28.266313000000004,-142.47025447871493,-36.125411315786295,-94.13515775774087,0.7795842856944758,-1.0532205325125092,-1.7252620332780957,-0.5797724374057102,-1.1967478844807788,1.0840599170531757,,
28.275839999999995,-136.7649065314084,-39.02533229917555,-92.76206536680972,0.5762982477980497,-0.7222380668600832,-1.43766894583586,-0.6296675465676894,-0.8668264162364423,0.9994510431296877,,
28.285331000000006,-133.89797654172736,-41.80405205486621,-90.50427982755531,0.34888964081569446,-0.21764659598576258,-1.190535493094358,-0.5649200798743497,-0.41802448608295667,0.8519363914292679,,
28.294925,-133.63795524606127,-44.502134745144744,-87.79259319100619,0.21238469197949872,0.45136328286648025,-1.347948642179938,-0.535948423771553,-0.042254405817238265,0.6013016912041015,,
28.304441000000004,-135.32687025490787,-47.19394170257238,-85.11349852894163,-0.16383554618687213,1.0783667737842664,-1.9411705665677252,-0.5485317100131007,0.20624048266548384,0.3162314737726618,,
28.313949,-139.3822323281994,-49.334961635937596,-82.04190134084647,-0.17258449488755523,0.8912491765637448,-2.8962424679612058,-0.48184895118700566,0.49391084621043824,0.021032646064400865,,
28.323456,-146.4386405670725,-50.69279104863118,-79.00758480499667,-0.03438395900449156,-0.17451737551487526,-3.439420213295149,-0.4121379990232459,0.8553219510771989,-0.47543116947467784,,
28.332964999999994,-155.4223868053939,-51.782021972239534,-77.48261390457556,-0.2473995221714278,-0.7523552597355732,-3.001067467440389,-0.4368489830777546,1.062212698028915,-1.1168828418237988,,
28.342485000000003,-164.9580560341547,-52.36955276621236,-78.25158257757813,-0.3438564476023141,-2.0436644271840603,-3.203672352046463,-0.3551237824812118,1.126058918348184,-1.696801471798736,,
28.351902000000003,-174.27081889738838,-51.53651557882767,-81.51160219205882,-0.6651059240502049,-2.651265981485702,-2.237889781752771,-0.030896635656995203,1.1636842030988794,-2.1703691693032736,,
28.36141,178.26947350755148,-49.787241424149464,-87.21455378438607,-1.4370992950277095,-3.7002333746716376,-1.663487716580283,0.26359933102847094,0.9786329374082193,-2.3569119924511064,,
28.370929999999994,171.75420408011823,-48.14867873812561,-94.2185566125273,-2.688744647783049,-3.8365837873763193,-1.2765615084637267,0.3481463563753635,0.8518545968169742,-2.4381461235887785,,
28.380433000000004,164.5422527410838,-46.30063702456322,-100.8449945200317,-2.637207356180616,-2.053036349009979,-0.6794567767254381,0.5047672306329425,0.9210074178249757,-2.4295557041581497,,
28.389942999999995,156.7399947403324,-43.38845242540154,-105.74095909944225,-1.7389809834780827,-0.6675841961313436,-0.2767504158920822,0.8307359359589451,0.9391386253340964,-2.1204919318746844,,
28.399642000000007,148.6538430234505,-39.46822440579141,-108.24384553041274,-0.604720330248262,0.2542277206409759,0.188783984135984,1.1133135997127628,0.9243119303187705,-1.5927375025045276,,
28.409146999999997,141.1106722493503,-34.54734719238343,-108.77498296428323,1.7636676090470202,0.7159333528192094,1.3868251724483736,1.3248741543656015,0.8212708572612069,-1.0141791480927111,,
28.418662000000005,135.81287633610938,-28.840690283828653,-108.28904959843734,2.9967182102275784,0.12695062332448126,2.0955691030143044,1.378269998952131,0.4813995280697674,-0.44553487910842593,,
28.428176999999998,132.94574753666748,-23.486113213763137,-107.03308607980573,3.0014165885407795,-0.8221107585119023,2.140916089767339,1.186299299565089,0.15402655023606426,0.018701402410304956,,
28.437686000000006,131.88341716945376,-19.83979836109715,-104.92380248816472,2.8167191457978906,-1.5864070144140499,1.8218286636909007,0.7650487879103064,-0.02219397852203371,0.36925862170721413,,
28.447202999999995,132.4973580287491,-18.65905885579964,-102.40191266738705,2.5573965367019813,-2.430031761984377,1.56722899333174,0.21134587432201976,-0.17885960218565033,0.5794834844282772,,
28.456695000000003,134.82940140933815,-19.99884046904485,-100.22922704858674,1.6378903642925167,-2.104642336994834,0.7269496186628465,-0.34025521692244315,-0.3883661333636577,0.6253084809443076,,
28.466032000000006,138.50379395514048,-22.800676173482536,-99.46300095152655,0.41631575331528836,-1.9089474613324322,-0.3454802603771096,-0.660064985389876,-0.5875091255974363,0.4460158667773868,,
28.475548999999994,142.92098070808436,-26.8025158061349,-99.46400623493324,0.3588537270363458,-1.2553790299338348,-0.6833948135023822,-0.9117329480459934,-0.6687949037913176,0.3820818017080504,,
28.485048999999997,148.08056525153629,-31.321220187842727,-99.4955089770708,0.6485321271246333,0.0165197002016121,-0.7500036181020794,-1.0298481888466438,-0.7499990551080633,0.5022402685453353,,
28.494633,153.63260908583075,-34.823985108708,-99.34825940479621,-0.44940736601600506,-0.02833387910260291,-1.6407754285520102,-0.8330812733994271,-0.8114917295360724,0.6480250033489402,,
28.504152999999995,157.3902286521033,-37.53088561629229,-97.96277673628398,-0.6967890546153573,-0.6129775332883334,-2.1021705807134543,-0.6161587065853764,-0.5249715654311842,0.7432186387883041,,
28.513669999999998,158.93780228238364,-40.27197460025788,-94.74824806601883,-0.449923172341001,-0.5944695609431495,-2.169385095479819,-0.5607650283116833,-0.18373759608942505,0.8694759674611605,,
28.523160999999995,158.43546361677156,-42.611892472944234,-90.29128134428024,-0.7085969315648909,-0.8023697883371854,-2.3496802374422816,-0.4526229353720391,0.09224132534259098,0.8640603865174871,,
28.532693000000002,155.5596903768977,-44.42323688535625,-85.45638810051823,-0.5108028825707209,-0.7333188424133783,-2.3418306407245666,-0.36481223547602504,0.40078673632881573,0.610352536438852,,
28.542193000000005,151.64380858425164,-46.04789815463994,-81.01315003381623,-1.1121764615762644,-0.7366378482929682,-2.8910331578270423,-0.3745963191448715,0.5072896393851817,0.36310815134989616,,
28.551713999999997,146.61931786392844,-47.522069401745036,-77.63776665018062,-1.7039046751610258,-0.5979283477132897,-3.3637471529231027,-0.40410064548029867,0.6194106917910102,-0.0409498093688097,,
28.561230000000002,141.03133472991345,-48.9107462807594,-75.83024330063915,-2.5917967574837943,-1.2076869616838424,-3.809456456819494,-0.42841462488149246,0.6583336380087936,-0.4694873333867758,,
28.570738999999996,134.6370399632886,-50.760984896298055,-74.98602091387716,-2.8166320011050616,-1.4362542309531063,-3.54886756074529,-0.553598899065788,0.701333554394189,-0.8193231189225314,,
28.580244,128.16371038561525,-53.13709960749588,-74.61006129964967,-2.693052674945258,-1.2282685497625077,-2.8381874695349376,-0.6559474584948863,0.6406585535523486,-0.9614926041554414,,
28.589676000000004,122.78322776424356,-55.26491764197014,-75.29613385545619,-2.4495240420905833,-0.8236513718959645,-1.9205754777974196,-0.5629484326021725,0.49151511776208756,-1.0274844499680869,,
28.599191999999995,118.87260791995455,-56.31558846237767,-77.51215458522721,-1.995818370384672,-0.5895166798232664,-1.1302983117334815,-0.29665738158149735,0.37105066696305783,-1.1102096351500947,,
28.608695000000004,116.35611524696648,-55.69018929637077,-80.71534506982837,-1.470261080233594,-0.33889392013493636,-0.5500063245490471,0.0804516856796086,0.29219101543781795,-1.0776101138425536,,
28.618403000000008,114.71392353783888,-52.84803677918649,-84.25238125418572,-0.8939137318987328,0.18463661957750452,-0.3435670928933054,0.5489718402141898,0.2565477568441305,-1.0111634974596362,,
28.627912000000002,113.86025899033824,-47.46363825235815,-88.31256375549627,0.1506799732631777,0.4288610192186311,-0.0998174944106912,1.0781492690489556,0.1708456652138862,-0.9782941178462077,,
28.637414,113.72354389397053,-40.16812419585236,-92.0483035162626,1.0816453322907547,0.1813470230762382,0.3457674820378824,1.469770036471554,0.006372366887238227,-0.7940119906448235,,
28.646910999999996,113.57328031806819,-32.30151050164122,-94.52332151375643,2.564086822421552,-0.3851825435633263,0.9521508221868592,1.5823190607299,-0.07544458976052358,-0.5316675341053647,,
28.656257000000004,113.03426704808042,-25.17746826155785,-95.76661578644544,4.052280789975211,-1.444061341587719,1.4440143922980173,1.4371758341537786,-0.0435859168564312,-0.30900453543314976,,
28.665769000000004,112.04914236982918,-19.89030304438527,-95.90185126969813,3.964736335659676,-2.777091093564339,1.3253042192028224,1.0795465796680517,0.06339355251811793,-0.09808629601501631,,
28.675281000000005,110.74661371041736,-17.207397134165884,-94.6615739601346,3.747807632816766,-3.6893957305478433,1.0038467234052835,0.5657490473784269,0.18685852039792006,0.17877615911736627,,
28.684790999999997,109.93737401027026,-17.047991253376598,-92.61668260379633,3.6371231361062155,-3.8202200019110513,1.0120620612193534,0.05003928865358236,0.14329779783056543,0.38428793361765706,,
28.694295000000004,109.56176021128273,-18.809225536624716,-90.44107415826616,3.1324287207419093,-3.1278847128655087,1.032171204819498,-0.3420529864261536,0.07238208504476891,0.43824387280426386,,
28.703798999999997,109.19637245277896,-21.615789382694093,-88.74807585999085,1.278636884124872,-1.7951097376154117,0.12372946248073997,-0.5536804684091767,0.056176230830006176,0.33212298472668766,,
28.713491999999995,109.1210612022354,-24.927875947884427,-87.16043247830059,0.8018672893839965,-1.0388791621931113,-0.07949623559075318,-0.6543257155245502,-0.018305429575439448,0.3307063748089777,,
28.723011000000007,108.64719246697274,-28.677307135252473,-83.9530735072968,-0.34228140887152875,0.18917237947608864,-0.5769320075444235,-0.745682412591924,0.018148693954507054,0.6211062126809693,,
28.732352999999996,107.50049072821696,-32.02665285056001,-80.27085432577226,-0.5665187044357287,0.848665185355675,-1.170701525132346,-0.6815829080292363,0.09619609411530564,0.6397022153541745,,
28.741839000000006,106.89188025899183,-34.7552128999438,-77.07980843207542,-1.5027962360662264,0.3328379374668655,-1.4662065263310222,-0.5454563723973157,-0.015523072234306967,0.5856274213844417,,
28.751354,106.22147366553939,-37.493777190165616,-73.28486161751269,-1.931053771325407,0.05235883311346857,-1.6542020726320659,-0.547155873972684,-0.04296898139324753,0.6945490042906107,,
28.760869000000007,105.41701409154831,-40.539864187525495,-69.38988252618357,-2.015721983444091,0.1401673413684921,-2.1173563923373298,-0.6067659088822854,-0.08364589255972468,0.6917441016756194,,
28.770381000000008,105.66268101269775,-43.99593215702275,-67.00304898411886,-2.377506695717196,-0.2705302258410492,-2.368117600557853,-0.6174852516633657,-0.2977255130811437,0.5170698334281524,,
28.779897,106.46344918180593,-48.167810510258,-65.46437237034148,-2.827660651103411,-0.7192109849011056,-2.6549785055256514,-0.7077162527451047,-0.4452233055397129,0.4222871859546165,,
28.798984999999995,109.3274250592537,-57.188697091609086,-64.42327299864495,-2.969681698705462,-0.5772919996417244,-3.328698446913999,-0.6721835165278637,-0.582799990656907,0.27792047176928447,,
28.808508999999994,112.16465319625766,-60.22555720097814,-66.31517700309745,-2.7379299982774112,-0.7310141499849007,-3.164005418217559,-0.41726672564893696,-0.5275021066184936,0.10840247693854485,,
28.818019,114.85686073011773,-61.336841614943054,-68.4764549085,-2.2152424004557005,-0.7171017926628817,-2.791570665963184,-0.09193775093011088,-0.33427084651113065,0.03976852250806845,,
28.827535000000005,117.14288277635488,-59.97304710661157,-70.60571349751862,-1.6192215226175994,-0.5205726344723494,-1.9842202700975313,0.34644334486706885,-0.12068712247557409,-0.025338873805377807,,
28.836963000000004,118.58003962321348,-55.97841486100403,-72.95980273383093,-0.5289691714242291,-0.5272789635801329,-1.059634147389468,0.8195317532445839,0.09873073426292227,-0.22570858528052376,,
28.846677000000007,119.45618884182892,-50.05766384282902,-75.15515021610392,0.47559682479928134,-0.832616990472676,-0.41992327285955816,1.1808497750472027,0.2173568689675815,-0.29844433357237216,,
28.85617,120.59367340398023,-43.334538571744076,-77.12045509624149,1.6023470006137657,-0.8816851935420934,0.08838752935529866,1.3561615744421602,0.1637795722104516,-0.2276669017573625,,
28.865663000000005,122.5510032920447,-36.96586968195456,-78.96001974228695,2.4938344476962673,-1.0428166719152878,0.720682541456279,1.3211996345588493,-0.035981785448288596,-0.11632964186170239,,
28.875187000000004,124.77658291403175,-32.29795590600255,-80.13270703570224,3.36110680644308,-1.5103948650462322,1.4611913974483735,0.9973225962858207,-0.19796422167931974,0.01702613138510064,,
28.884689,127.01917116547837,-30.433150627078813,-80.20428624264844,3.5171021705593892,-2.306700745600653,2.0598726301959385,0.44530554274394885,-0.3205996718819113,0.2178244274579672,,
28.894213,129.3175299277054,-31.45911215829586,-79.50420224549268,3.62098142606992,-2.935843629349874,2.4874000672069823,-0.1203974087648219,-0.4308793544580541,0.37574870507145,,
28.903710999999994,132.8233724341714,-34.42719121437639,-78.79510875122824,2.807994045437329,-3.1095405559532203,2.0741590167044115,-0.46001187030884755,-0.6961024292755561,0.5236164276045843,,
28.913222999999995,138.2930429140504,-37.575011452535705,-78.9035126236542,1.6441899008680683,-2.7824408947397385,1.407280843041365,-0.4337249803559426,-0.9960533124501187,0.6233564871937272,,
28.922732000000003,144.56523722696917,-39.90614381133082,-79.16458224525365,0.7121198435582389,-1.6975864260101232,0.34995330601589125,-0.2584969206459888,-1.0544173272583115,0.7362306277166926,,
28.932067999999994,150.02044379471909,-41.21403029577353,-78.26573877568993,0.03520103316684905,-0.5532615650964936,-0.8919174778285842,-0.08127412915394178,-0.8680786326914802,0.8936475919575972,,
28.941669999999995,153.59444326687884,-41.86960991833452,-75.34206336281441,-0.5349216407016465,0.013249404703571077,-1.9840545668422889,0.007106828065530656,-0.5533929290144912,1.080831278642837,,
28.951161000000006,154.62912732672038,-42.60926690634808,-70.01034671477011,-0.9434188199477394,0.2506933173493344,-2.808062684255521,-0.08290962430107285,-0.19092429714173415,1.236563779812255,,
28.960677999999994,152.70989243550582,-43.576166315725466,-62.82187546992517,-1.035194325350698,0.12095546310486639,-3.306363056008456,-0.27647916973704173,0.18120119212637736,1.210742318674079,,
28.970187000000003,148.01523941137586,-44.544141733266315,-54.918832969062656,-0.8118200448633818,-0.08617430110663463,-3.5146305623809275,-0.5014023634435185,0.48098827443965525,0.958629987122938,,
28.979687000000006,141.71791162789017,-45.49240725414894,-47.85078355819331,-0.6407238578066918,-0.4350127956837192,-3.5736884134497973,-0.6900763657954454,0.5823038143009145,0.5683154925896471,,
28.989223000000003,135.063166941278,-46.789352258374095,-42.59649892930679,-1.106752422031671,-1.5874718512768333,-3.7434467308558688,-0.8204992723799236,0.47658203457814907,0.11272749977775205,,
28.998712000000005,128.0218023526491,-48.61179913813809,-40.125879690040705,-2.1769299421176975,-3.113187256230383,-4.136868131916399,-0.9394617434970958,0.3558225554689762,-0.5564154726386875,,
29.008226,122.3954160589623,-50.691200624634504,-41.735867668310405,-1.400681669229236,-0.9412164996671009,-2.233668731575039,-0.8104108822983901,0.1636554651294344,-1.220224738284477,,
29.017663000000006,117.62498810383116,-53.6848555471937,-45.249062550539136,-2.7986496398274507,-3.2340640464624806,-1.7601562651566296,-0.8237779484708188,-0.03399650205032813,-1.5195860609744212,,
29.027172999999998,111.64831296454658,-57.22892366826155,-48.75579399839316,-2.8920836582199687,-2.103102147353565,-1.8216080912343526,-0.9684401101355711,0.00762420671330559,-1.7600328120868651,,
29.036685999999996,107.78696702626044,-59.697836476990275,-53.93287603822782,-2.221667937109805,-0.23083993336925346,-1.6610728810067987,-0.6259309172037726,0.0011156261624937892,-1.766745472484247,,
29.046185,104.65188538858274,-60.053123428499426,-59.436143025112855,-3.4278271199219352,-0.3910874117920759,-1.4665753230753542,-0.22083486729313512,0.21792344528401386,-1.7064541934113202,,
29.055706000000008,99.74136398541835,-57.85123432415905,-63.277168064126734,-1.5245578080454418,1.19285477158509,-1.6730326895485577,0.1538009131710712,0.6494622875254165,-1.6603527473282065,,
29.06521,96.54291327113991,-52.924997833663156,-67.38692056346468,-0.5476698140890047,1.648505768127211,-1.3901748745044527,0.753952796016379,0.7349967816317297,-1.38761587401386,,
29.074728,94.52715232912442,-45.91115302854319,-71.70200896785079,-0.09229764881139796,1.2027786211835092,-0.3640796573680137,1.232952113399526,0.7289813292409308,-1.19884264941031,,
29.084249000000007,91.85304077818648,-38.123918939371585,-74.96075072293344,1.8690784907824982,0.36644225746831477,0.067636939106043,1.3872747957635692,0.8198636174615042,-1.0331366948360017,,
29.093756000000006,89.53741999103534,-30.94952010714769,-77.57780375623207,3.2280301221828243,-1.062721652546253,0.483815333886529,1.3117696010137252,0.7029254011110452,-0.8024592341287063,,
29.103175999999998,87.15501723308932,-25.499896356815867,-79.59184915756707,3.1066171161597773,-3.0811206985843818,1.3158200267064144,0.9927236892258058,0.618376675408363,-0.6358661354360746,,
29.112769000000007,83.10082511888223,-22.34036264863244,-80.4521865207832,3.189635843233249,-4.574883004640923,1.6103447340289856,0.4996698551913269,0.8308075300430539,-0.5094660207057405,,
29.122285999999995,77.85613331001586,-21.39295536155839,-80.7817056594094,3.5111392048717023,-4.799401874917642,1.7149707408959232,0.033024124278183284,0.9825597259405301,-0.4532564762679176,,
29.131792999999995,72.03610039700312,-22.03503620433406,-81.25129218438514,2.474742238660953,-4.304925458698536,1.2892270935174197,-0.29214629678439635,1.039237118708505,-0.5190018601843398,,
29.141475000000007,66.38853552972805,-23.70501152258601,-81.73672783518226,1.3936239192836508,-2.7495183588506324,1.0585180178792544,-0.4819413053755168,0.9706759392800594,-0.5283454323168802,,
29.150999000000006,60.199470943961124,-25.891332189627057,-81.75113361049645,0.6809081107970055,-1.0674277777477128,0.48296433010847056,-0.5928311222315378,1.0397950868937793,-0.5117481989074907,,
29.160497,53.63851490551718,-28.439251480577877,-81.04474287415461,0.2797793994141941,0.012716139786533113,-0.3496548194665075,-0.6781149574981477,1.0684089202925908,-0.4430934909694647,,
29.17002,47.229256783246015,-31.36933323362693,-79.30825996154086,-0.17214871492683,0.5683790122472203,-0.5808817233632778,-0.7675582124148301,0.9848477373872031,-0.2742292063577551,,
29.179339000000006,40.92625246378203,-34.50301663897371,-76.12795792505945,0.02848877008175573,0.30791844942668,-1.0454158031706562,-0.838419409365151,0.8901670278516592,-0.024962959088734096,,
29.188849999999995,35.5725597039492,-37.762822777727266,-71.4932048094576,0.32122578759791326,0.0770227509765521,-1.1728094563874403,-0.8686447929425237,0.6379230141770958,0.3238434451042083,,
29.198370000000004,31.652999062016793,-41.25758786563565,-66.00796632242445,0.4296012516479551,0.1739568314713171,-1.050522113273794,-0.8722204422096466,0.2990366393062395,0.6331062590979963,,
29.207888000000004,29.453846821322706,-45.1486478507461,-60.46180226743076,0.013715495294957643,0.5593728815336529,-1.0656899665764195,-0.8407104134612362,-0.07647683220079866,0.8411446376329519,,
29.217384000000003,29.378733111512297,-49.522499994926434,-55.74515849111636,-1.169984852311031,1.2468306128788924,-1.4222069043636854,-0.7487868505414612,-0.46705882555206185,0.956438978016917,,
29.226901000000005,32.20024569719456,-54.225209864289894,-52.92922222917447,-2.4261594062886567,1.6063585446650177,-2.4294941116643503,-0.5601762383855808,-0.8456633894554446,1.0256830908303642,,
29.236419000000005,39.49313697352413,-58.69181545413441,-53.107818338768936,-3.590203329258211,2.0679018063144907,-3.2855161732348566,-0.2251577166107245,-1.1950731577486768,1.195010895456395,,
29.246007999999996,52.21305911568196,-61.2686475891506,-57.18863856995855,-4.22429521384404,2.727109668636987,-4.749774608138505,0.31044585126294927,-1.351077241914361,1.4043602480458828,,
29.255516000000007,68.58020103178622,-59.27512336392552,-63.94549262227151,-3.4990038785532356,2.5667072544887914,-4.269206494325263,1.1473904847366685,-1.2312852365091003,1.5149157938319135,,
29.264947999999997,83.25770303933605,-53.137865339837326,-68.05965989747234,-4.166236636598548,0.5115832036285385,-1.708486593194855,1.786920439898702,-1.0087421127042446,1.647187815858182,,
29.274456000000008,94.74025483918066,-45.897931513037335,-68.49081212013147,-3.878140664864174,-1.4719965269497821,-0.452079941574237,1.9035728787259922,-0.8645530677126307,1.695717969825614,,
29.283966,104.48212345507305,-39.32245522344566,-68.8472245964965,-0.6109854467319236,-3.1458626230885933,0.4605707982390463,1.7558807906384388,-0.8697432958856995,1.2751914670770108,,
29.293473,115.1254595208426,-34.75132514536411,-71.15778893529391,1.4720207360267066,-4.556507411814608,1.2186211023644962,1.4499805180206982,-1.2938249689533856,0.837618327525361,,
29.302978000000003,128.2106188945861,-32.68046366571456,-76.20243062136406,1.5016977936568976,-4.413514306784336,1.6228397877059273,1.020485678740881,-1.9799284046579402,0.44638463373547177,,
29.312688,144.0361738552131,-31.18071378100897,-85.3681920609979,0.9512950822534918,-3.751123846169947,1.9285363406289011,0.739427328387045,-2.6094814744550505,-0.17148020145608636,,
29.322183000000003,162.02404380976313,-28.181841234308376,-97.12307800295976,-0.48433173051152206,-2.873792796018822,1.4244121569645989,0.542581288199283,-3.1443992342836147,-0.5827066645129099,,
29.331511999999996,-179.09261961902956,-23.229300552492155,-108.19948301261141,-1.5462984486492735,-1.2211990736805052,0.11667186568299083,0.22705148361709745,-3.5442430806777923,-0.5927126793826811,,
29.34109,-159.70162137103515,-15.969239640058236,-115.67713878726502,-1.0230444587256524,-0.748820059842428,-2.833873440157599,-0.013507379031773032,-3.93797051051825,-0.241092343065421,,
29.350614999999998,-138.54340038409242,-7.023489166861462,-117.2461426010806,1.2933853255337535,-2.6267627970503176,-7.418678860250367,-0.25151041519595857,-4.515877593843482,0.48165262141946186,,
29.360146000000007,-117.02617882171795,-0.055963430546955364,-112.34113732415629,4.270220235868581,-4.415420955631526,-7.543828540193368,-0.5476311536399453,-4.493109094473609,1.2098248261826126,,
29.369559000000002,-95.13829138653709,0.9989870730088691,-103.3694557935332,6.529944362365433,-5.994189644899661,-4.236777367581469,-1.1493985959365327,-4.245419339377873,1.7369634021880012,,
29.379073999999996,-73.56756619243383,-4.315063944462911,-94.40685743770982,8.012424574813437,-6.733684053839181,-1.1343610761940555,-1.7148211988480189,-4.11480145102867,1.8977831321708016,,
29.388585,-52.86181538043701,-12.612124002179655,-88.92785183309671,7.9891342262568115,-4.060426099647268,2.7998715204455866,-1.7684186184336654,-4.065318542406362,1.671019414503975,,
29.398282000000002,-32.54919483389206,-19.918829525262435,-86.95841606870354,5.624283124763617,0.2894940228655432,4.774691390821498,-1.3132477360744483,-3.965413108689892,1.503376066265248,,
29.40779,-11.768842827775488,-25.170589782555073,-86.1814592754902,3.1775260722916014,3.7806387858746073,4.2883578317941735,-0.8174315973978848,-3.9082157259797823,1.7379493862049378,,
29.417285999999997,8.015732520386049,-29.524987332855403,-85.21588419547612,0.29596747422150826,5.553524744493297,3.7431532200436077,-0.6091281634870134,-3.584381394249455,2.0275330857850005,,
29.426628,27.006025988342387,-32.606721372016736,-83.65303774266475,-1.9690379390211807,5.5757065189134165,1.9301393744782336,-0.30494758607248634,-3.3136665840319073,2.309995066123632,,
29.436135999999998,46.06500262695051,-34.26486138575709,-81.33898119994153,-4.452585876756162,5.583750720391333,1.259153185350464,0.07995754514701407,-3.2152336190047652,2.612804731442824,,
29.445641000000002,65.08165367939793,-35.625604889131566,-78.70458039536834,-6.424075196921017,3.0603448436678606,0.8268697953554865,0.2699715306698701,-3.1362753842800073,2.7551897485297445,,
29.455158000000004,84.52946878092361,-37.84945324470129,-75.33536660239517,-8.160967265215803,0.586568795640269,-0.03788453036713854,0.2710029594795903,-3.155229343846763,3.0495139705330594,,
29.464678999999997,103.53057413243673,-41.50575514621489,-71.38455309786069,-8.334485759041662,-1.0603717249753146,-2.366228240095112,0.14744987065152354,-3.0266851588428705,3.2670920861583244,,
29.474180999999994,122.98088348996833,-46.04501031793866,-69.64278655509742,-7.0838169292504745,-3.0445120940220183,-4.620824358604555,0.09637202251734832,-2.959109537482492,3.090007163449564,,
29.483782999999995,143.66201405635272,-49.81112987663053,-71.37074156100037,-4.897729893758382,-4.447283066112488,-5.763204805957174,0.23038608651663298,-2.8655859702766335,2.7781232168539263,,
29.493277999999997,163.91194041680555,-51.57387320893158,-74.88560591274175,-2.3254406377396064,-4.142783873491333,-5.050774052568863,0.418475934941583,-2.5563314574361917,2.4828880698899627,,
29.502794,-178.61972640698372,-51.227047216070524,-78.10913234091677,-0.4911648254819416,-3.9735458479243757,-3.7302345053076924,0.5836809128522166,-2.10199062598925,2.1290416605430313,,
29.512223999999996,-164.78753085343197,-49.32642731147385,-80.4926503515813,0.7296150457760749,-2.851187011058385,-2.129257907462069,0.7077300853774928,-1.6653805020562196,1.6834493134268882,,
29.521735,-153.22394341427136,-46.009958410200504,-82.80551521239786,1.0815911431398944,-1.908828126696777,-1.417207740633137,0.8858604648054267,-1.4441637503647964,1.294518313782084,,
29.531332999999997,-143.22816407073142,-41.43725113283676,-85.57666345931673,1.3354142198545957,-0.7908984123874624,-1.9439336298640408,1.0592767399131522,-1.3443515039677534,0.8556516851028921,,
29.540841000000007,-134.79994411383333,-35.58925136836796,-88.77796050834013,1.5800879380780113,0.5650503595287152,-2.2194473308096594,1.2364286450860111,-1.2596753507445695,0.4182702741107304,,
29.550351999999997,-126.75962631402852,-29.081550171858943,-92.49565952799367,1.998734929612177,1.3983702749383815,-2.4801672463226816,1.289158071592267,-1.3737094333634985,0.10907587999109825,,
29.559782000000006,-117.9331148001901,-22.99763049645678,-97.1383693133427,2.520596392687652,1.3283269595106668,-2.2365015776793973,1.0809007218221194,-1.6844045778416337,-0.17345291023249737,,
29.569291999999997,-106.92126914837321,-17.543255230373212,-102.32514415647357,3.794687662835625,0.4567784020135074,-2.01659883311191,0.7246581775286971,-2.2238892618640813,-0.29559125749082965,,
29.578798,-93.81087778407772,-12.852806663464856,-106.01453071565635,5.459033182427939,-2.2042651428081173,-1.2479663210624776,0.28506754030540554,-2.6872807599382953,-0.06949708837603519,,
29.588305999999996,-80.53829076459687,-9.675655032653054,-107.16087782041217,5.158821819902531,-6.1505842306302005,1.1864565100141755,-0.1420318853875597,-2.681380266898681,0.2748392413099463,,
29.597826000000005,-67.42294040687337,-8.007804921009988,-107.78639083300068,2.7075748173456553,-7.6123292186758285,2.4967643295126902,-0.46986716981473714,-2.577586200884291,0.2676526913370209,,
29.607344000000005,-55.987823230284945,-8.267787216355588,-106.17215284873525,1.142012747126977,-6.277369287145132,1.6944665406609185,-0.7219484106330452,-2.155564852855336,0.6411640723377632,,
29.617030000000007,-48.44860324833039,-11.30309653035238,-100.99157781233039,0.44685651412638094,-4.8937253401134955,1.9789930992720752,-0.9523605350416346,-1.3070416388768817,1.309861669964927,,
29.626527000000003,-42.1486097517901,-15.535232937791248,-94.5724367426277,2.1693797992651733,-2.3730465024222247,2.8594706665455325,-1.01921803502091,-1.105147005295568,1.6141891274567024,,
29.636046999999998,-37.17997950419507,-19.518440320200554,-88.69852221196784,2.9152380110460854,1.1136710370305145,1.4078268094345836,-0.8374965761407716,-0.9306425102050986,1.514710882794064,,
29.645367,-35.772498577620865,-23.66612520841869,-83.80643219019429,0.811952014508635,2.483157540125473,-0.4548889694964561,-0.8235785891784935,-0.3210426765553369,1.1224232834370478,,
29.65489,-34.563390578120554,-27.779341706028415,-80.21792903742524,-0.8543268758480225,1.7642741290084396,-1.9844453180247867,-0.7967373579182945,-0.33640231483015015,0.8562896603897552,,
29.664477999999995,-31.423106881356635,-30.847088590214014,-78.48687113348355,-0.2159993843725012,1.2919912246764802,-1.8583599437439056,-0.513390515655972,-0.6593756034074026,0.67084834809711,,
29.673995999999995,-28.15826962568281,-32.746160111580565,-78.46049093684222,-0.7653324035518846,0.3287480542786331,-1.9860581851952606,-0.2723687770251094,-0.6277871646628073,0.3578608441091098,,
29.683501999999997,-24.802800283177138,-34.67111735585281,-78.55550565958514,-1.569905693734831,-1.2871938843214825,-2.2251977105341965,-0.2770205397831249,-0.6321766803074118,0.35751273090486424,,
29.692933000000004,-20.56593417501013,-37.36279367194184,-77.42620058366161,-1.1163156919418882,-2.1777763326203887,-1.648610167989841,-0.39466784995887105,-0.7916155004099243,0.7280735687772365,,
29.702429000000002,-16.089793011027997,-40.47247680458106,-74.77046600651995,-0.6769852744432002,-1.6221110230093723,-1.3545705884435018,-0.4474696098312252,-0.8353699734004649,1.1225505525537804,,
29.712042000000004,-11.609021792297503,-44.01526080246715,-70.5011264991569,-0.743873585999211,-0.5214400481263001,-2.111728690736981,-0.48924512261654407,-0.8553527687239392,1.5052169304339063,,
29.721545999999996,-6.14930538023457,-48.3780821053904,-65.089395140189,-0.6606762729807439,1.7391035624798554,-2.604190649933793,-0.5325136343195199,-1.0417209530378353,1.931421657717138,,
29.731055000000005,1.26601964716572,-53.18337335770986,-60.19127188693254,-1.052877561911376,3.13301870222234,-4.578529825396018,-0.43102099375170666,-1.2883223746242805,2.1949083789211508,,
29.740576999999995,14.727402826372124,-56.71245734120705,-59.556818219016705,-1.8138316424477725,6.0979221510863395,-4.79064065016783,0.16164090630136496,-1.706317984614939,2.391453737403477,,
29.749998999999995,34.60521759988039,-55.928129675822575,-66.07445711643258,-3.2615933565266557,5.741864481955628,-1.8369411262081978,1.1398206221446832,-1.9042074196758827,2.055746894597312,,
29.75951,54.29258486740025,-49.83364101093905,-72.22569791234937,-3.6146689787610864,2.5504826964516933,-0.9089229514251697,1.9712873880476827,-1.807156469250978,1.9536113769038286,,
29.778706000000007,89.15881535618877,-32.6679721726345,-75.2666096191158,-3.7344384913553874,-5.018382815283571,3.0956453809480227,2.282271796494744,-1.948857642965586,1.779084122798626,,
29.788041999999997,100.66608905319045,-27.042262221001277,-73.86594281955543,1.0059181021691128,-7.161140468141354,1.3248537489336853,1.6222415986729135,-1.638388391219791,1.4478828646294177,,
29.797559,115.76304876033998,-26.02304428165203,-74.08952550235426,2.316785000083372,-5.5086166663651435,2.40511867083174,0.9513192438616893,-2.5501561746070247,1.3166232705538812,,
29.807240999999998,134.99038593685938,-27.60689431861708,-80.02621474193853,-0.08268613083936965,-5.3919430028918365,2.158575029969572,0.4778561645778994,-3.42117996291619,0.5406440999565454,,
29.816573999999996,156.08101453214593,-28.93385811504913,-90.85831474253057,-1.4552015941817837,-3.717771284736072,0.7084074217730406,0.054026993678299336,-3.7291825601722044,-0.1973005044179371,,
29.826091999999996,178.62750197196453,-27.30152360527473,-103.26309337826045,-2.130777897233952,-1.0078414512137435,-0.8371062479910445,-0.14668080782013276,-3.991950760007139,-0.3942184557314956,,
29.835671999999995,-159.31812564816406,-20.583466621584183,-112.158018524382,-1.5953823316571545,-0.8586691003906444,-3.7198426842606294,0.05596628437890735,-4.252234820983306,-0.022644989009934308,,
29.845181000000004,-138.08218738028714,-11.54237813469324,-113.68045391663496,1.024982921261479,-2.938303569611567,-6.9218161166635825,0.06561627927907732,-4.468594602721806,0.8502385179694821,,
29.854684999999996,-117.08417831761159,-5.617027030059934,-108.31072769842093,4.304145058819759,-4.939920084459772,-7.201925183950391,-0.3953737746131045,-4.311784434546411,1.6962743712285369,,
29.864123,-96.58302558161347,-6.559985993946262,-99.55003036602375,6.665287799035407,-6.316360916023104,-4.102051018903826,-1.1717170370229657,-3.9263345196414305,2.191382939169054,,
29.873638000000007,-77.52170569228946,-13.70522316529393,-92.10946091386359,7.948368590408271,-6.0779215806386535,0.06180980987524925,-1.8018158707072809,-3.6044922770798795,2.157148912847708,,
29.883146000000004,-58.44168225648101,-22.773605454534675,-88.47710951741902,7.288646913049564,-3.6120531305320935,2.9789694963954148,-1.8250333924923956,-3.630779817900911,1.9024290686459884,,
29.892850000000003,-38.69167230630494,-29.719052541653,-88.06110156927119,5.260333048959486,0.0828850635316197,3.769954105407201,-1.276528934054882,-3.5951057420099004,1.811707432598062,,
29.902361000000006,-19.610309662203296,-33.67703762003556,-88.244470048373,2.7350257092218366,2.94186839710054,2.5976349092152677,-0.6917456021772408,-3.281098741939682,1.974016539534138,,
29.911679,-2.3194954382304265,-36.27584984535824,-86.98147175292732,0.6039436924436921,3.9133563501328656,1.1925646081403376,-0.4124316438221336,-2.8651463894635594,2.2665337969112453,,
29.921185,13.773866163109405,-38.3362266787341,-83.90925640054915,-0.4559777584197126,4.318359339156058,0.31006840184712486,-0.2199278768835099,-2.6003476080758707,2.6201707090451145,,
29.930707000000005,29.209940250163633,-40.41225463030638,-79.58558461773887,-1.8685825829465756,4.5420340553969565,0.22206508316759702,-0.0784822640780427,-2.4395094904148182,2.8912257490676496,,
29.940205999999996,45.37201503026507,-43.34983868435029,-75.27800265049618,-3.64071747503968,4.059871055307275,0.3942443217902904,-0.054628890429239935,-2.4958419035671366,3.088639771561902,,
29.949715000000005,63.71020549510611,-47.391325404891994,-72.42745791305207,-6.283952999022078,2.9646372037219995,0.4767820977671385,-0.05704254480432052,-2.7170880733857143,3.2429094771201123,,
29.959245000000003,84.22296140353043,-51.79868633790005,-71.51283980490214,-8.257972638088486,1.1020957973927603,-1.1816668832007342,-0.005114734086615925,-2.8146614077277534,3.366167277906865,,
29.968747,106.66906929856651,-55.729901607031714,-72.61556969754372,-8.533402609393283,-0.6837899975421872,-3.7432621072470935,0.08359814991202272,-2.7745236792632233,3.458933559869457,,
29.978344999999997,130.59151896811656,-58.16325252860167,-75.62810517350411,-7.592241198291745,-2.5369908453959416,-5.6941410318209735,0.25869462513202157,-2.6461406923080584,3.4741100790048067,,
29.987843000000005,152.72865174940566,-58.70975676287438,-78.10224949028358,-5.045958004814358,-4.675749483368602,-6.565730482777477,0.427517777199581,-2.2840948527286398,3.355095388702396,,
29.997358999999996,170.86561182956763,-58.103515575066666,-77.81107197510833,-2.0139966141800225,-5.408445459377256,-5.540916249946433,0.5204865910658932,-1.8356721833561427,3.231137718635212,,
30.006781999999994,-174.5788989542817,-56.911675939636105,-75.17056037486424,0.37172223241439467,-5.5524100398082,-3.488019089007845,0.6027610436498647,-1.4657086798941925,3.057462669269069,,
