timestamp,Roll,Pitch,Yaw,Acc X,Acc Y,Acc Z,Gyro X,Gyro Y,Gyro Z,Acc Magnitude,Gyro Magnitude
0.0,-12.67371680396396,15.305859253448558,-113.00088673447432,0.14466576518551105,0.08331611708458533,0.013002683648589123,-0.050599850637563684,0.014012704551983378,0.009971754705349029,,
0.009438999999929365,-12.583012019674658,15.191545539766912,-113.00098339179836,0.14982281316488183,0.08638404269796617,0.2854221016340926,0.0,0.0,0.0,,
0.019021999999949912,-12.378141910170307,15.299570310386882,-113.05929929182736,0.04427359454420985,0.17518008244422062,-0.08286237389460768,-0.052038963013199255,-0.035952362078160764,-0.026732965070376355,,
0.03804700000000594,-12.014545101744302,15.274885390804354,-113.19786134846153,-0.1343314817191818,-0.00892608374699509,-0.018097913455823365,-0.019635950759293534,-0.04221369946429969,-0.022279684241165533,,
0.04750300000000607,-11.804190457398605,15.323357879555473,-113.13773706064487,-0.15515888623238963,-0.08553499457324391,0.11205362571855483,0.0,0.0,0.0,,
0.07610700000009274,-11.882327661868457,14.463193803714836,-112.49522646893101,-0.04182384528151585,0.014799918633688252,0.00902662919231649,-0.05428015666479362,0.013005608429427584,0.049934262198722185,,
0.08560699999998178,-11.98898432406919,14.246782843606903,-112.26626567417462,0.029767913731029237,0.05216891905779629,0.052925436820857076,-0.05812741481289464,0.03898424598200827,0.04697589023484965,,
0.09506499999997686,-12.121214656387794,13.990941982874538,-112.19842474663997,0.09202831480873262,0.07755949301979685,0.09675741502188749,-0.05179161535212738,0.04269572400258552,0.02898860419479887,,
0.10457799999994677,-12.27723958334617,13.806844034866865,-112.23160012563753,0.14609811448873317,0.10573936714797955,0.09402052298561545,-0.036762663149755084,0.041533085718265465,0.006787065739693141,,
0.11415000000010878,-12.327507028705044,13.788314471144533,-112.33862044946258,0.12638759574338693,0.08171298708902577,0.011019656821688387,-0.032431016124917784,0.03758279634289568,-0.010367352550659044,,
0.12365799999997762,-12.286188582467783,13.73164261200746,-112.47188675856151,0.09648283750043928,-0.00035377092482132705,-0.011086645855803675,0.0,0.0,0.0,,
0.13316600000007384,-12.183807774680186,13.658712884478204,-112.58274840075293,0.05258065408143831,-0.0573111523834574,-0.02363009542961177,0.0,0.0,0.0,,
0.14267399999994268,-12.006452382616661,13.471652858994572,-112.60234109738334,0.0004246763691188889,-0.1122641821973681,-0.03431042575385326,0.0,0.0,0.0,,
0.1616910000000189,-11.540101699539623,12.92817643535907,-112.3345212631654,-0.0397024515367492,-0.09663868943896166,-0.023982372634485785,-0.059292347518335314,-0.03477809429575801,0.026299836185358465,,
0.17120900000008987,-11.306570730536944,12.687072065607975,-112.08463815017619,-0.03951406915121347,-0.03623034770654914,0.04570264413245495,-0.06832303864316203,-0.03293392453504878,0.035525950832274764,,
0.18071299999996882,-11.132114810909492,12.497703072229955,-111.85742933737404,-0.021695940940568984,0.026570079935149867,0.09739667611633328,-0.06738131781794628,-0.02248175846580589,0.03369455824206844,,
0.1901709999999639,-11.003856636456106,12.320605286570581,-111.71062554973933,-0.0005217014330581176,0.10262406162278427,0.10420100299912449,-0.05631964611742187,-0.010825183128266112,0.019680468121433575,,
0.20920300000011594,-11.046841224641364,12.048380741086406,-111.77256759408569,0.004530171544922728,0.09526433876479912,0.09798736510073447,0.0,0.0,0.0,,
0.21876799999995455,-11.21930730936742,12.022327535934949,-111.93905900912954,-0.006893379303799983,0.037052362202718625,0.07910665689214298,0.0,0.0,0.0,,
0.22828000000004067,-11.427029791149725,11.94794502482472,-112.10183418840315,-0.00628724060386557,-0.03745860990501621,0.033969894529395604,0.0,0.0,0.0,,
0.24730199999999058,-11.73268102324383,11.638419941891215,-112.23116566495062,-0.04268666801611059,-0.12029454866523098,0.0032308153658579812,0.0,0.0,0.0,,
0.25680400000010195,-11.711070330781796,11.491339511862662,-112.1463547228352,0.002006155451653165,-0.12406657925220466,-0.03349393328159258,0.0,0.0,0.0,,
0.2947990000000118,-11.577670520820698,11.298882242563137,-111.86609352655023,0.10104571749289472,0.06719250748713998,0.11558830059017455,0.0,0.0,0.0,,
0.30436600000007275,-11.569396404264763,11.41280917579548,-111.9941719807191,0.0354422387921311,0.10467741938392063,-0.009322896511233013,0.0,0.0,0.0,,
0.32332799999994677,-11.776784598688751,11.633842398371707,-112.37420021975406,-0.04361119689849537,-0.06154343261637313,0.15399260267367768,0.0,0.0,0.0,,
0.33284900000012385,-11.98808232585081,11.829285167687043,-112.48896559322837,-0.0630493055849685,-0.12015627101413817,0.13754869176755416,0.0,0.0,0.0,,
0.34240599999998267,-12.294323694353407,11.891770122358398,-112.51469045696626,-0.040861448351683885,-0.15891807015003115,0.0741393730267697,0.05157402907969675,0.038102301297702035,0.003512879575335516,,
0.37075400000003356,-13.765033770047141,12.744259480546692,-112.71177838528628,-0.32558605952969477,0.8607100862463277,-3.217347218652535,0.12322826229232899,0.09452636966762579,-0.007043831698006834,,
0.380188999999973,-8.563766619827469,13.629490392520005,-112.57257345150742,-1.7870435641743898,0.681911531302986,-1.6080443886583806,-0.23877390796436992,-1.0052001581514105,-0.2616777980171408,,
0.3898619999999937,-3.904833592541834,12.938574357318332,-113.64555633563197,2.8534312010646143,0.3411294069504106,5.618166831887795,-0.4933928774466937,-0.7835795952163669,-0.547796557018544,,
0.41823199999998906,-16.24310579258303,13.084104311992753,-120.11970863970755,1.1337609458342384,-0.914533059255011,-0.8035123336689901,0.1846286084605372,0.34265189643673133,0.014012608567442648,,
0.42774099999996906,-20.92817357697146,11.955372728577117,-119.11097565110255,-0.7337598984391781,-1.150269780968457,-0.5061156825188479,0.24417822699459887,0.9083414535794884,0.46523687052763907,,
0.4374390000000403,-22.639482056421297,12.8410038629195,-117.56613360673744,0.05407582791900174,-0.11935917590541734,-0.1695503391938851,0.30084157013646023,0.21031315389958227,0.42611767980658044,,
0.45646499999998014,-23.629458512472905,13.043459669276398,-113.31856042970571,0.5989252464027045,0.3452244986530048,-0.4483365267801855,0.0056049775455600465,0.24463508520460195,0.4870765472627148,,
0.46598900000003596,-23.146958315486792,13.385581641447102,-112.23613132697089,0.7176719586548334,0.570557280965042,-0.11030855119009794,0.012162744248216761,-0.11421202781202185,0.19298471928967845,,
0.47547499999996035,-21.729602740373522,13.912197247856446,-112.20120088152325,1.6161926496400365,0.34411613984088874,0.7512869828777071,-0.0209483554292335,-0.29617885974058483,-0.08171994412101817,,
0.5040080000001126,-17.92243773340343,13.728243348197696,-115.36346172919816,0.22558296924319,-0.4943985220678187,0.36588664179782354,-0.06943462145842073,-0.3637550567048974,-0.39833609023738786,,
0.5135359999999309,-17.30781954870774,13.613428165325516,-116.06798386266858,-0.8577995618053439,-0.04852502728643823,-0.3845524234865928,-0.08682669424230113,-0.09769257891684116,-0.21538514769114303,,
0.5230340000000524,-15.728692728892737,13.079292813861636,-115.8829806155419,-0.7818680475188514,-0.619248158066175,0.201370238344998,-0.24508193497204875,-0.2297868709164487,-0.06144106564850503,,
0.5325430000000324,-14.265061693367306,13.063351457927622,-115.06243973889508,-0.2999463246392385,-0.2708336802191568,0.2158576189407413,-0.13977017056148588,-0.25642746289312923,0.07676966037448398,,
0.5515720000000783,-12.831693271294869,12.241071104410283,-112.4681522839963,-0.07354751612419361,0.20020470640629406,0.4295458283104921,-0.18441114179830959,-0.0866986215192697,0.22597641352706482,,
0.561085999999932,-12.579878490336219,12.059764668845032,-111.71993065097111,0.25734607338225707,0.32285310869584366,0.6324527277277073,-0.06639515844014662,-0.03272678382257396,0.1501831389647365,,
0.5896060000000034,-14.331033731126684,11.94844201758765,-113.53205913880008,-0.012060034770627396,-0.06410363629280513,0.14862175187541574,0.05501470029361868,0.1459069899667279,-0.1908751318063139,,
0.5991440000000239,-15.197475451055107,12.153837496197877,-114.80598030156548,-0.19739455759590296,-0.11087395021394542,-0.17986270724257486,0.09276606464712137,0.13787760654355113,-0.21320099885922433,,
0.6276709999999639,-16.55207484689351,12.056682205881502,-115.80899783275137,-0.08006883456935543,-0.2870623855260669,-0.16114087365822877,0.01643254228728069,0.025172544412163232,0.05494730967238396,,
0.6372180000000753,-16.52836770852726,12.049471844846474,-115.13921394354364,0.15346296778196591,-0.04938006239083105,-0.09599635560177537,-0.017705808000477583,-0.0035677461607131794,0.13014508376578274,,
0.6657270000000608,-15.773073356026886,12.127632700467473,-113.83068572677007,0.34255184021160123,0.3701055196705908,0.05516378326398033,-0.01979803225457735,-0.059333885433882294,-0.0031809553635718715,,
0.6752240000000711,-15.507623581380777,12.16969901405577,-114.18261043787633,0.19176226263016424,0.2122952449443849,0.15750300062085631,-0.027788354767869332,-0.05113792113731613,-0.08481645623478028,,
0.703764000000092,-14.969290396475719,12.693450257817222,-115.84878776095054,-0.3643539386391628,-0.1855570355759718,-0.005698818112105091,-0.0012586280870284282,-0.0404737152291183,-0.08565744535098092,,
0.7132790000000568,-14.82344153058955,12.808944284106925,-115.81302373280205,-0.39830054395673975,-0.235981087324605,0.02539631164357703,0.0,0.0,0.0,,
0.7323289999999361,-14.636910933622211,12.88915482948584,-114.71336684826413,-0.1076951567559263,0.04216020656212594,0.02939414967606095,-0.023641222243588434,-0.008539596612486502,0.12845882039395742,,
0.7418410000000222,-14.688939350460497,12.798163927005632,-114.06281260887937,0.08364860413748872,0.14737449743722295,0.10203920803281706,-0.026698571057481867,0.016608464467760573,0.1291188011923692,,
0.7513229999999567,-14.870482858688488,12.743472755896969,-113.69065561469645,0.2336539404892058,0.27139767086873073,0.1059934141807372,-0.00996275255300711,0.0365828183864893,0.07915688691825437,,
0.7608099999999922,-15.157984447734966,12.678530854257017,-113.71073258987316,0.28176824155735997,0.2953897509979979,0.07744835215636735,-0.003642262239097405,0.05636774404729415,0.00534294349244463,,
0.7798890000001393,-15.693808845952873,12.578656779332752,-114.69624997841107,0.1524128409499296,0.03320809427048361,-0.014928043950724541,0.002180634228910891,0.046675018781231474,-0.11276325601116209,,
0.7893980000001193,-15.86281654017087,12.597029453325703,-115.27470113769338,-0.003989205263951393,-0.10365862647749798,-0.07661598130102744,0.00294704485344467,0.028443073763554764,-0.11156095652080596,,
0.8084169999999631,-15.61576833006919,12.688911746170806,-115.55331623819792,-0.13369586728825292,-0.25534664546078867,-0.10326711659779579,0.0,0.0,0.0,,
0.8179310000000442,-15.282484427351458,12.739123498651264,-115.15534891285694,-0.09959573771337196,-0.18652472238888718,-0.08850073785090652,-0.033121256840258656,-0.0630819331122953,0.06168428680327846,,
0.8274860000001354,-14.86409407337744,12.680099990040715,-114.55827701468738,-0.011874313859894207,-0.07773139201563253,0.06603977105809945,-0.0440869067246898,-0.07385588005252389,0.09776613246356411,,
0.8464349999999286,-14.174646627845183,12.734157593566875,-113.68057825915584,0.11560492637259681,0.22099923370445965,0.12567993476933223,-0.047475650976495636,-0.04714317328396485,0.04695102611358353,,
0.8558660000001055,-14.03742814847622,12.670478971853445,-113.72023774457205,0.126248356753334,0.23626832894343403,0.1442471153810703,0.0,0.0,0.0,,
0.8654590000001008,-14.068231611266876,12.667523594812556,-114.09551352747285,0.05798058846017098,0.1922703510943498,0.1517625280630248,-0.012353866221437353,0.005564273967764662,-0.07731819282200174,,
0.8845539999999801,-14.55048971687288,12.69398817286411,-115.0504862804833,-0.11734530729912149,-0.050850101301937914,0.050922068424427834,0.01888771784470542,0.03337326445601351,-0.0975790731706986,,
0.8940660000000662,-14.865545444014794,12.607463628578614,-115.49044921230384,-0.16058289123434585,-0.1370737987295828,-0.01975042098240794,0.027240372371059016,0.027815816046425627,-0.0548019337465535,,
0.9225890000000163,-15.01835162800174,12.45356621622065,-114.945770389189,0.05337957042163319,-0.04808720782312284,-0.023527673606211025,-0.006013142426077057,-0.008752416526094493,0.08942946678645387,,
0.9511320000001433,-14.38080309913976,13.062461930774749,-114.28982421519531,0.18917977163167363,0.17392938560070165,0.06447965520717663,0.0,0.0,0.0,,
0.9606340000000273,-14.258184416910542,13.261968300563762,-114.56521168264905,0.11943320964791561,0.1386600640589051,0.07157356699776941,-0.01618046332271769,-0.013713841776616097,-0.0643136648193024,,
0.9701589999999669,-14.235205395972368,13.377926643537737,-114.9958422413317,0.012142678984422943,0.05274042786094226,0.07413098722001168,-0.00592766555542467,-0.011170762992680902,-0.09085438043139087,,
0.9796630000000732,-14.287880640003616,13.410522812229637,-115.41855772708907,-0.09147633500208525,-0.03567524655120675,0.04740415349892581,0.0035173011304946676,-0.012697539086989486,-0.08576088752915355,,
0.9891770000001543,-14.373122697238653,13.374674328507128,-115.68009829196797,-0.1552936798706603,-0.09520429646640986,0.023201298142060598,0.006836704127661534,-0.015105662432373206,-0.05196632458628899,,
1.0081990000001042,-14.470989822043041,13.263928806852284,-115.4860517558971,-0.11492254616991895,-0.07429610863719016,-0.008435906623571772,0.0,0.0,0.0,,
1.027229000000034,-14.432522938585713,13.432675197204741,-114.8456527086839,0.050708668029729176,0.08031264134598558,0.0715113820042188,-0.011401368156927359,-0.00010094519147610588,0.05714707263089066,,
1.0367400000000089,-14.430698077343605,13.578502381453177,-114.68890350522595,0.1242103887149839,0.1221075466293239,0.08596024630121564,0.0,0.0,0.0,,
1.065264999999954,-14.646123594586408,14.054463281509863,-115.37163183060362,0.021634028644583733,0.04561943802405875,0.012639372573038269,0.009574321144611458,0.018315605257629517,-0.07042467235484628,,
1.07478100000003,-14.755853231368015,14.108991057102582,-115.7071692978306,-0.02057839092369287,-0.04274504954929477,-0.011924166736006207,0.015120644316634948,0.009586132461788868,-0.06537754420154471,,
1.0842910000001211,-14.827737320280331,14.112215293655947,-115.90685442576414,-0.04907852463624728,-0.10104246676854771,-0.028241089411280743,0.0,0.0,0.0,,
1.1033119999999599,-14.74868934123195,14.087286000223475,-115.75829318554831,-0.036610598445173434,-0.07587355867304321,-0.021140879087672444,0.0,0.0,0.0,,
1.1128180000000611,-14.62376587267071,14.12726033600298,-115.51142380489989,0.0,0.0,0.0,-0.015996275241218293,-0.026588542357595415,0.03974305974520674,,
1.1318390000001273,-14.412168973942554,14.351938649617402,-115.1664367705813,0.06202862949673772,0.11463669550389337,0.06298515417103379,0.0,0.0,0.0,,
1.1413609999999608,-14.400011101715831,14.506288088592784,-115.19764699483203,0.06855283944777585,0.1280003996242514,0.06782938745686178,0.0,0.0,0.0,,
1.169896000000108,-14.794804376617094,14.738806835887639,-115.71111448884027,-0.0349949919305459,0.01404445538079578,0.009609863414727792,0.0,0.0,0.0,,
1.179405000000088,-14.9829975625044,14.65593317257668,-115.72618863287455,-0.05739164245714898,-0.0504180515993269,-0.01014501851957073,0.0,0.0,0.0,,
1.1984290000000328,-15.223127930061304,14.399753871622945,-115.21578493849417,-0.015548302622439404,-0.06338345900026669,0.032656325401562464,-0.013955307228259464,0.02579700246207771,0.06940561783431257,,
1.2079400000000078,-15.256965696952255,14.30424454039374,-114.74991861386098,0.05232592780109792,-0.02730944639557242,0.011350932143540481,-0.022950095941581615,0.025626015690618016,0.09146756153186521,,
1.2174549999999726,-15.278157172556144,14.258155839414401,-114.2495587739823,0.10474802720081414,0.012148277061292774,0.02307606673822537,-0.023713083940308688,0.03017550840515763,0.09775196635303869,,
1.236216000000013,-15.576578917805897,14.19344632940719,-113.51007501570291,-0.05536798305588868,0.43112606616785215,-1.0910084899169397,-0.013797859314591937,0.049980704583111844,0.0682198253809892,,
1.2457839999999578,-14.188627851262341,14.416703709622197,-113.20512742739777,-3.296630171330135,-0.28888844434848654,-4.799162500486118,-0.07996981908112245,-0.265326399635841,-0.011352764517211436,,
1.2553870000001552,-8.293304958937195,16.5311018401001,-112.43078493362995,1.634582371413341,-1.0042245263698921,6.735872501228623,-0.061591707516650836,-1.213383802952636,-0.23110609992726908,,
1.2743199999999888,-11.635270777218233,10.932173005707392,-111.3440544401621,-1.1301907178103363,1.5216161947023457,-3.776558141931791,-0.1622681308986445,0.6569741819260154,0.2070542548372995,,
1.3029550000001109,-15.433189586341346,12.012572920745521,-113.34885503140323,0.15730030545659024,0.6226560734202486,0.7727757261574802,0.05920741341511479,0.5068759817015865,-0.06446958872375838,,
1.3124789999999393,-15.606484132212241,13.16510294544526,-114.60306312957852,0.3232503230571166,-0.12384390777703393,-0.09396113522146296,0.21035248707700951,-0.06312285369430852,-0.22965719807810211,,
1.3219719999999597,-16.099321175983142,15.02631744758181,-115.490102497405,0.26203861277651624,0.029186347220112333,-0.3563667196393169,0.3640155483276761,-0.0708052214816908,-0.1615157190985005,,
1.3408240000001115,-14.803808642795666,16.645637682422272,-114.26511625823125,-0.2481101774345576,-1.6067813112077933,-0.1569845026299563,0.046081691117414086,-0.310964367220505,0.12347056236523053,,
1.3503299999999854,-13.969882656908855,17.355512399959483,-112.78554483819751,-0.2878501918856741,-0.3825080162544868,-1.1447223511043803,0.05247934328225701,-0.20337977538328567,0.24328658427073918,,
1.3600329999999303,-12.715225621914112,16.621716168087804,-111.08762222302805,-0.1287108841666908,-0.30592280819169837,-0.3625634734103721,-0.24019995935574,-0.16860220530009584,0.2622049903705349,,
1.3695310000000518,-11.385007753706786,15.552765202369205,-109.98001550304238,0.5227371999573878,-0.02140607573865264,0.7324355750222669,-0.30429960039874826,-0.16552374488215926,0.14345345326383901,,
1.3790400000000318,-11.018863077983696,14.851921989316454,-109.82843864206059,0.4448933256648727,1.0993343533769597,0.30506784952702026,-0.17005014290640205,-0.019862497816001544,-0.012973719153015087,,
1.3885569999999916,-10.703422929695604,13.875741706015958,-110.50987211011007,0.43705376190369355,1.2394945476844852,0.5009946073767467,-0.21864530295811258,0.008866184289614772,-0.17961079485320758,,
1.4075840000000426,-11.026090704444387,13.741425941916079,-113.41959619328495,-0.18830275347635736,0.5578607278869431,0.1860168559050344,0.10976654969325002,0.029208080078201172,-0.3115667379509235,,
1.4170890000000327,-11.417416877692126,14.671973950419952,-114.587097330362,-0.34984703213192747,0.04773995694095562,0.10837902035099649,0.18715933696396164,-0.0062807940903277645,-0.2188018433118356,,
1.426597000000129,-11.962763844648734,15.346665994885678,-114.82159055159379,-0.6796882169293853,-0.7087207253302253,0.013656129485241676,0.152821667567728,0.0396084123772946,-0.02293344614566929,,
1.4361129999999775,-12.264502408363997,16.02033785038952,-114.11044487557648,-0.6883036234609249,-1.0061960786387958,-0.24414772583498237,0.1328676142009669,-0.0027950647052871593,0.1544078809374556,,
1.4456360000001496,-12.26903203545749,16.428945961965127,-112.79580376303177,-0.287347618574458,-0.7496373911996185,-0.49804801217756345,0.06136290698538076,-0.03197438210248283,0.27465820385993356,,
1.4551500000000033,-12.370434312247973,16.158122588857843,-111.31607998247587,-0.024840225403236695,-0.49182751774261185,-0.30324617506008106,-0.05698013091167644,0.0379556925127791,0.32000322426207495,,
1.4646680000000742,-12.468334968675128,15.600320370350376,-110.29021096402977,0.3074978711455694,-0.04430978258123783,0.03584527457834158,-0.11174723463017536,0.056597896469978225,0.23402256946236358,,
1.4836749999999483,-12.810830654678623,14.178664449964913,-110.69371260841717,0.5852577170947295,0.7936294098829985,0.17718484863419406,-0.14892532255574037,0.09090375546895475,-0.10817010022527818,,
1.4931799999999384,-12.927363208580866,13.624950195391476,-112.0133618018948,0.5063609918175759,0.66351034322692,0.3346480287975204,-0.10919088633283397,0.06086308325493407,-0.2624610322784863,,
1.521729999999934,-13.045002157340093,14.341325409721454,-116.03960560095983,-0.4584690797041238,-0.3675721382191306,-0.0444235861084538,0.05759955622398457,-0.049479811763746794,-0.17351329372378396,,
1.5312309999999343,-12.806714426214688,14.892377131478433,-115.86239423423777,-0.6233035326941033,-0.5972697095773281,-0.23753210027777952,0.06496574482750199,-0.0893479629583375,0.008619658605573587,,
1.55026399999997,-11.743569577812288,15.188585057280957,-113.26220685161427,-0.2668447011762024,-0.44914910495875143,-0.12603601220636698,-0.07223160492007105,-0.09530278243991384,0.2791026391068506,,
1.5692699999999604,-11.070935795159157,14.25975868892128,-110.91540403100396,0.29621536584567226,0.35960810979173524,0.14438545902772343,-0.13283375599828043,0.003225897059812057,0.16877793713540828,,
1.5882930000000215,-11.315728823103049,13.050836820042381,-111.68636920565699,0.3957232680272596,0.5656727314826381,0.29358877586842747,-0.09860841024711679,0.07090286213432687,-0.1417805432016636,,
1.5978020000000015,-11.633456837606419,12.848849079462806,-112.96604348363518,0.26683927532944257,0.427189132249873,0.22773201715995856,-0.0279580982479274,0.07234528594003546,-0.24600706073843517,,
1.6073149999999714,-12.01825378070661,12.894792116508665,-114.36034395022553,0.09719754944055521,0.029455068998467785,0.2521849610167845,0.024468578948645257,0.06506222722309664,-0.2659634055225126,,
1.6263360000000375,-12.705716363355496,13.680299454760089,-116.02120188554471,-0.2631053943108874,-0.43674637420787893,-0.32827888835196356,0.08906659813277519,-0.0017820070937098532,-0.10324807923757018,,
1.6358640000000833,-12.755679306820127,14.105643706785433,-115.99494084409159,-0.1889489415542945,-0.6204276468155129,-0.0855916778188994,0.06669625160547688,-0.028201069967599093,0.003675841302572181,,
1.6548649999999725,-11.933752247968908,14.348880895442322,-115.39496664884477,0.21910618409141777,-0.17188448055546146,0.44336765305230424,-0.0799809887468403,-0.11478088670753113,0.018499030539497096,,
1.6644410000001244,-11.419285323107944,13.732654233708557,-115.41403362439219,0.11929512276366779,0.06515949536334999,-0.10634931225759803,-0.1684511576836339,-0.037051799760283353,-0.03305481258945617,,
1.673919000000069,-11.02962078043834,13.317363700330226,-115.93341088250335,0.197081820222356,0.4261218792346605,0.06304027084239165,-0.12189695125167226,-0.03196001462637865,-0.12650213966159177,,
1.6929170000000795,-11.160857479354792,12.75311794720539,-117.8757179264278,0.05762335400820915,0.27213219777216135,0.5544733717216451,-0.03346603247642884,0.08837022318883671,-0.19693945318844192,,
1.7023470000001453,-11.616563780345102,12.749044038934539,-118.80263468259538,-0.08596698482852369,0.09922337462989599,0.4767452102565695,0.02747849776343586,0.07978523158128027,-0.16949169580936865,,
1.7119380000001456,-12.188744969560261,13.01462655983212,-119.38045950817542,-0.10742611219148261,-0.092289195842778,0.34045591656197055,0.0867252178905823,0.07295893240549202,-0.09410890969345902,,
1.730970999999954,-13.486380993970595,13.42268656752447,-119.28151710201296,-0.1418464586721812,-0.2649397214133127,-0.16712699324926844,0.0720018680853324,0.07292497063990644,0.08351938676492254,,
1.7404970000000048,-13.960063385950143,13.546036756155036,-118.93643404150937,0.011568687563453786,-0.22313817270677772,-0.2068792173723183,0.0523330868801597,0.0696389266719507,0.10495898483938852,,
1.7690500000001066,-15.009700787998428,12.416389159810196,-119.39588208420942,0.25018591750259933,0.14840883010225212,-0.06653276328222642,-0.07545391352173404,0.1100722970586029,-0.09200892306821558,,
1.7785570000000916,-15.25091895906952,11.850279449072934,-120.25913077813422,0.19616093166504864,0.23026730350003163,-0.05255417243661669,-0.08911965544489746,0.09867654191614171,-0.1584403821169069,,
1.7975710000000618,-15.489343836985427,11.095929676052066,-121.80869022944533,-0.13105266405769905,0.0996496296500637,0.10288732714826873,-0.05116814872960978,0.0381802514218406,-0.14284131943107117,,
1.807062999999971,-15.420323786641859,11.095939554011188,-122.1081505186076,-0.23136899976098727,-0.003942950985054015,0.1381131725752668,-0.02143473102956766,-0.009807962395007645,-0.0726170294175524,,
1.8165710000000672,-15.319467227370259,11.250404688871102,-121.93980728541321,-0.3285615312332097,-0.11274798118923567,0.11424400989848786,0.0,0.0,0.0,,
1.826099000000113,-15.186136296548069,11.505398608959327,-121.37846341405404,-0.3102961446218153,-0.1596439839756277,0.0824611748371119,0.015495716339868099,-0.04750781407665765,0.09149050830000056,,
1.8356800000001385,-15.219656800649382,11.501077936369127,-120.65262782925244,-0.2160976756809373,-0.12645222937378855,0.03896120862915869,0.015174655854489115,-0.03774491460924562,0.12958047516073656,,
1.8451900000000023,-15.285809220934889,11.469935285513346,-120.01806233158612,-0.1124048887832677,-0.05496774815574768,-0.00159396825122543,0.00037117617048697217,-0.008083344595885588,0.12268869925382456,,
1.8737270000001445,-15.757451881662286,11.485876019861948,-119.97126731141171,0.0811750576331544,0.14076229637521415,0.03301751164619907,-0.02363658717199628,0.059158005957263976,-0.056264197297316965,,
1.8832380000001194,-15.973091154081127,11.472033843439753,-120.41854447800418,0.06178689169702067,0.09080766858735001,0.048281346993539746,-0.01627523451530992,0.048848013193301364,-0.08389633445968171,,
1.9022520000000895,-16.12607530830353,11.670441743112514,-120.60588010706434,-0.06850875639703793,-0.014181188295363847,0.005551072842820766,0.0,0.0,0.0,,
1.9117670000000544,-15.966034812484756,11.856830560397341,-120.2629306859654,-0.08949105780084327,-0.08248932407667284,-0.013983538525475,0.020825679032222447,-0.0644323346855833,0.054921518055611594,,
1.9212689999999384,-15.646590258776277,12.13972774740623,-119.57280044918029,-0.05967317047298432,-0.08622130136685056,-0.056600658460885855,0.023914098695764444,-0.09525941979465252,0.11615342574813702,,
1.9402900000000045,-14.69391055650356,12.705467366358256,-117.90750359807157,0.06481083880858284,-0.029681785006255554,-0.018205013594636516,-0.011598950372698221,-0.09290484619384556,0.13441019644459162,,
1.9498129999999492,-14.250365554271669,12.90890390625069,-117.37384075779298,0.11787875157868159,0.0590886367316643,0.004252477324114662,-0.031018264659194456,-0.06906942679064768,0.08353707137494991,,
1.9593179999999393,-13.962657999198857,13.032055582581735,-117.20896056638976,0.12446962892206455,0.1392564167018199,-0.00465106556188521,-0.048828066057503096,-0.03312865143278221,0.016367290429460477,,
1.9783580000000711,-13.921770123221203,12.926380172737634,-117.73297526052148,0.020803229122936775,0.1565812522765924,0.0027505063730802128,-0.06228213440346717,0.0233821140009063,-0.07228967671297644,,
1.9878590000000713,-14.017180266282566,12.791044621384557,-118.07541237367495,-0.023588152669170488,0.12653870910908796,0.07758183533480414,-0.055456917999654416,0.02520159521821794,-0.06783188367636538,,
1.9973010000001068,-13.967266235099393,12.597816860492458,-118.23394273231283,-0.04373166500456027,0.059410328854803386,0.1522946541977002,-0.05295333519031644,0.010518476538461179,-0.037496274466557705,,
2.0163880000000063,-13.695994794517489,12.521139183407048,-118.027031112784,-0.05578566221342503,0.03273223821401246,-0.012070242143058215,-0.03235265429956644,-0.03814210508711413,0.0234078166611645,,
2.0256540000000314,-13.432142251444144,12.571421621518482,-117.80568361650606,0.17314808202417772,-0.2613206387670837,-0.8720413108774563,-0.029458579857882347,-0.04953005148611606,0.029148863049570237,,
2.035332000000153,-17.25638211235562,14.111805072535148,-118.4353053531395,0.48309229293124845,-3.621396595227445,2.3521544053704186,0.6094408813943346,0.5122928222001379,0.06852198404113014,,
2.044646999999941,-18.608361255605928,14.070234086780829,-118.4406657241669,-0.14878193901518558,2.646967951775924,-2.5100261071943755,0.1035982720004979,0.23562933183420157,0.08785829480034467,,
2.054160000000138,-15.984554344476946,9.987818290700499,-117.00305728317046,0.1572463943493638,-1.4207352039506145,-1.0987495076604146,-0.977340951857336,-0.07437414246997462,0.17517126096524513,,
2.063859999999977,-15.955881310259725,9.708353754371382,-117.10923072860737,0.20306777309012541,0.5702436778611844,1.063853178699363,-0.06683967310665623,0.02081012863682219,-0.025051524543166618,,
2.082881000000043,-13.649781876666248,9.488646126879841,-117.67990987103369,0.5611742726372261,-0.07687669922371453,2.092174246730804,-0.2974052450925394,-0.07480578018427617,-0.08310075090668713,,
2.0923850000001494,-13.974275971558557,9.895136225274529,-118.20254755347926,-0.6969688639283512,0.3814700535183178,-0.03899541899890804,0.08765233359720102,0.01914582005532962,-0.09695049580931202,,
2.101908000000094,-13.366377232869366,12.019903546583642,-118.6933560776646,-0.2440759493504638,0.23092268945933808,0.09712838087663479,0.30331045549409646,-0.30666018630048164,-0.14347739034092252,,
2.1207429999999476,-13.7174757787681,12.470283880793646,-117.96898537720786,-1.0965865683204685,-0.9472368669832135,-0.2909936001299101,-0.007304967610677283,0.08562699512308579,0.11961846557730978,,
2.130429999999933,-13.785845860721675,13.170545509466717,-117.44394061676212,-0.3609963320061538,-0.8009194126454598,0.1415167332469196,0.11615590759366982,-0.05273197453621717,0.11388726789569481,,
2.139946000000009,-14.440416129564023,12.972604211657211,-116.87611235251718,-0.10174775463832847,0.16512815845796255,-0.6358203817220877,0.008815353459502013,0.13226794852587964,0.15010521610548036,,
2.1494450000000143,-15.015983793735815,11.561690925042782,-116.404962009533,0.08921693640461273,-0.20269921961083776,0.32128226662710024,-0.21634801255385047,0.22783138344847348,0.1242631760360915,,
2.15896500000008,-15.688842116094625,10.845440120539713,-116.57838886482293,0.4408787139624216,0.24198051560634493,0.3040167481775067,-0.0837066947861615,0.18267103334838344,0.0012722251016848137,,
2.168485000000146,-16.442193365817396,10.5071485452066,-117.24806383265502,0.6370070830432994,1.0823515536531305,-0.09960268948981013,-0.007620977772663494,0.16332594745462795,-0.09631211331766967,,
2.177997000000005,-16.842763702278152,9.695002593810262,-117.99803541842643,0.5158229250088009,0.5050386724297438,0.254719348788128,-0.12187720017834727,0.14604159301764294,-0.12795700449597994,,
2.1970260000000508,-17.218337421824085,10.592862235514346,-119.7120573196662,0.08859840900591259,0.17924601740116006,-0.15766764806611508,0.15305518540945995,-0.06946538631569643,-0.16565215727890803,,
2.206532000000152,-17.015096168882142,11.06337946209056,-119.86374338910032,-0.22089279606695839,-0.34987496155427966,-0.13858392757258536,0.047592189061631825,-0.08037264531751563,-0.0556383267385615,,
2.216032000000041,-16.587905618662333,11.343765240957191,-119.4672426938586,-0.464538822931791,-0.8352437063498485,-0.03862507900934337,-0.0070706290058122154,-0.09967954609278061,0.048265026058991724,,
2.2350440000000162,-15.393344295101281,11.768904763718568,-117.90651851154496,-0.19742927553567688,-0.26883880130648535,-0.2492316689940034,-0.08780919307370827,-0.09519486007929716,0.1379105866273807,,
2.2445789999999306,-14.905666100715045,11.033262009020618,-117.19718845788304,-0.0263743860947818,-0.18273318931155283,0.19584259618693012,-0.189276376300108,-0.016224351082212766,0.11948094546140327,,
2.254083000000037,-14.603760492184602,10.43932579423177,-117.00261465127822,0.19212277245942902,0.26091622205594656,0.26462842505851353,-0.14731010915057527,0.001733772738934446,0.024483443432122238,,
2.263591000000133,-14.562133369108329,9.890180399036948,-117.33367324303073,0.34622302251928094,0.6422506841513413,0.17667383182886442,-0.11594809447963739,0.043397129454179915,-0.07089055910277407,,
2.273102999999992,-14.732148014395847,9.300341980703525,-118.01215794312122,0.23372649652462701,0.5229995104020616,0.30490928458160577,-0.10339103902739884,0.08521265818842501,-0.13318737128947286,,
2.282607999999982,-15.018193110515,9.213935597197425,-118.87833498093842,0.0899345853366636,0.3127159230579152,0.27581807083813553,-0.002636728405374615,0.05877537161515997,-0.16714151428412483,,
2.292135000000144,-15.377017353870867,9.608272748418939,-119.62233299073917,-0.07384786638293613,0.18148571302543554,0.03161930387043427,0.08921255453298459,0.024278454332760782,-0.14010287193711288,,
2.3016580000000886,-15.662803143098948,9.998633970656094,-119.88436304104896,-0.2750542333378483,-0.20239241657340243,-0.04706323309721832,0.0815212055362394,0.011265860559410604,-0.04561135784484788,,
2.3111619999999675,-15.798402693409505,10.436220335277449,-119.49494476888977,-0.3770411392275451,-0.5394474186000799,-0.06196183993327953,0.07503601283003011,-0.01908479648138196,0.06024953814554098,,
2.3206769999999324,-15.753965928914637,10.92601371009213,-118.68554085827876,-0.2942169746642112,-0.47496228639228183,-0.21645099108675378,0.0671533749234842,-0.054417786983785854,0.14006857033090706,,
2.33973200000014,-15.331605139299867,10.778176454653748,-116.84072996424143,0.12563548441572905,-0.20890598747728698,0.04478005577668545,-0.08056581823816376,-0.013682155811732537,0.16687470228823292,,
2.349235000000135,-15.193585045249462,10.414929819419132,-116.38092826839718,0.30874968271495934,0.2167906095980128,-0.05538482537804762,-0.09159861298402405,0.008562396569444998,0.08389247014311124,,
2.3587119999999686,-15.149709530083367,9.88144426086618,-116.45432305293993,0.4125399472150423,0.43700132198354624,0.05216252929612443,-0.11392691912958734,0.04004337405855325,-0.019259198671143368,,
2.368212000000085,-15.179590815376335,9.34469021922883,-117.0093733318002,0.32914484672955563,0.41255153563022645,0.17338877951933607,-0.10775057841041756,0.0539830198678245,-0.113061488848558,,
2.3777259999999387,-15.189489797444251,9.137389463407377,-117.8639758738616,0.20574287806258718,0.3377165155083422,0.15320605892891961,-0.050327050752122335,0.021418688399487764,-0.17367979088776897,,
2.3872539999999844,-15.220261222985586,9.16497614696492,-118.67410784562556,-0.004266701460681091,0.1625228179050645,0.10002361164477389,-0.0066195340995807905,0.0034957927995485742,-0.16410827948434714,,
2.3967669999999544,-15.227540300655562,9.295164866194408,-119.1193609855854,-0.2686414249797901,-0.11977960272526267,0.01013360767094043,0.009162267096555736,-0.010462439998494269,-0.09182610068656268,,
2.4062730000000556,-15.127701607205108,9.564199658537165,-118.91313695777778,-0.3722715060323975,-0.33205963786678316,-0.03397954343590071,0.0,0.0,0.0,,
2.4157880000000205,-14.951326064281766,9.80018232768988,-118.19206746752043,-0.35754134635567214,-0.3579969492152073,-0.11963364031129604,0.010565837822346583,-0.05245756689288846,0.11196323650892986,,
2.4253040000000965,-14.694149143334679,9.794089353987568,-117.20263614626631,-0.21553424050794745,-0.3407503057670365,0.01923786142785469,-0.03902711408698685,-0.043922210139595685,0.17927013441897363,,
2.4347999999999956,-14.500296885159784,9.586474373678783,-116.11505072596512,0.02679134302480661,-0.16048003169278233,0.15799938874103842,-0.06869024309277748,-0.015419785315437425,0.18419780967768254,,
2.444345000000112,-14.479887783620471,9.21858740418317,-115.37993497394062,0.14733775413918998,0.17939963848634974,-0.08685442579790341,-0.08251924483810787,0.028304155947651774,0.12689568742043486,,
2.4538320000001477,-14.541919112188564,8.729943992984833,-115.27575413548111,0.3120071459058952,0.3277435810259596,0.07634930263042856,-0.09757839040486538,0.05290872627595897,0.028224024541933537,,
2.463331000000153,-14.75069394907435,8.253027297000605,-115.70353468699219,0.29383547708609364,0.3426211633047955,0.1129012607340561,-0.08278811136161113,0.07845981013741823,-0.07185674081987135,,
2.4728410000000167,-14.983184201736394,7.955849304872862,-116.50082584524235,0.20854225427758516,0.2684266333417808,0.12650602350241624,-0.0475352019559362,0.06777100867762079,-0.1426292939988727,,
2.4823690000000624,-15.198901553848051,7.81337313257164,-117.30840115284417,0.07435680582774609,0.09160339436136239,0.1051825215162834,-0.020480762427945918,0.05143663942793839,-0.15287173102619778,,
2.4918729999999414,-15.40980920596419,7.785290330003267,-117.84023419176506,-0.11817923499062023,-0.11669513856750491,-0.007743249611289616,-3.258980843916829e-05,0.040192618230805326,-0.10345410169257445,,
2.5014240000000427,-15.507959990533129,7.870678838315559,-117.9475471778072,-0.197673989514253,-0.2812443225997834,-0.03515972072149308,0.0,0.0,0.0,,
2.510921999999937,-15.506812110506967,7.955296659634603,-117.60772882599966,-0.1819694023248966,-0.3134714439460562,-0.10876885538643354,0.00045392101692367376,-0.007645835756521597,0.06526822152679845,,
2.5204439999999977,-15.41784954920132,7.911473264590842,-116.96983717256674,-0.10367537989695513,-0.27409420609022034,-0.04936526519626907,-0.030334327906945634,-0.011360710376495992,0.12249335053154772,,
2.5299589999999625,-15.281150508573583,7.740037433032222,-116.30481135867882,0.0416775393077875,-0.13451944521910414,0.03716543709516714,-0.057299129487712444,-0.00872449579533499,0.12664120155665068,,
2.5394710000000487,-15.189522126114918,7.446059762947604,-115.87509377347223,0.14810509331611407,0.06832332292844213,0.047397060785107636,-0.0753270749109485,0.009559994539231271,0.08085094043216341,,
2.548958999999968,-15.174540427503715,7.059434419077583,-115.83229916346734,0.19309600961224918,0.19398064671516732,0.09875819218128065,-0.08543244227948246,0.031058984918776834,0.005482292272046601,,
2.5679959999999937,-15.41996836135708,6.443114161512468,-116.74547063730351,0.056229714091073635,0.19257305357993496,0.10327671442416858,-0.044916867693745775,0.0520786225485384,-0.1129127524860666,,
2.57755300000008,-15.725084272601173,6.361164831780466,-117.30514880530706,-0.06088039246292365,0.07873351106899736,0.07601842229491013,-0.017769090649483354,0.04938662140982618,-0.10768176412295515,,
2.587073000000146,-16.06052054428551,6.230242179449588,-117.63307825837563,-0.14875993459374742,-0.06019690660720714,0.048147190769066955,0.005645685171124579,0.040380651152953154,-0.060729577633512985,,
2.59656700000005,-16.350274494608666,6.0905342063616486,-117.61987643046821,-0.16756603537856876,-0.1643832850540352,0.041664111228900305,0.0,0.0,0.0,,
2.6060879999999997,-16.538837449680784,5.954188609167981,-117.29683387011514,-0.09588182210024762,-0.20571820812131078,0.007286599624306783,0.020896966660504033,0.021231498714880524,0.0662850333199029,,
2.615602000000081,-16.614714575072774,5.828159143951477,-116.88078409430825,-0.02568841043826588,-0.15528452106947355,-0.029509610572231778,0.005518943952005757,0.020728361997219037,0.09487854541791149,,
2.625109000000066,-16.623112202150008,5.741276360747904,-116.52787364265733,0.08622182248823576,-0.0712059439259351,-0.00098558624648344,-0.013608159956549327,0.028577218746513065,0.08182970527264731,,
2.634610000000066,-16.626164383570153,5.672989185493169,-116.38692321516768,0.15781116587978733,0.031076494955154278,0.010192696482023205,-0.03333853469304905,0.041119295248575216,0.03577588220123213,,
2.644129000000021,-16.67458109067742,5.589277395536927,-116.53212404191031,0.16873902582599534,0.1023711865623097,0.016607316727313064,-0.04731199459864705,0.05265504604128112,-0.021938416998538848,,
2.6536419999999907,-16.797862722808972,5.502203239167511,-116.8719176776013,0.11728844381472711,0.13150159218892818,0.0027026803890226364,-0.048453320721793244,0.05557786880806276,-0.06776613694689912,,
2.6631569999999556,-16.948148686867835,5.406970294128328,-117.29631903076674,0.06029610753348009,0.10005123590007951,0.03641021507156195,-0.04004873763946003,0.04665085470710447,-0.0841797470479089,,
2.6726639999999406,-17.116138564437453,5.313569291642211,-117.63766695956235,-0.02406621385686191,0.03938763464813203,0.07500401616400905,-0.023837371583813938,0.03373890502632831,-0.0672410417975911,,
2.6821780000000217,-17.282719631543028,5.2511300524477,-117.77685933871412,-0.08082969566023274,-0.02278764072321138,0.06869704645081663,0.0,0.0,0.0,,
2.6916949999999815,-17.416316141024176,5.212578478506715,-117.67906674621464,-0.0917651569440581,-0.07229255447522079,0.06919763493858364,0.0,0.0,0.0,,
2.701199000000088,-17.529065398319247,5.1738706459503625,-117.41045182007575,-0.0737488710634949,-0.0852291682692283,0.036946133231986054,0.007203496412239176,0.008102878148799205,0.05383792573417761,,
2.7107109999999466,-17.630998879168168,5.129887772416718,-117.10502638984813,-0.02940999795690151,-0.05745974470976931,-0.00579478370200761,-9.428788343667042e-05,0.015983110065473205,0.06103123096072761,,
2.7202139999999417,-17.739780302147256,5.06179885649501,-116.90291698543936,0.023625686853920542,-0.011160826017177277,-0.008322983964737149,-0.01537889823136176,0.03152860435461971,0.0404910509228749,,
2.729731000000129,-17.87456531769407,4.9406135051852695,-116.90371369199832,0.05520867755312042,0.04374688141185693,-0.003997374926541225,-0.033800287133374615,0.04740868422408757,0.0003458573152654535,,
2.739242000000104,-18.013485053485237,4.7759279395549985,-117.1301047550593,0.048927481913796145,0.07642070925115495,0.034379780744597056,-0.046015376981920444,0.05421883878987893,-0.04475601044186956,,
2.7487479999999778,-18.178502674841052,4.591143573082909,-117.51254753276515,0.046626609953002,0.06432995088627731,0.04186377998027384,-0.046881647021848244,0.054620512031618815,-0.07558294721509663,,
2.758264000000054,-18.37588831981526,4.400443123155884,-117.90641022295652,-0.022078596634507182,0.04142147828209708,0.04470625458711202,-0.03889666165953175,0.048358392262371555,-0.0774012567616988,,
2.767778000000135,-18.577868993254732,4.234454354305617,-118.15514371770514,-0.08007439772855963,0.0019965861991219336,0.02144426271365282,-0.02533710508115812,0.034439669540024934,-0.04834953986765511,,
2.7772959999999784,-18.754158220946085,4.113111915063221,-118.07994227378414,-0.11087879436620983,-0.0325388495539728,-0.00810572654232606,0.0,0.0,0.0,,
2.7867929999999888,-18.8742463195229,4.039670230753228,-117.70539973033945,-0.103309881250039,-0.04565762068040504,-0.02849035389318422,-0.005945491036350287,0.004894841940082603,0.060990926586093806,,
2.796305000000075,-18.917629343732003,4.008963319858533,-117.11778141863573,-0.07283870841113523,-0.022244886731186474,-0.045250019996252736,-0.01085516754776952,-0.006206646663892413,0.10368955533167318,,
2.8058220000000347,-18.806013695614855,4.009083915794389,-116.44768639757403,0.0,0.0,0.0,-0.028196656844798263,-0.02083791555899365,0.11571112462891667,,
2.824843000000101,-18.41264721024154,3.9131078065626084,-115.53941203763961,0.04945205700423309,0.10349512157391762,0.007846019963909951,-0.07122097917364181,-0.02352734379640033,0.05250770734312471,,
2.8343560000000707,-18.21319583747139,3.7251017212976447,-115.40544833287595,-0.007929356217770238,0.11686599105545464,0.025545494754721614,-0.08960622341295979,-0.02061921123335873,0.00909332757031158,,
2.843761000000086,-18.077799458792768,3.432457468826841,-115.38510076126256,-0.07689070561984669,0.08955851234366856,0.03814715252953053,-0.09707689016125216,-0.014574439600667732,-0.014557617611210704,,
2.8531869999999344,-18.120918647367493,3.105789430319049,-115.35237839917329,-0.05291475245660139,0.2642793240798139,-3.3001169638020893,-0.07004956917790385,0.03548891824864811,-0.006309738501255688,,
2.8628040000000965,-20.09553744448252,1.9994453585729253,-115.20690812089018,0.8891653302428448,0.6943606436845966,3.2849197178635006,-0.04609072654391393,0.4515573220213078,0.05566664302327596,,
2.872127999999975,-18.933999731086608,0.5777194796618886,-114.62308304550638,1.7543064787171687,-1.482526520939115,-0.039612213019849685,-0.37090896388117195,-0.09152948163842109,0.11047533553032954,,
2.8817260000000715,-22.537252794994238,1.2112305948012074,-114.98201764148565,-1.318617761142662,1.0103164169244716,-2.5997303889177616,0.4036506289144854,0.6011014644877156,-0.04377942195688147,,
2.8913370000000214,-22.879266208395993,0.8988086643320673,-114.63560287369509,0.13349356182855257,0.015769776861898604,1.1808029855957762,-0.04273353353647828,0.08790962819487282,0.07636591711116208,,
2.9008450000001176,-22.03934178247935,-0.04518372227865472,-113.84061077618084,0.495322815641035,-0.83588053237141,-0.35517671161264974,-0.2561335406550924,-0.07662919345166214,0.14625823417622827,,
2.910178000000087,-23.315117799185092,-0.13585139112987096,-113.6517538771694,-0.5729984122651192,0.14302984186749335,-0.9134856464066549,0.0715370117100715,0.24044950797992948,0.031312089595371406,,
2.9196830000000773,-23.181536987396246,-0.8677836099970546,-113.3431914603223,-0.30611798175895694,0.20035791187367943,-0.8427898139138851,-0.15984478296146387,0.03281429354078124,0.024425134394570152,,
2.9319050000001425,-22.910846349645126,-2.3178184934869233,-113.11758366943128,0.4010608090208515,-0.15060080303937257,0.46834414181141043,-0.3030730972697833,0.06323152716758111,-0.0008667016110848295,,
2.938967000000048,-23.254479230547346,-3.4006971335997638,-113.55546363774151,-0.3542798038622236,0.2453668869194835,0.03592813221899845,-0.18670119562461104,0.14808981807807042,-0.10988973152794787,,
2.948479000000134,-22.709907400271895,-4.284038201940007,-114.21934330281036,0.16841694199601095,0.3457715968985168,0.15624748879340383,-0.22047344807724495,-0.028708602390800208,-0.14789928806915942,,
2.9579650000000584,-22.645939325995357,-5.283654108026756,-114.85624523225896,0.08020612253186295,0.0689607581185,0.5706713714858905,-0.20219484960213663,0.07081557368055524,-0.15621859519043899,,
2.9674689999999373,-22.75456074620359,-5.7160972922289925,-115.53782687745252,-0.5085678796406491,-0.05389759169039937,0.16223554460034906,-0.08388076470730249,0.056093223747133984,-0.16596618609116293,,
2.9769380000000183,-22.546029987000278,-5.587114783873221,-115.9971970837855,-0.25107739065145346,-0.11439889533249484,0.2318477849806041,-0.00939805476493638,-0.04883909674371223,-0.11999888363216302,,
2.986505999999963,-22.74999174783593,-5.574717372440044,-115.94370729845981,-0.5258053666921314,-0.2762482799583906,0.010400925769566232,0.0,0.0,0.0,,
2.995969999999943,-22.938926830275427,-5.468607464036628,-115.42686238791542,-0.42541434031932596,-0.44459778686999435,0.13811580848156937,0.020760603894976835,0.024455816422242593,0.0763648604056041,,
3.00554000000011,-23.15878513563682,-5.114793801967015,-114.71403979452191,-0.13599909677374764,-0.2539912467143662,-0.014984913975803236,0.06807189708034891,0.009241066898690387,0.12631172661860446,,
3.015039999999999,-23.518082917183218,-5.003916104467392,-113.84679443931513,-0.10189507239451266,-0.06893803850327082,-0.2832312689625381,0.0350065205695251,0.05552445578759833,0.1581605068050473,,
3.0245210000000498,-23.67276443105443,-5.079630161999994,-113.05976641571172,0.22774552940382178,-0.06553303643084862,-3.3228056172149466e-05,-0.016320347426435386,0.03344028869190328,0.14632202311747947,,
3.034100999999964,-23.79921023501366,-4.994021825094236,-112.64056323030486,0.2900813673315321,0.13978148715063143,-0.11573637197260069,0.010935295399586072,0.01558593398864203,0.07198606101795836,,
3.0436079999999492,-23.737339776929087,-4.9298640189655805,-112.47688176155611,0.2586829092907751,0.2156324218879479,-0.15033864185197557,0.0,0.0,0.0,,
3.0531330000001162,-23.442093546726827,-4.908519015174481,-112.41210493003956,0.23230939772411768,0.026226000471500248,0.039464038365579046,-0.033102179912516426,-0.05719830086054111,-0.01372224216418335,,
3.062648999999965,-23.031825830009755,-4.606302264885889,-112.45388588432375,0.03611408644225179,-0.05419258200442934,0.013587084783058366,0.010189415664369848,-0.0998479174570611,-0.030298842402399592,,
3.07214799999997,-22.438464936426282,-4.132587082760332,-112.35130538715896,-0.03885665739987737,-0.13075718027003663,0.04327998452567637,0.02809720371780231,-0.14679131470392076,0.0011793794915344507,,
3.0816489999999703,-21.804262499802217,-3.7006182491248283,-111.8920450455958,-0.16884661197916934,-0.23884519295380147,0.07369856144612745,0.018014417082708987,-0.15118491391279115,0.06518592708874237,,
3.0911499999999705,-21.138110506444942,-3.2125085988337827,-111.21213932922696,-0.19997686399560846,-0.22101410789669132,0.05685139735085418,0.027564807850829143,-0.1611687721236533,0.11597584948232152,,
3.1007119999999304,-20.49220846630163,-2.749404345546042,-110.44103624182442,-0.09728485782271003,-0.0715723664242788,0.05950020369731163,0.026284348014915932,-0.1553351124277073,0.1405058574105441,,
3.110243999999966,-20.05408985762788,-2.4550864988947168,-109.7135466307918,-0.03916913180209267,0.06765905671990777,0.06303146971381161,-0.0033134650349504876,-0.1126367904287594,0.13210903640637373,,
3.1196959999999763,-19.665242197846094,-2.329195865259514,-109.23460237770746,0.06117021751183115,0.17594217925620204,0.10895296730386919,-0.016658443411755333,-0.08372601572629003,0.07863667043031132,,
3.1292040000000725,-19.434483210868173,-2.2116174187481112,-109.17160013563038,0.1297498693107892,0.28932250346144184,0.06591519456845528,-0.007453148297446823,-0.05332691562263107,-0.003920290076090201,,
3.138731000000007,-19.355686087967236,-2.1776403925391756,-109.4756166411393,0.1186288731881466,0.2728061623857341,0.04821537826224573,-0.013327181211817326,-0.01903194628052653,-0.07680524824259617,,
3.1482190000001538,-19.375614415305524,-2.147188960380324,-110.00823850410352,0.0886666965225996,0.1250497330424859,0.1097818853819963,-0.007465881837301338,-6.425539213724253e-05,-0.123082494283777,,
3.157750000000078,-19.44457140615079,-1.9852600500550914,-110.55872667748676,0.03208594399851045,-0.008569984903697125,0.09356745057575992,0.021379158555071803,0.006019439558800024,-0.13232070561818113,,
3.1673020000000633,-19.511663468090212,-1.9071603297407105,-110.91256916783186,-0.027300059183837478,-0.12586000738590689,0.05908352858175445,0.03189003429239034,0.0015496421668131177,-0.09508307773895264,,
3.176764999999932,-19.50150359812286,-1.9152128998846918,-110.9548820419093,-0.028203272707358354,-0.23625649261948958,0.04333800682092849,0.0,0.0,0.0,,
3.1863230000001295,-19.37729460540532,-1.852526891132926,-110.74735653858072,0.001043565689489409,-0.21922448290392652,-0.02105262500575425,0.03696341833673374,-0.0281036713253194,0.025031464131227723,,
3.195791999999983,-19.093925940337087,-1.7115326207893133,-110.37201517578612,0.08404348955598985,-0.12975729710362918,-0.04016791209722517,0.021735566647589334,-0.04536464278045636,0.061160190429108856,,
3.205355000000054,-18.722466600653508,-1.5574495232443084,-109.97038386817455,0.1267547455214497,-0.04738699834859057,-0.04584454334850308,-0.00440135753184164,-0.050630697370622424,0.06217183226177508,,
3.214829000000009,-18.30210743886847,-1.340296145932793,-109.73738662145759,0.17117902151828876,0.08395465111867921,-0.002860715701351071,-0.0206694176488857,-0.05806643152497722,0.02567469031746147,,
3.2243840000001,-17.898613454664414,-1.1197823928198058,-109.76072948593432,0.1559327165406887,0.1541586983466868,0.029656085472296038,-0.03291983935974893,-0.059569031556228905,-0.028792777163977983,,
3.233842999999979,-17.600126907690296,-0.9838785888574351,-109.98464509457305,0.07347461023744374,0.1460789149866339,0.0575096130254623,-0.03965292117561439,-0.0520608724656691,-0.07662585226911808,,
3.2433350000001155,-17.369116382679266,-0.9821214971993599,-110.32421615896529,-0.017631051860706223,0.07268207771677461,0.09849578224910095,-0.030075454842999675,-0.04526480504657041,-0.10059969285824741,,
3.2528360000001157,-17.242470392801152,-0.8874616471677986,-110.64609578244625,-0.12780775275551234,-0.01330836656830054,0.12278081679085433,-0.005614089133255074,-0.03199332289886734,-0.09066747206502321,,
3.2624140000000352,-17.34881331808064,-0.8552929528982893,-110.75781704520489,-0.21368853026034543,-0.07123744480741111,0.056666694157368296,0.01357541042855226,-0.02967655076019068,-0.045996916039174426,,
3.271885999999995,-17.408057370991465,-0.781984249365616,-110.58579469122907,-0.17677048500567147,-0.03810582145178283,-0.015198058722767293,0.0,0.0,0.0,,
3.281439999999975,-17.38103494851269,-0.7103746225957781,-110.22115424809161,-0.037867887608384575,0.04134889983624455,0.04985703305847397,-0.011704053963017621,-0.01980103146025127,0.0557472732196254,,
3.2909440000000814,-17.32064024680034,-0.6275023576162663,-109.95598089236935,0.056117142396693846,0.15454992345917537,-0.001800826093789084,-0.036076054159713954,-0.004717439786456738,0.04026421255281521,,
3.300408999999945,-17.149344735273566,-0.4854867028541105,-110.071143621508,0.22023103622576123,0.26200525602953134,0.04447398666662005,-0.05332421975020185,0.0016849939039847968,-0.03888241542103001,,
3.3099389999999858,-17.063916957985484,-0.4601253637993109,-110.73484720748951,0.2043333222776166,0.2735375451422473,-0.03156777697786951,-0.07419620668249872,0.026488479876177126,-0.15308895235938555,,
3.319482999999991,-16.98211848476364,-0.6596009265250568,-111.95034871704406,0.15719295998267,0.14396607545726098,0.05969635867477918,-0.08715043748214538,0.03085079215488001,-0.26319172639204835,,
3.3289839999999913,-16.957530907461678,-1.0086728190089225,-113.47855934356268,0.020447255366428097,-0.007512758264291756,0.0713109762937953,-0.07804340000854271,0.027889082424168127,-0.32825007378968096,,
3.338502999999946,-17.0366880459532,-1.5288869451015386,-114.95730236236508,-0.1547893091602533,-0.1682846362226719,0.02706750644106358,-0.06788561805191569,0.024177581491546158,-0.31683728578683545,,
3.3479070000000775,-16.989107016093,-1.7204822325468725,-116.01751189017718,-0.2676332922953956,-0.3150061740369098,0.04330908831526729,-0.05335439476694878,0.007616861128726928,-0.2317712685309333,,
3.357435000000123,-16.91154715830867,-1.7316397451520955,-116.42653346602512,-0.3026942003627583,-0.345478572183563,-0.0009463730647788623,-0.023475286996691266,-0.013108093643108316,-0.10337635956877064,,
3.366989999999987,-16.77398824003413,-1.615799886105648,-116.17034196582865,-0.21756302104789174,-0.2982215440708308,-0.027701507298297713,0.0,0.0,0.0,,
3.3765240000000176,-16.57956999159764,-1.4439643787810406,-115.46965258476571,-0.0636472821164203,-0.20897562621039767,-0.0042050888430338156,-0.0006067252304256801,-0.0504245776986002,0.13989347486696246,,
3.3859860000000026,-16.325332405536265,-1.2226511646778149,-114.54915530850722,0.09456094647807568,-0.04390825141078735,-0.030529635204582174,0.004027373708979446,-0.06550156224558046,0.1839558317255785,,
3.3955069999999523,-16.000500139103913,-1.0092133575198372,-113.72719315129206,0.21687046432497914,0.08227419889130387,-0.013712033401464924,-0.0021874403500286342,-0.07768081304889596,0.1642150666728441,,
3.4050250000000233,-15.642365065377298,-0.8660514709070987,-113.23971110481563,0.24670191827648777,0.15114539299465607,0.0008421868001251826,-0.016853142564365254,-0.07817351406601196,0.09706584943595672,,
3.414502000000084,-15.268319895482097,-0.7636984598785226,-113.18980729378481,0.20092601112188488,0.14873866366539976,0.03421904766380822,-0.025238390355343,-0.07791094592192939,0.009265718716462649,,
3.42407100000014,-14.90675172658596,-0.6856969540245544,-113.5146731560155,0.10814064146040123,0.10179759187058997,0.06685999783770954,-0.02889726103196743,-0.07358319008035318,-0.06599904431901517,,
3.4336110000001554,-14.620033666162007,-0.6431159025481583,-113.87579622923236,-0.01825739604602167,0.009117596519863104,0.0844172065234827,-0.03215582526946417,-0.06033945536926202,-0.104375746725235,,
3.443074000000024,-14.388202206041734,-0.6093627379295649,-114.23663408374853,-0.1144640717981019,-0.06706643970022744,0.09657058521206784,-0.02722750433595879,-0.04590093065855205,-0.10051520510075283,,
3.452641999999969,-14.353737396692797,-0.7047722557171748,-114.49957103350228,-0.1502637575097779,-0.09177986674930115,0.07842623950192557,-0.016117480275442145,-0.029832324402918733,-0.06391280910148896,,
3.462142999999969,-14.397326200191468,-0.7886104729720356,-114.50774185510706,-0.12355550671297258,-0.08304805991624488,0.06858244897601677,0.0,0.0,0.0,,
3.47166500000003,-14.4636079377037,-0.8032767172997146,-114.33540045771748,-0.03670343560113438,-0.05244540466990953,0.08206543436537596,0.0,0.0,0.0,,
3.481179000000111,-14.542426018930463,-0.7035733294322163,-114.10514351109381,0.05705180725484199,0.006315808464507034,0.05495712845428264,0.0,0.0,0.0,,
3.4907000000000608,-14.600456714069514,-0.5410259380790562,-113.9285784781736,0.13666674959446018,0.04626791930908315,0.019907285005788707,0.0,0.0,0.0,,
3.5097240000000056,-14.681472017946108,-0.28158435473338506,-114.18361918520915,0.15621628074302046,0.018721261692753205,0.005795890490955952,0.004002599088030571,0.03031163691404461,-0.058310547729418155,,
3.519215000000031,-14.698319690155465,-0.24901214866539162,-114.55215364896304,0.11503060590003289,-0.023257798464789838,0.020836066992323255,-0.002060382587620039,0.024677717247024097,-0.09043787755364648,,
3.528731999999991,-14.730270964016707,-0.31826753570224914,-114.98775507537015,0.0383804150738434,-0.07186888750580378,0.030705032879635705,-0.008954882822523168,0.019290710078736447,-0.09967147558284152,,
3.5382090000000517,-14.763236068987752,-0.4336284532230103,-115.3426099181119,-0.044277820416543844,-0.09349043846063836,0.0007829163426135909,-0.011212613703483419,0.008285195389864126,-0.08487238752276072,,
3.5477160000000367,-14.803761690112843,-0.5190432265747545,-115.5636112693059,-0.07264923532063526,-0.08549215413865408,0.008553705134044609,-0.00771227314693087,-0.0006865299736506086,-0.05332822610429277,,
3.557269000000133,-14.859451235238273,-0.5593665021168117,-115.60891110610179,-0.08387520384288533,-0.05190077047139419,0.014927433624043135,0.0,0.0,0.0,,
3.5667849999999817,-14.910321159722118,-0.5333577896133401,-115.45155152529908,-0.06283406957539554,-0.009085739538618786,0.014395889018703997,0.0,0.0,0.0,,
3.576289000000088,-14.980244764229846,-0.4306059154763165,-115.28740275884178,-0.024889361530063554,0.042814366654356534,0.04105420324821335,0.0,0.0,0.0,,
3.5858069999999316,-15.07356991646709,-0.3066056292158886,-115.26240826264551,0.0007727856022573761,0.0776182354461995,0.04975543188317675,0.0,0.0,0.0,,
3.595322000000124,-15.186115353492287,-0.20573980543469095,-115.38010693558574,0.013456295707343467,0.07773583875666709,0.051208545919442634,0.0,0.0,0.0,,
3.6048279999999977,-15.353206925230394,-0.14795654350166795,-115.66587298908678,0.001948348042248124,0.057538467710125704,0.03938131055808462,-0.001995142878403571,0.025326743886007162,-0.05913864606458268,,
3.6143409999999676,-15.56517470556875,-0.1583948829805741,-116.07913391862868,-0.02458769281568747,0.01225358187256071,0.07124919668352885,-0.0013183717311010506,0.034204923174033244,-0.08463267362123152,,
3.6238160000000335,-15.800370655597849,-0.24460520851218684,-116.52567655120916,-0.07691334140471397,-0.04021473950559126,0.014691865625253313,-0.00010381476330300571,0.03431153938263503,-0.09130858677000141,,
3.6333210000000236,-16.026982138009153,-0.3516192509832509,-116.89184855639999,-0.11161257237168817,-0.09562401300569694,0.01700352662294887,0.007431821004993799,0.026785927773624294,-0.07524876168894824,,
3.642872000000125,-16.229792023034157,-0.4374766102191469,-117.05928904966827,-0.13424299058999573,-0.12214819789964872,0.019921850016489495,0.0,0.0,0.0,,
3.6523830000001,-16.342570488236298,-0.4907537525590256,-116.94423667018283,-0.13989045398660138,-0.12594978362339668,-0.029388645701224413,0.0,0.0,0.0,,
3.661886999999979,-16.324369183005707,-0.4612349567958252,-116.53470889067161,-0.088152275555851,-0.10807729423851291,0.010053293559478316,0.012679154643828296,-0.02630772135613637,0.08042712536647159,,
3.671399000000065,-16.205450204942586,-0.3322075646636799,-115.89371069968689,-0.031457547190762526,-0.06480236380954957,0.00041766721967856536,0.011531316292506734,-0.04180556693746307,0.12686802770559805,,
3.680919000000131,-15.982366849547414,-0.08059870189875763,-115.14279231614552,0.0,0.0,0.0,0.009768017366256841,-0.05660088172011685,0.14877513191037764,,
3.6902420000001257,-15.72707540296833,0.12188962879934037,-114.41831046698334,-0.24617028144663314,0.5796163386545145,-2.367354179504599,0.0008073105536950068,-0.06405752590761876,0.14322141703652308,,
3.6996540000000095,-15.793964940565711,-0.8320609372091609,-113.77790441024788,1.7667329372146192,2.3380205090569355,0.2907904296304445,-0.1835458885914958,0.08942744290570505,0.12642270122607058,,
3.7093580000000657,-16.57835758561752,-3.25253330117455,-113.80741303113619,1.0284418259996508,-0.7944404758714585,4.412321670989966,-0.39449822115160094,0.33884995661257533,0.0136941768887167,,
3.7188790000000154,-16.1723027912313,-0.45279422186697343,-115.73943700981793,-0.011922300878897589,0.29964912108834,-0.3222390252624746,0.4605836182985043,-0.30915533498231546,-0.38559206325300793,,
3.728262000000086,-15.333055403053299,2.0837650692499734,-117.61162656504,-0.09292295952794342,0.272025852684464,-1.5026889318902996,0.3645023788634207,-0.3776614871164182,-0.4068498167144695,,
3.7377070000000003,-15.425643474186078,0.48473196779941885,-118.17501663051401,-1.1704310482355966,-1.440642948993308,-0.5009827224859891,-0.2891153102528153,0.16628915126499125,-0.1357027443402443,,
3.7474010000000817,-15.544392201165927,-0.05906013116381053,-118.34239034222827,-1.178723941452605,-2.0718000559021106,1.0063507211625982,-0.0992529541203961,0.07287201359820569,-0.03524067525125093,,
3.7569160000000466,-15.560033548573267,0.8697183781386657,-118.24099534607934,-0.2440283018756201,-0.3837172098071126,-0.44684684353463294,0.15073453193396186,-0.08506080618462164,0.018424049262801563,,
3.766391999999996,-16.095299300632213,-0.9520114706690327,-117.35496422450933,-0.20674262647636288,0.09718860067694272,-0.5222246523282306,-0.2872327505570136,0.2653042237701991,0.19154035680953294,,
3.7759379999999965,-16.43114961790526,-3.1802187104360864,-116.49015037691959,0.12207704132064771,-0.35882101866377747,0.7661720966948531,-0.3818173027676556,0.2623593300316276,0.20036054040687964,,
3.7852700000000823,-16.765212911358038,-3.0466565414199076,-116.42934537688951,0.6642340814894802,1.0721872333325408,-0.49848734272939893,0.03910818192318038,0.04767628489042687,0.02371130045000119,,
3.7947770000000673,-17.260353321995453,-3.4344903876324664,-116.60354508943631,0.9030109389973224,1.5730000296012911,-0.37663582301313575,-0.0399119531668132,0.123160990375128,-0.033027335669542746,,
3.8044850000001134,-17.601620211657664,-4.483198520114829,-116.85560716009576,0.5041891725471419,0.31308027720197806,0.6284754809715648,-0.17163337882587815,0.15527961908532303,-0.06061804876026488,,
3.8139820000001237,-17.682434784926155,-3.4150940114532125,-117.72074689917085,0.20565839228092914,0.11496482414018212,0.2682004856187169,0.1829722091740063,-0.08342092593109914,-0.19367386414641444,,
3.8234890000001087,-17.60594240347745,-1.7692429378493972,-118.56963294405502,-0.04081044731445994,0.08869465852411235,-0.24853057022047662,0.26900144424403183,-0.16836044140717268,-0.19059284019401074,,
3.8329989999999725,-17.4949875795431,-1.5832440853617693,-118.6301721905143,-0.6420630497644235,-0.9493903348067049,0.06579703196192606,0.0,0.0,0.0,,
3.8425180000001546,-17.272435320172114,-1.1628249672920479,-118.2405178647087,-0.7550344029523569,-1.3540587827049184,0.3612044539058972,0.03821477206953865,-0.07893979673060068,0.0710620409218406,,
3.852039999999988,-17.040535916280014,-0.41402722533572367,-117.54898011259755,-0.48830533765979217,-0.5619548340725152,-0.37486928292859106,0.09621841139557098,-0.11102497957604128,0.13255362275760463,,
3.861552999999958,-16.883555147747025,-1.115647097965487,-116.34441346474686,-0.20401019913720728,-0.24066275879767315,-0.24456839055544205,-0.15420797789810595,0.03540132418804944,0.222622344936466,,
3.8709949999999935,-16.852679184932423,-2.2750263493511826,-115.31309736471894,0.15056406201323935,-0.052714072705864236,0.4209450435390795,-0.2264511442888354,0.0950108110916556,0.18793675166302762,,
3.8805139999999483,-16.93601694396098,-2.5692136559111285,-115.14469982719771,0.4853805067892635,0.7995736819916328,0.005634278989436131,-0.06083591388137212,0.039707656923932196,0.03179285589495683,,
3.8900220000000445,-17.113967328177903,-3.011817116286671,-115.5417897744934,0.6081445893557162,1.1072226970129537,-0.05851672355835585,-0.07951905963442406,0.06972070643070175,-0.08235048456804027,,
3.8995390000000043,-17.33587564227022,-3.5238479175490602,-116.33513926956827,0.38990057087593205,0.580468713227739,0.2523631681508043,-0.08745682709819189,0.0845618775002543,-0.1623621527017297,,
3.9090459999999894,-17.54720535155861,-2.9536548639547435,-117.48796724968166,0.1808497194986427,0.28613083858100696,0.20492959703431154,0.1063461589977788,-0.013910316117744485,-0.2341635269003286,,
3.918568999999934,-17.86890964074796,-1.9876344218690813,-118.44443539748465,-0.07849761384041944,0.040905769135959405,-0.04095423679492362,0.18646813674577858,-0.03351618868852376,-0.19526559244440791,,
3.9280710000000454,-18.187805240700985,-1.4886262513093442,-118.62271265937393,-0.43753238759196156,-0.623333202668372,0.04775358192833651,0.10366215691234604,0.008845343462197328,-0.052030317214100764,,
3.9375729999999294,-18.375257661590762,-0.8281226693065595,-118.2460390778728,-0.46961825125346657,-0.9224489360200012,0.08378235474435984,0.11956944923482359,-0.029582715370351592,0.06549926387383993,,
3.9470960000001014,-18.49331302986811,-0.18433314446174942,-117.50154006535361,-0.2834632896211023,-0.5661102324286679,-0.2715890411118164,0.11038158011438394,-0.039204784945195525,0.14771183361050017,,
3.956613000000061,-18.547787097771565,-0.3780756503263706,-116.51189156061577,0.00041646099288866333,-0.34628592523714125,-0.08243266781466932,-0.044297437428229954,0.027272049327512492,0.19695626969068797,,
3.966128000000026,-18.61850282895363,-0.9445242952149476,-115.83647062041015,0.29333036001130863,-0.028633483378463546,0.14279577223195566,-0.11025289704374831,0.06250190539268742,0.13401391628787887,,
3.9756190000000515,-18.72497312051964,-1.3998564729369218,-115.88597501611753,0.47404579588374,0.5445151455400999,-0.08103019685769558,-0.08742976190564482,0.058711435277683834,-0.011293260038860692,,
3.9851189999999406,-18.831089910639744,-2.0375028212496487,-116.59702677796555,0.5429285101543714,0.739513259413652,0.028555840331783787,-0.1198158045763854,0.07544033687515686,-0.14382708136958153,,
3.994652999999971,-18.96682695079249,-2.6011786638048107,-117.82223147098081,0.37031874626024835,0.5478802517123094,0.17925914169715612,-0.10263131116146404,0.07600192231715125,-0.2471128258381481,,
4.004161000000067,-19.149722074850278,-2.6033715848860726,-119.32630570529477,0.12104951890205239,0.36627324657487326,0.1283305901520963,0.0024959703743465565,0.03294813263139678,-0.30343652901101087,,
4.013683000000128,-19.40885881594257,-2.3142786589754536,-120.62942391398882,-0.1503390537668772,0.0919278241028116,0.0620296351508498,0.06146108254414897,0.016925674076610425,-0.26373556434046824,,
4.023178000000144,-19.751522312525307,-2.0183697757597647,-121.3589298161976,-0.4215035937748147,-0.3371336922274297,0.15273843469986342,0.07151315993271731,0.029411880799007268,-0.14923706232586825,,
4.032687000000124,-20.092623520996337,-1.5737712956846273,-121.48187772400433,-0.5086827487317346,-0.5793889084016236,0.09611928318427289,0.09696711319133741,0.013038059041940027,-0.027337425309160994,,
4.042186000000129,-20.439074348722574,-1.112137640818093,-120.99571272428462,-0.40893919246175175,-0.5482747326942374,-0.016426082445479846,0.10037514327193908,0.012551856266213758,0.07308035564913602,,
4.051731000000018,-20.725932029696935,-0.9899081144227726,-120.1982713901039,-0.24057591172257375,-0.4200489877099496,-0.07570555605251393,0.03561121180064758,0.03790817089987702,0.14115300659331476,,
4.061232000000018,-20.937104096956357,-1.1314462555344855,-119.48383829768339,0.04301361583578458,-0.22945696731502832,-0.008235572582747722,-0.018237058894506886,0.05149199463555623,0.1417633471708606,,
4.070758000000069,-21.1469240340956,-1.3173747430635383,-119.08386928420066,0.2207300004048995,0.14063464182006147,-0.09642851387388883,-0.026617819608379494,0.05545941773088725,0.07876978483752552,,
4.080259000000069,-21.230333931493615,-1.587961293494227,-119.06289140933801,0.3527825432350373,0.36645320278959387,-0.06428920655367894,-0.05393233690891989,0.041517545096846575,0.003430037804060954,,
4.089760000000069,-21.225773931074396,-1.8180598127068621,-119.36393490057,0.3292821468745046,0.37427298768904516,0.04222256191746259,-0.05533864427724162,0.02235360451917628,-0.06055408150829076,,
4.0993009999999686,-21.149494476777832,-1.7283971062235741,-119.86420799702873,0.2116914596626617,0.3211755146082873,0.049581782735561665,-0.006585441319171484,-0.021370540756175664,-0.10000680255943026,,
4.10879900000009,-21.050612539417692,-1.3654645377667627,-120.31400871406161,0.06850843801135764,0.17961587645962854,0.06422448986147385,0.03832827028955442,-0.05267978395554237,-0.0898960292255457,,
4.118302000000085,-20.98337538302701,-0.8923369824873434,-120.43281572841362,-0.12066299543040865,-0.04613524321547111,0.07331782007654669,0.0603418513670576,-0.05855406214289897,-0.03858688529461364,,
4.127815999999939,-20.89503514837688,-0.34309076908232616,-120.27644678237364,-0.19695929269093487,-0.22643825285776573,0.08357158328952059,0.07137205180735594,-0.06991984248282268,0.019346152637162977,,
4.137324000000035,-20.829455611555343,0.1373853432453425,-119.95296141756889,-0.18522525268618212,-0.256529851087484,0.011573233949738566,0.06200752305686339,-0.058809566964900924,0.05985662864973674,,
4.146858000000066,-20.823084145404213,0.3373275448773123,-119.60374352405151,-0.11500583381980697,-0.20241608442782058,-0.0013706553876013307,0.019458019381261092,-0.020258801153028718,0.06925177610021202,,
4.1563820000001215,-20.885771148351044,0.2575567552896959,-119.43065848261483,0.02222490682241017,-0.0951526593263768,0.024643552607705385,0.0,0.0,0.0,,
4.165899999999965,-21.035510832173408,-0.013182182794646335,-119.59321152049273,0.13530073371758353,0.08701855823301018,0.008106002940089346,-0.04707830885605203,0.053541231311311104,-0.03304676471515539,,
4.175404999999955,-21.242241318402147,-0.421115283777352,-120.08451507111677,0.20167511475043906,0.19185280500485158,0.05042496011959015,-0.06492150264070147,0.0774195204487223,-0.09898639905487447,,
4.1849110000000564,-21.48463647045272,-0.7991474916084613,-120.7832703301918,0.16698894228858346,0.2015586758480932,0.09880483860127147,-0.05532769268234387,0.08123565267551704,-0.1407713522862422,,
4.194422000000031,-21.727664245605414,-0.9601296473579262,-121.48679321070189,0.09163287968697499,0.1485915991691559,0.08239458372984458,-0.017053718230836006,0.059534289371409484,-0.1418748481444704,,
4.203970000000027,-21.991195685654642,-0.8508265147892126,-121.95506782678967,-0.02330196489764705,0.015744801296612373,0.06910249648924471,0.025205953289595087,0.031929272776922146,-0.09481298488292753,,
4.213105000000041,-22.224287712829728,-0.7077950501856263,-122.02799645903166,-0.10630910530348085,-0.13100923419709634,0.062079691377017125,0.06158851209514899,0.003681468186535205,-0.01551039801558384,,
4.222960000000057,-22.393630516808678,-0.20227948967852655,-121.6936643449866,-0.1419750710620571,-0.22993409722542651,0.0009540510001033167,0.08925975799528944,-0.023365362812013,0.06643909648010156,,
4.232506000000058,-22.446355573891676,0.04374034613896,-121.05895304498473,-0.07739035843232246,-0.23710254156219074,-0.023332680603290436,0.08590323125653254,-0.03349690963173171,0.12680616294837074,,
4.242018000000144,-22.37902752366612,0.2357777028995893,-120.33997449566631,0.024759380715649235,-0.1703048600102379,-0.04477258375887918,0.05070558271973993,-0.02418749050447268,0.14367559083946047,,
4.251522000000023,-22.267753102883873,0.39924865011550337,-119.8236732684831,0.1417298398078931,-0.03285679811784716,-0.02177793446879318,0.009750043624551674,-0.002883848384941873,0.10293611224613729,,
4.261040000000094,-22.17942059089683,0.530280948257234,-119.72900416985456,0.2202060626960213,0.1309307922419058,-0.011135948068376686,0.0,0.0,0.0,,
4.270555999999942,-22.159228549267144,0.5402825882525734,-120.1158480583728,0.21787289696669018,0.22261757626892867,0.03001195485051355,-0.06144014163615006,0.0421862430505064,-0.0778651297495002,,
4.2800150000000485,-22.232426157681733,0.19431952446928005,-120.82577271846749,0.14166306305857726,0.22629271244076005,0.08493428995687109,-0.0669488180530111,0.04878526730021973,-0.15495151083932626,,
4.289506000000074,-22.333278407944334,-0.027766136381560447,-121.67261010018012,0.005033162494679213,0.17011580072262225,0.10115750994716974,-0.04218861578121485,0.04157748394996188,-0.18542747468811197,,
4.299036999999998,-22.480728576827318,-0.06307977720071403,-122.3594530451996,-0.14096747618945113,0.05668049337214937,0.10816301102255345,-0.004959072145646315,0.030226829282421788,-0.15481815959718206,,
4.30854700000009,-22.670168002798256,0.10447457884122764,-122.68256359911756,-0.2478537118481816,-0.08370292447821087,0.10267215442648189,0.034090795858905315,0.015491687692931634,-0.07571799327896354,,
4.31805600000007,-22.87157902897969,0.4601358176162227,-122.53405882073498,-0.26150791821231434,-0.19167305419519035,0.08185119900216724,0.067133486945447,-0.0028893393413669914,0.02157877458270762,,
4.327629000000115,-23.099609065210274,0.6100398102519994,-121.9928791477088,-0.18745909360185073,-0.2130124239418333,0.01669565637461958,0.08079184954718538,-0.01485805857679808,0.10404227735031862,,
4.337138999999979,-23.206886825913596,0.8131061168973709,-121.2682298697693,-0.057698072458537655,-0.1708202129435165,-0.019368315427947213,0.06952932481853351,-0.015168974796502697,0.14514932828974317,,
4.346633999999995,-23.18711298994084,1.058885472057083,-120.60826878567113,0.09077298683690965,-0.05273520483513222,-0.04495732174465155,0.04179334789218691,-0.010216828908875365,0.13190476981401542,,
4.356140000000096,-23.09175149086305,1.3169514555375876,-120.23228151732978,0.17833399077182197,0.04852650534909116,-0.052262963881414624,0.007615077875431015,-0.0011799980067535726,0.07465785299236616,,
4.3656630000000405,-22.974928573992223,1.4971810313366445,-120.22581369201986,0.20121332662779132,0.13392949993824285,-0.03946809420512208,0.0,0.0,0.0,,
4.375189000000091,-22.869241757462902,1.5765616047408626,-120.47060820596926,0.15342173530316772,0.15267400539810164,0.012171859174661528,-0.04455241224023224,0.00795603164051244,-0.06266575262036833,,
4.384694000000081,-22.80280795593249,1.624755789085314,-120.8498508807097,0.04494943820913789,0.1382600795847398,0.017609307595914284,-0.0416040571111415,-0.004251740246156371,-0.09186111270396907,,
4.3941919999999755,-22.778011624229787,1.6890662282502553,-121.15482827509551,-0.06363715039326472,0.08751545554776735,0.043135652357915055,-0.024167679728621688,-0.022455846479225886,-0.07692646725864745,,
4.403704000000062,-22.76519978835486,1.7932486653633262,-121.21275941860345,-0.14954164983413717,0.01685161906958319,0.05538863259702786,-0.0017028960897541312,-0.04318789981345694,-0.026737879492136706,,
4.4132150000000365,-22.722722746938853,1.9780270220358736,-120.98775830089907,-0.1801373294946542,-0.03450260637915232,0.05304088431560146,0.01938506674705534,-0.06421335448077142,0.03500449272164508,,
4.422723000000133,-22.6036918686584,2.2281469422924944,-120.49619070515509,-0.15413839220405506,-0.055608950376862816,0.03867167703208885,0.0277581444894024,-0.07879701038861496,0.08422102493740295,,
4.4322400000000926,-22.396109326828228,2.4903960280595867,-119.92222073042073,-0.0999181640439019,-0.04817801089178977,0.021823832442901307,0.02051650130115867,-0.08279855960893424,0.10233345428207229,,
4.4417490000000726,-22.13196910624519,2.725050149038971,-119.40239159122486,-0.043914045383709764,-0.013425294767378021,0.011310795776782115,0.003584767406476706,-0.07721300732595988,0.08442582315849012,,
4.4512620000000425,-21.837274407326984,2.888822441401446,-119.09410953354526,0.0,0.0,0.0,-0.019883377985425138,-0.06723461464073267,0.04199425441460226,,
4.460773000000017,-21.53511638238259,2.9574094233329475,-119.0119662465595,0.006167299533037573,0.04635626366800264,0.05340598321722599,-0.04173315687062381,-0.05760727173406441,-0.004282735820577808,,
4.470291999999972,-21.254817769200066,2.9669864994657837,-119.10304014601186,-0.033153683559554635,0.06137944504938117,0.02485480533209553,-0.05234968772322911,-0.05514716487576712,-0.03338068389597061,,
4.479721000000154,-20.936973207571413,2.964087151721553,-119.23887921607596,0.7449957108336625,-0.34514752906867613,0.029576892814366273,-0.04614049786193356,-0.054562143403827125,-0.03141395986846643,,
4.489236000000119,-25.166410267605606,3.237961650847489,-119.77983290088198,1.7445368876485943,-1.433468646005627,1.939311717255428,0.4504980983097009,0.709412119015138,-0.03734555761126263,,
4.498551000000134,-28.16947158908791,2.609111936938786,-119.85960952295312,-2.2277984261931874,2.2319825468518504,-2.0876701525780152,0.17580600537003066,0.5842240891113494,0.05482491481512461,,
4.508068999999978,-24.622284386727042,1.2920848604537472,-118.85202200366038,1.4792043638568133,-1.6827430907762,-0.12109981928478235,-0.5925450069496485,-0.48922711344055836,0.1711926097630305,,
4.517765999999938,-27.027357264434528,2.27796124390681,-118.96876494218854,0.7849765986421066,-0.42344620958781864,1.112406544962037,0.3907929028760814,0.3267661803891865,-0.018718646171442994,,
4.527090000000044,-27.698297958132787,3.011128483641473,-118.76116339353261,-1.7709404276310416,1.9740930960519674,-2.4739842847247777,0.17874961269924072,0.047083956274657335,0.05572031917836766,,
4.536773000000039,-24.552068654635548,2.2642540497469534,-117.46871952087061,2.0035480388632725,-1.4567038227416997,1.8732420463598158,-0.44286290713883253,-0.4849327142798323,0.2089943699915492,,
4.54631100000006,-25.94778580523175,2.7279187068046182,-117.14171355491705,-0.5528792873637796,0.044357021924271454,-0.3035696110121766,0.1958848669093569,0.20571867691783857,0.07153356050671661,,
4.55562800000007,-25.371964415955063,3.7667630310772755,-117.14609687573278,-0.7305966079200017,1.0403267151642397,-1.2068461149088703,0.11813189709159859,-0.19718341582745252,-0.029493914932978937,,
4.565307000000075,-23.535739761335424,3.3251441937699244,-116.77384394366761,1.0106718040152491,-0.6155523675643257,1.1818263590468354,-0.2594838366415676,-0.2874677599350446,0.01370216659420829,,
4.574838,-23.911523817607936,2.9168810554937408,-117.05904085627279,-0.7545654505168364,-0.03370762528673296,-0.2196404859672642,-0.05357640016035227,0.10411716026960878,-0.05324789690610181,,
4.584344999999985,-22.979341942500312,3.28871235463631,-117.73471608228891,-0.2352913732175971,0.32909264064902044,-0.18716618275787694,-0.03421948099617733,-0.1995525577332589,-0.15824640126087924,,
4.59384,-22.11388817559621,2.861647966133652,-118.19467067653865,0.4057133889116919,-0.09020468621744591,0.4501297680286019,-0.17129374906554504,-0.11251181991143361,-0.11996547535243998,,
4.603281000000152,-22.469210839009463,2.14342412855943,-118.66053468172545,-0.5625120033712684,0.04651597761445638,0.022280304717244452,-0.10733008277675274,0.1315131606616802,-0.09065144502635694,,
4.612871000000041,-22.087215582748204,2.241999159782609,-119.20179335738298,-0.09020292680763302,0.11870755530513447,0.2150422396424036,-0.03435793599591283,-0.07582873568026044,-0.11185384878858169,,
4.622372000000041,-22.056147937600304,2.2725556159452363,-119.50080395068362,0.13490918216633987,0.18739821582513308,0.2549643462283549,-0.01236726820264373,-0.007699965756521285,-0.060693266731239814,,
4.631914000000052,-22.421666781470233,2.031250275949421,-119.48163182456433,-0.3537732219977579,0.048699875347605844,0.06293930005706769,-0.020722758248190365,0.08819297939425384,0.006096711668991875,,
4.641395000000102,-22.399510789947247,2.3832288884472335,-119.46615445128326,0.049209424598504,-0.12694608849805641,0.2520874632344452,0.04453080307554868,-0.03783368077495961,0.0024080587079543117,,
4.650929000000133,-22.797600939357924,2.819982233555015,-119.43520773871157,-0.04938707145726877,0.15765767899835859,-0.15581699035891153,0.10067431118622841,0.02705684734621561,0.009338660080959503,,
4.660440000000108,-23.072314293256717,2.79003608003325,-119.2775679664189,-0.0662164409444768,-0.11810463236221119,-0.006598591184582168,0.0070392372941347064,0.051509968302522524,0.03382469395457788,,
4.669943000000103,-23.326992298846992,2.879826282313713,-119.29489433705731,0.11174227572189424,-0.25675379895568556,0.10074070108876268,0.0,0.0,0.0,,
4.679450999999972,-23.731262279454565,3.0213082404970693,-119.50400773645327,-0.006424715258449563,0.08115313109917585,-0.28340984923054197,0.04972110910951667,0.057254468384406634,-0.037983713544128724,,
4.6889830000000075,-23.872754950388813,2.774650989350694,-119.67664954258366,0.16188686280426715,-0.09282270623544996,0.010245187184700544,-0.043652101942692374,0.04976527155763752,-0.03336920653930431,,
4.698524000000134,-24.055428672044286,2.562546521510324,-119.90573121164941,0.08552681807779032,-0.12601168812163163,0.056347560164229274,-0.03337347824167561,0.05363841424927514,-0.04432887356728527,,
4.708045000000084,-24.07813961723841,2.6038367621266705,-120.16481656313834,0.09649677246052031,0.06318119945367406,-0.018429231582974027,-0.005222640176214563,0.0006708531819364551,-0.05182558612084879,,
4.717567000000145,-23.962912132044575,2.5803827394652536,-120.24094486560385,0.12954088188740884,0.003875364486385606,0.07363983159558295,0.0,0.0,0.0,,
4.727069000000029,-23.887431585266576,2.6642279276537155,-120.10765117053535,-0.037125210057420616,-0.034954512318610687,0.03385550744204108,0.0,0.0,0.0,,
4.736581000000115,-23.671661997930084,3.045811764100697,-119.90641677198921,0.03784927044294394,0.014312839778255345,0.06031084465996092,0.02997609007064217,-0.07475242053722682,0.024207249059126766,,
4.746104999999943,-23.484932184802357,3.3668631412953647,-119.66481023237779,-0.02602949309898303,0.013958686411757954,0.012807093824059104,0.02258812360770497,-0.06358594909902757,0.04588724096868341,,
4.7556160000001455,-23.322086251979815,3.572861001625839,-119.39651291479116,-0.09579869424585061,-0.050858466899255834,0.047281969882749804,0.0051784430302177975,-0.047961790397777294,0.05128315023808461,,
4.774648999999954,-23.192762734626392,4.007649476790708,-119.24874577162382,-0.0415652669057924,0.05855525821896966,0.030020955898565665,0.0,0.0,0.0,,
4.784098999999969,-23.241528457498433,3.90684480807479,-119.30388761360221,-0.03232129649650516,0.008154747004594454,0.12751132869160917,0.0,0.0,0.0,,
4.812697000000071,-23.79259927141383,3.8752664386794615,-119.73444363627011,0.05064137338825907,0.02458959885071681,0.07538772013804282,0.0,0.0,0.0,,
4.822204000000056,-23.967642029327862,3.93424554967579,-119.7216936323794,0.02921136809116355,-0.023231959962836484,0.08277909303312718,0.0,0.0,0.0,,
4.831728999999996,-24.09457738845992,4.213978626768485,-119.63313211511314,0.06268239252691347,0.01389035420532642,-0.05083918894167919,0.0,0.0,0.0,,
4.841235000000097,-24.100506339947003,4.416435613725874,-119.44068447956214,0.0896178508595024,-0.04658811844027267,-0.04502148983638147,0.032608152989839725,0.0010635633750260176,0.03828246665253275,,
4.860253999999941,-23.853467696524472,4.744237047832019,-119.12375338368716,0.035792603201083045,-0.05375549477597094,-0.02793252296772835,0.0,0.0,0.0,,
4.869758999999931,-23.412954348203524,4.852410922302893,-119.09166319160573,0.10402587555195912,-0.05810695942162522,0.002333754855180594,-0.0250729482877683,-0.06409342468464703,-0.001505276624338425,,
4.879262000000153,-23.20575150170537,4.828092240160749,-119.19735775424961,-0.005340560201355365,-0.030225475649179233,0.021152894789116198,-0.03146888607868084,-0.03235179361181811,-0.025275009363906503,,
4.888770000000022,-23.04480247287801,4.869967601213707,-119.43542540124595,-0.013032682030595056,0.0007528634361318267,0.06747633095121516,-0.025777047865288824,-0.03266165398874428,-0.05104851214290725,,
4.8982290000001285,-22.950651163774033,4.921003886193772,-119.73058495619578,-0.0006951038386975814,0.05164037278343312,0.1666353131259904,-0.015032707914419238,-0.020593289622041308,-0.0613853066091405,,
4.907803999999942,-23.015629906030764,4.985993418583896,-119.9947838560474,-0.10168701198147621,0.10144063701595765,0.009833343533904698,-0.019132076996994735,-0.016563170058211934,-0.05245889069571122,,
4.917312000000038,-23.01523458719607,5.091146425732807,-120.1889835965226,-0.010811422953373858,-0.0005036829162716758,0.06590875098247952,0.0,0.0,0.0,,
4.926824000000124,-23.359867240887954,5.3800659862479066,-120.35795168550824,-0.055402700778316175,0.024105622962203102,0.07645389750446788,0.062226438345756994,0.021375527818434444,-0.028193444893713327,,
4.936294000000089,-23.593832054186425,5.716491445402404,-120.48283249443455,0.03768675072882093,-0.03555120644319338,0.11507654707117376,0.0670856504585891,0.007086861737031003,-0.021095692169452895,,
4.945852000000059,-23.798480022374402,6.038168387770054,-120.62477002315697,0.08722936860086884,-0.06212709537282576,0.08532894309762722,0.0753677460339858,0.020549588457141804,-0.0247772270568143,,
4.955367000000024,-24.007211188125073,6.306209402964292,-120.83280495230403,0.029100911134153046,-0.004675825115131434,-0.0986352102482054,0.05480923661076875,0.016006547710330863,-0.0377341119623358,,
4.964881999999989,-23.95625110520982,6.426659506716172,-121.08080154278277,0.11524994386031315,-0.06999926849494714,0.0040200467177695775,0.017458319266808606,0.004687192069914419,-0.05137743166498672,,
4.974382999999989,-24.046894635574613,6.468693675230285,-121.38930664121825,0.017048443201562506,0.0024237001484612823,-0.09656435182152663,0.004141675982852811,0.01475390685734861,-0.060334262756515857,,
4.983891999999969,-23.991152092265338,6.523663477378709,-121.61928172459125,0.04716029949268962,0.029243000264282087,-0.04704152349465327,-0.017804431104620867,-0.0029321204450649127,-0.05953978729064631,,
4.993400999999949,-24.006169937421785,6.47034802814211,-121.73064871410354,0.011419999751541444,0.05408432384759001,-0.03643058526386002,-0.036554980330161364,0.008345718680022748,-0.03376377437786466,,
5.002928000000111,-24.000602841605364,6.3566937434997675,-121.66304512949712,-0.04989961882202346,0.057352366502722234,0.03503460749457594,0.0,0.0,0.0,,
5.012437000000091,-23.921816446941303,6.34939921981838,-121.42255704631444,-0.02043036707111287,0.05473149996498588,0.0787770696608453,-0.035336031425054294,-0.0155947610901931,0.03577595276464287,,
5.021934000000101,-23.92847693587514,6.41044337319257,-121.06946676271788,-0.05299662090916501,0.07991857628067049,0.04330413685482971,-0.020286945361074796,-0.015217294226342624,0.06600242425056803,,
5.031451999999945,-23.838583205443733,6.467181262771223,-120.66216133888751,-0.02161920824764291,0.0008717811926752552,0.09064726058336045,-0.017812774248480764,-0.02243142198533061,0.07884128674379094,,
5.050474000000122,-23.777525683836135,6.600446971693504,-120.1271291938937,0.0,0.0,0.0,0.0,0.0,0.0,,
5.059983999999986,-23.747120894306214,6.492187896926521,-120.1142976483281,0.012657746058497354,-0.012450657598552083,0.038835807505638816,0.0,0.0,0.0,,
5.069500999999946,-23.77599344485203,6.279197304986834,-120.16336462213766,0.0,0.0,0.0,-0.04371721482186628,0.028663198937837562,-0.03411573098281525,,
5.079007000000047,-23.792356708937426,5.99706402954437,-120.30959341739158,0.010525641992122433,-0.010037786170436365,0.031924375591752985,-0.05593249092688558,0.03374304699677415,-0.05322987305293428,,
5.088529000000108,-23.831345214402475,5.684570686918509,-120.51247901210108,-0.004528455705526993,-0.03541490534982083,0.028767356439079763,-0.05886347416957097,0.03508798595004225,-0.04917239548499863,,
5.0980409999999665,-23.8238522064285,5.461284428588717,-120.59385449076888,-0.02269950986677482,-0.023601921233205713,0.04562242237945217,-0.04891663650859177,0.01760721777240821,-0.028315482615091012,,
5.107543999999962,-23.762331210220477,5.393283247977082,-120.51344746167327,0.012364654613176521,-0.011355740658026933,0.037125982099989796,0.0,0.0,0.0,,
5.117040000000088,-23.65979657580842,5.4459664301799275,-120.28626861398351,0.010663246205949717,-0.009774034921826286,0.0321211455670832,0.0,0.0,0.0,,
5.126560000000154,-23.48518535487673,5.592589541847953,-119.95731004521186,0.013668056652445616,-0.01256791609893102,0.0414991327914359,-0.001958519030888317,-0.037713167022159357,0.051110433683658946,,
5.136083000000099,-23.294005543592597,5.791126437934601,-119.62978328427006,0.0375142386935996,-0.022608892290078175,0.010902240349675392,0.00439761542820286,-0.0429358903768129,0.048142805837746175,,
5.145586999999978,-23.093495571527576,5.935334303414377,-119.39107962434211,0.04312365584547174,-0.025150132356660044,0.007207829828686111,0.0,0.0,0.0,,
5.155097999999953,-22.922611405410418,5.977650597155853,-119.2328886405713,0.03436453034981041,-0.021090079708748013,0.015488537425457147,0.0,0.0,0.0,,
5.164618000000019,-22.80706201400478,5.931725817326684,-119.25091765592997,0.0,0.0,0.0,0.0,0.0,0.0,,
5.174113000000034,-22.733455442752856,5.807435627063332,-119.46782352562965,0.012244114436602763,-0.011435628970034287,0.03866896931887837,-0.0393774581500681,-0.0034750801597472503,-0.04576751802117655,,
5.183635999999979,-22.706110418180174,5.658463482492274,-119.67502880272149,-0.03234784109566127,0.010781565098958161,0.06708880696446391,-0.0414426079495172,0.0016889662158767983,-0.042851686554970174,,
5.193058999999948,-22.676095682472795,5.574841711267296,-119.78958339307164,-0.036254455558560446,0.010958517074653028,0.08709763841064912,0.0,0.0,0.0,,
5.202653999999939,-22.65816036303884,5.603212824636961,-119.7590400738338,-0.037630722152431725,0.013444159315056322,0.07142156865707813,0.0,0.0,0.0,,
5.21216000000004,-22.62400178948322,5.731153876789399,-119.5773760041797,-0.020551069856864012,0.006075735535169728,0.04842419794719628,0.0,0.0,0.0,,
5.2216829999999845,-22.563532368010804,5.94761114388673,-119.30124059089977,0.009690579703439478,-0.009133164852528242,0.03092798223804531,0.016201203139385438,-0.0268087084617877,0.05315236586150511,,
5.23118999999997,-22.495534740463754,6.195556486096684,-119.01312892367613,0.03223308376386905,-0.016038602329611594,-0.014807736750038289,0.023016720699869642,-0.024535052967143,0.05531072485373138,,
5.240704999999934,-22.40267452192733,6.38441072862916,-118.79022380020477,0.07485154326501317,-0.04339778287512103,0.017735958324351302,0.0,0.0,0.0,,
5.250214000000142,-22.332311479282993,6.496200672949001,-118.69868558832923,0.0963241857024528,-0.05520967260554124,0.019077821198523352,0.0,0.0,0.0,,
5.259721000000127,-22.33217785619069,6.533643564714505,-118.75682729057084,0.10178884581054443,-0.05589641257363455,0.0002859617052410348,0.0,0.0,0.0,,
5.269240000000082,-22.417433369585616,6.498747962246155,-118.93019634074462,0.11962305738478439,-0.06985649386178996,0.028725135079560284,0.003663564006609414,0.043891647407812304,-0.03377521471872372,,
5.278747000000067,-22.611666566599492,6.442830799561719,-119.16283055639826,0.14425916903667044,-0.08929070630257442,0.06797034868940119,0.01309709231172603,0.06951463020332359,-0.04315041492408214,,
5.288197999999966,-23.136291773764963,6.423104153863696,-119.41886295829097,0.1688683288089067,-0.10680743739012803,0.08961317813906576,0.03299581436478312,0.09373104125766794,-0.04030303524650849,,
5.297694999999976,-23.780639344433016,6.473936246491148,-119.64460445351881,0.1869191479652767,-0.12354772106385475,0.13150834266223085,0.057421847483735584,0.10733769242431238,-0.03137420305381307,,
5.307185000000118,-24.419035660108452,6.626446976474301,-119.84966474335452,0.26286269716595273,-0.13218655426546946,0.34037982603442873,0.07490040090484719,0.09594833322916761,-0.02701004031758893,,
5.316608999999971,-24.93165944026367,6.835547129159391,-120.06578254918246,-0.6875867742577559,0.6957465081353089,-2.1494376218837092,0.07255309581760103,0.06828531197403269,-0.0316825494220809,,
5.326027000000067,-22.571773364044798,7.1417994339753,-119.99856989064625,-4.266564636189493,2.3899124155265676,-0.3116376953470176,-0.19586024108658975,-0.43617110926350183,-0.07015609230789677,,
5.3357149999999365,-18.736197555627662,6.13910841187099,-119.43908720784427,3.042899060186915,-0.13669408749286802,4.81264804418514,-0.5657805315292789,-0.5638239558648335,-0.03789551594189924,,
5.345051000000012,-23.88006672043597,3.1731511053225203,-118.97590612795659,-0.7161448046355582,-2.0235103881335372,-0.7997816827400934,-0.03025327320937003,1.1867813514383427,0.2049108218556866,,
5.354591000000028,-28.176814864015682,4.44056816377474,-120.20145315187546,-0.650210681642609,0.5778358429272498,-0.7549493575761491,0.6316654531825558,0.6205721895124183,-0.12793784643453096,,
5.364068999999972,-28.74313451419268,5.3168279188324945,-120.93423287912854,2.074787356962668,0.52471945488822,-0.8634397425091208,0.19398391249598101,0.008788131182575749,-0.11153722844206228,,
5.373594000000139,-31.68086116978363,3.064148410434164,-120.38069962266577,0.6971319876110943,-0.6398090213421903,-0.48017213370667516,-0.10256797801095337,0.7357949036103274,0.1826060382371501,,
5.383094000000028,-33.596522627232424,2.5238691601995646,-121.01834808364413,-0.6474370665930959,0.4101185887205895,-1.061633864586366,0.0886284200160521,0.38553121997444023,-0.07553814648949464,,
5.392782000000125,-32.291199337336316,3.282204639298442,-122.15835006235422,1.5144536638324735,-0.26378931421727025,-0.09894284280952834,-0.021706638072639655,-0.3008086621028838,-0.25400737760556785,,
5.40232600000013,-32.33010474822294,2.521186479517621,-122.31956985027959,0.3816726383547808,-0.29460543775672304,-0.16914320279980907,-0.13939440647082793,0.08904794040204943,-0.052846896189852464,,
5.4118009999999686,-31.168169328489356,2.100245760872935,-122.30323969381575,-0.5922251330330581,-0.7682190602980485,-0.18436424400474588,-0.20998343737262692,-0.15030774210868839,-0.023197874685185527,,
5.42133200000012,-28.562092564717897,3.1885434677148923,-122.53288086158639,0.3576980757359599,-0.6271073340118462,-0.02523229662480067,-0.10917152017011121,-0.555777561013887,-0.10902738835155378,,
5.430847999999969,-26.846250079387143,3.3162640424300602,-121.96113380907529,-0.38331346183673837,0.14886201688845135,-0.673772040343748,-0.17556675702903868,-0.3028096153687387,0.05624682027103153,,
5.440350999999964,-24.55131985151481,2.71151254444321,-120.80663419734061,-0.5005757329575707,-0.5169786972480649,0.2646393580846503,-0.3566748615137924,-0.3282169887123192,0.174811683977726,,
5.449868000000151,-21.923025922157894,3.0284728800008436,-119.98045739886427,0.15951402022796313,0.012418463230313249,0.33313680318600974,-0.2251750035187044,-0.4850957841743113,0.1028750366028151,,
5.459387000000106,-19.950014200388626,2.9076600497857368,-119.30091893781989,0.1643431326764411,0.6937793369505674,-0.14708860117933484,-0.23040779712735132,-0.3306437685605214,0.08325249244482724,,
5.46888100000001,-18.127595998354348,2.0019319638544797,-118.7796993128107,0.029356807601468176,0.20146774394042458,0.4653567155246235,-0.35002571207027433,-0.23057056529391923,0.06478754409876393,,
5.4879000000000815,-15.381115227440372,2.080421755272082,-119.23467048104939,-0.006347791110313368,0.5965799895139099,-0.008826978723943682,-0.0875867704755903,-0.21086137724301604,-0.10265807059126836,,
5.497403000000077,-14.441700631403245,1.82309326383928,-119.51382567287881,-0.31792501556835673,0.04498134083847192,0.2820536003864718,-0.15153852495884182,-0.13801959584340895,-0.08334013750913634,,
5.506923000000143,-13.7496596394997,1.9564595881996913,-119.64314332598683,-0.3211809045658622,-0.2469412380667732,0.47722650057840466,-0.059463723044304,-0.13300545620784243,-0.059460289720984195,,
5.516452000000072,-13.63515275029484,2.3078866510907567,-119.57657205144588,-0.49039296509086355,-0.0176498113373554,-0.060852417543647834,0.03546035563272142,-0.05395033580215132,-0.007865492397632234,,
5.525945999999976,-13.594641551875611,2.122517808050808,-119.20654122456365,-0.451031041710837,-0.23531708421139913,0.14322736385328244,-0.05080105569671391,0.011780073830647532,0.07125101812816322,,
5.535454999999956,-13.803340312360366,1.9106561257694272,-118.68024287632552,-0.24012423782946862,-0.26390042363627386,0.3342183762353407,-0.03140977548305183,0.05758167754656458,0.10438656228462158,,
5.544982000000118,-14.24265623081803,1.8806875360124098,-118.23530013470818,-0.04497022857334423,0.10103795460667932,-0.044873630437934756,0.022120705490679408,0.08055737167427159,0.0896467827404801,,
5.554501000000073,-14.695370449695021,1.56548959548569,-118.02571921826407,0.2103931026332039,0.142164499722139,0.04339252349526127,-0.02739900322637333,0.11002234563253797,0.058035565311279375,,
5.564014000000043,-15.288148980246554,1.2405291583295015,-118.12153171677943,0.2468125011102235,0.13615456717106109,0.06251408262960755,-0.01602654325835491,0.13569731098637472,-0.002330676991471698,,
5.573516000000154,-15.788451894185732,1.2101912250472628,-118.50809020013646,0.299385880191885,0.20423567044675128,-0.04002655484040525,0.027661180503364538,0.09149212787273825,-0.06552917444643239,,
5.583033000000114,-16.179416488231613,1.171193259683036,-118.88153257855242,0.2597339799346134,0.10124105411656022,-0.08455246608168192,0.01614742245861713,0.0729688928944068,-0.08468152011906412,,
5.5925640000000385,-16.47993742937807,1.1559196480662075,-119.14552585546107,0.08589447856892744,-0.12982972581724683,-0.042351014870436306,0.011911077918644429,0.05472714161979084,-0.06748473968436511,,
5.6020800000001145,-16.5731928610337,1.3977183785277076,-119.28313727957622,0.0014935527989651616,-0.23302284938102816,-0.07281825018315022,0.0,0.0,0.0,,
5.611609000000044,-16.48860703448905,1.6497860362768668,-119.08906657151574,-0.06398952327970238,-0.25656166017297494,-0.11124135203565282,0.021247005994081095,-0.03880401830608186,0.036609374802611026,,
5.621119000000135,-16.216659353105207,1.747403151607497,-118.56307271652456,-0.10066901149236997,-0.29787249011352035,-0.025163605721237388,-0.023697872913745442,-0.056653166315481555,0.10181128656487555,,
5.630630999999994,-15.806933810729609,1.8285573828750796,-117.88993940217891,-0.042066840609416616,-0.1812849011586453,0.03145144057223266,-0.03904365536421396,-0.07965762334602688,0.13021704229163186,,
5.6401740000001155,-15.370412665328807,1.8665787369188058,-117.24573318663022,0.02394234141524698,0.04649543430536959,0.0017043582231201376,-0.058796450430698845,-0.07637677540739173,0.12401831014607667,,
5.64964000000009,-14.955318222033103,1.65133622141401,-116.77661280691792,0.058919133850842825,0.16286714979617362,0.10531265125244549,-0.09069838131511683,-0.054452849236498284,0.08920851118731833,,
5.659139999999979,-14.647232981068818,1.4397453146564103,-116.60954758665869,0.05573741810504648,0.25388468597376695,0.1426635087679277,-0.08010814715374784,-0.03612523536286898,0.0295869237393227,,
5.668667000000141,-14.488237164319875,1.3227115659505533,-116.73022238470386,0.0036960608979780276,0.3052248016839362,0.08032420764034545,-0.0497615945682011,-0.017957309365225646,-0.027137284594539936,,
5.67814599999997,-14.501382413414376,1.2513953022300206,-117.00174817901906,-0.06645916849221963,0.2067090734355332,0.1390757491349639,-0.026075745484315502,0.008839201320783233,-0.056493635870914834,,
5.68768799999998,-14.671540337897826,1.291717901701655,-117.27828092023273,-0.16172972270459207,0.08101020527154823,0.0940919882467856,0.00820470932562,0.02674737468193886,-0.05676298371520481,,
5.697249000000056,-15.082206499659666,1.3252813700554231,-117.41698252653377,-0.14986704120791752,-0.0006390969428933258,0.03417162120246389,0.028904005374753523,0.03708130521661397,-0.0280203161876635,,
5.7067460000000665,-15.515261467419252,1.0826646881041337,-117.29061675158464,-0.14424078296047893,-0.11857371186878995,0.08154133091579692,0.006292177839266708,0.07014353220359543,0.02506687606113874,,
5.716259000000036,-15.80765393274611,0.7491785577165007,-117.01905252612798,-0.08570743722673324,-0.21388297918359905,0.07051355034599267,-0.004978143394753288,0.06257762716171518,0.06705787244948647,,
5.725770000000011,-15.904283634686944,0.6926827150414052,-116.6742916786773,0.052226670090897535,-0.0964907292292445,-0.026400957586763123,0.005853384599416357,0.03370973879735121,0.0794171424885767,,
5.735245000000077,-16.0449113080197,0.5399625515607609,-116.36752729231596,0.1315068057918522,0.009470729404769777,-0.12355291430290434,-0.029362544917779586,0.03874936485931028,0.0749685442163193,,
5.744795000000067,-15.915612846503187,0.3242420154401095,-116.17219986549976,0.20115877126810341,0.022916069268822926,-0.04797986109402266,-0.069944175916677,0.04208480584129864,0.04858607134196712,,
5.7543070000001535,-15.798445554326111,0.17349849987424867,-116.15950628077827,0.18460448947620275,0.07829297209082758,0.0022942459939478185,-0.06919014827056719,0.032479141623381134,0.006388211115575583,,
5.763823000000002,-15.595784438103324,0.0901758272983393,-116.26691787759536,0.14009255183163222,0.10050467339785982,0.01297002181653987,-0.0693014458460597,0.001259216640722176,-0.023488465204296125,,
5.773339000000078,-15.380245951275239,-0.06426640183831545,-116.39558180017761,0.03534825198191706,0.03635259295267442,0.05630115661458852,-0.06820814978373387,-0.01586078621192238,-0.027642769221950414,,
5.782838999999967,-15.25044596250554,-0.20626090514216966,-116.44254271877435,-0.09042717376471371,-0.025596439757787314,0.01919477709009544,-0.04586110493386891,-0.029762936720589862,-0.011167486116063212,,
5.792372999999998,-15.129063962273253,-0.27227963472003464,-116.33060886076089,-0.13107200392535068,-0.0630990456981803,0.02473908643075338,-0.023319258774631493,-0.04246056604512618,0.020663066039956636,,
5.801864000000023,-15.114355960982762,-0.36491597924635655,-116.04298248746066,-0.15572419299103152,-0.0960779737715863,0.07328437616260473,-0.012733837678259965,-0.02659942868728744,0.05574091413809426,,
5.8113230000001295,-15.077728992261227,-0.29911600163547575,-115.65932560017505,-0.12686638378913448,-0.09533530876287118,0.10606426199286366,-0.005912197117276007,-0.012689113651001576,0.07495342806920013,,
5.820891999999958,-15.16504370643001,-0.2927665010683362,-115.30776564042526,-0.05271037217983017,-0.028267655703742043,0.09420564811219936,-0.0001296400930996225,0.004132399029622032,0.06840746533184203,,
5.830408000000034,-15.32050562557099,-0.27881155599218843,-115.1002890359339,0.004231714648842899,0.03558552047932551,0.07387332289679091,0.0,0.0,0.0,,
5.839821000000029,-15.490836927028361,-0.25125431277838306,-115.12483810323097,0.05575403509326062,0.05677471290964592,0.09482792103755663,0.0,0.0,0.0,,
5.849420000000009,-15.747057823377283,-0.10655114129905678,-115.40660443513693,0.06972467273041251,0.08399947926211031,-0.007793750757741137,0.015740953785692683,0.050074588401055095,-0.058263656707249846,,
5.858940000000075,-16.064416256265936,0.06211884814486362,-115.8479237031581,0.06762703733467722,0.07367923741244713,-0.008171696483821479,0.026393037577376047,0.05705021352139419,-0.09000591533855769,,
5.868457000000035,-16.39023933227708,0.12312550399734971,-116.30188434122674,0.011829020050411317,-0.005954677136727948,0.04502374405069989,0.029237009612101007,0.05978207182350623,-0.09240455909709606,,
5.877957000000151,-16.70467010765528,0.21501486074489962,-116.64860496841209,-0.01627148698253011,-0.08399095193020574,0.0767595053331516,0.047876972916106195,0.04588586469667785,-0.07083545028827287,,
5.88746500000002,-16.972118851974393,0.35346314497203546,-116.77390543746594,-0.05608786857435034,-0.1111608754399789,-0.000768120107890421,0.05852584988978117,0.022137747406098626,-0.02640992170744199,,
5.896977000000106,-17.138945939662584,0.49959176163266983,-116.46471374363307,-0.07408912886957945,-0.10138312950186606,-0.06964636878224163,0.05281115900926933,0.0032017940322604395,0.028197426278371334,,
5.906421000000137,-17.229243012783325,0.7659382723191998,-116.04352734858728,-0.006734328502473084,-0.08588746827179229,0.10102618830257849,0.04123157315259731,-0.0075333177485111084,0.06910642420724021,,
5.9159870000000865,-17.177334521516933,1.0113226650777158,-115.65755880046339,0.035539112942266866,-0.01683339308494873,-0.012153750136640764,0.032972781303116226,-0.025819568864158416,0.07938764730611732,,
5.925506000000041,-17.192547368945892,1.375146358787344,-115.35264961476399,0.02657180052673164,0.09228467836580508,-0.047843138270969594,0.031905957687171284,-0.020680102134874458,0.059501008532420054,,
5.935026000000107,-17.186540026221312,1.6635877012987297,-115.15129728457217,0.06042976835720056,0.1287036504052321,0.004129494584185934,0.0,0.0,0.0,,
5.944478000000117,-17.220875592790755,1.6960975512340102,-115.16614445158343,0.056731148592962695,0.12220543082515721,0.1542593004965898,0.0,0.0,0.0,,
5.954050000000052,-17.37229963968403,1.8383055242438309,-115.4223246628524,-0.029519201317505128,0.13016007458224538,0.029201269085793173,-0.003539714834908894,0.008979554228171064,-0.05582398594317485,,
5.963551999999936,-17.56217092113013,1.915990911866049,-115.75206011121298,-0.0656311445450915,0.09930164234386793,0.07565073441027598,-0.0046255707665659365,0.013871355129151372,-0.06633293348538584,,
5.973073999999997,-17.80236116519566,1.8661170727366418,-115.9955633619143,-0.1273203179544669,0.024134167996050393,0.039054162982378175,-0.007255956868839637,0.021468212576157386,-0.04867874239973029,,
5.982584000000088,-18.05719037411006,1.8370912919989077,-116.0728438530528,-0.128317565951792,-0.015583655359501033,0.060237704985975575,0.0,0.0,0.0,,
5.992101999999932,-18.273974870757815,1.831050689876211,-115.9447785072543,-0.09980369758923816,-0.02505260549403136,0.02391298183779492,0.0,0.0,0.0,,
6.001611000000139,-18.40105067416991,1.809828189495715,-115.64705415148441,-0.04007693750893726,-0.04029359543501326,0.04139404965788511,0.0012278405008674543,0.015972914435712204,0.05901809788335162,,
6.011113000000023,-18.443554781511136,1.8380009920813525,-115.2975852976129,0.0,0.0,0.0,-0.003137587498263757,0.009507061913338524,0.0688590935669031,,
6.0206110000001445,-18.406561907252787,1.9086638025218625,-115.01047031243102,0.07844230594665796,0.03952529921106463,-0.052175779954568194,-0.014255180922848406,0.005185259196950696,0.05584553884622671,,
6.030140000000074,-18.309933427342514,1.8945109125992579,-114.85996765617234,0.10435265202623979,0.04594341974627834,-0.02212387015763679,0.0,0.0,0.0,,
6.039661000000024,-18.149972579329784,1.813342598135069,-114.88942737404633,0.10133972628757475,0.020333098090529137,0.015356511901862428,0.0,0.0,0.0,,
6.0490870000001,-18.085626539241932,1.7252202508383203,-115.0761436654768,0.10919491616535824,-0.05673171390532221,0.1694974276021472,-0.03605263158254655,-0.004636092396656919,-0.039215894927000665,,
6.058667000000014,-18.109446656949782,1.672719111081686,-115.31794579324038,-0.03219580932149649,-0.06805558289898156,-0.0021985876969447455,-0.00860152656637196,-0.002287835547580564,-0.04969061224237533,,
6.068103999999948,-18.01944422772401,1.7913413391910518,-115.47416672104333,-0.13603398771556766,-0.04887588694281316,-0.21659303523051582,0.0,0.0,0.0,,
6.077694000000065,-17.885588850321312,1.804814117388477,-115.46790450392001,-0.0635802737456263,-0.05334100066350205,0.008748892472767132,0.0,0.0,0.0,,
6.08720100000005,-17.645880288768346,1.8281128907995006,-115.3561426875585,-0.038126979543294894,-0.05372373915291894,0.0913958967148117,-0.0200477203923029,-0.05343122331628395,0.0193289815061678,,
6.096639999999979,-17.325291460371403,2.0020240826023272,-115.28513532477974,0.07293873103028234,0.012163604455284003,0.19635259295039506,-0.01055705819563564,-0.07326359177357718,0.010429070960314897,,
6.10615800000005,-17.02130734978129,2.1416702388033904,-115.34767731091362,-0.047796487244331845,0.1630328979424049,-0.3645991616282416,-0.015319676292466288,-0.06730116837722369,-0.016447061236918456,,
6.115544,-16.44932547134495,2.1230570981623944,-115.53521601553497,-2.5465062210340417,1.241364626577821,-5.424729994570751,-0.06711736201139479,-0.1020772016741341,-0.043661454890135044,,
6.125140000000101,-13.587264973623483,1.3836396332814285,-115.16789621689323,4.014010495630042,0.1498922406270988,4.123890301710733,-0.39309118502269447,-0.4553226831899657,0.025206900723979814,,
6.134561000000076,-26.028940281869616,-0.2612325731645678,-116.02305182965284,-1.4661429290774894,-1.7875557868895242,-4.7182237600082395,0.7742384370836958,2.3863355490298024,-0.06621391827485033,,
6.153682000000117,-31.521430649710503,2.512580029913575,-118.35135019993007,4.482131342499523,-2.0801751466845966,1.886487213924794,-0.09713113437303879,-0.37550431869797546,-0.030809718680136267,,
6.163017000000082,-37.19684161525359,1.271210488060313,-117.643068057879,-0.2634916678462383,-0.7892191980359997,-1.1819199633015895,0.3011014043242592,1.1193922440463133,0.21437177247596303,,
6.1725249999999505,-39.878075089928906,2.2653983231729784,-118.12420895388726,-2.1659164135390556,0.8657259186330074,-1.504212882187047,0.4132769437444076,0.3807109337227665,-0.04457931266848102,,
6.182089000000133,-37.65372154991189,3.5536185990849405,-118.22276883449837,2.4567463051504204,-0.5827550859823225,-0.5514815520107622,0.003544874208844105,-0.5139942679234394,-0.06626614831635688,,
6.191612000000077,-39.78160823826592,2.7667345304867252,-117.34307913789627,-0.059397648856175475,0.4536923091391026,-1.1927301238928394,0.04457769731001482,0.4497409214354178,0.20287924159909992,,
6.201303999999936,-39.480235121501025,2.2395905651978447,-116.815347716234,-0.2964213759869271,-0.36392606732222976,-0.40282484109798977,-0.13579265243614996,-0.005938300308198564,0.10632472062789888,,
6.210772000000134,-37.16388625285922,2.980703257311632,-117.30865216187735,1.8175180828386273,-0.36438480954279995,0.14148738939622446,-0.0924288345536144,-0.48052312862839336,-0.14802483379477901,,
6.220162000000073,-36.67365430543836,2.6145426637560925,-117.29043744438886,-0.40572321515742044,0.7486618870363667,-0.8363663118973966,-0.12448899495830594,-0.05385000723408166,-0.041496650745959256,,
6.229841000000079,-34.075728512607306,1.7491888955492692,-116.82467597505942,-0.2319452709038652,-0.5757682004408038,0.05925902790954569,-0.40465220906878663,-0.3851031769006423,0.03136528694397764,,
6.239348999999947,-31.192164912580832,2.265837779507413,-116.9781877821742,0.8012409175869158,-0.489831284031119,0.6419743038776895,-0.1819583674221725,-0.5620673446015162,-0.11190528587542005,,
6.248675000000048,-29.7961191239651,2.5731075117958966,-116.89928683574408,-0.8276255637602232,0.6496230639559369,-0.48357647768239415,-0.08558837243020481,-0.2771778184268836,-0.05696042111191137,,
6.258377999999993,-26.725528864467304,2.0143911791130367,-116.07439219480906,-0.24464545980190988,-0.39367049330830545,0.4693066516468336,-0.3876914942050298,-0.5012296019116413,0.08471290433099861,,
6.26787400000012,-23.758254057852504,2.2305726229629395,-115.41697118324375,0.4979323579643304,-0.4521011799761031,0.8053769510756121,-0.23229143105682848,-0.5546502191783831,0.051420391173105096,,
6.2774060000001555,-22.19703870300547,2.707563513040849,-114.98903244201281,-0.3969098139643558,0.5086171593917179,-0.436592341911016,-0.060705400071257645,-0.32386445807598985,0.03130103200562417,,
6.286920000000009,-20.07784734257498,2.341781454150314,-114.39376713966547,-0.2140490195552738,0.1594254071038841,0.011435190822269849,-0.25794420328056367,-0.35553670624097655,0.07254632879264138,,
6.296414000000141,-18.067263286389846,2.1557166493591033,-114.08057017903585,0.2889368654117217,-0.1580238712932947,0.7007892088472689,-0.21346052218787312,-0.35247404896464035,0.024418700737662107,,
6.305945999999949,-17.086366299681803,2.4584391493124698,-114.22335466060571,-0.1610724143113043,0.3574018718071103,-0.06734722872513951,-0.03944616785963394,-0.2045690284034244,-0.05178110328751753,,
6.315463000000136,-16.027571108294897,2.3181458369148946,-114.44483573030384,-0.2247125195538929,0.24461503204483048,0.0002537548241568642,-0.12738983474331553,-0.18209886831759017,-0.06389856064961308,,
6.324943000000076,-15.083597328971202,2.118668921288251,-114.71703925986802,-0.11576731852560317,-0.1444212037273484,0.5277958433487746,-0.12938928392676946,-0.155744916910429,-0.07221945943725959,,
6.3344690000001265,-14.748930334253611,2.360501557868314,-115.03881452662493,-0.33490816899930265,0.08503272925380037,0.1544820828505205,0.001291499811250958,-0.08156193928848164,-0.07737233257507072,,
6.34397899999999,-14.527150309382668,2.409891545556977,-115.18236231744804,-0.34679802800226195,0.08997978978504072,0.11838415243206211,-0.024376892119393145,-0.04477070477396957,-0.03290646957402357,,
6.35349199999996,-14.529341968406083,2.307296473041829,-115.0805231361174,-0.2738818469865809,-0.16208848701168765,0.44561554663886194,0.0,0.0,0.0,,
6.363008000000036,-14.83826328132073,2.533679632895379,-114.93504557201989,-0.2978059876384464,0.03222193863302726,-0.04873443594957457,0.05273542374388544,0.0363862246444503,0.04184155377334768,,
6.3725050000000465,-15.132976081233773,2.690182971541593,-114.68639509953735,-0.0496076504272972,0.09494730431388089,-0.0665326439965173,0.03870185096253845,0.03985359926816619,0.06335384743985084,,
6.382047000000057,-15.615366563996211,2.6353436508078767,-114.40575408765223,0.01263085952152543,-0.008438947182034464,0.0535727827985613,0.01561160534284348,0.09178606496714972,0.06935626269245516,,
6.391503000000057,-16.081421380913206,2.777751996091271,-114.29464619994556,0.10783062319252464,0.016978342066968913,-0.023446768144695925,0.049934501405339636,0.07256732954722776,0.03883445882729496,,
6.401056000000153,-16.42353345126497,2.946107038242921,-114.28946203274796,0.24832850515279142,0.07305729940266603,-0.0492526483146207,0.04435127042337944,0.0479127225253574,0.0075030949138613,,
6.410575000000108,-16.700934481512846,2.9194215742456886,-114.34736090962583,0.17234067844537407,-0.024318791129033124,-0.04768870301777495,0.0034225773351245574,0.05219977601148659,-0.010637789220652954,,
6.420123999999987,-16.708697806051923,2.989600400892526,-114.50325994670025,0.17145939674132413,-0.07706505032810396,-0.018909006585593167,0.0,0.0,0.0,,
6.429599000000053,-16.539516806675334,3.182163979787635,-114.68938389080367,0.12955021172484163,-0.05261319882181934,-0.11348510769507357,0.006437381662871805,-0.04729755247338685,-0.04103521572409564,,
6.439161000000013,-16.23756368698385,3.2806838139334893,-114.77729593633731,0.02811387746129604,-0.08586545402396868,-0.08468477338638698,-0.021883294221193304,-0.06355130463104255,-0.023041980731372723,,
6.448681000000079,-15.779429312172939,3.3951800895519475,-114.75038627377015,-0.003422264152768774,-0.12793836842477746,0.026273886089642262,-0.032075357539072154,-0.09324194476540457,-0.0021065872214081315,,
6.458204000000023,-15.332652497193537,3.5465382400484633,-114.63469499965124,-0.04350213175575567,-0.030553627984566616,0.004518951607748682,-0.0175735761586629,-0.10401938940822898,0.015506795491006647,,
6.4677070000000185,-14.91788050743582,3.67168223409772,-114.43521414860703,-0.055141653434729404,0.01997955877605447,0.07199751244553008,-0.03071931271949972,-0.09756676574064078,0.032315578060971566,,
6.477157000000034,-14.510878839575726,3.744303950881383,-114.22451128478053,-0.06278082321140173,0.018043205358290983,0.142189499674786,-0.03473586085114586,-0.08068955007137185,0.0344277444274364,,
6.486675000000105,-14.247510577225684,3.8666379946006466,-114.09876793173815,-0.05211325378334089,0.10386683669900693,0.12598594068172647,-0.0136463326118944,-0.05865304918446614,0.019119084652895694,,
6.4961379999999735,-14.139796504405018,3.965985457115314,-114.08386039466113,-0.03601418075795497,0.1283762866445062,0.13519002495216897,0.0,0.0,0.0,,
6.5056979999999385,-14.189242477877606,4.024420455291415,-114.17690521676677,-0.04775567185115954,0.08739295246269199,0.1191089196498221,0.0,0.0,0.0,,
6.515280000000075,-14.416980644391925,4.154766955070898,-114.36092277322075,-0.04260051472265286,0.04842728050689102,0.07220903076081175,0.0,0.0,0.0,,
6.524783999999954,-14.711465134978408,4.2694474234912745,-114.56254434045691,-0.03176201832706842,0.01377279310363944,0.009062727443887673,0.027382587560951008,0.03691915570009977,-0.03852712394585346,,
6.534290999999939,-14.997358491171784,4.28227250069825,-114.71014806668963,-0.02391903727957568,-0.05197946405922027,-0.004284495870635263,0.02369194365984068,0.04594746104440474,-0.027737603311570862,,
6.543748999999934,-15.206168497250005,4.292099900215872,-114.77864952718507,0.006880494668152211,-0.08925692068334128,-0.01776516473128105,0.0,0.0,0.0,,
6.553263000000015,-15.32312796417434,4.355135076672617,-114.76874948952273,0.04522696343365218,-0.07238113053116745,-0.023180223693306093,0.0,0.0,0.0,,
6.5628169999999955,-15.311096565484933,4.410377169801992,-114.77675899592616,0.0700435902184512,-0.05797076991205155,-0.025929447511744197,0.0,0.0,0.0,,
6.5722820000000866,-15.179851848260107,4.503678768447484,-114.77578752003652,0.084485317192488,-0.036832275352650615,-0.02492300817330407,0.0,0.0,0.0,,
6.581844000000046,-15.00646788677936,4.66253791083606,-114.78157259815704,0.0842464508065141,0.02104549684882646,-0.013761386119992568,0.0,0.0,0.0,,
6.591310000000021,-14.826007868178328,4.796540510131632,-114.82409119718821,0.048991219558442545,0.04046972702286691,-0.002489816640215917,0.0,0.0,0.0,,
6.600875999999971,-14.67178288427752,4.89654640322238,-114.89759066409492,0.021119595239667485,0.028346782097330086,0.030652722325494836,0.0,0.0,0.0,,
6.6103760000000875,-14.559535253914467,5.00813108184139,-114.93182997809802,-0.0507941346995173,0.017074366160557592,0.06765289671890791,0.0,0.0,0.0,,
6.619898000000148,-14.494344395688383,5.1055912068514715,-114.96199455163627,-0.07151483521157544,0.02384554347747169,0.0958341248764698,0.0,0.0,0.0,,
6.6293960000000425,-14.50012921725717,5.174900494754337,-114.94180148326187,-0.08487063476935691,0.03100056549226064,0.08480478604903945,0.0,0.0,0.0,,
6.638899000000038,-14.568189068469772,5.248921205356976,-114.87563112096156,-0.07805266567242125,0.02955587176608355,0.06551878437064938,0.0,0.0,0.0,,
6.648437999999942,-14.69577856497532,5.312355234470352,-114.84901463261846,-0.059393359848805,0.02259514134311582,0.04791689090612079,0.0,0.0,0.0,,
6.657945000000154,-14.851411048066268,5.347930824928595,-114.7874258463638,-0.025365677826468334,0.006582187560769987,0.04976834796663855,0.0,0.0,0.0,,
6.6674480000001495,-15.017523049625783,5.384267075171371,-114.72820360817433,0.021368739800968,0.016743113906103477,0.04872176039186935,0.0,0.0,0.0,,
6.676963999999998,-15.185164361449045,5.434467416794168,-114.72662736541093,0.019984007352271804,0.043395214047075144,0.004545119885822004,0.0,0.0,0.0,,
6.686437999999953,-15.304977383768737,5.473020318214441,-114.77723811876245,0.05278118699559086,0.024322909948178616,-0.006136898307390842,0.0,0.0,0.0,,
6.6959770000000844,-15.382139391738743,5.503645435136965,-114.85965092093602,0.034259362590642536,-0.01478860389287976,-0.01021486146214118,0.0,0.0,0.0,,
6.705498000000034,-15.404822771340875,5.5323750463521915,-114.86307175569151,0.027668921446338104,-0.01193984333631205,-0.008261748230691209,0.0,0.0,0.0,,
6.715005000000019,-15.379874333109203,5.55252805646977,-114.83311411752499,-0.014148973444327764,-0.03057476379807345,-0.003275144400415472,0.0,0.0,0.0,,
6.72452700000008,-15.334617144288437,5.565737413580529,-114.81969029229951,-0.021475109562977115,-0.04643447958128125,-0.0049853919533777505,0.0,0.0,0.0,,
6.734014000000116,-15.266128491462807,5.585055702982239,-114.73539981234518,-0.021952329524604474,-0.04765021641391488,-0.00513030312618401,0.0,0.0,0.0,,
6.743552000000136,-15.20030176702764,5.632209593727761,-114.57056264259998,-0.011550746925833605,-0.025263304184003132,-0.0027394891848384496,0.0,0.0,0.0,,
6.753059000000121,-15.140660678275262,5.699831967325639,-114.39583417598493,-0.02961318875171282,0.012482598889123876,0.008649456226840116,0.0,0.0,0.0,,
6.76252199999999,-15.084636140665456,5.773362032604359,-114.2584303706973,-0.005028308740484974,0.03989423143807158,0.0622538624461356,0.0,0.0,0.0,,
6.772079000000076,-15.06455351689854,5.857213843110762,-114.19672418026717,0.0014454804781715844,0.0628119359304073,0.07790043707320192,0.0,0.0,0.0,,
6.781594000000041,-15.084885817631127,5.929766860841813,-114.2178623907425,-0.003001761581001514,0.06750143033085959,0.07908971032360589,0.0,0.0,0.0,,
6.791098000000147,-15.148049562060251,5.9740924606659345,-114.2974711270492,-0.015434191435290684,0.04898939173150361,0.07068037092142385,0.0,0.0,0.0,,
6.800621000000092,-15.260039079459448,5.999324312016309,-114.39378860640858,-0.03912907180817866,0.013380890267847669,0.03781601462792306,0.0,0.0,0.0,,
6.810124000000087,-15.385238364734684,6.00343276097017,-114.45801604049122,-0.03605276840817938,0.015162248982969069,0.01069876029895651,0.0,0.0,0.0,,
6.819646000000148,-15.486754168610874,5.996529838942894,-114.4587084272414,-0.0146023015143061,-0.03210311684704969,-0.003704664740082081,0.0,0.0,0.0,,
6.829104000000143,-15.54694411730215,5.994030232532698,-114.39414497276175,-0.015550603763155462,-0.03429042962132823,-0.003953392866557491,0.0,0.0,0.0,,
6.838643999999931,-15.555679661548442,6.0015794424274835,-114.3471418683769,-0.010874076220424394,-0.02403067215249852,-0.0027730149810951065,0.0,0.0,0.0,,
6.848162000000002,-15.503033888510378,6.024383717551155,-114.29580091667393,0.02906237385131048,-0.012114341852366766,-0.00868177160401388,0.0,0.0,0.0,,
6.857666999999992,-15.407444328694405,6.057120620846049,-114.2667140701945,0.0322052837759525,-0.01340644853162642,-0.009555898301321402,0.0,0.0,0.0,,
6.867191000000048,-15.302885709220964,6.087468119395332,-114.23699181671617,0.0,0.0,0.0,0.0,0.0,0.0,,
6.876653000000033,-15.20645920921634,6.1133332752054095,-114.2507977914189,0.005370972265784975,-0.005493421865972474,0.026167278053630862,0.0,0.0,0.0,,
6.886207000000013,-15.132411011211742,6.140222064262985,-114.28500586501015,0.009233850613885194,-0.009517040321832844,0.04533612929015919,0.0,0.0,0.0,,
6.895725000000084,-15.088334065113745,6.176003515114998,-114.31584876032358,-0.022691570597619327,0.003992471247854796,0.05272411718390555,0.0,0.0,0.0,,
6.905179999999973,-15.071066633073283,6.24508018856454,-114.33243755083048,-0.031672407270209174,0.008061572971344147,0.052129016655486644,0.0,0.0,0.0,,
6.914688999999953,-15.066915155154767,6.336360247185217,-114.336598380691,-0.04018445159309087,0.016755830275799084,0.01164372131915625,0.0,0.0,0.0,,
6.924201000000039,-15.077914097290721,6.435430953953136,-114.33852741089547,-0.04720671565213644,0.023467382208742674,-0.017080514212811256,0.0,0.0,0.0,,
6.93371100000013,-15.06271885161576,6.465020335848266,-114.3296845690561,-0.03578266151927909,0.08549075134249524,-0.05819782276015444,0.0,0.0,0.0,,
6.943208000000141,-14.958622863094279,6.288394128598175,-114.28499560604858,-0.00048069870467553813,0.041248689664078665,0.0546586368952571,-0.06390530752839758,-0.004878126195603396,0.003962379008142549,,
6.9526670000000195,-14.916430451723508,6.058716567224015,-114.20440301254723,-0.036244789182129165,-0.03049778425309608,0.14139940272448853,-0.05984346787553579,0.010747613793366488,0.01257458824703005,,
6.96223400000008,-14.951289972077957,5.99820178942945,-114.07486292006489,-0.07123072517130227,-0.016836142167606878,0.04350618565179323,0.0,0.0,0.0,,
6.971741999999949,-14.909500305090836,6.074621831555551,-113.8044841319071,-0.023192439706417146,-0.0011551544391325097,0.09789162190773178,-0.004983570747736607,-0.01847677890812068,0.05059176849091645,,
6.981248999999934,-14.870344126498328,5.974452772317509,-113.43910433064356,-0.0428389929113758,-0.05295963668318079,0.03926144071418772,-0.024601593368185338,-0.008869603677380744,0.0867846027628978,,
6.990774999999985,-14.780853257578562,5.944728848962677,-112.97936549360438,-0.02772719302034327,-0.0653866353818427,-0.007395513003742197,-0.0112710384075543,-0.018866851750300714,0.1022952997965631,,
7.000279999999975,-14.65490881976235,6.139883184603528,-112.5104856660239,0.04322649744592079,0.02647787169984147,-0.06079024009560259,0.005613993490336047,-0.028959363492442762,0.09542904326851286,,
7.0097279999999955,-14.539665276894743,6.1343671621897915,-112.16048780770276,-0.005786131487236085,0.10099111889575874,-0.49635647388941684,-0.024159732191624643,-0.021790822040128915,0.07432825770394266,,
7.019183999999996,-14.88075984691487,6.1622348522330155,-112.12706229671143,0.2519815536062829,-0.32949521737432635,-1.814261723959487,0.016394370030874315,0.059796435419739204,0.024276098049165827,,
7.028727000000117,-15.21768634238976,6.140600222664254,-112.52022786213344,0.366563212107484,0.5509336840537092,4.207463380820516,0.007092069464755152,0.06278778602295036,-0.05867088920451014,,
7.038144000000102,-17.122300461274467,5.84833685707567,-113.13338028553558,-0.17737182108232002,0.3583546028541424,-2.536942143011955,0.07911525082718433,0.3715170475184743,-0.06149384880351325,,
7.047747000000072,-17.428727101247805,5.365396513619529,-113.86526419724967,-1.0671287182820612,-0.03627202442078965,-0.17311778622413831,-0.07882119228358803,0.0940044413243224,-0.12696568578471742,,
7.057265000000143,-15.934395255027429,5.863324576924505,-114.42904690663636,1.5674558834055652,-1.2300171258952157,1.8368409593845048,-0.045164712438261916,-0.31308865408509157,-0.15669718192590293,,
7.066678000000138,-17.625432570750206,6.088609636340459,-114.91052223615922,-1.0909888177113638,0.34974385732209723,-2.083966771561449,0.1671494948397657,0.28690894582263904,-0.05722396212377626,,
7.076281000000108,-16.732200134214537,5.392485598365597,-114.58697383363857,-0.07608355901201473,-0.5445854999743358,0.47617540762056254,-0.21574679228460944,-0.10360197868222502,0.05778404343085661,,
7.085782000000108,-15.794646018464446,5.3315444638359395,-113.88854480030321,0.45580833300406737,-0.5302845808058634,0.6573419831539015,-0.10238820844926425,-0.16606719485252155,0.1198900019666304,,
7.095132000000149,-15.65415466367348,5.900753807628688,-113.08098489296076,-0.44925881722512256,0.7188623076952542,-0.9695078063925007,0.07893359376644013,-0.07188800378771122,0.15644786745967448,,
7.104816000000028,-14.057746692742612,5.741999009711524,-111.96213902912925,0.44986492565720465,0.30337050003557037,0.49116624160843164,-0.1656233319227974,-0.2827156599232952,0.1887177863035858,,
7.114334000000099,-13.333909749358696,5.711832661886168,-111.05677287083635,0.0384827011099358,0.1666943121986495,0.32154807339458413,-0.07286443003534167,-0.13326713577146268,0.1638047249897594,,
7.123858000000155,-12.650480838441458,6.453298248054933,-110.55422206256432,-0.19515360493135103,0.49972511035727735,-0.18306892559718613,0.07620090781154633,-0.18135440716449236,0.08290365761077596,,
7.133346999999958,-11.832272412107814,6.835478864787708,-110.22824302391821,0.1331967330284025,0.18705637780038611,0.31647344206507205,0.0008121675263674922,-0.18067144178434077,0.04287122363968792,,
7.142884000000095,-11.811571941453886,6.823135684333943,-110.01725130942152,-0.47003549412927215,-0.16102993140542393,-0.024002731312153705,0.0,0.0,0.0,,
7.152381999999989,-11.601090810661802,7.064971167403373,-109.8299774088709,-0.22091239202241003,-0.23882970456835886,0.20092191827744055,0.01708712673607138,-0.05734930398799055,0.02889424435762558,,
7.161911000000146,-11.821057497492623,6.993306214247174,-109.4826579993354,-0.1881987220855506,-0.11671325995023549,-0.06470157118048252,-0.013008025156294697,0.044423317086833114,0.07147874427796312,,
7.1714150000000245,-12.165664632735187,6.4876050748518885,-108.99906399813989,-0.22020280509159915,-0.2149862667755068,-0.0012786749648198302,-0.08717518340324773,0.09643302257783593,0.12223222987919927,,
7.180913000000146,-12.340625979118526,6.183968529408969,-108.45305597593493,0.19142642243710817,-0.07997290123803999,0.14092280239125937,-0.060586164324012114,0.05066844016996383,0.1304224965206492,,
7.1904349999999795,-12.799389575429498,6.002267301812503,-108.0117352524419,0.23670757332374898,0.24927943246335335,-0.0800700994145248,-0.02012642386931997,0.09616603037807687,0.11313219204360221,,
7.199935000000096,-13.05856481643059,5.739404310225373,-107.7886574454161,0.3768931670735116,0.24066083852014064,0.14147046690441617,-0.04840637990653477,0.06326738758137562,0.06600456457609072,,
7.209450000000061,-13.23803121795822,5.516341027944647,-107.87065194071553,0.4142482138523422,0.21081411734189173,-0.0462369842562585,-0.045780836831631005,0.0456801112767621,0.00297745116158455,,
7.2189690000000155,-13.46607606271396,5.368091679993445,-108.09687532432672,0.1909179189806522,0.1360596187419619,-0.2745869073458739,-0.028460503341428106,0.05037993728905303,-0.0438532153762093,,
7.228511000000026,-13.455908224565642,5.222877512307939,-108.31396855717803,0.1087832805093341,-0.14587373103796214,-0.08723043338579879,-0.042530090640035316,0.005169596694737068,-0.046532420544093685,,
7.238006000000041,-13.369025501214459,5.114627293927791,-108.35239619030368,-0.04960374573083312,-0.3066507943775531,0.05836608475746013,0.0,0.0,0.0,,
7.247534000000087,-13.049934663590737,5.012560452254041,-107.90715908919783,-0.1874909175301025,-0.34574118645969376,0.014760478828552442,-0.053502615836530446,-0.05622286869022707,0.08694421665064717,,
7.257055000000037,-12.485254347854767,4.860866713965526,-106.99089204602186,-0.1431029663718836,-0.28011082463682396,0.05261305224107943,-0.07697238020048408,-0.10070919774465847,0.17062967040193644,,
7.266559000000143,-11.89945608920087,4.661873229089214,-105.84271198743448,-0.1364402881599953,-0.06324847188220596,-0.013654821205916913,-0.08540607844678305,-0.10350791047014933,0.21694453130850913,,
7.276069000000007,-11.28556869924602,4.4290538464585785,-104.76409657497317,-0.026345385365537665,0.15167667027876666,0.023676073566623677,-0.09137572627489501,-0.10880609901536983,0.20290101512130104,,
7.285573000000113,-10.8439440651797,4.1654169741002205,-104.04912470639046,0.035541269843391204,0.3307667671250432,0.07502520686515003,-0.08707416178459042,-0.07537304998305928,0.13315275069617147,,
7.295071000000007,-10.61970469783041,3.903683288943763,-103.86266632426724,0.02120675836231621,0.3701696933275497,0.13477539576739145,-0.07563864901238183,-0.03397790283311928,0.03079421633318479,,
7.3045660000000225,-10.562759183489995,3.727715845028283,-104.19045598021515,0.0025743873389505395,0.2777035862112483,0.2093421867244379,-0.05091872534425185,-0.005573684757263037,-0.06974638992616931,,
7.3140769999999975,-10.707746721467045,3.626319498274461,-104.93780603848768,-0.0812243986288304,0.12790393606957087,0.14982649486711805,-0.026348135178159465,0.03026723191816088,-0.13099267445741083,,
7.323595999999952,-10.973139535098706,3.5374976344104327,-105.67822097534201,-0.1491093459266492,-0.08813642354042525,0.11844692067501526,-0.017174729265932047,0.05314720193348961,-0.13293965601248314,,
7.333123000000114,-11.324108202820232,3.4740119847207738,-106.13135674172814,-0.1780638977832999,-0.2590099393785498,0.03938816130032703,-0.0070716151713465,0.06835007907109732,-0.07957886098362123,,
7.342617000000018,-11.695117222789747,3.433016631156455,-106.17651223085817,-0.14819689572310712,-0.30970601168216216,-0.04389341168537079,-0.0013294491368228234,0.07092558428670315,0.007608704807861076,,
7.352166000000125,-11.995644429169246,3.3685105434523654,-105.79029133700276,-0.03382612609172087,-0.2859885558424777,-0.026375761170059978,-0.00995926557095494,0.05862706342511815,0.09660101551282631,,
7.361675000000105,-12.182730677991103,3.3020455137117377,-105.1042249568551,0.0932508915091315,-0.16781010022433718,-0.03687049928708747,-0.016955061715682024,0.03674219113427931,0.15334988181031842,,
7.371225000000095,-11.984915903285955,3.323380741433029,-104.33762942914244,0.21564924276545694,0.011938144772885436,-0.04002590067750397,-0.022907364316466387,0.006671994600918607,0.15873622406155108,,
7.38069500000006,-11.886595766191686,3.248259044822855,-103.78476229194017,0.2716360486833853,0.15203641847000338,-0.03592790780416786,-0.033408525458204025,-0.018601979635820366,0.11529762762529994,,
7.39018800000008,-11.6781198107609,3.183331038730389,-103.59781338203109,0.24740736835441537,0.19893596446767695,-0.026109316836207652,-0.03652021194395652,-0.040667247975190765,0.03975509802591672,,
7.409261000000015,-11.026625764110367,3.557473463183941,-104.19201798756168,0.019693247988023306,0.05786178325475234,0.02901341489109137,-0.010223420597403006,-0.057142200692532015,-0.09279955098317119,,
7.418724999999995,-10.78698912798103,3.695375070123137,-104.66669773194059,-0.1314549882771964,-0.09144896923371934,0.09724604191750445,0.0008149845757383699,-0.05623823392320261,-0.10137100654933123,,
7.428214000000025,-10.588053266787396,3.9255912002312905,-104.98023256590093,-0.2346367742175989,-0.19854333425434617,0.11578579980130015,0.020402917120405054,-0.053104845200789265,-0.06879315993843042,,
7.437750999999935,-10.450450496379629,4.21434347845624,-105.00397483405132,-0.2764505863362786,-0.2201357577277971,0.08397853018037028,0.034760916196483006,-0.04436417609410257,-0.010149085644162986,,
7.456769000000122,-10.451679942375808,4.798419750551859,-104.30295154010211,-0.1264319309325217,-0.10629971337145575,0.09116446614034568,0.04747703455096557,-0.005702979855826469,0.08378549928330202,,
7.46634599999993,-10.637396318152105,5.150663680117064,-103.91832408275378,0.012155800013369498,-0.01000811926942465,0.07533188130585833,0.059868691959654996,0.016076040458824763,0.07672751957223743,,
7.475791000000072,-10.936706955613769,5.51334254697622,-103.84580392069243,0.1241198156288734,0.09591622261256254,0.11170237584555866,0.07092428371954515,0.03741782133143332,0.030186626626054012,,
7.485292999999956,-11.347727813664733,5.940531383038939,-104.14756389113708,0.1839909897974163,0.1044818095132845,0.09982903373665454,0.08890571848816922,0.05576189749613697,-0.041048908188642895,,
7.494797999999946,-11.835666111394833,6.471700983746794,-104.81217051309109,0.20124633594435604,0.042679089661183285,0.12192983259372783,0.11333000043515214,0.06462428772735826,-0.11350519015552757,,
7.504315000000133,-12.370635403287366,7.110145590630837,-105.71438106745504,0.1620303288096527,-0.05989795236550606,0.11042938195612946,0.13733911382321615,0.06639297811296323,-0.16259814485724486,,
7.513721000000032,-12.895851786946244,7.865285762480624,-106.6485982270565,-0.2415813877597137,0.11384728896261341,-1.1588278772736744,0.16021195573828778,0.05574704085093112,-0.17660175159778108,,
7.523208999999952,-11.383182536144963,7.994408770548661,-107.15815025531161,-0.8193631800497371,1.5442732764023925,-2.4873404598571636,-0.07639909621558265,-0.2968011272690062,-0.16150823937210296,,
7.532823000000008,-8.757349019760943,5.939851372553206,-106.87321923580271,1.655183459900469,-1.3718583214724298,5.91995630277383,-0.5595949435123041,-0.38198025633835103,-0.04703609216022416,,
7.542228000000023,-9.942830128608673,6.113202882865291,-107.05502212261263,-1.837571718890354,0.8432091333892777,-4.017526252798637,0.08808738061818108,0.21350960719326662,-0.015227845618032955,,
7.5518520000000535,-7.2734626191503065,6.967870498349395,-107.04491234137225,0.3253973476872494,0.8869046286978159,0.1087143689592134,-0.005951028714304623,-0.5602013146222479,-0.06332122547687477,,
7.56136400000014,-6.285973589145519,5.81434516707629,-106.82874759609574,0.45055176099544725,-0.09974660257687754,0.8118484490364447,-0.2920137076527587,-0.1231814099265801,0.0035548549157748415,,
7.570701000000099,-7.264632767670818,5.098432937843898,-106.68977843279218,-1.2060325602059663,-0.27844947901400147,-1.160568764906296,-0.09473108764291333,0.22589362359037676,0.05958224358586714,,
7.580376999999999,-6.192319717836895,5.593303978092558,-106.17678149101158,0.27115890646738655,-0.40192728034973085,1.0382280140365925,0.020712512017659866,-0.23562979898245548,0.08797724687686663,,
7.58989500000007,-6.668754871352464,5.246570179656586,-105.41740616672823,-0.0650656788396029,-0.2663101166840173,0.2759587508104445,-0.054666561836899885,0.10769178126963808,0.17144392912575906,,
7.599423999999999,-6.756881637905802,4.300381465570761,-104.5303081892999,-0.337304035754823,-0.6017399522988642,-0.15310030585324114,-0.19225090046447468,0.06316068143627308,0.19260399485881263,,
7.608911000000035,-6.100178379495554,4.030511417351516,-103.81376658360956,0.5218891303299147,-0.2327477309884859,0.39359298065131476,-0.0982655424057692,-0.11705776342616227,0.1416938663974325,,
7.618425000000116,-6.324369691849498,3.509525769182202,-103.54784987693402,0.1855013114841214,0.3549726080762845,-0.5796528392743645,-0.10441624430833886,0.06506067677950193,0.07268869205197058,,
7.6279400000000805,-6.093989611204732,2.380277700995885,-103.62811912339475,0.30459736349070815,0.07374135663059146,0.1960810087633758,-0.24436997266045324,0.005198580026195539,-0.006714772180448549,,
7.637451999999939,-5.937425917384388,1.9043509056049885,-104.09143441672467,0.34818236099064453,0.15693765466284054,0.14703313222591136,-0.11377474308203982,-0.010745465702670159,-0.08025497083966221,,
7.64698599999997,-5.992893549852664,1.9035480676710148,-104.65549535258207,0.14603465632448592,0.34792235007261346,-0.18580203163668021,-0.011133687642012266,0.0076967291191677315,-0.10319336080357659,,
7.656467000000021,-5.8464966594595795,1.6355474777588408,-105.01629286653473,0.09113633648130032,-0.030431730921297192,0.20241699407493122,-0.07316620014285365,-0.017568812171006844,-0.05816267588154655,,
7.665966000000026,-5.79796212427142,1.6948708915587787,-104.97544941580567,-0.09840053496809582,-0.3267090729501457,0.1387972503768089,0.0,0.0,0.0,,
7.675504000000046,-5.65388486471744,2.185717065425411,-104.45377879045357,-0.11587782648228488,-0.2664936072859463,-0.05806097612627473,0.07402549756891635,-0.056049637097876026,0.11354150034507303,,
7.685018000000127,-5.456712013534807,2.313869609162789,-103.52082303488316,-0.03741281133759783,-0.32103142172177146,0.021005514794008997,0.0017001832204653574,-0.0478449849477878,0.19434672956782773,,
7.694529999999986,-5.398270949112533,2.201453723233431,-102.48481055039677,-0.0715910731679456,-0.35963094546980945,0.0690090926548631,-0.038156461938272046,-0.009903492877988149,0.21985588170513454,,
7.704044000000067,-5.391577892240164,2.2510617241191526,-101.71973544211664,0.08634951191498168,-0.020634156074085114,0.06777858817741227,-0.004095760601371431,-0.007172774407158757,0.1726977814533079,,
7.713556000000153,-5.492169597958479,2.0428365966171373,-101.46270673203132,0.1220635907790448,0.22148829592638006,-0.05187685327631722,-0.05029918435757671,0.024296047048697752,0.0723977509054084,,
7.723064000000022,-5.643611319087577,1.6323604362695565,-101.76966312129161,0.10997278041610134,0.21452104834853045,0.10239037177756567,-0.08794977162902803,0.04249656339697061,-0.04928982669122401,,
7.732594999999947,-5.838597514766882,1.4558408639109086,-102.47525462618903,0.0059278285615373605,0.3347260954048424,0.01514287169648811,-0.03999702077245378,0.041933540250157206,-0.15408304266675307,,
7.742087000000083,-5.923929344742937,1.3113305166562834,-103.41773245159754,-0.0837124922488919,0.31630893385653325,0.022667672659361253,-0.03806215457750588,0.019691542527763825,-0.20057273526952615,,
7.751596000000063,-5.988850388251844,1.161284964254592,-104.33222537747498,-0.20648449099426688,0.04855515991818471,0.20078084428956477,-0.03978432551880674,0.016612166707015513,-0.1766856052253689,,
7.761093999999957,-6.079975323058746,1.329723891451527,-104.85359703313,-0.3118968481025731,-0.09259102868873183,0.1066091399833241,0.02348446800169348,0.006053718256786266,-0.09807066833840766,,
7.770622000000003,-6.133474295364204,1.610292671963885,-104.80489705268045,-0.28596556461211897,-0.16663536488538164,0.018560760293618757,0.0,0.0,0.0,,
7.780124999999998,-6.19613371710075,1.7435081599751434,-104.26036494669401,-0.24223315381316185,-0.29952095548192065,0.006833475675443662,0.01523577869730794,0.002237975059938875,0.11635516559330877,,
7.789686999999958,-6.213714337275726,1.8822116994725986,-103.44532888716823,-0.11238774191261823,-0.2568185580425805,-0.003664772410619566,0.014116300462222512,-0.006632616437921701,0.17348910305684073,,
7.7992220000001,-6.126688066349598,1.8877926336517281,-102.66581546455414,0.043448980800584534,-0.06752769761057714,-0.07569909760930794,-0.0003820505041487698,-0.010243695544942472,0.16825993965588287,,
7.808725999999979,-5.978897572080202,1.8149819123276008,-102.18302129935164,0.11739325220708961,0.05288426404986627,-0.00843141167531696,-0.04674922207154375,-0.0031933505353204158,0.1069709338469934,,
7.818250000000035,-5.733011217338236,1.7919882000942222,-102.1238503775654,0.14346210069430998,0.14259652558480074,-0.005775863878437019,-0.05901185153051624,-0.01947075655460433,0.011903228374224823,,
7.8277610000000095,-5.445681834352932,1.9447897193781394,-102.48627518035192,0.11362955125638108,0.2200326276723899,0.002084270839836528,-0.045058996452027336,-0.0413488847740662,-0.0788393562910854,,
7.837266,-5.164126876654786,2.030222181347884,-103.09376337407436,0.006250598494830819,0.1568607787784429,0.008129227486221259,-0.044500257290338706,-0.06095481865997051,-0.1280273293330413,,
7.8467970000001515,-4.872760087631872,2.063761226296752,-103.65192256601804,-0.11381794308550643,0.02555086329047082,0.0564629963371718,-0.02589862458129215,-0.08549708636331824,-0.11825915714554586,,
7.8562970000000405,-4.592749730061202,2.159411306430105,-103.88862814388222,-0.19884915965652236,-0.05750828560606046,0.010503215372017288,0.004057896070555137,-0.10548549244098451,-0.05392728367965202,,
7.865817000000106,-4.276205665111169,2.183916272703077,-103.6522321771083,-0.22131301967588085,-0.13954134744403732,0.006464760158066996,0.006265267464483288,-0.11342198373724818,0.04045700625453705,,
7.8753240000000915,-3.9124334876187934,2.142765506102787,-102.97812729102924,-0.18367886675243872,-0.1897574622989182,0.05179205273339192,0.0012307271135641824,-0.11026477587955498,0.12771551118896135,,
7.884819999999991,-3.512026817631849,2.1724408984807724,-102.13415539341793,-0.08734958308234167,-0.12583962769645454,0.06193178596359635,0.00122490566763653,-0.10116486929477372,0.17534206987678114,,
7.894344000000046,-3.110491470201517,2.2158325794356077,-101.32235242006334,0.0029250716387224864,-0.003109885030927855,0.06396748638985277,-0.0162203725903156,-0.08074745060405385,0.16786497271867737,,
7.903863000000001,-2.75234256756364,2.2312387146763206,-100.79178907666191,0.08626817116642908,0.050295249631425634,0.08705522875897707,-0.03435975079301557,-0.05740513057695539,0.11012005623446124,,
7.913373999999976,-2.4435509434152065,2.3238194196913224,-100.67918818460137,0.12355600270421951,0.12032551621995154,0.046893101698856264,-0.03190261062230608,-0.04223566836364005,0.024972169193407785,,
7.922874000000093,-2.216335027131565,2.4482562936152865,-100.96705459772902,0.11753569448207277,0.14717965246550696,0.0037487710406731204,-0.028442011885379523,-0.027954137841911555,-0.05497784618315661,,
7.9323870000000625,-2.090842911531145,2.4830846718681956,-101.49464871877188,0.062111571271204986,0.07835163269528327,0.02988246359310603,-0.02811241392093586,-0.01638865653207595,-0.10013600021291152,,
7.941890000000058,-2.033117856801561,2.4914330330525596,-102.01175058354559,0.0014406093675008883,-0.0028001380837204947,0.0560550824688054,-0.013211365783154945,-0.014457877454926911,-0.09606010196324805,,
7.951411000000007,-2.01196540691365,2.5004764601106033,-102.30715977096274,-0.013697254748739384,-0.06937746326083993,0.036959314790989926,0.001662323308106463,-0.014596111352948813,-0.048011719811384294,,
7.9609230000000935,-1.9824005886583553,2.4573886758724104,-102.25613623632543,-0.0264746139351489,-0.12842689863862414,0.03461262415300726,0.0,0.0,0.0,,
7.970426999999972,-1.9088346468442459,2.418076800907161,-101.89220779258733,0.004725388197157462,-0.1440303892606255,0.023871972424375575,0.007019269839052586,-0.015344681022165992,0.08448377937252387,,
7.9799339999999575,-1.7895908386240797,2.434893402422521,-101.38547829273759,0.058321250690652124,-0.09574055949610685,-0.005880469536923245,0.006503849193987953,-0.014813569629043868,0.11375119518477503,,
7.989444000000049,-1.649823968543359,2.4600835020562584,-100.96898701357703,0.10656291538689427,-0.0205172175376466,-0.0031228018057996502,-0.005844749426930167,-0.009438964910300118,0.09879096653555122,,
7.998968000000104,-1.556307756619669,2.492030740003035,-100.81679554854107,0.11393893455033674,0.016077884325267314,0.0365336606947511,0.0,0.0,0.0,,
8.008477000000084,-1.5545734009159498,2.5600506954467988,-100.98959653678537,0.09192363064717643,0.060210118233390744,0.044348229214067565,0.0,0.0,0.0,,
8.017992999999933,-1.676678634460532,2.6144786253422065,-101.45658769597611,0.01568389402665802,0.06830729947565589,0.06488683300277281,-0.010959721223170961,0.026298854085052323,-0.08451517493546615,,
8.02749800000015,-1.9400638780398858,2.6371493786137346,-102.07400952704758,-0.033469697264158986,0.03059150497079772,0.06649589129446104,-0.004455257410122816,0.040031670869147856,-0.11444261013726906,,
8.0370190000001,-2.3104531196527898,2.6631029135882387,-102.65024501044887,-0.09250067518331664,0.01894751005549549,0.03805337651743393,0.007245719783375249,0.047113630628225496,-0.10484427582449804,,
8.04652699999997,-2.730250621609865,2.674290126222757,-103.01693429991593,-0.12481401020052355,-0.026022025481956534,0.0030283236462553048,0.013276060517548545,0.05097610642846304,-0.06223742109735002,,
8.05603700000006,-3.1601229923599883,2.674957380730291,-103.10866365770245,-0.12015260402328964,-0.04799478513378933,0.04481464154526799,0.01635500792676488,0.054874977995096746,-0.004334793303406543,,
8.065542999999934,-3.546153090039278,2.716001729914482,-102.96021885136285,-0.08121707155054265,-0.03826790250424564,0.04092617736998227,0.02022453720128831,0.05263122222598578,0.046258057513117096,,
8.075045000000046,-3.8587469714963922,2.806164425796869,-102.67110362630746,0.0,0.0,0.0,0.01844869673252544,0.04819794498000865,0.07112168485210202,,
8.08456799999999,-4.103282340247499,2.9066316940587584,-102.42842825530792,0.007714107287116608,0.03500295355425537,0.0018198828037785484,0.00915441643020648,0.043393638328557985,0.06193092724400558,,
8.094078000000081,-4.282975146664022,3.005876427698856,-102.36960252192048,0.013615811678813176,0.07214665526782876,-0.024965109351880992,0.0,0.0,0.0,,
8.103598000000147,-4.431009760161749,3.0667400873723802,-102.54788111732223,0.017330062193709167,0.08708155510853144,-0.02112726369987675,0.0,0.0,0.0,,
8.113113999999996,-4.541423485740986,3.036190274814607,-102.9611707030506,-0.02524306438170378,0.07529878768938657,0.03538812942447097,-0.03076095874729739,0.014105527568411618,-0.07877624233339886,,
8.122612000000117,-4.624146932499802,2.9360257186983603,-103.52438801061932,-0.09267975680528075,0.05173834809015724,0.0419444666582511,-0.04038017008318342,-0.0022514745217875262,-0.10613931063506066,,
8.132125999999971,-4.665204812974653,2.804659377629299,-104.08039736346292,-0.15771007104560744,0.038888000665086395,0.013239200792321246,-0.04552134305259161,-0.024406321002214265,-0.10484449891471999,,
8.141632000000072,-4.626903150229716,2.642639184983663,-104.47002738106389,-0.20256899157880542,0.025414424341857072,-0.024162504807950104,-0.0528134268340111,-0.0479941327513895,-0.07692425281058797,,
8.151150000000143,-4.488680019139513,2.463459500227652,-104.64405545710132,-0.22598419295244232,0.02268218163518976,0.01611678686589857,-0.06065557342991488,-0.07075612800924544,-0.03303785515695112,,
8.160649000000149,-4.1888427511066215,2.2918030590502894,-104.48849780522384,-0.2090839214666231,0.0533752469194937,0.015791616437347625,-0.06918679351742357,-0.09810715724070698,0.010649231918609602,,
8.170166999999992,-3.7538178278643257,2.131253932976274,-104.17348402942268,-0.175667459187732,0.04823646094187195,-0.10088460472650962,-0.0782733086166028,-0.12243867003227824,0.0399704243528893,,
8.179589999999962,-3.8373353852593324,2.0544200428199244,-103.85257294587653,2.1049365465853263,-0.934406047337592,0.7870813730972449,-0.024437521046637798,0.01664307631639315,0.04712484028146424,,
8.189096999999947,-9.807661533665007,2.794795529687269,-104.17626376015109,-0.8193221081881226,0.2404428663472777,1.8825245890431306,0.42136828048040664,1.119391314843956,0.027449622378444897,,
8.198491000000104,-8.815773725083108,2.9316864478299984,-104.00379935850869,-1.6476786457165467,-0.045610905636314175,-4.582882820827831,-0.035910328557552856,-0.202264197628533,0.057919828316530475,,
8.208114000000023,-5.26045469760851,2.924074364546159,-103.29557192501339,2.9695250352431435,-0.34975551932467885,3.782688167096196,-0.18279006166345596,-0.6941512501323261,0.09658708926851614,,
8.217470999999932,-9.221954245829378,2.3644524249019128,-102.94016246550034,-1.1015061391134882,-0.05065511662863537,-1.3067113288605263,0.05764354689332908,0.7938962940783975,0.1249196619759573,,
8.226974000000155,-8.320528340891027,2.2907140202307863,-102.6994645973225,-0.17904308688819873,0.5388910951353604,-1.1019944695593782,-0.06846278680977945,-0.1760770028043927,0.07034845738870893,,
8.23665700000015,-6.949860439109419,2.249410540045117,-102.87918885099187,1.8785510516123836,0.015328616368029794,2.052270614657738,-0.08249580081670434,-0.2691881865846056,-0.05085004339702444,,
8.246073000000024,-9.254406642610673,2.088905596928715,-104.0043412314042,-0.9471873337717617,0.4800710637830727,-1.6362100445818455,0.06206844002011311,0.45289996924361614,-0.2112194141381396,,
8.255693000000065,-8.041046268009126,1.9283764444354992,-105.56662880186978,0.17317850670213045,0.13410774919761614,0.0979467971849016,-0.10698530496936799,-0.22951420380212337,-0.3249889148415637,,
8.265190000000075,-7.756623877879225,1.863765203317646,-107.4532478223084,0.5045773762677077,-0.39463975034933196,1.1091850313431348,-0.04256564665031201,-0.053329695828273786,-0.38334579328333496,,
8.27453400000013,-8.934537882407499,1.7180124884242283,-109.22377603855385,-1.215408790092539,-0.007895221479780997,-1.1884490531793421,0.032375873636045126,0.2310698912792935,-0.3505541571018043,,
8.284212000000025,-8.126338944829458,1.5076941558197723,-110.29612694533594,-0.03486949626664642,-0.5126461776532507,0.7284731757661749,-0.10847179641784066,-0.1397799244485392,-0.22287702762909678,,
8.293742000000066,-8.978449279654333,1.361243556520312,-110.68118499838633,-0.4859995915385667,-0.27225866309606145,-0.07749987317525654,0.018059812378687524,0.16847894528675667,-0.07625922200837187,,
8.303237000000081,-9.555180871854974,1.1480635294558548,-110.42358903398473,-0.5878487828772684,0.07105716982502344,-0.4440342795093946,-0.013592918767553341,0.12144844016747558,0.06322182892175301,,
8.31275400000004,-9.618278882333922,0.9623681270197675,-109.77458280903453,0.36458303333124187,-0.05737917590050503,0.7983191520078465,-0.04478889906729775,0.022813649423927437,0.13965322759101154,,
8.322251000000051,-10.63392374559059,1.0124150800083156,-109.25756508302588,-0.17229503874023958,0.35025338660733296,-0.2834170171120589,0.06329689877697697,0.18634929273396186,0.12148193879989246,,
8.33177599999999,-10.695649443492158,1.1311502266140003,-109.02986199204348,0.33964786671298897,0.3056861761597218,0.19969683607874947,0.012287102777870392,0.0018506466392998052,0.05268546979329255,,
8.341284000000087,-11.027658603079066,1.2473998736098153,-109.33098799815062,0.33769711148475934,0.14663653335280083,0.2102290471306056,0.029597867432854183,0.05320104748384896,-0.05650625675999039,,
8.350787999999966,-11.390975873638192,1.3808174729670886,-110.10312216613191,-0.05481253325912627,0.1029917519307981,-0.26205549669971145,0.03541912349491054,0.05773625461399045,-0.15581209483951686,,
8.360300999999936,-11.272447307207628,1.4327743253107745,-111.1114566872666,0.18170702317426674,-0.19633607364843464,0.2122293170460887,-0.01291498017987742,-0.027365276291496855,-0.20538266366768296,,
8.369834000000083,-11.559852620583309,1.3654008270374072,-112.07838787442837,-0.25357506635135085,-0.2595166957195261,-0.17270952235246212,-0.0057071365816390674,0.0572352397008295,-0.1950332764704972,,
8.379349000000047,-11.484526433335846,1.2622239731027578,-112.69239399470233,-0.21435405863775875,-0.3317290180507051,0.005616366076402813,-0.03921089787191267,-0.007169243138772128,-0.12614006884490758,,
8.388850000000048,-11.453188700572099,1.164512215489576,-112.8272291573294,-0.08851880702872407,-0.2688889348620484,0.10648061612089374,0.0,0.0,0.0,,
8.398372999999992,-11.508035783520976,1.0448019784951539,-112.51196592701858,-0.18844988433597337,-0.05134097009259247,-0.10378189940467657,-0.032265860868651804,0.018237315639275064,0.060472561817289064,,
8.407879000000094,-11.322030251807575,0.9899233825259494,-111.94109583973932,0.13883221823840564,0.017326735472969076,0.1374760721384439,-0.03862441023435403,-0.03161174578511019,0.11073112149386559,,
8.417427000000089,-11.412270468852169,1.0757792420668961,-111.42721764942362,0.13250038141835827,0.22030635992993788,-0.03465332820054334,0.00831087483938619,0.009029557075985826,0.10032414709747098,,
8.42692000000011,-11.409830724262116,1.2083562244431116,-111.1848826982976,0.21707478389911278,0.22421678114213728,0.04022145074719765,0.0,0.0,0.0,,
8.436394999999948,-11.482617696975908,1.390414599928263,-111.35608539848597,0.23101160991215824,0.11273530344491786,0.13730881001525377,0.0,0.0,0.0,,
8.445969000000105,-11.688769939528243,1.641501682598444,-111.91783601301486,0.04106910788655202,0.023767371927728556,-0.004978304371098409,0.047626764527626445,0.01855920427330433,-0.1142338310936009,,
8.455453000000034,-11.832678862223846,1.8585408156308318,-112.67501358233747,0.011261313163146805,-0.1649186943350467,0.11711224641387963,0.03679623066127917,0.009096598283917897,-0.1535574361161488,,
8.46500200000014,-12.138128408409765,2.010292976226827,-113.39671896905614,-0.15447007152881942,-0.26121168321609733,0.03003781928609137,0.037518437319496466,0.043501635886014724,-0.14522119507386436,,
8.47449000000006,-12.425833659560071,2.142411423423835,-113.87314665921214,-0.18116693651020593,-0.27114239849170635,0.04870096615270757,0.03292986794790178,0.0414053246958375,-0.09604932239213314,,
8.484046000000035,-12.74834054233758,1.9953123791497323,-113.99536047512599,-0.12717961293881674,-0.17991877387555344,0.0022112503985548767,0.023940968830358143,0.04340978355824493,-0.024930346888932777,,
8.493555000000015,-13.06148343568056,1.9408853928696967,-113.79172548796716,-0.03727145551368316,-0.08453876587610279,-0.003130903757432402,0.018222018224582436,0.04904200031826538,0.040262011911118264,,
8.503004000000146,-13.351863910050563,2.0984476843709765,-113.43248687156796,0.1106194055172001,0.041215726338407956,0.1120694402993427,0.037750568142882766,0.03978007953551695,0.07141124547261579,,
8.512519000000111,-13.680329916783272,2.37056283531981,-113.12925836307693,0.19363870360750235,0.1652920703496653,0.0855344120343779,0.06159893339332947,0.037943664959443936,0.0607589461328281,,
8.52208799999994,-13.842555368346886,2.93823275081815,-113.03800415328584,0.19517459206970733,0.20673073043200296,0.04544601041748592,0.05992399969551967,0.02486434619304629,0.017415583293097905,,
8.531604000000016,-13.906741280514375,3.3927252399793244,-113.2404995422014,0.14768569159815603,0.10939054819138297,-0.013538856402619955,0.04863107873317526,0.007845095019221166,-0.042299518214225465,,
8.54111499999999,-14.058336451908795,3.7417758093290603,-113.71597767177366,0.04108976721263994,0.025367170902410245,-0.004280439022863161,0.0564832499967605,0.00871977558321092,-0.09583788649523976,,
8.550565000000006,-14.205654876263,3.9531499873989224,-114.28990154912876,-0.09445491116757324,-0.03200047007998902,-0.12583294807828505,0.036209440530012196,0.009116868503594146,-0.11547772813022106,,
8.560130999999956,-14.409343432755456,3.759066485603827,-114.75585074874259,-0.16903525841235223,-0.1555604075675641,0.008819132693773693,0.0006458931441242671,0.01628744280064869,-0.09307673834447679,,
8.569627000000082,-14.639413170997223,3.520881922406892,-114.98285461625647,-0.23067579342081315,-0.1548200792714525,0.022979847838852614,0.0,0.0,0.0,,
8.579150000000027,-14.740558781742726,3.4191894589372045,-114.90387393492611,-0.149534391264034,-0.06422104819739241,0.05062241743810506,0.0,0.0,0.0,,
8.588661000000002,-14.815227787893553,3.3637088472212864,-114.55789055810563,-0.07372989383991656,0.02764764969656505,0.0935148670733595,-0.02118483701937202,0.0014851401365660953,0.06778173758138946,,
8.598163999999997,-14.806568295436374,3.477350457023419,-114.11331053960276,0.017945757346243638,0.09242434345012318,0.0853550105223198,-0.01336444211321496,-0.007966321964668137,0.08650264947982056,,
8.607684999999947,-14.757154129755923,3.8114846501857755,-113.76134359248721,0.12510335795205993,0.1805161022154647,0.050304424275339835,0.004936979046955588,-0.010873140273797854,0.06740348882375614,,
8.617199000000028,-14.76145639013204,4.115667089357124,-113.6294027163016,0.14090845259558168,0.1709507756497153,0.025958353611642216,0.0,0.0,0.0,,
8.626696000000038,-14.756710652444408,4.307744411339728,-113.78700979029362,0.13179839809514818,0.06492860063072553,0.04860694772743208,0.0,0.0,0.0,,
8.636220000000094,-14.809844662179579,4.436613452595774,-114.20855781629757,0.06638538870449277,-0.030918697601109574,0.012601443479662964,0.015415458543536318,0.015333834620689152,-0.08604585951965976,,
8.645715999999993,-14.87331090319091,4.349516220910117,-114.74548644141005,-0.011060244805585094,-0.10478254402601235,-0.01659687413455636,-0.0011720530757840608,0.01673015454998651,-0.10899025636498043,,
8.655234000000064,-14.891523967596443,4.084567765601766,-115.23642346478907,-0.08232565990921091,-0.19149891519830942,0.012186279424381682,-0.018880086357966844,0.008855298037667674,-0.1004522767722002,,
8.664751000000024,-14.882100192242145,3.832538137062927,-115.55406701517073,-0.08485986772059889,-0.177481206104852,-0.013178685372017227,-0.02378321713798228,-0.004589192959001262,-0.06610275881375018,,
8.67426300000011,-14.795263229703757,3.616976219460569,-115.60928446868802,-0.08318595809173042,-0.10693172780842718,-0.0007476755712045644,0.0,0.0,0.0,,
8.683774999999969,-14.646226005694203,3.4898307292425557,-115.42181061348401,-0.04414113689521614,-0.030613004872784653,0.004155747490761825,-0.043058624154729906,-0.025083079870442334,0.03327435519357148,,
8.693295000000035,-14.452805603998451,3.5659446099869965,-115.10141686097866,0.04023307479137394,0.06906697150000268,0.032692864595089605,-0.03312048573445963,-0.03573332445445245,0.05925000837785709,,
8.702797000000146,-14.227033395039873,3.756317982766105,-114.77674866786256,0.08117720944676315,0.13866915270832902,0.07212383990244976,-0.027138975975116452,-0.039862799907016896,0.05949999051484951,,
8.712293999999929,-14.017575226781894,3.9586003532927756,-114.57264555945822,0.08120085456090985,0.13277275976613967,0.08550950254832489,-0.021363541524138715,-0.03697787813800776,0.03537483200546111,,
8.721823000000086,-13.859315868762048,4.162316007120506,-114.56820347596474,0.05506648518366177,0.09113356355179583,0.05723646976560987,0.0,0.0,0.0,,
8.73124299999995,-13.759955824072174,4.271277689330907,-114.74884889945577,0.005955823411103891,-0.005300017822112622,0.031061465256698926,0.0,0.0,0.0,,
8.740846000000147,-13.715810757213186,4.204209283320562,-115.03162158439063,-0.05419004495064974,-0.0787656493732828,0.036047774442934784,-0.013502847618004138,-0.014337027441432035,-0.059958122320533554,,
8.759870999999976,-13.670265408257531,3.811074056979753,-115.41146495470724,-0.09162900148047412,-0.12563537092655166,0.023192366319108797,0.0,0.0,0.0,,
8.769369000000097,-13.609010409708947,3.587164781386377,-115.26001527690323,-0.04557141756187116,-0.09658146949199942,-0.006694825192082677,0.0,0.0,0.0,,
8.77888299999995,-13.495454082632985,3.4636307686940944,-115.06239306752678,0.005287459848918316,-0.00431113691597005,0.02751627377802878,0.0,0.0,0.0,,
8.788412000000108,-13.325040879637008,3.4873763716853374,-114.82946145275419,0.0672017076833826,0.054241925152104666,0.0271702881228222,-0.03623404697701858,-0.01884021137467025,0.04181594763254357,,
8.797917000000098,-13.112197947875758,3.5932442183937363,-114.58257986561628,0.1073037248525066,0.09143313323793789,0.03641073398958595,-0.032483511789315585,-0.02516958779846093,0.04397009256939074,,
8.807418000000098,-12.874747864390518,3.7451652830745266,-114.4035475744485,0.11386328272638112,0.08565749568675018,0.04027441487223918,-0.0246199427492902,-0.03217898462407541,0.029911174838333856,,
8.816927999999962,-12.638271745535155,3.8987696798058398,-114.33691313257543,0.08504786005535965,0.0515984190555082,0.03112538159910084,0.0,0.0,0.0,,
8.826442000000043,-12.418805990408066,3.96148071998656,-114.3732474510927,0.030298864959362407,-0.015380852937762616,0.021751894884399287,0.0,0.0,0.0,,
8.835948000000144,-12.23118034190094,3.9045496453317052,-114.46797539128073,-0.027544364791774446,-0.08050618044221783,0.032475779525934514,0.0,0.0,0.0,,
8.845463000000109,-12.076470933480405,3.7623603765575386,-114.55907016539788,-0.049324055742842966,-0.12120937898397537,0.017241863559402066,0.0,0.0,0.0,,
8.854980999999952,-11.936290846196306,3.5688772858425564,-114.58648628242825,-0.08456055629670929,-0.10422067089095458,0.02876075157564446,0.0,0.0,0.0,,
8.864479000000074,-11.795683699548599,3.3816545909853577,-114.52149069775533,-0.06526701345915864,-0.06805862864208079,0.05500185465334917,-0.04584407377701997,-0.024220242006299863,0.008286437344221107,,
8.874005000000125,-11.649425572560697,3.2793419632983927,-114.37736497085422,0.011052786635310372,-0.009236528031398454,0.06721160676839778,-0.043978722029125464,-0.02114449455588579,0.024083606671393865,,
8.883518000000095,-11.57276020695708,3.2748312032330427,-114.19106845426259,0.018035279398078745,0.0655198497268561,-0.047014585571595435,-0.038020243101676995,-0.01309884825960068,0.03331569984981572,,
8.89302900000007,-11.425708977676745,3.33058888333669,-114.00783143902305,0.05463456075399712,0.0833759341640241,0.084956607504808,0.0,0.0,0.0,,
8.90253000000007,-11.271501652119266,3.4698417465078033,-113.88953933346583,0.07797555360716218,0.06744865728482673,0.05797324522334931,0.0,0.0,0.0,,
8.912029000000075,-11.111690408772048,3.65487543573049,-113.87016004093658,0.06389695516154376,0.04410654106430314,0.053231687663158625,0.0,0.0,0.0,,
8.92145800000003,-10.897219414482121,3.7689612433991355,-113.94950576545392,0.048469890106980454,-0.024483244931671273,0.0409843035933858,0.0,0.0,0.0,,
8.931060000000116,-10.722021702316333,3.8411396220347687,-114.11778871288219,0.0019879671058118283,-0.1037013306805563,0.03292929210749414,0.006898348041986263,-0.03808832404708266,-0.03931788716217418,,
8.95009200000004,-10.49924549421833,3.888555862681259,-114.56177066339914,0.0054695031388191755,-0.16213478629494385,0.0561819271334859,0.01462070394622375,-0.013247864750021826,-0.04966773108925011,,
8.959612000000106,-10.540339818332265,3.943447263755092,-114.77914933647989,0.03637928420071737,-0.1399138199495828,0.04992983344862236,0.028590877047071344,0.010030525207556158,-0.04634389533487409,,
8.969063000000006,-10.838717355889882,4.156044300678507,-114.99576706291484,0.1282544806978988,-0.10737725684642188,0.10817276540102962,0.04942067292847169,0.035783132038889665,-0.04248853708181943,,
8.97856999999999,-11.367051966286718,4.417564333561329,-115.21576410056382,0.17547204547741369,-0.09376575534174349,0.13041054528349638,0.0778907486718703,0.07303050220673614,-0.039386236910512,,
8.988047000000051,-12.064913963702864,4.799184066039976,-115.4607531251155,0.22859829992573213,-0.08714520625113491,0.1777708312822283,0.11436856978822325,0.09299244362330016,-0.04095196744105737,,
8.997642000000042,-12.659404456472302,5.411357042493776,-115.74241300903557,0.20743709599911742,-0.03984808415769482,-0.04092769784202199,0.15668285786833708,0.10115781860788557,-0.048549237798443064,,
9.006977000000006,-12.11599033985161,5.93709892342601,-116.01449222680532,-2.4921108808734544,2.2550956297461555,-4.51908831308373,0.03315070435465534,-0.14344377181834378,-0.0684821823943936,,
9.016575000000103,-4.48797694301203,4.888760725873785,-115.27269204102957,2.2238471124893606,-0.4340495577241774,4.951611556267055,-0.8568805542424256,-1.2837281973237102,-0.07784047770546147,,
9.026086999999961,-3.476161917750792,4.975754788226454,-115.07342597768256,0.5925456153643588,-0.8063854648063062,1.545189145856067,-0.08335729569350042,-0.19074427842252606,-0.04912409169191709,,
9.035409999999956,-4.506143280627355,6.321124611855967,-115.43179191079147,-0.7328156172453885,1.701573314753701,-1.934998072682326,0.31745533812975235,0.0707205140017007,-0.06833697239822324,,
9.045108000000027,-2.7502248160992253,5.63027132409282,-115.70176639727269,0.4752578368883141,-0.8936699473933133,2.0403281630710017,-0.2893955665415838,-0.2561500312304741,-0.10523833787312213,,
9.054444999999987,-4.146353212808867,5.533602504436327,-116.08523271832394,-1.0434398647482472,-0.8956154058970744,-0.4616990307522981,0.09020260542434116,0.2587883991783258,-0.06318361047256513,,
9.063959999999952,-3.93708905822738,6.262195606939386,-116.27164534443433,-0.354982085395711,0.014878638124534466,-1.1642769558376886,0.09879460169921424,-0.10179179546460632,-0.04671430001133358,,
9.073644000000058,-3.5313316691356578,5.357654140101574,-116.16248366545547,0.23403096506730023,-0.9297401003262077,0.7060383918661212,-0.21205237758124734,0.007411952294566666,0.008547402966720973,,
9.083160000000134,-4.78141932388361,4.252404470959453,-116.09350280428494,-0.5345177481749873,-0.3397176438090041,-0.5864383555486403,-0.10236044621147412,0.3214668087382916,0.061150490145423314,,
9.09266300000013,-4.677162393960948,3.9681706281961078,-115.95901639649084,0.4265211415874302,0.21564019917015495,0.21940762071143455,-0.07421701982383667,0.006117940702690784,0.05018327911335777,,
9.102170999999998,-5.004529742737832,3.2925354324567517,-115.9227668139035,0.6424848977171947,0.3571505683097086,0.5099204543182639,-0.10694536413437886,0.11784925158176543,0.025740910375880978,,
9.111703000000034,-5.51598877534162,2.6279118145306763,-116.16418581479947,0.19820047862696316,0.45864867441478585,-0.2294769641620775,-0.08857698757978517,0.15018833799153347,-0.025735365210789653,,
9.12121000000002,-5.149400787028392,2.9307238069180808,-116.6357539563493,0.5486155334151908,0.31033331059206104,0.2017794907475704,0.0076669996306356165,-0.09280571607204322,-0.08840973971018133,,
9.13062600000012,-5.228565373197512,3.5064472384861096,-117.25692909231795,0.28580024335982857,0.27416298612547113,-0.11246133182681793,0.09599587452270227,-0.03808272982004583,-0.12796385282873027,,
9.140231999999969,-5.179830586011623,3.797946239876545,-117.89545407331075,-0.10029211073892161,-0.170638566876006,-0.11045338558251476,0.033282478210204094,-0.035428022784639135,-0.13299380369283126,,
9.14972899999998,-4.989373537385617,4.304724803003746,-118.43285942986728,-0.17076428114154707,-0.5713368757690495,0.2204163805801064,0.05760158388238285,-0.08106124403732665,-0.11492099090323891,,
9.159272000000101,-5.073724178481459,4.73378570132714,-118.78090905060822,-0.35622686894181016,-0.39382796732651737,-0.2750436816176422,0.06960067886419921,-0.025843202002013427,-0.07301893344044864,,
9.16875099999993,-4.902460056698402,4.611902491890149,-118.9027627651116,-0.2726717379367347,-0.5209764076890229,0.10571570394705293,-0.05178697727153526,-0.017633762748714886,-0.031891177250561634,,
9.178288000000066,-4.865400976855623,4.4170980311523245,-118.95085892155255,-0.16327154156399898,-0.3142380726299613,0.08154610375493536,-0.051644308395446294,0.01293365745282695,-0.014903311431414046,,
9.18779799999993,-4.89542840717445,4.186206766140533,-119.06217913749339,0.08451297500959971,0.1762733507240225,-0.12331871533034852,-0.05146206876222284,0.028219181684412314,-0.026492062779287492,,
9.197298000000046,-4.927478132704604,3.652360694432365,-119.3112580755472,0.199555450778658,0.3329170702436667,0.15292036640312356,-0.10417543300411156,0.05830781084818858,-0.05401549914129404,,
9.206797000000051,-5.087552035244177,3.2296904170180993,-119.71100809674022,0.23036427984153154,0.47688756627232404,0.0736044222082224,-0.0718788772239874,0.07019876203458396,-0.08260844619242148,,
9.216321000000107,-5.2327312970527515,3.049926173571129,-120.20187729145024,0.21238097148513138,0.5261615976371665,0.07135124563771651,-0.030652925606605232,0.04389779330911105,-0.08960397876892481,,
9.225822999999991,-5.386350134779726,3.006644492115745,-120.51049561825602,0.04945566212598405,0.28854152005521044,0.18036289715429685,-0.00592968469922583,0.0317237036714333,-0.059166632521440866,,
9.235352000000148,-5.57333172019611,3.244292190790244,-120.48025906777278,-0.15539214823957911,0.019334040120576323,0.0875226508301075,0.0,0.0,0.0,,
9.244877000000088,-5.7075345639293396,3.652441724642637,-120.05078517620817,-0.243932889090521,-0.1909404422714379,-0.04062102418289134,0.07014425831382659,-0.017254884567083125,0.08316174397359699,,
9.254376000000093,-5.802214627143685,3.904878381755138,-119.27094177105322,-0.2714035520434052,-0.3916378505146602,-0.02776725066776628,0.03930500718504189,-0.007971912713930494,0.15292200435130635,,
9.263899000000038,-5.874649040677064,3.956702958083047,-118.35193939860731,-0.22944921514752414,-0.42520956382004704,-0.033419427472833545,0.00206093391022664,0.008068709620114703,0.18053393530184583,,
9.273423999999977,-5.924111480053748,3.8266552726746594,-117.5851025817042,-0.02136444508946209,-0.27110131696668144,-0.027819916274828875,-0.032393240368703474,0.02113850209234799,0.1497762157790557,,
9.282940999999937,-6.004730905487054,3.4192171206351727,-117.22304583838212,0.12321025728225937,-0.062409752384079684,-0.014501851475061032,-0.07907689521339736,0.05194338573028824,0.06915972856831984,,
9.292458000000124,-6.078978580381139,2.8703810592499597,-117.3931967707005,0.22335937325910954,0.15487918184563979,0.04464511440501491,-0.1049312123544261,0.06370501788968957,-0.03750299140122856,,
9.301952000000028,-6.107252677873817,2.418251681147106,-118.0408477923952,0.2540348552804052,0.31989295589581335,0.06298473772470088,-0.09161484113699304,0.04733160920960973,-0.13358398263791516,,
9.311464999999998,-6.0971681681044325,2.107925446029519,-118.93789667368627,0.1722328787282422,0.35826521470627637,0.0780713473940326,-0.06967332588137747,0.028276450198951853,-0.1838160407351838,,
9.320962000000009,-6.050199369624709,1.9846272803107772,-119.77248400627226,0.01854315171663902,0.2424892181282385,0.1210388079139643,-0.040207177566507886,0.004509011904702965,-0.17156306857105064,,
9.330482000000075,-6.000755371426823,2.105472490417982,-120.25854644023892,-0.14373410324879554,0.08043511763196957,0.08027845080698948,0.001947631351202015,-0.019954192763547922,-0.10183782523598588,,
9.340008000000125,-5.945199072403045,2.330649343695784,-120.20493736314285,-0.25550217224758287,-0.07775995804826127,0.010969838594327168,0.0,0.0,0.0,,
9.349519999999984,-5.845507172274718,2.491910565921159,-119.59657888562674,-0.2831050846057721,-0.2341089229673019,-0.0015665305665859437,0.004005207538631094,-0.032806635134761626,0.11667200302301774,,
9.359040999999934,-5.710293168550457,2.5491988904953713,-118.61516645174301,-0.1971079105485683,-0.2662699146968462,-0.010054309275657787,-0.01718594900176204,-0.02886963972694185,0.1909620118914766,,
9.368551000000025,-5.5681916808301235,2.412226973860632,-117.56646236805892,-0.04700789002341038,-0.17426437118977847,-0.011227103036700622,-0.05164486247546671,-0.012084448042205691,0.2043737458760992,,
9.378055000000131,-5.445277931963371,2.049760017853534,-116.77377193111347,0.09511467997335248,-0.048984550195396326,0.024778072533607927,-0.089879479986035,0.011126502941878606,0.15341422034264643,,
9.387550000000147,-5.357601284843671,1.5954091787888147,-116.47237231149828,0.1983768157869359,0.11526749077354208,0.04256565116577949,-0.10328329894426959,0.024840665098434044,0.05550177265648963,,
9.397083000000066,-5.277491125269202,1.145557093341666,-116.72177914242789,0.23545133355985162,0.23063169357982025,0.038014311394592416,-0.10181939187913933,0.02577426228534387,-0.05454899387448188,,
9.40661,-5.1960473732332195,0.7651533166934209,-117.39858231467488,0.17623609732988751,0.22695555891421854,0.05781509905913622,-0.08934770061848393,0.02005137728007777,-0.13996528217346918,,
9.416140000000041,-5.145389057202961,0.7207756736677666,-118.25389294933785,0.04940152433821221,0.14663361699846916,0.06341848530799676,-0.05703149941511985,0.005778007080112237,-0.17557438116665858,,
9.425660999999991,-5.154983398781653,0.6885648803300195,-118.99697066039957,-0.06996406478980043,0.03804693181550617,0.05312270273284564,-0.02444705614782484,-0.011008104433775753,-0.15292726307319485,,
9.435073999999986,-5.206554936088785,0.5744066598268671,-119.3975736353331,-0.18054976500463155,-0.11109168008401665,0.042488028130331194,-0.00575625487670674,-0.017503295423389208,-0.08425966015267855,,
9.444635999999946,-5.145408496478485,0.6936817212042949,-119.36608973558465,-0.21426192564953253,-0.20881556708871835,0.03485895572844172,0.0,0.0,0.0,,
9.463688000000047,-4.927103531210314,0.5293354377435046,-118.43611790556267,-0.04900105877259145,-0.1615233602406499,-0.004443890878058917,-0.03348907772407835,-0.01084029313062245,0.10429638106417725,,
9.473204000000123,-4.735268699014865,0.33161692856235914,-117.98083432438622,0.0731321159861849,-0.03880871571323553,-0.0068578896365211976,-0.05595854383672629,-0.00010628334026395076,0.08655718952717437,,
9.482725000000073,-4.536676558014515,0.23536472828108151,-117.8108575543852,0.15595324188474824,0.0780939676733259,-0.007471377431289591,-0.06655986366880436,0.00800930521651265,0.029461102322475646,,
9.492230000000063,-4.3719006140052015,0.200645342477175,-118.00233036588841,0.18029586446136017,0.15782648298038915,0.042879338693565375,-0.06864281279353468,0.011924313874059804,-0.04285067227646565,,
9.501744000000144,-4.2663394610010945,0.2069192081915538,-118.49193509571536,0.13246192327508116,0.1613379072057622,0.07365560623677166,-0.05581249975211795,0.008127345091124701,-0.10246923891800575,,
9.51125900000011,-4.239739784892959,0.26025413167168576,-119.10831789461123,0.036464080035967676,0.11125893553057273,0.06943470673837358,-0.03022675199265167,-0.0018724669357731254,-0.12777421280158727,,
9.520768999999973,-4.276200659889442,0.2945512599060868,-119.63941243937961,-0.0603249345223057,0.0339895363937119,0.0565870810404876,-0.007517400024794115,-0.011623625402743205,-0.11063720295597392,,
9.530263999999988,-4.351258439922078,0.27167215845145637,-119.91596570350266,-0.1525091126915244,-0.09193826349719024,0.044619221433781234,0.00876452534818227,-0.016399082989584302,-0.059638048273208746,,
9.539778999999953,-4.422783148609498,0.21030913956740566,-119.87715677029063,-0.17165607783073547,-0.16312015721280815,0.004394423461968798,0.0,0.0,0.0,,
9.54930000000013,-4.456770926307148,0.14316337424167416,-119.59383934776946,-0.10546581883516067,-0.18569990433458428,-0.0005336153318485745,0.015606167188700294,-0.012997658732623589,0.052421841740654083,,
9.55880900000011,-4.433296768164106,0.10580130648778173,-119.24213525949821,-0.028233752585726635,-0.13038068000340858,0.0270636198051534,0.005209080323697407,-0.00610995273747233,0.06609306637922378,,
9.56831800000009,-4.363761737312496,0.13276597583172833,-119.10021515363405,0.07377670113287821,-0.0411250813755497,0.023052137711991313,0.0,0.0,0.0,,
9.57782300000008,-4.288909051281722,0.233709685234723,-119.22500236705649,0.14005034851926904,0.04548904281430963,0.020384270740922635,0.0,0.0,0.0,,
9.58734400000003,-4.240893856735301,0.3856679537492131,-119.67464374257428,0.15169740015444855,0.1004687769838857,0.03145541862642043,-0.013549105020756855,0.009525283619147068,-0.09442443519452128,,
9.596866999999975,-4.2436925949602085,0.5746348757884038,-120.39877710420835,0.10917559109001963,0.10814701696181789,0.05363875194870824,-0.003469262560207205,0.005161983391055885,-0.14932742706154056,,
9.606367999999975,-4.326900654542598,0.7779901540248358,-121.22336218589692,0.0151716973715534,0.08571987452002179,0.030575262039396277,0.01110686482945569,-0.002331071289688724,-0.16925937692010284,,
9.61587899999995,-4.426878797034362,0.9543912386384956,-121.93898249507262,-0.05620203840263492,0.03317639065410616,0.09471782112862959,0.021745681644655332,-0.013018490698408451,-0.14736399654903454,,
9.625316000000112,-4.482756074225732,1.2107784759342368,-122.37612328522131,-0.14920024571062726,-0.04858826813017905,0.16002533773569916,0.0354690374270386,-0.016722292113015635,-0.09170505359270048,,
9.63483199999996,-4.475820715189135,1.5173791405165302,-122.45941742837171,-0.20850434794478953,-0.10578803832840235,-0.14202063022484873,0.03714746181794321,-0.03291552872795076,-0.02115703087601922,,
9.644412000000102,-4.464727389097894,1.6020164717000946,-122.23693808962089,-0.11920248301485648,-0.11725155952715323,-0.10324674726092432,0.02797679174687866,-0.03897774154708953,0.04000642345777488,,
9.65383799999995,-4.483200626133952,1.748252779356929,-121.85413470751746,-0.05909825363208744,-0.0716280226004753,0.17522204087508383,0.012835214747360867,-0.011356098733311506,0.07225701935001025,,
9.663432000000057,-4.417322893860237,1.7657620739909725,-121.4880019797241,-0.013418883240282944,-0.021907923564036823,-0.0007920029321652592,-0.012486300984845378,-0.014207085943034348,0.06839238142089371,,
9.672952000000123,-4.236848306279388,1.9450880125955479,-121.29604500490291,0.11662866448376384,0.06487777607355508,0.033130258797057874,0.0,0.0,0.0,,
9.682463999999982,-4.178772058286088,2.1259474118232577,-121.35496207036296,0.08884877444234314,0.13862728031779167,0.057337387769366976,0.0,0.0,0.0,,
9.691974999999957,-4.104734633231919,2.294461135058267,-121.62210405882132,0.06085056737669635,0.09351457665591245,0.04330389690523704,-0.010992521259246253,-0.013488857565420245,-0.05867807604189635,,
9.701477000000068,-4.120486773283005,2.555062906011574,-121.9812733673382,0.03954372396821922,0.05626817775884825,0.055029139928024946,0.020353868497862856,-0.01529335317526552,-0.07640306122648226,,
9.711002000000008,-4.281910671905601,2.741464695983968,-122.27439004457555,-0.020654748064149575,-0.036279468862880346,0.023524936571628782,0.040223168094280864,0.00018485618417616787,-0.061830419649195556,,
9.720449000000144,-4.533037717446952,3.0267926067663744,-122.36641819673973,-0.08815985735396918,-0.15888079306516673,0.12417472763950785,0.061265067996862294,0.013157985729074086,-0.020499624121041154,,
9.729962000000114,-4.978560679862014,3.426312367567133,-122.20353927462075,-0.060290149293911195,-0.23369549011431434,0.11585434483748028,0.10133331920278281,0.03384295034843465,0.03306877929773083,,
9.739467999999988,-5.580276177260728,3.868957198242564,-121.81705266047908,0.005032044957319717,-0.28776875776058536,0.0628181051775986,0.12499804671846902,0.05621243277277213,0.08055659195897623,,
9.749038000000155,-6.1302358851156,4.162531737880773,-121.31829689960283,0.07368228938853084,-0.2833998188470846,0.008255308078996534,0.1543971268967897,0.08007046604474255,0.10307007642159388,,
9.758354000000054,-6.609065551563511,4.58712401722173,-120.88476069485289,-0.6534997203064022,1.3663516338644552,-5.1923767238395815,0.10822018619268019,0.03901371942780055,0.08976832760988314,,
9.767966999999999,-4.248033142184838,2.8755042743197765,-120.3228227526236,1.3613339441666978,1.1598921051670563,4.352644114769945,-0.5492322433109749,-0.2309372755341518,0.07702128761471734,,
9.777473999999984,-4.764259088782064,2.1630174721869317,-119.96380536629898,-0.7105757968714965,-1.0015208784207037,0.20791119290731094,-0.08561539895487488,0.16158617122600102,0.05913429637956838,,
9.786817000000156,-4.827909671902524,4.6739349216300985,-119.76302418142052,-0.015541928432427776,1.1042611315008188,-1.398948554800579,0.4288242349701917,-0.23825435425062166,0.01593928701439527,,
9.79650300000003,-3.8120016927189164,3.990262477946944,-119.3318909060855,0.3868043551193498,-0.13319073289137306,-0.33758671547045715,-0.2329358835797465,-0.10863374064562421,0.043094199269947925,,
9.806027000000086,-4.31084495146909,1.764762038399239,-118.76584793315236,-1.0480856574083395,-0.9474465873212955,-0.11071407712030064,-0.3552242482550212,0.3039914077564921,0.11378691073990485,,
9.815526999999975,-3.74172230002013,1.7355664305927236,-117.8439732978117,-0.21781539958680307,-0.46933284833505096,0.391447921715667,-0.0731768434087421,-0.09746483866613133,0.1890241289214949,,
9.82504199999994,-3.6693144370180417,1.360247603954195,-116.5530157199147,0.4370527072707105,0.11779571162355644,0.5802843593769335,-0.08743366075944936,0.02122488825029025,0.268360799455158,,
9.83454400000005,-4.295567768181269,-0.4342985223280644,-115.21943449808113,-0.3290976912453565,-0.4041585580780446,-0.3287513188635669,-0.2822916577196002,0.26945578856586183,0.29649684665921294,,
9.844060000000127,-4.142952370580131,-0.5693975290170886,-114.15517369265518,0.36331825818369884,-0.16081147543205754,0.1954378312313736,-0.05140230972299397,-0.017423595353303505,0.23876171652580655,,
9.853397000000086,-4.426295836872455,-0.23075663625691809,-113.60287001516767,0.5710496027395314,0.6337682906169141,-0.5664715166251818,0.07099120695458765,0.023292111366483716,0.11722363240409762,,
9.863117000000102,-4.5851997649497696,-1.2474640395897638,-113.63737028146397,0.22366874953616286,0.10237666526540809,-0.01713916303594254,-0.18784759045692845,0.1096746385442665,-0.0013979301119373057,,
9.872595000000047,-4.451714042539979,-1.4845752222542485,-114.17537981367197,0.15184681254780236,-0.26571210814771823,0.4087968906740926,-0.0683148663918917,-0.006238053459533719,-0.11117466416055653,,
9.882112000000006,-4.493663665749082,-0.7576217926941093,-115.00935197174495,0.06753691167429333,0.2052926736433745,-0.3284304363018138,0.12184672497062524,-0.05375460823665565,-0.17128751436310735,,
9.891638000000057,-4.357323736474683,-0.9933188647195698,-115.68723773904905,-0.20601162930905947,-0.20527265442521297,0.11225035586623547,-0.06841950729778395,-0.005113626768123537,-0.13947179381762856,,
9.901127999999972,-4.313060777528895,-1.1049021940185275,-115.98299661154678,-0.4500771261203951,-0.6062270511031912,0.48050509756779164,-0.03804911691168325,0.0011773686575664347,-0.06322898991682724,,
9.910660000000007,-4.376817520037021,-0.35532959145262355,-115.81286946278149,-0.3102352909024539,-0.14884219744418872,-0.20395337261804938,0.12659176201142397,-0.05466368822797412,0.029639583931889663,,
9.920160000000124,-4.42169488075641,-0.2505458266764712,-115.1992610499288,-0.15012315116510416,-0.062333982838026006,-0.16945844385886177,0.008767705969994285,-0.0016386514244981212,0.1185209278743118,,
9.929669999999987,-4.614563937994542,-0.4644978426998688,-114.41368487350968,-0.12663250705462703,-0.2321746191862765,0.20567844618405748,-0.03674955420637174,0.05213376742765959,0.15281845697599086,,
9.939184999999952,-4.871325306169866,0.02858633481441992,-113.81465200362045,0.14113580783733068,0.20707406195304376,-0.003755416950376907,0.09711357310783114,0.00557018896616997,0.11552526752276938,,
9.948683999999957,-5.167802174574849,0.3165748462815127,-113.62464444093953,0.30389019910552323,0.42976266098117266,0.024940702735233834,0.06264868358588628,0.030124127421436084,0.034050742945492,,
9.958192000000054,-5.516380509505056,0.27990759941909493,-113.94053855873524,0.16793046094335848,0.12535730630605751,0.3066431933278906,0.007357556883512989,0.06589669307859286,-0.06695997005433431,,
9.967726000000084,-5.8226396678353165,0.8613792291464004,-114.73120451036955,0.13130176683534922,0.13470510683244105,0.09541325125595082,0.11731298145034358,0.007176006431102804,-0.16174380831838528,,
9.97722500000009,-6.135605698307895,1.4854331652491015,-115.7355355668646,0.06643164883927713,0.18331112348384573,-0.178801272932277,0.12569586579757158,0.0029797900515416377,-0.20384302053384748,,
9.986754000000019,-6.426050887549303,1.6149393002182404,-116.62240746971725,-0.17762058079371115,-0.18250805506388543,0.060056707691350734,0.03481939240867022,0.04055417596697758,-0.17999592878151005,,
9.996266999999989,-6.665890135162534,1.9766109204553524,-117.19530546737927,-0.25981731660136104,-0.271832419438358,0.05137652188698863,0.07220748511039046,0.010011009219790265,-0.11719846202191704,,
10.005799000000025,-6.8677388608851855,2.430214806305697,-117.33153000970809,-0.1579635004084596,-0.07897232301565114,-0.11287783962193929,0.08514640109606052,-0.005658940821240288,-0.02974497878808695,,
10.015296000000035,-7.063322721502435,2.427099735345062,-117.04035900261528,-0.11614330244852068,-0.14337559009285564,0.09489496317662387,0.003185623634393332,0.03508680175855823,0.05595437144020059,,
10.02477799999997,-7.272977531004465,2.499751762991121,-116.55446331597189,0.015882632691231628,-0.11919173494848145,0.3000975666338528,0.017751171533056567,0.03076469861852884,0.09511533504882752,,
10.03430400000002,-7.594783292704923,2.844604774428839,-116.14377265738392,0.18439862436513485,0.15873308052847138,-0.0016439481049631147,0.07631649794001409,0.02684191820740205,0.08129534192319356,,
10.04384200000004,-7.986045369762814,2.9654448300670935,-115.9684459442061,0.24306080323344917,0.2146454944386669,0.04461122964724973,0.041946384041562826,0.05945309571828785,0.035220046999057515,,
10.05335500000001,-8.451491652012223,3.0194076092079136,-116.13633413202601,0.177820942816538,0.08481633420192644,-0.05183745478239786,0.036398795678016536,0.0787148736297049,-0.0324916466018664,,
10.06286799999998,-8.975522656229405,3.310819623733507,-116.62128204936378,0.10483374502193431,0.14707496018789792,-0.11813509305004652,0.08463717070909542,0.06791833965796877,-0.09494459019471163,,
10.072427000000062,-9.40445990810066,3.4605148186449255,-117.18574406197426,0.01730437859337131,0.03369129595573798,0.002290359678973916,0.044737411345070165,0.06862851088692891,-0.11147204925711701,,
10.081863999999996,-9.81661204176407,3.420491831573034,-117.60750908272566,-0.16249895361079134,-0.18206602507410083,0.10829266441001799,0.016537393987991998,0.07707657846069865,-0.08296783222760508,,
10.091384000000062,-10.136473348863692,3.6168032106088606,-117.74080095772004,-0.21855547742178616,-0.18631626874751736,0.10029366734510771,0.050245903937644304,0.03864452590027831,-0.02619244800290782,,
10.100954000000002,-10.485609594710354,3.6297771632709526,-117.48564883453913,-0.18040247557901717,-0.10486570274102494,0.009520873874318736,0.043133193927165976,0.0210932154723199,0.05200861120592446,,
10.110466000000088,-10.742673159260969,3.4894561451676163,-116.88396139451058,-0.15943471434915682,-0.12137489945403306,0.036950743961357335,0.010040317596714051,0.024997639867365196,0.12028075933236639,,
10.119983000000047,-10.911511432596805,3.6392593352072913,-116.17048554117103,-0.04438868242760424,-0.0069747014180179204,0.005457933637952787,0.028467682078862754,0.0058719979427408605,0.14163045593008008,,
10.129482000000053,-11.065291294437891,4.0464798398416075,-115.5698120838071,0.06291372755028442,0.17348598484515892,-0.0799282259298801,0.031025305098527738,0.006615652206493417,0.11906340030017358,,
10.138997000000018,-11.185640133801558,4.236838103674033,-115.23554364846449,0.07851210359788897,0.15230566790966074,0.04354252119658374,-0.000878935774580136,0.023709159353378462,0.06541403087921178,,
10.148452000000134,-11.332343745686236,4.309379992466032,-115.27094499221762,0.07503624349227027,0.11660933547943049,0.10080606419263645,0.0,0.0,0.0,,
10.158020999999962,-11.500682817135404,4.603410547200772,-115.6053015503315,0.03277150709993267,0.13264623208050688,0.016440890992936875,0.025338719334269042,0.01241380927461084,-0.0675313810994365,,
10.167527999999947,-11.719196248678248,4.625978182806543,-116.03565521232628,-0.0474413241806658,0.018778323373711353,0.04882588289201224,0.00896220502866483,0.025071565982130062,-0.0858410427797735,,
10.17703900000015,-11.997793602721748,4.551754985204139,-116.37812556393087,-0.1532338535327233,-0.11353617929268531,0.05626849290185793,0.020430952589917242,0.02449141535447945,-0.06729506890411566,,
10.186468999999988,-12.245552582169283,4.594162174990906,-116.47162229232612,-0.1505588420763515,-0.11397335858676204,0.004692436961468369,0.0,0.0,0.0,,
10.196061999999984,-12.438592192690994,4.6001983192692455,-116.21959755423735,-0.12549472135814327,-0.12176891907031884,-0.0002430742458357674,0.0308798312434448,0.0075327779589086175,0.05045017240176069,,
10.205568000000085,-12.518996017884707,4.643590863275534,-115.6828980028946,-0.049262698519758695,-0.12847065332570723,0.03983953084564531,0.02656958728856622,-0.0024274072907054575,0.10568789145579549,,
10.215094000000136,-12.493803559323586,4.926769362062822,-115.02710345711999,0.04088020032340208,-0.018147118569513888,-0.009872268152775605,0.03742338907027086,-0.01885865647094995,0.12781852817493516,,
10.224599000000126,-12.416878433979,5.279503322039321,-114.41555141933326,0.10336052499556667,0.0811944856395371,-0.043361419549217774,0.024523602675152814,-0.020163903041490776,0.11795484979190497,,
10.23410200000012,-12.275130727486275,5.569791084916962,-113.9918724526845,0.12337197157511354,0.09566578788058513,-0.00272172972715194,0.005945744785503961,-0.022940962764578937,0.07894322963366393,,
10.243611999999985,-12.13670629335214,5.886531410240052,-113.8389369587698,0.10442502335241366,0.11622759793093979,0.004818351514351106,0.0,0.0,0.0,,
10.25312400000007,-12.033747383984183,6.129341994502918,-113.84764210486284,0.043963509796225556,0.09945456335102952,0.01167708881025601,0.0,0.0,0.0,,
10.262638000000152,-11.975546920606183,6.209533352680229,-113.93436265335701,-0.0406642424753521,0.01105705607637127,0.05873729409238661,0.0,0.0,0.0,,
10.272151000000122,-11.9686878631748,6.258414013769589,-113.98954665323807,-0.11952719470663678,-0.043222408066297596,0.05121330062190881,0.0,0.0,0.0,,
10.281666000000087,-11.97005467367504,6.328193657368579,-113.91104541128418,-0.1564926085611665,-0.06568503816403765,0.011144013671868902,0.0,0.0,0.0,,
10.291177999999945,-11.95157542618324,6.405344529912616,-113.58369239743531,-0.15939015987565994,-0.07978136253802812,0.008948587598199146,0.016167144015738665,-0.044043309090741424,0.048760132038457575,,
10.300686000000042,-11.864325213507652,6.562924389553137,-113.07076195434294,-0.11278455338021375,-0.05361567005855339,0.006740074145707981,0.019040980554524745,-0.05518082823974067,0.08732606424518254,,
10.310188000000153,-11.695307780758288,6.833156292009283,-112.5084201124784,-0.050393602089358794,0.029661161880095394,-0.06767964104918153,0.01613174752162054,-0.06505907951602925,0.10513886137894095,,
10.319704000000002,-11.456086814038866,7.146817372455864,-111.96883933454727,0.011848407662914348,0.09393670979943453,-0.10864194102329716,0.0008651017074060924,-0.07086654243817882,0.09856478123630187,,
10.329212000000098,-11.105663994781294,7.451722416972613,-111.55196363595083,0.037384929912456726,0.14731020415505594,-0.07966062832428442,-0.019444082340523645,-0.08215991887091179,0.07075143339934915,,
10.338742000000138,-10.672559963629258,7.710723529712796,-111.30321432327862,0.035784125491779735,0.18056127495575353,0.030671979455230126,-0.037546895095284714,-0.09296096764395155,0.03440428843804585,,
10.348247000000129,-10.162549283505543,7.881941416770495,-111.19700296313088,0.001092435692561896,0.20368326943751613,0.03948792219164507,-0.0610228907028012,-0.10738168588601288,0.003298891514723717,,
10.357753000000002,-9.548846353934984,7.923968977614065,-111.16310252290367,-0.03464591039263258,0.17203640222663855,0.07662017852263615,-0.0854418720604747,-0.12475030663420869,-0.014329777537987943,,
10.367269000000078,-8.883500370868827,7.911454099359063,-111.13935976035673,-0.0879350717197901,0.16537343238922816,0.011061957350910591,-0.09997542255314845,-0.1424016885166206,-0.017946029198836724,,
10.376770999999962,-8.086031942524311,7.823443559309851,-111.06615212049647,-0.09897830324929396,0.15007673212264316,0.03533560851248734,-0.11918673211524332,-0.16335258210088563,-0.011694706039612946,,
10.386297000000013,-7.186405143340763,7.5693078670829985,-110.92725720562584,-0.11888118060223894,0.10331748737686072,0.08587012745011348,-0.14644312463656525,-0.17381839337117913,-0.0008707717848205545,,
10.395727999999963,-5.99290680436941,7.162893343164445,-110.65006841318763,0.0021423516786650463,0.052417098197623836,-0.3963104201952086,-0.1739684400978237,-0.1941337868845391,0.004013726699818732,,
10.405224999999973,-8.069426160760454,7.647410463542461,-110.87129489233848,2.428835501245541,-4.632249798038658,4.093634659297951,0.2230963536253388,0.3500176576206908,0.013820715137627674,,
10.414633999999978,-15.798331951189361,10.041828824725238,-112.28068785565262,-1.066369738539529,1.6683972193979453,-2.9310253450611286,0.9967975799949015,1.243029666425197,0.013591063175379342,,
10.42413600000009,-14.813436367522085,7.365886930721609,-112.24038640736747,-0.3151444295680058,-0.6571860935886218,-2.676678889610045,-0.5842839868790962,0.022622693944440875,0.014870186184188228,,
10.433766000000105,-14.21599107964212,4.809401644687698,-112.26745839760207,1.4726890655200975,-0.5844989483204446,2.6607020586164665,-0.5334136966412788,0.08276564761651481,-0.020810187292632596,,
10.443087000000105,-15.209529786341596,4.577154798257649,-112.8536455386803,-0.4449626621570836,1.6189717667127277,-1.3177513882192229,0.01868213432504303,0.2001154941079418,-0.10347723702960959,,
10.45278600000006,-13.885573911378295,4.1276653622763595,-112.95840435165823,0.7966204523408694,1.1764519208104196,0.032532477168316816,-0.20027327053471364,-0.2094118208005621,-0.04376551195127185,,
10.462291999999934,-14.072126137152345,3.9735452417694845,-112.78768410536254,0.2796767545432647,0.5178500188056219,0.6514649641059201,-0.028388814980499874,0.045418980010757115,0.03420726386632583,,
10.471798000000035,-14.36751917261776,5.882797360430412,-112.61334895099678,-0.7210214221994083,0.4117004001322173,-0.18419402367402699,0.36115093497351847,-0.09408671594437094,0.03725534851277527,,
10.48130100000003,-13.310299396632791,7.77608099460542,-112.04558474897027,0.027805130482596616,-0.032554683002313685,0.9763242092364497,0.2567758224515579,-0.33935059236234977,0.07227204602326666,,
10.49082999999996,-13.24923547094966,8.309188998327134,-111.26633581960881,-0.7908247607089532,-0.992102143992555,0.16380565461549,0.08051058006843981,-0.05169857198302479,0.14007539170882646,,
10.500334000000066,-12.865521461447974,9.526084143470419,-110.61320069762468,-0.8218187281550473,-0.9543877640598919,-0.23091741490735168,0.186372939436337,-0.1590913168057031,0.10268153497212149,,
10.50983999999994,-12.397009050146425,10.250151834218224,-110.12405523441146,-0.17089842203336778,-0.2848605281922136,-0.4796287684206378,0.08968640263704979,-0.1383375319636173,0.06548921597869078,,
10.51937399999997,-12.816988020066905,9.18737993568265,-109.88711188159319,-0.365473546236316,-0.37239966431800736,-0.21833320114669363,-0.1858531992294673,0.14940277011429662,0.0629658182843653,,
10.528868999999986,-13.229987168649904,8.12671116228012,-110.16988842048613,-0.026657735517032186,-0.11306627556061923,0.2783806548209246,-0.18577363133060074,0.14831869061397193,-0.034420243171038346,,
10.538385999999946,-13.903786508128201,7.568563644502812,-110.9506024893576,0.40085705165224866,0.8422702724255039,0.02781747473500791,-0.07191719217147205,0.16325577672075078,-0.12446811485313711,,
10.547890000000052,-14.796455300365292,6.514411967468602,-111.78013608269526,0.2543833770540567,0.8691373184556364,0.08835043806905075,-0.14621826287255227,0.24118540200286007,-0.13224112196187002,,
10.557403000000022,-15.318375428754758,5.971707212759812,-112.53289293990437,0.37441504104225504,0.4055539483995205,0.5058674757471203,-0.07591381893998671,0.13632101166323585,-0.141872726109033,,
10.566904000000022,-15.91493046667078,6.703582134867409,-113.245611302218,0.26004217585936085,0.4524760202674714,0.07191626718329357,0.16679906495551566,0.05166753769010527,-0.13196126679703904,,
10.576449000000139,-16.279080446700398,7.548398380468182,-113.44873884757219,0.006009596338855014,0.12554187527722452,-0.13794229060609697,0.16958930855743662,-0.0012456946844717472,-0.03410622550552412,,
10.585941999999932,-16.203866387927047,8.206826089839156,-113.05237009798701,-0.07863101039425859,-0.6721146754167708,0.02437572878564805,0.10083424936832847,-0.06646755761826792,0.07469399940290262,,
10.595471999999972,-16.021052784302896,9.23116421822213,-112.39226779308463,-0.17632933268407067,-0.7957732466175498,-0.20931633046310996,0.16085609946143783,-0.11344642037098668,0.12384989120680882,,
10.604966000000104,-15.618316447688166,9.868292513517668,-111.5700301531355,-0.0985104347626438,-0.5880425833680889,-0.4177133749909125,0.07418671542501926,-0.12250750083150928,0.14831107382057576,,
10.614499000000023,-15.178267384069374,9.549760191019365,-110.79226986078535,0.002973567328745763,-0.6006408736050989,-0.10305311734715511,-0.10523840256207902,-0.05912842055675022,0.13785437359220223,,
10.624058000000105,-14.8582399798016,8.977111594510948,-110.48755683619268,0.08792848531729658,-0.20958725384516042,0.05223160401076884,-0.1439790452128356,-0.02005119903377108,0.04769374676376793,,
10.633547000000135,-14.593064402478717,8.27879780241786,-110.74355681583187,0.24127086980035684,0.39885942560854226,0.044514005388200516,-0.16374244981448952,-0.0011562517194643536,-0.062185391099309505,,
10.643068999999969,-14.4606221958931,7.257601796867473,-111.35524655967882,0.18523086998070698,0.5505553035265949,0.19735275446444903,-0.2146964702627957,0.04778488161349442,-0.12892737826333997,,
10.652569999999969,-14.382555909498215,6.582202422241488,-112.1671107712733,0.09409397110185626,0.52452799061119,0.27622562711513093,-0.14577445269227637,0.03475592805277052,-0.1672355341390389,,
10.662090000000035,-14.412210628508653,6.646465715233994,-112.95830367163202,0.0063072687846897355,0.4848524256095252,0.27409099036615775,-0.00023359356670786503,-0.00027224495937889636,-0.16052273292841848,,
10.671600000000126,-14.538930126910142,7.045405960591227,-113.34854896522259,-0.18675799703401547,0.2116516800798161,0.20045529386914765,0.06898924334665778,-0.008908821846127997,-0.07793077113370384,,
10.68104900000003,-14.633400151756543,7.60400275410638,-113.13168930751971,-0.3166353440443698,-0.26098290573751626,0.13960456087510703,0.09582313518629985,-0.02758350935774021,0.0429482416009606,,
10.690577000000076,-14.718017955235615,8.3606556747396,-112.37300355663922,-0.328629855916658,-0.4840254609247322,-0.021950537972993508,0.1318798944533619,-0.04396132551148472,0.15128995695990138,,
10.700080999999955,-14.733264655844236,8.908094212126851,-111.22238163516866,-0.22502303220573852,-0.51079302806282,-0.18309569575841822,0.08858021420719608,-0.03899252060817803,0.22779677526588535,,
10.70960100000002,-14.739961041439273,8.963086201026988,-109.97379103324737,-0.06240225501688066,-0.4758758233916022,-0.15800849802214567,-0.003555458976420929,-0.00401998133542163,0.24715315990353662,,
10.719143000000031,-14.757710836016235,8.711685575215865,-109.03453497125712,0.12348904156463311,-0.21459905641975902,-0.07467560637096957,-0.060603865124879315,0.018485509886691124,0.1855965108807457,,
10.728659000000107,-14.798622522454563,8.215251078591862,-108.66800398572597,0.31918845152102865,0.16091649848892406,-0.030208316114537944,-0.10578471098762487,0.038033262555080105,0.07166573305731903,,
10.738178999999946,-14.916829063204444,7.467744383159711,-108.9025755541523,0.3409130950213228,0.3704625434036002,-0.02799191933647063,-0.1485131201586348,0.0686652514755262,-0.046538139771332004,,
10.747679999999946,-15.036080075814553,6.795881138798108,-109.61885022348133,0.33944207300204876,0.41262666221950905,0.08922735228338266,-0.1335674296618588,0.06514941321968176,-0.14313344156486166,,
10.757133999999951,-15.181792353352748,6.392850932998362,-110.53679951945621,0.22587091100935358,0.3821687681341048,0.09891280243099393,-0.08024229577356935,0.05353469828786917,-0.1830389786323907,,
10.766652000000022,-15.258176766378362,6.216895048727419,-111.29546271545601,0.03590133003942979,0.14205523337152437,0.15909052891375852,-0.04189162487059566,0.025561371544766735,-0.15278282785537597,,
10.776182999999946,-15.18642477584617,6.343301172388173,-111.54850891746172,-0.1443463977190083,-0.15710475009875297,0.10411699851617122,0.0039583911507597,-0.023686453131302663,-0.06692505558645315,,
10.785689999999931,-15.011616398425822,6.74795981390734,-111.24719496675051,-0.24278845804003643,-0.3367357771304922,-0.019392724395267864,0.04840070094760413,-0.06313583257442959,0.04634214460575739,,
10.795231999999942,-14.740809628851373,7.147416914859956,-110.44032466067105,-0.23578571343014645,-0.43056329190016934,-0.10717906325939253,0.04124920150784087,-0.08015795633638921,0.15215870689775018,,
10.804646000000048,-14.463738285527258,7.36761517411784,-109.344301995768,-0.13740579471328673,-0.422021034785429,-0.017721339325249042,0.008413802533463409,-0.06839799388738377,0.20950661613833776,,
10.814251000000013,-14.291404208811413,7.375100823297561,-108.32969984374189,-0.003592953141970683,-0.24269595233428992,0.03165432436185818,-0.0239237519424939,-0.034757442602314996,0.19574909106646454,,
10.823775000000069,-14.203913674917363,7.154527155199398,-107.72405102116268,0.11973338522194674,0.0036877057479409365,0.0525644596803563,-0.06165453986431239,-0.004897917166295189,0.1160968320511725,,
10.833270999999968,-14.252645660281368,6.78604740423104,-107.71126220662845,0.18915128703690823,0.1927923465042958,0.09895890434733197,-0.08161786475068411,0.029619476221484548,0.000863056866316894,,
10.842736000000059,-14.431644675280243,6.433858554110613,-108.26901134050341,0.17176758247077015,0.2960867936335216,0.09845015021375514,-0.07037769286675592,0.053701583023466185,-0.11033016252951416,,
10.852262999999994,-14.671878593547836,6.228962272430764,-109.18935367417829,0.12132244432459348,0.2754920887618319,0.12507483552315513,-0.0378291687595442,0.056722546401155316,-0.18165728464852124,,
10.861775999999963,-14.969415192792372,6.227807514396087,-110.16257051931484,0.022947095267822345,0.14250762726539898,0.11237052872961883,0.005374820090276351,0.054354033795775934,-0.19101294388260934,,
10.871290000000045,-15.25740520599644,6.449520386873344,-110.88787441805076,-0.08739237963445383,-0.05346784259025294,0.07985434065625714,0.04730754683044924,0.0368032028185247,-0.14143750949015976,,
10.88083000000006,-15.485800798651121,6.845612242811946,-111.15098101753178,-0.14474481284112278,-0.22248523881651774,0.01666170903612979,0.07595673555734059,0.012728205398012006,-0.04997385992276514,,
10.890331999999944,-15.618858803504107,7.286910987950637,-110.89385658496586,-0.12464651143431976,-0.32652199587953573,-0.044691402845859596,0.07759515220847546,-0.008290166504501999,0.052132629706605094,,
10.89985200000001,-15.617541114531655,7.654499575946422,-110.24114276878854,-0.06005607525949691,-0.3149916815292436,-0.05735646584916268,0.05445515587186532,-0.027521540141772133,0.12796883153689395,,
10.909337999999934,-15.54819083868131,7.861307256501234,-109.29392721630326,0.05376593103221573,-0.1891159691494113,-0.053996153465340785,0.020004071931888575,-0.02855036863880263,0.15411171132990817,,
10.91888300000005,-15.463558537784479,7.84594956341305,-108.54553853887954,0.1431395131531112,-0.00953233280963936,-0.03371496893561004,-0.02267481983494545,-0.01671836329308828,0.12441605782687054,,
10.928399000000127,-15.396737227327389,7.64925675446583,-108.26891790557448,0.19883724485406729,0.14463961567776,0.029608927550415998,-0.055888546507145934,-0.0020496812268839242,0.050854803703981724,,
10.93788799999993,-15.382845616810007,7.366293636874248,-108.43448472693473,0.18179923692969213,0.2439863306280093,0.058690312561448306,-0.06898374115901403,0.013341243183973917,-0.036197810594890974,,
10.947384000000056,-15.40959146190995,7.083490230475916,-108.94023011869254,0.10033230832876125,0.23938641118470982,0.09506540427894637,-0.06629186822029856,0.02140627551213992,-0.10322414138715268,,
10.95691499999998,-15.4652513782236,6.895415637632223,-109.46699038685166,-0.006931195498642524,0.14084719469971077,0.1073785916029257,-0.04630846827316902,0.02115583971131594,-0.12721072063414926,,
10.966470000000072,-15.640330181563765,6.827638763321366,-109.82411710162233,-0.10818635944350474,0.027306492744679473,0.09188355505979018,-0.01687365187814314,0.012244738375766355,-0.1022068804342625,,
10.975988000000143,-15.81063556793908,6.732112721514791,-109.90445679710444,-0.1813211994596092,-0.1285086212812246,0.054943881599958326,0.0,0.0,0.0,,
10.985492000000022,-15.91982978671025,6.6130215172378275,-109.63221772338801,-0.18602553949098297,-0.21011442302521818,-0.00014944285797804325,0.0,0.0,0.0,,
10.995010999999977,-15.926930092540477,6.502422034468391,-109.13949127500553,-0.11312695317179723,-0.21280470346976563,-0.016485890405840344,0.012459503646009598,-0.01718854413585872,0.1054518398252129,,
11.004523000000063,-15.837764835954692,6.403613645221286,-108.47634912501806,-0.002393956388958198,-0.13900467838495606,-0.026808988917165818,-0.0070278863723256205,-0.011522539817607726,0.13274945698001858,,
11.014028999999937,-15.71430816936824,6.303609292869425,-107.8009660218442,0.10377148863441372,-0.03441472759065353,0.009441683455947461,-0.033623787676714444,0.003599660070444404,0.11541852223807345,,
11.023550999999998,-15.599777699855826,6.218787895851255,-107.40677478243488,0.16732044938031315,0.07672329834290248,0.023962035404350577,-0.053979328383109655,0.017103727920642735,0.061144113027680136,,
11.042560999999978,-15.461184444435487,6.023519047657767,-107.69309867779161,0.1288555320318612,0.12243789697258466,0.04582861586993538,-0.06402571974224298,0.02111719985923801,-0.05957684774993849,,
11.06158500000015,-15.387779040480932,5.897392084482223,-108.30222212251815,-0.03240273083263518,-0.031371242999047186,0.03946921599134093,-0.017648000678755597,-0.013796374136316968,-0.06850404389653846,,
11.071095000000014,-15.320404615791233,5.875846727720588,-108.31610809702472,-0.08503406086090408,-0.12366811391987591,0.030570959680166526,0.0,0.0,0.0,,
11.080613000000085,-15.222228823244228,5.8776217020094395,-108.17788653858901,-0.09459901047768939,-0.17633266373512732,0.020105263484373297,0.01785548927381671,-0.04100068202783076,0.028954920547897275,,
11.09011200000009,-15.09717542789087,5.90686483572898,-107.7975675331834,-0.04609965890571497,-0.1733876091946569,0.015387006094834767,0.02006245957847144,-0.04074541887722254,0.07102321388591658,,
11.099634000000151,-14.960536099457226,5.942633953063169,-107.33865311874708,-0.01965730664265368,-0.10713204844701801,0.03827329201589472,0.008258128854135799,-0.030949779813568282,0.08645180022194429,,
11.10914600000001,-14.834787940241545,5.98600419800774,-106.96601832363669,0.06308291454639196,-0.025298042671295748,0.05520975475059621,-0.007656538871155071,-0.01562923745785233,0.06933300483751859,,
11.118636000000151,-14.76443830409362,6.055027312640739,-106.81599098122537,0.1110936814574474,0.05967178480162342,0.0594989740779825,0.0,0.0,0.0,,
11.12816900000007,-14.781097901026403,6.140542114466332,-106.94070824138944,0.12685107744871718,0.1092661724670984,0.06586860104776698,0.0,0.0,0.0,,
11.13767800000005,-14.881668398805441,6.22924983497885,-107.2978869167969,0.1169757728028988,0.10094264976600925,0.07137491125770673,-0.01212376430873119,0.03586690032532563,-0.0719734221237517,,
11.147017000000005,-15.13598498535854,6.25090157497119,-107.78597223397213,-0.35524361524273995,0.4271783000848892,-2.0605433040274344,0.005102449933609597,0.04487833457470456,-0.09479123685064687,,
11.156429000000117,-14.138032820297889,5.999396122797167,-108.01937216839612,-3.3874076015172205,2.374920466766719,-2.235918707107105,-0.12320520253047576,-0.17574191906639175,-0.08413239373614606,,
11.166116999999986,-11.532826885978563,4.1938006983200085,-107.59334997800717,3.781841389737545,-0.8503180710776551,3.185988183481163,-0.5168859555728119,-0.3872042002345564,0.004392009209721703,,
11.175535000000082,-19.15769313056826,3.191846262850093,-108.08768326065875,-1.1704740192556635,-1.2425989303306348,-2.1815588137868707,0.26531347915923503,1.50940863226686,0.05269555875173591,,
11.184958999999935,-18.54347756193315,4.703896054032185,-108.85182422187216,1.0837147108251133,-0.6310565900181137,-0.4677876945296939,0.23377066283352949,-0.21448825101659566,-0.14563892714365465,,
11.194490000000087,-19.378797196962083,5.587595918120971,-109.24722012386239,0.6631275643468879,0.3456253535318728,-1.179868065687438,0.2071693646010315,0.09804224261796789,-0.07744287878487488,,
11.204009000000042,-20.2163026672162,4.151894773964845,-108.81070983349527,-0.9686595334856642,-0.43231442377817036,-0.6416686133680171,-0.23181635008610685,0.2498835826049746,0.1064278679697858,,
11.213656000000128,-17.797663060020373,3.777246611034201,-108.32842601832307,1.2593891123454264,-0.684676574819182,0.9342827805925832,-0.23896101728837094,-0.43657753536893523,0.03364956675307301,,
11.223007000000052,-17.541741483623873,4.136497299144272,-108.156351305877,0.018283616596894803,0.5976408084684607,-0.9044446142158015,0.03800178073261883,-0.07312830474557042,-0.0008402859218961578,,
11.232539999999972,-16.345353556749423,3.3251289680640834,-107.64423739896552,-0.36370912868057187,0.33631680453618606,-0.8205728025778497,-0.24238059239981757,-0.18005087877823062,0.06470576391911209,,
11.242202000000134,-14.360441980548426,3.0001254552909318,-107.21478283162253,0.8053522097815495,-0.32738646505096486,1.4190542656875489,-0.19509287237676368,-0.36172594130515484,0.04739610353867233,,
11.251717000000099,-13.970512077772703,3.775276373690009,-107.08353059846577,-0.21149299889600093,0.3184057471895266,0.12765987371840157,0.11121211232747744,-0.1225379524407412,-0.0008759716457046526,,
11.261245000000145,-12.892932571495413,4.01594131869684,-106.84983149651487,-0.2362216780276268,0.24421887211010013,-0.11076176187283555,-0.030844655264184947,-0.22245068592416786,0.019014430921370035,,
11.27074400000015,-11.964015406644744,3.9499842733172263,-106.55260621142445,-0.11227493545426001,-0.4343720070556526,0.5409608705263107,-0.08008064843982891,-0.17649582856868276,0.034140249938844146,,
11.280275000000074,-11.800370538773267,4.531528220350881,-106.44811048313974,-0.5854274990574813,-0.09840507602114083,-0.3061466748650875,0.08827397873314234,-0.06690323625233269,0.015323880329423542,,
11.28977000000009,-11.458874707383742,4.841708290116798,-106.33408765866741,-0.18638390821462386,-0.015477603424643377,0.14642075362327003,0.02626324118977473,-0.08542192157245412,0.013954638568139279,,
11.299283999999943,-11.757010838724193,4.588765287053345,-106.23398902821972,-0.24452465360705367,-0.25967301713296,0.3835531665596026,-0.046063670747744,0.06880944427564879,0.021752161773675827,,
11.308802000000014,-12.221306105563398,4.625003458146026,-106.27905966818172,-0.19675183825989676,0.0011301882047804288,0.12181044008157088,0.01877817677994534,0.08444515166262481,-0.004645770380110495,,
11.318328000000065,-12.707632033655447,4.671590919872134,-106.43964278527342,0.14854548602171397,0.2562127549754843,0.007686705884607328,0.022133270272085486,0.0880552444227356,-0.02724282055180564,,
11.327833999999939,-13.56597572346852,4.428175087576413,-106.66486090304564,0.020746205887707557,0.16929707936419675,-0.10617226729355154,-0.012127621993029138,0.17573604475564816,-0.034219984014039376,,
11.337326000000076,-14.199916810295946,4.465689407650203,-106.97790236938516,0.22969746574430555,0.10719292519607418,0.124742419600965,0.02957379486774719,0.1166419481390651,-0.055452512169770166,,
11.34684900000002,-14.889149193848032,4.734763317246021,-107.31474840223149,0.2762205381221899,0.1571713020459971,-0.0386360882268344,0.07777900247032446,0.11333067792784948,-0.05886227955279913,,
11.35637399999996,-15.444788524798982,4.869892801238442,-107.51949018817317,0.10587695502225002,-0.019841030418155013,-0.15201083628898202,0.04470180605847986,0.0954979408653918,-0.03406334675562777,,
11.365917000000081,-15.55387974872691,5.140771379653416,-107.61417383378814,0.2199645535495626,-0.23363512206175432,0.010535415055164381,0.0,0.0,0.0,,
11.37529399999994,-15.58068991792101,5.513289058947315,-107.6336392269044,0.11306506343241304,-0.14277398280850642,-0.20974443762682932,0.05840802440426917,-0.01966086455571537,-0.005829256738587133,,
11.384903000000122,-15.342402687588873,5.575961373393498,-107.52460254944339,0.06361233715864464,-0.1864880459722473,-0.15356525739034216,-0.016695130092039105,-0.05126416034623212,0.014720161185055296,,
11.394475000000057,-14.942199644694584,5.482459048391432,-107.39158876493451,0.059837785744030515,-0.21241740463887684,0.018548516069752247,-0.05609924013670444,-0.07271201441900713,0.016325605965860433,,
11.403990000000022,-14.544569903255576,5.411899567730412,-107.32570341085713,0.0,0.0,0.0,-0.05142254125418744,-0.07369315345681728,0.002967784684162119,,
11.413485000000037,-14.086830383179924,5.162760930717629,-107.2912636442323,-0.02170211678171773,0.10119979418401083,0.06771024058119063,-0.08906603371250323,-0.0745654361536345,-0.0042913889708688915,,
11.422943000000032,-13.734697461853061,4.881704372277748,-107.16878129515234,-0.0667533153769569,0.1031587483913642,0.19229802820033398,-0.08876551492841155,-0.05281481922406012,-0.01200511237605646,,
11.432445000000143,-13.517143078027008,4.814235033322168,-107.09811720591466,-0.1118890929701588,0.17675040909849768,0.13172625761221812,-0.039890486007477445,-0.03985704602754967,-0.02120221613106457,,
11.441976000000068,-13.427219489067445,4.825606598858089,-107.16315031244399,-0.10670488453845624,0.15344632305570763,0.13031358313556782,0.0,0.0,0.0,,
11.451485000000048,-13.504231320059425,4.8595030180763885,-107.18827060189996,-0.13719874330709012,0.030303538973635396,0.13636822224681666,0.0,0.0,0.0,,
11.461066000000073,-13.744777547706644,4.945830446421566,-107.20501378076455,-0.09849934095934969,-0.037493129289422666,0.08407865537474742,0.0,0.0,0.0,,
11.470579000000043,-14.007015372520021,4.978422833811488,-107.21043049667519,-0.020340920584498504,-0.06566857477322151,-0.005988473902569511,0.0,0.0,0.0,,
11.48008300000015,-14.265912213021247,4.792140161762164,-107.2241796720302,0.005074757504144045,-0.12206705110916809,0.010217210110116845,-0.007881215819556303,0.05922657281599513,-0.0010594188783039499,,
11.489614999999958,-14.45760773050122,4.585625365083006,-107.29531372582527,0.0786890987837846,-0.10530559811344982,0.016397049459228836,-0.019513193281223463,0.06364725370271437,-0.013759999115361826,,
11.499111999999968,-14.618761141885132,4.402200453614487,-107.42383864858148,0.11102011548807185,-0.032415960382962614,-0.0300714959113065,-0.03424218649893302,0.06478504788409085,-0.025771292580310804,,
11.50852800000007,-14.685049731458179,4.148256575986585,-107.56517367968851,0.12121105541086646,-0.006320175191091318,-0.02864889156998316,-0.05689314468310788,0.05362754754507671,-0.02985063753745848,,
11.51813100000004,-14.651156068161745,3.9860270013128862,-107.69636483989065,0.12688353379970754,0.012474142001698748,0.02354956076584788,-0.04999469019721827,0.02860631847117741,-0.02926303980968945,,
11.527638000000024,-14.551639860730074,3.985291637356099,-107.7787522555001,0.0983662649176688,0.04945305624676006,-0.015070857902656783,0.0,0.0,0.0,,
11.537149,-14.381199500973096,4.004159116217154,-107.77086437401628,0.05743930962128174,0.01669408162552553,-0.010409755830328502,0.0,0.0,0.0,,
11.54666999999995,-14.180787481671913,4.059826361081477,-107.69018801498501,0.005943901633215088,-0.003910702664104677,0.027045791762124453,0.0,0.0,0.0,,
11.556162000000086,-13.976628337550151,4.1548537166178585,-107.57680163397465,-0.006776732909312459,-0.041599224515724946,0.021551301990330514,9.34882137172633e-05,-0.04981876612928148,0.017140840530112094,,
11.565690000000131,-13.817311456352984,4.156727740953403,-107.47302209406537,-0.04444578536399797,-0.06538779916381199,0.04138160977967638,0.0,0.0,0.0,,
11.575196000000005,-13.731162057671316,4.083973730800157,-107.43765935863756,-0.06560665159478803,-0.07770940753803025,0.07343798261408326,0.0,0.0,0.0,,
11.58471499999996,-13.734765269627763,4.020071670367095,-107.50717918405144,-0.06626541242362093,-0.03240540791774876,0.07794689509103435,0.0,0.0,0.0,,
11.594221000000061,-13.829926753713861,3.919518138882466,-107.66823612801181,-0.056291058296897636,0.011174952370690508,0.09394648839976023,0.0,0.0,0.0,,
11.603673000000072,-13.951483061618546,3.7902790551154486,-107.88747207798436,-0.05164505168466422,0.009841670366807683,0.09806505584180818,-0.03152553941535722,0.02887197855137613,-0.044864380354174914,,
11.613242000000128,-14.185830290734916,3.769159672850783,-108.1325348632967,-0.02221562520859413,0.061692197730890144,0.07045067741265186,-0.016657034100721935,0.0391640965751781,-0.048496375231669796,,
11.622753000000102,-14.450548774872928,3.816445920274439,-108.34477453963834,0.0014963074010767964,0.05736135289144692,0.04589449361642441,-0.00095385431389709,0.04557355324058158,-0.04145745621392267,,
11.632262000000082,-14.703133297359797,3.9010636270882846,-108.48709792770919,0.009449397601108795,-0.006141722121132381,0.041477988853827974,0.01501400916051486,0.045115448354419795,-0.027527866272175357,,
11.641767999999956,-14.896483168393546,4.036734052186797,-108.5549358518221,0.04770835617388816,-0.017398403692068326,0.01859912638278068,0.0,0.0,0.0,,
11.651268999999957,-15.00650084115783,4.182647286341036,-108.56567881630565,0.05329329371962214,-0.06547239331175604,-0.022480145129233034,0.0,0.0,0.0,,
11.660800999999992,-15.015284916564447,4.297798421757504,-108.55902447869454,0.06069978958255307,-0.0955816311324797,-0.029019522885007153,0.0,0.0,0.0,,
11.670309000000088,-14.926534384294435,4.4012362739620166,-108.58997530765414,0.0639893297720683,-0.08855905016881702,-0.02865445451067988,0.0,0.0,0.0,,
11.679829000000154,-14.788044473927643,4.481046145679342,-108.69666332591044,0.054899133710900425,-0.05439209567069812,-0.021045518890727463,0.0,0.0,0.0,,
11.689325000000053,-14.642054849751549,4.530152877106024,-108.80100204399035,0.03453424837495216,-0.013145757140016942,0.016591581991242485,-0.010534671187582416,-0.025451696809181173,-0.0443977701186398,,
11.69884100000013,-14.5251766614636,4.5857552325198245,-108.98320315224495,0.016871385281997428,0.02111533101897209,0.03722056764388779,-0.016724286242975263,-0.026663472399003917,-0.0594212716197504,,
11.7083540000001,-14.469185429835884,4.65979767139562,-109.22608676348409,-0.027126649539366735,0.05608541734499718,0.06629328730794339,-0.015676072069550642,-0.022825228249660087,-0.06420920638005531,,
11.717853999999988,-14.488265832954314,4.745974603217233,-109.42545644225513,-0.05639691201016539,0.060915587476782836,0.08767707251225118,-0.009252717335634073,-0.015324941201584022,-0.05616089782176064,,
11.727321999999958,-14.491835370473812,4.835506833518167,-109.55953121306806,-0.07189589374949697,0.047082756476507365,0.09983181892796802,0.0,0.0,0.0,,
11.736887000000024,-14.64564543562348,4.96549475903533,-109.62182662739814,-0.0808991735717987,0.022339987415298725,0.07048756047795021,0.0,0.0,0.0,,
11.74640199999999,-14.822135435158025,5.0804027740812066,-109.56574811423857,-0.05697411337925167,0.014788998752160458,0.057871207067001516,0.0,0.0,0.0,,
11.75590800000009,-14.99214690037999,5.16695673853847,-109.42828477466385,-0.028809631973523455,-0.024193227131331808,0.04060269583022314,0.0,0.0,0.0,,
11.765432000000146,-15.141927535834503,5.2317435484512185,-109.2686036195583,0.005708363039227111,-0.004442326234255039,0.025224839778541317,0.0,0.0,0.0,,
11.774926999999934,-15.246479739659389,5.251744881265125,-109.13944498053709,0.03739217126352232,-0.011940772264704642,-0.010650634702258443,0.0,0.0,0.0,,
11.784441000000015,-15.302202995511845,5.229589960773492,-109.0828314422452,0.052843558742703425,-0.016818043424963392,-0.015105284842668133,0.0,0.0,0.0,,
11.793949000000111,-15.314901134753224,5.201418566380228,-109.11359973995047,0.06472635336968371,0.015379557913006258,-0.012180323616485265,0.0,0.0,0.0,,
11.803466999999955,-15.296452373785506,5.172635027520695,-109.2102273983155,0.05196087821677956,0.02805635154511128,-0.006993702856711738,0.0,0.0,0.0,,
11.812975999999935,-15.252950592453304,5.1409697025832335,-109.33032358901004,0.010264225026611746,0.029260372470580776,0.0027897808841739567,0.0,0.0,0.0,,
11.822484000000031,-15.193301741743225,5.12648810676571,-109.42800270771419,0.009054141609697744,-0.006982922629705171,0.03983462787220672,0.0,0.0,0.0,,
11.831991000000016,-15.135204953468618,5.1366775244541465,-109.32576435903567,-0.02135542943308589,0.0028511554538754543,0.04868949676087976,0.0,0.0,0.0,,
11.841499999999996,-15.081228253796976,5.164096387791378,-109.14834727549474,-0.039864538976650356,-0.02912861504862607,0.0559495427688008,0.0,0.0,0.0,,
11.851014999999961,-15.048505864223204,5.1953331005396235,-109.06475990049518,-0.04399420089177112,-0.04257837879549566,0.05288732804056277,0.0,0.0,0.0,,
11.860523000000057,-15.042252663146504,5.236961371444408,-108.96728482821231,-0.03145863314921794,-0.04596484452679703,0.05051120021532017,0.0,0.0,0.0,,
11.870033000000149,-15.074831766949348,5.2960985302030865,-108.90457795815384,0.0006555714572483607,-0.03759376273070365,0.04444963379586086,0.0,0.0,0.0,,
11.879556000000093,-15.138155313000714,5.365534343368518,-108.91877247320397,0.014045687909179668,-0.010968277153101901,0.06198579951702477,0.0,0.0,0.0,,
11.889057999999977,-15.230096984447547,5.438646257532859,-109.02955807584051,0.04307710214870271,-0.022684571488581155,0.07771717067007534,0.0,0.0,0.0,,
11.898568000000068,-15.387913024190194,5.539634015191065,-109.2323387318453,0.036217675862662876,0.034580429484655874,-0.08508477590870282,0.006671781712033445,0.03013838061277482,-0.040033910204439055,,
11.907903000000033,-15.702841274032336,5.290069369926582,-109.42881638094993,-0.5234882182345993,1.1646398957237105,-4.709558202225391,-0.0407742561587545,0.07407816804947373,-0.03576543208946931,,
11.91749700000014,-15.183511428767735,3.0664829765934867,-108.64116430139372,0.3964804024496312,1.4047151154426927,5.125958078642783,-0.46927804911293625,0.045187404711878994,0.14778599286850952,,
11.926922000000104,-19.01250362330862,2.193254208870649,-107.94024677288192,-1.5087740676281913,-2.251251461129426,-2.9725698769988043,0.061320196767489885,0.7799936287333514,0.214562491772464,,
11.936361000000034,-19.356373099907977,5.175365490001599,-108.73335354016534,0.21911399317440552,0.48822136850918674,-0.7148362948098502,0.5740303984418721,-0.12528744461692745,-0.13023619447768742,,
11.946048000000019,-18.942630049440965,4.573933783478272,-109.04166382655681,1.8373358720987738,-0.8097010036058299,0.5415845279566025,-0.1551925656386871,-0.04101458356191515,-0.07034081330324185,,
11.95537400000012,-21.53751481517879,2.5921711787621176,-108.9724081561189,-1.6880706249902218,-0.22501650331193468,-0.8863834624443171,-0.22036569398798583,0.6179459439906041,0.06332892500398495,,
11.965069999999969,-19.031320524772802,2.9161613505956807,-109.11920699366532,0.7644804718904842,-0.23023168970822472,0.3016704984098778,-0.11679014362189416,-0.4970405853634071,-0.05485312386864258,,
11.974582999999939,-18.145039173500667,3.6113000749684776,-109.13709115061887,1.1137820908982075,0.5249226540289134,0.27843577627940524,0.0592889687600551,-0.21485175526285502,-0.0467839219656164,,
11.983911000000035,-18.389060562138553,2.7682831874391836,-108.65782315114204,-0.96514130694598,0.6009623749952753,-1.1310424287186762,-0.15851750538036105,0.09873879690556862,0.07958016335886901,,
11.99358099999995,-16.205553430906697,3.0917732876165034,-108.27839086153996,0.7431217456647798,-0.3870679578901521,1.1407408012337832,-0.09083077739580232,-0.4369974166338977,0.025869816941170173,,
12.003112999999985,-15.93660572889906,4.517484944046784,-108.33838031095327,0.02827479125848155,0.6153976927376441,-0.3280293223612321,0.24003667479414434,-0.1424612247405861,-0.046126974298188315,,
12.012439000000086,-15.533166660880498,4.59445901186224,-108.22270539241549,-0.6210681412984173,0.19358515432770215,-0.6250581884902574,-0.024928879029236996,-0.08338589637833929,-0.0018331891309673332,,
12.022128000000066,-14.559242383715848,4.727375131170792,-108.16964926402156,0.08112403730593995,-0.8591483560730676,1.071481497924201,-0.04959413017183846,-0.1951071397344296,-0.025294817820686235,,
12.03165100000001,-14.770960688350346,5.611300191349603,-108.40102774572259,-0.43828877504308245,0.1198780440793348,-0.3682206876844239,0.16706661233019862,-0.017234155360954812,-0.06783239225896438,,
12.041177000000062,-14.674689834657725,5.2537263601062945,-108.50449742457769,-0.22317755415406865,0.021401369449324616,-0.05913000529906888,-0.08834451714466264,0.002454716030013492,-0.04195008604071769,,
12.050670000000082,-14.944972010702703,4.316587050413033,-108.68581326329667,-0.13765704232305828,-0.37069685974379535,0.5209910388158882,-0.17506389155883184,0.1090448484637143,-0.034240651215740506,,
12.060206000000107,-15.503870028118396,4.089027693123091,-109.0730140370003,-0.17292756163630157,0.3709271057222521,-0.1110391651439796,-0.021387316741648812,0.11852570991811266,-0.07160469084815266,,
12.069691000000148,-15.883899200323372,3.465730172903782,-109.33292834029685,0.21827503786991992,0.47462974795310503,0.11046329204545134,-0.10733596795412288,0.1109732830656397,-0.04916465766088327,,
12.079210999999987,-16.605267809335587,2.5402947320317635,-109.43314472799115,0.024010207694081655,0.16074394642766404,0.17572282426347693,-0.14142849593532275,0.1958104402289423,-0.014378253145065275,,
12.088736000000154,-17.074605960454043,2.43644150500804,-109.58658802437576,0.1565816682421499,0.2376358576534727,0.05757424737662703,-0.0027155294269346074,0.09368449349696081,-0.028389056105180853,,
12.098257000000103,-17.483403701410435,2.4848697650127507,-109.61753097525988,0.2177478402161367,0.2478662496619213,-0.1299010107926329,0.02209499243798744,0.07203098420582942,-0.00433934569665431,,
12.107749000000013,-17.832790531272185,2.18708920114167,-109.40003252318635,-0.010768787382261833,-0.20141582796033666,-0.10092717819782332,-0.04737023468817721,0.08398843480101524,0.044837578097874364,,
12.117261999999982,-17.833983645162007,2.2833248032786915,-109.1817546871041,0.09118446176690609,-0.38600164520945274,0.017840625928387838,0.0,0.0,0.0,,
12.126782999999932,-17.781845822355404,2.427093546687566,-108.97173849710458,0.008882139971877902,-0.19002062927567503,-0.2803098299761979,0.0,0.0,0.0,,
12.136310999999978,-17.52753963700668,1.964406176236481,-108.67793952084337,-0.0274742290601278,-0.3395979254162792,-0.07681069962406042,-0.11861683049403603,-0.020301157406426136,0.05525925881364319,,
12.145805999999993,-17.161548539961075,1.493953849028196,-108.54942735472929,0.02755247175110338,-0.2770728231174426,0.11585005429376839,-0.12715057143794226,-0.04144028957746374,0.021880705175861718,,
12.155341000000135,-16.83103233688601,1.1312918638783402,-108.6512512794978,0.013293535724684533,0.11932933392081961,-0.08221622407561173,-0.10440923807215724,-0.04162115124007463,-0.023564972822386548,,
12.16482700000006,-16.478009981141977,0.45310499279211036,-108.74446538980763,0.004415344982464647,0.1687481623129998,0.11944841165419984,-0.16577225831648273,-0.02559570307587596,-0.0380304898158423,,
12.174326999999948,-16.2299518182776,-0.04925586420311847,-108.93385353948979,-0.054481741505739326,0.15214862790845993,0.23996385579916166,-0.12571847360248287,-0.016647705114222998,-0.057657853816959564,,
12.18383300000005,-16.07032579072454,-0.08130388816152317,-109.2004861651327,-0.07528842668392113,0.30070683541344945,0.09530889982090537,-0.03094959433314191,-0.030097411477318165,-0.06897022073532262,,
12.19336300000009,-16.028517074167674,-0.0875584033783292,-109.3528181849973,-0.10608344788632541,0.18877590555238152,0.09807058287075754,0.0,0.0,0.0,,
12.20283500000005,-16.107361537746705,0.0037612560779995627,-109.36748767689056,-0.15831488289859125,-0.0732299524020728,0.14599367966356327,0.0,0.0,0.0,,
12.212341000000151,-16.257991455365865,0.370053986024727,-109.32011193077615,-0.07644809241874004,-0.12091791841611622,0.14438996140869675,0.06475357519297792,0.0022609755230122808,0.003922339049459877,,
12.221900000000005,-16.523297374228665,0.5669471503006969,-109.17947175082237,-0.06272852279155387,-0.18033979902301353,-0.0018894109744655543,0.04028200046973098,0.03522114481505345,0.02693309880925296,,
12.231473999999935,-16.75837151616349,0.2427723442171378,-109.01096894083673,-0.025618426373683372,-0.27532097447024395,-0.020851500413980782,0.0008846994834513289,0.0574678579140763,0.03233195646194986,,
12.240988000000016,-16.856916561819215,0.09527269465382433,-108.96271185061555,0.0938464035955025,-0.14435692052164,-0.04128239614752879,0.0,0.0,0.0,,
12.250489000000016,-16.90681676350983,-0.040338267660204354,-109.04787064702337,0.1383164009570901,-0.00010156775010159966,-0.09615960622112649,-0.03685602171143613,0.050062575334328,-0.018585830861991854,,
12.260017999999945,-16.84022063772619,-0.25651746380518214,-109.2704566440326,0.1657968473549816,0.02326165002397401,-0.006238376675684931,-0.06484715592728349,0.03642588616258885,-0.04609973975384836,,
12.269504000000097,-16.737745818530026,-0.16174581547135125,-109.56854137758847,0.15581107241599115,0.1350044621074454,-0.031059188790197815,-0.03376416040458563,0.007812113795616518,-0.07700563917197377,,
12.279021000000057,-16.584076762410426,0.07187907975000858,-109.89769981306779,0.11549951169786593,0.1742390600139641,0.056163157566540535,-0.016911171375499075,-0.02238289215396057,-0.08806478349149977,,
12.288535000000138,-16.352295956588435,0.3081143520415407,-110.20773382557569,0.03468581690934825,0.06109661389393894,0.0393850563508466,0.00038873862112270813,-0.05602167827915662,-0.08451715996581483,,
12.298034000000143,-16.1345892624183,0.7199846212065086,-110.47042647302848,-0.0472169618331478,0.01667696140160962,0.07074534458501361,0.043324676570986126,-0.08053512190159771,-0.07904394884246788,,
12.307553000000098,-15.926125782716362,1.086077021102677,-110.68002580242131,-0.0970789095283179,-0.06042449765727623,0.018109496971411395,0.0528270654761089,-0.08641552098319533,-0.06528937580447207,,
12.317011000000093,-15.744209351757705,1.494934864714729,-110.8809384332084,-0.14893108463662,-0.1607422172929788,0.09179918343544413,0.04919778095347238,-0.06457694156029983,-0.05546632844601826,,
12.326575999999932,-15.70933890019906,1.6755029402054618,-111.10832080571558,-0.15896103657205135,-0.15719130833752576,0.019834633934796866,0.05035659218920734,-0.05316135684465093,-0.059125677100984535,,
12.336092000000008,-15.732586321172683,1.8296650087125097,-111.3557965268451,-0.09107042887121555,-0.1000254681479219,0.06522900418771051,0.036698810875246686,-0.027153289721719737,-0.0690268248320659,,
12.345612999999958,-15.886700329342137,1.866351680294001,-111.55649661075338,-0.08142157351608069,-0.0452613214888881,0.04072868556105236,0.013171048842974693,0.007363579131196768,-0.08050489356022036,,
12.355123999999932,-16.028168706239235,1.970603863060095,-111.83517062068499,0.00029112968717633975,0.04026084564778364,0.06023933773742241,0.00690400567262786,0.017497093893969362,-0.09336425494536417,,
12.364636000000019,-16.229618924184603,2.155942750832616,-112.31185810663273,0.058933612625525156,0.12081716056300706,0.03479885107258916,0.007644043531575428,0.030450650646141872,-0.09583502523286923,,
12.374090000000024,-16.40436196809478,2.1814792813976367,-112.71819783991724,0.08673746061843184,0.11572809549329657,0.1253819668047515,0.003589027126575494,0.029342103871746423,-0.08189020356285358,,
12.383642000000009,-16.537238479081648,2.41507600620246,-112.9969135841125,0.04614716622582643,0.08441167105553435,0.03606644883773568,0.020728584324484878,0.014944306677907322,-0.05656871529760963,,
12.393160999999964,-16.648741771472306,2.714129981678491,-113.09274027080225,0.004835591835994287,0.041818081099889014,-0.03810535429553306,0.0,0.0,0.0,,
12.402667000000065,-16.709925495501786,2.951413057096862,-112.97174312012801,-0.03102724806591681,-0.043187311438505814,-0.04173872603979755,0.04612874337681186,-0.01040555596411112,0.0229407308017194,,
12.41217400000005,-16.649536102201917,3.1241478924053525,-112.66537299935159,-0.04163421194342397,-0.09969899012267888,-0.005897071765063273,0.03689143307981202,-0.029583442822055304,0.058791864092969964,,
12.421718000000055,-16.41861105956191,3.220185958193164,-112.24700145854318,0.02971836792971111,-0.1242463889082285,0.044293809119729,0.011911845470614284,-0.04472505165326872,0.0792632110866523,,
12.431207000000086,-16.237261130739192,3.2029586542672557,-111.83269601606004,0.003559176590499489,-0.06248011598994561,-0.040080399262581064,-0.01687212860167407,-0.03264052377873976,0.07889640794076243,,
12.440708000000086,-16.025474264076426,3.1017164174340977,-111.40179880980097,0.03366254240975903,-0.012593550222220628,-0.010306879134705392,-0.05059781614727341,-0.025060230805140044,0.057242997874161664,,
12.45022700000004,-15.9061062532473,2.9474058352001165,-111.15156847390769,0.04149162214117598,0.08316496775967355,0.035289554380509895,-0.069250299878107,-0.0020881475792211886,0.02306980973949117,,
12.459728000000041,-15.895496971948017,2.762905258506718,-111.1370370194073,0.0071255725299707836,0.12231841006563424,0.05976182588429578,-0.0752662187685153,0.011445721357528272,-0.009837204149841128,,
12.469182000000046,-15.857675908960708,2.4892951655768236,-111.22178985555215,0.013727769869850226,0.1086969586304132,0.1387271854747147,-0.06832525684932272,0.011349491227301483,-0.02722534454534057,,
12.47875799999997,-15.997440571991662,2.355738293792452,-111.28884063761473,-0.06087246281432375,0.08464674818050237,0.07717648449789567,-0.0467224421752415,0.021889464199979308,-0.02184639355716288,,
12.488284000000021,-16.110333088260933,2.2518317267384695,-111.27137177917272,-0.07007864259625593,0.02395268619138627,0.07890403248037313,0.0,0.0,0.0,,
12.497694000000138,-16.20981388073311,2.1682660062837003,-111.09383237735557,-0.0691253270997506,-0.0544896962740608,0.04490746033306561,0.0,0.0,0.0,,
12.507293000000118,-16.29662856782313,2.1039305214460504,-110.79018833791213,-0.0416755100537731,-0.10976817564766667,-0.004313418468367839,0.0024943225189798133,0.0062684546203106185,0.05952765964673113,,
12.516804999999977,-16.295047049525945,2.0628968777301266,-110.44758692476593,-0.006963904118696434,-0.14047156771058403,-0.017274774668092758,0.009245826710088344,0.0005341865054294547,0.066686728255821,,
12.526328000000149,-16.281814739247864,2.046260086415674,-110.18025906453877,0.03206819730334713,-0.14479457656580924,-0.027856165634336728,0.014263631760633062,0.005152845015426758,0.051537676653343786,,
12.535837000000129,-16.235602704077486,2.046445934197727,-110.07745251357109,0.07241216885155388,-0.13851471953990968,0.004203731094535426,0.0,0.0,0.0,,
12.545343000000003,-16.171005823531456,2.0739278419730276,-110.18733238966676,0.09487008184909494,-0.12111238631841441,0.027619840257751407,0.0,0.0,0.0,,
12.554849999999988,-16.123449179090294,2.143122865159297,-110.50184219863837,0.08217267178155262,-0.10051669325998744,0.03518947171902931,0.016737767082032205,0.0021831122069059,-0.06522165862284192,,
12.564307999999983,-16.18509180459313,2.3261081525572,-110.9638737549095,0.08308382085823007,-0.1158763004378866,0.12000233939944115,0.02416529651330454,-0.002887357976114872,-0.09394627230522808,,
12.573806999999988,-16.26233510055191,2.61691052521412,-111.49665604586934,0.04700671162159331,-0.14542648552333534,0.21507262044636724,0.04540154154311971,-0.007992047953635433,-0.10793652757035266,,
12.583309999999983,-16.327239328337626,3.0797213331357542,-111.95880987907096,-0.009919157854198018,-0.21801494684715522,0.13798176628919054,0.07644035989497369,-0.02337517665609994,-0.10849441683840488,,
12.592824999999948,-16.545914930751465,3.646513066214576,-112.40844246026761,0.01623729672425691,0.2319435175276212,-0.825297525629467,0.10713116664245893,-0.0033914541269828764,-0.09514997116185799,,
12.602155000000039,-16.944521295634836,2.613040697335789,-112.4288584938487,0.03756265250167932,2.3320311371206994,-1.9691906304441062,-0.17547043531818876,0.15161622168294736,0.003389377048705607,,
12.61183200000005,-16.26538925502374,-2.4912997065907967,-111.2835093859808,1.6650656975930491,1.9399238927839397,3.001419433823636,-1.0140872167499337,0.25322344520967865,0.23631139679884533,,
12.621352000000115,-16.778925201373518,-5.875623274911351,-110.1166336825209,-0.7310588765380924,-1.4449452224231187,0.4714275991050034,-0.6122957269353675,0.3340637031284254,0.23653657584835613,,
12.630848000000015,-17.25322813934652,-2.2483764950283227,-109.70181097915835,-0.7068534972449895,0.3691301600625064,-0.03460944829805361,0.7008712320063724,-0.16017028995952404,0.07522962491485755,,
12.640274999999974,-16.127763645576014,0.37755886785784953,-107.92673562725308,-0.18055684150355386,0.6587997935759538,-1.5594671994975793,0.4109766594422489,-0.3850056196668456,0.3427455934911945,,
12.649871000000076,-15.207217613465968,-0.8453512533118199,-104.97524489259847,-0.5791751265386935,-2.132906807604496,0.6713117759225203,-0.30144682422665886,-0.11065684639538273,0.5792206628873605,,
12.659393000000136,-14.251865980560707,-0.22027253277916775,-102.99240007880134,-0.2084585185630821,-1.5260692658636812,0.6943549987306251,0.06116895547410392,-0.21945045479792652,0.3901604734433303,,
12.66878900000006,-13.710230572538123,0.306355736675193,-102.18012312987436,-0.11387061787315621,-0.09576032503198757,-1.133593803071185,0.06529952994186299,-0.13256299082863873,0.15362231836275964,,
12.67841999999996,-13.930179897849154,-2.6162893797158664,-102.06522524478196,-0.13353023422740468,-0.431319735451116,-0.02290890469551619,-0.5772416086584397,0.16192626475518135,0.010528282386004138,,
12.687916000000087,-14.066567581482849,-5.3331327161751485,-103.12575150993028,0.12047809675403334,-0.1893732068908736,0.8688650413333273,-0.5392531959217435,0.14174432328821343,-0.21006359102290428,,
12.697444000000132,-14.11029477067596,-6.222607676903923,-105.02717128378849,0.20972863005107306,1.0989793609341807,-0.15198845174150752,-0.184920105496328,0.0486129381202757,-0.37910465225824164,,
12.706764000000021,-14.139817912120666,-7.859230373474959,-106.54842845580485,0.042915342988285914,1.3348565974382491,-0.3625351175988553,-0.3282468280019565,0.09181112689121113,-0.319371194434513,,
12.716454000000113,-13.922373656614475,-9.22700538084111,-107.41502152982598,0.002273936140093655,0.4585765810092096,0.5985833083703904,-0.28901969342184797,0.03595498747391801,-0.1841986507295981,,
12.725965000000087,-13.910473504233865,-8.135963985256508,-107.78653631296679,0.013298478466850658,0.4022557295326023,0.28482427965384366,0.1932546778927389,-0.07072882294913273,-0.0939310292908177,,
12.735485000000153,-14.085941893368481,-6.381572550648033,-107.36083367802316,-0.1499411027114297,0.2709361431531825,-0.4889189109666872,0.33117382617808955,-0.07537654687914505,0.0712876078001744,,
12.744994000000133,-14.03549447015001,-5.367069771902745,-106.15486566172405,-0.12405493083062948,-0.8265428823727775,0.2118165446873248,0.17733987089394668,-0.07113133436198928,0.2409510757109192,,
12.754492000000027,-13.925903839097007,-3.881398629604487,-104.94497835820668,0.01712402889195871,-1.07921889708615,0.2771837659658621,0.26656856543919794,-0.10403414241364689,0.24227596443782515,,
12.764032000000043,-13.857685706077758,-2.7276895559934804,-104.13902602156578,0.05655578280785218,-0.6946936856949982,-0.40656461988763165,0.20606712765804294,-0.07457109794137265,0.16027522792981563,,
12.773539000000028,-13.898333852745855,-3.1389916030270557,-103.88525562825644,0.15607953001050098,-0.6738889856133343,-0.13525743514538283,-0.09214425622191565,0.024421272075151913,0.04854934391259881,,
12.783044000000018,-14.024611664751724,-4.098232997361455,-104.46216864977407,0.20844195272231317,-0.3263639341549602,0.15675220162216083,-0.1943168054793417,0.06822544965186322,-0.11879900155831781,,
12.792568999999958,-14.013018573857607,-4.9569557473761945,-105.71782038216956,0.2635360422973309,0.3892646805410075,-0.00802250886292292,-0.18094668439891248,0.039537382383755926,-0.252795966944992,,
12.802044000000024,-13.915786750056908,-6.084770352992781,-107.07121050269086,0.14594415315014309,0.7111874989506052,-0.024019472126881963,-0.23653460662203848,0.0424660577845915,-0.27056271063067433,,
12.811562999999978,-13.646756436355412,-6.831275682236403,-108.08737100586985,0.04826738861182788,0.6378867753800458,0.23126889319453522,-0.17310205671712214,-0.00845636337581237,-0.21328936670239204,,
12.821075000000064,-13.486352012004868,-6.443169383711005,-108.609768625706,-0.025023142156009582,0.6252599985879042,0.17521495732357645,0.049361570332713,-0.05706888473381818,-0.11504291973019022,,
12.830605000000105,-13.564454184417544,-5.492615713486606,-108.31355459394587,-0.206101611486983,0.3951562013855355,-0.026116101190224696,0.17114626693152302,-0.04781584488251222,0.04263754386830025,,
12.840103,-13.627984204444195,-4.45604971606158,-107.23838299549855,-0.21235905464193558,-0.157452703423312,0.17854239564253405,0.18723487666233604,-0.053873931414816854,0.20436672618204887,,
12.84960100000012,-13.690498444227238,-3.2373051281136744,-105.8068873570116,-0.18156689081474456,-0.46230670537820917,0.1466448045723302,0.22329659948909655,-0.06039584349599825,0.2838929996596879,,
12.859132000000045,-13.70228536054422,-2.338653405500025,-104.38297995757891,-0.09123133004540661,-0.4740317026862732,-0.06221889147528515,0.16019411115324306,-0.04786996728689028,0.2829963080651731,,
12.86864300000002,-13.77958577451533,-2.2803708183992493,-103.34933217488053,0.011555096198012023,-0.49328386903531624,0.014152655001418882,0.0008904622474714301,0.008700540245576961,0.20435708097165217,,
12.87817300000006,-13.972437488865994,-2.75353333493674,-103.07144146700665,0.06995881459242267,-0.24294187948857032,-0.0200419903157479,-0.09757840923577,0.05562607580411132,0.05206988366627427,,
12.887670000000071,-14.186051273429115,-3.59243350898334,-103.59351902099448,0.1672613929614286,0.15037479610600127,-0.04386974561185897,-0.1678127675287751,0.0768249095860023,-0.10861393376837926,,
12.897194000000127,-14.4454371223219,-4.737054159181932,-104.65266151714967,0.14485757090390133,0.35946528968351293,0.02214182918819515,-0.22392459179471294,0.10294253439341167,-0.21734835406253983,,
12.906688000000031,-14.647718858102676,-5.673680582056195,-105.89529684428287,0.08199904745506821,0.44242936798773297,0.08785184518066927,-0.1846546486307205,0.08538916817153305,-0.2538235261837325,,
12.916198000000122,-14.773307922338445,-6.036946616391559,-106.9632523144808,0.02547334864646073,0.42428037136469504,0.0720409195256805,-0.07707529975419228,0.04188507106854433,-0.21765910880952305,,
12.925719999999956,-14.935956082904632,-5.895802026252018,-107.43082113238772,-0.09039160182347003,0.2038593789023114,0.02221463925602853,0.022178589032294697,0.020043352033071712,-0.11235608496353523,,
12.935233000000153,-15.091311745048607,-5.298669946759938,-107.23278940203637,-0.15353115738193351,-0.09334389185667324,0.04470989851598795,0.10900379499143024,-0.008609110396990348,0.022929350517691245,,
12.944772000000057,-15.132417608889932,-4.394374345687501,-106.50254863300367,-0.11265950799760477,-0.2618197990884824,0.0008391203424900447,0.1613609285347956,-0.047421516533814906,0.1369370044386724,,
12.954283000000032,-15.060802527356683,-3.5941503886599615,-105.46330020735824,-0.04137930459509908,-0.33277244995947913,0.007669674584398323,0.13585967509809818,-0.06082760063104435,0.1959129103931933,,
12.963793000000123,-14.919599365719348,-3.1441159404179904,-104.52538011655506,0.03404168311295029,-0.3109868121311672,0.01829716443530424,0.06553147597456331,-0.05379411739591662,0.17709904614187208,,
12.973302000000103,-14.791961732152389,-3.0793708931993815,-104.0801755559973,0.08131275678871645,-0.1415550353863962,-0.023641079230284346,-0.007957195504308208,-0.03128733897569743,0.08442525868005545,,
12.982815999999957,-14.722723014427173,-3.435233784200566,-104.27551210579963,0.10105031156359101,0.07066551902518536,-0.026798965864028176,-0.08672156894095003,0.0007240903982857611,-0.039930587144077635,,
12.992328000000043,-14.715415377761941,-4.085880339358654,-105.02168001958155,0.07439743017226702,0.21116932493419663,0.04941830012199648,-0.1407153844329721,0.02840408981549219,-0.150829159459801,,
13.001821000000064,-14.760792883544827,-4.7124785453225755,-106.0155696170055,0.015624894227392015,0.3031176896630714,0.1062859958205365,-0.13283833655882693,0.03934525242944067,-0.21286558934470456,,
13.011320999999953,-14.839233436811739,-5.1269957148465775,-106.94014883369432,-0.05905620711783518,0.3189118386884211,0.10827337882911917,-0.08956062233644764,0.03583089865906219,-0.2025278161549698,,
13.020829999999933,-14.957356666730806,-5.253146064163932,-107.53288751056166,-0.1262845426076562,0.189992659968793,0.1271411868368917,-0.03155493124797867,0.02745378491694795,-0.1286192916346023,,
13.039919999999938,-15.55339665896607,-4.694905374896248,-107.15302772089441,-0.13108632394195963,-0.11127361289442309,-0.0024029580998897924,0.09293339930279275,-0.0005989267404934061,0.08423442135550034,,
13.04943800000001,-15.632819510946167,-4.402501978085652,-106.36872115604761,-0.041279337754560004,-0.20266763687488232,-0.02182098017295756,0.0917259833205383,-0.0134337743265597,0.15445859586112723,,
13.058942000000116,-15.551122962417837,-4.223798261189076,-105.56256956026223,0.05874269407106312,-0.20109045901681769,-0.017702668396767738,0.06049326553090494,-0.015293263971078051,0.16136817172842005,,
13.068453999999974,-15.371995386427736,-4.1940217929355175,-105.04506890762558,0.12416533041241284,-0.10450607962286179,-0.035494594404434476,0.006203823814239086,-0.011408311190471247,0.10490195271676397,,
13.07795699999997,-15.134260711434285,-4.363402679578057,-105.00480847749856,0.14976457819714778,0.01528376653514128,-0.0422500333287721,-0.06289863402304928,-0.005719207272869158,0.01012881474875517,,
13.08748300000002,-14.914356934955093,-4.702844792102223,-105.45660598211704,0.12232322549181399,0.10751493737535173,0.003750275170407035,-0.11493969246157827,-0.0005988968393618041,-0.08850288102043471,,
13.096991000000116,-14.750344254778865,-5.066149634429304,-106.23679394898181,0.06656480147473746,0.16850924297559353,0.04804128415839869,-0.12914382599023694,-0.002323284996631735,-0.1548697792581098,,
13.106453999999985,-14.60310136733749,-5.525565703463286,-107.05805571319227,-0.03250259297203016,0.18208216569475996,0.08715768037045138,-0.11094194402865129,-0.004443420233120583,-0.16308514937453966,,
13.115962000000081,-14.509982878435046,-5.781821343370868,-107.62247191156203,-0.11929846529963455,0.11098499078978653,0.1089531944060064,-0.06892136425750703,-0.004956692310180518,-0.11253553586997068,,
13.125469000000066,-14.498064448006184,-5.765043289161725,-107.73167244732937,-0.15927048477703837,0.010421594372924793,0.10401572793679682,0.0,0.0,0.0,,
13.134665000000041,-14.682976759030627,-5.653436570194135,-107.33167111693574,-0.14896974981999545,-0.0805699324007383,0.043130917568726994,0.034868290370211524,-0.004368187163239074,0.07497978848719822,,
13.144547999999986,-14.806668680055182,-5.490730492785952,-106.57361562397251,-0.07955848898385025,-0.13335869456983981,0.024615705714272518,0.052997075681680855,-0.006099576518674649,0.14796629339274336,,
13.154066999999941,-14.803042002281028,-5.322651426788381,-105.72119467059484,0.015805037047010282,-0.11889116053823805,-0.0023247567697243167,0.044069388440995595,-0.00921745956642359,0.16937539140241437,,
13.163563999999951,-14.697964005697303,-5.20762215969758,-105.06478977461738,0.09125731086424624,-0.026908076565489523,-0.024846289530500405,0.012030303679741403,-0.009485763764478744,0.13196891917197442,,
13.173084000000017,-14.511847064597031,-5.204431988193488,-104.82083257201276,0.12941990922325528,0.04139268246871758,-0.00937692964236072,-0.03252057410008216,-0.010415994041951801,0.05074928177683943,,
13.182590000000118,-14.320927255813054,-5.313906392675925,-104.9919827132604,0.11562652709703763,0.11069661137508977,-0.0008433155966215377,-0.06960609443999816,-0.008808152003734549,-0.04481853804310077,,
13.192085000000134,-14.181868663234129,-5.505646010680952,-105.51755998017842,0.05079625036991615,0.14250306410354063,0.02847188489221645,-0.08877375404247825,-0.007312009939664522,-0.11952910211500774,,
13.201620000000048,-14.125514206909756,-5.729519361432149,-106.17093374158257,-0.027250677244968956,0.11833091826721624,0.05907030779983988,-0.08528539827268362,-0.007044324966402238,-0.14668773071229915,,
13.21112600000015,-14.154046171131347,-5.90332440635043,-106.70276684362082,-0.10478823946081002,0.04146262462975514,0.09280986757400844,-0.05775348981040663,-0.007773709398407874,-0.11984259185306127,,
13.220640000000003,-14.267019681976317,-5.974977689173366,-106.90601691242755,-0.1472534951197956,-0.018184453838831334,0.08141147014620131,-0.017949338465128212,-0.007127527721979293,-0.04975320608506969,,
13.229763999999932,-14.395121710630255,-5.9487645155264435,-106.69562621991166,-0.1298848309567799,-0.08451003046262799,0.06825564504749145,0.0,0.0,0.0,,
13.239659999999958,-14.48988888679936,-5.842548790044359,-106.12964929909695,-0.07058870692541963,-0.1093531811456854,0.02247955509711828,0.03488169986811669,-0.0053457289095372755,0.10995766701400979,,
13.249174000000039,-14.508776551936785,-5.673573308755662,-105.42232375144847,0.01647722939465047,-0.07720862525520451,-0.0025112383965056866,0.036262931776078124,-0.004480155629558345,0.13984661217072317,,
13.258678000000145,-14.434115463212809,-5.496674558498947,-104.8311847778675,0.09975351091719886,-0.025686211558800166,0.007312075993910949,0.018651020511574842,-0.004089714276031017,0.11840911628197859,,
13.268191999999999,-14.316224164476441,-5.3758989825713535,-104.56283053269388,0.14510115306586957,0.05048632353925883,0.010696994608410157,-0.00791006646225879,-0.0005264480912715953,0.05450680010074082,,
13.277708999999959,-14.196562871345593,-5.3474970242954,-104.70550660778129,0.13775152907015875,0.07030832256140966,0.010644419883049155,0.0,0.0,0.0,,
13.287228000000141,-14.121171084209031,-5.398577289820807,-105.20350031951163,0.09508109018156201,0.036705312130201874,0.03501489245670757,-0.035797671951103505,0.005362497241614605,-0.09980901576111657,,
13.296725000000151,-14.128508809370889,-5.4886795044900465,-105.88202470319102,0.035892532364597794,-0.04242228190405281,0.0623295036206703,-0.022374867601149515,0.010721433611198082,-0.1374832997756233,,
13.306182000000035,-14.273154003218364,-5.420325005445576,-106.52679903826562,-0.021121186650988538,-0.16339246896365503,0.11900504119485424,0.006866576308615281,0.021064174952135337,-0.13330212702440203,,
13.315692000000126,-14.531560347633558,-5.17376817540042,-106.98154672183642,-0.03882525059686644,-0.2867699840456686,0.09067696129883976,0.04778538928035266,0.03243020864956374,-0.09724908855799967,,
13.325207999999975,-14.866473194458257,-4.763733268477285,-107.1895834661175,-0.009971743221549829,-0.38128286778058124,0.07573612539747228,0.08375910635259626,0.03713971381517523,-0.0488619641321079,,
13.334716999999955,-15.256650254583215,-4.240845463539359,-107.22354238659,0.04718500049423513,-0.43976328830832195,0.03670619492633976,0.10870168222721457,0.04086091668200901,-0.01430549212094809,,
13.344231000000036,-15.673842296246608,-3.64313188098046,-107.24670134455711,0.120761378489313,-0.46001707541626013,0.019202604058138784,0.12464625334153426,0.04159822353187405,-0.011729250683343143,,
13.353722999999945,-16.093550277792232,-3.0089010633063387,-107.43718240048247,0.18369215044282325,-0.4360512034621999,0.015992134866794638,0.1318670409172971,0.039763888072337834,-0.04433515318998875,,
13.363117999999986,-16.465548221037043,-2.387323166477817,-107.90835004275547,-0.4606230840508383,-0.0996088258024967,-2.131579610257753,0.12679334557056637,0.030776824005032555,-0.09914365614156208,,
13.372540000000072,-15.7738726281286,-3.0491242213317347,-108.16588205553111,-1.039769011742792,4.041691993933756,-1.1942326480511432,-0.18327353142137762,-0.09295401885443745,-0.06071575058917254,,
13.382239000000027,-15.215371926564032,-5.117879950204053,-106.41579948649033,0.29260797468100114,0.22778263430819684,3.3629159360441956,-0.4432513770078999,0.013617627249451904,0.34678514239908126,,
13.391644000000042,-17.468403949315285,-2.584325236355197,-105.57782873202001,-1.0898597188898305,0.6012543666180761,-4.085269595429282,0.5975757355566401,0.28994148674990383,0.14310575169647424,,
13.401276000000053,-17.758358927877403,-0.0504649428455269,-105.71538599573653,0.9471143006237692,1.0784413769859063,0.6595120225930459,0.49004324195427956,-0.08379813522852327,-0.030105573695226828,,
13.410611000000017,-18.0433146134806,-1.8103274827314748,-105.7651113666108,0.21407914055592336,-0.9749827748641982,-1.1112409728085728,-0.33818440698916247,0.1477139955288403,-0.011971961191546735,,
13.420100999999931,-19.144704452822563,-3.1629487738368267,-106.5600004035186,-0.794202517701227,-2.0347943108033553,-0.3085778827117581,-0.21328507672912886,0.2844647052286683,-0.16936572669608765,,
13.429806000000099,-18.808734563473486,-3.163441145580548,-107.60496369838916,-0.22357390451826803,-1.1285281888149084,-0.25094629940688623,-0.03428168135206484,-0.06659341311692565,-0.20618701710217305,,
13.439135000000078,-18.64082707129346,-5.2317247893299745,-107.09612233677689,-0.3366774282022767,-1.0203187154831874,-0.4282136313820276,-0.42007250708810767,0.08828131688839277,0.06380471644195282,,
13.448814000000084,-18.4541173735678,-7.657499203245167,-105.48677843728501,-0.3287961883380381,-1.141651718195223,0.8830331615461079,-0.4913973411794435,0.09700026643015366,0.29427073713560253,,
13.458331000000044,-17.46517254069817,-7.879848661963769,-103.70385212569794,0.3900706160410178,0.2186906263296257,0.10067667031041824,-0.1067965808237461,-0.18222787061415227,0.3718338837724664,,
13.467840000000024,-17.001191790548408,-7.9939690657759686,-101.38930132905855,0.441717717314615,1.1421262935187302,-0.23354392377908256,-0.056369905286231536,-0.08900345064059927,0.4442758265481171,,
13.477342000000135,-16.539254434655376,-8.49926589143689,-98.9482868410061,0.2860750214427376,0.64045891121742,0.18783667329970638,-0.1297145003004512,-0.07706158710096803,0.4796931879510279,,
13.486859000000095,-15.708719652019923,-7.399529089759166,-97.27607570955736,0.5550395303912458,0.7899288365389804,0.20318979132826337,0.18110112003621723,-0.19923580849108408,0.34935611378923487,,
13.49638700000014,-15.298403222749394,-5.825593042846519,-96.28434115158032,0.16120330809060363,0.8281281051385452,-0.34154112603106324,0.2898095010206771,-0.12346214973073882,0.19627177357865452,,
13.50587500000006,-14.909972402280937,-5.318854558739983,-95.63031451417591,-0.04532203670331178,-0.1181494267057977,0.16837360221556436,0.0793643245034425,-0.09297314056453446,0.12750622459599603,,
13.51538000000005,-14.522710516979648,-4.662934451672041,-95.38560586078582,-0.07025393284111017,-0.6817568383331414,0.534865297174261,0.10987105207570276,-0.09496417744442105,0.0407484092166622,,
13.52491699999996,-14.394873999285933,-3.9269990437961595,-95.35517931301196,-0.4433119969292816,-0.5168198977556699,-0.32738136203919066,0.1308623545843596,-0.044656198198081955,-0.0028729854823289014,,
13.53440599999999,-14.297012472117904,-4.289507802584855,-95.07147630204143,-0.3898588475830571,-0.6505995898830494,-0.07515216874959456,-0.08758910190165299,-0.01847398011845172,0.04865766447534227,,
13.543930000000046,-14.428215199672007,-4.764978876744225,-94.64122783685531,-0.2767312287099401,-0.4452247242223184,0.5155794118297983,-0.10616255334072129,0.02844950267889328,0.07513391529475412,,
13.553458999999975,-14.516900947124466,-4.750784663801303,-94.20973623093316,-0.2916419092002282,0.2628322300519175,0.016380269866425642,-0.009234739529147475,0.011644171368156703,0.07848961831445529,,
13.56296599999996,-14.506292592483893,-4.972414874342695,-93.67771451623807,-0.09851607551398865,0.5946387162672294,0.06667024337795187,-0.05781369344395173,-0.00499971551346581,0.09370563391275312,,
13.57247499999994,-14.610902593477014,-5.022837429577152,-93.29468078663291,-0.07701925475655122,0.5085114244751872,0.05176550879908815,-0.022158599029567363,0.015441186113718093,0.06656023249736193,,
13.58197999999993,-14.689744416073161,-4.302532283111602,-93.24621301054212,0.060389229144489916,0.6703835899777643,0.034809698253734186,0.13161489064786389,0.001488252618642104,0.006931694950416318,,
13.591499000000113,-14.831779382480875,-3.5673966393579652,-93.33414170734402,-0.002768977371902042,0.5410004164868858,-0.1631701576844136,0.1352990908070921,0.013933109543033562,-0.021098942639231965,,
13.600996000000123,-14.845094138229138,-3.042099789791698,-93.45624557994539,0.08106929559530093,0.032508428304953964,0.16187624523058625,0.09184219885684038,-0.009481875959748379,-0.026208466313106686,,
13.610519000000068,-14.746350495192594,-2.2106627615313177,-93.67473470736408,0.07624487065851644,-0.2245890596260774,-0.0886704725472565,0.15162449461560618,-0.03591123677787063,-0.044555919444239235,,
13.620030000000042,-14.677349504181459,-1.5682102782393033,-93.84278316080041,0.005723279864099815,-0.2274075045447657,-0.358352161140588,0.11412390687682442,-0.027995582256169972,-0.03500741676412034,,
13.629572999999937,-14.523834647751631,-1.610240777851151,-93.82818208488915,0.06795554177089064,-0.4465782472729056,0.025499920416335198,0.0,0.0,0.0,,
13.639051000000109,-14.226554568407376,-1.6873995714290162,-93.77106238133746,0.09772100416236312,-0.3368289608756473,0.17179911662317304,-0.03272851675424684,-0.06416692804783289,0.011225138813291943,,
13.648594000000003,-13.815271016744916,-1.7352286535026071,-93.6336969770789,0.032085712712974036,0.04071992932997226,-0.07537050018886268,-0.028162600226095444,-0.0874013196606252,0.014150708328945097,,
13.658102000000099,-13.322839186141263,-2.0855394802071983,-93.45130323323966,0.0437167562233361,0.16384057187664353,0.13666427161284853,-0.08937347490812882,-0.09999618758462187,0.02546257563200618,,
13.667611000000079,-12.827427434573893,-2.258486974585399,-93.32834620727925,-0.014923393100530856,0.21518111371922102,0.12130018708037123,-0.05365788564924032,-0.10289949660514115,0.01419903405478561,,
13.677128000000039,-12.351990696121339,-2.038152568893109,-93.30023554501763,-0.07376656453734691,0.391124245151344,-0.026883901393802458,0.02536482179189032,-0.10348111404322043,-0.003639075636740907,,
13.686635000000024,-11.963927662067897,-1.8808373584875027,-93.30060721673816,-0.09812656593851392,0.28237938106199195,0.015144425623302987,0.013764933954021312,-0.08530899277587431,0.0001785543198198928,,
13.69613000000004,-11.702966884533597,-1.694682311420019,-93.25647622013746,-0.1264868856869443,0.011235516815223057,0.1362857352562418,0.02103369537153119,-0.06023652985765839,0.00798086004350519,,
13.705666000000065,-11.516711000757612,-1.2910257871970603,-93.17009815582536,-0.12367387072717989,-0.05266667441957316,0.0556142848503173,0.06544980705226232,-0.04771594889469493,0.01569626723700975,,
13.71519400000011,-11.421668593457296,-1.021800423006638,-92.98823634922567,-0.1046437685237717,-0.15026329952775475,0.022306564885871176,0.03966240400385433,-0.02788009099352246,0.034169586759061475,,
13.72468600000002,-11.371893815938027,-0.9465304446925167,-92.73368499538007,-0.06815042052085712,-0.2676221779410897,0.08173822825100392,0.0014239754373070736,-0.016741559289064106,0.048486993905312484,,
13.73419600000011,-11.31202131216622,-0.8321241954520284,-92.50259821008864,0.0011649707698259755,-0.15173676900836877,0.04114475317424676,0.0,0.0,0.0,,
13.74374899999998,-11.224356465914305,-0.7999357722463899,-92.343162990501,0.024632995078839245,-0.0010763192408694345,-0.004892515831832285,0.0,0.0,0.0,,
13.753273000000036,-11.05737873054984,-0.835211243270243,-92.2953915572676,0.049778504258792204,0.07455126784533148,0.0278439871849858,0.0,0.0,0.0,,
13.76278000000002,-10.82405050541595,-0.6479477426504322,-92.39780691516468,0.04600566286719995,0.15387614620576243,-0.00931845000573108,-0.01144332477680429,-0.043786097249058104,-0.022759815831865853,,
13.772288000000117,-10.555911067509099,-0.29644939279094673,-92.59401591769416,0.00905759629368174,0.1999245294028006,-0.0010354833960122233,0.01042715215140525,-0.05750459796155223,-0.04184061968335852,,
13.781805000000077,-10.25306754941512,-0.06136278566267631,-92.78336980024578,0.013081217503933377,0.08916508919064062,0.048199584354743426,0.01212747546003986,-0.0695952711843769,-0.04077412186911898,,
13.791328000000021,-9.945201104387303,0.20438435431650112,-92.89787882325598,-0.03950282119224984,0.0017914734222620305,0.05828690063324938,0.039294014745102246,-0.07860236707689051,-0.02611153628604033,,
13.800817999999936,-9.637438510586307,0.524071030366804,-92.88181226576393,-0.061317860753075173,-0.04769748732206127,0.009528461656991772,0.05822141494216737,-0.08377109386127143,-0.00038151105846019915,,
13.810338000000002,-9.338435685702258,0.7038226731381187,-92.72291937099925,-0.06033486244772696,-0.11002086309002779,0.054481464464287255,0.043116487857490685,-0.08016153112885725,0.027925770422911222,,
13.819756999999981,-9.058803538763874,0.8468240603011546,-92.49553136826962,-0.046248323473236104,-0.1192620921018017,0.08116560749422885,0.03751006714531646,-0.07266861284124752,0.041450185839252425,,
13.829369000000042,-8.813549645512879,1.076567566931071,-92.30358725422228,-0.021938205785100306,-0.032384277450014924,0.05413558125685947,0.03780802999633416,-0.06164306285659872,0.03416130433876958,,
13.838876000000027,-8.63361300490225,1.2740370744799816,-92.23216876164878,0.009904093510737694,0.032977391502152155,0.05747555352045412,0.0,0.0,0.0,,
13.848394000000098,-8.520417117463904,1.450015513852398,-92.3421950649574,0.014535127545344072,0.05795391885051217,0.08263696789397679,0.0,0.0,0.0,,
13.857901999999967,-8.47176439350732,1.725920097775707,-92.63736580458301,0.012546481448514587,0.09876229936003811,0.05664891935519913,0.021126411998737438,-0.01521901926148496,-0.06297332034160745,,
13.867387000000008,-8.472929899230245,1.9968428798999929,-92.95188747915721,0.010791213153081292,0.08020618929172312,0.04745608386961113,0.024200444055489226,-0.007086001356403125,-0.08513448246417642,,
13.876920000000155,-8.49844101464891,2.214108127340657,-93.29451280431327,0.009210182742564113,-0.0029554812522356376,0.06262626996797964,0.030193880336609098,-0.00454780181319952,-0.08608096570502605,,
13.886406000000079,-8.524601677477644,2.4744096876855295,-93.65183543069439,0.001404914314805965,-0.05052547048372685,0.028677630909233948,0.049859534676225524,-0.00859018482163148,-0.06643825256095863,,
13.895938999999998,-8.51283221986226,2.7417710698238937,-93.81982131832227,-0.005522517582948874,-0.08271277461375476,-0.0039698919627075046,0.05820461941614448,-0.01670568578933956,-0.03092630519390874,,
13.90544900000009,-8.448405731766927,2.9708368217245007,-93.78826642750789,-0.007703564167472502,-0.11634301873189518,-0.006051121924273462,0.05730621908354813,-0.025058653059470783,0.007816570951991375,,
13.91495400000008,-8.32781429559749,3.2592910638898633,-93.55636395820996,-0.005396337673298822,-0.08682750264154596,-0.004954088641927674,0.06235960112040035,-0.033542285285916504,0.03487379404106419,,
13.92445500000008,-8.154482141964296,3.6025091200992008,-93.25483507691867,0.0041150660775522195,-0.0020906378720608465,0.02944193776720536,0.05741431953680095,-0.04073461088037613,0.04289131148912976,,
13.933993999999984,-7.965842150466758,3.922944807641481,-93.0719599202723,0.009583148879672782,0.03108247413197116,0.05877809845015366,0.04258823522634901,-0.04287378916535885,0.030173444458970095,,
13.943494999999984,-7.787883972441442,4.279937143410055,-92.9349645891685,0.0081972820961942,0.07993802335327573,0.03602011660535885,0.03946576295808342,-0.04496423828896217,-3.084831261537168e-05,,
13.95301100000006,-7.63954294007941,4.686812332575825,-92.95322648822768,-0.024455009082900762,0.12559296338246898,0.014337184071014942,0.03997850149866433,-0.044328867878358345,-0.034632547252801654,,
13.962514000000056,-7.5773889578868205,5.045778359495375,-93.22301425725995,-0.06592733142058567,0.11737333917814638,0.01969123875520773,0.03221165233979777,-0.03649001390273462,-0.05930304320297437,,
13.97202900000002,-7.570760995776386,5.345353416655921,-93.52686316341034,-0.10662958210228243,0.09766823612246069,-0.026155280472041294,0.02464942160784017,-0.03441835685624783,-0.06522485274796976,,
13.981539999999995,-7.571484297542434,5.577948227809515,-93.75811786733567,-0.12336597727438078,0.09091185406338834,-0.03660753160557772,0.012645332992617837,-0.03639519876931524,-0.0505738507207597,,
13.991060999999945,-7.543597641834163,5.703653512450455,-93.83903509660992,-0.12287011070278414,0.09339696143728587,-0.05147363632051374,0.0,0.0,0.0,,
14.000571000000036,-7.42554016234185,5.715053346555967,-93.75790842877602,-0.08380433945920797,0.10232218645896643,-0.025174227467251932,-0.03545418562450405,-0.048013465599044944,0.00959158979596943,,
14.010078000000021,-7.239618779329237,5.655849697849114,-93.45995684264543,-0.03958228816280479,0.13070334190402666,0.01873458638593005,-0.0561336485731086,-0.05080776539171692,0.027180239056692635,,
14.019590999999991,-6.982028605352204,5.511981317137632,-93.2479140114226,0.008836296164672724,0.15571227070604834,0.015050425413123698,-0.07949467477048915,-0.05515824906248225,0.02507275177600121,,
14.029101000000082,-6.682297781797493,5.210704806180327,-93.24012744478108,0.00838639000447093,0.14813998305260476,0.013531332756888859,-0.10772066580156645,-0.05533590855395776,0.006556431971529525,,
14.038497000000007,-6.418960486861049,4.631608307684115,-93.36035730066955,-0.039785650924225584,-0.07118068900870983,-2.028439410746522,-0.1317500320007905,-0.05123721312163695,-0.01743432847717913,,
14.048009000000093,-7.5181018212016575,6.258411922184174,-93.86769345399571,1.341525156256032,-5.970352023372857,3.775544981401307,0.32619598739823286,0.19258622890610474,-0.06450515391193765,,
14.066951000000017,-11.034475707334476,4.343731155090916,-94.80993420777196,-2.0633142561568865,-0.4028982846964377,-5.737089073266068,-0.7865065149339636,0.28535063938739225,0.04657705781782935,,
14.076573000000053,-8.070860430541869,-0.4603201229181299,-94.31815784317155,0.8259374860885287,0.8575037411351004,3.3770280772913477,-1.0191374865673453,-0.5211164268276167,0.0650188704161862,,
14.086076000000048,-7.117458712758466,-2.2654983838506495,-94.12470393802218,0.5558854705066585,2.834769890580638,1.6444664317601732,-0.3875447436886584,-0.1699614787196199,0.018708097292399972,,
14.095397000000048,-7.137137456163302,-2.7455740638403103,-94.04862722905742,-0.9578396282055266,3.054327867696155,-2.1703665165313475,-0.10867822131257751,0.004884353889809519,0.005567334915525096,,
14.105085000000145,-5.649026731841013,-2.5166968771143683,-93.8649862550008,0.35897565215585153,2.2810195198935066,1.6070912759903053,0.012172735735674923,-0.306145175834989,0.05383113843010125,,
14.11459600000012,-5.999401413485015,0.5431001068926596,-93.87742230768944,-0.48671805601652407,0.6212671783945027,0.7152020601776398,0.6033147912480985,0.022648046206881555,0.0028774436089748635,,
14.124133000000029,-5.673494778630227,4.463866975286552,-93.69320147607942,-0.5921831986413051,0.20080216058294958,-0.0564977309696449,0.7664077514047112,-0.1227314365852211,0.039500083408009756,,
14.133636000000024,-5.010791491076277,6.303024930337012,-93.06464691240727,-0.1267228634439975,-2.027173606396459,0.41896042910504916,0.3471738200081119,-0.1591473165342566,0.11301741862365183,,
14.14295600000014,-5.320778801315552,7.68050927817723,-92.26175428600195,-0.5874330185927595,-3.2021418411553673,-0.5790338610808273,0.26580670865500766,0.043137508203747336,0.17280451623182527,,
14.15246500000012,-5.121582490633111,8.504428165142292,-91.4519777218692,-0.06622642788378014,-1.832863044626117,-0.9863310007005666,0.15105011377896027,-0.05048294039149204,0.15965256936731914,,
14.161970999999994,-5.579395224205244,6.473474416054203,-90.89444900643485,0.1291308745011011,-1.2974935136880135,-0.49003927932544233,-0.41742087347608003,0.0934564497728932,0.12608204709625428,,
14.171669000000065,-6.502245833405864,3.5831367875780145,-90.9695274275254,0.1529481472958043,-0.4004103033107252,0.6549270817278814,-0.5882758835779454,0.18814855022066898,0.026291893061965707,,
14.18118800000002,-7.204943914368539,1.8329715522450967,-91.64067197439509,0.34838336060127234,1.4438777905258042,0.36550045884504917,-0.3598425954397343,0.1428908655860163,-0.10090184614225371,,
14.190518000000111,-7.956561061140388,0.14073191721013464,-92.56728909818789,0.3242130848395491,2.260884410107301,0.08142878241240556,-0.3459760900906002,0.1571543242443556,-0.1657378726391541,,
14.200209000000086,-8.52368339879302,-1.1024375345324817,-93.51914548924799,0.2137670328240518,1.6843273520394417,0.3496177167751848,-0.2555955009193404,0.12094408441164063,-0.1789308290192077,,
14.219233000000031,-9.13410426738762,2.362094325345907,-94.82808102774095,0.10428095819973004,0.6239847293890113,0.017739745422497788,0.47397988757163884,0.02163002501314402,-0.08019820749284619,,
14.228755999999976,-9.277135278234994,4.200780041070171,-94.43284167312228,-0.05912667239464709,-0.655915321069247,-0.09903321053567098,0.3562272982386974,-0.0067777364001362,0.09000036037225735,,
14.238074000000097,-8.967743262202246,5.780273401347471,-93.3265865562844,-0.051669588453474184,-1.8259238930319066,-0.10422325522396596,0.29838085119557656,-0.08865639342581803,0.22440912720142206,,
14.24758799999995,-8.400271142170281,7.215255602640727,-91.86946394426425,0.0011773396425580937,-1.7443215238586067,-0.4442114832430055,0.2691087225213943,-0.13163074670982844,0.28139387157766976,,
14.257080999999971,-7.719419217196186,7.103451426237497,-90.42129411853017,0.00011645562011883483,-1.3112918335652335,-0.6299904926757259,-0.03781609233266344,-0.14084372054082914,0.27372777787039115,,
14.266780000000153,-7.053512071032842,5.57704976981057,-89.45362130841501,0.23650720505640047,-0.8086057831099691,0.24315416847962074,-0.3181396846593216,-0.1392343354431228,0.17465530700448043,,
14.276296000000002,-6.875573790081264,3.930992957140519,-89.36455736874763,0.11438464211919393,0.3146220372333081,0.3052961791486204,-0.341835139922415,-0.045392077053851766,0.010671612231436586,,
14.285814000000073,-6.833316071481107,2.338008505617628,-90.06854317533272,-0.06879662383147767,1.3349499790143418,0.06294322459579282,-0.33161170137259455,-0.016466594826459357,-0.1454429077055186,,
14.294947000000093,-6.747864351520539,0.8387732533300226,-91.2189927690905,-0.04669648888674543,1.4756908642388602,0.43590561101117953,-0.31317350140040817,-0.020019625268947516,-0.2346924822122494,,
14.304840000000013,-6.937448728892688,0.41233571855555434,-92.46319664776448,-0.24319571430972017,1.2276495347282679,0.29687839790241716,-0.09699107125475252,0.03466300446400358,-0.25248517258910486,,
14.314352999999983,-7.277403402181455,1.2849896722061382,-93.29356019244146,-0.32338531713875146,0.806995319047099,0.20794134253643096,0.1650526143335461,0.05343379658282815,-0.16904351188401162,,
14.323859000000084,-7.831206513165126,2.5424067140925013,-93.26343474150383,-0.32343030880547036,0.012153835059377277,0.14138288463495688,0.24487108742329272,0.09041419423391168,0.01987134846841761,,
14.33336200000008,-8.363294267938265,3.714012429486487,-92.12335971349306,-0.3475419504388099,-0.9368372614453941,-0.015554992343654532,0.2265869892625862,0.08920729972709507,0.24767197329351384,,
14.342875999999933,-8.429940345234055,4.796721499883327,-90.08418483757733,0.0027822193062686826,-1.3728041644164726,-0.08270063833768199,0.20440264823573495,0.0026669130818633125,0.4266905212754906,,
14.352202000000034,-8.418469179264276,5.32584587647986,-87.67370589617512,0.1432762670161697,-1.2090905398096445,-0.44167271093078836,0.09357997951800003,-0.007099049977062247,0.5072575860234395,,
14.361929000000146,-8.40284602476282,4.859039518882753,-85.43926676430819,0.227705650573097,-0.7466069548509378,-0.3403484476057666,-0.1053245998308791,-0.015897630153119402,0.4669662554391835,,
14.371438000000126,-8.393786143692152,3.6666786164319816,-83.94765374616314,0.34422813696342924,-0.10531977303770527,0.08234274937654125,-0.24961495404735268,-0.03142046414644401,0.3081258975032536,,
14.380931000000146,-8.536238025708599,2.30405653296234,-83.55324335786123,0.21007046876504099,0.65020039032995,0.018122986034194637,-0.28629908082846334,-0.009154904842836513,0.08332339140623318,,
14.390446999999995,-8.599797171561265,0.9556632183592653,-84.1601650279935,0.055341270827623676,1.1125779395397708,0.03273513391429255,-0.28184389520666614,-0.02405753030796359,-0.12465490253879229,,
14.399941000000126,-8.445238747234395,-0.10954689579476842,-85.42599672071428,-0.013230633766405592,1.076425523677418,0.2560664452360469,-0.22176938516106356,-0.057797490599925484,-0.2570824501206746,,
14.409464999999955,-8.207533672588976,-0.3592495160193146,-86.88087066410519,-0.14343896658068012,0.7585482850045663,0.21076365605603808,-0.0589710030060437,-0.058168723845575025,-0.29452678374176416,,
14.418969000000061,-7.972602439619688,0.16753203016644727,-87.987987218672,-0.2660724109680131,0.2794819358393611,0.08507716644642331,0.09512935898521478,-0.04932500054692544,-0.22511448711788723,,
14.428397000000132,-7.77292329173175,0.9485681446868615,-88.27525955384331,-0.2968484688940869,-0.3749005395437853,-0.013542316210859443,0.14524200848204075,-0.041798457337045854,-0.06156433513028094,,
14.437975000000051,-7.539419435181173,1.7655224470862485,-87.6113159927298,-0.21217305377603424,-0.9127817221335928,0.034334399952671964,0.1528712572495554,-0.04786826538192729,0.12801922203434604,,
14.447495000000117,-7.204210385131786,2.459702843269282,-86.2125190957905,-0.0502724148029928,-1.0313707351108583,-0.06681811960677267,0.13030627490911503,-0.06676912340818181,0.2736323719458426,,
14.457016000000067,-6.884358017615173,2.6354645602055435,-84.53006085246413,0.09363798453482805,-0.7966291257822623,-0.11366597562912556,0.02833470282127126,-0.06854922361797264,0.32996766728978316,,
14.466556000000082,-6.708385495871661,2.1833187949640256,-83.18660692156821,0.1681638172063969,-0.3767174165569446,-0.029415006206507624,-0.09803105231529445,-0.05255504240939382,0.27685731653678375,,
14.476053000000093,-6.704888732428845,1.409067002734957,-82.57487260481653,0.18191989900019787,0.19478193608022093,0.10064652222289225,-0.1654396106170168,-0.027909817203774345,0.13134070869031306,,
14.485548999999992,-6.844172998708474,0.5464667392404222,-82.85878185307617,0.09802985587020677,0.6526415727262249,0.04978722469357763,-0.18657816557348716,-0.0022290805042539576,-0.04866790247820836,,
14.495043000000123,-6.9678831847520275,-0.19822465650623428,-83.860957731261,0.02700582545425423,0.8022986703569188,0.08548667831891127,-0.16281925513646817,-0.0005068677428701761,-0.19609799460120902,,
14.504577000000154,-7.0268791553184835,-0.5397968354757501,-85.22480870902197,-0.014888619257102269,0.7099141157851285,0.1478296245901358,-0.08120538379090456,-0.0023883450494356097,-0.2704804449416865,,
14.514083000000028,-7.080953509897023,-0.3760955842034289,-86.49808499374227,-0.09583986310179846,0.36868817656243874,0.12047753434945346,0.019779090613499226,0.005782848016700286,-0.2586906986390714,,
14.523615999999947,-7.111926514848408,0.1760893577362284,-87.27077419508088,-0.13804395895423843,-0.08458438184738781,0.05735550260097509,0.09785368102289256,0.0050187947479691415,-0.1584383971170663,,
14.533118999999942,-7.114050463371686,0.8663547647189408,-87.24144874517107,-0.12066428466816591,-0.515603686975424,0.010441147558806462,0.12582537643799832,-0.00010528112219390933,0.0020794278388634423,,
14.542621000000054,-7.0105598922981,1.5094807260791274,-86.40153735238817,-0.036559735613546536,-0.7485375479685129,-0.05320108250599489,0.11761525134982743,-0.02083324079433654,0.1638414371254901,,
14.552147000000105,-6.796959659336854,1.9138776867064606,-85.02740516858647,0.08465760538208318,-0.6757947191977018,-0.0890654299528648,0.07199959395972372,-0.0441344641884172,0.2698653497858983,,
14.56166600000006,-6.589852615107634,1.9060373499564074,-83.6382596264556,0.1577204756667715,-0.38165276280191474,-0.06698604505013984,-0.0092675980455984,-0.04924183028083286,0.28606313054428845,,
14.57116700000006,-6.465503086080172,1.531405142301076,-82.64624267364661,0.16736251269263736,0.02099483899430298,0.022422195751100892,-0.0831724285923149,-0.041693878696443545,0.2063094551128041,,
14.580674000000045,-6.440613822707221,0.9981612402273193,-82.35128231016022,0.11366928592086831,0.386485899615037,0.055209840835227036,-0.11681962203820169,-0.02700248568592132,0.06236212174258199,,
14.590179000000035,-6.481701670939145,0.47104236192162835,-82.71290657981808,0.025739968858574352,0.5876432926922633,0.08401345188569498,-0.11736418125778363,-0.01373500426791689,-0.08874370882452588,,
14.599681000000146,-6.540281070066795,0.1243907622181035,-83.5979961060784,-0.04558011966603944,0.5566097963825752,0.14747026341695813,-0.08207069374775584,-0.004625725106827716,-0.19535767489015488,,
14.60921200000007,-6.638557747377336,0.09196952854058447,-84.70932810817993,-0.12331801848740609,0.35307423920090697,0.14549019267553456,-0.020350219087310138,0.01119145000130399,-0.22629958089187024,,
14.618636000000151,-6.784642673435505,0.3513581895271933,-85.57452518341842,-0.17525956738489798,0.011280139604729292,0.09318912505916845,0.03727963792944281,0.026022762672247172,-0.17693221591796085,,
14.628232000000025,-6.976029193121188,0.7919128959255394,-85.85073109254398,-0.16997490997768328,-0.3387961508403625,0.0471220943629188,0.07306281102464243,0.03737548171499395,-0.058742549312960725,,
14.637748000000101,-7.1843381552672625,1.289627483242741,-85.39603448113424,-0.0957974857416894,-0.5637156836766265,0.005268245452289266,0.08418630825659754,0.04169276919628999,0.08796881300405382,,
14.647244,-7.369519131072005,1.729599985540591,-84.41033404853627,0.030496799974703104,-0.5856796809183524,-0.014236753330068127,0.07259300676786941,0.03701476275585643,0.21042821248295732,,
14.656754000000092,-7.553389443059026,2.022527734534828,-83.18011231995824,0.15224912786983366,-0.4142063659823476,-0.028694186667160344,0.042621522277112335,0.034957211732989574,0.2665331395676394,,
14.666273000000047,-7.787586339250515,2.148329357072816,-82.08959129840471,0.2257614988611058,-0.13489280745625,-0.03424026944966889,0.0073916602979188905,0.04156197297258879,0.23763403936178393,,
14.675815000000057,-8.11200593090014,2.183522529617437,-81.4633253887925,0.24637243701797626,0.13428495379424943,-0.03392725492289089,-0.013838642904446403,0.05700352721104633,0.1356282290252702,,
14.685322000000042,-8.54846591008906,2.22912633003745,-81.50396076968292,0.2339896405953903,0.2669114238527409,0.031467838062505735,-0.01545011058350498,0.07947862159306025,0.0011191211881572364,,
14.694842999999992,-9.032931669945715,2.3953462081607984,-82.13855559790652,0.14973012164233396,0.2472086612921127,0.04520692421553242,0.007507323415098184,0.09256223936389425,-0.11768460008857809,,
14.704318999999941,-9.437369352323751,2.689490594837663,-83.02977790838841,-0.1804493925892619,0.17306463885924697,-0.7607864524201676,0.03614157200429952,0.07991001673541719,-0.17834655341832584,,
14.713707000000113,-8.500102718059056,2.697753457043631,-83.71336649793757,-1.525354935667863,0.7947609536369918,-3.804158655727314,0.01140641855093058,-0.1938795620754994,-0.14939763521191524,,
14.723310000000083,-6.282961977775671,0.8839712811272592,-83.4455370204703,-0.03655549938719636,1.40193716198415,6.187691449156171,-0.3224331535371614,-0.49007938508647814,0.006202576679912259,,
14.732731000000058,-7.19825966434984,-0.07590773758155438,-83.01755516850127,-0.7349222009008877,-1.003426801867058,-2.243670579982923,-0.22423554756276926,0.15130420310234055,0.0832970644203842,,
14.742238000000043,-6.981855616924511,1.8885434521657782,-82.72258022382047,0.05156725139616225,0.2625535217570861,-1.3708981663977036,0.3841694873743683,-0.0024655119158191233,0.07038081691013495,,
14.751858999999968,-7.872593768323693,2.9907917095345713,-82.55059065479648,0.30277632408645827,0.3026220957997914,-0.544243824018949,0.18456604069560445,0.19694311529146458,0.05523002021978183,,
14.761375000000044,-9.285529631608938,2.7528931861743753,-82.6607822529174,0.31505394330088105,-0.8747619870426281,0.398507342050565,-0.09515053010571768,0.2662458471442107,0.011538364644342972,,
14.770890000000009,-10.158141358396124,3.066699876334551,-83.2100488069373,0.8344209886114058,-0.7700879046351582,1.2216713227838052,0.029136289308505037,0.1730357765806383,-0.0871335459844325,,
14.780394999999999,-11.36966398152038,3.254994515261301,-84.0622147715374,0.26299623108472453,-0.3938187228782762,-0.5961370353027653,-0.0013050838213968473,0.23725095109841807,-0.1462917852622641,,
14.789924000000156,-12.10537903519431,2.3623715672390673,-84.77198744800783,0.22808419750990558,-0.43102229968300776,0.004363198738374711,-0.20444532663030904,0.1214994733050854,-0.13279375786882042,,
14.799428000000034,-12.252245437050387,1.553851952394195,-85.26252941411522,0.12150836944286002,-0.2596301775802027,-0.36925200160136207,-0.17617038259553855,0.00764674791760057,-0.09996384630217403,,
14.808925999999929,-12.245248736585461,1.4032306819155418,-85.4400650169005,-0.08519949594559355,0.40850029779657177,-0.4736949886242555,-0.04226326911101754,-0.011386760228813119,-0.03831102561838451,,
14.818457999999964,-12.030378048741927,1.0668209542486828,-85.05018839510272,-0.1237520334202703,0.5137871584478011,-0.09909241497643198,-0.07583997533306497,-0.05610988246146729,0.0743949809812334,,
14.837449000000106,-10.926745925830875,2.0241404562894183,-83.46237965020862,0.08030242692263492,0.4311696744139755,0.39462163584351095,0.18638161681025972,-0.11162186838497343,0.1584835077219952,,
14.846992,-10.600749871434385,3.0358938470753998,-82.7138073947027,-0.12245407435102923,0.2565701342928433,0.030987806033602554,0.19715520482692822,-0.04838443141760209,0.14373245203304297,,
14.856103000000076,-10.223121821853248,3.7217544364045625,-82.17984026717782,-0.07097634688975035,-0.2639262048256179,0.11916588638666147,0.13432427880850525,-0.06487022657819479,0.09902401699660114,,
14.866013000000066,-9.981032179887164,4.463639979149344,-82.06288659445512,-0.03542176331182543,-0.46376979512064015,0.027243962868658964,0.1420696897632902,-0.03559069591865173,0.01638842017108513,,
14.875510000000077,-10.082009956152275,4.868353334990248,-82.35084411127119,-0.21130438145728986,-0.3861948261624746,-0.29268818962323273,0.06578028649797261,0.022996014456640134,-0.059604856348447255,,
14.885021999999935,-10.297305079200932,4.547493828175035,-82.89445833877718,-0.14395932077792112,-0.43317413302544927,0.05935629483881551,-0.08114005727834857,0.02648776628817154,-0.10882138127658415,,
14.894537000000128,-10.715567364430617,4.056159910373537,-83.588042427914,-0.1721092393078785,-0.24942947528118006,0.19908666798118418,-0.11955772180057479,0.0636036739109232,-0.1359591272285822,,
14.904060000000072,-11.191650732470288,3.6592106628205525,-84.25191242508843,-0.23805663354417086,0.16665989158305197,0.05577952447962446,-0.10124365014753328,0.07851959294274741,-0.12972622958941185,,
14.913467999999966,-11.620642516725349,3.2186984720199674,-84.68829919001325,-0.18950832816997093,0.33871602404624646,0.09977902190135131,-0.10827379292567758,0.06926438329071725,-0.08529525986567428,,
14.923078000000032,-11.976666037253477,3.0704000598007384,-84.86606556606122,-0.14097069304909846,0.35435782693374707,0.04269900392660726,-0.04828859092436882,0.060623228690389934,-0.034656322532714716,,
14.932594000000108,-12.201173915920833,3.4397358198458794,-84.80679109556878,-0.08332356910020777,0.369684562198726,-0.06109428753522075,0.05740574928518043,0.043794108632753175,0.011461605944165499,,
14.942135000000007,-12.26793257727472,3.9869481797314794,-84.49640692725757,-0.0018684228065263206,0.21103721768702297,-0.05843553475214892,0.09568623483822107,0.015885822318486974,0.06000770429167776,,
14.951641999999993,-12.129314365479477,4.522961950655752,-84.01241866509865,0.08359475099161273,-0.07930794478093717,-0.023069404459389067,0.0974613043191936,-0.02448910917661714,0.09175027782921624,,
14.961150999999973,-11.78192541089886,5.0601707304578545,-83.50396333702169,0.10819055877947269,-0.2089469362205588,-0.1304330071395819,0.10244915061681156,-0.06498659051950081,0.09275986051019325,,
14.970629000000145,-11.279522033332004,5.3114011394695675,-83.01308285703126,0.0742984673967672,-0.2211635241143554,-0.21575625272730295,0.04981792169447264,-0.10142281732102404,0.07433247958717755,,
14.980156999999963,-10.633161255207822,5.109626961584562,-82.65994328231601,0.003052089959561038,-0.21325520234624748,-0.14845660944519418,-0.03581576242079833,-0.14088604761227008,0.03951366683971628,,
14.989685000000009,-9.889717884310315,4.662409450599696,-82.51961867592098,-0.04236997137635267,-0.04586285413536161,-0.021215604284034545,-0.08137922998665069,-0.1666891698203734,-0.008002350812400328,,
14.999205000000075,-9.12766723424405,4.07422011847404,-82.59513164010605,-0.16212322643370305,0.18343595102275853,0.0365336123472901,-0.10876487625374358,-0.1741980925260412,-0.04808168246618146,,
15.008681000000024,-8.347345137915134,3.401457997344234,-82.79650323604157,-0.23681055826407338,0.28662426795122814,0.15989004773892324,-0.12549454660303577,-0.17983473321933974,-0.0676422929617861,,
15.01820100000009,-7.601396163407612,2.8896559480764386,-83.014947154711,-0.2796435327874705,0.3100004594360326,0.22574211460694207,-0.09498186948139656,-0.16865169222512852,-0.06533829838925606,,
15.027680000000146,-6.9304922511079265,2.643964510356601,-83.09674765338409,-0.30741505299458766,0.2816408429855631,0.1317731239110829,-0.04423784195059654,-0.14711012687743558,-0.04293710854895872,,
15.037203999999974,-6.717685582585367,2.687969808146536,-83.0294535281887,1.3984621378943678,-0.8579703358768584,0.4679974661140277,0.0,0.0,0.0,,
15.046722000000045,-10.702962669170706,5.419339645901789,-83.30170042339692,1.1143321133580364,-2.745875312744728,3.9085879732598956,0.43746290516587866,0.8473875543002691,0.030543240898701286,,
15.05611500000009,-11.460938391171098,4.9043473459892315,-82.50311259703214,-1.3354845255888828,-0.33542061098106146,-5.882485703178887,-0.1327587222444291,0.12952389316723834,0.20435544945269596,,
15.065728000000036,-10.245481976586682,2.381938546503242,-80.71614389854567,0.8094374278855785,-0.36869493207201737,0.23642921933861633,-0.4758554477686124,-0.3227501013098124,0.3301298124974712,,
15.075240000000122,-10.593428585481393,1.5536423721212467,-79.23102731416922,0.4443184854515733,0.08788585634246754,2.8189897558253088,-0.18690067690540593,0.0308110345866454,0.2843955908912537,,
15.084575000000086,-9.916854483825805,1.8590316264338065,-78.25382932914532,-0.8218789645915149,2.936010564926415,-2.3242834418091105,0.07525947902428781,-0.12987905092945357,0.1883372605495495,,
15.094264000000067,-9.027596861459124,0.30120646409593416,-77.67369135173021,0.5409622613182774,1.1360302168063672,1.2654232294350287,-0.2790519897228846,-0.24840276745273893,0.10945979117272968,,
15.103782000000137,-9.133134756244933,0.8556503648722981,-78.099334061527,-0.38090912860685483,1.015080210696499,0.0422793188904373,0.09303007194117632,0.03503251190384073,-0.10963753618400786,,
15.113283000000138,-8.269389807361366,3.310672839325452,-79.3060543285851,-0.15733030242272053,1.0108401184291815,-0.005406469021987402,0.5049498609443558,-0.08128132809439743,-0.2777783548420715,,
15.122794000000113,-8.015979450618758,4.319010104791578,-80.73519692448853,0.08365967401272359,-0.35936618483093596,0.1481702439214959,0.19627134644527527,-0.023011525221983457,-0.31050856921871195,,
15.132324000000153,-8.36125215003468,4.670250230681149,-81.98797404289392,-0.31973742608773514,-1.66735489496541,0.0011185362285126615,0.04753908287422777,0.07072920292109479,-0.25425196274727524,,
15.141841000000113,-8.192642216641397,5.7785234216425225,-82.73246393305105,0.04000697342343658,-1.802798516136159,0.3168264282452912,0.21273907619953897,-0.01160359710579319,-0.15624701727183046,,
15.151164999999992,-8.45354904090317,5.8454763033794706,-82.67115153856832,-0.29822863835946256,-1.103640173813696,-0.8046335473760773,0.0,0.0,0.0,,
15.160855999999967,-8.540619235935665,4.453757634084374,-81.8879106374855,-0.09071659647136188,-0.9428891172889551,0.12059016112508991,-0.2902482235813375,-0.028283151826959823,0.15448629882035286,,
15.170364000000063,-8.704959831812177,3.542335714463182,-80.97661991692118,0.1247370440516264,-0.017375845606269036,0.5932422284822731,-0.19696145251591715,-0.0030213549410883097,0.18099713556482988,,
15.179879000000028,-9.200150332620716,3.049551476585182,-80.37368880811184,-0.20630617347838226,1.3223885218122835,-0.20209500933399827,-0.12491952532198637,0.0732633242369705,0.1228326074910802,,
15.189384000000018,-9.514553883159097,2.146045320598298,-80.25743827990672,0.02117710929305558,1.3126118009171972,0.3185219449525776,-0.20043558260744207,0.023026234920553786,0.022704178534008756,,
15.198873999999932,-9.878762203769716,2.103620839844822,-80.8667158871183,0.11400473066180787,1.102192674813515,0.3835620607463856,-0.03188928859579111,0.0620905584187648,-0.12262497939537514,,
15.20840300000009,-10.260051819092691,3.1471697928311375,-82.09533118649338,-0.011608004749502474,1.0162400336316115,0.032181905327961995,0.18367603736446297,0.09828876599837283,-0.24585244224718664,,
15.217938000000004,-10.51844197353805,3.943941306520855,-83.4704211238347,0.07731752964325414,0.2345500327631861,-0.0739212682837574,0.13989252981913178,0.06349347512440294,-0.27551544660840693,,
15.227435000000014,-10.88256287321193,4.412807426455497,-84.60069239738415,0.07580441996684491,-0.8020304479994544,-0.062169061276169564,0.07372074698054394,0.07455809448218499,-0.22435732073936032,,
15.23693800000001,-11.176744318264499,5.0427377592724545,-85.2033649156573,-0.0010803582390134995,-1.1648983761426779,-0.25741401159352245,0.1082271615422269,0.06231653943218784,-0.11917737780733988,,
15.245898000000125,-11.241527890986228,5.1572253876324545,-85.02982186260735,0.04771951994385994,-1.14463126577986,-0.36409865038538713,0.0,0.0,0.0,,
15.25595700000008,-11.205951432468256,4.4852350028333285,-84.16659022821774,0.09567049400297106,-0.9364270093884617,-0.0738379605412332,-0.1454620684715864,-0.027375488446407772,0.16893065258920514,,
15.265493000000106,-11.080429894118724,3.666953140531275,-83.02221744261155,0.10290413752817291,-0.3168134553073285,0.015473103337991135,-0.17204983511381383,-0.051128188119759534,0.2240919233371552,,
15.274981000000025,-11.0282760519097,2.8616756066221583,-82.00597945056545,0.05282394137229028,0.5258391326876245,0.063014783851228,-0.17037841408947343,-0.03953091360563661,0.19971078919612387,,
15.284499000000096,-11.058132808459641,1.9705280717526898,-81.39527067509981,-0.036282940326441825,0.8611792731494659,0.12876332089567635,-0.18920281966055996,-0.028203119746418422,0.1194642309395291,,
15.294006999999965,-11.003837111900932,1.5435681904119953,-81.36871509213688,-0.05635290785423772,0.910047632846895,0.28786956457409757,-0.09461514107113568,-0.03194028292407826,0.001959805306595414,,
15.30351399999995,-10.877998539029221,1.7977709149912136,-81.89842608436055,-0.1429751721590127,0.808929091619569,0.09528280659690917,0.04229207193342364,-0.025772301538667376,-0.10987020153183355,,
15.313038000000006,-10.736403033008873,2.313557951369007,-82.724167548793,-0.1838075229888558,0.3326879146525467,0.04087707985741505,0.09431948964038979,-0.02232144664948571,-0.16951093472649406,,
15.322534000000132,-10.62132812754367,2.924005296515965,-83.5306884579596,-0.15859726862990212,-0.3358583142692891,0.117799047796199,0.11218324335876402,-0.01608090940537847,-0.16579109523960586,,
15.332042000000001,-10.58964465381288,3.6020711598693222,-84.04222043818422,-0.14462001986429107,-0.7512637180110663,0.05153815517024845,0.12366119733763466,0.000696666099995773,-0.10611763447040058,,
15.341562999999951,-10.624942429493126,3.9813301519806137,-84.0671188900065,-0.12437721644676723,-0.9063452384870339,-0.1213324964860284,0.06276515347890457,0.007209043287307298,-0.007891713052129861,,
15.351073000000042,-10.678084954790364,3.896053295211812,-83.62462342013718,-0.03293008643508871,-0.7991940803217537,-0.07518893374126091,-0.030135180771817014,0.0009535235917640489,0.08597351140584397,,
15.360511000000088,-10.784767610441836,3.5153565341658948,-82.94330676309421,0.044951022086866514,-0.36312589511268445,-0.022477689377443568,-0.09015370215373122,0.004320765668051003,0.13450462582161482,,
15.370116000000053,-10.975464331147965,2.9385643102054413,-82.31825434555367,0.10117946292203553,0.19810715066892384,0.059920483027454084,-0.13131601775500895,0.014897429371887483,0.12411445227204856,,
15.379601999999977,-11.241417963816993,2.293977366909796,-82.00120742934335,0.0981892531299416,0.590127687820206,0.09587848449600259,-0.1469678382572654,0.02689464336200864,0.06285459573907007,,
15.389114999999947,-11.476533720756942,1.8654825551579435,-82.10904207920531,0.07625978281684442,0.7590836221230985,0.08622873511163963,-0.1033279384535606,0.02653334364177835,-0.022838265830603457,,
15.398625000000038,-11.621065652325926,1.783096933804702,-82.58326346566626,0.07007530832980254,0.6753771320577219,0.07074410179606345,-0.0320930206400565,0.018356598301793307,-0.09694094868967039,,
15.408157000000074,-11.710033083316643,2.0155272855465105,-83.22867456621407,0.04529974075575532,0.33313492326574407,0.03973105517679746,0.032024456939030665,0.015445467137314345,-0.1315496262686655,,
15.417675000000145,-11.722807643074946,2.485470462076914,-83.78107594005093,0.013145680704805585,-0.12063692757738892,-0.005267469719466237,0.08118131153721217,0.005349191209568115,-0.11346127238179898,,
15.427161999999953,-11.615244575272605,3.014171231514126,-83.98483176295349,-0.014729988672069563,-0.5093669897008009,-0.012590136688747826,0.09550187270995142,-0.017879876695197083,-0.04487127038365714,,
15.436668000000054,-11.3995470787446,3.406974324513466,-83.71316791970371,-0.030843420256716013,-0.7112124780037827,-0.06293309456459172,0.07079567482205074,-0.042256148470313046,0.04884015097731411,,
15.446204999999964,-11.07685471287899,3.56153776598846,-83.0375729001588,-0.022673272327815314,-0.6443204270705464,-0.07001494878087461,0.026241628472859973,-0.06843798532040272,0.12811479391166952,,
15.455705999999964,-10.732307892886016,3.4311732193978015,-82.19140401894215,-0.00944731665058848,-0.3348908248772659,-0.009399390087943818,-0.02886263823396464,-0.07977013058704757,0.16192475069450307,,
15.465220999999929,-10.470361521114864,3.0545652070391425,-81.48116165715531,-0.025663596800154835,0.05744805204816911,0.056966098566208684,-0.07893519442381519,-0.07082821698861895,0.1359296723605443,,
15.474713999999949,-10.315806829545481,2.6136405954617055,-81.17235778321408,-0.042478802019391367,0.3982718914537368,0.12355105376153404,-0.09428531735230852,-0.05223288286306644,0.057002397552299904,,
15.484238000000005,-10.283480960454842,2.282220782387997,-81.37176682821153,-0.07004636125235676,0.5834893304886027,0.12425927291404731,-0.07628953387845794,-0.024793649126245876,-0.043472100148739194,,
15.493732000000136,-10.327967593905452,2.1480130484435644,-81.99620131537762,-0.10557885476479724,0.5325648553860971,0.13183771197553604,-0.03962670182615968,-0.0032845900046683486,-0.1279252209184341,,
15.50324599999999,-10.429982610898124,2.2572446192805287,-82.82299607177826,-0.10099181885431137,0.2920543192530854,0.13130218723622594,0.007132524458622935,0.015097693405005056,-0.16798841305125173,,
15.512781000000132,-10.58662223708899,2.5700566866505867,-83.5636988472403,-0.10179531893310625,-0.014271328243931217,0.06171785261257667,0.04652906032442112,0.030689429931968562,-0.1502107571291461,,
15.522292000000107,-10.746270623935745,2.95194421866079,-83.95620963219484,-0.058647226200554334,-0.34655655233199717,0.0005646384451929074,0.060527495147957806,0.032304405038682975,-0.08028149546632088,,
15.531795999999986,-10.876299674387603,3.2748270635346564,-83.86923282682824,0.007316416568201028,-0.5298357794714603,-0.06626541223961187,0.04950636645858499,0.024955515120488218,0.01559127903826323,,
15.54131499999994,-10.964035024137653,3.462714228080024,-83.35210293193525,0.09154099282775575,-0.5171872239171964,-0.07986523097593132,0.023460108496291175,0.013761617228084862,0.1013332652438737,,
15.550844000000097,-11.01030775102734,3.4796965769665325,-82.60483131966387,0.1658113011703579,-0.3254819357245999,-0.04481068972616747,-0.009646509907328045,0.001581903251675211,0.14695095682356793,,
15.560368000000153,-11.042038301566489,3.3395589179141973,-81.90152534597718,0.20806215047968843,-0.04761841729460548,0.004003306725305329,-0.04046182813172253,-0.0056673339532440125,0.1379839072942563,,
15.569880000000012,-11.098215005885091,3.139966843671695,-81.48800000361695,0.21095330051731584,0.1936173153915869,0.04719059625022449,-0.05291175894897687,-0.002926454319126907,0.08025515705604916,,
15.579355000000078,-11.21759442570682,3.0238538124506658,-81.48657913086352,0.19729509162124875,0.30499258885156644,0.10532300327079461,0.0,0.0,0.0,,
15.588848999999982,-11.451619845473472,3.1120934183419027,-81.85003319299021,0.21374540551264187,0.21404671380594223,0.24856790127376086,-0.0010772645199677324,0.04067245988056255,-0.07335979412044846,,
15.598359000000073,-11.858585660776658,3.4885535182335587,-82.38431222265386,0.22180580006954015,-0.06171510668868839,0.2525942663936587,0.05165663819560527,0.08287288907873877,-0.10532781624158745,,
15.607872000000043,-12.408985027987816,4.112977869243582,-82.8045596732897,0.2737499088859553,-0.42422660393562245,0.26393721408106363,0.09788820612330808,0.11723543831282653,-0.07982173157910401,,
15.626903000000084,-13.578168220085214,5.602318174875361,-82.3906674245078,0.3632251390917673,-0.8897815458464086,-0.2719986632332164,0.12450281262259046,0.12626094356094422,0.09867284312942144,,
15.636306000000104,-13.275236100706062,5.969212634739691,-81.41413302757182,-1.7398070542562742,0.912508476294632,-3.857185747351179,0.06941736180924203,-0.05759617392852811,0.1864105662802224,,
15.64591100000007,-10.155568263864549,2.340598100567618,-79.25971588189431,0.3587477718077134,1.7864831178545806,2.317701157817162,-0.6218100030536032,-0.7463156190893881,0.3422234253270324,,
15.65542900000014,-8.535719561467086,-0.3685028687273895,-77.8844301038251,0.2606750969900493,0.6257158105805711,1.8075319145321986,-0.47785144893013276,-0.4354950822336289,0.2261864271643995,,
15.66483100000005,-7.469184588670742,1.458889385956363,-78.10140707274267,-0.976213734256771,1.5361656023462413,-3.01425842651607,0.3915450007862591,-0.1415465084846226,-0.06289061101275725,,
15.674443999999994,-6.15777159632513,2.850231862596231,-79.10637358400477,-0.01132578013642511,1.7950009630760875,2.307724909898518,0.3141425360977887,-0.21066831148147,-0.23347039615935372,,
15.683960999999954,-6.408526688043755,2.2782349213777975,-80.56431771800386,-0.21257881839204693,-1.3811693189291625,0.4469936938746763,-0.1329582156828277,0.02065081297828221,-0.3125543394236299,,
15.693296000000146,-6.4220864270713545,3.337302979831401,-81.94624306082362,-0.38809407273303936,-1.8282658678772639,-0.28812122716584515,0.19772018350327022,0.0270610220072848,-0.3025695010414337,,
15.70296899999994,-6.320005552373742,4.274507054691192,-82.63939707757713,-0.043494728390180114,-1.5008399416504805,0.1602331205697926,0.17714842304931389,-0.0028047781758380767,-0.1560655143831175,,
15.712310000000116,-6.866893198684042,2.8633159100984105,-82.21935583984788,-0.2514137002945608,-2.065551840912676,-0.47462561864030894,-0.3062222654079287,0.06300814248595801,0.08065636141698336,,
15.722005000000081,-7.063528450162583,1.5318946787856207,-80.93600765744837,0.19245152967576543,-1.2007055650724618,0.6693774045514832,-0.28100374544827544,-0.008533696444569291,0.25456215854323383,,
15.731523000000152,-7.736502642349818,0.7979033873407476,-79.34748948694903,0.153367176708943,0.3377525982110366,0.0672149776950512,-0.17907767679512726,0.09894771343460097,0.332518411307555,,
15.741044000000102,-8.729623721851006,-0.5352566696435349,-77.85463630068989,-0.09245141289619854,1.0837793191325682,-0.3520641649673682,-0.31193302901213676,0.13346936550867797,0.3264564059256459,,
15.750543000000107,-9.30929235312935,-1.4777381285582627,-76.80100577405072,0.2189236373416289,1.328258483119908,0.4501502726359649,-0.2204580851101593,0.06263950917578211,0.2287779511507349,,
15.760044999999991,-9.810012803181458,-0.9431967013456478,-76.5279933242383,0.13757601501801375,1.478144503424359,-0.005238163553995738,0.070254382326276,0.1127867650553127,0.05918382230446372,,
15.769561000000067,-10.116857578163364,0.10111423667400737,-76.94055575629594,0.024564049989187854,1.149530204086962,-0.2517857389487306,0.17858091021961173,0.09846677772790953,-0.08119702186973252,,
15.779068000000052,-10.074499803529207,1.0501345153720567,-77.68375234117623,0.2910489819024588,0.06011678436136792,0.18274112730546094,0.17624645299300132,0.024409226718667815,-0.1587243354736986,,
15.788586000000123,-10.012013692491825,2.3166972841254516,-78.47945823205475,0.2703481927728361,-0.7886006222616664,-0.002229503963607902,0.23960211974958057,0.03137127249104528,-0.1735381387505822,,
15.797917999999981,-9.855238510260838,3.2836412992238304,-78.92485858211448,0.12931993941880887,-1.1706330237588072,-0.38174976990241455,0.1848021394967512,-0.001563326004989816,-0.09417654425965614,,
15.807620000000043,-9.483789450700636,3.3587604635282644,-78.69477418350567,0.15603867874104702,-1.3846871376781078,-0.15740385765206458,0.017943943393117483,-0.07872658104996061,0.03820012265455205,,
15.817121000000043,-8.957391200447653,2.9565155553687257,-77.91014484797991,0.06840223116763096,-0.9809093499547401,-0.057332085531196314,-0.06863860866280212,-0.12837494148186177,0.1476635624119551,,
15.836133000000018,-8.107942064364257,1.2632077290964439,-76.0010441586012,-0.1361464003792175,0.633106378522195,0.16205371439799934,-0.19311090099840775,-0.10349929522450305,0.16948115736959293,,
15.845663000000059,-7.955640214659906,0.5007895717817973,-75.67409072042062,-0.2514305789764663,1.0798441180603795,0.17843420587827738,-0.15123777922683537,-0.07644275141237694,0.06141284627891052,,
15.855162000000064,-7.911097110379341,0.367452649954481,-75.99873929525373,-0.26037089531774293,1.1886572452825783,0.2593351254238855,-0.03437101214943658,-0.024645592974443273,-0.08166774316871903,,
15.86467800000014,-8.114762061801203,0.8358479639662668,-76.93055557652444,-0.29984175805008,0.8328967152175407,0.1605132686701864,0.07081030082425449,0.05241366864832922,-0.20092561074302503,,
15.874184000000014,-8.392215776689106,1.722671993131998,-78.11287748904762,-0.1780530273328528,0.17710452648193437,0.19922501513864846,0.15035159222916533,0.08373841101882544,-0.2500246679113185,,
15.883700999999974,-8.879813451448578,2.7443853731537633,-79.12296807151472,-0.0964679596558623,-0.5589334735645681,0.15359285748559567,0.17010623757711504,0.1273767985225074,-0.2063342959689119,,
15.89321700000005,-9.387514830304003,3.5937270185658576,-79.52826141603317,-0.05022345464495065,-1.116335258694084,-0.08269810227976329,0.13702920073853342,0.12269413919456618,-0.07913026316497057,,
15.902724000000035,-9.71594977214,4.142116405236055,-79.13571784329231,0.1256342219126543,-1.2207588193865484,-0.17147470308431476,0.08447383050785107,0.07618691868409623,0.07944410145206693,,
15.912250000000085,-10.016641298785805,4.246274261446796,-78.08508511972637,0.14570354923853915,-0.8697193648925581,-0.2754573101944324,-0.00259910979323283,0.054150212620396564,0.21123386697709604,,
15.921387000000095,-10.156479583148693,3.84880099776337,-76.74363063640996,0.18175844511947986,-0.3060766823475407,-0.0420098889046253,-0.09477839866701816,0.0007773493035374317,0.2671134075103256,,
15.931260000000066,-10.132411474643922,3.3370288579024976,-75.59981771876271,0.18136069058303816,0.31406374516698615,0.18977568421861377,-0.10917971881194122,-0.03856510503234357,0.22530868544267033,,
15.940767999999935,-10.095317843230426,3.0005995041702853,-74.99389473501586,-0.030952174423948327,0.8407249496659993,0.009506833990221486,-0.07397174215589664,-0.03380414959412229,0.11752926779866994,,
15.95028000000002,-9.925952785276028,2.8037230638623813,-74.97782722956853,-0.09743791711234433,0.9713107794612492,0.0195587371098186,-0.03996063697722498,-0.05247507518234541,-0.0019028121050893188,,
15.959783000000016,-9.765252036973118,2.943023398904688,-75.37991299449124,-0.06751239639202139,0.7416308269168961,0.1785079577809484,0.02451150701807439,-0.03336710712408564,-0.10018410533160615,,
15.969319000000041,-9.761970390182807,3.5439584939299515,-76.03785526520184,-0.10879693069419147,0.4375921211447176,0.02792635648247406,0.10597541724415202,0.01986584441841687,-0.15059894973089105,,
15.978839000000107,-9.877112308852723,4.185197120243072,-76.631300433245,-0.05028037558670063,-0.04856038186190242,0.11820748605981425,0.10842194156666125,0.04361798270786863,-0.13145119244419992,,
15.988322000000153,-10.091197585427503,4.715876150031691,-76.89478948873067,0.030950542226442546,-0.5789079803231626,0.14995432254307106,0.08267149674475621,0.05692397222631277,-0.06077318959250336,,
15.997831000000133,-10.286454626239609,5.228062149010764,-76.77940328228823,0.06469567374817041,-0.7403025752955802,-0.047919471627879386,0.08002961295516588,0.05224238895039195,0.02290780883190441,,
16.00735899999995,-10.45754325428392,5.444617386714194,-76.30475780745088,0.09371879748159248,-0.6371307692650975,-0.15945513562413374,0.02330712728856522,0.03413761341663431,0.09465495664902053,,
16.016870000000154,-10.639171248965404,5.260152168514231,-75.68067696419469,0.10539755053691116,-0.4129092036490902,-0.03923370567884205,-0.05546466784406277,0.016924530075531755,0.1248409593834255,,
16.026382000000012,-10.809999448514754,4.936107607287496,-75.20341636129866,0.06707232834916865,0.01449634364494857,0.03605449511509843,-0.08215938766954271,0.007280338515222974,0.09516144105345922,,
16.03590200000008,-11.007248595368322,4.548113037591717,-74.98264178639303,-0.022256233378765186,0.39610675397235107,0.05016433364299982,-0.09597301298443878,0.008530601694306398,0.027369674669055724,,
16.045385000000124,-11.215523315914998,4.16422776901189,-75.14211722689146,-0.08423337382697299,0.5253222836463517,0.12262248573230533,-0.09578397120339358,0.010848976112236118,-0.048368350365293494,,
16.054900999999973,-11.401618793147716,4.075999196585189,-75.59750519346301,-0.10858709211689688,0.4900875030101817,0.1189007112077197,-0.037340413874001374,0.022104322500537753,-0.10838515510740189,,
16.064427000000023,-11.563620325331826,4.338466839654792,-76.16456071789517,-0.15488701952434566,0.31115945003314305,0.07989108438020966,0.03214107788298218,0.03496175737105636,-0.12600715655981118,,
16.073949000000084,-11.694132150299854,4.771484792145902,-76.57827058405152,-0.11288154085946026,-0.03361535394467036,0.07781782594734186,0.06713074106843896,0.03661734048588165,-0.0910670747766805,,
16.083452999999963,-11.78481190557396,5.296765636829645,-76.63278603028462,-0.0715248973096089,-0.32941539121530583,0.00235807007037522,0.08711567234384314,0.03287245836256292,-0.019483451336630833,,
16.09296500000005,-11.793954250612211,5.791448639405127,-76.30342015760232,-0.02095830040320958,-0.4646095047175466,-0.10742868945112537,0.08491326349202453,0.015790680697901266,0.06281563213117979,,
16.102505000000065,-11.737149036812058,6.039467375357323,-75.6452393482309,0.034724725365010534,-0.44150989510857397,-0.12537718556619645,0.04004197933841876,-0.008214912936043366,0.1272644923765962,,
16.112014000000045,-11.647983089557789,6.000295447426205,-74.89283701621248,0.06734312405060199,-0.27041846973875233,-0.05592869543778579,-0.013846728995771563,-0.028589036927731185,0.14541468662693124,,
16.121533,-11.56735387409853,5.747736571077774,-74.32217751872825,0.042109879460170495,0.012755526667834359,-0.00895849417954061,-0.055179852478934845,-0.03845237480638544,0.10925072073496346,,
16.131033000000116,-11.513734034875778,5.329948261417998,-73.95348224404411,-0.02546216166936667,0.27610153695675943,0.014804074331007258,-0.08812041753909702,-0.04289629905426377,0.035930588402886446,,
16.140515999999934,-11.464619773097208,4.9047607837344245,-73.99493636054594,-0.0955942034966932,0.37868225294516694,0.09547017765623404,-0.08968300870469653,-0.04269598050894801,-0.04831305185707126,,
16.15003300000012,-11.397365188910415,4.652852234876699,-74.4448045520811,-0.12272305389195486,0.3639253196205137,0.09876283912481468,-0.055530669628616136,-0.036246016355165216,-0.11197785678826351,,
16.159560000000056,-11.305654658918003,4.614114111116199,-75.00271293124705,-0.1394927386826031,0.19784932597636576,0.09707173543440774,-0.01338139264846361,-0.02917575269405286,-0.12929050574346182,,
16.169092999999975,-11.191255303738648,4.768721022298621,-75.44519729308091,-0.12267981685408248,-0.038511754750791334,0.0772651689637943,0.024964474680366316,-0.02355547180977563,-0.09381524016760952,,
16.178597999999965,-11.053936130520452,5.069864583321933,-75.51467162363255,-0.07050098768546724,-0.2727603994945675,0.004903387492404458,0.05444330190035035,-0.0207412058807254,-0.01966980011231282,,
16.188108000000057,-10.895578830525293,5.377971277753171,-75.15185817905669,0.007266505844334513,-0.3765422417866745,-0.017141481220952225,0.0569344352358002,-0.02431183887350481,0.06629174525703582,,
16.197607999999946,-10.731715499817739,5.557623110906718,-74.46822550225652,0.09592421586949773,-0.3451481539794194,-0.03485727397087931,0.032631958578365004,-0.03159255211267389,0.13023522789027014,,
16.207122000000027,-10.591558724385836,5.573029351474143,-73.71177834812282,0.12459820360085212,-0.18649539151835748,-0.0061879541489669645,0.00010065948835129733,-0.035649140079997144,0.14518916172603363,,
16.216634999999997,-10.495145884766695,5.420510627538461,-73.15951518813509,0.11249573202176896,0.03621167283931985,-0.021791823727728945,-0.03422521866643122,-0.03686620272333069,0.10516976843357297,,
16.22615799999994,-10.433933849233393,5.134310974371324,-73.01039850601232,0.07167280233666713,0.23416643628675463,0.02297162216787359,-0.06167731654619878,-0.03813485037776165,0.02518206925373623,,
16.235662000000048,-10.382711050786101,4.837883126196581,-73.31949680464247,0.02543453328093005,0.3167830893305301,0.07461252647567838,-0.06429044931699789,-0.036714954079596546,-0.06631463729157235,,
16.245163000000048,-10.32476964178799,4.6507735468804245,-73.9116766400497,-0.0373761932763997,0.2802063966666522,0.08263655820110627,-0.04319066815467129,-0.03132325146061867,-0.13537555437602738,,
16.254683000000114,-10.233788277022462,4.614647617592338,-74.59291036133507,-0.08776900642535357,0.1298103370635612,0.06259984452106207,-0.012637428011829032,-0.028959218686456956,-0.15607550665811265,,
16.264235999999983,-10.234112466186588,4.695741661657019,-75.1484793805296,-0.10901951424564006,-0.07879636388814662,0.018787060590079858,0.021768012639120534,-0.027677819123081034,-0.12227733924507578,,
16.273705000000064,-10.062306411288723,4.966010615553608,-75.30161484565383,-0.1078762284031979,-0.2518520600616931,0.011178762770596883,0.0503601238522934,-0.028678107569039588,-0.04621481619359052,,
16.283222000000023,-9.80329088564572,5.254863876199273,-74.99411216794304,-0.09098755432197907,-0.3286770381545762,-0.026724550884752486,0.058494622986071186,-0.044475399433931244,0.045505678976554914,,
16.292728000000125,-9.433714325130905,5.448500167979725,-74.29953253890713,-0.06785296126466216,-0.29255957958539647,-0.06723797023092923,0.04637388004471831,-0.07026595199052102,0.11953825157741987,,
16.30228000000011,-9.103289745121174,5.3576422654884555,-73.45492567416088,-0.06775839673668334,-0.13398880866025586,-0.0770361160579249,0.02253495149731523,-0.09395189769038098,0.1498008262674659,,
16.31179599999996,-8.696485687110657,5.311449709027374,-72.71482480406995,-0.12265983442027455,0.0652707220843099,-0.09648142228280959,-0.011243004683833243,-0.12010255162500225,0.12821669530129093,,
16.321298999999954,-8.180398377509974,5.27832014622371,-72.2776824694621,-0.1964307962015461,0.24048326195466727,-0.09560204269200323,-0.042296764696147245,-0.15666233102822458,0.06674477908940339,,
16.330780000000004,-7.3897443818932995,4.758422662405037,-72.17071548664755,-0.2789245965558636,0.3262331831643637,-0.0598605738882821,-0.06099726012065336,-0.19188922983199927,-0.0069410181446230195,,
16.34013200000004,-6.4552317562902175,4.198411761326083,-72.33944323295366,-0.3910824489047023,0.5068011393109269,-4.006009945306082,-0.059907166198038445,-0.221764448959226,-0.06231579628281761,,
16.349742000000106,-7.3022256352325225,3.3635406513119888,-72.75705709304661,1.2341521652983596,1.0350325456644116,2.091268646050681,-0.22040328167743406,0.10158224357342775,-0.0691595070390013,,
16.359155999999984,-11.243760589084088,2.2265425294650125,-73.39775058468979,0.4313502291952041,-0.03724243751423985,-4.580974889747593,-0.45654007298191523,0.6790763315679791,-0.051961999023166255,,
16.36859100000015,-15.15857468069447,3.927775749761595,-74.67689957501551,-2.224922078080357,-0.8980156371634347,-2.128921088851441,0.10308403123674302,0.8366482695045071,-0.16965060064246532,,
16.378278000000137,-12.086472865563497,5.190922515242179,-75.2060016770788,1.9099287136639427,0.5687505626208708,2.316990261494974,0.3932506737535974,-0.5357436292039776,-0.17596677057284715,,
16.38768200000004,-13.317474806690422,3.96073484211511,-75.27017335887679,0.2899162556260353,-0.2558413766330559,-2.3214740535781226,-0.3118855034915097,0.16516465320253354,-0.013244693051654368,,
16.39713299999994,-14.941285253957572,3.2112799138011052,-75.26890583403606,-0.851577879819488,-1.6260185299761865,-0.9186816118826178,-0.238511348023421,0.2662966500819692,0.02729295427828088,,
16.406803999999966,-12.896048140867327,3.8262477766844185,-74.97786622017307,1.1443192086221798,0.4392899522086037,1.6281625265996684,0.2135498107967244,-0.3729235660472902,0.009799800509213223,,
16.416329000000133,-13.216684209969506,3.0458114195630115,-74.36397966451986,-0.13162155842517612,0.11140329930433257,-0.6112118299674489,-0.17842655194572418,0.010677864637384828,0.10903495716519598,,
16.425846999999976,-12.73935660441211,2.1264173980943366,-73.67621890571179,-0.5114888507113836,-0.4829206432034115,-0.20270560755307118,-0.1612768446085635,-0.15242587220218012,0.12638994785270236,,
16.444691000000148,-10.711361956481587,2.8148848784029212,-73.07481613397945,-0.6779369116426212,0.4920815115261554,-0.567859156001456,0.0,0.0,0.0,,
16.454371000000037,-9.87134921363095,2.5534987741345336,-73.08000459261086,-0.3591693754779098,-0.19486460743240647,0.16781881961142714,-0.01137279088894781,-0.18593113813625284,-0.026922198395675948,,
16.463880000000017,-9.068574875909716,3.3486189141442253,-73.40903224790273,0.03899356122545514,0.02396822764422231,0.5183044374839183,0.18850342805849485,-0.11753240636366727,-0.08826371480931744,,
16.473404000000073,-9.35208585804674,3.9267159598696098,-73.877001759404,-0.605747367331419,-0.13892988277321677,-0.5062635954043885,0.08470196115296377,0.07733564289880546,-0.09375136517747057,,
16.482909000000063,-9.199828115053643,3.602825535674806,-74.14537214330007,-0.06578253824224596,-0.6044607151349763,0.4472453874080608,-0.06446696648651198,-0.05674728668724528,-0.05939426167727301,,
16.492419000000154,-9.500791203806715,3.6930453225672832,-74.24054127185288,-0.08107486762815437,-0.5333781732676266,0.20183978674153732,-0.009554914054367638,0.053203182036665915,-0.03300978461689673,,
16.50192500000003,-9.882774830674185,3.8300961023364737,-74.23743972229842,-0.26796826103545923,-0.10402582552393781,-0.30744522510411565,-0.004857402907379213,0.07132381403723416,0.002116911446963477,,
16.511439999999993,-10.132786497563906,3.2779450760608246,-74.02583727685519,0.12801175147269553,-0.03526780016984794,0.3005433827941653,-0.13056077765982796,0.008148321535689916,0.042062145398664826,,
16.52096900000015,-10.718051997896433,3.0238662998329007,-73.86022210858708,0.000343516017049692,0.03796038666190102,0.059494830077216565,-0.09178793907646103,0.08866267972156557,0.03635420408913826,,
16.530476000000135,-11.031698126208436,3.2300346607565324,-73.83525951089784,0.04228223907620224,0.47636294637050414,-0.008669544416591813,0.011700539186625981,0.06199335974482004,0.00522548474965352,,
16.539917999999943,-11.334712312178107,3.1585578314266853,-73.90648638996765,0.14528342697911292,0.3917887176287835,0.0020599160730070624,-0.041125849338317706,0.044489889310907756,-0.014009800792135775,,
16.5494920000001,-11.574320110704539,3.230492002404607,-74.1289584716826,0.14822376814546803,0.07888797113742507,-0.05925739613171977,-0.009925850737059143,0.04032557123400599,-0.04495470433949498,,
16.559011000000055,-11.513850229116967,3.7196461512415966,-74.474537977974,0.1890522516647166,0.12125669340654116,-0.09349014734211625,0.08695318760841529,0.005252705537291907,-0.07307528754870635,,
16.56853799999999,-11.373249475915204,3.8952339073563254,-74.73518583847157,0.1329661373349207,-0.07999610484510677,-0.15386684351085558,0.030683536694688145,-0.02731218497565764,-0.05726173704566987,,
16.57807200000002,-10.9923553877606,3.815312787338585,-74.82179586673207,0.14820245427104095,-0.3943656379744666,-0.035713758700140784,-0.006147124361440225,-0.08718939237599924,-0.02574973367645959,,
16.58758499999999,-10.428265826783845,3.939592560057078,-74.75625985462008,0.10305937795066664,-0.2810776551321669,-0.025252057908498937,0.0429450954508359,-0.11177375756529252,0.0020660752609476625,,
16.597087999999985,-9.919352860557936,3.8689439694049343,-74.49536007306165,-0.030722888522662046,-0.13781409427621485,-0.06228075883090767,0.002729288061894032,-0.11137495579169668,0.0417788148336467,,
16.60658699999999,-9.439505472870048,3.545709759611944,-74.10439461006129,-0.02642246608988503,-0.12125325936043252,0.12564243781251558,-0.04687175892650375,-0.11949552689770518,0.06847594199581243,,
16.616078000000016,-9.101201181277737,3.4604236306110034,-73.76468451999338,-0.09623594228147725,0.09376466965207189,0.1906559477128286,-0.00811805044485332,-0.07941961316054973,0.060223890625984274,,
16.625592000000097,-8.90969500460032,3.471307007424744,-73.56104626308198,-0.1854706295460915,0.2691300306533529,0.11710809755564511,0.0024891472021873213,-0.04585731911424588,0.0347556934378922,,
16.63508999999999,-8.837306094120741,3.415502669321296,-73.52310161502668,-0.12218928599537184,0.17814445624529415,0.21325184298471617,0.0,0.0,0.0,,
16.644618000000037,-8.939067775898925,3.582100760597694,-73.66912000014655,-0.12291913469840449,0.08484830675952822,0.15384647269676324,0.0,0.0,0.0,,
16.654044000000113,-9.121704576282447,3.873405823884978,-73.91450650760612,-0.07363217835820093,0.018580593249760156,-0.015890611482576776,0.03539677355389493,0.0416969300186921,-0.05045638689819131,,
16.663714000000027,-9.48162863979105,3.8828954640751983,-74.15256827539771,0.02041274956441906,-0.16026226824110262,0.02715693021915773,0.005954168322803985,0.06438448650254802,-0.04651710096672318,,
16.673225000000002,-9.873198691184545,3.7870501424705965,-74.3195024710387,0.08553302567982633,-0.2580633091225238,0.054590089220297996,0.003404033314526025,0.07637347529572554,-0.031892987397982235,,
16.682727000000114,-10.150481711237095,3.7113324167659334,-74.3680190387595,0.09510541337934084,-0.18562936215759762,-0.020715825468627033,0.0010648875721231766,0.061117205256510626,-0.009647670737262243,,
16.692250999999942,-10.28839219831281,3.460240362181233,-74.27869786578906,0.11025486012161506,-0.13874222641592668,-0.08049234433980214,0.0,0.0,0.0,,
16.70176000000015,-10.269061556033112,3.3154008767706378,-74.12154466158195,0.12212185406255202,-0.018010986587755125,-0.02336149102516677,0.0,0.0,0.0,,
16.711263000000145,-10.175716364196349,3.467761157115693,-73.98651351920277,0.07224157831975297,0.17298293135462575,-0.04707986611428148,0.0,0.0,0.0,,
16.720784000000094,-10.053565003488714,3.64512377806591,-73.92281335412902,0.034455239230423186,0.24626403679827108,0.024974608952260644,0.0,0.0,0.0,,
16.73029500000007,-9.907124996699432,3.8285235997761005,-73.97426529942288,0.006731220522932929,0.20229303405713422,0.0721894560149104,0.0,0.0,0.0,,
16.739804999999933,-9.775077234691706,4.148796529824729,-74.14279829234064,-0.044842540992058026,0.15786843187895663,0.011904309657893342,0.025325149693271022,-0.0272044633371792,-0.0392115464897961,,
16.74931700000002,-9.693142803037784,4.362498019231017,-74.35280604057964,-0.07508703520449375,0.032968108014054635,0.014829763738053522,0.027910556512478115,-0.029815334092243597,-0.046928192956661605,,
16.758813000000146,-9.68495446560668,4.36142240114172,-74.45941092438801,-0.06933376877685156,-0.13887477515446986,0.06109870322421759,0.0,0.0,0.0,,
16.768336999999974,-9.76735923083209,4.301294507062069,-74.48988324890715,-0.08278299607279607,-0.21280203729967678,0.009836221013069876,0.0,0.0,0.0,,
16.777849999999944,-9.912195709042516,4.154583046946148,-74.40394398091225,-0.07757809421932473,-0.20757272190868534,0.009861988281513506,0.0,0.0,0.0,,
16.78736200000003,-10.093009901842587,3.9050619239289266,-74.25943079337164,-0.05125412733460236,-0.17069933427388398,0.059832321559323096,0.0,0.0,0.0,,
16.79686400000014,-10.281380299695032,3.7349653121284687,-74.08408833377665,-0.03661065970361922,-0.047040115203437885,0.06312656114703745,-0.043741974737509445,0.009640368535636254,0.03420042775395033,,
16.80637999999999,-10.466774984609566,3.6726132526775777,-73.9533579003484,-0.020295344526325705,0.09448354835162409,0.042056011517292824,-0.05240828271905857,0.016859112369795697,0.02522925186691386,,
16.815882999999985,-10.648801587429348,3.6440620240864714,-73.91915172471242,-0.03307681566250046,0.14476287346984573,0.053758522932110205,-0.05803316018429237,0.021644206227628755,0.00588362430382814,,
16.825399999999945,-10.794701347048761,3.709244502610661,-74.00285692222945,0.006135096944602125,0.1615628530791988,0.03957060065947678,0.0,0.0,0.0,,
16.834924,-10.897519329059383,3.836581177936771,-74.16754742065565,0.011847422207268607,0.1228079844462964,-0.0009579093588064948,0.0,0.0,0.0,,
16.844419000000016,-10.949316943209938,3.8912616144598697,-74.34055764617115,0.029414340418092662,0.008663601315506458,-0.005918085282872694,0.0,0.0,0.0,,
16.85385199999996,-10.930183977955796,3.885026717564837,-74.4581135635407,0.026926467541666905,-0.09681879607032746,-0.006824565655508376,0.0,0.0,0.0,,
16.863442000000077,-10.856761176782827,3.836213221456951,-74.47835081552462,0.0393707507611378,-0.14175832158193946,-0.009865369157507037,0.0,0.0,0.0,,
16.872953999999936,-10.745590051957873,3.7022077693688202,-74.3941266462306,0.0425610867051253,-0.15237637577545085,-0.010237022140419811,0.0,0.0,0.0,,
16.88237500000014,-10.61039307882473,3.544973282402661,-74.24544341012881,0.03150931262752091,-0.11168959472757464,-0.007189305156925431,0.0,0.0,0.0,,
16.891982000000098,-10.486825837835031,3.4462907891590673,-74.09724346334241,0.0071603691091628365,-0.00026115659800939923,0.03674987103446817,-0.01808271038897336,-0.039598245292704164,0.024824494401476667,,
16.901499000000058,-10.417371474035559,3.3947489428990014,-74.00645476052046,-0.01040791590800467,0.06951165524083112,0.05397676941253258,0.0,0.0,0.0,,
16.911000000000058,-10.397513373979654,3.396730781230165,-74.00958348925926,-0.02439366222068841,0.12606092676564692,0.0691583280692415,0.0,0.0,0.0,,
16.930029000000104,-10.558741864887361,3.538549188838988,-74.28240974126108,-0.02555064986071076,0.12079577775438774,0.05130599764328298,0.0,0.0,0.0,,
16.93954400000007,-10.729719305791454,3.5350714111384893,-74.4546933212038,-0.003523059321487663,0.051655002052438635,0.05838276156971258,-0.031330026912166825,0.022391425058322714,-0.035674233997791245,,
16.948959999999943,-10.961074362119916,3.428473997820315,-74.56514738563668,0.012457753151175132,-0.0003750958329128732,0.061377481517259726,-0.039796270171415085,0.03652288439190424,-0.022560093549371572,,
16.958572000000004,-11.22879468401037,3.2103739465764862,-74.56234066416731,0.05888849983712557,-0.0703335913469979,0.0389488635856267,-0.05199578399484093,0.042927143132282526,0.00045155696056151193,,
16.968066000000135,-11.452809800076539,2.909711914728713,-74.42539039567608,0.08921848866781144,-0.07865444335933214,0.048213773312557294,-0.06405383186305776,0.036273193225625194,0.02666633006784313,,
16.977499999999964,-11.731328422644765,2.6437726185085473,-74.18014038679443,0.006800327669307528,-0.054772158784521394,-0.3850608078394624,-0.07695735744516076,0.029498429158732853,0.04882827685550006,,
16.98690499999998,-11.25136956104825,2.285367455773515,-73.83715619083462,-2.6963562840888575,-0.7299242581171245,-4.455985147627061,-0.05306754867754377,-0.1219147234803903,0.06149124506923888,,
16.996515000000045,-8.196798768259661,1.5004191824453754,-73.06705573095192,-0.20863614775206055,0.94751071734862,4.287202629168335,0.014312657751016068,-0.6408402977754142,0.09237380429927472,,
17.00584300000014,-11.761784980966572,0.014698817501854013,-72.95790109697072,1.3784778508522841,-0.6596606606620483,-0.48920220259783326,-0.5034888815031089,0.5858837397630572,0.028596621139369335,,
17.015353000000005,-15.894794513772908,1.1718608340326044,-74.07880781886563,-1.7480138418449536,0.1313894334916568,-1.4716568787854496,-0.021122991475272985,0.8496962853282717,-0.15738493518857022,,
17.024863000000096,-14.328703239048036,1.7429971651135954,-74.97792061868518,1.4726260367490194,0.7668493741729012,-0.2418156603793859,0.18289510509569348,-0.28153828907507944,-0.17240729870351387,,
17.034396000000015,-16.40339254764229,0.8251450631535163,-75.85334973831469,0.9865798319594864,-0.1306262068399765,-0.4383147418189828,-0.2934248503216709,0.34630891869659475,-0.1612698888630671,,
17.043906000000106,-18.42553072853308,0.6506047624159169,-76.93051791156653,-0.6383298230559317,-0.6569552971107295,-1.1298349679197293,-0.14006380906258806,0.37618116228008075,-0.18677660684412067,,
17.053582000000006,-17.2492055021318,1.1567059706987177,-77.56029635070581,1.3088123007806303,0.05736636116984459,1.1956416441953923,0.13957889511982172,-0.216628977267807,-0.13136646333901877,,
17.063088000000107,-17.280544361772385,0.8373775104731306,-77.46563141790327,0.025981003229553025,-0.2939626925858958,-0.599223026807059,-0.07511502065087154,-0.016962439008100585,0.017535794500995825,,
17.07262700000001,-16.11083220710676,0.7516743398346505,-76.83528158400885,0.0026176470607263795,-0.423399946496155,-0.20179543968113406,0.024176603950134653,-0.2416038827704117,0.12118693776459309,,
17.082106000000067,-14.15407580128847,1.3762424085583342,-75.95738624961935,0.5601722797168962,0.29529770077452056,0.6673549845207052,0.2030053508169161,-0.3608232001793651,0.1506966031956632,,
17.091623000000027,-13.023791005628999,1.4245114223107673,-75.01207955182828,-0.28628686550584687,0.39249182689257534,-0.5461219910096499,0.05544631874023505,-0.22630446752042901,0.16552440763384316,,
17.10114999999996,-11.423043910740054,1.1805595070032722,-74.30671635459919,0.02422049640379121,0.17727845210950302,0.1308364625611832,0.027331400584703992,-0.3318099857645853,0.11389570160329855,,
17.110652999999957,-10.255811027247013,1.5177475646806038,-74.24978499111155,0.021574419305847463,0.41416295527363006,0.33445982397859464,0.11795510256943252,-0.2163589099307095,-0.011814289891464507,,
17.12016800000015,-9.84946467871344,1.6996488567134984,-74.80645194668428,-0.40389127627284294,0.3039868100552309,0.06570974529920681,0.046229412912144885,-0.07831898899585577,-0.11704254038721837,,
17.12966900000015,-9.402454870709432,1.5951166824928131,-75.67093051484278,-0.1374356900846997,-0.21772168807890366,0.5585814598270966,-0.008148626264665088,-0.10134498920291951,-0.17905711856292378,,
17.139181000000008,-9.49408071507087,1.8661733714927304,-76.66537261044046,-0.2383486483021242,-0.28036588523451217,0.18558809977308088,0.03745985727880571,0.021532518012554427,-0.20196029881616995,,
17.148714000000155,-9.968083124495958,1.938991110291069,-77.40717504573688,-0.4360812845800849,-0.30795137333544703,-0.22448964325811596,-0.018096178415263058,0.0866223988084445,-0.14867728268314634,,
17.158212999999932,-10.454655183879623,1.5342227011373186,-77.60318948763506,-0.14492037487593246,-0.5175420647127875,0.27920541039781865,-0.11131492398132602,0.0684519375999749,-0.03943983580694199,,
17.16774200000009,-11.22011307133715,1.3502163221444374,-77.29191807364612,-0.1641387070478935,-0.30181465781473443,0.03885727714808864,-0.08036302059952273,0.13240190998499432,0.0632353408215751,,
17.177245000000084,-11.956536545347507,1.1738393212510936,-76.65200921260514,-0.021795732314358336,0.0918586984127077,0.0019344635713137793,-0.07855907568743144,0.12642660449954926,0.14829705480285058,,
17.18675600000006,-12.743112176009362,0.7520413628734439,-75.82039868241579,0.14734014110456245,0.1571531231834848,0.08735898040180314,-0.13030987451871515,0.12349909607502563,0.19079371614760152,,
17.196261999999933,-13.494098287141469,0.6583023489624649,-75.15178024300248,0.15529408824587607,0.28611548606550474,-0.05089913155335406,-0.06654914536070498,0.1312908536717287,0.157001962538684,,
17.205762999999934,-13.963230762225312,0.841539512924867,-74.82102295204183,0.1962789418639648,0.4224255067258942,-0.1211076267716838,0.0004119618419286155,0.09051729306493674,0.08330013090667797,,
17.215329999999994,-14.202770369605325,0.9181160891275248,-74.84950166705494,0.23631196882685587,0.22951767923065164,-0.09816755114700709,0.0,0.0,0.0,,
17.224829,-14.194641536566543,1.135093259572254,-75.26464376586883,0.2426758288233227,-0.018534282949856033,-0.05976063403925302,0.031566665816431416,-6.661501437511847e-06,-0.0854062658395806,,
17.234345000000076,-14.035413642008185,1.5198413557716879,-75.89269676154069,0.15987931149989548,-0.12954402928835054,-0.0678289278062233,0.07164773803441697,-0.021124979186292577,-0.14691967522227156,,
17.24385099999995,-13.803017275500588,1.7042914006865622,-76.5212119350989,0.05701388148173519,-0.3073353358243522,-0.07522370220476712,0.03596942514888822,-0.045709780630514146,-0.15056923150866358,,
17.253347000000076,-13.49591518690905,1.8188902729996586,-76.94188728283996,-0.014020141989545381,-0.39488923348790544,0.012588295288174959,0.025427372073811454,-0.06380656786851349,-0.12006694396671636,,
17.262876000000006,-13.187833296934677,2.016853124542137,-77.1974968601903,-0.1198356828306335,-0.23078024530013055,0.032399901705236954,0.04134970252335438,-0.06041770133705468,-0.07320414932866955,,
17.272429999999986,-13.127579368225648,2.0524095980431616,-77.26977737377636,-0.1900202440080036,-0.04459950232413328,0.04548901107849579,0.011580586443635186,-0.05663304888438948,-0.013020176381332385,,
17.281867000000148,-12.960854025964869,2.0401829534621845,-77.0787968708285,-0.19053123686979145,0.028923400692526323,0.18552315219084434,-0.006100227572233829,-0.04232322009119265,0.03441288494731281,,
17.291271999999935,-12.872729322079278,2.1800111613167057,-76.78828117939005,-0.20452448569980383,0.18164146418050375,0.17570646733280235,0.020197321402609818,-0.020137375093296703,0.05485302332360315,,
17.300891000000092,-12.88242807831344,2.3692729377500164,-76.48646373578059,-0.1765429201793368,0.24794721047751475,0.1084334322669788,0.02540791313491691,0.0013141772541251163,0.057825300089614555,,
17.310423000000128,-13.03279947883943,2.5576513641009764,-76.2617897222962,-0.1066260934038648,0.16339141016449893,0.0739412858188449,0.018585077469899767,0.028761160763557985,0.043607460544354874,,
17.319987999999967,-13.299112626031203,2.922030106009878,-76.19134932363664,-0.01385451211973906,0.09301503759718159,0.041831430241150866,0.0282349362270188,0.053870802382482874,0.014041054633522634,,
17.329509000000144,-13.596321319263913,3.115392482537148,-76.26078470032998,0.03156005505798337,0.008157449587073035,-0.00787155915324968,0.01114756300995598,0.06556071680187145,-0.013367911627914668,,
17.339017000000013,-13.885021967989529,2.9675933202091382,-76.4111929126303,0.09114303005908377,-0.12541668206596038,-0.022064922564614026,-0.02524814110969402,0.0604003268715937,-0.02968025256954934,,
17.348523000000114,-14.099302219512618,2.689926318257456,-76.59434434868028,0.12168552178639212,-0.1638115832613341,-0.02902618247775912,-0.038373073593464424,0.04694486673243268,-0.037131939480233064,,
17.358032999999978,-14.232893413221799,2.387806336924397,-76.73300084555096,0.11810272646313237,-0.11215770976136245,-0.028330461882124708,-0.05011173647827514,0.028886447168737242,-0.029057164218987557,,
17.367545000000064,-14.275377879635434,2.0563306292819217,-76.76570154257112,0.1002347297116856,-0.05707621252771381,-0.02433432631132769,-0.06466791071341778,0.006337509554070374,-0.00862574258045221,,
17.37705700000015,-14.226474112176515,1.8761330729220478,-76.62498013195639,0.07304878845950952,0.01801089679450698,-0.01906385144249221,-0.051921571054591026,-0.011428454503217342,0.009387766386165137,,
17.38656200000014,-14.116556801816039,1.9244130437449045,-76.46865805435755,0.021391454545107266,0.14214430702357087,-0.009126958095270747,0.0,0.0,0.0,,
17.39608599999997,-13.93748949386071,2.041344962722302,-76.34038039840442,-0.022653095003980557,0.1559094298050566,0.06529002017841613,0.0,0.0,0.0,,
17.405590000000075,-13.737203845111207,2.22457695846495,-76.21142625590893,-0.01237944537700972,0.12361405423110389,0.07617008680497482,0.0,0.0,0.0,,
17.41509700000006,-13.583039059449103,2.4540826030342804,-76.18612079679768,-0.052382044193439795,0.027019321355200295,0.06718117711728754,0.03538881966750289,-0.039268279007434716,-0.011469430529117341,,
17.424564000000146,-13.40029518197401,2.7058732360580544,-76.28546288948387,-0.03258427729070401,-0.013814094108325525,0.1204998598282668,0.04669053077431299,-0.03285704257441992,-0.03580969866286944,,
17.434118000000126,-13.464536462929924,2.762408514667439,-76.49452930765639,-0.07346190165414981,-0.14160227791213284,-0.011155141115594423,0.02845941449320451,-0.010614415030001498,-0.05472512015269251,,
17.443639000000076,-13.580902790286169,2.6946621129773334,-76.78455305088659,-0.06032541074864896,-0.19457992224967618,0.06362191770038148,0.010471781572007784,-0.0023320848761730155,-0.06526343947708398,,
17.453093999999965,-13.653385376227789,2.7428302671026064,-77.09831009049076,-0.05351656312335921,-0.17078288121754948,0.08849402913154479,-0.005024345575788405,0.007091840656323785,-0.06469532061676084,,
17.462658000000147,-13.885358776908356,2.6267409404962354,-77.35698212940184,-0.07851319782924203,-0.10893323874692161,0.020770305264865983,-0.021084659584065895,0.015353929814168736,-0.05213141409379046,,
17.472175000000107,-14.073778396860712,2.5762800394097396,-77.51965320797687,-0.05070521931967646,-0.011823699728880697,0.013038607548819652,0.0,0.0,0.0,,
17.481684000000087,-14.26138203725643,2.6457166243732666,-77.58395266076742,-0.021001000857221876,0.09539063229550486,0.004513496942245939,0.0,0.0,0.0,,
17.49118999999996,-14.381197482949785,2.791577323991749,-77.56073959324898,-0.032091445398827446,0.14548485992967686,0.007264493606394316,0.0,0.0,0.0,,
17.500711000000138,-14.401756790996757,2.9635673232919753,-77.4125663833913,0.022997371613902598,0.15692046036974716,0.03166272451008899,0.0,0.0,0.0,,
17.51021300000002,-14.36106388807123,3.1320552766905196,-77.2451213374128,0.03145870016903183,0.1205967643182749,-0.008638525194456223,0.0,0.0,0.0,,
17.519720000000007,-14.239759796296378,3.2084757190420112,-77.14964095308595,0.0506751919210239,0.05005208398678353,-0.013283545909256926,0.0,0.0,0.0,,
17.529236000000083,-14.09394108491458,3.145003095537106,-77.06945231444317,0.049891422590817074,-0.030186070505712252,-0.012758522539677117,0.0,0.0,0.0,,
17.53873999999996,-13.93569770080483,2.955712776400731,-77.00947781488243,0.019961530104045874,-0.08652818627922389,-0.004585029917392557,0.0,0.0,0.0,,
17.54825700000015,-13.780074130971958,2.6825051612447846,-76.97247199517045,0.021586441728663794,-0.09329662285379925,-0.004486685553987947,-0.03699525127316679,-0.04691757178892124,0.003378021042624616,,
17.557772000000114,-13.681186517848317,2.378313814219952,-76.96182766107074,-0.017019824682546338,-0.06676716173772873,0.04398927896979027,-0.05183033539417366,-0.04589479446505982,-0.0012313050858449115,,
17.567281000000094,-13.606316993094376,2.085717637621321,-76.97789790424298,-0.04080875619372552,-0.012255121357162776,0.07536365085401364,-0.060634454631898045,-0.0451245092359562,-0.006279802988774656,,
17.576782000000094,-13.583364845991174,1.8509894119593535,-76.96324652374604,-0.05656193687729759,0.02154846130483963,0.09296648863476968,-0.06026582958927351,-0.03586916063643095,-0.011693601883733003,,
17.586299999999937,-13.622583281420823,1.7064373313464525,-76.99370236594396,-0.0749314814203401,0.04810024710863828,0.0641463822281284,-0.05113852091778467,-0.023774568660043575,-0.01590785354978669,,
17.595812000000024,-13.685331277694276,1.6268282422444438,-77.04998209317718,-0.05457145341923605,0.0451359404848953,0.07984562161643753,0.0,0.0,0.0,,
17.605326000000105,-13.787467511078859,1.5844468777425922,-77.12284498754806,-0.02902115430977678,-0.008750225756919488,0.07456246778763297,0.0,0.0,0.0,,
17.614741000000095,-13.89118026588656,1.5569689526018256,-77.17910844843657,0.018924366120076568,-0.04063358423087152,0.036976494872459416,0.0,0.0,0.0,,
17.624350999999933,-13.982430422971017,1.5148211418976523,-77.20965206607227,0.019892691511177993,-0.08762633308662701,-0.0023762209348413884,0.0,0.0,0.0,,
17.63386400000013,-14.04361515705676,1.4494347822049374,-77.21900231410595,0.05867313740467175,-0.09839948879334214,0.015675314022653545,0.0,0.0,0.0,,
17.64336900000012,-14.055618053554147,1.3651058096495696,-77.22421873713435,0.07302567327507986,-0.08049956508435606,0.011686194951918315,0.0,0.0,0.0,,
17.652884000000086,-14.031406842773778,1.2774119452069537,-77.24594109700224,0.06405653113032415,-0.048334272636612094,-0.014316474675581463,0.0,0.0,0.0,,
17.66238700000008,-13.982597832167325,1.2277151367379897,-77.29764783341713,0.04232784241825889,0.009778403849017963,-0.010814816965057084,0.0,0.0,0.0,,
17.67191600000001,-13.929649898035779,1.2510762542474245,-77.3765573000079,0.0,0.0,0.0,0.0,0.0,0.0,,
17.68141400000013,-13.885773266410707,1.3544577816124974,-77.4626794165669,-0.00041661541045855826,0.037650137264232504,0.03229526982365453,0.0,0.0,0.0,,
17.690929000000096,-13.848690239195891,1.5184871637421655,-77.5320579826761,0.009298853298461049,0.0010319668080434063,0.03772068869105202,0.0,0.0,0.0,,
17.70043600000008,-13.831660517814274,1.732717435013283,-77.56833249692471,-0.0211656572955782,-0.007188118927261176,0.08142394330575282,0.0,0.0,0.0,,
17.70989099999997,-13.809225962518504,2.0105804864763317,-77.56184901179411,-0.013244761027234066,-0.04984995254554747,0.13109218418901045,0.0,0.0,0.0,,
17.71944899999994,-13.84276937856647,2.216221452720521,-77.51476220039586,-0.007315613061056734,-0.11109760297000475,0.08949481208501582,0.05014244252322423,0.004808433417365837,0.007207105632538737,,
17.728974000000107,-13.922396899627293,2.465894339651996,-77.49408648567476,-0.0408956418814074,-0.08947470539096802,0.01133314233824386,0.053588079555014476,0.008820425341932307,0.013757224021570959,,
17.738200000000006,-13.913957433744438,2.703079357536145,-77.3867066619953,-0.6984220839056705,-0.022376679525019934,-2.767849325102473,0.0,0.0,0.0,,
17.747716000000082,-12.582477399959647,2.113033406429514,-76.87921921901213,-3.088874078768342,0.7863752681245769,0.47298806728003046,-0.06669137498798085,-0.29541217595165115,0.06642030777263433,,
17.757424000000128,-12.101903708830626,0.5779865721692934,-75.99814704150273,2.877614070099748,-0.15635417284895875,2.9193794511079,-0.28707798513251725,-0.1754321555555833,0.14848316312751972,,
17.766820000000052,-18.297526730085274,2.768553217227043,-76.83394428969731,-1.8578026199908555,-0.5795255493952103,-3.8407646716916157,0.1253036417428533,1.2992749031861868,-0.10104539665850812,,
17.77643400000011,-17.87531025360404,3.802492092981255,-77.33317383183004,0.7083903061269765,0.847555574078823,-0.17761877678380233,0.20941529603696565,-0.0453352382478379,-0.09407346601470062,,
17.785945000000083,-18.21385146780058,1.4674736335290233,-77.0045574924314,1.6891117713065036,-0.10669303447748507,0.4965902833371444,-0.4823457260559393,-0.04716479656967615,0.06747409053255665,,
17.79528500000015,-19.967283682549233,0.8019727956192544,-77.28458381671798,-0.9451081954231474,-1.2952533175639998,-1.4321375617493843,-0.21913990339319692,0.30354659704385334,-0.03095440460544687,,
17.804955000000064,-17.64244902725526,1.5713259302116904,-77.44928468881017,0.9855253885660846,0.8962754503899233,0.23846384010638905,0.24112352586539063,-0.42969594711762116,-0.05797686217305181,,
17.81447800000001,-17.362453624744184,0.22123962705549755,-76.78211928963746,0.22722162779837857,0.18631268100157986,-0.26820556161119385,-0.26223194275732564,-0.12458369289360387,0.11277738583864301,,
17.82401700000014,-16.544129563954538,-0.7770330214083491,-76.00237639441585,-0.2847726349680152,-0.632310720235126,-0.24443089443563512,-0.16670738467279414,-0.21603938598341274,0.1413507796100664,,
17.83349700000008,-13.985778810834603,0.18747325495558284,-75.59933597163804,0.6065539562222175,0.8493977065436772,0.5277679091035341,0.30251619511056055,-0.4587039976135543,0.05794685230288658,,
17.84302200000002,-13.072243676169192,0.11626610228350596,-75.19628794909485,-0.2689291019614294,0.48285597496266613,-0.25977605658576536,0.021763228589280894,-0.19031034135098132,0.04869462617370542,,
17.852530000000115,-11.629447439360325,-0.648395900627921,-74.9104602137349,-0.2039127904834532,-0.48107505193879746,0.22917742770781624,-0.08383346215495802,-0.3285388997258223,0.035837434898315146,,
17.86203599999999,-9.808665311027971,0.04997156707653905,-75.05984968812628,0.20333335592544868,0.023675103459100365,0.7040006052055203,0.2192576133273829,-0.32547982795099284,-0.05178160042788857,,
17.871544000000085,-9.300152282462602,0.44212995879616895,-75.44413023174434,-0.52280129784844,-0.00830499498697877,-0.3533159992838881,0.09128475606576271,-0.0880146254651196,-0.09349724830104217,,
17.88106400000015,-8.665123434005716,-0.2900232890406262,-75.76672576816303,-0.24623688287430942,-0.6218551416004859,0.3878564300001133,-0.1210554025513865,-0.16922777792469296,-0.07307537192825919,,
17.890570000000025,-8.410501958415196,-0.24988708051649522,-76.10562229511278,-0.061212468775359144,-0.4262714266941113,0.5862567628334395,0.009487390507435144,-0.05698892523726982,-0.07100672909864339,,
17.900090999999975,-8.869428783507553,0.037687845921165135,-76.44086625654288,-0.46432507240958354,0.014640908812112337,-0.43684059045063894,0.023451744128306307,0.09353849982333445,-0.04859029119023231,,
17.90959799999996,-9.22926721330272,-0.5453330117614847,-76.49391352571175,-0.08951214600910229,-0.054694582860427644,0.3512316914170338,-0.14118010301686146,0.03345214843599941,0.00840019384628607,,
17.919121000000132,-9.91925264303396,-0.7518670993728903,-76.38853645168142,0.0014987386766521988,-0.09201585959862003,0.24656510792993042,-0.08338993664421494,0.115221084875966,0.027859435196021454,,
17.928623000000016,-10.604987418989078,-0.27937572538952365,-76.29833751742927,-0.05099283543067626,0.3481391134080129,-0.11567121922313638,0.04878992935969174,0.14630514675129566,0.030763361680411633,,
17.93814199999997,-11.177334485076893,-0.2617452962893553,-76.15076257693262,0.19961145477190567,0.3081252231491902,0.08190463020422181,-0.03461952576060391,0.1027129961085366,0.05004554740601996,,
17.94765499999994,-11.81440445962107,-0.19809328698675358,-76.05940689782503,0.2585743257763775,-0.03685850315103517,0.06426259133112938,-0.02902978139647305,0.11743306984527349,0.03658076879616088,,
17.957153000000062,-12.164660541947049,0.471292216656439,-76.13617262697315,0.20386544081810842,0.09954200604211522,-0.25487363827286325,0.10245397392746423,0.09076148860154826,-0.0017559808439172792,,
17.966687999999976,-12.273971873161042,0.7910973073774559,-76.2095164349714,0.2005470891547096,0.0875985553491988,-0.2886996323783975,0.04604604448766878,0.02710562293439626,-0.011469254371737342,,
17.976233000000093,-12.158385670112002,0.6818504494866873,-76.29389808749586,0.24535764638345983,-0.21075252824690582,-0.009548198480935188,0.0,0.0,0.0,,
17.985717000000022,-11.806974585983587,0.8859417779803236,-76.5411292994276,0.20143729629816837,-0.09220904136831543,0.09801390908098628,0.045301697921995225,-0.06818878694965713,-0.053228520892586145,,
17.995267000000013,-11.407768345428043,1.043487989555424,-76.78519465336689,-0.016637798642670898,0.0708532580244621,0.0013256468690548725,0.038211918028192106,-0.07979628175915766,-0.06929133877964308,,
18.004783999999972,-10.831408743679646,0.8833848621473229,-77.05472239797595,-0.04802432345679258,-0.04129716968686519,0.08908103446983381,-0.016071627197875617,-0.12895850746080828,-0.06742976789070947,,
18.01430000000005,-10.288866768939553,0.980768146247337,-77.41183862966342,-0.1352167817394271,0.013097240018968566,-0.004558804777825328,0.03200200911592144,-0.11084337339090297,-0.07638730745514413,,
18.02371100000005,-9.879775581648234,1.244831247984944,-77.76688397610306,-0.2949628983266106,0.1379313426420001,-0.07286056453537113,0.05819205321676778,-0.07773755216675887,-0.07591453546926188,,
18.03325700000005,-9.501553195759685,1.3261396399599332,-78.02702475363905,-0.22819272370247354,-0.00047600513086483914,0.15873867172522785,0.02070831300514914,-0.07967343948863266,-0.05711685602132251,,
18.04277500000012,-9.31803601317617,1.5635935439075916,-78.1984677732607,-0.22797130663121246,-0.12312242452461879,0.18648290784151197,0.042994937002488534,-0.0351437628051328,-0.03864712639269292,,
18.05227600000012,-9.476509947985134,1.9387523460067158,-78.25903468620342,-0.21240001647539675,-0.09449660765718614,0.06645584166835179,0.07532626237192956,-0.006165092086372483,-0.014723316258520597,,
18.061803000000054,-9.503071204075928,2.1958015169579808,-78.15470576674687,-0.10213202562318863,-0.15820059722401042,0.10912659652843223,0.0,0.0,0.0,,
18.071371,-9.721552606677882,2.191296121660889,-77.94681979818944,-0.03558203399045611,-0.20029288734471704,0.057331210862523393,0.020571356734950315,0.026282805270969323,0.03985113491589298,,
18.080881999999974,-9.827749914664276,2.367205746302474,-77.77532280147224,0.039360473107402795,-0.05422375137966173,-0.007214068180970203,0.031288375412713926,0.02721123074976503,0.04595062396205873,,
18.09039699999994,-9.871170433497573,2.4857010584767867,-77.56551995058545,0.0822983634584528,0.04608985411116147,-0.04251268721336442,0.0,0.0,0.0,,
18.099905000000035,-9.82319772232324,2.532103786998422,-77.36082045593119,0.11843568713087765,0.07324780046288161,0.01285018464449946,0.0,0.0,0.0,,
18.109418000000005,-9.636276791638485,2.78408514994928,-77.30932726224194,0.12353966360670438,0.15824779488377816,-0.020209343558027983,0.0,0.0,0.0,,
18.11893400000008,-9.386314223455896,3.089553797435302,-77.32884898897336,0.10104833978140962,0.1758086663462282,-0.014642868223424293,0.0,0.0,0.0,,
18.128445000000056,-9.054163231732128,3.2880326391302095,-77.36308569037476,0.09711473127833492,0.08158421372577458,0.038443905595618263,0.02497435512762264,-0.04444096876301768,-0.014197095597975483,,
18.137954000000036,-8.681607783472115,3.555593153706157,-77.3784689100882,0.06099804478403945,0.014266624124842035,-0.009546493038204979,0.05228530985909809,-0.056518790849952504,-0.011268556578461838,,
18.147470999999996,-8.309275486360667,3.81877906644724,-77.34006633151856,-0.004941656394447786,0.001037210320141344,-0.03138657445164648,0.05966887547499338,-0.06741234501848908,-0.0009616896880551922,,
18.156975000000102,-7.92711258575622,3.9171095157211084,-77.24507100036429,0.022391680253124418,-0.0776816006970594,0.028223498911859175,0.042907016508280174,-0.07902656660976658,0.00994900926243607,,
18.166503000000148,-7.60355563278229,3.990623828777087,-77.14820543987057,-0.031576769228940336,-0.09320884443322111,0.05423767773554957,0.037396921608539566,-0.07540072587392317,0.010924465604076021,,
18.175993999999946,-7.352803590709668,4.095230650832559,-77.10538638919157,-0.06963223572953582,-0.020063273025691424,0.05612364668275664,0.02827370204096686,-0.06704145359470513,0.0009160245995084399,,
18.185514000000012,-7.195981523977709,4.130616912427191,-77.15551666681631,-0.07702916236272864,-0.024501961727047786,0.09367249777498972,0.004960179368704527,-0.05423437872621965,-0.016448169345429,,
18.195022000000108,-7.154144980815711,4.184005775819347,-77.31862011746391,-0.09831707396209459,0.01688534113623068,0.09462887343671855,-0.002067549433697936,-0.03462791632074122,-0.03744457048149947,,
18.204525000000103,-7.1987578457766785,4.3236857820354135,-77.62706785346143,-0.10346657828628521,0.06047960827647034,0.06750775437202398,0.0018509381360024078,-0.015539360353881985,-0.05377665509624499,,
18.214044999999942,-7.320249814084228,4.44741231318219,-77.97848608388529,-0.09024285410150133,0.04886638401056815,0.056527462615495884,-0.0021883092117406847,0.0012422509904672237,-0.05756226192052658,,
18.223553000000038,-7.466032622803197,4.557785129341659,-78.27560706943916,-0.051467028288829715,-0.014649548589373609,0.048742578238992515,0.0,0.0,0.0,,
18.233069000000114,-7.593292650765306,4.712544946640393,-78.46856376130434,-0.02436215277697833,-0.005249007127075846,0.0033108000499210565,0.0,0.0,0.0,,
18.242578999999978,-7.657345668337099,4.83939882043067,-78.54938273251835,0.006607984033282438,-0.03262317715740614,-0.0028181287334368152,0.0,0.0,0.0,,
18.25208100000009,-7.610536593871387,4.917382182562315,-78.41403605157305,0.05458473346296413,-0.04946265526150427,-0.010950961774446743,0.0,0.0,0.0,,
18.261592999999948,-7.452563894476442,5.011944046479867,-78.13883839903738,0.06774811396633999,-0.022077723721345515,-0.036708768605064765,0.0,0.0,0.0,,
18.27110800000014,-7.190150861021198,5.092881769057369,-78.00319737466384,0.06309763411496999,0.018467114703176437,-0.05552461257730548,0.0,0.0,0.0,,
18.2806250000001,-6.869487960167231,5.117840126368359,-77.87212919167989,0.040285508101703775,0.04710429052281859,-0.033358264340726064,-0.0035118551757797544,-0.06100722222703525,0.003561060369300724,,
18.290138999999954,-6.538867878011416,5.129081676774704,-77.79166191280815,-0.014463749244739733,0.06685038858647223,0.006139280400237389,-0.010216056281158,-0.07383732226755743,-0.01437844661759125,,
18.29964999999993,-6.217133807683065,5.138810456700237,-77.87591645502884,-0.05215647799499735,0.07996343587857122,0.04062747806951139,-0.012555243481569181,-0.08215359100977164,-0.027169776956407737,,
18.30916400000001,-5.933568856115569,5.136118118209028,-77.97299478617087,-0.0984057971412234,0.06155816590105672,0.06127879849100907,-0.01249622477564972,-0.08464838112711322,-0.02910637380296332,,
18.318672000000106,-5.682962634056781,5.15079511387187,-78.0271998514399,-0.13152442134508227,0.04815078071227315,0.057778468387233495,-0.007739778911221257,-0.08444558609444132,-0.019985701418184964,,
18.328191999999945,-5.444750697076906,5.161783867396554,-78.07019282563577,-0.14497614705292267,0.0432998746160209,0.053881374313310436,-0.008026210310513485,-0.08507846732068876,-0.004666219761298408,,
18.33769200000006,-5.19700179413017,5.114921232410851,-78.03935413211532,-0.14049290753353083,0.04633487290168838,0.04533959055038925,-0.01965236548804713,-0.08864805826545456,0.00879523859547232,,
18.34714299999996,-4.815206699815068,4.910505191822511,-77.96802516431978,-0.09805813186481734,0.05866870515492049,-0.5465570409067825,-0.035112573521929445,-0.09169706467065313,0.012339211753663204,,
18.356523000000152,-5.0787114326954175,5.072600790729781,-78.07940414194822,0.4680740633571427,-0.5303378342937956,-2.6810387288571014,0.009996284038761447,0.04950672351050572,-0.005591252011782421,,
18.366138999999976,-5.88834439114159,6.770491535401185,-78.45635751559655,0.5235232499609328,-0.9546881757562865,4.581789540999022,0.28937196162759915,0.218337885586885,-0.0416280879578771,,
18.375545999999986,-7.368828197346419,7.416614317461639,-78.83546183352081,-0.25776422828590384,0.6329128981451966,-3.842188425023902,0.0582207534837168,0.3054904754268097,-0.01013085094547336,,
18.38506499999994,-8.483496663104694,6.202640162935089,-79.10594998509109,-1.3306927120052303,0.5508768588366552,-3.1948486231889808,-0.2920540051014596,0.16309963471163652,0.008693717498035249,,
18.394664000000148,-6.877351639318392,4.462203830269736,-79.04803075565194,0.8553288679078196,-0.46954343754667566,1.707807936498726,-0.2928280499526161,-0.3890894686818697,-0.01674272724917046,,
18.404181000000108,-7.21406582801813,5.4631686465471585,-79.23735887517337,0.21711224877188856,0.4080862035356966,0.8494486503124882,0.17304453104578726,0.09528706287434417,-0.03636423629454622,,
18.413718000000017,-7.724462648837209,6.617116143389725,-79.34953141071595,-0.39931433481557055,0.6976661286003586,-0.42822308560314776,0.19708311972842157,0.13427705422171757,0.004256471814260355,,
18.42320399999994,-7.498131112414618,6.326591640032916,-79.0803993628128,0.42938167391255744,-0.0838788195746048,0.6022435943423604,-0.059996335398864835,-0.06355082619456676,0.06011707680101513,,
18.432733999999982,-8.041322004173109,6.99977052309826,-78.8812294455669,-0.0866980574672738,-0.3373462652025556,-0.17655126702253546,0.10055492542997926,0.1233241964642215,0.0633721412528818,,
18.442228999999998,-7.717623917265682,8.189472293850727,-78.74718611029279,-0.11545056957485365,0.14489388648977156,-0.6096662696273949,0.23502330002390093,-0.025377891255852675,0.030520874136465186,,
18.45172300000013,-7.299490561096125,7.870505213218153,-78.51180469873152,0.25565588673812956,-0.1838639799346926,0.34522713358910606,-0.05745428766828768,-0.10232276403309572,0.035468008371524876,,
18.461250000000064,-7.28470115288856,7.432036942249961,-78.4177518776944,-0.042999083539476256,-0.6481343704313526,0.052617678497609205,-0.09659236063516342,-0.028922780547620316,0.013948200152182228,,
18.470775000000003,-6.860039700224704,7.835893403965489,-78.55268715151387,0.017312032827055426,0.09520172813828091,-0.10361243178790654,0.08497328524194311,-0.07487319639014922,-0.042944248317932296,,
18.48026200000004,-6.893415394729445,7.3815152383648215,-78.79672591392284,-0.15705928270155284,0.3208623407813396,-0.24891071568342904,-0.10169750258220069,-0.019776530278048803,-0.05254927165927058,,
18.489784999999983,-7.024070519787374,6.443095312938874,-79.09974465689068,-0.1213006544610428,-0.1163109776599214,0.29050534699543673,-0.2006570897691657,-0.018953130142657693,-0.061966526022630516,,
18.49929700000007,-7.1131330802485015,6.484123992362188,-79.49739573734578,-0.003089989250081782,0.25970897114947544,0.3863831852462888,-0.00646908121401489,0.010602216242893486,-0.08204013683316369,,
18.508826,-7.533810958531977,6.6126238509859405,-79.85822413116875,-0.23210505063024206,0.4776289012089915,-0.134842066014699,-0.0010090864975949075,0.07869585242538407,-0.06698659658307524,,
18.51831900000002,-7.797652263232183,6.309083092194569,-80.13956756387061,-0.031311631540885385,-0.06461476116420478,0.15076688721195067,-0.08034802271664755,0.032964520691419676,-0.03508864678290483,,
18.52781700000014,-8.10328533106407,6.619439726255222,-80.27036925346606,0.05154119804747443,-0.1590139330356329,0.1499773191002399,0.03951092296101589,0.06228958308097808,-0.014966199894041595,,
18.537334999999985,-8.420907113552374,7.131830786528024,-80.27702388098974,-0.02787190008708703,-0.022623512588081887,-0.2152265428737536,0.07906000559110149,0.07138448298198884,0.009046125034037044,,
18.54687200000012,-8.560150398962191,7.017004813486695,-80.12150790591167,0.15532637002381408,-0.30988375665519635,0.05654887847287181,-0.03880887428370462,0.0151414398343963,0.03738188096118016,,
18.556371000000127,-8.732107545302762,6.938401664848288,-79.98004346703651,0.144347661540998,-0.3953417015613103,0.027711624589584944,-0.032830290640471986,0.022695720122888573,0.0374080177465207,,
18.56589000000008,-8.769263557271213,7.059062497460905,-79.92790342930967,0.07049322296498974,-0.053955559007272655,-0.17009290675972497,0.0,0.0,0.0,,
18.575440999999955,-8.745564304066399,6.696128001335717,-79.93866865190289,0.0763776159325635,0.04101341403595465,0.018501491681600674,-0.08218098842426345,-0.025607062509967193,0.004486962864504136,,
18.584904999999935,-8.713839502126715,6.221026917723944,-80.03068539833086,0.0258637032092348,-0.012221186195237606,0.15149791623275483,-0.10404816504437614,-0.031039437092324974,-0.013891708574873412,,
18.59446600000001,-8.589793039353859,6.176087179528987,-80.1779619039656,-0.04125301529784828,0.2382830063916301,0.026168772500687568,-0.016056498525753443,-0.03416015245012107,-0.03624311678205981,,
18.60395900000003,-8.506941180744873,6.128722011929596,-80.30730938760712,-0.11514249413391951,0.28723501210578595,0.04228265801076998,0.0,0.0,0.0,,
18.613446000000067,-8.441607110585368,6.026609488551682,-80.33985026699024,-0.10739898575202841,0.03349852041498601,0.15913221108677897,0.0,0.0,0.0,,
18.622967000000017,-8.369692756404195,6.287136993263127,-80.27962282422618,-0.0944595228670444,-0.027444119999013576,0.10076423784747093,0.0,0.0,0.0,,
18.632536999999957,-8.343355820282968,6.597846456099784,-80.10068223343833,-0.11413209552958493,-0.013566347176640013,-0.05409484643855312,0.050801185056205955,-0.0028150395498040964,0.031069522325400646,,
18.64204399999994,-8.392890327679154,6.408001628484934,-79.82234799475465,-0.024086798132164428,-0.22310809082356797,0.04026775355040937,-0.0035674608019077513,-0.010197666232946852,0.05272077876794786,,
18.6515730000001,-8.442508036212924,6.213841661801358,-79.54486232184185,0.025095944100591783,-0.24376427472447823,0.07084378214184288,-0.001630321494913955,-0.00039389868699929816,0.05253798250880648,,
18.661080000000084,-8.496760063147535,6.166169757506064,-79.35064293212223,0.014453663188456159,-0.07686619374187596,-0.00844996030502754,0.0,0.0,0.0,,
18.68005100000005,-8.577678658195776,5.6291650145952685,-79.33768333229531,0.06845444891905467,0.043835209898327364,0.10639597831914262,-0.06708268051817909,-0.0034274268351989507,-0.01704645616613853,,
18.689612000000125,-8.634322958005349,5.662110564856451,-79.5190005364543,0.03091710062368175,0.1823705189469501,0.007520633703400777,-0.045919912271198814,0.011112813289069764,-0.03917429463211836,,
18.699119999999994,-8.792377911365827,5.618061712643628,-79.68137872407142,-0.02151323180321947,0.11816135961693544,0.011814508156113792,-0.05165037582453221,0.021416495059268945,-0.03333599689200727,,
18.708636999999953,-8.925304742426869,5.590818390010452,-79.6906824756275,0.011670961468441605,-0.004598179449017726,0.06755204956339177,0.0,0.0,0.0,,
18.718148000000156,-9.018556020892905,5.74807798200457,-79.45229267441651,0.0,0.0,0.0,0.020243219983862186,0.01721070124997103,0.045648536298658365,,
18.72764600000005,-9.09206121580682,5.789704089088243,-78.92374217206303,0.02619217031540698,-0.13379605296168742,-0.013823720337963691,0.02414906882795703,0.013559619302176059,0.10337935628483699,,
18.73715900000002,-9.101809761976055,5.81927315596908,-78.17284397500426,0.03555925804390661,-0.16981046012077652,-0.017681808213308878,0.031478981006078474,0.005279228988168646,0.14663778219613596,,
18.746679000000086,-9.025806791903566,5.889233509269852,-77.33839702127084,0.05959878257879594,-0.10385890374627327,-0.017450529341064613,0.028974205180382843,-0.006595741585869349,0.16161386784926043,,
18.756196000000045,-8.929041475955458,5.886152624909506,-76.59135127520153,0.05686717474095159,-0.048352859849081456,0.026234617510276566,0.003205188404744264,-0.015561816882113989,0.14364696100829769,,
18.765695999999934,-8.840320985628766,5.909680385934424,-76.09614645542071,0.025562720178735017,0.04630020245576384,0.03238542597409181,-0.012066149704550107,-0.019701521538751383,0.09333958477713845,,
18.775206000000026,-8.808122809672406,6.006205783964007,-75.93862074175044,-0.035726296156963724,0.14263920680936223,0.015471183495538545,0.0,0.0,0.0,,
18.78472099999999,-8.860532807249784,6.0795990539983595,-76.10200577099741,-0.06288867932403078,0.15769756298660415,0.06758556082844477,0.0,0.0,0.0,,
18.79418499999997,-8.938744570339354,6.039497373463058,-76.48627312848453,-0.08356118869667323,0.12532934333275575,0.10984882323404584,-0.02238402585816643,0.004210583359634786,-0.0792698165271588,,
18.80374299999994,-9.150629362131859,6.202653295199298,-76.9533189694999,-0.10045707117853016,0.07115178348655538,0.09299732324150702,-0.003351024344918426,0.019358338326062586,-0.09293188380543492,,
18.813252000000148,-9.40659869845683,6.328935217160549,-77.33638839788071,-0.08386119953002763,-0.025802647734355123,0.06122288129425527,0.006818228777866191,0.02874662596665328,-0.07503267571995015,,
18.822771000000103,-9.671264023093407,6.408059220996322,-77.52618567666933,-0.043015000551313555,-0.10998917613411877,0.05012383720462759,0.016085581140111882,0.036950117533366106,-0.03603276513088954,,
18.832280000000083,-9.902200851857724,6.482971482851555,-77.49161322147219,-0.004244634294631152,-0.13670309400685254,-0.00913120077307532,0.0,0.0,0.0,,
18.841787000000068,-10.046308219700757,6.5236102624837695,-77.27360421545372,0.02722723044584104,-0.12055775513349118,-0.014133359487192474,0.01631004085609232,0.032724390051890345,0.04310558879126965,,
18.85130500000014,-10.121897118342877,6.525160809584009,-76.97538975097515,0.08319141880175618,-0.06770363974551209,-0.021511262596548984,0.0011828278565992173,0.02488751919034562,0.0576506766449273,,
18.860813000000007,-10.126994896711011,6.565612595789434,-76.7215139573952,0.08636083847002513,0.022251576197167278,-0.01582121818888171,0.0,0.0,0.0,,
18.870321999999987,-10.072637336399298,6.645211893245071,-76.60020994700614,0.06744417373750626,0.0945333153750381,-0.006758220721832374,0.0,0.0,0.0,,
18.879842000000053,-9.991309377225187,6.7225814461181885,-76.64835772887419,0.032340446272800936,0.12126508976609066,0.002477838471685969,0.0,0.0,0.0,,
18.889341999999942,-9.914917085880946,6.830432594347788,-76.84271734188592,-0.017392199439303254,0.10680940888452918,0.05543639496712787,0.0,0.0,0.0,,
18.89885100000015,-9.867524189567266,6.9635345552990815,-77.1037184409652,-0.051460376376164546,0.0704648256917602,0.04779629561409059,0.002110835203442792,-0.022906622362504077,-0.05728906317738265,,
18.90836800000011,-9.862417070118381,7.063608619889121,-77.33164904100214,-0.07294715091443295,-0.02230687379640064,0.04653306859654103,0.009889479284686965,-0.021604214021519352,-0.049661794641506975,,
18.917887000000064,-9.903982601882886,7.143948342383257,-77.44854072934562,-0.0852439795489089,-0.06957621832366188,0.052835008350701394,0.0,0.0,0.0,,
18.93690000000015,-10.070646116944983,7.1983659810024925,-77.25221155237922,-0.05054271388661355,-0.09810108777903827,0.03491349252745963,0.0,0.0,0.0,,
18.94640900000013,-10.16916471735045,7.167092921674112,-77.10634218413111,-0.02533451292020692,-0.06270670296315181,0.027408656565608404,0.0,0.0,0.0,,
18.955918999999994,-10.250634466073652,7.146753551805563,-76.94947390631458,0.005221973813918947,-0.0020544495532103077,0.02536629112226021,0.0,0.0,0.0,,
18.97494800000004,-10.373642034092493,7.159945337582514,-76.90059151817188,0.020083101607415756,0.0953580696850762,0.0034990799115751886,0.0,0.0,0.0,,
18.98446200000012,-10.417745634759495,7.1350660267515735,-77.0270451661681,0.025853716915620818,0.0776941125740778,0.000850945641995899,0.0,0.0,0.0,,
18.993960000000015,-10.44638464305547,7.10923602063255,-77.20060540905745,0.027913285391750923,0.030060624034298482,0.03250605264409335,0.0,0.0,0.0,,
19.00348400000007,-10.452978669186102,7.108084649645402,-77.29931748031302,0.009580696524216463,-0.0037064725780743385,0.045887561723840536,0.0,0.0,0.0,,
19.012983000000077,-10.385505249561216,7.116477495045184,-77.29218591425024,0.03191054926190943,-0.07793752019625148,0.06652682942054532,0.0,0.0,0.0,,
19.022504000000026,-10.288223571519099,7.14234319732382,-77.17251567631382,0.030574996585368306,-0.10720835401333498,0.01941886418336271,0.0,0.0,0.0,,
19.03201899999999,-10.119585564520042,7.2442528049275605,-76.98604110989942,0.026210958305810276,-0.08033910220857712,0.031356172365046654,0.03408705119326206,-0.033298859121911155,0.02929178624252413,,
19.04152399999998,-9.944493815779994,7.365466221029927,-76.81923736920731,0.009250001469799906,-0.039497228562254,-0.005243731978999645,0.029829703499060077,-0.035387383133194984,0.025056108666917633,,
19.060353000000077,-9.355057837102285,7.174440149169644,-76.81277580502262,-2.9174672600711316,2.291212506130999,-5.154840255778771,-0.052424571873682255,-0.10556912101439296,-0.024135735322283712,,
19.069971000000123,-7.968706217302287,3.501303513346228,-76.48917318977654,2.0757095037114794,-0.14023155786834432,4.307535152863134,-0.6621387698935255,-0.4490667814136111,0.0005513571035442707,,
19.079369000000042,-15.02388846190806,6.855485500168861,-78.026510201614,-0.07083031558277857,-2.747083860600479,-3.463515552533313,0.33606069330470184,1.5112951833326205,-0.1313965740853118,,
19.088895000000093,-17.51028249294698,12.21843477240881,-79.58794084206082,-1.9232232161741774,1.21685690420232,-2.937463752793419,0.9478479949251275,0.6803097671180598,-0.19123063247594202,,
19.098316999999952,-15.786721036138282,8.686862464084415,-78.18700652075165,3.2526655318333226,-2.3027005063311172,0.833443417886406,-0.6407857301615835,-0.47745825731964586,0.24631685821200258,,
19.107831000000033,-19.37760130700048,7.158259543474953,-77.29231270209529,-0.16057841256024707,-2.3777740608295344,-1.134504783133456,-0.46178575526206045,0.6220301058328827,0.2764387965607964,,
19.117423000000144,-18.580146174538058,8.415010626909945,-77.10366280143336,-0.5726726447928518,0.728768777463868,-1.8778958560922625,0.26921542576627094,-0.10767634099743464,0.014070950974861579,,
19.127026000000114,-16.99355154520078,5.739332009362856,-75.73261567270023,1.401815203270525,1.438128705309097,0.5665591167079561,-0.4575436248035222,-0.4423170476201,0.21087702032313896,,
19.145880000000034,-16.50179300675647,2.810718871830769,-74.57853559904848,-0.23003101161628453,1.4961396839401702,-0.37962799075099857,0.16554826902038458,-0.33601433045820345,-0.050721823054418226,,
19.155574000000115,-14.66736612398591,3.5979859934659943,-74.98974691405019,0.283139573616046,2.351742414074079,0.5737206607794718,0.23802771385862123,-0.3218961447864976,-0.13623358182585987,,
19.165077999999994,-14.347937524080079,3.012903078730053,-75.30685636463143,-0.5087526180766435,-0.059871018354240677,0.048207512529563526,-0.10767615408229228,-0.10145812529580164,-0.09660126004926317,,
19.174592000000075,-12.554813527440974,4.27969895510025,-75.8062219153503,0.12009427934535957,-0.5771857171327538,0.5894431228733351,0.3245185643140894,-0.2928392454559988,-0.1508205176834183,,
19.18410700000004,-11.37039584484572,6.284866837307849,-76.11516079441576,0.018787710736153956,-0.5997370140890578,0.06304796821293604,0.43610814314763774,-0.1405828341145338,-0.10470007400581045,,
19.193422000000055,-10.790023459986665,6.281461204766538,-75.59505223698126,-0.4119779656184924,-1.6389629628837807,-0.43999793706960894,0.016775065991162935,-0.12144160121413934,0.07755276380485868,,
19.203132000000096,-9.53516500803167,5.904937702344416,-74.42266065048305,0.29177021839315054,-1.769493678406836,0.5838500361782212,-0.01863735708776901,-0.2703768227968981,0.18920539603903216,,
19.212656000000152,-9.050646409372247,5.990858818300136,-73.1319239038657,-0.029081563250970725,-0.5365416270640483,-0.07830115795536262,0.0331603314771743,-0.09750213303915692,0.2340411597200646,,
19.23166900000001,-9.073080234981605,3.251796843378025,-71.30222489778814,-0.05339608284944645,0.5728361491612376,0.6330758259792417,-0.3179558094359299,-0.10996775950395342,0.11449621426056676,,
19.241171000000122,-9.616894915362074,2.6847031382048843,-71.53365202665164,-0.41114640997035556,1.1341412353834976,0.06176390716119634,-0.15238544869508644,0.05672810543235358,-0.0492293414135092,,
19.25069099999996,-10.056528806968968,2.5543755946217743,-72.39257906204962,-0.31113204665676186,1.320158008868019,0.4163209607162069,-0.062268516020743896,0.06553312357019557,-0.17518624380968043,,
19.259813000000122,-10.619580314021727,2.633389355833107,-73.56657977706034,-0.008937019232047162,0.6139763251591418,0.4796075461457313,-0.028266077033131595,0.10254633903540021,-0.23320464895720824,,
19.269716000000017,-11.34644606455818,3.6424353768882285,-74.73464697490012,-0.019722278381791702,-0.039514044864165765,-0.14905714706537315,0.14406627185098497,0.18548402258271832,-0.22908278155892783,,
19.27923499999997,-11.919402099183797,4.943438960392846,-75.47205378036446,0.1675470320670674,-0.43138640908865605,-0.22264862691400197,0.2116819585957332,0.1680908085843388,-0.1293844686182164,,
19.288743000000068,-12.415869146631243,5.636492803057073,-75.42089220715492,0.3491720478551544,-1.0355653448898097,-0.2524816606010055,0.09872840244049319,0.12126667890635903,0.036621700479004184,,
19.30768000000012,-12.384106407474768,6.42307374430691,-73.50523261105309,0.4018841227422514,-0.596680721402648,-0.2048481404168644,0.05899409456275985,-0.038606715954088024,0.23108765114545368,,
19.317277000000104,-12.031147731946195,5.997948536980454,-72.26819810888503,0.3307700717741287,-0.07283593018398105,0.013861932784664287,-0.07106125868524098,-0.10214401837619076,0.23676361786825628,,
19.326755999999932,-11.692020578062163,5.300386520089212,-71.44775186372284,0.12450677949163638,0.38680646782963746,0.09357623797096573,-0.1219118910764214,-0.1178335587066764,0.15430735371430448,,
19.336279000000104,-11.288924013328655,4.885121788121801,-71.30073001388172,-0.13705652820472627,0.8788137721851751,-0.016564162355287054,-0.0632539048697834,-0.11290153445604434,0.0189390882999152,,
19.345796999999948,-10.899304098063379,4.61730578150159,-71.76352177221116,-0.1775082761525903,1.0007978328158176,0.1940962359794962,-0.03641145465479892,-0.10080757095397586,-0.10252518450226122,,
19.355291999999963,-10.727611357908668,4.639924674300316,-72.65590234341683,-0.27134493793822134,0.6336993690474954,0.22010357568145955,0.004481195508312075,-0.04113477232323784,-0.1848965412552766,,
19.364819000000125,-10.575916338060258,5.286353045829993,-73.64656407838635,-0.23217761916680385,0.23999495580445507,0.24278717782158812,0.12222037892075541,-0.0010329180676167471,-0.2160411109973599,,
19.374330999999984,-10.612095231592795,6.182047005223786,-74.43544069195265,-0.1734523772561207,-0.21596273766282864,0.16880439164181707,0.15987167314103626,0.046855237561401586,-0.1679027345885846,,
19.38375199999996,-10.799790608179894,6.881539588575331,-74.70201406054399,-0.103272025344566,-0.7526164647129611,0.062372030851376783,0.1144205798328791,0.0639150847478039,-0.052754144102035404,,
19.393354000000045,-10.923049517967986,7.493359835637285,-74.34970454174315,0.05107673692381653,-0.9181610146115636,-0.024737205322213397,0.10090154035130554,0.04690318908501576,0.0699431435200852,,
19.402886999999964,-11.076355339005909,7.894837780162092,-73.52954507952153,0.06603860619494005,-0.6603732375592902,-0.20141880552572122,0.058302128436714444,0.04196061585758277,0.16463718676354092,,
19.41238300000009,-11.240418693716592,7.777084040267147,-72.52010058059838,0.10976377909383385,-0.29420405661742655,-0.10000224112833037,-0.04246342406908585,0.014521927086176667,0.2029571094363219,,
19.421536999999944,-11.493254479858283,7.37589154478742,-71.72578097520156,0.12979033263734613,0.1430352440971251,0.06651649566273561,-0.1021533496190643,0.013199934780362554,0.16217428065867756,,
19.43140100000005,-11.881620551679765,6.985130096190322,-71.43999570709974,-0.020755131813041724,0.5816088146771466,0.03329218391793519,-0.10885381380595795,0.03849767368200202,0.06351903143517264,,
19.440915000000132,-12.224042451426563,6.584859209616922,-71.68323534974746,-0.061096893649985204,0.7574253582156547,0.11735502654479231,-0.1078445497854372,0.029256566335629577,-0.043917135056386745,,
19.450424999999996,-12.502128779540563,6.35528048405076,-72.34119875016333,-0.04538654417708295,0.6423932805003669,0.13836202367136466,-0.07118344494058905,0.028537736783528105,-0.12869932591367672,,
19.459964000000127,-12.709095851279345,6.515188829088013,-73.19898907669346,-0.0681813766469445,0.38244570283463303,0.03378626537211172,0.00788672478333677,0.0390875936023772,-0.17030981863197261,,
19.469455000000153,-12.797874125937211,6.926340451485068,-73.87223820186486,-0.009388976560517183,0.03246981565154885,0.004106019906848439,0.0633240721173968,0.030712654411105392,-0.14778804354700364,,
19.478966000000128,-12.783283563298735,7.344591396991437,-74.13899369087056,0.011900347123367723,-0.38968760721861334,-0.05394906607145553,0.07063923298753279,0.010789954708854653,-0.06310196221910509,,
19.488477999999986,-12.605208913692461,7.742403785405166,-73.87904011965959,0.06670279314692107,-0.6152527913171667,-0.09032537703861895,0.07568302347842405,-0.021585088626126285,0.044023312518780965,,
19.49798899999996,-12.297051804095608,8.005485931848405,-73.1320087406205,0.08705291539918555,-0.5499723761726422,-0.11479692873515251,0.05734945473567595,-0.05331776498353576,0.1376867102036682,,
19.507532000000083,-11.950318478096825,7.929121493955661,-72.12982000106511,0.0704088880162523,-0.3278909616995993,-0.0745702339854495,-0.004426973366676949,-0.08003515083945428,0.1875369715307102,,
19.517050000000154,-11.6523710552965,7.580834606709434,-71.23020561085467,0.011547940657178467,-0.0028445690985131364,0.04815634230961016,-0.05782749269595638,-0.08805901511940786,0.16854338388622325,,
19.526540999999952,-11.494138846398108,7.134475765364316,-70.74471860733959,-0.058317134227156335,0.32489682374304985,0.10064429946282517,-0.0843686733771473,-0.06894626020365202,0.08962267841431283,,
19.536025999999993,-11.472182497847058,6.654043520934886,-70.78567376494479,-0.14954230760412107,0.4924411866875988,0.1634315009742194,-0.09948716477610567,-0.04594803937833233,-0.012216440609814135,,
19.545528999999988,-11.563550544192912,6.2866978680591,-71.28003214126247,-0.12809257976726138,0.46609512175521933,0.19218150445086832,-0.08563512922390577,-0.01677945409708847,-0.10035812752144789,,
19.555057000000033,-11.74465712961097,6.193803496323413,-72.01230194121251,-0.14334773214203758,0.2881627736998204,0.14822332090162343,-0.03928134553427192,0.01842499455937004,-0.1460637839235114,,
19.564575000000104,-11.979866066320612,6.327724802228314,-72.67718193947142,-0.0910380543916491,0.02070316211335613,0.09557221665116161,0.0009662875772021544,0.04293840836456151,-0.13133423763276408,,
19.5740780000001,-12.225439908005477,6.57880176479351,-73.00033847813312,-0.00579478528386239,-0.26934271665591286,0.034126556503179126,0.02316467401075564,0.05178179087565536,-0.062485517164251755,,
19.583593999999948,-12.408078178684697,6.884705406296836,-72.85279289591996,0.08286724202264807,-0.4337396438681877,-0.04220163620857973,0.03744412368081781,0.04294530654469302,0.03053675901760692,,
19.593135000000075,-12.482722292742329,7.130129469849232,-72.28384423496837,0.15181370144839954,-0.4054509612501481,-0.11484740873839289,0.03207527350293632,0.019020070459730712,0.11244263645566982,,
19.602646999999934,-12.467404392081484,7.184990928449585,-71.50125232320794,0.1848349740853022,-0.23805056033415253,-0.10421956448230939,0.0011396873884960575,-0.0094797141414061,0.1530077226729011,,
19.61215500000003,-12.390028027562776,7.0354804165706915,-70.80320296906544,0.16439556278513218,0.006279934782270622,-0.040761605203236226,-0.03349536133563486,-0.03436136141851231,0.13454183762127522,,
19.621667000000116,-12.281484676323304,6.756323329755279,-70.44991401523632,0.0939733227177151,0.24761243855282847,0.02892596210613127,-0.05563339948864592,-0.049117529421663975,0.06481780516392094,,
19.631163000000015,-12.17280758219386,6.427018298558894,-70.54848701809264,0.003945321356362789,0.3719974104391615,0.08251890913087216,-0.06499990298278471,-0.052607846358831395,-0.025543503053759603,,
19.64066300000013,-12.069026189360285,6.165275098668518,-71.02984159505021,-0.06868218743542658,0.3440281563367782,0.1227173986657327,-0.05281962423495518,-0.04689424074761653,-0.10196895319052154,,
19.650165000000015,-11.992518577151369,6.0889437198422955,-71.62953154007045,-0.1213149790100741,0.21014804198298168,0.12079228900519479,-0.019803453792655606,-0.029361748623609383,-0.1376749439466469,,
19.659717,-11.965421617304923,6.200964077459452,-72.16122952696223,-0.13853297201537412,0.006711462402911856,0.08396966031252073,0.012702142736087293,-0.008070058556809081,-0.12043599485083145,,
19.66921000000002,-11.985816451870956,6.449286363108694,-72.38566816977261,-0.10181445225658421,-0.20312547227903238,0.07908879281333439,0.03578136166748799,0.009166854437747084,-0.05978986725177017,,
19.678734000000077,-12.028679115477638,6.764622836628859,-72.24205258765788,-0.05787063931772145,-0.32356152386465137,-0.0014564136984966498,0.047237261578574906,0.017453746144833273,0.019783712775018333,,
19.68824500000005,-12.052328346802485,7.030397801059578,-71.80934895968363,0.010191015258113228,-0.30947792963390675,-0.01794934060694674,0.038910552635050076,0.010952578419393497,0.08814443784208642,,
19.697767000000113,-12.06617238513827,7.144329720409324,-71.23116969185048,0.0626249647365466,-0.18428819218582249,-0.024396410388283506,0.010589454080225182,-0.0001991363679736544,0.11974386428016164,,
19.707306000000017,-12.008977792246522,7.080100941732865,-70.72881207993603,0.06575955289561446,0.024944382279287282,-0.014841791485622894,-0.02298626490713194,-0.01004528110562487,0.10065846866268549,,
19.716785999999956,-12.052055459209248,6.848984621872399,-70.52681788667566,0.03648057701919787,0.23449954618706145,-0.02884523146440051,-0.056561161684290054,-0.0174543542455719,0.03811670700038582,,
19.72630900000013,-12.12222552171847,6.478532096202084,-70.74402136569074,0.003826577242007695,0.36051404217696525,0.012023078859570747,-0.08470722115534186,-0.021599085079797388,-0.045186769157434054,,
19.73579799999993,-12.185225393268531,6.071344628783195,-71.34710961002916,-0.036196303021861685,0.37611243027237345,0.02045955289105113,-0.09137951161630072,-0.02471384301245806,-0.12265160951693614,,
19.745325999999977,-12.203004647578293,5.720365241794056,-72.17668055933336,-0.09425164851559463,0.293149538638147,0.030845905393376317,-0.07818068614821529,-0.028594352941510467,-0.1689729301571832,,
19.754867999999988,-12.193029631930877,5.618988505146988,-73.01011741068686,-0.10032881749540275,0.14559416743086595,-0.009837414108569033,-0.061735168700901205,-0.039838736517792864,-0.17029599887817312,,
19.7643700000001,-12.136070523121678,5.3674809577741565,-73.63730888176514,-0.10318714218730413,-0.027275272448375472,-0.03085496247088393,-0.0462031988021994,-0.05775549915612419,-0.12982455437428908,,
19.773906000000125,-11.990723560014452,4.9842971064558785,-73.921776104319,-0.0760579837030291,-0.1837350335851589,0.012869087810782052,-0.036178317930435314,-0.07600277640912396,-0.06264011703675304,,
19.783362000000125,-11.602910058339303,4.712368609568983,-73.82224756074193,-0.054777858184172926,-0.2763749516118806,-0.09513137182262527,-0.04138535738658831,-0.0991755619818173,0.01011916238449486,,
19.792828999999983,-12.38066687090742,4.943803258671161,-73.59085235013049,2.9126987362553387,-2.204754034266517,3.2557843848054957,-0.009615677173421992,0.15226506213994687,0.05635604743649957,,
19.802151999999978,-16.460523855430843,8.352323105573449,-74.03267358943157,-1.1539091737955567,-0.6192532850172119,-1.3431337912135346,0.42011255515811186,0.9594617526804332,0.04680156602048657,,
19.81173200000012,-15.654723668924934,6.971829227871373,-72.77535192914908,-0.7264442278610067,-0.5752268290657846,-3.7564046206061175,-0.23029627549807483,-0.24180951946635587,0.26746228070872335,,
19.82135100000005,-14.843512910973015,3.7243090400123555,-70.77054207535342,1.8435467674669228,0.6938037965571935,2.7710860301692635,-0.5772297083363717,-0.3678700767159612,0.37056212703260755,,
19.830895000000055,-16.773533093366037,3.636634594913797,-69.92917833594564,-0.557888086322062,-0.10344367011673097,-0.08751136826078273,-0.15647222693201235,0.34677814712150445,0.18049736608939074,,
19.84019400000011,-15.791858023688597,4.8959551078765005,-69.94122690689373,-1.1314675964326812,3.1011607012379736,-1.3401810890087955,0.2941410474862608,-0.10833632659187056,-0.005474578408776511,,
19.849891999999954,-15.450115975537555,3.616665675293606,-69.9870653623243,0.5064421092879642,1.335143745437796,1.261099551641131,-0.22731328204437273,-0.16250369327925746,-0.021039238673285623,,
19.859407000000147,-16.10158033705073,4.23435433630273,-71.10177929455695,-0.655383466812286,-0.18319787716165228,0.14562878769811913,0.06305601584497562,0.15366096010664926,-0.22432401588229592,,
19.86891300000002,-14.849833960368718,7.138401862137541,-72.893733630071,-0.027045506877379083,0.8602262710690821,0.3076768949018338,0.6198850356972213,-0.06705897809702706,-0.3985232132135828,,
19.87842999999998,-14.998808410592554,7.89440191316349,-74.15449199517953,-0.09375097792431039,-0.7482600432045885,-0.17039845933477415,0.12604508559140631,0.061815126475012035,-0.2660201765571481,,
19.8877480000001,-15.17542599053187,7.962735139383722,-74.763159127686,-0.06748109489219643,-2.114288118953546,-0.1128537469965252,-0.007086871403231926,0.027951890389093896,-0.1359134075941337,,
19.897447000000057,-14.94514562502656,9.44034927297796,-75.03256077212818,0.3894484984152242,-1.3256246210729012,0.12139941511701781,0.28668934743900115,0.02393315919629215,-0.07795305384843773,,
19.906780000000026,-15.511873541633701,9.527903629047097,-74.5943999382585,-0.48027127615818194,-0.6462851216321672,-1.005401468871801,-0.023295306505600123,0.10321141646931548,0.1035491946448804,,
19.916468000000123,-15.411487583105801,7.898624825225805,-73.52972904470543,0.2275046312437879,-0.5848837636288674,0.4124415964191344,-0.3190636433798536,-0.11844142715048052,0.20737439232920732,,
19.925983000000087,-15.642954422158144,7.258766896497681,-72.86102458165388,0.12978713416915927,0.3469541475840122,0.48185778574241733,-0.14655852268615754,-0.0029328645569793163,0.13739188683024078,,
19.935320000000047,-16.067722523110298,7.0314992893464705,-72.71137979671153,-0.6319948405170254,1.5120781207857614,-0.3377425650485472,-0.07900933119231712,0.05723922002778897,0.03804899666290401,,
19.94500600000015,-16.10259624312385,5.949761748201452,-72.75125310819502,-0.04194714941278552,1.2212474812942917,0.4802487485390547,-0.21947204235770754,-0.06776998161671688,-0.02140917102807857,,
19.954517000000124,-16.428586340109526,5.828601691175307,-73.39567107241014,-0.040661335193472474,0.7083057767754617,0.29498908542725183,-0.05278048749252133,0.0451916927677268,-0.13380939216941298,,
19.964030000000093,-16.636437686145353,6.99640619443578,-74.48438657544364,-0.17920083000836787,0.7428629390656378,-0.11049184450910289,0.20249584783420824,0.09491633793934352,-0.22291598686097316,,
19.97355800000014,-16.78485168071855,7.640621974929372,-75.25191838929567,0.13066769503139136,-0.03863745185370626,0.08575916348673258,0.10587703684447616,0.05274836179862631,-0.16329962287368271,,
19.98305400000004,-16.916755414023065,7.9857594506044975,-75.52190951719176,0.2242062385368054,-1.0715559746482346,-0.08290476542660254,0.0492463241010194,0.033401098435871364,-0.062210249872955155,,
19.992561000000023,-16.69053177606378,8.843699933275412,-75.38479641204346,0.290881514914668,-1.031055315252867,-0.25685583125914474,0.16657884620066407,-0.009523978202096741,0.008736689295885426,,
20.00208500000008,-16.39802209821632,9.004867818053144,-74.65687652418198,0.17536189534779534,-0.7747132537916535,-0.4392769268811998,0.035248477048339125,-0.05704105371217705,0.12506841358383208,,
20.0115780000001,-15.992660960853097,8.14933863537471,-73.49972004303837,0.2561630117679639,-0.6878526897493705,-0.119411347062511,-0.15340307609954532,-0.13404480813226435,0.2013334803250752,,
20.02108999999996,-15.611617270181139,7.467607979453737,-72.53778757795959,0.20607652290728418,0.029623730408782058,0.2561864227295786,-0.11891953258496289,-0.12224767403684794,0.15405601958345996,,
20.03060400000004,-15.440861420606753,6.773613566858025,-72.0852219704622,-0.16364332515886976,0.7942356869682135,0.016365189620275947,-0.132493573102822,-0.08469634612245319,0.06653409299839928,,
20.040108000000146,-15.349666471174732,5.676258246274124,-72.13183617140109,-0.18164840610544727,0.8574568421950314,0.2538397480984384,-0.21397939521627976,-0.0949292116685206,-0.01960049548900442,,
20.04962999999998,-15.319891213462189,5.134824490121002,-72.68686809223045,-0.1838276435805353,0.6948585860007834,0.2886647288777435,-0.1120478942033903,-0.04846882047630945,-0.12408343346861611,,
20.059132999999974,-15.373974514815323,5.5184889009518185,-73.63156586663742,-0.26006006891781336,0.6136500725548779,0.15954979432434052,0.05978456070080348,0.022809111406183954,-0.19759927359169957,,
20.068651000000045,-15.506571420723795,6.01085347834279,-74.4973269009573,-0.15408931477708987,0.10072330983280392,0.19148435379170464,0.07678504104771648,0.042864563600925436,-0.1731913481248448,,
20.078164000000015,-15.6550964286924,6.475697143339573,-74.92362309644871,-0.015730217365929697,-0.5895586025107115,0.10834952324078512,0.07113188266242028,0.043553803882151826,-0.08464577049336407,,
20.087670000000116,-15.70893373444885,7.190646915930568,-74.83057594969904,0.09318164660423758,-0.8163650763178295,0.01890785942962143,0.12456341082716073,0.038184920571502724,0.017329927440273094,,
20.116220000000112,-15.543055225770436,6.918675250893298,-72.15811858936098,0.21757741429738658,-0.13166484798836525,0.028818136883851538,-0.07698809587046838,-0.038927703097330575,0.18508532079522602,,
20.12571200000002,-15.59349274588413,6.464120948161707,-71.5291371740748,0.06634248257910498,0.5062272256260989,0.040477207540495753,-0.09995155225777888,-0.029080791264092288,0.10123016377419852,,
20.135236000000077,-15.723681644204284,5.651823477104212,-71.36368481524383,-0.03450630303053814,0.6596530036172304,0.0791311300260228,-0.1727432655402711,-0.037625959389718806,0.002685807042550393,,
20.144743000000062,-15.775355950569553,5.0235411223588455,-71.82341996574073,-0.054556753986190115,0.6663656827986479,0.15805528286645368,-0.13298739542813362,-0.04018173823338246,-0.10458255321709845,,
20.154254000000037,-15.79203932696322,4.859229750664919,-72.66617386082683,-0.1224642525247672,0.5853722551448023,0.06855195633380591,-0.042832272753178094,-0.016892276824051953,-0.17748360809159144,,
20.163774999999987,-15.797300162812954,4.877891461178942,-73.48778671262049,-0.11574002195919608,0.19973448284178405,0.0345395961450138,-0.0073474436448097025,-0.007770973643509159,-0.1737587547160638,,
20.173283999999967,-15.749256004566641,5.099602477857924,-73.99140046908093,-0.019110123249588266,-0.27249702004084875,0.09679645685526934,0.034604544193152044,-0.006515911813411553,-0.11066183291292428,,
20.18279899999993,-15.640323183085837,5.556331156133859,-74.03896602139683,0.017469153360482124,-0.5283098983461721,-0.013740943880809481,0.08319572097830336,-0.005421748549681897,-0.013970307777623195,,
20.192322999999988,-15.448866875444677,5.8677613965305975,-73.52827436271131,0.05933484493909993,-0.5876361697608001,-0.12215578723283713,0.05989384344985677,-0.02902554634894467,0.09594363321165014,,
20.201821999999993,-15.220726456652114,5.833830112150747,-72.63721956680236,0.12940162894691717,-0.507853302176366,-0.04579872888002594,-0.0037868961544699122,-0.055434406190024016,0.17121621011994445,,
20.211344000000054,-15.03249754170551,5.58547809053386,-71.73759159205514,0.12103870690810725,-0.18241729825629144,0.023115465270438135,-0.04623279446736286,-0.06106837889282264,0.17382146059335432,,
20.22084700000005,-14.957921415144238,5.100806297236096,-71.14685656103661,0.03729641845656772,0.2111661385630385,0.02989855119794427,-0.09752726669638398,-0.05525499341029765,0.1143617002112657,,
20.230358000000024,-15.004695536365151,4.421509125186319,-71.04845363081708,-0.024788946262691867,0.4225735282306396,0.09779408630170418,-0.14194173809795432,-0.04555156532020512,0.018027336955374007,,
20.23977100000002,-15.108015110416886,3.843544133556137,-71.47048145931596,-0.07906981832308822,0.5010881828262919,0.13323504628949634,-0.1265096067624172,-0.02790218590730298,-0.08538219576210003,,
20.249368000000004,-15.213136048972846,3.4954114922233543,-72.23363356537338,-0.11493437789368982,0.43062315061157624,0.10804228764832202,-0.08318061999105485,-0.011883886342223723,-0.1537683904536558,,
20.258890000000065,-15.2962118752207,3.352538783581426,-73.0276023237632,-0.09980750124356622,0.15302583296528083,0.08848782998610055,-0.042782460590287195,-0.002684149398809935,-0.16025324243442274,,
20.26839999999993,-15.335202978951797,3.476876020410436,-73.57502328295982,-0.046360204085376854,-0.16074724983751576,0.058202606322247996,0.011002176225249075,0.004734261190992854,-0.11141278304559611,,
20.277917000000116,-15.317053831657045,3.793578822681982,-73.68121797571857,0.011006809406857443,-0.3636313040987085,0.001800999692429703,0.05124307339824265,0.0045422631842413535,-0.023790638934831552,,
20.2874240000001,-15.230897701173284,4.072857996416719,-73.2922307673944,0.08594208026854663,-0.4643652280310855,-0.04817602563404326,0.04793668546039563,-0.010523721222567457,0.07435954520699707,,
20.296964000000116,-15.087397159970093,4.222667978342158,-72.56279004412946,0.12709065057294133,-0.40462569424442923,-0.031313800900620935,0.026631835660187578,-0.028637688287981244,0.14158556968606845,,
20.30647900000008,-14.918475479599133,4.20472231199463,-71.77034864021162,0.13859589098142777,-0.1557200976663059,-0.03621445975807038,-0.0034148060007137093,-0.0434062497280571,0.15375559491479207,,
20.31599600000004,-14.768435038751699,3.9492680783329415,-71.18882268307499,0.0979939798049823,0.11167527660994672,0.016256651678617277,-0.04920761326636181,-0.05497181215608854,0.11186383658923064,,
20.32548399999996,-14.655903612740202,3.547902116899353,-70.92063099176288,0.03289716013758588,0.3009592663471449,0.06231707488695322,-0.07884192460669531,-0.0577875372333983,0.030273691327950752,,
20.334999000000153,-14.57010854231955,3.1803063831799965,-71.08376612975354,-0.04391730426820034,0.39734098776353227,0.07538250354742947,-0.0741475780428277,-0.05059607622615867,-0.06110266603295935,,
20.344504000000143,-14.507122463571065,2.921882315080813,-71.54849913059645,-0.09491260941631331,0.3351743023610724,0.07987079230684693,-0.05519035709609218,-0.038834746974716734,-0.12493207830117747,,
20.354017999999996,-14.465567234810756,2.843110077063186,-72.21390235565099,-0.10053211675436063,0.13092285316969668,0.10147799938816883,-0.022749031607506066,-0.02295400744540628,-0.14032710661416203,,
20.363542999999936,-14.44353130907698,3.002671850520755,-72.72619562506428,-0.07730740698363202,-0.09216960045100459,0.09074455373408992,0.021369147316755162,-0.0046204800391561884,-0.10521792296333704,,
20.373061000000007,-14.43447354788668,3.30277733771049,-72.86880000461515,-0.03127929198804226,-0.272280453434577,0.04108788867861995,0.04748722754239839,0.006041606750548642,-0.031098688098199538,,
20.382571999999982,-14.412024975544377,3.606944858710989,-72.58912841370454,0.037431133627406674,-0.36618983303778707,-0.003714553799001509,0.0490759305186678,0.003757235850090019,0.05325098956822684,,
20.392082000000073,-14.377154985027497,3.8438564294180297,-72.06990452037745,0.10892491199500426,-0.3134024424033981,0.005675946640900445,0.036981915315567736,-0.002391552158197828,0.11388207478348623,,
20.401607000000013,-14.357359914407924,3.946447956636385,-71.45811474284562,0.1290507521493554,-0.14741063915119743,-0.03183764287361139,0.01050880677580053,-0.007570816081096808,0.1311912721964859,,
20.411117000000104,-14.376060579085651,3.8917831504339246,-70.98911035771391,0.12187263302019696,0.04437614857092074,-0.03316195564170078,-0.02173058900735241,-0.010302236500594924,0.09997694648175215,,
20.430131999999958,-14.556097101181209,3.668822291906254,-71.18010581992296,0.06609499542295048,0.27366017964112377,0.04734086814840274,-0.03502771978302762,0.005023593010359402,-0.04842108307702375,,
20.439628999999968,-14.713560146719182,3.705229194352729,-71.78193576218845,0.048814792010504635,0.21775262539816367,0.08504045472853397,-0.013351949915572479,0.02197016342306906,-0.1104526238012282,,
20.44913900000006,-14.915680429427669,3.9341119850078403,-72.48503108769445,0.05275687487389274,0.06032176268663279,0.11523478558321058,0.020842625590261895,0.04244279823977257,-0.13420275716903166,,
20.458642999999938,-15.173895138551458,4.377431699275637,-73.08701682257991,0.08175407389955726,-0.13227047716630191,0.13544477703482705,0.05904040138189035,0.06559642989831202,-0.1137021625804747,,
20.46813700000007,-15.505997771886024,5.001453737345918,-73.41758483224459,0.13316596936235908,-0.2917761049929918,0.1326915687210414,0.08999693163873383,0.08961965229360998,-0.058352972299776894,,
20.4776260000001,-15.886194638142277,5.744746046754914,-73.43180751606697,0.15642792469226502,-0.3725845405481404,0.11387039734700127,0.11047007405794973,0.10525521197980306,0.010432047615173617,,
20.487139999999954,-16.252220033198718,6.5380937579624945,-73.19691418231002,0.1976868765912753,-0.3354690622542697,0.2752271896232843,0.12073738595721693,0.10550640159599299,0.06682141278058415,,
20.496554999999944,-16.427316848626717,7.285640574840337,-72.83313197299283,-1.313498747402288,0.09471133389910148,-3.0186326518188045,0.12249627375162066,0.06706585250252088,0.08626627492420541,,
20.505979000000025,-13.08762162867375,6.146401015418781,-71.89302301233167,-1.2789560173389476,2.8784109327633427,-0.32544673154704507,-0.025463950484298996,-0.7123020082746605,0.07506584805806037,,
20.51566700000012,-10.92659327170704,2.378883810549218,-71.046042026004,2.029512839651418,0.67001489414327,4.5575395551070415,-0.586873113416589,-0.6606964101121374,0.08531017156943452,,
20.525082999999995,-12.509971291545005,3.1951674212568255,-71.87567728042168,-2.2788393459886254,0.4369453254080532,-4.122084272131858,0.04360601265010898,0.3422640121303121,-0.18413628508535332,,
20.534689999999955,-10.98211006656405,6.085817901635396,-73.39818905942516,0.7299799040551902,0.8161539732107981,2.140129594343749,0.6332325963538783,-0.12793340714388493,-0.3376021910841515,,
20.54422599999998,-12.51134961549709,6.847399378705021,-74.88655506328311,0.34043773052033055,-0.7118276783587111,-0.31379832136417646,0.052877963883180355,0.3250471489267635,-0.26125659234807247,,
20.553540000000112,-14.173002215048493,6.505009542476635,-75.97614953350401,-0.22634553743286825,-2.329130345347941,-0.7266202289620627,-0.16023552048999876,0.2935742881901684,-0.1594934237684119,,
20.56323999999995,-14.105348238620522,6.762184574646962,-76.57706964435337,1.2673921158485786,-2.082902723317804,0.5514689125163749,0.04211836594132961,-0.010066160924224906,-0.09634189807323057,,
20.57257800000002,-15.30955038699199,5.997388676718912,-76.38719512159454,-0.18308939532643936,-1.0899640034315123,-1.4040472176718644,-0.21589906375937187,0.18823362785408085,0.08678892000888723,,
20.582257000000027,-15.298179427376901,3.7304183604297507,-75.37815946193868,0.5077319329759349,-0.6952505075929627,0.38504762617923854,-0.4508843476621055,-0.1221373010806146,0.2184232083248322,,
20.591775000000098,-15.31804225144774,2.0779812104034594,-74.42482018879006,0.5516394748782751,0.41383679616990593,0.6747176488826294,-0.33143806304987444,-0.09198036537418425,0.20238608752661477,,
20.601102999999966,-15.620158634587971,1.2134707814592274,-73.86528207234919,-0.5809925190571197,1.6207258020570643,-0.5834812447716676,-0.19377769135537118,0.0010381241488445988,0.12218337058337543,,
20.610793000000058,-14.95346314406143,0.18775443196190417,-73.54449643722306,-0.007947555797703705,1.578241399919118,0.30572065956727634,-0.17031786901966633,-0.19582631362328323,0.060603577698382004,,
20.620212000000038,-14.575787657022659,0.3264929853368172,-73.92975991748004,-0.03764126993294176,1.1190863579340296,0.3343251726942168,0.037240586441622266,-0.07476414171792924,-0.07955646399567912,,
20.62981200000013,-14.20387456278222,1.9321335465727631,-74.95266094762148,-0.2945685847544547,0.778734451657441,-0.17249763029193743,0.3190295845410238,0.004845226107071059,-0.20859038700861945,,
20.639335000000074,-13.74629345236592,3.323207899291815,-76.01925835831375,0.0780995459335338,-0.14813808234593684,0.154330696913755,0.2817355236269881,-0.02820746065876162,-0.22034500859172945,,
20.648840000000064,-13.732843098531982,4.231620924610974,-76.79852508991158,0.09616820358134459,-1.2855889066521884,0.14814514436828463,0.16639361948337394,0.03093709362858976,-0.15890935864077924,,
20.658350000000155,-13.523530604763584,5.2603051593414625,-77.19027740908759,0.1606206970830126,-1.513926507379933,0.042953137055636234,0.19898981744618752,-0.0034192021821069078,-0.08476619779107362,,
20.667675000000145,-13.348769918910538,5.564004422740925,-77.03280540175095,0.06818140644742682,-1.1492769033480015,-0.3692533354803575,0.055908032109703736,-0.029490296323289842,0.025290082071205235,,
20.677376000000095,-13.3485792602163,4.680738404951464,-76.46010043490796,0.03035246499952689,-0.7829394273958834,-0.15064385000681582,-0.1833002405190298,-0.04975113902490238,0.12375230312581138,,
20.686883999999964,-13.477656990573564,3.6471522458938717,-75.853380410945,0.12991732752928936,-0.03346596967167373,0.348187001395166,-0.21817335666917864,-0.033805190241825565,0.13221314223210553,,
20.69640000000004,-13.95352169095116,2.8722929439227536,-75.51088635531175,-0.15384676494460026,0.9414529394602679,0.09728306652934296,-0.18482071457964358,0.04435523800737422,0.07825804924758654,,
20.705918999999994,-14.445544532332859,2.001441615256552,-75.49483226639424,-0.20384459942676184,1.2061026467989007,0.1615040385012494,-0.2044229127769312,0.042170457280578715,0.01406131344617749,,
20.715419999999995,-14.789251124873573,1.7112490233426176,-75.8467762958542,-0.06355387270206111,1.0278835022173305,0.2937811236669704,-0.08431834730668478,0.04276613017218626,-0.07043625595579998,,
20.72493099999997,-15.06540760733,2.408485356454482,-76.57914483554976,-0.13265804822378405,0.8419807117895216,0.017856096085741895,0.11136880654971328,0.07761672921882645,-0.1468452101539472,,
20.734459000000015,-15.163208690685453,3.291015967957373,-77.32083466678951,-0.041232560232046536,0.2392176041281326,-0.10765073368484021,0.15656925869140825,0.04979888956517803,-0.14980170836400858,,
20.74394499999994,-15.155635576186137,4.090843773616038,-77.81702526383002,0.13606199346422634,-0.5605731709155808,0.013157378593175187,0.14546469104289825,0.023959831288203243,-0.10180997179279754,,
20.753457000000026,-15.0636150424761,4.927236457262411,-77.98681476015558,0.14464374237590064,-0.9036337991311458,-0.14577961610346218,0.1563095270981372,0.008166852858992865,-0.037920816962061184,,
20.762973999999986,-14.820687888024901,5.2564874661639065,-77.74093840505563,0.1446829437533559,-0.9260654646044557,-0.2957711446243378,0.06334319975268943,-0.04252447490163198,0.04234010520459325,,
20.772478999999976,-14.57089530426955,4.822397473859276,-77.18717751325998,0.16945258760330265,-0.7450765004515143,-0.06446432062100653,-0.08529230406960261,-0.07665279277551408,0.10389400400349458,,
20.782002000000148,-14.369871334013238,4.011124253054585,-76.62740184135247,0.08796689081979435,-0.2211278931163873,0.1182414894715209,-0.16031324925807786,-0.08518147501128594,0.10642869752844003,,
20.791510000000017,-14.243715185344,3.0158900492378753,-76.28811919347277,-0.024288451715092266,0.4149925603008913,0.12839199272286503,-0.1989568613400784,-0.08057483602790819,0.06391208363041163,,
20.801016000000118,-14.232982861016186,1.9523358857031614,-76.26151717652337,-0.15033792236960927,0.747245676236206,0.14993111382803484,-0.2174747397362564,-0.062053320339943444,0.0028748652869141403,,
20.81053799999995,-14.248729156186,1.2194518290591374,-76.55169516121605,-0.17148660689312836,0.7926559250078752,0.21240981152859365,-0.15449545342757884,-0.04083097061901823,-0.060283423802879904,,
20.820058000000017,-14.310184214850684,1.0833534963544684,-77.0414904928074,-0.18287619122807466,0.620627392123709,0.13038003785239788,-0.040492688118678975,-0.0035474639385962643,-0.10005310307517379,,
20.839073999999982,-14.505350183968183,1.8102153473718938,-77.57793827557688,-0.04402843162791006,-0.3036614469365312,0.01896477725034925,0.07324389970400477,0.02754639761180582,-0.023689535307353193,,
20.848580999999967,-14.540162253583869,2.335083276668393,-77.32136879726939,0.05063312499902544,-0.6553623546573458,-0.06172152135203872,0.08990157226463844,0.020388606480927163,0.061484638687008174,,
20.85808300000008,-14.45834207851732,2.659739906357944,-76.6483457310045,0.12330138776166244,-0.7340830379520941,-0.10323239700585017,0.055924043595540276,-0.010660361648447617,0.1423913051901087,,
20.867603000000145,-14.281318805775589,2.5340716439135416,-75.71626875411167,0.21488534802703826,-0.5739374498091366,0.055431873886790474,-0.02696457551170945,-0.04990895047138393,0.1891878198138948,,
20.877116000000115,-14.13388324293313,2.020905352866155,-74.80836665231394,0.19989679717552,-0.23126892665642038,0.09750165291016587,-0.10270783118946822,-0.06438299964594195,0.1782442004881912,,
20.88663500000007,-14.071689054079108,1.3071090347929857,-74.21064717620148,0.07623293847975508,0.13107515637819592,-0.02492972486094501,-0.14514552722777954,-0.06002089549868026,0.11700775828103308,,
20.89614400000005,-14.053115984809056,0.6467211983292407,-73.99548455625761,-0.025633353972126963,0.305196654517983,-0.053849541489000084,-0.13683509267165167,-0.049707425251005945,0.04077593190768883,,
20.905652000000146,-14.061514864803202,0.26222923649014007,-73.998387909774,-0.06960335118257291,0.35316148131271863,0.12320512268150093,-0.085120419247153,-0.029525638989581864,-0.002761799383195411,,
20.91516200000001,-14.144619297011209,0.13036358524309474,-73.93024832960177,-0.06994510295126277,0.21642896598812947,0.21222035655689966,0.0,0.0,0.0,,
20.92464599999994,-14.263446837399682,0.2662332267535706,-73.42525046953212,-0.03936648119972738,-0.012632030678097865,0.18878654997209593,0.008901370278016348,0.02045931089733526,0.1112145590258107,,
20.93418399999996,-14.355060840263585,0.6654888105653736,-72.37876060729188,8.308885950524661e-05,-0.15009552325351197,-0.026832452740644677,0.060696596333108456,0.030796339744083447,0.2249962415110868,,
20.9437190000001,-14.378730522814179,1.0675142791697805,-70.75127752550834,0.06478992170425214,-0.15432973102821318,-0.14184045312228175,0.06479680441072139,0.019482465894447423,0.32376986637269034,,
20.953238000000056,-14.30621671590996,1.2691644970375637,-68.93775654309044,0.14964398374733548,-0.06909915145943468,-0.057893482415883726,0.03315359457068918,-0.010502416541903559,0.36061718581142055,,
20.962752000000137,-14.163017648448015,1.2769017354410743,-67.46373299895748,0.14997240522710353,0.12024559271369714,0.03371346390475585,0.002591047576009679,-0.03708995739789308,0.3080070294145213,,
20.972271999999975,-13.99755857438275,1.0448628535364821,-66.60947487570876,0.06450781167368785,0.3046392512293824,0.03268163579274183,-0.039192157892753585,-0.05979576827569525,0.18336215300706596,,
20.98178400000006,-13.826944894102233,0.564084241304119,-66.49601160749219,-0.043344841047472805,0.3431539983233915,-0.02063262383478055,-0.08401390726595406,-0.08084676753487077,0.026636232514794037,,
20.991289999999935,-13.628112131009265,0.027598856088785144,-67.0728571074968,-0.11843804023249027,0.2800119732279184,0.00014644852488505312,-0.09238324270477986,-0.09007878215092494,-0.11798514892989503,,
21.000799000000143,-13.456129309935633,-0.41524324530833256,-68.08555128660203,-0.1746739913338396,0.15576432528591727,0.02334516088164163,-0.07835680410222333,-0.07663744478850873,-0.20492605735243802,,
21.010357000000113,-13.566050232715323,-0.6854300679982961,-69.12566190072542,-0.20735297713730405,-0.04159856040596869,0.049911212995145636,-0.05936684543528796,-0.054854001420027665,-0.21057279654911865,,
21.019801000000143,-13.482537019504102,-0.8352440251044122,-69.83469517873287,-0.15915172698781974,-0.18708207750040376,0.2076547607380803,-0.03206923438497147,-0.03686619391787991,-0.14395136432942104,,
21.029297000000042,-13.467887300690649,-0.8422717112409485,-69.99908706651165,-0.08815725222131383,-0.31104811474871435,0.17460803910331002,0.0,0.0,0.0,,
21.038833000000068,-13.515151337681326,-0.7023820256774527,-69.63080536376842,0.002259916370175728,-0.3033825820607058,0.07919935140229091,0.013220145940499993,0.007832316386880433,0.07142773104481875,,
21.0579130000001,-13.578822547302224,-0.4968180014888362,-68.22248679872092,0.15976644792206593,-0.024883372245977527,-0.032892132738970466,0.0029240287300790154,0.02041041390009761,0.1400474871648693,,
21.06742200000008,-13.44629774427993,-0.4081867125074177,-67.8160037084599,0.17577736932574411,0.12351922886453927,-0.050409264167031155,-0.011641167382719747,0.011403567515903885,0.07938843188584367,,
21.07693900000004,-13.241010306110127,-0.28902557217973174,-67.88986037408823,0.1453995049271502,0.22462568930089785,-0.05236544246281873,0.0,0.0,0.0,,
21.086438000000044,-12.989437637315653,-0.25686847466128865,-68.42305618294802,0.0942063868390202,0.2065235487252334,-0.06957366339461132,-0.03312785670887187,-0.0329679644808285,-0.10897040177862849,,
21.095956000000115,-12.722889957911683,-0.31886589522838776,-69.15987281892365,0.05484567313862794,0.11592045002579016,0.009244031588422994,-0.02721762872403431,-0.052830996880237804,-0.16544306936680092,,
21.10546999999997,-12.489212702206085,-0.39050655398267803,-69.93271683301067,0.03121788936630285,-0.026128789952105606,0.09214997933269788,-0.0012648310735999084,-0.053893647107469765,-0.1698355458510837,,
21.114921000000095,-12.273575593604695,-0.19977897104750347,-70.4996825120702,-0.00641403265060334,-0.18033084091994758,0.12697127417897183,0.040667865826666615,-0.038219004833604485,-0.1260598465998409,,
21.12448500000005,-12.133608417183918,-0.06083894141731315,-70.7214939979935,-0.03982493432279637,-0.27281938996831573,0.027707030776671634,0.08292421221160463,-0.03598215371311908,-0.053047901546522135,,
21.13399900000013,-11.892141936246267,0.10588119493660676,-70.60739591569418,0.017892704964683606,-0.3133509247192723,0.017799380017471,0.10517057127343381,-0.041833275954882544,0.020291708908265513,,
21.14351499999998,-11.665052243897005,0.3081722431508995,-70.28237491930612,0.07608251993809496,-0.3525207094021062,0.00784523671024674,0.11861385903594966,-0.023657282825093516,0.062334562156947916,,
21.153029999999944,-11.44682697913926,0.7143069780935852,-69.97317202762676,0.12009779132902333,-0.3083403894171009,0.03164104166217541,0.1465323282800111,-0.0012601934842193432,0.058845297204475074,,
21.162520000000086,-11.190827859948543,1.330787156673235,-69.86056040396468,0.06702531234316522,-0.08208007047229092,0.042742192765924496,0.14122230052336654,-0.0020461614151347663,0.018780368266238866,,
21.172050000000127,-10.938703580976059,1.7486789471593975,-70.07530570718576,0.07974036263821271,-0.08882702058652288,0.06630852273208662,0.10459416376576923,-0.012724748871891371,-0.04732373803928102,,
21.18149399999993,-10.730646868548481,2.4751912188737277,-70.71800914407812,0.035889539427367875,0.004053579606653455,0.18565120089215978,0.14113371207019038,-0.00074570987933076,-0.13340743052134035,,
21.19098299999996,-10.501117951672319,3.3489205728031113,-71.6911851229374,0.01462730275669456,0.04624244033786182,0.44552139130221435,0.1703736410416459,0.0028048986779534353,-0.20053071006793333,,
21.20048900000006,-10.234926009057085,4.177216088337611,-72.77770107293593,0.01612447036838796,-0.2817544281512533,0.2072639162687738,0.16394367210395727,-0.009911842913264668,-0.22454280512771996,,
21.20991200000003,-10.11853782425438,5.228585505071572,-73.80328224485824,-0.22573272293055888,0.7691013682824774,-2.8782801834359044,0.1979047842962566,0.028680139501723465,-0.2108900440091483,,
21.219330000000127,-11.050847717270143,2.910027253565489,-73.70843217660499,-2.047116896767062,5.396265088229664,0.6194051883296648,-0.5084754688434304,0.03914991604769357,0.029056241981335027,,
21.229025999999976,-11.976474261316872,-0.7718810597467869,-71.51214768558286,0.9399953072270013,-0.1355008628123557,2.1848779018844797,-0.7693746858506337,-0.053876934677732274,0.44049765648026934,,
21.23843099999999,-12.673350476797678,2.373773875619862,-70.55300278877053,-1.1987481491330785,-0.3293675886512467,-4.331919464034,0.5405052259597087,0.32638993928202054,0.1912843305014972,,
21.24803799999995,-11.424186056635989,7.174381765460338,-70.25213383261367,0.37079712707513984,1.0962318013432646,0.3613399324497601,0.9795866355442834,0.07675224976033505,0.050007952029809684,,
21.257369000000153,-11.49587450397954,6.274836452124223,-69.46940010736843,0.9575293223053103,-2.86302089275689,-0.8628606739332227,-0.18391868754127402,-0.059019965332651046,0.15497350275851546,,
21.266888999999992,-11.358308321988595,5.586500136674893,-69.08697440354457,1.1354166734366065,-3.6332006907329335,0.22348461608075357,-0.12900224626119158,-0.0848910089304418,0.07033282217109704,,
21.276393999999982,-10.651571391368941,6.074095073113435,-69.13853031403669,0.6950751872184183,-1.9400562160198593,-0.25138790510312653,0.131735724945647,-0.10716225043312315,-0.028304583956971222,,
21.285904999999957,-10.562063297014529,2.7717578678148382,-68.77344681936941,0.0006424566294330606,-1.185265651822248,-0.6081978660821235,-0.620397660156871,-0.2651967042991524,0.05599507062276336,,
21.295593999999937,-10.239295117920305,-1.7516662500354407,-68.16741088133162,0.016686259778666637,-0.529253966478655,1.5301370681611521,-0.8278531797476928,-0.40497557436750065,0.08040682405751952,,
21.305123000000094,-9.767312651019711,-3.4079073995715596,-68.00759542456508,-0.6174887381586176,1.294682565685349,0.6385450635465623,-0.2815215520708701,-0.22287905834092095,0.001107408300410829,,
21.314438999999993,-9.733921503665474,-4.384776214042946,-68.08001225299118,-1.5325406856162886,2.933105921390254,-0.5596603163101612,-0.18821068066168073,-0.09055400098569051,-0.03114820489230022,,
21.324141000000054,-9.759053081829714,-5.784958268135316,-68.08529926825945,-0.8246849539855116,1.5077685362311415,0.6376464137944979,-0.2712889934568441,-0.11127272006330385,-0.011614448426793612,,
21.333651000000145,-9.960913217719469,-4.065835907369873,-68.35308868246551,-0.49291265262926315,0.8351672044190376,0.20311251430908533,0.29552767843738287,0.15406135187856482,-0.05279754948814002,,
21.34316899999999,-10.494481082930392,-0.6789378855151624,-68.53458548913417,-0.331373139017425,0.5419281535034003,-0.14050408515295493,0.5825354369418485,0.33726060219859744,-0.02543161260747906,,
21.352661000000126,-11.10575280865511,0.8794968824370428,-68.01920848434831,0.41663682389380396,-1.177768223804896,0.0735850580011923,0.23545718152215311,0.21816673445837204,0.12250673496192768,,
21.36199499999998,-11.47679185399163,2.1136622523832957,-67.09436377899166,1.1274742785746772,-2.3211957182657317,0.3177791597940355,0.19094138947162878,0.15190559593555636,0.20186342558767456,,
21.37150399999996,-11.662662922288844,3.793940936015661,-66.23197878147951,0.8199421344842072,-1.574081951053065,-0.6115734339021773,0.285225842075386,0.15624488994476102,0.18528803361672166,,
21.38103500000011,-11.773268736668864,3.220234012212942,-65.39907908310153,0.5215074091762772,-0.9061412938011429,-0.7979444293354784,-0.12291629957225199,-0.03807982113357297,0.17314889938612404,,
21.390716999999995,-11.75218921612625,0.965416331082017,-64.9069825074359,0.6423377249963057,-0.4067982736750297,0.48986986199043303,-0.4168203284781617,-0.2052495472932721,0.0819370563226128,,
21.400219000000106,-11.635480249174961,-0.4091465390141979,-65.33927850930274,-0.06620442061915403,0.8151427121608376,0.13343477249187954,-0.24872050564266993,-0.14863849640629045,-0.11117757939251503,,
21.40955400000007,-11.275356961297732,-1.4854010247920868,-66.44929639924341,-0.7335214969449939,1.8991114580863937,-0.2914398358931675,-0.17626686409021905,-0.16526136193893423,-0.2429182842563178,,
21.419252000000142,-10.694882872011808,-2.766193956388492,-67.68964155182282,-0.621020114630055,1.510227841820855,0.33192221217215184,-0.1999770188641296,-0.21832235628523106,-0.2790892089072393,,
21.428755000000137,-10.069152776161774,-2.2539444715476806,-69.0050416424058,-0.552078468859098,0.8988473533430722,0.3744798076863362,0.13218527232753385,-0.08917840735361306,-0.29007763169550416,,
21.438274999999976,-9.626381363620506,-0.20007270495495413,-69.93483013314851,-0.4878500477399692,0.49554408828906227,0.15938755850775743,0.4066429352662712,0.05102244865237571,-0.20756929664182885,,
21.447785000000067,-9.432456078387762,1.3810446282003574,-69.97092150457253,-0.13246984563461806,-0.5834300670945736,0.041767690983880425,0.3011004970944907,0.061637141765845053,-0.014997461673876902,,
21.45729099999994,-9.287399720949098,2.676297871370906,-69.09507984390265,0.35457341213450966,-1.4703003238348846,0.20653604931863062,0.243611543699324,0.05303216460440701,0.16345914821992152,,
21.466620000000148,-9.138748215081296,4.070221555906395,-67.75382074923277,0.3743932078151988,-1.321513757444482,-0.40335122351987446,0.26118813672367186,0.06440492304482032,0.257189477536152,,
21.476329000000078,-8.91714804964957,4.297737371559819,-66.44514957058396,0.36229492439845223,-0.8327777025263244,-0.3832873827736107,0.05006516237096158,-0.03397259452953108,0.269939162385378,,
21.485824999999977,-8.850396368069411,3.24792873902329,-65.60858211780511,0.4150408139825381,-0.3622364978222293,0.20206313544696122,-0.19570841524161783,-0.10861126096746229,0.1754378922749134,,
21.495339999999942,-9.013486582385449,2.1335089772947877,-65.71541434679348,0.07218614770476003,0.4450853061843137,0.1532735701842291,-0.22576636756339208,-0.07334344944560339,-0.017868382783195504,,
21.50485700000013,-9.16833902979744,1.0496295493818963,-66.72802593620182,-0.2907379157809575,1.2071489314541914,-0.011454049822588108,-0.2202382179904108,-0.07028213676680371,-0.21445076010861236,,
21.51436200000012,-9.213460948647706,-0.08670352902293296,-68.27900399942233,-0.33858203036521234,1.231830275661258,0.21951491179095234,-0.22301525150965512,-0.08982686943776146,-0.3397338199853818,,
21.533388999999943,-9.181437455973452,0.4441891482807377,-71.5753270674021,-0.2992272804911423,0.4850233662010461,0.08752836475149621,0.13838771898187724,0.040214209421007036,-0.310658904508722,,
21.54292499999997,-9.191090411213644,1.4758347791040785,-72.24698623234434,-0.08852093155860939,-0.24432698721191967,0.020404229993768456,0.1857222446363652,0.05591355827718085,-0.13786276640602213,,
21.552397000000155,-9.134324329984336,2.5384966073432778,-71.92546198751202,0.17485314099570584,-0.8807096116345707,0.05231721130406729,0.1959490615047836,0.044577032316051445,0.06044843589813788,,
21.56192800000008,-8.86164820542004,3.520417637688644,-70.91294076247343,0.29917515713807635,-1.008084437849985,-0.18910685306736777,0.19389774405975246,0.0006680289934170759,0.20889743849593945,,
21.57144100000005,-8.378268462321657,3.859770135148311,-69.58650749775697,0.34124615667284064,-0.7526086305218467,-0.3773648354438345,0.08691915778729022,-0.07840240013219395,0.26778090040786634,,
21.58095000000003,-7.951162390873472,3.3825224757486403,-68.50359570532531,0.2945132457301598,-0.34170489452504466,-0.14738776300003367,-0.0682165850471295,-0.12447978431108134,0.21567215972736245,,
21.590462000000116,-7.626374264560086,2.5486570589687076,-68.13226151953995,0.09371110556095626,0.18245477172306834,-0.014781329414103312,-0.14052734029097938,-0.13276317824691436,0.06710460474731068,,
21.59996000000001,-7.316274293250908,1.6693431040225577,-68.65987600956115,-0.10757800713899815,0.6619699226297592,0.1781784250289633,-0.1502726041828015,-0.13320115481242928,-0.11179623472069453,,
21.60947699999997,-7.035320668226511,0.8593381612594652,-69.76635871693756,-0.26280169981074747,0.7851342375251064,0.2146376034152859,-0.14115567079728422,-0.1207955226074165,-0.24663615303262268,,
21.61898300000007,-6.760235282144007,0.5037738809187247,-71.10835113081885,-0.3346166841065899,0.6050243349750941,0.22186012118927775,-0.058340727994395596,-0.08609546708549423,-0.2939246732105211,,
21.62849600000004,-6.597291316826282,0.8083113102666067,-72.2283682203313,-0.32153589242417835,0.298974010206188,0.1602632088596485,0.0582343432197745,-0.021824779762489005,-0.24199316670693385,,
21.63802499999997,-6.5867189601948715,1.4772390417301675,-72.74567358676723,-0.21483262950478982,-0.12829475036704324,0.0870372168202015,0.11836380989750106,0.028364609878402405,-0.10761137504437107,,
21.64751000000001,-6.631188357634357,2.227687371128029,-72.52126981167942,-0.007867310339628909,-0.520323578612542,0.04658824039076588,0.1308047610691897,0.04334030938015429,0.056936583017937685,,
21.657046000000037,-6.653155139824059,2.9118784948421825,-71.69274381525076,0.16611676340301065,-0.6458093754919979,-0.06804028356533698,0.11920061388745004,0.03611968266479152,0.1878336241408083,,
21.666562999999996,-6.596545268802748,3.2696868065346125,-70.61392435167315,0.26339399984923456,-0.4977447488628909,-0.13681282257014793,0.061764105803783775,0.002159788572886477,0.2414445439981192,,
21.676060000000007,-6.486980470037208,3.1687128205485684,-69.69213035369373,0.2875410446056381,-0.2045711726032555,-0.06702140888734717,-0.021176104751179554,-0.03780817054800695,0.2016279976995917,,
21.685580000000073,-6.373709333923445,2.7761891578715736,-69.28324141577133,0.19992613647949287,0.15319775028923197,-0.02345470776047191,-0.07518328271184871,-0.05918454337226932,0.08424132286810332,,
21.695087000000058,-6.229326988245509,2.2811721523941095,-69.57469330576897,0.07018387098998899,0.4370160072154494,0.030572960881187973,-0.09217105710317794,-0.07230521385101653,-0.06380134121538829,,
21.704595000000154,-6.046473072606521,1.8294897455164818,-70.47402486711908,-0.045572099047262636,0.5246169059930512,0.10180489469712777,-0.08215226153488135,-0.0755996603032566,-0.18555065917689087,,
21.71410600000013,-5.832781307426687,1.6296745017533103,-71.64493836752982,-0.1272868285663659,0.4189611991994059,0.12137190272237319,-0.03378219940649446,-0.06355842609236383,-0.2399328554461298,,
21.723649000000023,-5.617728890581867,1.7999587738217797,-72.66931681442121,-0.18061898934319684,0.19027794206905,0.09908877885805772,0.03567998788733952,-0.040438910625647834,-0.21065133848270925,,
21.73313200000007,-5.449061226959909,2.249984423016138,-73.19303320619304,-0.16129131432632463,-0.09886359660852376,0.06594853675778994,0.08600799961950246,-0.015593578071491884,-0.11038527489674842,,
21.74265700000001,-5.308906201916577,2.827204280929528,-73.05327787471224,-0.08122572438157731,-0.3433826933040749,0.036624755184611654,0.10872243149352888,-0.003024939703237299,0.022324167916015106,,
21.75215500000013,-5.164800043582469,3.3752043667490503,-72.44542405213068,0.02043958193687047,-0.425995400749165,-0.014448112731517773,0.10341730540085384,-0.004893680196396329,0.13730259481719162,,
21.761663,-5.013780626915012,3.711784968304324,-71.56456529471507,0.11222227509627562,-0.33665730880480416,-0.02302164454898932,0.0636261372707828,-0.01789388527894765,0.19315030927966895,,
21.771209,-4.877985315369989,3.7597660008957603,-70.77301033883245,0.11837620220498403,-0.13646324976462204,-0.016745328373705806,0.008170413616629795,-0.03266083915388215,0.17092180021031472,,
21.780729000000065,-4.79475078367134,3.580986611285911,-70.43719659164907,0.08458438177894678,0.116063892190516,0.028957455430860934,-0.03787259362141883,-0.0376886104764721,0.08113195034162969,,
21.790228999999954,-4.759575097892447,3.2731167426844974,-70.69247254872073,0.01411094895914602,0.3143949962611519,0.03817905123577902,-0.06545882838814397,-0.03721957924800602,-0.039586670060708526,,
21.799733999999944,-4.750802134595849,2.960229022077386,-71.42025026418186,-0.050516701760682035,0.38032405604898434,0.07029989331400968,-0.06845450947905651,-0.03200060442965437,-0.14479519326531431,,
21.809238999999934,-4.765758167584966,2.7883911845033533,-72.37369382822901,-0.09635060500001472,0.31963179196953845,0.07581927267775095,-0.04354580036377365,-0.017710615207018218,-0.19530597440657485,,
21.81877499999996,-4.793879050813622,2.8229273896744944,-73.22535106399111,-0.1256046255284449,0.16097796550048968,0.048422439485287815,-0.005103385347617937,-0.002288813221779683,-0.1747942402125772,,
21.828292000000147,-4.8275061851827195,3.029582800371175,-73.6678048264763,-0.10635506119154386,-0.03168144683657157,0.009359164447925351,0.02762951526429085,0.008626289974573634,-0.09279824468712757,,
21.83779000000004,-4.832979447146962,3.323638396830669,-73.55541623492863,-0.04055708012369269,-0.19422695203166085,-0.0022000703612267297,0.04607364932070796,0.008057253416437421,0.017988280178516426,,
21.847301000000016,-4.762291645144947,3.5762399201620565,-73.01735533067298,0.030569301891001287,-0.2392793481646363,-0.05543835361649423,0.042485058702332296,-0.008699477302936574,0.11594919945912391,,
21.856813000000102,-4.600657429253104,3.6521601663062344,-72.2274130332335,0.08411739153479528,-0.158426970665884,-0.046412028736429856,0.014248017791879805,-0.03611861699115247,0.16567687584058646,,
21.866367000000082,-4.284699143757883,3.4565684307993116,-71.39724649475146,0.08353172154945551,0.02853671539853708,-0.006601377848887291,-0.030905282018840304,-0.06257562819146993,0.15128927255990024,,
21.875872999999956,-3.939557162860611,3.220627427398516,-70.91757729355135,0.043751759981638175,0.21399016392144843,0.0028971729144829594,-0.0791169235846565,-0.08131641433177969,0.08076555940412379,,
21.885347000000138,-3.751322825039897,2.5885370900808704,-71.01882937011565,-0.025225325247874103,0.36085653542873325,0.05484655333505119,-0.11704666034886109,-0.08690189951152082,-0.015595496244046148,,
21.894848000000138,-3.6151044849873073,1.8826217327437802,-71.52058562481528,-0.09705095164743015,0.4019464831401355,0.07246431432183492,-0.1348299307655401,-0.08122883598669846,-0.10000802340191392,,
21.904343000000154,-3.5426583368847653,1.2154256415605595,-72.19685463226624,-0.1388341237773205,0.3457927680924728,0.1044964399626829,-0.13223390502471483,-0.06536758896779922,-0.14043300332207914,,
21.913876000000073,-3.5719354382525164,0.6321879214458765,-72.79175949401895,-0.15461151764806083,0.2184309548358566,0.11553332495625503,-0.12302122307550147,-0.03946298405743404,-0.1235792062146949,,
21.923256000000038,-3.726438708210641,0.12729481452969135,-73.06202752366549,-0.20108472291850135,-0.320008425493793,-3.6890014111608993,-0.11565210311781474,-0.010016801373796482,-0.05837295113236078,,
21.932859000000008,-3.5710767576332585,1.2918506108858585,-73.06888593165102,1.1908493670047662,-3.9402074964774436,1.9485078137712564,0.22233352963824396,0.0282211670687311,0.007523385821442504,,
21.94220100000007,-5.592912820701857,3.8324661374214344,-73.56351014893312,0.7568204678507021,1.0959290809946862,-1.7657966880219274,0.36188976233373643,0.5235115710097205,-0.0508080517704575,,
21.9517800000001,-9.654697067687477,3.1626510778375687,-74.11443073319249,-2.1342525609965817,-0.6842487214267782,-4.381315357294686,-0.3636783511650464,0.7337971351463963,-0.012826366730883871,,
21.96138700000006,-7.766853936732302,0.20506891271765806,-73.79857896413742,0.6091147528119549,0.2581091892429143,2.729448723711389,-0.47577486504705563,-0.536298141631556,0.07691988760568615,,
21.970910000000003,-7.586181032081352,-0.16103671546441628,-73.21157064898591,0.6660046049079545,1.1342943868810755,0.4928291571138614,-0.07011906781890613,-0.06560785096486749,0.07435274659103848,,
21.98030700000004,-9.512222729617188,1.1871341054965772,-72.7343660955564,-1.3944501718905862,1.118017805428994,-2.160251743868282,0.13488021769903663,0.4379628835362573,0.08985350960479555,,
21.98992199999998,-8.738941505465274,1.7867505416614102,-71.92549332342757,0.0019251745226036327,1.7451604000471108,0.5755799542263111,0.15129239043735834,-0.12132825802360248,0.17280825140669048,,
21.99943600000006,-8.94238454233645,2.936558230335761,-71.29624683788214,0.43443293388173443,-0.0025312710917210026,0.7332762602182177,0.19575963542887018,0.10108204507242581,0.12969641421119854,,
22.00894500000004,-8.87688026342789,5.293558572554617,-71.20168529955961,-0.43204590512107904,0.2691339857034752,-0.5399145417488542,0.4413401279003836,0.12913095075142023,0.02494987550585566,,
22.01845000000003,-7.372293263604003,6.130189079123957,-71.25009761485079,0.5685745196156342,-0.3416845818092636,0.44631719631946826,0.2452795374457566,-0.23984157931983666,-0.04953933360587353,,
22.0279680000001,-6.786557166242522,6.078206605760863,-71.61749975687523,0.5127874313009045,-1.4906534482632596,-0.02816596031712774,0.017387591467326484,-0.12370673521008486,-0.10807964319336034,,
22.03729700000008,-6.2349499682611755,6.548920662470535,-72.28308257206864,-0.007703454056685202,-0.7398981496864713,-0.602195401730454,0.11366648090602195,-0.08475938035832868,-0.16706271943024428,,
22.04698099999996,-5.584936648939883,5.88190358705082,-72.88911590194255,0.10783855564782462,-0.42942465707474975,-0.2848908907959109,-0.09870758332600281,-0.1731397130414203,-0.1616680668297213,,
22.066013999999996,-5.645299550467394,3.2952960271694476,-73.63966613248913,-0.31723939068293994,0.40745328250725255,0.4374878133405884,-0.1915207548153935,-0.059881111457422004,-0.06884432889840883,,
22.075522999999976,-5.903008067555095,2.9240113167238446,-73.72373768497626,-0.39797976214404407,1.0689574341345092,0.17881905515865149,-0.09607124285115343,0.018926452560990764,-0.018338101702179258,,
22.085062000000107,-6.4578597072355715,2.4971646577444933,-73.57742159154675,-0.45725903580633304,0.8811976064855261,0.12431835741272462,-0.12351023204785834,0.07274171914284132,0.030421394129485975,,
22.09454299999993,-6.815856283090926,2.8352556262633257,-73.38394255238627,-0.0979781477217621,0.45831122634935617,0.3345074743205866,0.034398035276486987,0.07816506113850413,0.0518183402169762,,
22.104095000000143,-7.332014493996153,3.94803149117693,-73.18817840266048,-0.03326547138613637,0.25303808620906076,-0.0496407749289367,0.17364568206110595,0.15314674868175068,0.052883288391585355,,
22.113585000000057,-7.762757125974256,4.676890823626454,-72.95837177446508,0.10951957326867354,-0.2873531898518793,-0.14063150866432242,0.10443494369363455,0.1150527327989551,0.05730162836545848,,
22.123082000000068,-7.990263398912802,5.185086295274998,-72.75198991862256,0.42493494717315305,-0.8210983979369904,0.20355215657472167,0.07368502951807361,0.06364188636900452,0.04715223195306595,,
22.132597000000032,-8.240937333899572,5.836697166947722,-72.65005448209456,0.1981526121611705,-0.49106402324626164,-0.41753198292151794,0.099527019764347,0.07681767985295024,0.021126507802044427,,
22.141743000000133,-8.315535499039063,5.408944695168179,-72.5791830571093,0.24828458068120293,-0.5448765651887237,-0.22268628236765062,-0.09642367941800822,-0.021168623828198598,0.011606789178878932,,
22.151624999999967,-8.308463356877203,4.454432426267151,-72.60834787798342,0.24612477994953855,-0.4356954753375306,0.19164901648378857,-0.19221452409123596,-0.06835896209372619,-0.009910414445988421,,
22.161145000000033,-8.24296790714244,3.8554531730143076,-72.8005164442154,-0.05873737290618001,0.17735819232021655,-0.012774551411560413,-0.12087548581675192,-0.05798309370249028,-0.04332579651753585,,
22.17065200000002,-8.08010797656851,3.1084982915640413,-73.02559606088228,-0.17623098499793827,0.5607062676740978,-0.0023550972168395364,-0.14367413122948564,-0.08490933639655032,-0.05090085936310963,,
22.180155000000013,-7.9569477641878175,2.3397354602890688,-73.21087572976809,-0.21387452306146482,0.5109901254150278,0.27104974119614467,-0.1504328596202122,-0.07813323335321146,-0.042064532815829656,,
22.18967100000009,-7.868716825073939,2.333545453101684,-73.35369420948837,-0.27905658658833077,0.4349139028620704,0.1281513747567804,0.0,0.0,0.0,,
22.199182000000064,-7.790545764738826,2.869100845465008,-73.35197074879196,-0.2505052173596378,0.3635892414980694,0.039663212140166944,0.09699768594786146,0.00597450730757001,-0.004241910286464212,,
22.20870200000013,-7.835411878021957,3.3215695432520733,-73.10394023500396,-0.1348511217430977,-0.08081738485064602,0.01881048214833019,0.07395247040370849,0.024958678200423745,0.04623374838854807,,
22.218186999999944,-7.901343417834049,3.8195852239098063,-72.63975188708136,0.031292809625132235,-0.4565064144864373,0.10175991832915947,0.0812778308648315,0.0321372585564581,0.08981482550938866,,
22.227736999999934,-7.981286967714508,4.290986602238723,-72.052919267916,0.11663289418754388,-0.4912717493091811,-0.03208075605644403,0.07504736932083318,0.03394394970540151,0.11464755990903525,,
22.237233999999944,-8.11791730165623,4.292779169893806,-71.45594235107755,0.1440574464711134,-0.46442327808581935,-0.11469896726421736,-0.018194973857252446,0.01600957680143102,0.11762267406408977,,
22.246759999999995,-8.253628856901242,3.910256367642495,-71.01371744881573,0.18466408427675987,-0.296553144860204,0.027290214907076515,-0.09118199418600277,-0.009104416414903619,0.08659897173073926,,
22.25630000000001,-8.443701743650445,3.4400700759220033,-70.87021439577144,0.08190740640477247,0.058443604453787414,-0.012650771490904768,-0.11130589475771792,-0.005031208213931971,0.027371209302362254,,
22.26580200000012,-8.624753322030058,2.8870691761658844,-71.03414748109485,-0.036365248216821834,0.3469042941198445,-0.02782735550353638,-0.12642519196779192,-0.012124887667344262,-0.034529821543526115,,
22.27526200000011,-8.738148665922756,2.385922524794735,-71.31306768759505,-0.07163729310476717,0.4386862183045038,0.10363894124830277,-0.11226906440556012,-0.021203064143268717,-0.0804187831091269,,
22.28476599999999,-8.790663877216572,2.2368467083696277,-71.70566400257877,-0.12341727187725772,0.4132076830277161,0.09789938530528815,-0.04166561259686695,-0.00965650710561372,-0.10011073149108816,,
22.294299000000137,-8.759298398913968,2.4324124890477985,-72.08068559791778,-0.12521784988954635,0.2753745743910626,0.06530451453244632,0.02910172845730761,-0.003835486935868091,-0.08315011586602586,,
22.303820000000087,-8.678988379159282,2.797970139664223,-72.20181804885691,-0.06471417704035984,-0.024358328849177893,0.06980698602689722,0.06451342849835727,-0.002832310967370292,-0.032615168226482714,,
22.31332199999997,-8.537145218955557,3.285899758182757,-72.02831939245156,0.0007924159696713856,-0.2531221066009816,0.030355632694944876,0.09164028391075163,-0.006987006228547027,0.029474625879305966,,
22.322857999999997,-8.347655228392698,3.756528643263831,-71.5900295888944,0.060147911983812155,-0.34659727982071675,-0.015135346666572623,0.0913733416277929,-0.01660351432520469,0.0815809616737756,,
22.332372000000078,-8.158462981609107,3.967962269938547,-71.02694661880919,0.08464610148149697,-0.3424062303664314,-0.06462521576742367,0.042325195874796814,-0.032363356760579706,0.1062826426527709,,
22.34188199999994,-7.996089294882689,3.9020387197511393,-70.54517246480621,0.0775135410634976,-0.2194411628159998,-0.015874188954391955,-0.011604674185647377,-0.045187581703263306,0.09028904624275048,,
22.351402000000007,-7.9117245219203305,3.651698727255243,-70.32879557119138,0.028410052053952133,0.010440662809157633,-0.00419761006196507,-0.05136525682082097,-0.04293155960487247,0.03827185766852139,,
22.370392000000038,-8.015950873373127,2.8450537434901406,-70.88105540187917,-0.09087197397237633,0.30834264576374965,0.12354295013566353,-0.09363168153357128,-0.01906174797953101,-0.08826330838473698,,
22.37991000000011,-8.17424053582868,2.6010407866230776,-71.46035670426592,-0.1182323153001722,0.3075766198574282,0.12422761617328308,-0.06642626479334113,0.0040679182211713,-0.1182655971833881,,
22.38942700000007,-8.359373338102941,2.534454465320805,-71.97609016048074,-0.11258633219598833,0.1994497507119495,0.09663757164406794,-0.0343283367148856,0.020940413453818824,-0.10533089716776116,,
22.398961999999983,-8.541513749842505,2.613770296379434,-72.23145249911786,-0.06603788432855384,0.002197539135936052,0.06924260051554768,-0.006183187486227437,0.029558415476329786,-0.05318099749446997,,
22.40846499999998,-8.67518939007661,2.831259807961553,-72.12479297116506,0.006242402179221842,-0.15887963017030968,0.03097714910458465,0.0,0.0,0.0,,
22.417979999999943,-8.736888997584074,3.072534986706038,-71.67499056593249,0.07704719799698065,-0.23262854025083823,-0.013153933508049217,0.032068909656980074,0.01666405690761554,0.08701417011472405,,
22.42748400000005,-8.7241465838498,3.200533971072612,-71.02168313374318,0.12223901944627259,-0.22922258896558662,-0.04922792481178073,0.015184066799493126,-0.0044028514850915626,0.12697057911480195,,
22.437044000000014,-8.560400931014389,2.9975949631566374,-70.37884687821276,0.13121551071202667,-0.12700826707533638,-0.020773582427773787,-0.008684325900019807,-0.025103082369516465,0.12324805406900223,,
22.44655499999999,-8.367486218680591,2.8327692882866367,-69.96213899552326,0.08231867652033244,0.030702956565895716,-0.012906675177589574,-0.034827786569849056,-0.0396550949914769,0.07770035583336728,,
22.456077999999934,-8.202895272911338,2.685038768595737,-69.89737267224412,0.007197574031852559,0.15696031472321417,-0.0019642035460798544,-0.06039408765499772,-0.04946688143373947,0.007546577822288365,,
22.465578999999934,-8.095308464362759,2.5706127565949726,-70.18792686600142,-0.06751138053923315,0.20925316290521453,0.06200106566196744,-0.06778237711812507,-0.05061466215523529,-0.06299996221224738,,
22.47502200000008,-8.018321266251833,2.317890244870495,-70.60368496450837,-0.12455004575633032,0.1982884625484578,0.08978348658288682,-0.05226463955054083,-0.04183217709877184,-0.10954118439558791,,
22.484537000000046,-7.958206400859176,2.194179149608392,-71.03859609928172,-0.15660124802604697,0.10992682935096475,0.10748663665093065,-0.02927889340014303,-0.02975026746241904,-0.11597713039726965,,
22.4940610000001,-7.926385391100249,2.200942671277743,-71.42994719518248,-0.139394694124662,-0.05096919560004916,0.10208280233791996,-0.006585974184362726,-0.015750691416743498,-0.08238618287158608,,
22.503617000000077,-8.069266657884839,2.2211263874371734,-71.53436032413002,-0.10311356688162063,-0.14137810034981263,0.06618900629983024,0.0,0.0,0.0,,
22.51312699999994,-8.18886098025405,2.2020408278316066,-71.32847505544171,-0.03923023920475906,-0.1897488925530808,0.0076710821970749354,0.0,0.0,0.0,,
22.522646000000123,-8.252493040954125,2.1043918157815162,-70.90941186966072,0.05698589078395567,-0.16465290251864,-0.006402295028281037,0.005187295689045356,0.003454695717654431,0.08068543041993229,,
22.532157000000097,-8.266737677672495,1.9637292696329751,-70.4506456760572,0.08328147362525887,-0.09296616480095386,-0.010846114487744156,-0.016810794688466833,0.0018530633264863205,0.08827540164222339,,
22.541672000000062,-8.252794505831353,1.834350678754203,-70.12665537841825,0.08688603431038283,0.031863465476733355,-0.013415882820181742,-0.0378387516742043,-0.001300536507591304,0.06109507523910733,,
22.551190000000133,-8.216894389081846,1.716718686416923,-70.04458145523417,0.07041830769798336,0.11509461463492691,-0.01271503403472877,-0.054904851923924115,-0.009273857000804669,0.012522907554870923,,
22.560687000000144,-8.165067018571861,1.6150273115246294,-70.2105078662614,0.034470175414319716,0.15467002359655913,-0.008397652705555493,-0.05911126027479564,-0.018878981351756773,-0.03722021534725609,,
22.570212999999967,-8.110902371516197,1.5600421335775743,-70.53879032161016,-0.0012747811622370816,0.13741578032874235,0.025335876573034193,-0.04610811722481403,-0.02445638649936132,-0.06972220752484569,,
22.579717999999957,-8.065574682194903,1.557133019477029,-70.88473145969184,-0.022608823676283415,0.07649517871101134,0.028198448207226234,-0.02260451439644342,-0.027451250589507554,-0.07319984803870952,,
22.589226999999937,-8.009353464281068,1.5799429410533585,-71.10909618452732,-0.05682808115131313,-0.019693133060370346,0.008459360635917285,0.0027937733117850963,-0.03072202429188937,-0.048925757530006365,,
22.59873800000014,-7.935392858660566,1.6241696505302918,-71.13701915465636,-0.04955098710747126,-0.10624540654148988,0.008932113109268239,0.0,0.0,0.0,,
22.60823900000014,-7.818527530026404,1.7006092164199118,-70.99085224256389,-0.027722464963457327,-0.14308646373480666,0.03719294060614291,0.04272545026150288,-0.03328923229391623,0.02486428993410017,,
22.617766999999958,-7.655459628264648,1.779125697559335,-70.78311336637395,-0.0004887623815505162,-0.13674815843586435,0.03145983686081573,0.045069912533534234,-0.036038068885662265,0.03685429961496085,,
22.627259000000095,-7.471641758464671,1.83987890279513,-70.68029565844886,0.033858131308534746,-0.09657715934156566,-0.003287473571901797,0.03640666227814205,-0.0373487043094261,0.015625894682225607,,
22.636778999999933,-7.283798694055705,1.8948284386491823,-70.83705990119478,0.019909462491783277,-0.04636262214017833,0.02641779514265942,0.022924663031672274,-0.03746770047824461,-0.03648216333197434,,
22.64629100000002,-7.121828524562752,1.9087093329511884,-71.33525835696608,0.009857916672396584,0.0006440665089681505,0.0763568180443392,0.0030637264757789142,-0.03481848284284659,-0.10475401283402899,,
22.65560900000014,-6.995920241813469,1.845653171845069,-72.14963758187415,-0.931557329900848,0.2942411698440441,-4.363784362683532,-0.014076849734813525,-0.0379229038865794,-0.16784168838881844,,
22.665224999999964,-4.775894272620006,0.23879513527601434,-72.87253120231199,-1.9887224668249648,3.1517342699473296,2.43700017417987,-0.1827269793067677,-0.5309285396429182,-0.18053096199132893,,
22.67474900000002,-4.905325014068911,-1.9179860928361465,-73.71839605097703,1.4778891697830252,-0.7113696955430887,0.7046301121479844,-0.43123098752518335,-0.10953612139099815,-0.1863194601954947,,
22.684140999999954,-8.591749757258388,0.496988430643821,-75.17288343652255,-1.165047593922793,-0.5017775803250795,-2.6016773053057167,0.25841534955114065,0.8311049037677635,-0.2732877351594447,,
22.693746000000147,-8.69722813512428,2.3919306271115324,-76.10201497768804,0.2310788801646647,0.03879095474316097,0.4272880404210267,0.35193434491092834,0.10460941287360126,-0.14555416866313314,,
22.70309300000008,-9.165273494592393,0.7066850074279982,-76.01640914894884,1.204652471402151,-1.7234475519146553,-0.0034330480541789605,-0.36094588520060594,0.0005272217936755003,0.038411095568796974,,
22.71260099999995,-10.61236159919216,0.5089859516644712,-75.7706069319265,0.227894435643408,-1.6219208365005764,-0.5447043049395488,-0.11952845644891255,0.2620514883332566,0.07519074546655685,,
22.72231099999999,-10.076621359789709,0.7860126778881267,-75.21493376270439,0.6748310909541118,-0.24073321798665148,-0.2431243231863663,0.06985150024976573,-0.09965680058149175,0.12574010519280576,,
22.73181999999997,-9.875861169425594,-1.0616677480279573,-74.21732163323168,0.5035962194938811,0.13609404956049403,-0.32427979892883313,-0.3568920575858719,-0.14624147777267,0.19684264869126658,,
22.741304000000127,-9.676497301743131,-2.7161563087916343,-73.41625888779912,0.20971516868648285,0.17241290953520585,0.5464017756646454,-0.317449372878404,-0.14081112345839,0.15886152282318391,,
22.750649000000067,-8.471054860187857,-2.779824303749748,-73.08208703497654,0.000966831126066878,1.221853911096739,-0.32078346284771664,0.04713864365548754,-0.24478497718148523,0.07540714226323394,,
22.760156999999936,-7.5629679076119105,-3.0671902882309325,-73.05412056300008,-0.25547104640514157,1.3691091260301174,-0.28671444518429084,-0.012250613180980741,-0.20072237808021143,0.011627646837427445,,
22.769846000000143,-6.666384896527253,-3.39123679512345,-73.21418169881747,-0.3353318107641958,0.381373128407834,0.2575627552258393,-0.020146810088544624,-0.20058214399272278,-0.02534282918758962,,
22.779361000000108,-5.196266303214386,-2.19655612115489,-73.47030040073857,-0.04470961275424947,0.31333332944833364,0.49732233496514333,0.30354421085022,-0.2232178566525245,-0.04077873980221767,,
22.788890000000038,-4.48592441639748,-0.7921303450911521,-73.5598124513152,-0.18896025107562928,-0.14894184563645693,0.018763127881183894,0.30010104025654094,-0.06647278449281588,-0.018383713995710056,,
22.798379999999952,-4.031053162764831,-0.38165014482764587,-73.25898495222364,-0.19562772515003682,-1.0613903990431244,0.041142904656526064,0.09484290284429865,-0.07381280735875494,0.06854331575359814,,
22.807894000000033,-3.450308032020857,0.07234925469342729,-72.50364271656775,0.10868472023576596,-1.176458807454716,0.42967891896812455,0.11133317896881183,-0.09447140849968845,0.1586592027009924,,
22.817422999999962,-3.385289781481732,0.4580847492846355,-71.50997594326017,-0.1194357979239543,-0.714443787178515,-0.34190228485973634,0.06790974637665545,0.0012989986228672755,0.20661657862869348,,
22.82694000000015,-3.3903463400506317,-0.23169466436467026,-70.6046606401554,-0.06593338499740295,-0.25917212198633943,-0.04461629747775773,-0.1404823901891219,-0.05412241259272476,0.19711971468602657,,
22.84593700000005,-4.320105070328346,-1.6530924157200144,-70.2066427901333,-0.2517535118448114,0.7762166398637215,-0.025501030508630285,-0.13184083826131696,0.07106648125627242,-0.010899781022312153,,
22.85544700000014,-4.826109618202965,-2.101394899972068,-70.88052095250099,-0.22600623433061828,1.0627427993795056,-0.011249417159782135,-0.12789165625769705,0.05524520292528025,-0.12455324713931472,,
22.86496000000011,-5.360180116128309,-2.4745545894798178,-71.92181725450955,-0.11116245166841118,0.7243569447436465,0.1735241271888352,-0.11462643483665622,0.06723912966607279,-0.20041990940817114,,
22.87447999999995,-5.765161786383379,-2.052847761826696,-73.05109528525607,-0.04282384406476121,0.41479190057701604,0.09087369959317917,0.046232577346951874,0.09260360969541023,-0.22186656671596677,,
22.88399900000013,-6.063295740983672,-1.2697408983255463,-73.91304166791896,0.04538670277455725,0.08852530911708256,-0.06466046778378962,0.12327477545703566,0.09190141214592025,-0.17261639276123786,,
22.893514000000096,-6.347796466482406,-0.8104308384305365,-74.2635871569302,0.1404898982244584,-0.5358738642897014,-0.08306532255081905,0.0626414926087849,0.0701673904404818,-0.062496624405439904,,
22.90299700000014,-6.3500737696374765,-0.34650360574433386,-74.01649438643652,0.2403407205123566,-0.8390792931699874,0.005278566001805744,0.07905073091878657,0.015951236449176932,0.0598636175204032,,
22.912522999999965,-6.1708064214744365,0.0666536549087493,-73.2795891856459,0.2986371140824111,-0.6400081133281345,-0.11799531140551525,0.07941153595518724,-0.02112584648099115,0.15386350501904775,,
22.922025000000076,-5.984897051052303,-0.13623823531116774,-72.38141847247253,0.22116372486460337,-0.4040890596374111,-0.15540159442207094,-0.037810189978252945,-0.05765072511828316,0.19526676479958646,,
22.93153600000005,-5.6933405769731324,-0.7007205078951941,-71.61398484002883,0.19518636679361132,-0.04952880360063871,0.15857406785402753,-0.09929631069735036,-0.10070002363734275,0.16197823365112757,,
22.9410620000001,-5.439235622967246,-1.1616432057090214,-71.20069307805313,-0.004753695049827598,0.4264112415536185,0.05020750909524179,-0.0808905864975772,-0.08807117466619577,0.06550561316538481,,
22.95056199999999,-5.176161898354059,-1.644809030928629,-71.3529139143869,-0.18970902838210746,0.6851211519903283,-0.023944821840451654,-0.08435366216000309,-0.0913551440739104,-0.04674923541520622,,
22.960074000000077,-4.831909124833229,-2.02881708637285,-72.0200290118777,-0.17799345657059085,0.6218849826059021,0.24538972017509064,-0.061103953318561124,-0.09985627108099933,-0.1353439666279543,,
22.969569000000092,-4.693935830833443,-1.881070892396634,-72.91731766523213,-0.21970583580376424,0.4500811070236617,0.1563675275920414,0.02665323800991251,-0.027513205459951777,-0.18274546952005655,,
22.979119999999966,-4.6671089580563,-1.4248801513082268,-73.72255689634403,-0.31254474950746025,0.12713401850213418,-0.14757545225270047,0.07904017700255167,0.011163512864219752,-0.16515499395392974,,
22.98861499999998,-4.607859018774093,-1.0097386952404739,-74.05791435668363,-0.12175603102988636,-0.27623382191691787,0.25456666062686756,0.07307692899886165,0.0018859529277097794,-0.08332181225231436,,
22.998106000000007,-4.75532263111206,-0.545238416739396,-73.86465212458509,-0.08097763369872575,-0.5916967045116756,0.09878830144488225,0.07115111181269644,0.04428195403952095,0.025963217881120205,,
23.007648000000017,-4.835006752776835,-0.15966807219060764,-73.25724478156343,0.02600366935587789,-0.5620141171997677,-0.07106495054727335,0.059576432447173845,0.0272050672024162,0.13006594077230463,,
23.01715000000013,-4.963084180152091,-0.15815248123700346,-72.40533252317411,0.13501790084028994,-0.40174262511427883,0.08479984519636469,-0.017127641131331934,0.014535055593292785,0.185936661408836,,
23.02665900000011,-5.172040100236216,-0.4198290682383055,-71.62838820290627,0.12472725806238108,-0.14834559960892893,-0.037392936928436336,-0.07249595292406903,0.013447629814289926,0.16879409297142228,,
23.036184999999932,-5.329246798118114,-0.7235440249293245,-71.27699802441255,0.14207188734266135,0.28539267077720754,0.05784576451748225,-0.077357650741343,0.00024987079209229027,0.08586614553965755,,
23.045699000000013,-5.581589286115196,-1.158691970258364,-71.46703587847242,-0.01390749563586869,0.4956292911420478,-0.09973839606000663,-0.10844137476279214,0.009792411750060433,-0.030771525939977274,,
23.055189000000155,-5.618564871981187,-1.5768599215736914,-72.10789966205277,-0.023114022616418487,0.5055437420200886,0.055088941104172194,-0.09169676687665591,-0.029370421553521393,-0.13235685921517062,,
23.064706000000115,-5.580824719364882,-1.6717780987380695,-73.0306982924653,-0.04905264635196259,0.4076205222484963,0.1270494442383134,-0.02584937106371835,-0.02297416166043452,-0.18841783907466042,,
23.07423800000015,-5.5292821654463715,-1.510991265746116,-73.894800966868,-0.14610608706115488,0.16627521597524342,0.003843784211664748,0.02368869708605569,-0.010633074569860953,-0.17661750401147913,,
23.083718999999974,-5.355234181383543,-1.2324138164802398,-74.37446007806344,-0.056121291167201166,-0.1661186345812609,0.18433256897404102,0.05300153181939679,-0.028073806339428364,-0.09915587637191557,,
23.09325200000012,-5.244501829629186,-0.767821322723897,-74.30112321829277,-0.06439256657776563,-0.419268353231299,-0.04753396339562791,0.08539823502569406,-0.006016116041816118,0.011053182086277202,,
23.10278500000004,-5.044174406317593,-0.351760113406716,-73.67302026693328,-0.029271167690014817,-0.4291116954438682,-0.20470523274536082,0.0810901017975667,-0.025444994992405937,0.12205271625733861,,
23.11229000000003,-4.806532130376379,-0.2811731819216666,-72.76305631543634,0.06157622920789401,-0.36047348229580856,0.005815850938810633,0.017340996620980893,-0.05152416687481099,0.19215543575353772,,
23.121818000000076,-4.61971504980564,-0.3822496319816476,-71.83913110369772,0.05879516049593746,-0.16195932798486537,0.06780305821256535,-0.01766887333018393,-0.051978552677810604,0.1925004194075795,,
23.13131599999997,-4.4170950765369605,-0.5301627506449811,-71.22347738704123,0.014129886728160956,0.16774621322040026,0.06042565036242638,-0.024865725541633656,-0.058162677494932605,0.12624258419783682,,
23.14082600000006,-4.309741535005634,-0.8047082925182029,-71.13864917736518,-0.04012969472207851,0.35162113705819725,0.05444581878965296,-0.05470038182496332,-0.04839681408431104,0.018971257852585872,,
23.14995399999998,-4.25926334687358,-1.0351299084700936,-71.57293301947378,-0.07873365818343772,0.3792686790282795,0.08576703384337442,-0.05013961975706278,-0.03459107189487488,-0.09100903519628553,,
23.169353,-4.4042771336355,-0.9365550675933599,-73.30373388413952,-0.04982972163829877,0.18193318829269842,0.05587140397920107,0.0028720965660919313,0.025607934288062063,-0.18840093442748101,,
23.178890000000138,-4.648651073985096,-0.724922669549262,-74.04655841580254,-0.048493579669786145,-0.06990331092747046,0.006035767889394173,0.016820681808065244,0.04907245392818469,-0.1536097193672004,,
23.188401999999996,-4.891413138074772,-0.39288932435041773,-74.42931351694533,0.023806970398500476,-0.2162105695624098,0.004476236832200096,0.040603531928892836,0.05513350279330141,-0.0812582780075012,,
23.197902999999997,-5.135360220379068,-0.07780047661581306,-74.40201122472061,0.07371845372582032,-0.2764841922490807,-0.03676730396358073,0.037449260591636224,0.054305433759923465,0.0011407986859036168,,
23.207411999999977,-5.2819497608858965,0.1220357823343639,-74.05125599860688,0.12211015642140689,-0.25888922438157236,-0.004879579183224064,0.020365234659570332,0.029368083058996207,0.06613113892952922,,
23.216924999999947,-5.342603370233612,0.2591285425935307,-73.63681614465787,0.13806959109774433,-0.12205162614398342,-0.00987895847433649,0.012895358017523865,0.00946163714861577,0.092154178513116,,
23.22648100000015,-5.221220167473154,0.36425811981215883,-73.26484342186178,0.09349040663975235,0.06637778242054151,-0.00969517788714869,0.001891629545753267,-0.00633526055121418,0.07595131149473044,,
23.235995000000003,-5.055357287249256,0.5203952496056465,-73.10178662069792,0.048889131460999526,0.19133683119014103,-0.007524657997932787,0.0,0.0,0.0,,
23.24546200000009,-5.014448768283498,0.5257634770289191,-73.24033265552357,-0.016581209958237322,0.24673092462033236,0.042067917021410696,0.0,0.0,0.0,,
23.254955999999993,-4.9960950280302105,0.6306388946154282,-73.62337308367695,-0.06066416046998795,0.23291900382741582,0.08808648217269795,0.011097431284296463,-0.0073362560814587315,-0.08097664716452461,,
23.26446800000008,-5.0391909390992105,0.8118620306457572,-74.10935052640725,-0.10036638279155656,0.11430172088026828,0.13408194526769163,0.02229761534677703,0.008673726013549694,-0.10145383302416068,,
23.27398100000005,-5.1596180345773135,1.074186609121306,-74.53210580934405,-0.11317588082875532,-0.033464873568494966,0.11034258606237626,0.03381221227655215,0.027808238489158317,-0.08850797102291469,,
23.283552999999984,-5.471174528577488,1.2696230964317077,-74.82345998217275,-0.09102963112904007,-0.13942392813031765,0.053427156696951354,0.040116594022329456,0.041843240948200654,-0.04947977318582498,,
23.29306500000007,-5.829720992478156,1.3599950009384285,-74.8723572186925,-0.05862049813700253,-0.18372139177864538,0.006828703897635628,0.028523363863131836,0.05164385718104295,-0.0013062442673698646,,
23.30257400000005,-6.156532493467711,1.3856589047330639,-74.71559509623069,-0.013702769983164245,-0.15084537543946844,0.0022843824881409844,0.010864095461421983,0.05180097251395252,0.03606739382926989,,
23.312075999999934,-6.4155999758687585,1.434427529673406,-74.49036822831157,0.013021586511666438,-0.04692369126516549,-0.0012194068582301286,-0.0046301616394125505,0.04739757441574122,0.04799509777566462,,
23.321597999999994,-6.605573384029107,1.5296401345739128,-74.31957076539238,0.028967693572205543,0.07302565353649633,-0.003848814100818171,-0.018477919429117307,0.038521417972120324,0.031227479882374887,,
23.331100000000106,-6.719687640787051,1.6635048764504148,-74.32947362728036,0.027435629446470756,0.1531989049564572,0.025703956500088453,0.0,0.0,0.0,,
23.340617000000066,-6.790978318150089,1.8459773844510003,-74.53765529816403,0.0017898004461319897,0.18120641893394399,0.026334956521667823,-0.017855759992917605,0.01441358027152627,-0.0451937754681584,,
23.350129000000152,-6.833955977411036,2.036636465198271,-74.87416004021597,-0.038513690713480035,0.14248256129816286,0.005248660619004982,-0.00708578060745095,0.0027743458935567717,-0.07107394502472114,,
23.359635000000026,-6.865294632029321,2.1866589852953084,-75.21568293898684,-0.0488295804931581,0.05349202592201485,0.03650352969124645,0.005423012401638474,-0.00606096326953104,-0.07216494180937363,,
23.369141000000127,-6.896764688793827,2.3021320156045926,-75.4381353501148,-0.06613498641510318,-0.0191227950761385,0.04677709664587866,0.019160865161367092,-0.010235895603422704,-0.04832534843085373,,
23.378574999999955,-6.919061820250157,2.377584063333554,-75.46298059818665,-0.057634800063383805,-0.10798303650825626,0.039297429741782464,0.0,0.0,0.0,,
23.388178000000153,-6.9293621033074455,2.4079897151162597,-75.29324575300915,-0.04994083141296309,-0.1262632558660869,0.005172449676937791,0.0,0.0,0.0,,
23.397695000000112,-6.914363207776599,2.4201162137120087,-75.0084959272098,-0.03173463381146637,-0.09109371247911419,0.0032087775954673424,0.01267631467116206,-0.018521644622720115,0.05287168387079875,,
23.407192000000123,-6.872050718254001,2.4496192096551312,-74.73348200357992,0.0,0.0,0.0,0.0003376771383681456,-0.01998674794261655,0.05067341835155889,,
23.416701000000103,-6.827101780174589,2.4905237732331553,-74.58599678196069,-0.017936238858610832,0.06505499774872878,0.0029351588510584466,0.0,0.0,0.0,,
23.426210000000083,-6.783949747027087,2.5356346026642615,-74.63241620761038,-0.026788636313336688,0.11121253442564792,0.03570623364760512,0.0,0.0,0.0,,
23.43572199999994,-6.762288382060513,2.5926330829215902,-74.8644236543152,-0.027686570627308345,0.12330334743077839,0.05188551536213342,-0.02423277113147561,-0.016471142853091363,-0.050732925336727026,,
23.445241000000124,-6.765451976492359,2.6490709569844157,-75.20419589249389,-0.019830134691761973,0.09539933176031958,0.048297614935515695,-0.01884180572743149,-0.013942310975360094,-0.07208767733768259,,
23.454743000000008,-6.77357293158185,2.682114962550345,-75.53443079359562,-0.040807903231971074,0.025966929681238225,0.044136629192950826,-0.010116467993728964,-0.014781778565496041,-0.07013519038132111,,
23.4642530000001,-6.7677120183845405,2.6917188592244736,-75.744771179255,-0.039223877426890555,-0.03980236324902277,0.004321225706735542,0.0,0.0,0.0,,
23.47375800000009,-6.7147193066664235,2.682278016535907,-75.76823498028718,-0.022585055377547448,-0.07960854914686542,0.0015319875286496476,0.0,0.0,0.0,,
23.483290000000125,-6.600232753807029,2.654122887352978,-75.60744190995985,-0.004329317679004906,-0.08476040596793671,-0.0008298452697734316,0.0,0.0,0.0,,
23.492801999999983,-6.415868134429145,2.624211358022266,-75.33263397649891,0.012326823214438861,-0.047096325923109236,-0.0022312873686402227,0.0036057061027082987,-0.044538079857532505,0.04918952902554546,,
23.502310999999963,-6.164832362505491,2.605153641871263,-75.05442730396814,0.0,0.0,0.0,-0.004101803034300592,-0.056556846037923124,0.049201077685007436,,
23.51181399999996,-5.870917607485473,2.5984064084791636,-74.8827548585175,-0.018505810994039456,0.06850359903904678,0.003220260749974202,-0.012026738637864742,-0.06836160348078092,0.02739408677735863,,
23.521327000000156,-5.548127362763314,2.5983594896075974,-74.87977215324261,-0.028936843976317485,0.10709436970293534,0.00503434001632229,-0.016063939664300066,-0.07986842753591146,-0.0067429781559456845,,
23.53083800000013,-5.21745591298029,2.595877044088483,-75.036528788368,-0.07457284685223678,0.09878050533971768,0.009453599401566343,-0.014945438737832632,-0.08914105243876853,-0.03887555708656908,,
23.540353000000096,-4.908192367695044,2.575859839300897,-75.27233668488486,-0.12244188463929263,0.059830721774187176,0.012875495718612904,-0.011753263093866602,-0.09749367563996608,-0.05454250924213067,,
23.549860999999964,-4.570632981311876,2.4996085910315458,-75.4628368351991,-0.15713053891241768,0.005597213003143667,0.014016655026957809,-0.009471985925035717,-0.11336602683663338,-0.045690809033942646,,
23.55937800000015,-4.165827324848041,2.3681583132959823,-75.49297431789813,-0.18230406765704948,-0.0477567404278276,0.013714521574859268,-0.007905686221263355,-0.13463636179816632,-0.01405750286295352,,
23.56888200000003,-3.6214303345275836,2.179423937879026,-75.38023919000861,-0.17124738978136428,-0.046944586319518936,0.0578416908553547,-0.010845087673704677,-0.16022057731019182,0.028958417137582612,,
23.578316000000086,-2.8472098658618865,1.9331016397868814,-75.02512533739245,-0.1657369254492704,-0.029258996301484697,-0.43139416535425884,-0.01838257392172629,-0.17184126486194973,0.06972544804165529,,
23.587635999999975,-3.0571680144647835,1.9766819354300078,-74.67189091624046,2.099558541842441,-1.165785469684484,-1.8748649021827162,-0.01267465790736188,0.03338927000345917,0.09005295311170948,,
23.59732299999996,-7.079044468274941,4.121608389175107,-74.79936412732891,0.3366571056731829,0.5686553676633428,4.538689494943756,0.1946178693729128,0.8792054553403217,0.08021505175822244,,
23.60672599999998,-6.438051880965294,3.5156290432547093,-74.22095912560701,-0.0021752684818849444,-1.0031694111453255,-5.033009026036053,-0.09333186095409352,-0.16528549441548812,0.13571018825616854,,
23.616344000000026,-6.06836131373913,3.269085503924922,-73.83429378478391,-0.02349484800825095,1.0057434682767528,0.2693041571509889,-0.03739113273640281,-0.09426273066271178,0.06873969550111318,,
23.625864000000092,-5.665750466207494,2.593160292875114,-73.79665254523525,-0.1448312097188804,-0.09817673487093388,1.189269559769606,-0.1177820896375108,-0.12473634710591515,-0.0009071277956119307,,
23.635214000000133,-4.541571365406615,2.5304324690970206,-74.12784993244512,-0.06945062373267197,1.115974571667539,-0.7670731996174918,0.039892634163252415,-0.22923519613252763,-0.08093596181846072,,
23.644886000000042,-4.684407354345873,2.5808543166185274,-74.84602274431296,-0.398274396553856,0.6478614439937876,-0.06576644939911128,-0.008220264683793464,0.02080717264299984,-0.14705856981830304,,
23.65438599999993,-4.683962351933492,2.9942198732425664,-75.75867920644251,-0.5313279600128087,0.09598008920316041,0.09392052002248218,0.06965151031296152,0.011682765714536211,-0.18732572929972724,,
23.66390700000011,-4.5831030557587855,3.744625226875877,-76.67269388556053,-0.13248997540829932,0.3311433471730945,0.5960522117138973,0.1401740959409556,0.007217058431634546,-0.18888325311676765,,
23.67344500000013,-5.472502188017955,4.061394784276634,-77.5128551922152,-0.46071358875457913,-0.5706743981772788,-0.25447735626627727,0.011450807219551348,0.17855394759028936,-0.1460794506996469,,
23.68294200000014,-5.871963126832519,4.2705154289891825,-78.01157731034027,-0.09143397892545349,-0.69441743656601,0.27598303273284586,0.013137430720788002,0.07810338729137549,-0.08842298696715284,,
23.692471999999952,-6.623404139851355,4.386491261185441,-78.2744707170377,-0.0009907085647067933,-0.4954844478052848,-0.025359648062336617,-0.019004495410745552,0.14294870160524523,-0.028521633368442625,,
23.70194800000013,-7.501031115534395,3.9333762028971004,-78.34640165510741,-0.07705030900922989,-0.4523361830080962,-0.1940346568117721,-0.13535260845344402,0.14464519105502735,0.012598446143304803,,
23.711475999999948,-7.996355088971414,3.209598470300103,-78.25012617747758,0.2257937492396103,-0.03368727543599194,0.22897281615707865,-0.17315731576422255,0.05864433077537543,0.010659856522533033,,
23.720989000000145,-8.68318210342202,2.624174542130201,-78.36499138070015,0.0830133970499553,0.3358505995317942,0.03770651342754152,-0.1538386777730414,0.10185750533783766,-0.028077267677739885,,
23.730504999999994,-9.079828841858358,2.052181581363271,-78.7649251297091,0.046469190079524825,0.5466025669199517,-0.044835708474782375,-0.1392207193259232,0.0462889175042634,-0.07448262095624973,,
23.740002000000004,-9.21749276920894,1.6255206473057635,-79.28118421814318,0.13644577119297469,0.5493339770418361,0.07274796576142957,-0.10042626672895764,0.0019953668935974063,-0.11200256897111006,,
23.749526999999944,-9.32326745808576,1.6273203187609726,-79.88419220787945,0.025975141638956815,0.3401454466367041,-0.04780359549386671,-0.01485337960054809,0.01224749243776773,-0.13152376185600478,,
23.75902599999995,-9.166129842448482,1.8823011810542574,-80.38847305934321,0.03554501959269895,0.13589554471593687,-0.0757869539513654,0.0442750509933335,-0.030754622300987616,-0.11385969699385544,,
23.76856100000009,-8.958323463619633,2.1080097941041624,-80.62683106932099,0.045665778381440925,-0.2254599779230827,0.04445931168444814,0.03998790819431431,-0.04202528429601978,-0.058467674981726024,,
23.77807299999995,-8.675241746246975,2.313930636402828,-80.53732924336848,-0.005150123988490017,-0.5039375825645122,-0.05111937038388604,0.03851202183982072,-0.05761155154686663,0.012111849662895208,,
23.78757799999994,-8.306265127375243,2.3978675080823364,-80.11134401165491,0.025602252807424494,-0.46944361265254514,-0.0457054721727106,0.017613029866216715,-0.0785057392443985,0.07854348099602053,,
23.79708299999993,-8.01669928860482,2.126837848029997,-79.47216151661497,-0.020061804919839242,-0.384537040319529,-0.04473706895615519,-0.05441744159893156,-0.07533512234226404,0.12194569328594058,,
23.80658100000005,-7.739402692972149,1.6292393636259859,-78.83310797737943,0.007463907981281133,-0.1407483218155144,0.13759258304486688,-0.09858296335750429,-0.08210680609649464,0.12238239634019958,,
23.81611799999996,-7.606584701265227,1.0911298190101946,-78.40507808731579,-0.028157016302419548,0.1993365408447321,0.09731353984105205,-0.11147403819751495,-0.056285025089059096,0.08134817058117014,,
23.825514000000112,-7.588119766962611,0.539678065763106,-78.29501854356302,-0.07279421156284722,0.3918144539544747,0.0653684269523207,-0.11846258501384012,-0.03492437200480468,0.018318175090251777,,
23.835127000000057,-7.6401957493402985,0.11414833122884693,-78.49299502938973,-0.07001580898058224,0.42296594954955014,0.11840039271534185,-0.09664260724077281,-0.015915622494498734,-0.04318743344528381,,
23.844643000000133,-7.800468720372567,-0.04128722654755652,-78.8786216421249,-0.09023686039773823,0.32497170747708176,0.07437573543688931,-0.0479442837486233,0.016450026143144163,-0.0807451318554598,,
23.854156000000103,-7.957077886991873,0.012678355897744145,-79.25198772107778,-0.05417949848487861,0.10893421059094087,0.07019444565246483,-0.006521150302295125,0.0240032989161403,-0.07828814207563768,,
23.863665000000083,-8.1014722095272,0.19411185072512188,-79.43398644268109,0.013711651377132147,-0.1530732848777908,0.08082067358790594,0.01914187957673249,0.026341557496088318,-0.03989475813132734,,
23.873172000000068,-8.217693263927824,0.4508286899937487,-79.33216541626221,0.06554864173402396,-0.34797705212214,-0.0027862499141219897,0.0,0.0,0.0,,
23.882702999999992,-8.25905232517883,0.6530019485862673,-78.9585324334319,0.1313392729870695,-0.3995462206727038,-0.012360960159890516,0.027038789377393697,0.006890883011178298,0.07137038609419791,,
23.892234000000144,-8.239980302778731,0.6949090711206865,-78.50037433760444,0.14607381893103152,-0.33209338314152514,-0.01544244519327589,-0.002125783963444343,-0.011068701854748515,0.10133340084451836,,
23.901714000000084,-8.120461021717427,0.6196887637337615,-78.0648740632039,0.17462404152139238,-0.1519857913879523,-0.06675173832455118,-0.020928421995294284,-0.0355409181391293,0.09233514057380686,,
23.911248000000114,-8.04197815412258,0.47336667102133934,-77.8446073652591,0.12119825052346199,0.10667613898647348,-0.04929903709867321,-0.03637138293761859,-0.03057796533236894,0.04638667123482886,,
23.92077100000006,-7.961021900211167,0.27970361986462466,-77.91460604886373,0.05503613529448417,0.2507512106753925,0.016385185925517385,-0.04550445851260286,-0.03309040018568743,-0.01767325878197876,,
23.93024300000002,-7.848647221784443,0.21227734083158556,-78.29533787847475,0.028949735280924944,0.3154697668588509,0.1226546119391275,-0.01960700805398634,-0.03382932986368164,-0.07990041686152997,,
23.939771000000064,-7.801285642489463,0.3489047859335573,-78.86602035658893,-0.04619528646148598,0.2787466070283978,0.06377120878882285,0.01758779883124017,-0.012780470775275964,-0.11790908246035371,,
23.949285000000145,-7.761129197646388,0.6133475745306767,-79.4231431467563,-0.08920471920156509,0.10316011961749645,0.10087730684881158,0.04233381327187101,-0.006698393847080342,-0.1152517374838301,,
23.95878800000014,-7.750796112644897,1.021386271650743,-79.79018745477362,-0.07658069548037698,-0.10335740151034091,0.09732464919295723,0.06950015707978192,0.004031930048806639,-0.07720136171337004,,
23.96832100000006,-7.804723894741496,1.5270235884958152,-79.86449926967606,-0.07660299050296515,-0.2245513344543255,0.010224496919374952,0.08649402875384626,0.019885809327640103,-0.018361013483595964,,
23.977836000000025,-7.868124440826017,1.9350209573538304,-79.63829954367185,-0.019301532907262674,-0.27343499531042853,0.0004555609205986208,0.06689500232697601,0.01838048456207232,0.041921050968210874,,
23.98737499999993,-7.975960069951212,1.9333860999686883,-79.22096647537902,0.047355801436942346,-0.22690383541465922,0.021343064336776584,0.03353429767489262,0.019766029766347833,0.08051486870148804,,
23.996884000000136,-8.042426003598532,1.9695107617953527,-78.78701547671112,0.05492402873082958,-0.07043305371224794,-0.00842363939097198,0.009069959468385728,0.018029280384845442,0.08361352907047213,,
24.006401000000096,-8.05261435045593,2.063902809782791,-78.500759859429,0.06779296432632817,0.11636385109627374,-0.009066588570614454,-0.018443865726841716,0.012232328082810152,0.05367386669538063,,
24.015910000000076,-8.06999704655836,2.1850713694619537,-78.36909514752153,0.05323648650538197,0.23104277672430965,0.02460403702909729,0.0,0.0,0.0,,
24.025427000000036,-8.071286636931452,2.401124174822972,-78.54954637926832,0.032263596677934964,0.276861429849201,0.04268608336928804,-0.02643843528699117,0.0069394818734504135,-0.05204032251458971,,
24.034935000000132,-8.083420844859225,2.6847634440293975,-78.97365146488468,0.0007991838559285912,0.23849504634546032,0.037643773686157914,-0.006154910602538345,0.0050706391473248295,-0.08857656727646468,,
24.04443500000002,-8.110699541746062,2.911892213024281,-79.42863688509827,-0.012842316596340522,0.09750576482646268,0.041980943602780124,0.012114824811384988,0.0003730620798749167,-0.09464724705048384,,
24.053965000000062,-8.120147625561467,3.080637476205856,-79.76361763687146,-0.02558058436315159,-0.059784295424820035,0.04455755705010987,0.034289252104391404,-0.006069194650947626,-0.07081755615101011,,
24.063458999999966,-8.122209050883521,3.17511479652828,-79.87661943557583,-0.03366726752882686,-0.1626911132892757,0.0002685467789812252,0.0427171221944512,-0.01175643650083109,-0.026452980889044672,,
24.072883000000047,-8.077090721392679,3.127710458558614,-79.74389545968498,-0.016211516049551532,-0.21671676887696692,-0.0037438587284661273,0.0,0.0,0.0,,
24.082497000000103,-7.991911893775733,3.010532968268419,-79.44178523278978,0.002369142182989793,-0.17981891192627902,-0.00501488108860768,0.00785376974636844,-0.028390592217814356,0.055764178299972975,,
24.091998000000103,-7.892709443646942,2.912329147917893,-79.10369307194468,0.011530963368030556,-0.05990023661521313,-0.0031032873693203253,-0.013493420075269172,-0.02949037004338155,0.06281808729843498,,
24.101421000000073,-7.798390524312402,2.834566649477843,-78.86303813368279,-0.005646556038879432,0.058430052823773664,0.04489832827171262,-0.03601775524379572,-0.027903911073729967,0.04334997526753196,,
24.11102700000015,-7.735785171523817,2.822192811450786,-78.81522914433519,-0.020521940122369537,0.14644001940584128,0.06825646306307008,0.0,0.0,0.0,,
24.12055200000009,-7.7001039084589,2.9176600811901725,-78.98014187770018,-0.029132091007564156,0.19490128896739095,0.07416939182286371,-0.03168518184754936,-0.01456304340114279,-0.037294818981643676,,
24.130043999999998,-7.707697419239534,3.0389528151952954,-79.29319849663538,-0.02237348647872567,0.15997544775885206,0.06581095125819693,-0.020907217742060977,-0.00646910083942346,-0.06652124400930888,,
24.139556000000084,-7.762580223411255,3.125226769276215,-79.63798965150941,-0.0042785799059795035,0.053132728651793804,0.04218622009456159,-0.00695353380798206,0.0011170202687273171,-0.0723570463398668,,
24.149071999999933,-7.834205310193569,3.1818624545994947,-79.88771151962166,0.010333765021879764,-0.05794144476773872,-0.003271857255406712,0.010903302493481686,0.005893445169871184,-0.053128189560526645,,
24.15858400000002,-7.892486455323433,3.1819217281838283,-79.9523743443626,0.025102529996488307,-0.1416747857028852,-0.007998684550712808,0.0,0.0,0.0,,
24.168084000000135,-7.902957946917838,3.119779541887278,-79.81754869836199,0.03789743353690446,-0.18677663111711973,0.020504631178129527,0.0,0.0,0.0,,
24.177595999999994,-7.857625764024534,3.0675636565360778,-79.55245665109597,0.07589173251518974,-0.1413334344293331,-0.014958782385263037,0.0,0.0,0.0,,
24.187131000000136,-7.762265972300563,3.0557395238864484,-79.27769488563752,0.09637104611907955,-0.04451202217099526,0.012781006731911286,-0.00035923660090191923,-0.006727797530944858,0.050095968354849356,,
24.196636000000126,-7.6651244219244195,3.0774789126837847,-79.12017667169034,0.09489182077220609,0.058096463532536446,0.03495079727472869,0.0,0.0,0.0,,
24.205952000000025,-7.723326878896358,3.0274773570593787,-79.16902199090973,-0.07171687655337729,0.1654792221591267,-1.205285787859847,0.0,0.0,0.0,,
24.21546400000011,-6.531770210149972,2.7508377685118344,-79.22513641923553,-3.2594552268029546,0.25765803095151846,-3.794914981048538,-0.020746619062771348,-0.2531899716026812,-0.03984880932359404,,
24.225071999999955,-3.520486293674451,1.4720465292686058,-78.77857497519364,0.6546865641369187,0.9321905154290254,1.0586633631962263,-0.14601429457153844,-0.6495923629466501,0.019109767185738393,,
24.234591000000137,-8.159030147778298,0.17786529803928217,-78.86564500831057,1.1626031014316915,-0.8004501062657984,-0.14452158549483093,-0.4444004246206652,0.8528036178591476,0.019694842592205997,,
24.24392200000011,-12.896870528618498,1.780617256973246,-79.5542384362709,-1.7717539825028548,-0.44777902258674696,-1.3302228346599814,0.12931232544385893,0.982983482702037,-0.04870420382265685,,
24.2534270000001,-11.446993462653616,3.1974699627730385,-79.77090932000252,1.6370330261090869,0.7310136341106365,-0.030018775656256158,0.3196616545330138,-0.24328976815930659,-0.048574011817942124,,
24.263108000000102,-13.956680336503588,2.4846390120591364,-80.11990336327403,1.2427315211827061,-0.2677707530659268,0.2615873861705898,-0.239552154914375,0.46096872962624563,-0.032645684430436826,,
24.272523000000092,-16.161188281613015,2.012690892124122,-80.92970889680613,-0.8413901042034583,-0.5392186291560197,-1.6559156095481704,-0.1771714296392989,0.41133932800300244,-0.11923431484130852,,
24.282134000000042,-14.80757271443417,2.003664397126277,-81.646607438596,1.291734012712554,0.34509245126503185,0.2778992360758734,0.027504400491228476,-0.27644947513075224,-0.16513520243178173,,
24.291650000000118,-15.594536261904539,0.9499275998430823,-82.06918346325904,0.20027764990102434,0.10980389052310693,-0.5208438135191565,-0.2432462615679083,0.11773512280666856,-0.08835394685509522,,
24.30116399999997,-15.297719092368851,0.03489920465180377,-82.0824078868507,-0.12610599961371413,-0.1739251054090747,-0.2712845583548975,-0.1852942551497879,-0.0924853049546453,-0.0050591610554920905,,
24.310656999999992,-13.794808425343279,0.35892762666537287,-81.7918922698862,0.8013650531508514,0.3545787268839482,0.6980693258715447,0.09480784229665853,-0.2972624670795863,0.03978013740078491,,
24.32017799999994,-13.507886350059568,0.6418672170328821,-81.1954985159377,-0.4448519162718252,0.37466815655893054,-0.6166360073905346,0.05280551016136425,-0.05690025703307093,0.10325553294250579,,
24.329700000000003,-11.8616420408524,0.5993088572426934,-80.32481960825454,-0.07529260869444108,-0.07137266301422748,-0.009559647455613593,0.033056436204447946,-0.33545812180384404,0.1606344236406478,,
24.339201000000003,-10.116947963964998,1.2284906042102783,-79.57953992320664,0.4421922518144272,0.0655616696229334,0.7227550784093866,0.17393738707644374,-0.3306738055345774,0.12139763067009009,,
24.348715000000084,-9.616532157861904,1.7576451370182744,-79.21453196370786,-0.43819106239400446,0.07069992836975539,-0.3672803827827535,0.11136144083433205,-0.08770119056891566,0.05504116111041403,,
24.358222999999953,-8.589081473954863,1.5205580868782835,-79.18808641996354,-0.11723895322382583,-0.31623337505741833,0.3188941163797775,-0.019302334422492285,-0.2197549801738017,-0.007997635481284227,,
24.36774400000013,-8.062816091322354,1.441649097460072,-79.6048362890707,-0.054485855754768484,-0.3108968143112706,0.45021148797264277,-0.007404969866130773,-0.11518114660175374,-0.08983274703499147,,
24.37726900000007,-8.211741990013882,1.378359432542124,-80.2887872933811,-0.5120958635740067,-0.08014250593005806,-0.307020688081685,-0.029056122700813914,0.018586948879788703,-0.13983549640090656,,
24.386776999999938,-8.258128692481618,0.776964814904645,-80.93040394754763,-0.26707834284568066,-0.10135874604890287,0.2347471939267456,-0.13182588468204828,-0.01896286659618693,-0.13184301716931604,,
24.395907999999963,-8.802690693475435,0.33833980864570706,-81.41678662278707,-0.2883618781009633,-0.04533657203586382,0.30346977883383014,-0.11511653628766115,0.08589409330772557,-0.09970159589415266,,
24.4058,-9.468143577128426,0.3204517777563867,-81.63409338009701,-0.28257068030081534,0.20188725156214513,0.04307226293006971,-0.03482070144593371,0.12293746424530035,-0.045965905440510865,,
24.415295000000015,-10.122416131130745,0.2600673228447149,-81.51205165781725,-0.03155406435392358,0.19190081648253748,0.18519381221674297,-0.042825355613611955,0.11945986029491708,0.022031745972460888,,
24.424829000000045,-10.887121523791542,0.41699010849773865,-81.18500640205458,0.0372869532552551,0.034177642831296845,0.07251202568651335,-0.003616600774490882,0.14768617882133275,0.06347510515569929,,
24.43434400000001,-11.447864012340316,0.9936024132641558,-80.83071888660125,0.2035585692795648,0.07856773582508045,-0.04245406731151159,0.08489475839774482,0.1204635712158612,0.06947293109205657,,
24.443852000000106,-11.93883601477329,1.484603153777239,-80.54008338736945,0.26742473559117275,-0.010325244027190643,-0.11703321710138474,0.06952739389074025,0.1043826151441113,0.05752548590166095,,
24.4534000000001,-12.215393687954375,1.7730309471755663,-80.4042565001206,0.29641391348063906,-0.2018720152525313,-0.12678954899678366,0.03620747375307715,0.05559433121626265,0.026002343585657794,,
24.462905999999975,-12.232838095829662,2.0520261088703458,-80.49660094609945,0.3041484846405542,-0.14985392997171296,-0.06680563254791912,0.0,0.0,0.0,,
24.481962000000067,-11.623807851124434,1.6277069447319965,-81.00159553646478,0.10765150151144644,-0.06126981352576454,-0.022106640519399895,-0.06346078349053957,-0.08793124159289531,-0.06034615435388539,,
24.491471000000047,-11.189942881546061,1.5303740644811699,-81.28110552640089,-0.01159119035498395,0.07558206172861248,0.0020428898336265072,-0.03356391004192807,-0.10421100417845135,-0.061398845420725844,,
24.500981000000138,-10.758002548327113,1.720401220284091,-81.46568272659323,-0.1321813924065873,0.21534018820876355,0.025758550357896762,-0.0072986875401200805,-0.11678980962724293,-0.04272892649830427,,
24.510426999999936,-10.253625508959356,1.6971187360565043,-81.49028355126823,-0.15279468726769566,0.16513691537561237,0.22984656358505956,-0.0013154586044093165,-0.10889479205944759,-0.011140646255827983,,
24.519921000000068,-9.873093949566819,1.9209417544578709,-81.3912522110346,-0.17948958469404006,0.09881991829380908,0.2569362693907362,0.044034567842158735,-0.07699935097763289,0.014112241716155478,,
24.529420000000073,-9.65906373923751,2.333116572918835,-81.14221113141262,-0.146137892432412,0.04201926283853773,0.2272820029724793,0.07653029724136788,-0.038119752521705776,0.03222791245766867,,
24.53893600000015,-9.737037373509253,2.6943095355652766,-80.8503172692521,-0.08523933431744282,-0.09871357421505966,0.20111774487642145,0.057441440373614296,0.018372063459586817,0.04390493546210041,,
24.548473999999942,-10.04969004845826,2.988755804603899,-80.64188077329266,-0.09812850542353395,-0.2113373980579584,-0.15276092926040188,0.036604502610449355,0.06279168590380685,0.041447201906867744,,
24.55806400000006,-10.415482371643572,3.040231202678004,-80.53314225007574,0.0025693879424507297,-0.11895566606361788,-0.09903901563322773,0.01492934569375712,0.07203458338711291,0.02221999439288482,,
24.567565999999943,-10.848599316882511,2.896657945863818,-80.58668287830416,0.08279789636235055,-0.04425724338875142,-0.06790122605342767,-0.04362840773574103,0.09196701435506607,-0.009506581385242048,,
24.577017999999953,-11.386543159035496,2.647880742471575,-80.86405997171558,0.1452455731447033,0.056229291557598066,0.09354627141958731,-0.0781608578136796,0.08976073686524896,-0.05338977522065627,,
24.58653400000003,-11.874849068633129,2.3823475473219413,-81.3572070906058,0.16188406166590907,0.1893340035649427,0.08037506838626189,-0.07937159857623244,0.07997358896868659,-0.09737091010942256,,
24.596107000000075,-12.15726002630182,2.3362199789340297,-81.96760450195698,0.10441146032687734,0.22246511526368334,-0.020601446844328446,-0.07749133549220479,0.07033733124794507,-0.1226489327024521,,
24.60561000000007,-12.340535807200837,2.312167987947605,-82.57285419346456,0.08590873212716331,0.15709477579319528,-0.017257215249559886,-0.056954063644254004,0.046777293591542944,-0.12246265119213168,,
24.615109000000075,-12.468079211664756,2.414528867009566,-83.0637171425529,0.03230157644323516,0.0723003035774776,-0.06746111588330529,-0.012003510576777296,0.027638763482704352,-0.09999432966163367,,
24.624620999999934,-12.4984150389597,2.5499779298417056,-83.24252604969946,-0.00975877058362386,-0.02856836286266758,-0.06015454093995686,0.020682590953123907,0.0010928162734810184,-0.05955925122820631,,
24.634142999999995,-12.40666688201869,2.6124305010429802,-83.20646285462225,0.016143348556042426,-0.13551219717471574,-0.0062267524972631615,0.0,0.0,0.0,,
24.643657000000076,-12.281733417052315,2.643067832380434,-83.12009458171579,-0.011497020117612363,-0.1928295142718357,0.0584392224749828,0.037130176438549926,-0.03442685939261332,0.013331011913850962,,
24.65317200000004,-12.14509637553492,2.6319441015241813,-82.99176776465018,-0.020548996433799663,-0.18111905292849667,0.07663120136254654,0.02616769512702867,-0.03957432014954458,0.021596271059778484,,
24.66268200000013,-12.086126022467655,2.5457480177191547,-82.91781212618461,-0.03823899813073066,-0.13908477691791377,0.07520134475239797,0.0,0.0,0.0,,
24.672203999999965,-12.170670525978219,2.4476822636578364,-82.95609800029395,-0.07028384678519725,-0.06715200919920664,0.05420275717499771,0.0,0.0,0.0,,
24.68170000000009,-12.385965962618766,2.396586277212022,-83.0914664043751,-0.09497251768951126,0.020437831083851946,0.021510308304128683,0.0,0.0,0.0,,
24.691219000000046,-12.699962634738013,2.3954131172600137,-83.25177430002726,-0.08986420612292761,0.08282090008657465,0.0677515655031885,-0.036932727959908325,0.0357905986023871,-0.03215182630844275,,
24.70066900000006,-13.009174164588634,2.3480411552322344,-83.35278701117801,-0.06344809951366806,0.10769772746296963,0.0946459630787049,-0.028703096737291846,0.05240033086446278,-0.02032142926850388,,
24.710239,-13.377993867943688,2.5190354098083874,-83.33807756912113,-0.023105275898451245,0.11413354146627572,0.086949616801648,-0.00986490959011222,0.06461508973253613,0.0035589694817200848,,
24.71974,-13.704555108477912,2.735985561386207,-83.18923629654978,0.0014364632525599955,0.0791097071924602,0.04811710749496888,0.006127111121182283,0.0659010638858773,0.03031517797404858,,
24.729252000000088,-13.906976213558002,2.9610830303983375,-82.94996371867245,0.06980090673665199,0.041803037252952445,-0.016744512329481265,0.01848854794619419,0.053718295671547844,0.047445816121763434,,
24.738761000000068,-13.995607438562308,3.1576682066560493,-82.7114265133201,0.09923341930825307,0.01652085680491742,-0.06884368226773331,0.021192467754799705,0.03807446805101572,0.04622539397851405,,
24.748272000000043,-13.964680380146563,3.248805021147349,-82.56838882159528,0.11620606344523458,-0.012842781369296518,-0.06354021878983843,0.0,0.0,0.0,,
24.75778800000012,-13.85174642474909,3.224050141251956,-82.58959642246201,0.10884192669854637,-0.03219869096294128,-0.02822013711765086,0.0,0.0,0.0,,
24.76730500000008,-13.726096824950938,3.1219490718037592,-82.78641126044087,0.053307989225364685,-0.03147303347071123,-0.014038330914492286,-0.02202111490306184,-0.022862337129147238,-0.04338773194369842,,
24.776808000000074,-13.606103454694328,2.959312220970187,-83.0946025902054,0.012336953223094353,-0.027831093405072168,0.03532061860411998,-0.03509115138468593,-0.03604382996519254,-0.06557312513382484,,
24.786322000000155,-13.549006843236931,2.7902085190894663,-83.40816617786103,-0.07004121666249813,-0.01076920207258963,0.0545293078585529,-0.03814586416922285,-0.03756278908481097,-0.06592609590377659,,
24.79582900000014,-13.565742058254516,2.6998335967423035,-83.61484265589998,-0.11678915496716799,-0.015874398585609996,0.059115200371705354,-0.027101109074601202,-0.03101892049680164,-0.043778472513756064,,
24.805356999999958,-13.641878424188896,2.7053971178754788,-83.6295909747964,-0.13045949118637595,-0.017653975973484688,0.06496379602705968,0.0,0.0,0.0,,
24.814468000000033,-13.764065821326682,2.7939005001122967,-83.43373367112966,-0.11319774201070387,-0.016180750974423064,0.06414135157146766,0.0,0.0,0.0,,
24.82435200000009,-13.893787395743427,2.9524598889879083,-83.08153414061533,-0.06787466134277513,-0.011308392312585817,0.059137949467583294,0.01469345004969052,0.006784379109827144,0.06927821010147307,,
24.83388100000002,-14.001023857886924,3.131977626960553,-82.67642692375044,0.010622358725077045,-0.0009359807035433531,0.04171228235318206,0.018126490554426375,0.01447798842822052,0.07973106247570035,,
24.84339900000009,-14.071640085077684,3.272634537539052,-82.33180998764973,0.024175597230431622,0.0036078888946437272,-0.006116261598148738,0.011618039421087956,0.01572628228818744,0.06727411841390828,,
24.85288800000012,-14.102326514434468,3.338762477768966,-82.13546242357134,0.05201237825859476,0.00796160103307065,-0.013195199062977492,0.0,0.0,0.0,,
24.86240500000008,-14.09558362081856,3.320846843400102,-82.11320183474743,0.05239194451987604,-0.019689042561247327,-0.013922391109679619,0.0,0.0,0.0,,
24.87191400000006,-14.031198476889458,3.2499698084201905,-82.22169744134209,0.031103905531939258,-0.04320375085806875,-0.008920073141548135,0.0,0.0,0.0,,
24.881433000000015,-13.913530298767622,3.1658863672131936,-82.35694772019305,0.008730688709866902,-0.06506051896077515,-0.0036308480889152357,0.0,0.0,0.0,,
24.890941999999995,-13.757919265366086,3.1021484247881506,-82.38786946802614,-0.05677940453019897,-0.0927898052392337,0.01223692687574376,-0.00014317357438560363,-0.053293679500308014,-0.010436982088934094,,
24.909973000000036,-13.229248330444522,3.272223601118818,-81.77704380513117,-0.1074395601994603,-0.06619142323219576,-0.012251819019256956,0.04098355759086071,-0.08961986590625076,0.08073140382751341,,
24.919483000000128,-12.892612295734853,3.4405975782726044,-81.0956093387945,-0.10522354030620616,-0.06567019822313865,0.023247275100087644,0.04580013963281176,-0.09136867055430525,0.12968841602486894,,
24.928794000000153,-12.520314190965317,3.7033091308773938,-80.23831841034584,0.29580688058011634,0.3515548102118238,-2.7262930048314984,0.052374438731172,-0.07343060964586913,0.16409016257338094,,
24.93841199999997,-13.617430187298908,2.9699866909303365,-79.34861156962035,0.05013372997226943,1.7039696813614058,3.60514465496248,-0.19486449243189938,0.18122881764095508,0.20057160196059295,,
24.947824999999966,-15.781053630026781,2.313101407794481,-78.90397896761489,-0.2195603298705851,-0.4248606310117459,-3.3808668054415683,-0.2219869594382134,0.3916352453388441,0.13001320187766394,,
24.957272000000103,-16.709806413026094,3.7856259636375866,-79.76326790949804,-0.683338577855368,0.8007314579123769,-0.9487894851357642,0.24398059248762413,0.22828454836938594,-0.14884127999241953,,
24.966937000000144,-15.857338238472098,3.5103317891166523,-80.84015675346622,2.1216920503104286,0.37908687021227444,1.7679032094636806,-0.037332607700211864,-0.18575489033666853,-0.24078161177789856,,
24.976274999999987,-18.35282208221579,2.463970572189628,-82.45871373291519,-0.5677668102252476,-1.063697251286411,-1.485092893279858,-0.2918939245176685,0.45525792358203965,-0.29946049148737713,,
24.985965999999962,-17.95733853610583,2.4001556102588086,-84.30657248215742,-0.17825176165704926,-0.28621430443491735,-0.5064391434862574,-0.015815297925874095,-0.08791098120535945,-0.3905448633283802,,
24.99547000000007,-16.84807195585119,1.6972545504176486,-85.72046632670786,0.7949300960221992,-0.17977465129639095,0.08213422745754173,-0.13305535520732895,-0.24116199501542315,-0.32940408126690723,,
25.005012999999963,-17.404376892740515,0.4536704218315144,-86.70461049574182,-0.652755490510605,-0.4703811285391085,-0.23725165396722808,-0.2686771135687644,0.08699102822776139,-0.23139473433966765,,
25.014507000000094,-16.094136464929942,0.02846411976500049,-87.26575146726482,-0.20591988989132398,-0.13314834011689222,-0.1114680871017929,-0.08352978285751045,-0.2738829499871495,-0.14811974950706058,,
25.024008999999978,-15.13682754060761,0.016110238862769594,-87.40582283535616,0.08031844864586786,0.3007566958195971,0.3470159001497172,-0.005997691036717214,-0.19884053765008622,-0.057005229305894176,,
25.033550000000105,-14.936792076620923,-0.23463753449841115,-87.07554451748037,-0.7686089182612627,0.01699992390178547,-0.20851219350046687,-0.06083041169089894,-0.04975000555071118,0.04465275788635032,,
25.05255299999999,-13.350626632248323,0.6776311651472178,-86.04852538667481,-0.18422432655303386,0.22404409273420337,0.07253726607636833,0.1159904146244312,-0.08626651266518483,0.07773189902910317,,
25.062075999999934,-13.176597613512529,0.7590341100587525,-85.77079338069125,-0.31555786329907565,-0.023586556173424127,0.01894717846469084,0.006354205427337288,-0.041114290823465155,0.052730872081987776,,
25.07157499999994,-12.988868482793931,0.782023543605408,-85.82855540374294,0.12321037148784088,-0.23165788017881114,0.6003347107122257,0.0,0.0,0.0,,
25.08109300000001,-13.41361425415096,0.927946855766044,-86.27344229333495,-0.18839193565383786,-0.10497042935784252,-0.11055882450942209,0.010845136352889913,0.0794851076701435,-0.09021094749716044,,
25.09061399999996,-13.74576574547734,0.5782148099406799,-86.81854412851708,-0.020615534326246764,-0.12788727979538095,0.005494631581329518,-0.08647031782836218,0.054892973257147926,-0.11056554590129498,,
25.100112999999965,-14.267595659227453,0.02195820014989958,-87.3179800572745,0.058354654650704184,-0.20071035903927434,0.19221445639734167,-0.12923994308151573,0.09148365751444247,-0.10156960001544003,,
25.10963300000003,-14.838623644945738,-0.2613504239333849,-87.6662816594793,-0.031338958358970305,0.03158823338025778,-0.11348805400867049,-0.07438381457888882,0.10464821500915414,-0.07193155946843079,,
25.11914999999999,-15.161483618918966,-0.5210180036824832,-87.68530416925367,0.1379153962025344,0.17524560328340405,0.01319402986611931,-0.06729807611025136,0.05536285721557218,-0.006102887985570265,,
25.128662000000077,-15.472194534937838,-0.6865017872580019,-87.39893349149202,0.12416858375589056,0.10489159353584109,-0.03684290503642528,-0.04847258656300767,0.05354194843644276,0.05492238343183503,,
25.138216000000057,-15.516162156823702,-0.4392217833375603,-86.87527245988808,0.16429165883174782,0.14729169196285566,-0.10802667671350001,0.036396336522909946,0.0039841919843827045,0.08635013550352,,
25.14773100000002,-15.354494507760293,-0.0584500964010878,-86.24594624582589,0.22850814014211918,0.149459898776418,-0.06543576553221214,0.06556317139588223,-0.035116001366646485,0.10111258524587148,,
25.15725599999996,-15.078959016178565,0.18748004354071227,-85.75066723738618,0.18039343049611864,-0.04110382371631736,-0.04782675101031177,0.0405252329473307,-0.05916417796627522,0.0971643966838627,,
25.16676099999995,-14.63120674531218,0.4486901118135531,-85.4205090737035,0.1667465204641085,-0.13419518210683548,-0.0417481776787041,0.04666435679889361,-0.09299811341863531,0.06353565350608761,,
25.176267000000053,-14.201334755939415,0.5947367520794156,-85.28336642356092,0.08118397228244567,-0.09227962750630482,-0.05426168477957289,0.023767190947454938,-0.09107575292832946,0.024487520081020477,,
25.185741000000007,-13.82792576379186,0.4007636265218047,-85.2096073815407,0.03368242066474703,-0.10749243838215007,0.09912766714451685,-0.04481214759095875,-0.08542563051604937,-0.0030518886485715164,,
25.195247999999992,-13.520966527937743,0.09875824583841004,-85.27948424438934,-0.011006301385633162,-0.03238526136432418,0.21185284272175842,-0.06748181222322848,-0.07396636062284484,-0.030441947392451475,,
25.204824000000144,-13.52003918786599,-0.037462755789656674,-85.50306484362434,-0.09859928354497939,0.09404024044387725,0.08461339638861154,-0.05876224252134291,-0.03004715406164338,-0.05110486585938251,,
25.21428200000014,-13.630942140304631,-0.22917644376619944,-85.74815719100066,-0.1603326645046411,0.14367063128352991,0.09186281548602108,-0.052381075617684514,0.011664545874429189,-0.05135294701752248,,
25.223768000000064,-13.833457795085689,-0.2733669521503855,-85.91868730096043,-0.11449317819572592,0.14874299720823042,0.1985777788151091,-0.02420432270982927,0.032292678987293384,-0.03649540555706816,,
25.233267999999953,-14.1562290299509,-0.13950458738433721,-85.97931256812284,-0.07706863099037793,0.1282748144103014,0.15877912730307736,0.00972783040689529,0.05888072449447303,-0.014485193052349805,,
25.242799000000105,-14.549758049065776,0.07418581393094373,-86.00421824328039,-0.03310173981414961,0.023192018576926703,0.07906883558510333,0.024776347979887106,0.07410548514809451,0.00968164191444354,,
25.252300000000105,-14.944096363559352,0.3601622905952103,-85.93264495463279,0.06580156089930558,-0.08711458194406217,0.09605314875483138,0.03915036599409698,0.0752937456499532,0.02418360790471472,,
25.261875000000146,-15.245252262360896,0.5072765589878844,-85.85386739074625,0.09818205505309477,-0.1363416330466734,-0.025269908586839102,0.043311680733323726,0.07705747739205086,0.025060700642440193,,
25.27140600000007,-15.459195590849864,0.5175751192375819,-85.79954144001432,0.1377835147448834,-0.1427211962652325,-0.03649009934856225,0.019719277832262752,0.06608157862252353,0.01771974121003016,,
25.28091500000005,-15.561838256703249,0.43024640129263064,-85.79001535673834,0.15767194322242348,-0.0993448771014235,-0.04259219866231367,0.0,0.0,0.0,,
25.290431000000126,-15.590580301201642,0.4024705060379424,-85.91384285593043,0.13358380447234264,0.010119001318576504,-0.08179461703508216,0.0,0.0,0.0,,
25.29992600000014,-15.55724049543373,0.4564648696276649,-86.17560429874129,0.11313914746693088,0.1458362267613754,-0.03303782443184564,-0.034832693994919,0.011859187310590645,-0.05432701469413413,,
25.309447999999975,-15.508884640533607,0.5710783045960273,-86.47921123999686,0.07637888098495567,0.1895163971813532,0.05271256173770565,-0.028498345425457546,0.000518367733599819,-0.08044884300263051,,
25.318954000000076,-15.475832685417064,0.8744841266588427,-86.92226611145566,-0.011650562418033705,0.21668081504329967,0.003312152748208537,0.0015930476479284012,-0.010405969182925643,-0.09930132069907567,,
25.328461999999945,-15.514368919394363,1.1510638082419948,-87.34712321775478,-0.07330411619165932,0.15431431075840935,-0.010931485297736488,0.007864899225235944,-0.012855895874613731,-0.09217467501566046,,
25.33797000000004,-15.585303078204833,1.2222868303648815,-87.56709504143957,-0.10364001021145293,-0.0343043602105488,0.0794238341759491,0.007899820748182167,-0.013570207217407551,-0.060859101287184185,,
25.34741400000007,-15.571290722671202,1.506355218090275,-87.53265562095801,-0.08396758500679238,-0.1440421346130658,0.13913666943924932,0.044269665781205905,-0.007404704681982183,-0.026320557253757104,,
25.356988,-15.74537974176563,1.7358275356664783,-87.38261330513318,-0.09860568825567631,-0.14873457653053018,0.06448718423061868,0.062428921969628445,0.009376162530571115,0.004920828745357143,,
25.366453000000092,-15.840010381493972,1.9910267816294813,-87.1437190972453,-0.04182123927261152,-0.16949014573342877,0.08680812660070336,0.0,0.0,0.0,,
25.376017000000047,-15.988074783586075,2.0453812737273944,-87.07147272704469,-0.007111626764765531,-0.11942997151690256,0.04571774167362494,0.0,0.0,0.0,,
25.385534000000007,-16.157991565145863,2.2010719005244304,-87.17286351086354,0.010265230114109578,0.03762704469336741,-0.07184879764409649,0.0,0.0,0.0,,
25.395044999999982,-16.372259516977127,2.2507896905555125,-87.31638507511008,0.032998093552299754,0.11811101350170705,-0.04262426027251264,-0.032123551113997215,0.04387027978249853,-0.057482843168543206,,
25.404555000000073,-16.589659797248878,2.233684164453637,-87.64923721042767,0.04669519600666277,0.12132985936025233,0.04744807958819444,-0.04370027592549596,0.046206196773570636,-0.09127130628993593,,
25.414060999999947,-16.75646549496793,2.3660498589631067,-88.15930077355522,0.017246476019284234,0.1426258676094504,0.07839542364177825,-0.017057538270820932,0.03507359441418611,-0.10973273161637105,,
25.423586000000114,-16.87880769306345,2.5322415062204215,-88.57655714425535,-0.0019670524239810724,0.07916061622184725,0.0035019391241292836,0.0024997481675989772,0.018714662548039065,-0.09595876345039547,,
25.43308500000012,-16.911621332616637,2.6875031501241584,-88.72536695923812,0.014125392833235226,-0.04662353054808365,0.040880327233983944,0.028067769504697415,0.0005870632849483513,-0.05887266950943903,,
25.442592999999988,-16.896950121874138,2.940244756588095,-88.60116814873,0.002809649148511241,-0.11505961365538386,-0.005911458838820015,0.06319754626159439,-0.006440081141576484,-0.013444137718909463,,
25.45209399999999,-16.92097784825343,3.1868203784430036,-88.33919927912234,-0.016505535763883358,-0.15286527577865355,-0.07738245399008964,0.07288809645757871,-0.006848726885539874,0.031479087117417724,,
25.461618000000044,-16.772014219822637,3.408132728676864,-88.00268485910743,0.01681066721954689,-0.1384413249449511,0.03153045213312372,0.06204893478822536,-0.02798416687383535,0.05770079384202489,,
25.470760000000155,-16.563181670282475,3.612146197168512,-87.7150106749764,0.05617700374730188,-0.06105230118334459,0.040114543133500484,0.04262648656158704,-0.03518727700192682,0.053086367116485206,,
25.480636000000004,-16.402684632588265,3.7792046959613215,-87.57718129428164,-0.0013971588495640165,0.03302087182234689,0.00218315807630257,0.0,0.0,0.0,,
25.49016800000004,-16.230788870417737,3.8908015535737777,-87.64334147721326,0.004713102282911885,0.10475272040274249,0.03814974910417397,0.0,0.0,0.0,,
25.499676000000136,-16.167600991944575,3.9908853266318616,-87.895383091587,-0.04468647342703096,0.14971095696293593,0.021932452685900633,-0.02355840382387628,-0.02666682571444772,-0.05349241339560622,,
25.5091910000001,-16.158212360214986,4.075451678898145,-88.22659097126856,-0.06529675042336779,0.14518333684080995,0.0690486933533841,-0.025818759965524584,-0.021566487678059548,-0.06860465235626995,,
25.51869099999999,-16.20929272570181,4.1274716064271155,-88.50090269699231,-0.06970737803100703,0.06815844066971827,0.094621839400676,-0.016551453014593608,-0.010397372765528929,-0.05632883935024159,,
25.52820100000008,-16.342255284631218,4.231507757609138,-88.60519856406145,-0.0975267327897468,-0.0073243054658503086,0.06687800872593451,0.0,0.0,0.0,,
25.53773000000001,-16.378512537050682,4.352341195658431,-88.45615658547338,-0.04670192037685061,-0.05370676686330633,0.054946136969814874,0.0,0.0,0.0,,
25.547222000000147,-16.341025150139547,4.424169054957303,-88.07259386903463,0.028132251803006676,-0.09284414288194814,0.0782473709586849,0.020848291593622444,-0.0073072445530027,0.07409325324206815,,
25.55671899999993,-16.338912835257577,4.471104528260457,-87.52392379563481,0.03394283546825902,-0.08649767618251787,-0.05495027460904835,0.01691887668160364,0.0009760895054423463,0.09600132962196166,,
25.566248000000087,-16.213628398989783,4.590847314469218,-87.03269592483406,0.06964029935972785,0.01042793101821359,-0.08479666621166333,0.012429596473417582,-0.013924345823200599,0.08464572479916285,,
25.575747999999976,-15.9523998672952,4.650101547053743,-86.69430376392691,0.14679365157651766,0.09120383401656144,0.03080198036436543,-0.017446373050446305,-0.027273874105732655,0.047940312791071096,,
25.585271000000148,-15.757126933343331,4.580092124659903,-86.64486946654797,0.09180083759514163,0.12690011228814765,-0.018325612613918595,-0.05186634809778492,-0.02535257172751228,-0.005595049983186087,,
25.594783000000007,-15.537918732421891,4.478833271521686,-86.85066365341967,0.06214312962829443,0.14102406083630786,0.02320874031866443,-0.06073366068411752,-0.03853260315730319,-0.06153935443347929,,
25.604286000000002,-15.361259868807021,4.360640005806794,-87.23884410114566,-0.006308267304376811,0.1307992964748802,0.009985669146482133,-0.06285623232322919,-0.043560350673955334,-0.09468004474468626,,
25.613798000000088,-15.250928688377925,4.155694732755864,-87.63044879592498,-0.07227777373285321,0.04819919162156193,0.02291292113819977,-0.06298573627490196,-0.04573294163000003,-0.09271576744034585,,
25.623321000000033,-15.156131612493937,3.946808108931125,-87.87326034276707,-0.1092584122889432,-0.006098643066825008,0.02956567700468544,-0.047092207084864786,-0.049846766377681206,-0.060185259169458306,,
25.632831000000124,-15.080104652930677,3.765971126281003,-87.85624451034653,-0.1258982531766308,-0.07284779142107016,0.03022677288929264,-0.032790345822705735,-0.04905932846081358,-0.006109540098032512,,
25.642335000000003,-14.960360529048934,3.5479309952035343,-87.54544505028268,-0.08316881636684448,-0.10504885082681385,0.07492729602325827,-0.03371072132685263,-0.04976187078442105,0.05301959212308564,,
25.651845999999978,-14.832917525301239,3.3270040399049496,-86.97435155927832,-0.038893179735523316,-0.08751408025874396,0.05132358454591177,-0.03709818976758805,-0.042875941845217744,0.09447610179702831,,
25.66127000000006,-14.715039344775748,3.144360163917367,-86.36419846547129,-0.1906975680185301,0.036358655661555696,-0.8806544131023485,-0.04768443305397251,-0.03297246995709341,0.10675344034308351,,
25.670683000000054,-14.56815971959615,2.6495197385631433,-85.85814655648096,-2.040903671009535,0.19748855123241657,-4.11406578935899,-0.10937929463524065,-0.043440262581196126,0.10266261488429888,,
25.68028800000002,-13.01406415769559,1.2424039236670308,-85.02550333146608,1.3828801314855195,0.8585582055154555,4.0154843352575105,-0.26837864792991317,-0.3402983244681635,0.1434394639325767,,
25.68969500000003,-18.870242042759276,1.4108548538825725,-85.69313262078683,-0.428177034920802,-1.69518796238998,-2.9524411297517155,-0.07101617419454286,1.16418387521506,-0.05287021352290961,,
25.699313000000075,-18.05879048272373,3.4298717354887436,-87.18828935855373,1.9049066869323232,0.7418812309560736,0.3286320801068961,0.4010013488434167,-0.14427246097236573,-0.30061500946346303,,
25.708642999999938,-19.800020406151553,2.791268470892285,-88.03169283960577,0.13877338174650214,0.46315052585629307,-0.7212468937334201,-0.1553129571209492,0.3355534780393777,-0.1616883827115259,,
25.71815300000003,-20.111181775331744,1.2669439326961727,-88.07496494026846,-0.9051165521571741,-1.4437003640580712,-0.4879483790658032,-0.3201965012657912,0.04450956921716452,-0.0332587869558841,,
25.72784999999999,-17.44085205673569,2.5601414744713793,-88.22524095306615,1.3055423626901799,0.285807166855038,0.6434056439492495,0.26441807810866186,-0.5322930065997113,-0.0991488896715774,,
25.737192999999934,-17.650667989383088,3.083588525454718,-87.76290701226264,-0.6223935073813166,0.5670530061146056,-1.400881882258124,0.0904336386789505,0.03878613899889782,0.04948895864766649,,
25.746891000000005,-16.61828882605815,1.9312671741620795,-86.48469048960503,-0.3475888320121427,-0.3707894739221864,-0.134437613546709,-0.23269176799115168,-0.22535655183968675,0.23443508906096447,,
25.75637400000005,-14.984773043893664,2.3619230661698456,-85.37861418547529,0.7835421340231897,0.12969781577662082,1.1673507881741578,0.09709733770571663,-0.32747440802098404,0.18600839338932493,,
25.76573499999995,-14.912508306437532,3.2917508981420593,-84.71273963534419,-0.65974156418743,0.707996587527011,-0.7125998800143141,0.174466995298434,-0.0058777094280388995,0.11909345243117339,,
25.77539999999999,-13.877895825535756,2.6230717881692773,-84.12072206657685,-0.05019711567855269,0.19236376065125835,0.28733951176362554,-0.12533690455991617,-0.2268266881730432,0.10046985611499874,,
25.784902000000102,-13.302013751599223,2.36390101494359,-84.12195540431712,0.18587429102714897,-0.3090817425632128,0.8744961492270461,-0.051976554808568984,-0.12776148925372485,-0.015593067325551647,,
25.794425000000047,-13.351684010788782,3.0500426253713426,-84.78504068376189,-0.45615507220492046,0.13834906615909368,-0.3013046477684615,0.12357482092057416,0.01555159429272341,-0.1349463515881124,,
25.803963000000067,-13.307193393125223,2.6872697470550997,-85.46969896705546,-0.1377546260195339,-0.016125985545097688,0.11067964794808412,-0.08399571357817547,-0.022533489147492376,-0.14016736235759056,,
25.81344100000001,-13.90495917247516,2.01742956595195,-86.08688510952811,-0.18438597327834574,-0.635421520770249,0.42712911444191,-0.15506635953234624,0.10203858140789518,-0.12109011756189826,,
25.822987000000012,-14.497758172753063,2.290144674939278,-86.62907049101186,-0.20049283300269166,-0.1973781138905118,0.04738925502264054,0.034436264064775506,0.11461551155406914,-0.10640782776923134,,
25.832484000000022,-15.183287505826831,2.2611396343621117,-86.67853083519776,-0.02019486193961168,0.1151436182265554,-0.045161517227480345,-0.0264721581543282,0.12935617554583778,-0.020369365007403818,,
25.842008000000078,-16.037216620302328,1.780018294809179,-86.29714397340751,-0.027016793124993835,-0.21206082612827507,0.06566857328096896,-0.11932395043922721,0.15727694848082077,0.06750758249445157,,
25.85150900000008,-16.548719103490054,2.0630169790664072,-85.98642889760973,0.20401485748718984,0.08345820810806269,0.06710729676294745,0.03715791593842956,0.09852346477155907,0.07145794203436112,,
25.861029000000144,-17.04521498642843,2.516509014580257,-85.70586505553364,0.16443580341411854,0.42405524070839173,-0.2500649609478411,0.07091417137040096,0.09816881469404716,0.06603544580012269,,
25.87054000000012,-17.348115101814994,2.4442621257230583,-85.39530975396764,0.18726577299040262,0.12607990685588483,-0.13668594726277047,-0.031618950833300415,0.05174261652833056,0.0631162480277048,,
25.880042000000003,-17.30424752222168,2.6541868501768673,-85.40210878870712,0.31353374557924524,0.023086293122064293,0.04576542566054357,0.0,0.0,0.0,,
25.889540000000125,-17.171110633013388,3.0909294551362243,-85.60477418113845,0.11225567348664559,0.1468430981693524,-0.19482543441948924,0.07682597990733094,-0.027101823967527607,-0.06757110006844726,,
25.899092999999993,-16.822361995518342,3.017145966061193,-85.79493447002872,0.07594503003909424,-0.09980227976727996,-0.026255534435487744,-0.021927620906369995,-0.07813775100845394,-0.07330200851243855,,
25.908570000000054,-16.378662307981568,2.915182236304758,-85.96641410427146,0.03095833077443707,-0.3146358561818102,0.13442586418603808,-0.026386237447162113,-0.09743038349966139,-0.07434827840764277,,
25.918120000000044,-15.95492321485077,3.1210715847855592,-86.17302251100979,-0.1393751916082818,-0.14367324872249843,-0.002995589599907226,0.03446902400252971,-0.08905998605375974,-0.06307497570087961,,
25.927683000000115,-15.55123652488812,3.089189438284576,-86.1182881855578,-0.15147965750612616,-0.06756811853606325,0.08128566575887275,-0.01342784079582372,-0.08835343872960905,-0.00775595860470667,,
25.937094000000116,-15.300042378320672,2.940468349422598,-85.83880295175639,-0.13996444980502373,-0.12234968666893094,0.26422060103641964,-0.038658528309313045,-0.059649213320944354,0.0413383196591296,,
25.94662100000005,-15.15522703779012,3.1503427089706975,-85.5269593965519,-0.1373879644976808,0.07552976618441622,0.18062243242932843,0.031663587941436394,-0.03319101910731234,0.05211381974091838,,
25.95613900000012,-15.201200394978123,3.3737507464407934,-85.25256870886803,-0.08372658209296167,0.25043433457898273,0.0633514056359836,0.031456041244139914,0.0052248669947592705,0.05318569408989108,,
25.965634000000136,-15.464468437332204,3.4152376438033256,-85.06401683484924,-0.05321038410577779,0.11400072200539238,0.1775784041008417,-0.00855474755843568,0.04557541286308244,0.038649478838850594,,
25.975165999999945,-15.70916416968593,3.667763371203524,-84.98958364927825,0.060235015355697016,0.0699488165821234,0.09622038972843734,0.03371076212113222,0.04557853490624965,-0.008419497778981455,,
25.984728000000132,-16.0351828786035,4.083758619367165,-85.07136193373354,0.06355674039761994,0.09464751022999682,-0.014246081550795282,0.04289415069755351,0.07780297822338657,-0.04816049320843669,,
25.99424900000008,-16.376772788338894,4.072112656229971,-85.32009270471718,0.07180581131125872,-0.053315764282937494,-0.024003326472416674,-0.008369516286842769,0.07643832265079731,-0.06281981771801605,,
26.00375800000006,-16.55100513217377,3.8868757639603855,-85.71907799493587,0.11173473267353827,-0.12939355583029188,-0.08361954367475824,-0.021078010497306725,0.051095192490914085,-0.06945958291851993,,
26.013218999999935,-16.783754277974708,3.855472825274534,-86.04673036009702,0.05587519046461284,-0.05377798219053805,-0.132694244693185,-0.02214829208790237,0.03857176383210613,-0.058655263668614684,,
26.022785000000113,-16.741193185975913,3.626612944757936,-86.16123336071504,0.07703925158457638,-0.02545592824253777,-0.024590711111798554,-0.05186725773936279,-0.0007912540283206896,-0.025480723500389355,,
26.032247000000098,-16.63444567650754,3.348144638147522,-86.09472723638832,0.015407592633003283,0.008933822717616266,-0.13441609864999815,-0.06676770351883053,-0.03243657750407814,0.01005526368175468,,
26.041803999999956,-16.384723035696403,3.264196287776294,-85.88982246008206,-0.009856873764097033,0.13716881260620423,0.007843278688287656,-0.05710268752600729,-0.05834422870407427,0.036062413311617705,,
26.05131499999993,-16.04727959411535,3.19240116485771,-85.59523042366834,-0.013128535161405433,0.17043506116222468,0.009534285703967282,-0.058775426249184456,-0.07775448554016218,0.05299157920365588,,
26.06082400000014,-15.735209883794333,3.0988694540537627,-85.3018451258488,-0.03710161863926169,0.1613236013286139,0.06739802992046343,-0.059474171579494244,-0.07899368663968631,0.05308884036541546,,
26.070332000000008,-15.428053042794156,2.990041772690519,-85.09837414580893,-0.04693685895086847,0.10369798932015319,0.09284019146682937,-0.04998029008239523,-0.0801814691688821,0.03523302631458385,,
26.079799000000094,-15.138404150961147,2.770829393153382,-85.01812454238706,-0.05916132404125952,0.028586837118720655,0.1018522708879164,-0.051125925636538186,-0.06912198116691802,0.01092165859889768,,
26.089353000000074,-15.030859071826095,2.4187292395356828,-84.99721415936273,-0.07982973176541638,-0.07090133536586848,0.061693867209764636,-0.06594256386695198,-0.05190272312281832,-0.010683855951638448,,
26.098879000000125,-15.004444845650927,1.9547227935592058,-85.07320861878082,-0.061581049101284716,-0.13963942586598335,0.0810225660899066,-0.07598211173290008,-0.03358818336748494,-0.027044434401879126,,
26.108296999999993,-15.092188504142413,1.4410642140343803,-85.22836748277334,-0.05880612441886823,-0.14287905335976617,0.06014376644505137,-0.08665555507712758,-0.011091434360128964,-0.03259465232733177,,
26.11789799999997,-15.2147045892161,0.89815295613346,-85.35303470881341,-0.028613482039210554,-0.11468336700197752,0.07223403407561194,-0.09912560746489202,0.0019842978277294417,-0.02645293005052805,,
26.12742400000002,-15.330413476951835,0.42193709507840066,-85.42468978308506,0.02288385249188973,-0.06380363557534163,0.06416345490540756,-0.09588651087129287,0.010088338604812255,-0.016022935105776067,,
26.136928000000125,-15.426456265020525,0.11697901633766342,-85.44390208879257,0.028754511536228215,0.0023076624713227424,-0.007960091879560639,-0.07894778879925438,0.014035829076354533,-0.005639349417481184,,
26.14642200000003,-15.455388989573045,-0.060845151980072135,-85.41916313422136,0.06763212361794457,0.0647213007590611,-0.020131562926233262,-0.06286899195028271,0.01140610937283953,0.003096396775092162,,
26.155944999999974,-15.419300792473749,-0.1409464146608865,-85.38399776347016,0.10339768417298434,0.06298108000410547,0.009097452870858504,0.0,0.0,0.0,,
26.16544900000008,-15.309510017379477,-0.11827775170101978,-85.30825522890073,0.11358179837084884,0.042977137891705895,0.0006679446024745703,0.0,0.0,0.0,,
26.17496600000004,-15.132504339271975,-0.08211886937034617,-85.26406550382357,0.1087620461851953,0.009008407940435066,-0.001486243693200847,0.0,0.0,0.0,,
26.184474000000137,-14.922395710354296,-0.09103289910855941,-85.3345321040619,0.08943792836610702,-0.08118909676280464,0.0049062800888834066,0.0,0.0,0.0,,
26.19400100000007,-14.711100966986413,-0.1275392281925079,-85.4384462885261,0.05200335489741658,-0.11407121233902721,-0.01096615445185272,0.0,0.0,0.0,,
26.20350600000006,-14.533312673582193,-0.19849896158554475,-85.55136778513295,0.008948031363317715,-0.11501372946101725,0.00039966619463657185,0.0,0.0,0.0,,
26.213013000000046,-14.403333622984487,-0.2884827567386792,-85.65057022582701,-0.02253437124525336,-0.09231217898664988,0.05453361605638024,0.0,0.0,0.0,,
26.222523000000137,-14.322447019796021,-0.31972049755040505,-85.72372690719132,-0.05280462501831197,-0.035098386168035366,0.07930788167000521,0.0,0.0,0.0,,
26.232033,-14.30265361272846,-0.2662820251112057,-85.75915003960138,-0.07246865583182469,0.024605089191041984,0.07720541180669695,0.0,0.0,0.0,,
26.241555000000062,-14.341994674609479,-0.13868497263233395,-85.75311234382069,-0.0720966256343505,0.05967224570274094,0.084967713568241,0.0,0.0,0.0,,
26.251056000000062,-14.442077751278756,0.06762048898742466,-85.71811305941736,-0.05855773410556674,0.06847096484640973,0.08417206591484608,0.0,0.0,0.0,,
26.26056399999993,-14.581840349595138,0.32691151871037294,-85.66780272723176,-0.0334334957954499,0.053265305416114954,0.06765527631052276,0.0,0.0,0.0,,
26.270091000000093,-14.727403106603889,0.5741821479839809,-85.61564412587643,0.013001610895365391,0.0004997111657406325,0.0494609032835288,0.0,0.0,0.0,,
26.279592999999977,-14.863080750549212,0.7829427015686686,-85.58060949580675,0.012453391539199783,-0.032590896795387736,0.0368689032714331,0.0,0.0,0.0,,
26.289093999999977,-14.967182550460972,0.9434284363209655,-85.57466839039147,0.05352303921627768,-0.05375859656681601,-0.014109454120831592,0.0,0.0,0.0,,
26.29861200000005,-15.037833724851067,1.0352155487335126,-85.59686015967014,0.06681860875335706,-0.055496409546897184,-0.01784893670109296,0.0,0.0,0.0,,
26.30811800000015,-15.067668808007797,1.078217826095998,-85.63845146376376,0.0643694864317976,-0.03322766260202035,-0.01731740536399052,0.0,0.0,0.0,,
26.31763500000011,-15.057942706958514,1.1096974219955602,-85.68366282331488,0.04932147185929796,0.00398118756472473,-0.013309602978546426,0.0,0.0,0.0,,
26.327144999999973,-15.028080127285646,1.1643060039695323,-85.7075507538001,0.02534926596187628,0.033535729561742854,-0.006820870460583453,0.0,0.0,0.0,,
26.33666100000005,-14.98898481566922,1.2657703857117562,-85.68576204517343,0.007657152180350614,0.04964635440150721,0.04355822595673125,0.0,0.0,0.0,,
26.346168000000034,-14.967867314757699,1.4253116986948198,-85.60370590508916,0.013408489734754976,0.050069509151285274,0.06559859279086253,0.0,0.0,0.0,,
26.355669000000034,-14.989667146585964,1.6289017509258954,-85.46412028887983,-0.004188114924957096,-0.0027414239754591173,0.08445325302841411,0.0,0.0,0.0,,
26.36520799999994,-15.060128394845917,1.8714924510663142,-85.29043565815314,-0.003256927686515157,-0.0034759626511212225,0.09783581150301482,0.03780924439258985,0.00992223745586782,0.03306546088344421,,
26.374647000000095,-15.181492953986528,2.174483421786119,-85.11840558457727,-0.26886855554473743,0.005412944508202918,-0.7446163777519615,0.04606179504727884,0.021671751150861476,0.03315875678876978,,
26.38402700000006,-14.582454856583206,1.8505756936540914,-84.77364692492046,-1.056384054343251,0.7255369757503193,-2.4947779770299023,-0.06638708528327225,-0.1328571526717734,0.06255857529312478,,
26.393636000000015,-13.099170556767218,-0.16837434478320815,-83.75142341266417,0.3499996221016555,0.09233777832187624,4.6504651879962315,-0.3844986496859757,-0.3443437367861969,0.17774479586935954,,
26.40318000000002,-13.379972142756841,0.2510444688716348,-83.31289796528648,0.18362748408122692,-0.4492709599923097,-0.20052251648833957,0.06504751333376017,0.05732260404907865,0.07707172313592821,,
26.41249300000004,-13.641228609907259,1.7810421895811883,-83.65671782809162,-0.4264762023284848,0.7500837590991801,-1.0462698341980212,0.28643288270116707,0.07883697277889389,-0.07033261623944495,,
26.422189000000117,-13.406238506706693,0.6309670867813498,-83.97654764598988,0.542288422831555,-0.09586946933928886,-0.16027193269659282,-0.23610975399616604,-0.07950055739276854,-0.0674214007793515,,
26.43169499999999,-14.21763757789897,-0.4888820040531235,-84.64024799369575,-0.035697480449708434,-0.8810588598330044,-0.2658989791717515,-0.25158501173034015,0.13167847162945545,-0.13476787705353116,,
26.441197000000102,-13.952290937300823,-0.3661932461539388,-85.48866652786845,0.11911785072925564,0.009779916434631351,0.05949401141510039,0.01669591100802691,-0.058454390381762505,-0.17160902137461165,,
26.450694000000112,-13.428165073248925,-1.2996627673838432,-85.78895934588854,0.26364092406429246,0.025184233938182605,0.25375417847891807,-0.19084544382297958,-0.12647751217282477,-0.06076371589255037,,
26.46022199999993,-12.99989004705543,-2.462739307478547,-85.55493331233451,-0.08386162120478127,-0.5264007043720448,0.2130762867004981,-0.2381854880564515,-0.11076359612568382,0.047537925982167065,,
26.469759000000067,-11.999589345420997,-2.238908356617947,-85.04372180430208,0.11678008252610332,0.17777253666016132,-0.007499319187846512,0.04884816667373664,-0.20364304356709043,0.10821954941363768,,
26.479237000000012,-11.417275694172474,-2.2492992889496817,-84.12735006538848,-0.13227021899929164,0.44280682005004524,-0.4453442287423296,-0.0031681186165685975,-0.12422165466637107,0.18556007645974082,,
26.488747999999987,-10.719605755257108,-2.839622225124402,-82.98051716125086,-0.027125952906360017,0.005809753696122052,0.1830833223539437,-0.1137208245807953,-0.1602690238252928,0.23323699658978728,,
26.498268999999937,-9.952007684931901,-2.5862385606157976,-82.11791613985667,0.10229066174276852,0.18933359113765427,0.22385550682185304,0.05851618827339869,-0.1541359841259236,0.1772227792619672,,
26.507771000000048,-9.503357767047012,-2.2687544463325513,-81.64857036568974,-0.13746761050065193,0.28899866963576504,-0.2317961230194422,0.06400691408274965,-0.08841729584631676,0.09487661174115727,,
26.517279000000144,-9.04935173097281,-2.62618708188495,-81.51093382612497,0.07676025562168558,-0.18309168827324962,0.3161235430184156,-0.06909301868387548,-0.10891531248877333,0.028465787413123753,,
26.526792000000114,-8.92222782242048,-2.581511977924032,-81.74103149334431,0.017524706166144606,-0.35535984664528397,0.29357239053349526,0.0009623342262496045,-0.032365392527345035,-0.04791873539733146,,
26.53633100000002,-8.974474173732759,-2.3058971801019004,-82.1627952289643,-0.11467858611417521,-0.18402020197778343,-0.12411707536828347,0.041548996585451664,0.009651342737548786,-0.07544642248359462,,
26.545814000000064,-9.118041205911968,-2.613701748021311,-82.36834406200525,0.07272887921274963,-0.31028421792561467,0.39807515311853003,-0.07665422216131036,0.011817606429752193,-0.03753762898570994,,
26.555346999999983,-9.549438011541795,-2.7559656404807784,-82.33743825867559,-0.04289034436698554,-0.41208250768219845,-0.0384768385496624,-0.051393272079083265,0.07339472821039277,0.015813372087916347,,
26.56485900000007,-9.853921437270955,-2.4654356163788367,-81.96563767089799,-0.02087200579875364,0.057763305119630966,-0.2792927519037774,0.037687717642292444,0.05981340720576228,0.08556402759823176,,
26.57440399999996,-10.161335645408883,-2.554755783904626,-81.11090555375847,0.12156435002491017,0.21703319204847435,0.017797867423461185,-0.03836410025070941,0.04956967976216568,0.1544530135947073,,
26.58388200000013,-10.444201322035742,-2.562087504141884,-80.20907294452172,0.13750195595746767,0.17972376666825193,0.13698596049706452,-0.022121406995058112,0.046795813240265424,0.1668529502752702,,
26.593415999999934,-10.445094983798311,-2.02631909204578,-79.62792402219644,0.1445981952775887,0.3946632707298877,-0.05215848276964549,0.0942614925992846,0.010015947740961737,0.12285004121530164,,
26.602934000000005,-10.320603244928511,-1.6339226996839555,-79.35633352623529,0.08984989276235025,0.35433723236426845,-0.11347983294539334,0.0704966739252825,-0.019140879853126413,0.06154607476398108,,
26.612444000000096,-10.045241556350602,-1.45690811189307,-79.43215574668429,0.0951220719810987,0.019774112073137486,0.07837571444466611,0.0336645791389575,-0.05659307917136724,-0.00922045794843235,,
26.62196300000005,-9.708519807923588,-1.0558963662967304,-79.82139854428132,0.024272671741398688,-0.09233146767639336,0.04603225890252958,0.07979398687018004,-0.060675354390204515,-0.07946099794801047,,
26.631509999999935,-9.593270471909802,-0.976512032544622,-80.34763963743721,-0.107088724355075,-0.1427308984560245,-0.05581110186346304,0.04130847443036065,-0.05377303642956825,-0.10799096328265785,,
26.64094799999998,-9.376382720221793,-1.1265086856331417,-80.8068082066167,-0.10602563570027018,-0.3053828121811722,0.21774563790857118,-0.03401897917686272,-0.05638425760315516,-0.0942198559830376,,
26.65046099999995,-9.30200835103126,-1.1708883086523394,-81.11900806206953,-0.1616037688806371,-0.22658458183512467,0.16886116748413105,-0.017974271373759107,-0.024660561538349245,-0.06529849107737465,,
26.660041000000092,-9.563998008697128,-1.1053213942294897,-81.22631190708665,-0.19382968408235385,0.019356377977885593,0.030845351390487604,0.0,0.0,0.0,,
26.66945499999997,-9.750106711224413,-1.2440296277444067,-81.15456082068982,-0.11409076295149592,0.08718624676894256,0.1556850962658706,-0.04473414389789843,0.024021549025639695,0.010624404789266819,,
26.678998999999976,-10.0648614417503,-1.1916130314092426,-81.04123913220558,-0.06337537165133532,0.15400778569717194,0.12336536659573118,-0.010951854961298642,0.05532217070138584,0.01843768029263571,,
26.688568000000032,-10.370184909539367,-0.6312739945416029,-80.99950087031182,-0.008939543839533687,0.2574470572851808,-0.008572018218333836,0.03324002560036658,0.06737116415550769,0.004661280326298796,,
26.698081000000002,-10.625135919783105,-0.2602936845389772,-81.12480382224093,0.05741549717034956,0.15302552531238983,-0.015717972180552712,0.02000887646021219,0.06669706353140399,-0.01636241883288196,,
26.70758500000011,-10.800041433863965,-0.05946805132045189,-81.34997063658395,0.09983081942888007,0.015166944829163299,-0.01926233903261273,0.02369600225604355,0.05557924638372469,-0.042466621945174206,,
26.717106000000058,-10.863138156258609,0.11321752593201977,-81.66321493341698,0.11962599072897306,-0.05165560824564712,-0.06808251794163453,0.03295687461338648,0.03753788258247453,-0.0610962354711691,,
26.726605999999947,-10.882266658424564,0.00585656648034572,-81.98820844893473,0.13576747559030153,-0.14337812057538904,0.03174887095420115,-0.0029871416577891816,0.021247408053788264,-0.05996503894171127,,
26.736135000000104,-10.905533108014524,-0.24102346741309952,-82.27697350491067,0.08591240414883629,-0.20969647128742744,-0.010050562397720382,-0.01560408009630278,0.008704422790969732,-0.048172336532827216,,
26.745636000000104,-10.87446005949355,-0.3104268531186379,-82.4064827893033,0.02033672067397319,-0.09645802310994792,-0.09347960648882814,0.0,0.0,0.0,,
26.76466400000004,-10.746627197645426,-0.4463106842568087,-82.26739188897146,-0.07161248569336849,0.04166440541239933,-0.03922819185995314,-0.03343366006548927,-0.03717244362756925,0.02227111698834599,,
26.77412000000004,-10.534108555251407,-0.4390869641631864,-82.01804594938149,-0.07840225737927949,0.14383157887424636,0.09365906629398518,-0.004461954586145726,-0.050306196723877594,0.03014370321470892,,
26.78362600000014,-10.312146237301327,-0.37371353046317163,-81.78510721249697,-0.0987422841626116,0.1614865578195661,0.11611417203424379,0.0075534161552430045,-0.050543561215663786,0.029267335398289778,,
26.79313400000001,-10.107698362855743,-0.27389270903129187,-81.66362298610679,-0.11535129292932417,0.0719206736979442,0.13166914991020717,0.014008401917975493,-0.046049890100850685,0.021547507546562757,,
26.80270900000005,-10.032086693517275,-0.05622888153900733,-81.60138138586686,-0.10398149827082151,-0.015283166479911493,0.06947824781133992,0.03490590580847745,-0.03887598020061886,0.00941555208450135,,
26.81221800000003,-10.063043936824766,0.09239459693353937,-81.57665374414547,-0.11354869605739666,-0.06406967875289368,-0.005054607588010935,0.0,0.0,0.0,,
26.82174699999996,-10.101828414114063,0.03233728736595885,-81.54914389448294,-0.07663661482807989,-0.1328391398144746,0.01691560927838229,0.0,0.0,0.0,,
26.840750999999955,-10.159760676814946,-0.17291779583308872,-81.4579887525559,-0.019516446469514205,-0.04106918139990588,0.0046656375009625755,0.0,0.0,0.0,,
26.85026199999993,-10.118765420947744,-0.268493867228301,-81.3902010528916,0.009308236951794053,0.0016603810869002147,0.052961644885538874,0.0,0.0,0.0,,
26.859781999999996,-10.039155694587384,-0.2745547109377435,-81.33070335446664,0.038821256567465955,0.08458188516787424,0.053638636248664995,0.0,0.0,0.0,,
26.86928499999999,-9.894734538059119,-0.132818060508344,-81.28673334794699,0.041867487537343616,0.13543373714404805,0.015822056724225004,0.0,0.0,0.0,,
26.87879399999997,-9.688055394262431,0.030662633966109274,-81.2444786167498,0.04428843661945976,0.1121950984736802,-0.010332580378921824,0.0,0.0,0.0,,
26.88830299999995,-9.442138537678703,0.18248550514815254,-81.19203539466963,0.039388832115807376,0.04389052094915147,-0.007472077921160833,0.0,0.0,0.0,,
26.897819000000027,-9.162866573759715,0.332489367403807,-81.11151505034273,0.030437104690703532,0.0047892473466308845,-0.004969812486536895,0.029414026350587624,-0.05143793724041616,0.012602754181931998,,
26.907347999999956,-8.894395880988723,0.40184434442847977,-80.98275193852751,0.010927795435384422,-0.06886121335655612,-0.0004890100895079203,0.02528413958868251,-0.05509670630289325,0.022117186198222054,,
26.916848999999957,-8.64506645689564,0.3898103695967267,-80.8099106177149,0.02206690594738901,-0.09360328912151307,0.04429848949026484,0.014299964759508925,-0.05607007304905395,0.03089729778264596,,
26.92636400000015,-8.443843189042136,0.37345139810043043,-80.62287935095281,0.015719336758582544,-0.060402351226052434,0.03777581192517626,0.005568971801945288,-0.05061796477191785,0.033750743307818624,,
26.93587700000012,-8.306191947319093,0.3713105872262312,-80.45987177800866,-0.027757208202775552,-0.0049573521596716,0.04449492257664253,-0.007990615591662252,-0.042064077236816454,0.028972004732614888,,
26.945380000000114,-8.223418974947945,0.39131184694228305,-80.36425295356294,-0.03917515137617327,0.06766548714717711,0.06162106403285933,0.0,0.0,0.0,,
26.954889999999978,-8.20123590937888,0.48446462301463467,-80.43541249543188,-0.050434387048821354,0.11823393763934636,0.06276946350113813,0.0,0.0,0.0,,
26.964406000000054,-8.224039458050896,0.6376806418120188,-80.5924417204487,-0.05210556882304251,0.13298442939151822,0.061582093626892175,0.0,0.0,0.0,,
26.97392100000002,-8.285982770555302,0.7944609882327638,-80.76613441608485,-0.04532914665146409,0.09049303486522357,0.05822941911206069,0.0,0.0,0.0,,
26.98342600000001,-8.369612579447994,0.9523817754155683,-80.95911968567947,-0.04841027162699261,0.031926467804660325,0.006947249192568789,0.0,0.0,0.0,,
26.99293899999998,-8.422554912710405,1.0829577756741087,-81.05680854273518,-0.039930026700114696,-0.006398280436930666,0.005986745309754139,0.0,0.0,0.0,,
27.00243599999999,-8.43255647192426,1.1473694408221244,-81.07979172000896,-0.033133668475899616,-0.04238473783232268,0.005092337270096338,0.0,0.0,0.0,,
27.01195800000005,-8.384093792629262,1.1883117344325498,-81.09920387303485,-0.037214756710368925,-0.035844496975355314,0.00562239451674889,0.0,0.0,0.0,,
27.021469000000025,-8.273604456008387,1.251342712948932,-81.06897079852098,-0.0434202091483405,-0.006964877343202955,0.0063930516717260796,0.0,0.0,0.0,,
27.03098900000009,-8.119103082162027,1.3467692723023619,-81.00563721574463,-0.07106140594737795,0.05636923684449677,0.010328377540442682,-8.848884825574133e-05,-0.0514065780271259,0.01638926691959718,,
27.040490999999975,-7.8945909279012945,1.4840800001577588,-80.94871368997534,-0.0940780514292954,0.10966936383691545,0.013683402558128183,-0.0007226054380780429,-0.06816546702366186,0.016664296514774257,,
27.050005000000056,-7.62759065318589,1.676045660927549,-80.93131337743533,-0.1253509917402386,0.15472751396548923,0.01836569554314926,0.002000553367072604,-0.0815256214151849,0.010791589198254665,,
27.05951700000014,-7.314652492256138,1.8786454052355401,-80.96699233279624,-0.14365919709792918,0.16645601516528463,0.020997050732139373,0.0034036803844081026,-0.09372689010182585,0.0016300602987906014,,
27.068960999999945,-6.856661557658872,1.897358785600978,-81.0168648515462,-0.19182704013542745,0.1387936860797558,-0.3462613303189839,0.006609986561681993,-0.09834228264263506,-0.006352298265305141,,
27.078340000000026,-6.957662287791598,2.1648769533276786,-81.1724813538514,0.7755423526911506,-0.9666273947251107,-5.132527810506962,0.0,0.0,0.0,,
27.087960000000066,-7.822147410649231,3.566799474158751,-81.60501993931575,0.5717001288972551,-0.2868850905443775,2.9110929254102844,0.24046779612704314,0.20455944366511222,-0.05135660780251763,,
27.097379000000046,-14.105390773920512,2.783042787955459,-82.24111259163718,-1.1526878107447884,-0.3292744997750705,-5.26932373203378,-0.33952999218762714,1.2151076767773639,0.019812857509954387,,
27.10687800000005,-16.17271795911251,1.5577917864031687,-82.58493709646382,-2.1685648827019817,0.19325888687204776,-2.4697586080992493,-0.3088336769833828,0.37047297056764467,0.012503302319314605,,
27.116488000000118,-13.073246848247381,1.6798523961915743,-82.63774825443497,3.209774487585378,0.09129163744316443,3.6445383776854574,0.09237961109311267,-0.620379010882504,-0.0415956274004949,,
27.135338000000047,-16.571025678653218,2.1147234327587667,-83.29316216906786,-0.668839258200627,0.13014035552262884,-0.7972523461607066,-0.11752865380695647,0.08208441384153135,0.02373469059513207,,
27.14501599999994,-14.903757732703852,2.737153640932811,-83.15351972287549,1.7609345264030973,-0.2766938545785296,1.416171229264559,0.15130879274754727,-0.3244996576381105,-0.006373902007835004,,
27.154465999999957,-16.01878288085092,4.475388728357362,-83.49201726002268,-0.7378891589882763,0.579484270311655,-1.61068859882743,0.30764098807441886,0.25407140282009466,-0.0614903569835786,,
27.163976000000048,-14.858987204505189,4.378662184103522,-83.36046138149199,-0.12663379575125275,-0.3251064074042725,-0.21498807800780928,-0.004876246076758885,-0.24020792525230122,0.005935917754884063,,
27.17355100000009,-13.020547605361148,4.0829349681187495,-83.17321931837492,0.9819708927152001,-0.7464331561194094,1.3844329717634505,-0.02748804970915629,-0.37957870665807303,-0.012760756652683721,,
27.183078000000023,-12.666930398331829,4.791330933109953,-83.39119932556666,-0.5775460511980769,-0.10606363479151758,-0.6562609892335076,0.13717934473247292,-0.06119562825200664,-0.07694840097766564,,
27.192610999999943,-11.163898453113049,4.506354755440437,-83.5117725220852,-0.2136664185827,-0.06512662496984133,-0.17209286389998002,-0.03408379911765166,-0.31243385297794324,-0.08307593095880023,,
27.20207900000014,-10.089267217569748,3.664442728834615,-83.67612240127389,0.057022687103909675,-0.2302437612699986,0.7505367565294786,-0.15526011492335934,-0.24016535177005544,-0.0856962795920198,,
27.211634000000004,-9.859652178984767,3.710820956933202,-84.17327145155515,-0.6021302767150373,0.14385847831597526,-0.051569539383132565,0.0020917758136082885,-0.05230657564143669,-0.11868957954938665,,
27.22111300000006,-9.312201290580733,3.712513462834188,-84.66600028528644,-0.28389876217434346,0.5150737171744636,0.24557554487086786,-0.0010540204099136682,-0.11641580397322233,-0.11637012290500776,,
27.230632000000014,-9.469207974437207,3.2862448165796714,-85.0648251052997,-0.2557825152829519,0.1402910618062367,0.40025094694597213,-0.0999813584064932,0.016120751692756407,-0.08553892199376142,,
27.24016699999993,-9.916070119264774,3.5717518055057966,-85.4807543161542,-0.3379701156676586,-0.03210514172181679,0.08611578088309263,0.03745476223294682,0.08635400497239182,-0.07436559797154219,,
27.259180000000015,-11.0835558704631,4.2832735273043365,-86.004954551481,-0.05703139472980213,-0.18466649007799865,-0.03460457129127005,-0.009920152034967617,0.14776591341329035,0.0027089476184628566,,
27.268677000000025,-11.690720307121557,4.398682155913817,-86.04324356874365,0.16551197014111355,-0.4421233583929442,0.13532342616788406,0.0024009584371573497,0.11531331107591668,0.02142508570386869,,
27.27820100000008,-12.244016689865422,4.774788810717135,-86.08455500319381,0.2435452083064148,-0.1568080322362038,-0.16253609472579167,0.05525929894701009,0.10809718916374818,0.015327455589994555,,
27.28768100000002,-12.756537598913148,4.6270435783638675,-86.01111448290469,0.19737558692718396,-0.11346335960851439,-0.26405405066183485,-0.04899423256981291,0.09276318855839967,0.02014202098064919,,
27.297215999999935,-12.967391156048842,4.229301101941944,-85.94670274334801,0.3446324278975372,-0.16193911713131207,0.08404725011696987,-0.09486251539118445,0.029067767455588967,0.0013943147012849925,,
27.30676900000003,-13.0316072754309,4.165206343747534,-86.13709033616907,0.23073312228876727,0.13591069688526053,-0.09254745782633243,0.0,0.0,0.0,,
27.316276000000016,-12.873178415705375,4.0508053747875135,-86.38978736716442,0.14260978337154784,0.2744183045452134,-0.11247163964438017,-0.03326646251154608,-0.04029921970473556,-0.05575476639207541,,
27.325774000000138,-12.538243156758407,3.8780463832411454,-86.61923459519252,0.12100637299286619,0.12493762347419082,0.12587422797866207,-0.04293707318089533,-0.07608728390038151,-0.05352016396843923,,
27.335322000000133,-12.127019110238281,4.1283598218457405,-86.76143915333788,0.006348787430259791,0.09702041163711642,0.06211605544044975,0.0423755241515263,-0.08622202349703327,-0.05298013273032017,,
27.344855999999936,-11.643752691922964,4.575302853251275,-86.87406575704604,-0.08859218975774626,0.09626392091544114,-0.0014972332785391875,0.08227185061365086,-0.09846636978956139,-0.033106068956223644,,
27.354350000000068,-11.203278330816675,4.8756832920343856,-86.81901118177335,-0.11257491584351148,-0.12652381716531205,0.08573479913909471,0.052463720347598754,-0.09153386981805728,0.00040935090820962096,,
27.363798000000088,-10.86538373738952,5.264067064865523,-86.69411328617619,-0.12451390336684649,-0.24198943821201976,0.1368351837745634,0.06906476335965221,-0.0699509337669858,0.015562816604002458,,
27.37336900000014,-10.656288825766033,5.678092051545152,-86.59677840133521,-0.13021834663612705,-0.14719080599595147,0.012391351628306074,0.07282987685566696,-0.04380185911044683,0.011939597209779268,,
27.382884000000104,-10.649258989227285,5.778568437806214,-86.58904457018875,-0.09787313436798274,-0.1315874625830535,0.0630828033121079,0.0,0.0,0.0,,
27.39233800000011,-10.817011522478483,5.748149671306354,-86.82315587609061,-0.06331025531426969,-0.12429283694713385,0.14882373748604813,0.0,0.0,0.0,,
27.401853999999958,-11.082614695682745,5.850873201860611,-87.28738556911686,-0.00904918691502292,0.048892022745967496,0.12487087596590322,0.0053667685897906495,0.04701779733707452,-0.07681729907236995,,
27.411370000000034,-11.472638591097063,5.93278104254773,-87.93508170985172,0.011502051554752828,0.1566238939085423,0.10111964574450447,0.0006269258723319728,0.07156470552478508,-0.10666834659291839,,
27.420955999999933,-11.883239360407652,6.078277216897913,-88.60944084130105,0.04094413584339782,0.10325114552444718,0.05814214083717452,-0.007548815828776434,0.08469591076594422,-0.11741047738241302,,
27.430466000000024,-12.21003900799935,6.3903002680456,-89.24090040345064,0.07324937374340727,0.04460841794656145,0.05245171615922462,0.0391932345855274,0.07524165156195231,-0.1140939993343601,,
27.439964000000145,-12.425715652590572,6.932132934179425,-89.7512857723329,0.09020197902939109,0.038204341339708105,0.014745523662791134,0.08705670598090573,0.057250204639816886,-0.09354788580633322,,
27.449478,-12.499287268758193,7.343361016294649,-90.03335011571168,0.10862281830970531,-0.051451362663045744,-0.03090800933738494,0.08119324665208817,0.03320490238445829,-0.057888440553744556,,
27.458994000000075,-12.452049883029307,7.651305003378387,-90.15792477124823,0.1066451128000519,-0.1398064486422517,-0.042588381457118206,0.0809041523563279,0.00884393435317627,-0.02946724933701779,,
27.46849199999997,-12.266128220319102,8.040069409293015,-90.20200168391834,0.10295418842233901,-0.06787026173488885,-0.07943127879958153,0.08117351095316318,-0.018570455144986057,-0.017253561318065044,,
27.47801500000014,-12.050582724548004,8.233928289108636,-90.21410000212653,0.07198478220474837,-0.01786612962077839,-0.09513202213335833,0.0,0.0,0.0,,
27.487530000000106,-11.873447721726212,8.223414128390653,-90.26498815673766,0.03222417241363733,0.0008199168284002131,-0.006704579762357312,0.0,0.0,0.0,,
27.49703700000009,-11.77564576634818,8.264456177455587,-90.38882139208195,0.0007138270893842987,0.10518621792449472,0.015278725813528533,-0.027932389362902252,-0.029607332489734767,-0.03121691073218943,,
27.50654200000008,-11.81478897391012,8.244391726866981,-90.52700553093624,-0.08212575227709132,0.1641604756606267,0.0413521650495919,-0.05149696338037229,-0.015492700355549349,-0.03010695641412028,,
27.51600099999996,-11.82389149313227,7.994978509995628,-90.58393769246779,-0.11269404798364836,0.11209030777773485,0.12188768911708286,-0.06285206223339333,-0.003753910055892468,-0.01469261322485604,,
27.52514999999994,-11.904796989889139,7.863461398583192,-90.53110608687045,-0.12999779792582952,0.08127381760185748,0.10876628157116826,0.0,0.0,0.0,,
27.535086999999976,-12.19149589194919,7.854790223617005,-90.34854713406493,-0.1374151262373986,0.042854347164411624,0.035822984448193526,-0.022568084842976444,0.022863235366177053,0.040972973626732814,,
27.54458599999998,-12.430270259386525,7.7444639106173465,-90.01700355925338,-0.08093615015485764,-0.06046859749199627,0.08172242588037004,-0.022388742616817857,0.024710752983268806,0.06947380371459842,,
27.554106000000047,-12.61898541736632,7.631268058748703,-89.62886053779602,-0.021442392081505144,-0.10005214948861771,0.04841013264501125,-0.014476635324950327,0.0266368969067337,0.07940610074357526,,
27.563625000000002,-12.761721943710528,7.525349164581769,-89.29561106038729,0.0008742518556768507,-0.07110903527257273,-0.009394399686505092,-0.018576836463145417,0.027184374297004984,0.06717702254077702,,
27.573127000000113,-12.842107914480579,7.307541674395097,-89.10691525715718,0.07153326105327043,-0.056992102574101394,-0.023685199856741047,-0.04359104829169111,0.025528253316886754,0.03656928697446269,,
27.582628000000113,-12.906121372947363,7.044705480495819,-89.13248305013434,0.08901037558224582,-0.032133265799002414,0.006564651412778036,-0.058559886757896785,0.025057341494910755,-0.006775842918144434,,
27.592137000000093,-12.943300761568764,6.829334530446352,-89.35989825461584,0.0736589274136918,0.0028368457781798016,-0.016814813207613147,-0.06069094582949704,0.01753146802245698,-0.04783939072811393,,
27.601662000000033,-12.96298849692318,6.6243834889185225,-89.69508071764108,0.0427297049941175,0.04087467940115586,-0.005231722790804138,-0.06255431295199676,0.007372689263880342,-0.0698140193351072,,
27.61117800000011,-12.962535069974418,6.454784194470211,-90.02019490545715,0.007424913483398636,0.022573776254117717,0.03498225549914001,-0.05171205702426172,-0.004865328344704413,-0.06823698181374725,,
27.620677000000114,-12.924341545649513,6.397042444013892,-90.23022725444304,-0.022153230064270033,-0.006263177813303046,0.056657037558325386,-0.025954756743556667,-0.01846412046036673,-0.046036505533034476,,
27.630198999999948,-12.854737399955855,6.423052154047976,-90.25607194268925,-0.04416633981879331,-0.0059564798995019215,0.05466392247153311,0.0,0.0,0.0,,
27.639715000000024,-12.743105080725284,6.483504252819043,-90.09698881015584,-0.044374701679298904,-0.04980931998628563,0.039223114491149874,0.0,0.0,0.0,,
27.64921000000004,-12.615274926266856,6.580480983865089,-89.82798201062798,-0.03731633612347491,-0.054855612236647214,0.0021289666027949038,0.018967239558181435,-0.03897857962738137,0.047734983360400295,,
27.658722000000125,-12.484719045364457,6.660635451198148,-89.55426936899329,0.008208490422993403,-0.04708209394089368,0.0301528479819236,0.013630095999403296,-0.035207559570752854,0.04854008160190044,,
27.66823599999998,-12.369892932577136,6.670781901683405,-89.38163113984047,0.011308464389297576,-0.03554749308938917,0.04597872538732633,0.0,0.0,0.0,,
27.67775800000004,-12.311004965363486,6.635063197309196,-89.32613796632629,0.008155958712920627,-0.004196105142569728,0.036894623914623725,0.0,0.0,0.0,,
27.68725799999993,-12.305487431493704,6.567244346140894,-89.46399351470315,-0.00026998656478085007,0.028859052710924413,0.0033225333974491967,-0.03206310626487816,-0.007672705578830223,-0.03963946187515189,,
27.696776,-12.335562650602185,6.468183355542481,-89.719605514556,0.01132753605803088,0.027150305585028102,0.0558127525710252,-0.03832359051814833,-0.001498388027086707,-0.06294716012343428,,
27.70629400000007,-12.392314757179935,6.40959641266953,-89.9945345398139,-0.01405344869997809,0.050539210128669985,0.06214323372692265,-0.03521626944984186,0.0020647289232592395,-0.0673410366543291,,
27.71577900000011,-12.445896835291043,6.336151166893043,-90.19633641631484,-0.02372496970002512,0.02343746822709266,0.03616450125037133,-0.032631444353538194,-0.0006395613372332758,-0.0511801354591551,,
27.725318000000016,-12.46121023931966,6.306467231815255,-90.29251120665374,0.010687609978449395,-0.005380793513437925,0.04819388208153755,0.0,0.0,0.0,,
27.734823000000006,-12.446145837887629,6.34460671436314,-90.22276544447146,0.0,0.0,0.0,0.0,0.0,0.0,,
27.744315000000142,-12.341743825895621,6.406106271245324,-90.01193810584736,0.006638523745123103,-0.042304049264393254,0.025822404411316013,0.0,0.0,0.0,,
27.763353999999936,-11.998249502531147,6.495134348587079,-89.5031551759593,0.05776608674823324,-0.04689910454995684,0.011208839774795544,0.006570750176473951,-0.0320852970500059,0.03968511999793403,,
27.772861000000148,-11.812647238022002,6.506174631146691,-89.37924321505976,0.04925745480109299,-0.02827145525195927,-0.013588344323362794,0.0,0.0,0.0,,
27.78236200000015,-11.670590957267617,6.475505738316517,-89.27093678753863,0.027734585288279833,0.0009993007060502017,-0.0056943123942934356,0.0,0.0,0.0,,
27.791897000000063,-11.57240225570074,6.4377683821864435,-89.30882462626086,0.0078023478426383,-0.004150742094476725,0.03761723782889741,0.0,0.0,0.0,,
27.801388999999972,-11.51847634365507,6.410897578477781,-89.41133519055502,-0.014661845878132782,-0.008087977166312233,0.0706379048674788,-0.019773331613926876,-0.020264563726213426,-0.05056064587067545,,
27.810901999999942,-11.498919974176012,6.41767775292652,-89.50806590392017,-0.02900912346020862,-0.01076820095040711,0.0935161910889531,-0.012976987636576176,-0.01616394065482557,-0.04919584364472715,,
27.820425000000114,-11.509961859747769,6.489107824344531,-89.65604415196563,-0.03896519035595198,-0.008445412928908807,0.07219209000473592,0.0,0.0,0.0,,
27.8299320000001,-11.554864836330664,6.667794374211527,-89.7539452617365,-0.04906358242573132,0.010193935504219726,-0.08900135997957855,0.0,0.0,0.0,,
27.83924900000011,-11.38514565237122,6.763686002575795,-89.74394728718474,-1.9575431511322985,1.5188804934203708,-5.318276476053615,0.0,0.0,0.0,,
27.848862000000054,-9.196873889255897,4.349547968050588,-88.98690318913282,0.46662481142749046,0.9531395127704476,5.47995271465388,-0.49088714799005034,-0.44859499364923605,0.08583496633742302,,
27.858259999999973,-14.524358055410376,3.8982752913307475,-89.17044960987195,0.4244230476733671,-1.731677302788886,-2.188412925815364,-0.11816202290354814,1.056349214478066,0.08362617691473423,,
27.867410000000064,-15.76160505960598,6.4432248436313495,-89.67400017936563,-0.5502835420010228,-0.1339486217059138,-2.122965632114235,0.4942861596675494,0.24551923340685547,-0.08092290282069116,,
27.87739099999999,-14.524718306470684,5.0738196750086,-89.18949622547262,2.710543107103148,0.16179688494107108,1.6952862537167024,-0.2847156177938581,-0.2557979053009149,0.0694926401665854,,
27.88672799999995,-17.940410989862688,2.5986798923206287,-88.12277924494234,-2.3468491295464236,-1.2158364359149103,-2.241485474421055,-0.5243990650232178,0.6639334029154325,0.2576408050368234,,
27.896433000000115,-14.568526954476381,3.0727239004678992,-87.15707310741693,1.0751075885224333,0.09772507569024212,0.737385504069593,0.1099779815073456,-0.6772198741487809,0.1575035792982443,,
27.90592400000014,-13.427285106615438,3.3836412582870823,-86.09076096371044,1.137295347466612,1.2503579547786932,0.42017116596753845,0.06339318302351621,-0.23140940686433256,0.17205655383297533,,
27.91526900000008,-14.128584495220926,1.8524390474912678,-85.09578898446303,-1.2187943884527568,-0.06040420018244096,-1.3608084926197976,-0.32895108327200995,0.1087345696530253,0.20324071989095985,,
27.92496099999994,-11.328725381104032,1.7271817280193646,-84.61003291923141,0.8103384343247528,0.22757865623230786,1.06926645610056,0.013432699867073688,-0.5682266836704882,0.06473676015799915,,
27.93446199999994,-10.547219586324893,2.5130813045614384,-84.88437413618126,0.21752840303138068,0.7386862886340336,-0.021214627565102173,0.1590862782033338,-0.14875944612139486,-0.08993718453893383,,
27.943805999999995,-10.287439536346335,1.7627550505186123,-85.43155002934,-0.8808842149163183,-0.13686998967023287,-0.7110827803916325,-0.157534617954432,-0.07210453862011519,-0.12955023933177476,,
27.95348100000001,-8.56632802899796,1.2440909162378133,-86.00553348114008,0.3717070399658234,-0.7426221125999133,1.3653852917802851,-0.08972252122968849,-0.3589006065172381,-0.14887187728197682,,
27.963007999999945,-8.593953143107345,1.9920489428446495,-86.67850253487983,-0.5025853113258172,-0.33600037476781214,-0.29403263284971615,0.136883225549864,0.007939942674741261,-0.14935794355399803,,
27.972529000000122,-8.335424975340576,1.7995421030890342,-86.83311386600157,-0.5189189529717029,-0.27969528898290585,-0.2736009124148142,-0.04780585002476149,-0.06107350703118638,-0.05658196509191797,,
27.982023000000027,-8.155295490599604,1.0254431656190328,-86.41268771234219,0.06474162483632735,-0.6462791772203593,1.012900243880923,-0.16481034282313867,-0.05272275389604539,0.040925753177086,,
27.991537000000108,-8.80387092446694,1.2272385735781641,-85.96798284764306,-0.4118624405401204,-0.1137331865429959,-0.20071054469433466,0.019468045106155733,0.12488305963414034,0.0837659864142293,,
28.001058000000057,-8.937489144271119,1.2720454712786589,-85.48238876613755,0.08507406154667846,0.4681572929817997,-0.008927210070492414,-0.005178912975765051,0.019835751738200003,0.11136435176861596,,
28.010559000000057,-9.584728431509287,0.7416334943945861,-85.1005776720842,0.17688644541734808,0.1943522534027204,0.21282491896072553,-0.1285669882838644,0.11293155994691285,0.09389640821080437,,
28.020076000000017,-10.184238475827488,0.8992483699759082,-85.10042939472825,0.07110061466900787,0.2746400373862532,-0.10552834035769634,0.009147983629370872,0.11468563750073694,0.019638587494190958,,
28.02958200000012,-10.388597478817509,1.3507307282047667,-85.3632934856524,0.33103334116544947,0.5182199645376114,-0.08616716538729098,0.07452961615663459,0.04072650363919369,-0.04741893160674408,,
28.039101000000073,-10.816704066764126,1.2531186670275176,-85.77717901477645,0.21189125385509827,0.06334037996517465,-0.10670526714215017,-0.03837101733234693,0.0765035246971592,-0.07750715750594532,,
28.048618000000033,-10.993375266729393,1.3534267427933875,-86.27785107982992,0.13579543987923007,-0.24749315840077524,-0.029252611408206477,0.00525212971844004,0.029324806997377065,-0.09600833482357145,,
28.05811300000005,-10.79899415798569,1.7395935133175227,-86.68339666748884,0.1302724270513343,-0.1662087200048999,-0.13557429162565876,0.06718964246200994,-0.041368758475992064,-0.07898563124512181,,
28.067645999999968,-10.590468279075951,1.6574806277747591,-86.72743649747994,0.09648442211380362,-0.32112045156799135,0.019730785378702324,-0.02642746827070836,-0.0498632358801769,-0.008404104195965486,,
28.077144999999973,-10.298350643740603,1.489487350556437,-86.44651284971948,-0.0042978945794389725,-0.3884902412227852,0.06481253033718576,-0.04247481197707393,-0.06768881001330145,0.05717037313244972,,
28.086655999999948,-9.857197106169059,1.604915610269557,-85.97722287372147,0.07751349918353116,0.0013316293374616248,0.1466700535793363,0.01662074972740297,-0.09401425689012935,0.0921944905799662,,
28.096195999999964,-9.57314777548443,1.4558004154940378,-85.45757728963302,-0.01857030997652405,0.17946919979764536,-0.020911167938609886,-0.03773636990178756,-0.06645668033231848,0.10307456615445666,,
28.105681000000004,-9.359171023754579,1.1743082542134409,-85.10155647872973,-0.025229877866377343,0.18130903842891324,0.1302709457054411,-0.06480502385260052,-0.05493352770000168,0.07280532631426732,,
28.11519700000008,-9.171404698684135,1.2052925556538368,-84.97495162729037,-0.07025139233575053,0.30005849136324125,0.09035286064340751,0.0,0.0,0.0,,
28.12471299999993,-9.040969779807783,1.2527431141729284,-85.1308603584951,-0.14463370457014474,0.2958309422975855,0.025654097095763655,-0.00036555960844792193,-0.03278614624330749,-0.04933081296337662,,
28.13422800000012,-8.934806180360239,1.1707346235413625,-85.527917556331,-0.16289312930632374,0.011460452168201707,0.12378530920755591,-0.026793123645416243,-0.030033721689699342,-0.07815215060214865,,
28.14370699999995,-8.873151101656966,1.2767483083999676,-85.9132370225476,-0.16279535328508749,-0.13423427538484697,0.17202320818755568,0.009901529321062502,-0.018152628759275917,-0.07675194693542345,,
28.153238999999985,-8.908233056757583,1.4078651422742428,-86.11124534674306,-0.18006595787453558,-0.18551297960258556,-0.03430480308047742,0.0,0.0,0.0,,
28.16279099999997,-8.995317525775992,1.3522933701932456,-86.00955490968151,-0.1142844282951455,-0.28379562778776046,0.047603481925639936,0.0,0.0,0.0,,
28.172265000000152,-9.11657857289125,1.3087499925642438,-85.68221583510831,-0.01845967023429713,-0.22925794970004407,0.07827735231283686,-0.022635948298342888,0.01612274965553927,0.0733444787922006,,
28.181835000000092,-9.21592855322642,1.2749296109623303,-85.2774312964013,0.05123317898927902,0.004418723552442178,-0.00834132156953899,-0.01947485558874132,0.0229999716453372,0.09559808572765498,,
28.191362000000026,-9.226263547121118,1.2264296189751829,-84.91472912371349,0.12160673340947349,0.1281537457079192,-0.0527402604640736,-0.051793022562121385,0.02170511960467016,0.0828849717060051,,
28.20086500000002,-9.180461142793794,1.267562668689226,-84.77588147501366,0.15935393724215094,0.22006927769720483,-0.024364276459263236,-0.05256459639663799,0.019268176176625885,0.030712721811013817,,
28.210379999999986,-9.094526266936402,1.487902550942269,-84.96437977898057,0.1513360156390341,0.3024091351785676,-0.02091078456619054,-0.03248589766067433,0.012403411182605382,-0.04156802952953064,,
28.219888999999966,-8.999395121637844,1.5741083832157365,-85.46024384856227,0.13180966803773225,0.20832126566324033,0.02960409573786487,-0.03737599460239562,0.003088087127510339,-0.10327337849592312,,
28.22939999999994,-8.969548432608873,1.5138113646379425,-86.11904853654882,0.059741206576071425,0.001907105525311384,0.08100639574658379,-0.026834612406892795,-0.0021041341867872616,-0.13554280464988358,,
28.23890900000015,-8.949912498553783,1.446368350894339,-86.72740263489774,-0.02042558999271358,-0.12551336592057274,0.001206846637792586,0.0018923204690407661,-0.01621110359734411,-0.12536083546190738,,
28.248420000000124,-8.963529438682077,1.2544500972004666,-87.07032229927503,-0.07562079710735782,-0.23567443682053288,0.00874611548711635,0.0003051704479866292,-0.023358319527077436,-0.07200850611349703,,
28.257935999999972,-9.009016762388518,0.9328436423999618,-87.03090452480875,-0.1091681212810185,-0.3100733084941156,0.014883975060629061,0.0,0.0,0.0,,
28.267446999999947,-9.036639165287552,0.7301916376120678,-86.53289941910212,-0.08580168128118998,-0.22669065131351862,0.05298373636846415,-0.006028507751298289,-0.021756154054686252,0.07577296875451474,,
28.276964000000135,-9.101383309021298,0.6445299498340881,-85.86913205851123,-0.06443036513711183,-0.06976883507944318,0.0441127640120122,-0.015308928455081148,-0.009275010015879286,0.1202629844927476,,
28.28645900000015,-9.159714996575438,0.6116820314183108,-85.26857182160276,-0.014445341760698243,0.05364478842511494,0.09714688232629343,-0.030441805958036233,0.0005601254823674742,0.12435681041295558,,
28.2959800000001,-9.250476590659629,0.740053950732093,-84.76750332029015,-0.0028861404781076842,0.16756323525886307,0.07834435246815541,-0.022748545315578603,0.01552047445247646,0.08697955817664887,,
28.305493999999953,-9.395793724041106,0.9737374577246695,-84.58528771061806,0.025144332433800164,0.232716701260435,0.05282759714858225,0.0,0.0,0.0,,
28.31500099999994,-9.597925997289027,1.116145965687502,-84.69706668268208,0.034426146931573406,0.16460673789842972,0.06971360704597246,-0.021396837556383972,0.04242633411114435,-0.033228842729141575,,
28.324509000000035,-9.868035791589127,1.1851061826267628,-85.0170931373245,0.0069395914062576995,0.050968131439156704,0.06624404198424577,-0.014202098464919276,0.05260450337008834,-0.07418712880899986,,
28.334027000000106,-10.176464791577049,1.1816265424420618,-85.47137966637332,0.008417745023760704,-0.04893303555581228,0.02420971625720059,-0.007385803674220721,0.05592717504888962,-0.08238578747197838,,
28.34353699999997,-10.502474790876384,1.0412563173249048,-85.74670912371495,0.010829126720208327,-0.14561033606720192,-0.0026538279588123573,-0.013431341899914592,0.05562678141515408,-0.05702102165064592,,
28.35305399999993,-10.796997456241108,0.8556972759404972,-85.79843781439926,0.013392366700337789,-0.18230128304545057,-0.002730161132193495,-0.01402276878583692,0.049124850412387816,-0.01246454202361146,,
28.36255499999993,-11.01503259861678,0.7369066279603296,-85.62433573151736,0.009693225544357252,-0.12667808504899103,-0.0016341163550261184,-0.011772379016865394,0.03970507456209723,0.03248677565228628,,
28.37206500000002,-11.18692309905925,0.6803120189839572,-85.30760358769115,0.032089251983853415,-0.03859244463082614,-0.006188879931522039,-0.01768726513365018,0.03311588288719102,0.060948015671326565,,
28.38158700000008,-11.28040341009381,0.7060609447033678,-84.99181058716054,0.04380839536309109,0.05640825951834297,0.017131331829085224,-0.020988124988029044,0.020951352139836583,0.06060593798471435,,
28.39109600000006,-11.32246661497694,0.8157313031360606,-84.82004129125437,0.04488639962879383,0.13482888099059723,0.0337385640241297,0.0,0.0,0.0,,
28.400622999999996,-11.387210037901419,0.9269185311166281,-84.87229816140217,-0.005595596383300185,0.14262332285026466,0.03793056169843594,0.0,0.0,0.0,,
28.410123999999996,-11.479774004483366,0.9809815549970865,-85.14112075696077,0.00038541030481730067,0.08965680211592045,0.040819573885348,-0.021732162190062545,0.007813513506266911,-0.05635031820871373,,
28.41954099999998,-11.633060339566503,0.9728728078994577,-85.54111997895454,-0.06534935252549952,-0.005325798434380987,0.013496172383728633,-0.017402082592788835,0.009802918872039417,-0.08237611229055872,,
28.429133999999976,-11.84063022713133,0.879659000688845,-85.93620613353143,-0.09677465040967853,-0.08277023079182498,0.02030780613526741,-0.016525433984344532,0.01289980683007157,-0.08120129940970508,,
28.438660000000027,-12.07730236858698,0.7190860952868643,-86.19987138879276,-0.10583734963859456,-0.14609415426756672,0.022928043768924457,-0.01698190601772701,0.016253778324393047,-0.05484149042488414,,
28.448157000000037,-12.317696392469493,0.5643479708528958,-86.2638616985839,-0.09892986442083154,-0.1508034520383106,0.022284408625954405,0.0,0.0,0.0,,
28.45767100000012,-12.502473298729521,0.4630823653754981,-86.19984298892567,-0.06372737748686533,-0.09878132323523665,0.014789545734132702,0.0,0.0,0.0,,
28.467188999999962,-12.628080198781353,0.42447083932837154,-86.03112309040951,0.0,0.0,0.0,-0.01624178159678617,0.012686347801808216,0.04627188465684331,,
28.47669300000007,-12.69878151182504,0.46621338130019996,-85.8556909342121,-0.0034144024542815676,0.04712234408326355,0.00038444627463491907,0.0,0.0,0.0,,
28.486214000000018,-12.699363503664328,0.5759803224430481,-85.75709731054663,0.029726346105569453,0.10866398385537096,-0.007425225098750043,0.0,0.0,0.0,,
28.49571600000013,-12.666987589371992,0.6767611766927357,-85.76340720514757,0.02492089738819162,0.11485873860742309,-0.006162098047704154,0.0,0.0,0.0,,
28.50522799999999,-12.587274475379706,0.7277510299033505,-85.91201147938084,-0.005581778777305194,0.07809941122083341,0.000994575310598175,0.0,0.0,0.0,,
28.514746999999943,-12.487571062756592,0.7208722510392085,-86.14175323508448,0.0,0.0,0.0,-0.01752514401274046,-0.033417837493206655,-0.04884788797226218,,
28.524253000000044,-12.409787410201359,0.636636663118064,-86.25509433923295,-0.07999094399511142,-0.03465907356990975,-0.09301582292740872,-0.019771474272023977,-0.04364958879447903,-0.04543299592204177,,
28.53358900000012,-12.474538301341457,0.5819968074706864,-86.31611445287803,0.923657286519161,0.110743782246391,-1.905964863585401,0.0,0.0,0.0,,
28.543184999999994,-14.152774745180023,0.3933781858873855,-86.53628758257669,0.37178645757888623,0.03977988614945961,4.519629631745156,-0.07088939382781922,0.32582695784462756,-0.02319421337553416,,
28.55258600000002,-14.7006364468935,0.3482728076018736,-86.83520387910903,-0.6401102898765642,-0.5530859674196182,-3.954207955745647,-0.02786179054630983,0.10174145546236943,-0.04409967786978997,,
28.562217000000146,-14.890819385230596,0.962129338326252,-87.14528046566141,-0.1458708946510117,0.6329194536779573,0.10219760259500275,0.10816619761411021,0.03728405450960459,-0.06371115958709991,,
28.571722000000136,-14.421049672914688,0.5948038908174172,-87.15210683358347,0.5675035390959338,-0.1034004604313331,0.4515991774753371,-0.08142085043624449,-0.10485333732687308,-0.004794339246000195,,
28.581259000000045,-15.039500898659295,0.3811109703324624,-87.246362284003,-0.05363281647334843,-0.0024017855830311286,-0.02669843879032999,-0.06145123688514707,0.11442445317242077,-0.01979824338248695,,
28.590752000000066,-14.978837968838997,0.6600297888477126,-87.48086602004189,-0.09420244147869157,-0.0027322514678534463,-0.12246925193480494,0.0436989401845988,-0.016716645732171097,-0.04907731736190252,,
28.60025100000007,-14.793880365405684,0.8520185608111237,-87.80030876187692,0.17184634432766369,0.06503042883936064,0.42280550059406025,0.027247124048679308,-0.042500251790449736,-0.06653004577689992,,
28.609787000000097,-15.061335428380508,0.6118969888308854,-88.13895005599956,-0.4167889004066566,-0.17692663916440174,-0.264412338451194,-0.06271762739616889,0.04482569556905677,-0.06912102100214769,,
28.619279000000006,-14.866016207943439,0.5670410601284235,-88.51113127035143,-0.14899524708729064,-0.2603790707776983,0.1299693058015552,-0.020627218957774168,-0.04628991012556606,-0.07695717533783844,,
28.62880599999994,-15.073271133992028,0.5684061821137225,-88.84677345732567,-0.21427233537678167,-0.03729733176683629,-0.062217113122855605,-0.013521609572049306,0.034659359280278336,-0.0687805841036918,,
28.63832400000001,-15.537559737118523,0.17264845845866503,-88.993443285502,-0.3789750137399775,-0.06372330534155657,-0.12305728580999552,-0.09388586423610105,0.08465703663478195,-0.0306129744895703,,
28.647815000000037,-15.875866865999372,-0.12667285339353723,-89.0389439227515,-0.0663635616187757,-0.07303700415175993,0.2436575822943285,-0.07400369671481655,0.05989654383452901,-0.010819870977850797,,
28.657339999999976,-16.450149176630593,-0.15623159680648027,-89.09391436645166,-0.19268899048326374,0.2154473743762089,-0.07381336222614587,-0.020710033811577662,0.10810151901641789,-0.012884396752518916,,
28.666828000000123,-16.804995856903272,-0.3779146817261932,-89.10940427545421,-0.011877416518312577,0.23084337047841316,0.13528209715698936,-0.05844160280096171,0.0635521391101297,-0.004926010180341203,,
28.676347000000078,-17.077741164684433,-0.5523843925942726,-89.17289304894773,0.09792500161764374,0.09420956703683875,0.1701868737111251,-0.04873186560296781,0.04727215557910216,-0.027098670912214025,,
28.685850999999957,-17.27065467599316,-0.5015736137445178,-89.42852335460158,-0.021751561167843148,0.15246673910912248,-0.20056078312462555,-0.0032892807028631955,0.03201879789319118,-0.067725565361326,,
28.704907999999932,-17.089817485301786,-0.9047925115300997,-90.12902760264838,0.09752670779703551,-0.16769072597010276,0.10791559990510892,-0.06710234045340786,-0.032585418915461975,-0.09011644307794289,,
28.714464000000135,-16.884809069261426,-1.0545782429299282,-90.4914942609725,0.03197240557259442,-0.18356823086204493,-0.006810092168314281,-0.043270337274163635,-0.04744168776102689,-0.09263937734795613,,
28.72396600000002,-16.645647381435353,-1.2666404937317264,-90.742422867435,-0.0022769423958042597,-0.17571103159042262,0.003885411152994594,-0.05606166924773047,-0.05393669541476077,-0.0672219528200893,,
28.733486000000084,-16.448485948823357,-1.5776393968040934,-90.81839329462312,0.00995102701149029,-0.2321323403819215,0.05133806924624051,-0.07592109668666266,-0.045122829893460455,-0.027359699715372415,,
28.74294400000008,-16.292268012996345,-1.7095829903725328,-90.72028787495738,0.021979982643302778,-0.1363201692502506,0.08515694368419313,-0.03992565817330147,-0.03742990872064393,0.001975209259227627,,
28.75251400000002,-16.130409979483648,-1.725677842425265,-90.50654618139532,-0.03252581355142183,0.003018193168850177,0.09063108239830492,0.0,0.0,0.0,,
28.762017000000014,-15.847891883808966,-1.7611388353700945,-90.21613482766227,0.026545641637165794,0.03471144858927266,0.09202358522322569,-0.020456340249794643,-0.06313200990114301,0.04246438525810659,,
28.771531000000095,-15.634686346942175,-1.6835602235554743,-90.01279917987596,1.1793523191371681e-05,0.052793936780682435,-0.0015517262177844715,0.002469021677374741,-0.04936573318957185,0.030099507986775235,,
28.78104200000007,-15.563375171266971,-1.5151761775464012,-89.96526713195604,-0.024244143113306103,0.08145272013974282,-0.08905552635660574,0.0,0.0,0.0,,
28.79056400000013,-15.503301490527033,-1.389539143551227,-90.03647855278165,0.02335338730880245,0.0020266156259684752,0.08416133061063194,0.0,0.0,0.0,,
28.800025000000005,-15.576031430622598,-1.2390218965962283,-90.18873081994968,0.029226746736355433,-0.08205178989748982,0.10761408249919727,0.0,0.0,0.0,,
28.80959800000005,-15.625961476015586,-1.1140178792886644,-90.36052306316394,0.010194242965508488,-0.09282024691399471,0.04034632388587514,0.0,0.0,0.0,,
28.819105000000036,-15.634364713513463,-1.0859710831986016,-90.44921130629307,0.020728417011887965,-0.11660202976132196,0.07955472694046341,0.0,0.0,0.0,,
28.828609000000142,-15.632175308962402,-1.0965927762434127,-90.29769162733221,0.012930291369889942,-0.13197869639817575,0.05119478726632727,0.0,0.0,0.0,,
28.838115000000016,-15.569787871692371,-0.9412827065363083,-90.0636990619937,0.03462069081758272,-0.03723632187495005,-0.05624382273109061,0.0,0.0,0.0,,
28.847627000000102,-15.628503267817257,-0.762333451059843,-89.84388992777147,0.01456446483591722,0.048338056306404885,-0.04817368315217856,0.0,0.0,0.0,,
28.857083999999986,-15.6696118948884,-0.6797816633787992,-89.59626026015928,0.06511115926460226,0.043037965685587994,0.09959199186483807,0.0,0.0,0.0,,
28.866596000000072,-15.704074357231752,-0.4445538094936979,-89.47004985057666,0.08097475564631622,0.10353245036861569,0.10692454720348919,0.0,0.0,0.0,,
28.876166000000012,-15.726538874007051,-0.06501371490775577,-89.43635055658913,-0.0011225152212815356,0.11410161156640729,-0.00012947780553901732,0.0,0.0,0.0,,
28.885678000000098,-15.696359975204675,0.14515427352136037,-89.39590310554144,0.0162144212087913,2.4785488444008243e-05,0.05769624931522956,0.0,0.0,0.0,,
28.895187000000078,-15.776357770542218,0.3637612342050322,-89.40714120643943,0.0,0.0,0.0,0.0,0.0,0.0,,
28.904694999999947,-15.88499391126127,0.5280110145379526,-89.49105421911017,-0.029022341988667193,-0.030294115124814457,0.008058821779101121,0.0,0.0,0.0,,
28.914209000000028,-15.991352587701988,0.5236416062501539,-89.53341764132979,-0.025823618786216064,-0.07624146480414515,0.05626377820628895,0.0,0.0,0.0,,
28.92371100000014,-16.126219705213977,0.5448721938851535,-89.54157076471148,-0.044763545659470654,-0.051536567569563076,0.04463641757328057,0.0,0.0,0.0,,
28.933238999999958,-16.209901004371417,0.6467820498623602,-89.51530050914315,-0.02425119645759991,0.028102377923845432,0.03702328376227189,0.0,0.0,0.0,,
28.94275300000004,-16.312223507146296,0.7008737596545156,-89.457659102021,-0.02010866588381862,0.0492036005056062,0.04857370463929513,0.0,0.0,0.0,,
28.952261000000135,-16.393423733846642,0.7998799148296499,-89.41530114505402,0.009816929829834623,0.06907934559222599,0.03673013848588167,0.0,0.0,0.0,,
28.961680000000115,-16.438337427652048,0.9708548256750511,-89.41031751166095,0.006582480997626241,0.09759569386882647,0.027369720418589663,0.0,0.0,0.0,,
28.97128799999996,-16.485029317825155,1.0526496947900634,-89.42591168719967,-0.0005711841790684563,0.05700403031676753,0.0010474600479658865,0.0,0.0,0.0,,
28.98078600000008,-16.482805315800633,1.0641409706470195,-89.45741668391528,0.0,0.0,0.0,0.0,0.0,0.0,,
28.990297000000055,-16.46556741502478,1.0685198766555464,-89.49103532609506,0.0,0.0,0.0,0.0,0.0,0.0,,
28.99981700000012,-16.422019639031188,0.9734053033083169,-89.48661985478854,0.0004320631489712279,-0.04821910752345663,-0.0008193122790261871,0.0,0.0,0.0,,
29.009324000000106,-16.334137019962995,0.8160021696159603,-89.44136474170692,0.007994661956855068,-0.06259341875154584,0.024305566754378134,0.0,0.0,0.0,,
29.01883399999997,-16.245523488926967,0.7176015402254736,-89.31022684537311,0.0,0.0,0.0,0.0,0.0,0.0,,
29.028355000000147,-16.117521706875262,0.6098033406015064,-89.23195541422704,0.01294928947567269,-0.00030318894719245855,0.0447917991815128,0.0,0.0,0.0,,
29.037868000000117,-15.954304768357884,0.5351367991654115,-89.22275165935017,0.02252544080145329,0.039498111482913524,0.08102914593827264,-0.03553538236506226,-0.03565723034851563,-0.0002863082775679529,,
29.047369000000117,-15.814441184059485,0.5076208804348958,-89.27096761326932,0.009643061817709258,0.047304676984344256,0.03658674668968204,0.0,0.0,0.0,,
29.056880000000092,-15.6732028601908,0.47512477242855006,-89.36036209888366,0.01109640561000323,-0.00020399495306118917,0.039535772891452395,0.0,0.0,0.0,,
29.066406000000143,-15.563908027307273,0.4490471624205096,-89.47274313662004,0.007279951972643826,-0.00013781562109586293,0.02613095080864841,0.0,0.0,0.0,,
29.075900000000047,-15.47699402143009,0.4102080914008443,-89.57780519928134,0.007302620034686803,-0.04120587572401068,0.02498148562554208,0.0,0.0,0.0,,
29.085336000000098,-15.376993595379437,0.3404835381863856,-89.6498842879562,0.011315918182176574,-0.06711178295110967,0.039256235355933436,0.0,0.0,0.0,,
29.094923999999992,-15.277007778261583,0.28489761801156166,-89.68799195768626,0.010850078281491895,-0.06049522518243805,0.03821652714456295,0.0,0.0,0.0,,
29.104444000000058,-15.173247530961884,0.24660089203294425,-89.71376097299984,0.00023848662977108534,-0.04773689954449848,-0.00020546332917148355,0.0,0.0,0.0,,
29.11386400000015,-15.02516553796601,0.27418740116565815,-89.76058486441018,0.026247896252924938,-0.0003582473134390827,0.09777911190042368,0.0,0.0,0.0,,
29.123453000000154,-14.894356212049072,0.31816717245235854,-89.84381066186762,0.0,0.0,0.0,0.0,0.0,0.0,,
29.132978000000094,-14.74015119492731,0.4034132428496319,-89.9635611031625,0.014324861544818792,-0.0003742400090449465,0.054445381398139904,0.0,0.0,0.0,,
29.142485999999963,-14.594749857149289,0.5279067150869251,-90.10678942396426,0.0,0.0,0.0,0.0,0.0,0.0,,
29.152000000000044,-14.489720676906252,0.6591494348752109,-90.26130353031694,0.0,0.0,0.0,0.0,0.0,0.0,,
29.161497999999938,-14.354476810957843,0.8287392451721808,-90.41777363775084,0.018267859400951655,-0.0011661623809288441,0.07140788497202619,0.02601982542657597,-0.03128001435350728,-0.0338499159672091,,
29.17100800000003,-14.257939358360119,1.0252293141315292,-90.55982043715485,-0.00030597243588705134,-0.031314275404938,-0.0005604125275255686,0.03308675708569986,-0.028019897979547546,-0.030972014750482852,,
29.18053299999997,-14.16582368918386,1.2053165377450024,-90.67265292304204,-0.00051620797040649,-0.04396796357633785,-0.0009251429323672048,0.0,0.0,0.0,,
29.190045000000055,-14.05082336812089,1.4133218361159754,-90.76918162644053,0.014179980697255042,-0.03191136595221478,0.05760045118078977,0.0,0.0,0.0,,
29.19955300000015,-13.971205267141864,1.6434414969551305,-90.86945438320974,0.012914037072337714,-0.0016875896350170164,0.051982050725132276,0.0,0.0,0.0,,
29.21857,-13.78586865867377,2.088262128985136,-91.15018616393316,0.01023992131752782,0.03657353952523653,0.04009997121474427,0.0,0.0,0.0,,
29.228084999999965,-13.736490450635657,2.341089356668027,-91.37235437311125,0.009926675672946772,0.04351794633684072,0.03815181338795602,0.02804138155318406,-0.012207037181273911,-0.04734659983193296,,
29.23759199999995,-13.688574436387976,2.5787939266874655,-91.63413961933084,0.015758307654443113,0.03768759701808723,0.06203836301528105,0.0264135511775474,-0.009333853849128227,-0.05534303141664766,,
29.247113000000127,-13.70562648711643,2.768759241284646,-91.90047960545228,0.010968782099521282,-0.002553345158553234,0.04524615114018683,0.023048216265696014,-7.123749149838386e-05,-0.05570464314044996,,
29.2566240000001,-13.728210380519178,2.9302688188875856,-92.13420488571896,0.015790772419655034,-0.003923387626522932,0.06510602820610639,0.023595432847227697,0.002171024334043847,-0.04912522908382682,,
29.265763000000106,-13.78724918222109,3.0819156848623344,-92.30553981773072,0.012360191117874769,-0.030650765158402357,0.053812128386253974,0.0,0.0,0.0,,
29.275640000000067,-13.875761231209022,3.1959386996646093,-92.38856507642468,0.008264107684610719,-0.03289866803461117,0.03722028502439343,0.0,0.0,0.0,,
29.285094000000072,-14.012171690525022,3.299751733668133,-92.38260877143401,-0.07060437335340393,0.01940894042989294,-0.28543728184959455,0.0,0.0,0.0,,
29.294479000000138,-13.360152078131614,3.294989546527597,-92.2454107722637,-3.854936030731999,0.5635402370739228,-5.377369596432919,-0.01938128155281363,-0.13619336996050654,0.01726817455875287,,
29.304084999999986,-7.176556986475066,2.2534320773011096,-91.36767599437357,1.4342798045421723,1.1383264069205985,4.581249664163874,-0.25655032319507554,-1.2368467570887018,0.04595471384517306,,
29.313605000000052,-13.52204818570337,0.8126882000666928,-91.5166293904538,4.007579266607291,-1.4193919130956971,1.853381301139685,-0.2693181020852362,1.2712396850185048,0.001827130916689525,,
29.323004000000083,-18.927328404502703,2.6490297357582966,-93.02161334779245,-1.5909093574250233,-0.17010781012746604,-3.0764225568520795,0.4007275594543468,1.0594618072596687,-0.18417034899413007,,
29.33243800000014,-17.73302622402454,4.582687850542716,-94.0216947691035,1.5228574137011461,0.4207862143459693,-1.0282776930652517,0.35791080975174444,-0.2684342726222344,-0.1690737125391601,,
29.341945000000123,-19.92766461367412,3.6718729614726264,-93.66052302356262,-0.22742864529077522,-0.6663475510767619,-1.1484597989707912,-0.166350187433931,0.4439315227020533,0.09182294286332565,,
29.351458000000093,-19.972632000411362,3.5472173637262716,-93.15239917149644,-0.10392155624350309,-0.5428580542350713,-0.9232275074221489,-0.0378484975812764,0.004634570137277412,0.09028112832419141,,
29.36115700000005,-18.815492136199232,4.312945764923169,-92.79837214020081,1.3211229215580134,0.2926327851910134,0.7058838476542669,0.12784186416119675,-0.24470424607905444,0.04710525771057495,,
29.370470999999952,-18.653288113081363,3.4708724153019883,-92.03550251969075,-0.26773597969118273,0.3234711652497262,-0.8091440207263372,-0.1832024959479745,-0.03139233417037034,0.14038880721282615,,
29.380173000000013,-16.934924534036462,2.6897047747133183,-91.3327083880939,0.4263022756070504,-0.03133864654705367,0.45584914108242824,-0.1794843373809773,-0.34527957251559405,0.10596643204769618,,
29.389679000000115,-15.259527073790165,3.121216237851094,-91.1098527885008,0.3817599940143808,0.46962375540452683,0.16588353397099515,0.06648272968271444,-0.34308785398330494,0.0028806234158366808,,
29.399209000000155,-14.138150887992726,3.1271894720585047,-90.98532446319284,-0.2348188466984756,0.576459930646213,-0.22733698017192847,-0.01573018543806796,-0.23052735653461653,-0.013492720557982304,,
29.408709000000044,-12.617958895879111,2.85199832999778,-90.92760756127211,-0.06409090483816195,-0.2282563965095305,0.6494327642834876,-0.0729263072253517,-0.3094412220718017,-0.02608816952102367,,
29.418214000000035,-11.433377606756146,3.562158883363584,-91.13021833213371,-0.1752517397856656,-0.1392290590965927,0.43507188472678354,0.12520186420370488,-0.24548934639407238,-0.07470249870148983,,
29.4277340000001,-10.779912704745993,4.097534364139213,-91.32131236253953,-0.4650797145512703,-0.02231706847052056,-0.17734174564693478,0.09158225462698903,-0.13887452634773767,-0.06785882559793535,,
29.43723799999998,-10.321974642543656,3.9244609036026894,-91.40691163755513,-0.23966682117403987,-0.5604533745082967,0.37540317085164515,-0.04974227675411833,-0.09673302038563085,-0.032551737875398154,,
29.44675899999993,-10.528367006852662,4.095066659124219,-91.52622879831532,-0.31028281913797945,-0.34723326075840405,0.08859992302020589,0.0,0.0,0.0,,
29.45618800000011,-10.9741061534362,4.130193443339611,-91.57414317835514,-0.352081277670181,0.11795120921585157,-0.35146376401412854,-0.0035046638013116905,0.0827973285553357,0.0020584844300881107,,
29.465777000000116,-11.48901544334174,3.4816945523245364,-91.47891519077942,-0.08036489350668015,-0.018321842277163963,0.33512873226265816,-0.14006435615448518,0.10029634887816802,0.03273964175995088,,
29.47529200000008,-12.18596101302814,3.162213314005954,-91.45629990900326,-0.086730021038681,0.11493060918027488,0.2109065673586275,-0.07332277515118546,0.1348826110626125,0.027626867323547025,,
29.48480799999993,-12.73907529806317,3.2029442016338168,-91.49976171886897,0.056780128663992444,0.4634140691672223,0.048939343250080425,-0.001948404590340923,0.10424365861358632,0.015369504928783806,,
29.494331000000102,-13.283731775722003,2.9455454686140268,-91.45104064945542,0.08906957138184657,0.2727958288246183,-0.00526825610239672,-0.06175581507955139,0.1041081049442284,0.024878857679932236,,
29.503840999999966,-13.681544814661404,2.9164012063104896,-91.40768186963074,0.1225821163928995,0.032472376424263996,-0.027868495311872382,-0.01691863093320722,0.07353675895735921,0.01583848066692262,,
29.513339000000087,-13.894612867081849,3.2895617250997726,-91.42946402042999,0.13983295763573,0.06595913984050628,-0.19282485803315133,0.06269588008024604,0.034581922217534034,0.002844956105121553,,
29.522862000000032,-13.94619261333546,3.367007512675687,-91.36934273568006,0.10312315904291736,-0.13063537155988442,-0.1769010288564359,0.0,0.0,0.0,,
29.532400000000052,-13.746464202240364,3.2997850349939073,-91.17560079945694,0.13074541857727134,-0.38221722510632655,0.015059040966397142,-0.027423955655101136,-0.04582789933428576,0.03829832767019403,,
29.54190800000015,-13.399867564939541,3.4093410035775236,-90.93970403101879,0.07455774244848794,-0.2189289018625819,-0.07097194752930187,0.007648188495702061,-0.07593991055255797,0.035757351777674105,,
29.551423000000113,-12.962519559184495,3.2156046355687087,-90.67357907234585,0.013362609000896298,-0.08334931160020083,-0.07657559522789067,-0.05301560848417918,-0.09321047572488228,0.045448878561943316,,
29.560923000000003,-12.486281646278835,2.7811664021552853,-90.4118019396056,0.029191556514715368,-0.08105548265293666,0.1306825962496957,-0.10085127768414623,-0.10081816971573164,0.044589212059297306,,
29.570482999999967,-12.060111569880993,2.5916055896002654,-90.27961477356041,-0.054697670587637935,0.1428419162205515,0.08031115919827224,-0.05137973838219483,-0.09145913023306823,0.019561594000812012,,
29.579950999999937,-11.689831717689163,2.4373556692927343,-90.18353308349334,-0.08953525347083077,0.2932691574542144,0.06296890191236734,-0.044023138683801345,-0.08043506262720625,0.0007313523250975977,,
29.589439999999968,-11.437085485748957,2.23596173987487,-90.15377129781324,-0.09433579655381931,0.1566132988182193,0.19199799431242168,-0.053315677890443135,-0.05694503239123937,-0.009694053956536606,,
29.59894200000008,-11.312615790255721,2.3454132141613093,-90.22052902315943,-0.11933771985940851,0.08907466604270277,0.15104329170972977,0.0,0.0,0.0,,
29.60853700000007,-11.393705847679975,2.6508447244687012,-90.30012360120462,-0.10506105102829913,0.04921192032154769,0.05882722296550145,0.0,0.0,0.0,,
29.618038999999953,-11.543043707684372,2.6145765485630115,-90.29220392241555,-0.07042047244581043,-0.14969975376026784,0.08187562658234196,0.0,0.0,0.0,,
29.627567,-11.702085648873451,2.524653932449767,-90.22114068280106,-0.027381050832909738,-0.23429849577018205,0.04498779193187431,0.0,0.0,0.0,,
29.637055000000146,-11.824792503799214,2.500251931164836,-90.01918021779939,0.019651754484817534,-0.13927745560165014,-0.04825945149240803,0.0,0.0,0.0,,
29.65608700000007,-11.877236302387404,2.088508459918931,-89.62764820735852,0.10235046232917433,-0.02542465040960167,0.016248062483445954,0.0,0.0,0.0,,
29.665592999999944,-11.795348807846809,2.165359508706113,-89.64569421953391,0.10764149389172696,0.15003420833198836,-0.017040259344732443,0.0,0.0,0.0,,
29.675118999999995,-11.678253700182385,2.2149275242006814,-89.75034799089734,0.08741244376276143,0.19212714189675786,-0.010838040350176385,-0.04432461121866232,-0.010032600432979865,-0.024831958335972088,,
29.68462700000009,-11.522611953797927,2.2639699211878654,-89.92335666126546,0.06618561456268628,0.1343550985787561,0.0629059969171834,-0.03081038225555394,-0.023838106155853217,-0.03887357628278593,,
29.69413099999997,-11.356283989810112,2.4887467484341075,-90.12404079346638,0.0002506539176203896,0.11577956541545882,0.005032273799974,0.007177596704271108,-0.035815566390141024,-0.04463665996379065,,
29.70364399999994,-11.196313334843815,2.641825674400878,-90.26443979396714,-0.026610771239167153,0.027668479381706922,0.006569124571518636,0.011534684967541247,-0.0445604320327894,-0.03265972374742738,,
29.713159000000132,-11.042743219253046,2.622916675925055,-90.29938263183078,-0.05176111738280724,-0.10955683259120637,0.04797463454032498,0.0,0.0,0.0,,
29.72267099999999,-10.920197741579953,2.60889943414064,-90.24185736867646,-0.07794937895970035,-0.1301799411961865,0.009001884540531697,0.0,0.0,0.0,,
29.73217599999998,-10.812440373603229,2.515764510897155,-90.11066530465378,-0.07558717937902809,-0.1009115155295709,0.009972558718909716,0.0,0.0,0.0,,
29.74168899999995,-10.723548153854498,2.289448732954686,-89.96043176723542,-0.05838074254328537,-0.07699026515197809,0.06304725056217517,-0.04206594320180623,-0.03641103288923534,0.026200542080217347,,
29.751199000000042,-10.665601731270595,2.1277318482093857,-89.77679293480251,-0.044202431700329545,-0.001866715017102427,0.045608743316293825,-0.04937117467795116,-0.027649103986502423,0.01413831315950923,,
29.760708000000022,-10.639669493882394,2.037269742435282,-89.66874623126701,-0.03126328462657503,0.12086676370753272,0.010051267207396977,-0.05655251642736367,-0.01761775578146637,-0.004886558217158893,,
29.770228999999972,-10.643459505898916,1.911292673829081,-89.76761025990105,0.010626413548467877,0.12956853562102555,0.06369576968007967,-0.06482344951549418,-0.007630080262783889,-0.022910290679096054,,
29.779725999999982,-10.656925332062071,1.854681962688158,-89.93529556896796,0.013838134060214908,0.11279400446465172,0.07790697357574267,-0.04726914782310121,-0.0024667692913535343,-0.03661776752942187,,
29.789256000000023,-10.660702175682166,1.8659033305500465,-90.11231761066294,0.007225180691119709,0.08033702827309491,0.040183349487108964,0.0,0.0,0.0,,
29.798763000000008,-10.627363866396188,1.7949127240146987,-90.22951244617158,0.0048555876983170975,-0.0008305331624492733,0.025882063564078062,0.0,0.0,0.0,,
29.808267000000114,-10.539951017605665,1.6735204662939718,-90.25903185101703,0.032856952837832756,-0.09136724562141253,-0.008857897746040183,0.0,0.0,0.0,,
29.817784000000074,-10.386697489235782,1.5401667715888767,-90.2025081825394,0.0490594696059504,-0.10510646834665947,-0.01188500052072294,0.0,0.0,0.0,,
29.82729100000006,-10.171196511034756,1.3317426049918908,-90.09161089332004,0.05239945822805406,-0.10165699578589714,-0.011793973656016426,-0.03187409124038021,-0.03781475509962457,0.017962237875067195,,
29.836796999999933,-9.889447162329986,1.1131693361629298,-89.99390713270937,0.060597482600518886,-0.06417686517268131,0.02939813727348006,-0.04276201300471951,-0.04987021531925096,0.015145490909513086,,
29.84632499999998,-9.597853320782837,0.963740345017107,-89.97830975825111,0.05486591811229997,-0.0005250672970648852,0.03244778906578119,-0.045166843393916224,-0.05316327728535267,-0.0012252478292534325,,
29.8558230000001,-9.346934221948441,0.8441668734275861,-89.98431978402024,0.006504784569505617,0.05762816368442778,0.040468550598365086,-0.04895778157465638,-0.051221554500282145,-0.024292052845761976,,
29.865344999999934,-9.126221911920888,0.7623787932971918,-90.11846219764311,0.012548758165456449,0.06224419605355887,0.07814975738077398,-0.041923618255150175,-0.04871264368570372,-0.047640838515840646,,
29.874851000000035,-8.990646701035544,0.7634102793408893,-90.4197007155514,-0.018696662533275038,0.050322829999005315,0.06801832747050732,-0.02314526231213039,-0.03748507821623666,-0.06406340714387915,,
29.884357000000136,-8.94161235703807,0.7787486161931302,-90.73846228753217,-0.03662952939563051,-0.0004350015861724901,0.06673175487898421,-0.010717151098936202,-0.02386502676182738,-0.06734370134046676,,
29.89387899999997,-8.956836964489806,0.7607897162740114,-91.01079766445213,-0.031928242985615224,-0.07034231603513068,0.07504493839166618,-0.0018552730227767958,-0.009859809975089331,-0.05786812902157384,,
29.903383000000076,-9.031645818853152,0.7558263378120136,-91.2004622831814,-0.025988846329261742,-0.10936739596164273,0.041318773734892275,0.0,0.0,0.0,,
29.912892000000056,-9.102947124418861,0.749237114780442,-91.29205112377473,0.0047331417577642625,-0.11995616475433932,0.044851167983898134,0.0,0.0,0.0,,
29.922413000000006,-9.195788664322427,0.7334098932214468,-91.30777616391808,0.04330314595481773,-0.11241700433843632,0.03878197526677289,0.0,0.0,0.0,,
29.931906000000026,-9.282021368647825,0.7744909020640405,-91.37988707967706,0.08335934937965855,-0.07309064001466571,0.05033792779494976,0.0,0.0,0.0,,
29.94142499999998,-9.373808578088989,0.8943207553459622,-91.45722677031323,0.12179942887864842,-0.004058188926184309,0.061462490426359866,0.0,0.0,0.0,,
29.95093799999995,-9.517930849694482,1.0832198699489444,-91.47544951787665,0.14034240605198334,-0.004778267929982017,0.06151163540697105,0.02588015720529095,0.050927737916965005,-0.014493058183721732,,
29.96045100000015,-9.741594041707287,1.324315784467469,-91.53481632623314,0.1279728966353669,-0.004081867697542882,0.02823482460496672,0.037987649004939096,0.06485283568122527,-0.02363091776107698,,
29.969776000000138,-9.783529670775996,1.638518703959305,-91.67519982275785,-1.971327018837138,0.6641299668630858,-4.4691019159370216,0.05021669321362384,0.0004906140543072144,-0.031187616998202234,,
29.979187000000138,-2.4247249867230725,0.11034831285915836,-91.07087517366247,-0.3665231673150346,2.464143742763535,-0.12547497264623836,-0.3486323696761797,-1.4735843124036005,0.021011930984738098,,
29.988892999999962,0.8871040924955779,-2.0193336021180417,-90.73377799500601,2.243921988245454,-0.42441484266387663,3.968066930903088,-0.4471501715553486,-0.6643355166914063,0.012161342801490449,,
