timestamp,Roll,Pitch,Yaw,Acc X,Acc Y,Acc Z,Gyro X,Gyro Y,Gyro Z,Acc Magnitude,Gyro Magnitude
0.0,-0.6844635930175651,-29.456089101797133,170.91543162327795,-0.44833473019013237,0.4102783475330684,0.2911985040815415,-0.04336581744763739,-0.11287620604080825,-0.025300690834685315,,
0.009505999999873893,-1.0764731476342622,-28.883165825143475,171.78972888495088,-0.48150858648983524,0.36550047285966664,0.3360156786604026,0.044366466359437806,-0.110479560758587,0.08889355350340643,,
0.028546999999889522,-2.6093627403890474,-28.289332266460548,174.58313186037918,0.04754518732363273,-0.009164067459846513,0.08955326890930018,0.13435011498452115,-0.03549868435496729,0.16843337797372154,,
0.03804500000001099,-3.128920755272378,-28.260516330525377,175.46044214027248,0.31695342334439797,-0.1635699727157663,-0.07775189007873527,0.08380178303375035,-0.0007171659135176964,0.10373550081398979,,
0.07609600000000682,-1.1807577557392894,-27.59494133510393,171.83129299419633,-0.12843476848507096,0.11469063151328121,0.12481390870535816,-0.17830312339777385,-0.04172664530816449,-0.2532755072371745,,
0.08560199999988072,-0.42594905915086656,-27.261137997316197,170.80494809312356,-0.4684738264080488,0.29903747617042065,0.1492757374707664,-0.14882721127299983,-0.032837370237143206,-0.1731292837262498,,
0.09511499999985062,0.0048021351721133105,-27.125029456254815,170.60560519278695,-0.5927796702620614,0.3464520969747759,0.27254233782133774,-0.08629924581269241,-0.0013924824840355974,-0.031047238056252518,,
0.11414700000000266,-0.20373867722535263,-27.471075982672893,172.60054789473176,-0.25387825350232346,0.11490366570447948,0.06689865049261727,0.04348945434832575,0.06359037606278822,0.22027026983775136,,
0.12365999999997257,-0.576271333554329,-27.894925058673135,174.06723640652345,0.06929006525381654,-0.05713444378214857,-0.009423598863753425,0.06843709978992447,0.0895936662765254,0.2398137578268563,,
0.1331249999998363,-0.857314429366508,-28.22133386701912,175.1463676297005,0.30024128277685047,-0.16898924795081327,-0.1706558551122657,0.04837664440015622,0.07321731872258111,0.1771674634930691,,
0.14268700000002354,-0.8700091735753253,-28.377809728136434,175.54060903205016,0.39531812076477924,-0.21161609078939608,-0.22490251503305833,-0.0025030131754293777,0.04377596597466077,0.062243081879932056,,
0.15220499999986714,-0.5957826225118561,-28.40695878668886,175.22817252267313,0.2692856772822085,-0.15236325267011747,-0.1535250846508351,-0.05489458600555139,0.022392075981799774,-0.05977930347943074,,
0.16173200000002907,-0.13360056070585466,-28.306076996746146,174.46278160686197,0.04467910449945349,-0.04855921952178299,-0.026591207522996357,-0.08998661836442007,-0.0001249612941776081,-0.13958655993510186,,
0.1807219999998324,0.49027149318660107,-28.147718044443526,173.1675880935652,-0.3933684849266089,0.15735072842675407,0.14010849691275382,-0.04260898942608811,0.010948339621010852,-0.10833873340352353,,
0.19020199999999932,0.37508245438312365,-28.20505515847893,173.2494121618729,-0.4181333796718035,0.16041795864709266,0.05498176539176803,0.0,0.0,0.0,,
0.19973699999991368,-0.02129418847349437,-28.453696653189485,173.8873437400858,-0.24436613358850148,0.08056420409436837,0.1363432743431611,0.067989739927958,0.05459102585603643,0.06564619602143572,,
0.20924300000001494,-0.593987076853703,-28.750676114395418,174.83943864667765,-0.12339168188283324,-0.0433054055427711,0.0646441828925586,0.09886945912005111,0.06216375636866347,0.11887622034265108,,
0.22829400000000533,-1.659089746996356,-29.033202244688166,176.50083543471976,0.14281889172597434,-0.20809033564768614,-0.16911520656749418,0.07321913302848349,0.03193607352889164,0.07269898276530719,,
0.23781699999994999,-1.857684287044982,-29.099001904500895,176.73738670298218,0.16913856937414004,-0.22535221368471753,-0.06631313273563394,0.0,0.0,0.0,,
0.26636999999982436,-1.2174269312395383,-29.210983165686386,175.621842596065,-0.1295727109052762,0.009920389349894875,0.07266036843561051,-0.055220604082006755,0.026927071145379178,-0.0890453760139168,,
0.2758139999998548,-0.9810304312799615,-29.289710567926576,175.42433447767488,-0.14961429339709645,0.10125234172090092,0.08993507856506605,-0.047194996886364,0.031632751558494335,-0.04697222112225255,,
0.294840000000022,-1.1212149516750898,-29.8963691222082,175.94857484198315,0.00998548209658489,0.0909267832508925,0.09746206950254775,0.017665342174301206,0.07387809551052846,0.04482529294264316,,
0.30440599999997175,-1.3628569330509495,-30.105356032746222,176.45054674947139,0.1122291632266758,0.03190082599135937,-0.01959415788979255,0.029858160220983667,0.07697331238045635,0.0609754754313154,,
0.3139169999999467,-1.5798727508940336,-30.106223188371697,176.82258098122801,0.2538983946813278,-0.016394190501123323,-0.05129394810533112,0.03464059245891146,0.06868055420545889,0.03847732974692825,,
0.33297099999981583,-1.8118025417922328,-29.999431643087846,176.86755134305056,0.21601471432765418,-0.05601735920572171,-0.02364046891826682,0.014185174265275083,0.048095981639479486,-0.050899174255181395,,
0.3424359999999069,-1.862860770267801,-30.030717980982054,176.62087766883386,0.0845202265736263,-0.0049905208453824785,-0.04894330691207958,0.008893065668547582,0.03965353154396546,-0.08372471119244401,,
0.37096599999995306,-2.2447491960488435,-30.827716049555306,176.38577963657448,-0.07741799746753437,0.002698717387523258,0.11118221853464588,0.034798576317282746,0.07450104233266674,-0.018310538033331786,,
0.3805249999998068,-2.4955446923052795,-31.220715439477768,176.72846773337724,-0.01137977151209397,-0.04739243647707611,0.08218403844149914,0.04998770758514033,0.08640040048374852,0.02562302712574864,,
0.39004399999998896,-2.7798594573435302,-31.51793830847118,177.21482138583514,0.10416941218476271,-0.08657829063086567,0.03266195674207521,0.06267364833416936,0.09191859342534536,0.050962398669224,,
0.4090679999999338,-3.258746254741711,-31.818892159058326,178.11289211360017,0.25722627970917167,-0.11157482497749381,-0.007160911970340408,0.05300403080890468,0.09259226331423458,0.030934737022442923,,
0.4185339999999087,-3.4121318882367957,-31.937661964613145,178.30614294652617,0.22818697626555975,-0.08765226655999735,0.033908055337958466,0.03768091908881468,0.08373285890025503,-0.0019793778659665763,,
0.44699599999989914,-4.0655137828820145,-32.5780234155012,178.56922692441927,-0.050670107918292254,-0.007640407991101344,0.18089806893235133,0.045514890508234644,0.05746443788529803,-0.04065194540471644,,
0.4564900000000307,-4.528176493670329,-32.79359546828771,178.8867013528991,-0.08261370214572591,-0.005062360174551926,0.1532906653415748,0.07124559234761915,0.05411404080519006,-0.019480427173733165,,
0.4660649999998441,-5.149582236648467,-33.01311470668432,179.4048306455695,-0.007245447102126279,-0.03658479401851867,0.11496680840200403,0.09740897322708392,0.05508904856576932,0.005489595618271538,,
0.48508300000003146,-6.582873756836176,-33.4757992393706,-179.37150244261352,0.2715902199938827,-0.1372447149858586,0.08132807378298128,0.11021421635510187,0.05950781190722552,0.013541285673896718,,
0.49455799999986993,-7.173531826078458,-33.70161756135654,-178.99074916286278,0.31178512610751397,-0.1713147419254622,0.07113254267035854,0.0900632072864101,0.05922175630896629,-0.01733383633354936,,
0.5040970000000016,-7.574815276972774,-33.90005163387998,-178.95426020072836,0.29068150409144883,-0.19546081831517265,0.1259334300616201,0.058303033005089745,0.05349514190134834,-0.06300517555514634,,
0.5231029999999919,-7.962319793626205,-34.32368823485561,-179.6904199826868,0.1715222653243999,-0.2248447217458229,0.3495074206505013,0.01777019750062518,0.06050380725927155,-0.13700107456136423,,
0.5326239999999416,-8.156131391541178,-34.63043574975815,179.87400517729873,0.20024039884885692,-0.2841466805671525,0.5498172109303062,0.024459021842821217,0.07421085750234842,-0.14206251473489656,,
0.5421479999999974,-8.529587560860971,-34.95883971304993,179.5858223751087,0.264090289017085,-0.37449498396732894,0.6881462372498034,0.05439754824034042,0.07831238580240321,-0.13320334203130027,,
0.5611489999998867,-10.292487491540799,-35.579530683310026,179.62031224248256,0.3271240865187942,-0.5228391185463392,0.7135539817654226,0.1670100491452047,0.07215547273035418,-0.13291015457821875,,
0.5704759999998714,-10.520717384454153,-35.29004792085719,179.7599043140793,-6.2854532682015956,2.1138583942276616,-4.342336645041823,0.029978714509071993,-0.04531808393488392,-0.03163476229889134,,
0.5801879999999073,-5.124054808603832,-30.969734959554607,179.77762718799917,2.392509514115955,-0.06485498280858576,1.8836970290938186,-0.9136415425016972,-0.8517635845025829,0.5150693833298842,,
0.599025999999867,0.24426399965944098,-36.159658394152466,179.75128119199002,-3.9096718158710697,0.8274100334122708,-2.15226566973425,-0.2769735739006567,0.6598705494158532,0.1931072664999601,,
0.6087099999999737,1.8213907132104512,-34.07161408863629,-179.6527914443247,4.74592256685962,0.15277559758733802,2.814268455816089,-0.2664493923260848,-0.4068763391954396,0.28207483144486206,,
0.6181249999999636,1.0019363946276283,-34.18955765536211,-179.69255843514907,-0.08205515953397552,0.10203601088636974,-2.548900120375538,0.1271205124056012,0.036457455186134476,-0.12816225015557256,,
0.6465729999999894,-3.892814420004393,-31.74843225455177,-179.57887313713871,-0.7117415943322337,-0.08813702735903793,-1.1512477716729341,0.3603918261887179,-0.20616432709007562,-0.20673329261836043,,
0.684818999999834,-7.705749629633649,-35.41102920598265,-179.52125067634014,0.36665627222560965,-0.6259440617494384,-0.13069774266467593,0.008061188440850024,0.3186630150363042,-0.08884583113225585,,
0.6943129999999655,-7.148126880520306,-36.16955129874347,179.77907210077103,0.22947682192395166,-0.43668317768644643,0.05051570470639404,-0.09837432731663309,0.16435914802717685,-0.07379812533092095,,
0.7038239999999405,-5.822298761223709,-35.4699116785152,179.17982818952083,0.14518444313905432,-0.2548766650140124,-0.6821556614912342,-0.2238530669465906,-0.12593088242290662,-0.0011978864042482033,,
0.73232599999983,-1.6867799290957828,-33.84844804030133,-179.3188968456361,-0.5161432901804667,0.22430165647994582,0.0034175334480611792,-0.24848139110592807,-0.19881317053454542,0.35530936234825805,,
0.7703809999998157,1.3028744319453414,-34.01741264988254,-175.70728857694135,0.45212811416762805,0.4619389533773923,-0.3086093467588188,-0.09966828641232553,0.025735524531060174,0.06969680605666385,,
0.798958999999968,1.6636710420837917,-33.585383941879655,-178.23586041061515,0.22211766544219907,0.3829011855431541,-0.16835554841314856,0.030139994143312063,-0.08326867287073461,-0.2518435246967628,,
0.8179609999999684,0.13883251192774435,-33.18768955210009,-179.0588384887188,-0.24578663704938747,0.07920690235682315,0.25693671527540307,0.1518170209179406,-0.031364834116263146,-0.17128732021827062,,
0.827485999999908,-1.076998751310057,-32.97402675474634,-178.76005959131254,-0.2651250416015826,-0.09970313147918558,-0.007668088762757563,0.19633325231439056,-0.02675563656706632,-0.09637124893571705,,
0.8369619999998577,-2.404217143964799,-33.155582253221496,-178.17111964678566,-0.2107255414190253,-0.2255609621260954,0.0077674687988222085,0.2131742936377246,0.054483777146511175,-0.0468275875282559,,
0.8560169999998379,-4.043878147832279,-33.3448485144097,-177.27423947276077,0.04803495577209085,-0.3682795722670837,-0.35256740835717404,0.07588341077192978,0.01410791677040781,-0.012975307624761272,,
0.8655439999999999,-3.946057721799187,-33.3837933311217,-177.39816765616314,0.06407525371941337,-0.3415227337587019,-0.4088056268817498,0.0,0.0,0.0,,
0.90357599999993,0.8105680751065857,-32.5606934900677,-179.65078630286354,-0.38836152925100215,0.1864130064067365,0.13918178140439338,-0.24217814704893778,-0.029141717927497826,0.06953371558307517,,
0.9321449999999913,3.2859495089755053,-32.596872366337806,-178.27778652566704,-0.10275321722082832,0.2689693984018221,0.008434287283391078,-0.105863791536726,0.03744391629324812,0.15605005546102887,,
0.9607169999999314,4.008164756464246,-32.28217318300678,-177.79853601693935,0.11218854283668298,0.13624094163822592,0.007266703054193277,-0.06051737885856143,0.0007890103842300596,-0.04453805468391868,,
0.9701769999999215,4.248826966462581,-32.0848866535504,-178.35083875433733,0.025065856412286508,0.07450227556962287,0.12712106373451573,-0.0485587944715481,-0.02954372689590761,-0.10611862331177757,,
0.9986460000000079,3.718729320598372,-31.988584936294174,-179.42620664615453,-0.27087535653240075,3.718595805411155e-05,0.2190607747863432,0.05894180030292708,0.014744394799431586,-0.06837072525936237,,
1.0176799999999275,2.658899668518827,-32.30776966087568,-178.35632994775588,-0.02798224617296348,-0.13145846194240687,0.11086502333798405,0.07053158737279051,0.05996447594522789,0.07407662457402886,,
1.027308999999832,2.295476017901735,-32.50856801337856,-177.63099499806907,0.03698302112370154,-0.12792645482012377,-0.014030376943849293,0.07900145499334509,0.06359833512011016,0.09030392164007263,,
1.0367699999999331,2.2282424731969774,-32.496006383872796,-177.0491381745794,0.13910825306990265,-0.14433387499659375,-0.07677768440820601,0.036055061772751695,0.04298455285492109,0.09769746488788668,,
1.0463199999999233,2.4376414281724257,-32.424165085424676,-176.75604784845902,0.1686688012777318,-0.1519306350080557,-0.008837991018766892,-0.010495078497442575,0.03230040458342321,0.07335008927768943,,
1.0558349999998882,2.6905442424062107,-32.40541674076477,-176.6848191429385,0.054282263894673895,-0.060916251316828623,0.021495151015575708,-0.03861251939057796,0.016847873102477318,0.03005648073457422,,
1.0747969999999896,3.3934102365640157,-32.40159871969603,-176.89326399473802,-0.09365153793100853,0.07225855909201309,0.12070674298799032,-0.06441851846424874,0.013117763205324054,-0.009479889883187539,,
1.1127839999999196,3.183572798793139,-33.14656659679783,-176.03547384941928,0.13029634287652064,0.06639672046288649,0.12498824296050674,0.04135369453115678,0.06008965291059382,0.03858874820663124,,
1.1223359999999047,2.76119388631841,-33.26466095526967,-175.65035303731213,0.17860947552942638,-0.0049931394814584674,0.07750603132998633,0.05928674095462172,0.039809538860777045,0.02500744289441942,,
1.1413469999999961,1.925881763784962,-33.325930207149284,-175.40102288305692,0.19765376095620962,-0.14406636174632395,0.1801698423159041,0.056581511502246856,0.020937593420765552,-0.04044056993748448,,
1.1508119999998598,1.5518478134899274,-33.32531030205378,-175.57456350188383,0.21734621815971297,-0.2051459553908103,0.3054993693477126,0.05295719289807381,0.015992168580751868,-0.07690571440234902,,
1.1603279999999359,1.1397748546408164,-33.357693940836924,-175.80528929689245,0.2551389754895219,-0.26960700636403057,0.45714852337990064,0.058899839775760326,0.02296842264685814,-0.10738700167794944,,
1.1698719999999412,0.6133534435984372,-33.46210458742999,-176.06694075300084,0.31232666237772083,-0.3341764564899282,0.6104179111113666,0.0770399684231901,0.03853634417881286,-0.12883367720135538,,
1.188904999999977,-1.05890564864428,-33.57585830043402,-176.54095445967317,0.5645681636709828,-0.5853609281315126,0.864875345014482,0.15502690662389465,0.02624789978401412,-0.1680109291839568,,
1.1983719999998357,-2.3074520112743993,-33.51304248783842,-176.76530902803364,0.6341479060189077,-0.7313080678075458,0.9664278322377036,0.20002312291681204,0.011496539619352052,-0.19791671562209648,,
1.2078999999998814,-3.7940004831795164,-33.28749383334168,-177.03872375727366,-0.25588370109843167,-0.8012815254316622,-0.23047734942668463,0.24212490926613445,-0.01954323036114544,-0.23794617533722578,,
1.2173199999999724,-3.338328536658295,-32.58125727394967,-177.28899489332758,-4.636675063048306,1.5178428910533466,-6.328267634883923,-0.07791111800727814,-0.13323837535642763,-0.02599303649891858,,
1.2269469999998819,3.762096456427049,-32.40558589388488,-177.21758439424988,5.127869163911615,-0.9802217799385236,3.474171565758039,-1.205814191651004,-0.0820516056516065,0.7636290694856578,,
1.2362829999999576,5.1809418311941515,-34.37062932802632,-177.92089325746414,-1.8365475377006606,0.5479669805661229,-0.28865057395526716,-0.2628112757800985,0.394617425046586,0.03600862271155064,,
1.2458540000000085,8.517964160839869,-32.25397764218641,-177.40715828846814,-2.2758962428276526,1.5373941683128236,-4.1729248716932075,-0.5504138580620439,-0.4359653476674276,0.45301749677592845,,
1.255469999999832,16.296533581824015,-30.68834421230703,-176.39417731824292,3.1153935288995918,-0.05731695286692805,3.9901450536327188,-1.3201435670067676,-0.3772154722798458,0.9759917118282537,,
1.265141999999969,16.41752760043504,-31.742902483155653,-176.4274750767465,-1.323439453887267,0.7824160759864043,0.6091034094551658,-0.04463157902779647,0.21893898082930224,-0.005128135393242953,,
1.2744940000000042,16.15247867844286,-31.797373726125578,-175.42198832694322,-0.9410748368046784,1.3943893042750592,0.8644887376808792,0.03340129198675494,0.0233280133176338,0.17453611429265592,,
1.284001999999873,16.03853069848088,-32.01459184684613,-174.07823274926488,0.55301585545224,-0.17203563607705238,1.2263051727334546,0.004248184348417271,0.054095086278051756,0.26172278648234387,,
1.303028999999924,11.626566233821755,-35.689243329500684,-173.7585388141835,0.5276136535219981,0.02099672626823959,0.8179450235846171,0.17663596895335357,0.35068024163878353,-0.15053817511989803,,
1.3125410000000102,10.147640915612266,-35.740045068874174,-174.14567385381133,1.2094740591364168,-0.524985174683805,-0.13763527058494934,0.2274489079801613,0.04541283306839529,-0.25805011163207264,,
1.3218689999998787,8.579719386734926,-36.30571781447978,-175.39261692260462,0.3844609801284573,-0.28216942559004105,-1.0519416014262812,0.2322715972953037,0.14654798323929477,-0.4550762791005482,,
1.34107599999993,7.361824000055032,-35.47883300997383,-178.10935026971794,0.061498250066792264,-0.5270742306260076,0.10617678234842054,0.16499699250198988,-0.21083071401293194,-0.38462834708776183,,
1.3504179999999906,6.212741884981973,-34.73074642540098,-178.8342595324587,-0.8096276685435632,-0.16892680234104096,-0.6123268359817139,0.183102303706752,-0.13331030478778605,-0.3097379769585535,,
1.3696179999999458,5.514535908690542,-34.193726196234365,-178.4411012373449,-0.7692698560781656,-0.44411555747146336,0.20674197791552493,0.07736798017023126,-0.09348863031723886,0.024739993647728956,,
1.4076579999998557,7.7173124238401325,-34.14605223932554,-176.271545138451,0.2741514710271598,0.07908460012191312,-0.5172453614860383,-0.21842835922337395,-0.07532353454650491,0.1710431432955705,,
1.4362009999999827,11.986970110722652,-32.91579315495065,-176.95182118653616,-0.15285343047600056,0.502712963183109,-0.01034069684461623,-0.17971659535930865,-0.14351905883825394,0.07138322269185847,,
1.4457009999998718,12.69984678231185,-32.71994420377243,-176.98155276322817,-0.322715086616703,0.5234772282253737,0.20348079917378703,-0.1280297976883044,-0.035503873890095516,0.06084118217641961,,
1.4552079999998568,12.770434857428755,-32.822019482671294,-176.76605780599232,-0.375257230120189,0.550639497309622,0.42062746113263483,-0.02333809737566467,0.02977628528533502,0.047838602381131176,,
1.4837609999999586,10.735215024161503,-33.79286081574583,-175.4114512873705,0.18721239924292177,0.0734114514811526,0.03786657383323399,0.1444233182213371,0.12020693993190296,-0.05079153916759367,,
1.4932679999999436,9.80951953720136,-33.88364091168885,-175.40416714503297,0.44069836023101555,-0.09029126466090125,-0.01737762127361296,0.14170727837971894,0.04062511182898415,-0.10409089334745879,,
1.5217109999998684,8.316222425262822,-33.091475683347845,-176.92970516325482,-0.15013653952804065,-0.23206456091111904,0.05771705454224906,0.011601362327498787,-0.08510349530469422,-0.13075147840661458,,
1.53129899999999,8.202140850936805,-32.70378306852062,-177.217275502733,-0.41076339413247975,-0.21358368811417924,-0.040096526998875094,0.013381457570786104,-0.06585731162035682,-0.0892104805985619,,
1.5407940000000053,8.271204255326776,-32.63149778084678,-177.18200005517252,-0.4835557682736202,-0.18491085458521714,0.13525552495897109,0.0,0.0,0.0,,
1.5598939999999857,8.588058272278127,-32.85719742282848,-176.2507382263098,-0.17899880309200594,-0.11626337297241593,-0.08969381725072956,-0.03971807281628277,0.04721100657314143,0.12759063407507515,,
1.5693549999998595,8.96537531473997,-33.22985551564313,-175.71967893284213,0.08062140464791644,-0.05878223969209127,0.004399563858031749,-0.07863650190824355,0.08036315875332752,0.14522314145164278,,
1.5884229999999206,10.018389654626173,-33.42902883036956,-175.39916962616198,0.2317325588056101,0.0992592303520024,-0.09536382644772708,-0.10789616024488817,-0.0019864956278110844,0.062228512683595735,,
1.5979299999999057,10.668024251595062,-33.30407508885557,-175.72979093451593,0.11127018978763493,0.14900445218120592,0.03152566924563439,-0.11674906831214266,-0.02323940282182459,0.0028640515525874036,,
1.6074109999999564,11.179511953434613,-33.0396021830797,-176.21695529226733,-0.0673928202864656,0.17640568294047831,0.1672235196389704,-0.09210286823059742,-0.048727614782559214,-0.0441024559342042,,
1.6264159999998355,11.250272233794838,-32.62552156656054,-176.7133677967045,-0.32634355139990096,0.14008543757454114,0.16597495163425122,0.012398530476221095,-0.009179398218537773,-0.06896474551493426,,
1.6359219999999368,10.825194618722,-32.71660105211298,-176.67157011361718,-0.2477029787328838,0.08045103310056169,0.25531206359631586,0.06032153592073579,0.03262754489576074,-0.04554148939375562,,
1.6549599999998463,9.344908560125306,-33.15127974575853,-175.95640404100666,0.014806580097515397,-0.09156213124442207,0.012727467467160618,0.11804059457467853,0.07155949081131778,-0.0027690995748165617,,
1.6644759999999224,8.682436034681501,-33.394306740196114,-175.53870484497094,0.16269274975682912,-0.16015919841135276,0.027418714653370972,0.09680625543730277,0.06711260715332384,0.008597815534345807,,
1.6740689999999177,8.48803591718567,-33.28253200401851,-175.40545581117627,0.19045124267583197,-0.19922694416382003,-0.02050180388642888,0.06806288717932948,0.0327409537886054,0.003193155524386732,,
1.6930869999998777,8.76053238203972,-33.08142413508847,-175.62221825658116,0.005033022476288376,-0.1489946381328422,0.07973871435268673,0.0,0.0,0.0,,
1.702538999999888,8.906933849268807,-32.98598444974114,-175.72804555957035,-0.12593729860491384,-0.07723539196493152,0.09788560100340407,0.0,0.0,0.0,,
1.712050999999974,9.07718676531745,-32.97168794539211,-175.69803494882302,-0.17223653512751846,-0.01295647067155403,0.11204643485997183,0.0,0.0,0.0,,
1.7310569999999643,9.067208478714145,-33.321352678046615,-175.17613463024642,-0.012317008803249433,0.12281075384275753,0.12844121381863996,0.0008754115274414486,0.054017476137901387,0.04946702187756078,,
1.7405619999999544,8.815192772871521,-33.55252627052872,-174.7187212484819,0.14111596530514772,0.132544918714465,0.07135557302779377,0.027482634414429764,0.060021622822033396,0.0548967426354223,,
1.7595929999999953,7.956478081095207,-33.831362671799084,-173.93188122979763,0.2993527678328324,0.06303394170987231,0.06333993460057864,0.06555037565499584,0.03297385158307871,0.0029053907040387647,,
1.7690939999999955,7.4675092659923825,-33.74841756069337,-173.83443219785931,0.25778682313021983,0.02655651257747209,0.06345012769498758,0.07230099333632524,0.00236023757039537,-0.04120190100527098,,
1.778613999999834,6.980292827820709,-33.61330586834174,-173.9575272171764,0.1746285535927322,-0.028171486183587998,0.13090463567820673,0.0733094220935329,-0.007980267823649379,-0.08557242564408007,,
1.7881079999999656,6.489785440471462,-33.51710039192536,-174.19411952991837,0.09554936442846676,-0.07932628004011828,0.21675550239912564,0.07320345021710407,-0.00028990772801655367,-0.1151985534045514,,
1.7976280000000315,5.960957411353429,-33.53563503019777,-174.46162523607867,0.07445314696779917,-0.12424871578110029,0.23153301632583487,0.07737823489683193,0.022959837144872607,-0.12354495016390495,,
1.8071199999999408,5.373679957800564,-33.75628322740204,-174.665097445116,0.17707972564737204,-0.16177308992641076,0.24130251060490193,0.08325512599144745,0.06389935855224886,-0.11140577791098887,,
1.8261499999998705,3.9314883388378288,-34.626180926378396,-174.61136506981532,0.5758266968084089,-0.2491108510082725,0.19360979585360905,0.10779545531429478,0.11564878767161003,-0.06895469407543425,,
1.8356599999999617,3.09931397142494,-35.030904727248796,-174.43016354108036,0.7682780083361279,-0.3136752655567655,0.1562418891116786,0.11857059477082413,0.10459097336301966,-0.05995482256495555,,
1.8641880000000128,0.32732531624433736,-35.390579817654796,-174.15064122334655,0.8632126449854935,-0.5263092767807083,0.2993158180492445,0.14289707579037175,0.029036057794550055,-0.11757234622637265,,
1.873732999999902,-0.6449600866745767,-35.43136072786241,-174.29323957300727,0.3443757646244169,-0.6049595184307106,-0.15755921887449012,0.14759638989930682,0.03537947475604204,-0.15151700559251027,,
1.902063999999882,10.31340931686999,-29.996246773260165,-173.960579895786,-2.5596947547923494,0.11477812535220187,-1.3347398519594416,-0.5836129995678903,0.11977263692892984,0.22978226496835402,,
1.9115669999998772,14.084009769139907,-31.69984097991287,-173.83680695061338,-2.062937249425307,1.1878021197208053,-0.686961448999924,-0.6915712225386,0.2804188518072827,0.4377287193545715,,
1.9402909999998883,18.630949552222734,-33.99385910893811,-173.9293602861592,1.333006887065222,1.5415122966826527,1.1690598960608098,-0.12091183339753167,0.167452407698707,-0.0836441943161016,,
1.9497910000000047,18.35149219213421,-32.32399692553947,-174.29006396772482,1.2865845731687087,0.15571179515920114,0.2724903306102791,0.0699283626973318,-0.3191760350639522,-0.11762788168904562,,
1.9688119999998435,14.97388741344627,-29.943277335453708,-176.2436030752418,-0.48177125220095385,0.11870433978084134,1.4386442151023207,0.20695373662908478,-0.09167254062684327,-0.3776791678444439,,
1.9783249999998134,12.697215277020476,-28.856932495940704,-176.7485179730092,-1.1033035606241162,-0.2854013741020804,0.5522543649525271,0.3999449519104157,-0.1824566334038336,-0.3506262324202838,,
2.0068639999999505,7.203663126626354,-30.721904463346604,-175.97187188769212,-0.08004649219656941,-0.3409046659963243,0.3180105335659069,0.3172222483115882,0.2606193531841088,-0.0939098299338688,,
2.0163800000000265,5.951934172545409,-31.387613457375124,-175.37041214807846,0.27696331208447067,-0.22996942980421048,-0.7535138213512594,0.19422896341427148,0.15977278781107163,-0.004331515086718301,,
2.035423999999921,5.729534784931077,-32.526491109283725,-175.14234065762858,0.6019475533263061,-0.2989402898212822,-0.3622810670832021,0.007031958661844454,0.07009528842706936,-0.0317399845106035,,
2.044932000000017,6.370684280182362,-31.781632379373214,-175.48053584617423,0.4195296023138927,-0.2334180285074583,-0.2971191438226797,-0.1060795194323306,-0.1469595959911179,-0.0014177651990586264,,
2.0543860000000222,7.329181965326863,-30.961588330481383,-175.9333259514245,-0.02763231273532869,-0.13722775060548204,-0.0621629286202699,-0.16088839776042058,-0.1656050887020711,-0.013337896678498162,,
2.0639269999999215,8.25871431628931,-30.349200934329158,-176.40877705800622,-0.7453590056068344,0.15006151983449567,0.19112618813126905,-0.16134970474477364,-0.1226540730866667,-0.022887905909571085,,
2.0734350000000177,9.32715711187718,-29.62979628903196,-176.64694453765105,-0.8606894614299404,0.2103046313121552,0.3173332147936966,-0.18604837836770657,-0.14472366945374682,0.0390806672698569,,
2.0829549999998562,10.219176862578035,-29.335782424961362,-176.7322827226995,-0.7910995753359175,0.2263467180090432,0.023727383385408342,-0.16178395092779732,-0.05745299607875,0.06110571082309369,,
2.1019689999998263,10.861307594586403,-30.281789394700347,-176.6620897852712,-0.09790303301817752,0.4069028698598404,0.14497076546006318,-0.02978905528192943,0.10883616746358932,0.034696599108695825,,
2.111506999999847,10.664364887185409,-30.538202418433467,-176.4221983137443,0.3404951654419201,0.3444778538998684,-0.19675180348822804,0.02075517897538607,0.06356480173293545,0.025055600982899415,,
2.121024999999918,10.238929316273852,-30.725331118139135,-176.27723808658985,0.4702555787604234,0.33800672770136114,-0.14858459450409914,0.06068852521076232,0.052352107224629935,-0.017294932512573177,,
2.130527000000029,9.742704455247598,-30.468758159244242,-176.17730760306787,0.31541805956584906,0.3052339398149206,-0.04104548160358212,0.07869177834201858,-0.03532746081793565,-0.03344592624674184,,
2.149552999999969,8.932631822406398,-29.168622880465637,-175.82911049280375,-0.331017460245227,0.08435830496706255,-0.05440553105795262,0.0664072896652469,-0.09811453081363598,-0.019597952353269894,,
2.1590340000000197,8.62713329494775,-28.897744238473532,-175.6101095903329,-0.5764553998636442,0.04911242514586812,0.17923559474564735,0.04743324936389509,-0.039715822399743826,0.002150684867433296,,
2.1685549999999694,8.39059134445889,-28.81183960564809,-175.3246409946386,-0.574036674898982,0.012656950569347195,-0.0013426199203227037,0.0,0.0,0.0,,
2.178094999999985,8.33996194567002,-29.173809367648097,-175.03836946897826,-0.3453259000599244,-0.000580603431604518,-0.10350582920988897,-0.007337280127998232,0.083305346118319,0.04955592387116639,,
2.1875769999999193,8.46551751531472,-29.81405943357096,-174.8469362466255,-0.01892830108876402,0.02771244336596066,-0.028554735792084056,-0.04326793907892972,0.13607924195029386,0.04795573336015724,,
2.2161479999999756,9.654120232550458,-30.299902270665577,-175.2347196751066,0.29430772123702664,0.13520051062708952,-0.12569782868914064,-0.09530708624056906,-0.016079593282909636,-0.01271586322624569,,
2.2256139999999505,10.096654688061106,-29.793816875556086,-175.5229413498012,0.04949417976803865,0.14735901663704534,0.006035260867972835,-0.07846630214195975,-0.09705539228391599,-0.016326533189540665,,
2.2541479999999865,10.361641216012277,-28.735091717622876,-175.32438801966404,-0.5120754383730555,0.02237302472810887,0.21946895268324731,0.0,0.0,0.0,,
2.263631999999916,10.118170586059547,-28.92279978130909,-174.97705497621777,-0.32865379978865494,-0.046269042925496655,0.07227657300703298,0.02916501778680679,0.051135477230385806,0.04690863793638823,,
2.2826800000000276,9.71741747633486,-29.85491657151553,-174.55948930909042,0.20799105741932492,-0.06648576740635564,0.006200209471969999,0.009140608885564838,0.1025920383223126,0.012994674473081095,,
2.3207290000000285,10.052330161646553,-29.356618023254967,-175.4742889050091,-0.19243256826963206,-0.021075975806916437,0.07112810145045828,-0.023422366019723015,-0.06950739515434202,-0.03495676413233716,,
2.330197999999882,10.093741523209156,-29.10546987095724,-175.46316765483343,-0.3686627642061462,-0.016303256749769374,0.12298249588659393,0.0,0.0,0.0,,
2.3492099999998572,9.916286608811975,-29.342683522204236,-174.7269055654668,-0.2621946446216626,-0.024198883435629853,0.14802014440238476,0.007327318781595479,0.05593454536644909,0.07894708610456967,,
2.3587350000000242,9.792628310208313,-29.735882540357988,-174.20954457015105,-0.049215402701069375,-0.004990835346266632,0.028257015123634092,0.0034657497104021518,0.09043638006629984,0.08835611504800725,,
2.3777860000000146,9.749489500574974,-30.429279057075444,-173.65069257664882,0.28564621934588463,-0.0025508315539958296,-0.06369576726460155,-0.020804165240638647,0.05974352946094856,0.03313029628396009,,
2.4253269999999247,10.08804178638515,-29.708487129484034,-174.4616812580558,-0.31526439143603135,0.01585644832815817,0.1312763065360186,0.0,0.0,0.0,,
2.434826999999814,9.923835857305814,-29.870451236302188,-174.25371009185022,-0.24425510707271803,0.0004592348843442098,0.13452763864025638,0.014827642895620202,0.045050723792526726,0.022305296261338245,,
2.444419999999809,9.735828275944117,-30.240245802666138,-173.93209619586526,-0.08577964443805187,-0.009118601138344168,0.05028738637545618,0.019012119372959862,0.07061039149485927,0.04258898628081799,,
2.4539239999999154,9.620154932774483,-30.47236105629075,-173.64416199455528,0.0964435455757176,-0.041352081423368964,0.007838976089344807,0.013388602533661833,0.07948778331488847,0.0430868201045818,,
2.463444999999865,9.591891477120045,-30.491349426309007,-173.49288293641058,0.22088596368681726,-0.04703325393309147,0.017286326167993384,0.003958440174963396,0.06170971687929427,0.02459472865427304,,
2.4729019999999764,9.529580748831652,-30.56511338509071,-173.4757450071073,0.2671134539986219,-0.05555735520689679,0.07265008601049075,0.0,0.0,0.0,,
2.482376999999815,9.466036157864139,-30.493770311247637,-173.62778661900006,0.21087152837888778,-0.07682138883291217,0.1911588191706525,0.0,0.0,0.0,,
2.491895999999997,9.294694647257922,-30.349542799497343,-173.87222676920243,0.14971596383946995,-0.12232995846094119,0.41421995652802024,0.022155187147197643,-0.015518051510825396,-0.06909679654938002,,
2.5013870000000225,8.826306171231787,-30.207571874501664,-174.11431462040946,0.1386801816449301,-0.20204631647331545,0.6583112795686766,0.07323018615976834,-0.009718962542026744,-0.09849569175718056,,
2.520416999999952,6.784915164255212,-30.141546505458937,-174.4337848383803,0.46064899538537535,-0.5316705276636856,1.146043821773329,0.1950192402256291,0.031072256685593602,-0.14899762158093038,,
2.529929999999922,4.713361253544128,-30.105299209888724,-174.6250557670757,0.7060742019915438,-0.6486509150406066,1.3015177834453617,0.34808498320790043,0.037674681889555556,-0.2485691793678376,,
2.5394380000000183,1.9018113294157404,-29.911132799646445,-174.99996293762143,0.31921604911516366,-0.6382887048976851,0.4560709872704507,0.4796662733494316,0.016431315251798986,-0.3582513945946046,,
2.5488490000000183,0.9442526784683866,-29.485612223557514,-175.45623954767714,-3.1955771360539735,0.9677297106469571,-5.93583273518358,0.1638419189962522,-0.05972195778940638,-0.20295740696729522,,
2.558456999999862,5.8004393976253885,-29.85466873109086,-175.88668427335196,1.5956580878129016,-0.5173976326727435,0.6549945183330794,-0.85801150631059,0.02051100733909067,0.38903926720165855,,
2.567977999999812,7.6701194848287795,-30.359009774282026,-176.55985434270008,-0.23087669563470495,0.966310630416775,-0.05168303900787903,-0.33968357395194265,0.09012481939572041,0.05061783256435898,,
2.5869940000000042,18.29991291380623,-27.44171508568989,-175.44743503757797,0.5389885544323537,0.04900296332230923,0.9625573083782661,-1.2066710408487302,-0.3609214537755578,0.8047581918710875,,
2.596503999999868,20.94093167924782,-27.70192115351816,-174.97575607594266,-0.6187034454385696,0.9829905171558418,1.4182615201583637,-0.482539227275771,0.021419369858052026,0.3439487022840883,,
2.606012999999848,21.497091073987086,-28.094053961409116,-174.10687670288135,-1.2253109955280521,1.2055099927454231,0.5446345721424358,-0.11654011749684087,0.07708295590992612,0.24354171971830907,,
2.6250579999998536,19.026854564654503,-30.135493712586076,-173.02689327068705,-0.24831344313121062,0.16609979127462657,0.0022142759734844245,0.38356558120494316,0.3569104968161371,-0.21291643542498576,,
2.634546999999884,16.69950018819394,-31.147251281870965,-173.40140351070178,0.40235319868268704,0.09681270293474342,0.5780448099082984,0.36326729849196393,0.25735246730458766,-0.3119207353633842,,
2.6631609999999455,10.88513853917355,-31.2727509432378,-176.71010566424994,0.3211812449217917,-0.2875413166324653,0.3516504192409435,0.26661096368874615,0.04281738846680201,-0.44521172265554043,,
2.6725899999999,9.253157286291096,-30.501933277773553,-177.3803692242601,-0.20290435352685665,-0.21701957434568872,-0.16426578066058167,0.2785142477115348,-0.1288040880340261,-0.330157105762508,,
2.6821279999999206,8.01923797393996,-29.988628983567587,-177.42846346244016,-0.3657394180635543,-0.34183630754655214,-0.033976367005906054,0.20841796262915027,-0.08201869881476234,-0.16376558991490567,,
2.691612999999961,6.804012469956794,-29.99585669750474,-176.9775110751076,-0.6435683645311048,-0.3918336901470144,0.46165229185099077,0.2008488780939972,0.02270467309885324,-0.04888285249962759,,
2.7296830000000227,4.908958827564423,-30.273632000566376,-174.1896700809029,0.06365424141618228,-0.29791854205077795,-0.11686102443605484,-0.04630402827389486,0.037592149852357315,0.06925716690742732,,
2.739172999999937,5.677076800366825,-30.122942545229257,-174.31717032927406,0.2818967183941821,-0.16084788542432266,-0.30854069117167376,-0.1392946685166255,-0.032829229218287,0.04965073190926638,,
2.758195999999998,7.8719231791386015,-29.872894720106345,-174.85815267009932,-0.02012113158575771,0.290238227721925,0.13628325405674427,-0.2032186598820532,-0.05678506014399812,0.0517743989105619,,
2.777218999999832,9.927454493539408,-29.35032935214488,-174.3725136185744,-0.144881424961445,0.28247386476311137,0.241122661136423,-0.16515004432524094,-0.016862067005854863,0.15600411676941744,,
2.796175999999832,10.17780638475098,-29.692017306261747,-173.03828332216904,-0.060074691006401865,0.3184483938342319,0.05680635019251583,-0.015699577829316892,0.04019353770588336,0.1439407459433416,,
2.8057749999998123,9.906089549558818,-30.030598684332904,-172.49446664728657,0.06526538712812048,0.2278256852033135,-0.0334571034928923,0.027573865845277424,0.08285569956081991,0.07879267643123418,,
2.8152880000000096,9.397599217209464,-30.28962784974423,-172.2867131690594,0.152742001579772,0.19804386547494704,0.009617950295280557,0.06971125472032406,0.0727561109883455,-0.012413348515675887,,
2.8248289999999088,8.803045720277266,-30.17958144951101,-172.43307499945263,0.259337555907802,0.08677491036206368,-0.07365479181230554,0.09429371531079828,0.0016110197948644542,-0.0920004028811154,,
2.8343139999999494,8.139177883211497,-29.97277652593196,-172.91449048596473,0.18106393843671867,0.02250620446887072,-0.10522623289490009,0.1089592899281348,-0.01645089520587508,-0.16565120950995413,,
2.8438280000000304,7.473752784927876,-29.749247784403668,-173.46805736174662,0.030227214660410784,-0.024014702894694758,0.1272538677686332,0.10981345650272269,-0.02054069921910502,-0.19178159959346158,,
2.8628969999999754,5.981260256211953,-29.796022976197012,-174.00718905968736,-0.3170235182754786,-0.057459134752541274,-0.08049984506799021,0.10919315634800296,-0.017864369473760754,-0.10344158953654391,,
2.9009419999999864,5.108278307987034,-30.896074878694332,-172.62336208121974,0.1282032259317997,-0.12695340941532135,-0.051496765920358366,-0.01391377871879626,0.09221138205462069,0.09013318191786902,,
2.929489999999987,6.291611945753944,-31.02018640472178,-172.91346107729458,0.057004711483943114,0.11456222258877251,0.00545738229968257,-0.10388148723777903,0.028305316652043062,-0.024982573233039963,,
2.9389400000000023,6.7818115067187,-31.079999782657673,-173.27060118511537,-0.08944024815470904,0.1788127112567888,0.08853111786364126,-0.09527216051259141,0.011907138568787105,-0.040840914721036674,,
2.967476999999917,6.727781656967871,-31.464295832778003,-173.39077717051674,-0.195837238116936,0.14601913417859413,0.11720799039141852,0.041389724368147994,0.06080543123564345,0.004856747471595896,,
2.977045999999973,6.122521300219301,-31.711980542620303,-172.93390232831007,-0.040840491640082174,0.05999182175108169,0.06654391690053837,0.07376680078138344,0.06324735187944718,0.025881611552538677,,
2.986556999999948,5.500702530614321,-31.895800968679616,-172.50202197134288,0.06177545409968427,0.010960697815381285,-0.004689511311102865,0.09041219350576071,0.07445193317267296,0.018944695899277803,,
3.005576000000019,4.88663598023474,-31.862591121524495,-172.32149662713147,0.1484362114587533,-0.12236843483964095,-0.06706537591655588,0.050752997214952446,0.033103449321919234,-0.03285249583126371,,
3.024599999999964,5.000582241289631,-31.89831869861684,-173.04509824260495,-0.025148844154871838,-0.0803560514662882,0.02950059338570981,-0.014020452962517856,0.015984372074596243,-0.08556214550283052,,
3.0341139999998177,5.211873947193253,-32.00620920159218,-173.48245354957376,-0.10263410249561848,-0.05628970661147795,0.07248990207547316,-0.036476017741658553,0.005374819607138361,-0.07309444711034249,,
3.043614999999818,5.369191219116362,-32.220612782751296,-173.74902481344486,-0.14364993588009622,-0.015734700908740695,0.09107486978347139,-0.03773274207274783,0.018238698121037473,-0.04461943266189501,,
3.062580999999909,5.459822089044365,-32.59925848341169,-173.61362393557573,-0.0623060846748186,0.025213612140027812,0.11054146990633318,-0.01398840078468901,0.05146478643688458,0.036424762276079145,,
3.072153999999955,5.313776857123436,-32.80264364923009,-173.25433667557988,0.020933960781215285,0.006195955259007686,0.03338420637885045,0.004371748990046111,0.057640325349387296,0.05437603688195018,,
3.0816639999998188,5.141864807763247,-32.9586148462681,-172.90477611905638,0.08519045408922109,0.016940967167031386,0.027120594085802474,0.01109873286701303,0.0632403592468633,0.04960523982978196,,
3.0908019999999397,4.973288613675069,-33.03140442582851,-172.68845961290953,0.10049794763834786,0.02007108893377601,0.03109714895114251,0.014719745815365547,0.05044924084967932,0.02328642447537593,,
3.100691999999981,4.815242031640892,-33.05758908950562,-172.66359451847694,0.0817452119721876,0.017953199447763777,0.05009476429841915,0.0,0.0,0.0,,
3.1101380000000063,4.658024873329212,-33.20381311054497,-172.8039020428455,0.020615540769065282,0.012701687617622482,0.132536983582964,0.012161421499762024,0.04275307322498561,-0.04685575436640171,,
3.1291309999999157,4.141399784225713,-33.784007548481725,-173.1065982761951,0.0007426208894155049,-0.024352630326007423,0.3053147530814773,0.033246570289799875,0.08802251132011299,-0.05730934359357792,,
3.1575749999999516,1.993541499010344,-35.71570695486919,-171.82197329980986,0.5234650734172708,-0.26025329702396655,0.5620259019503924,0.12568401075560207,0.1721205125538859,0.0338574159283087,,
3.1671839999999065,0.8360023775985046,-36.43799025514718,-170.92165631029704,0.7252951778775807,-0.36392131064980243,0.6001964616472223,0.1532139673634042,0.18161566715740296,0.04320518352297175,,
3.1766929999998865,-0.336699959615551,-37.11852782856425,-170.05302455467324,0.9235191999476924,-0.5049340275989829,0.7227606657871731,0.15263777331519301,0.17597147734617585,0.03305669860293203,,
3.1861999999998716,-1.5139671656115068,-37.70804745758429,-169.46222045354006,0.7455311589925203,-0.6490017265499587,0.5054707661834715,0.15296492462243938,0.15996769954994156,-0.024893235660509105,,
3.195604000000003,-1.8290780471295682,-37.62692731468979,-169.30087424883314,-6.508129028751887,-0.048355146095439304,-5.12394459457964,0.0,0.0,0.0,,
3.2147319999999127,10.293306210277946,-33.77566993681189,-169.19014949135106,1.8339737520575605,-0.0811683516332333,1.9555826808852912,-0.9863246772138039,-0.11399771070650398,0.5332658370693953,,
3.2240699999999833,11.379491927664466,-36.358794958280576,-170.35352265115694,-1.8003433295661793,0.4275595643083913,-0.8433536263121795,-0.2782336633948607,0.4867573681116703,-0.09618359501254137,,
3.2337549999999737,12.419730560022034,-36.18891695971358,-170.40019059391284,1.7828928113480917,2.0279913759644224,1.373038567345291,-0.1714938930188687,-0.05267514394554292,0.13007824727486397,,
3.2527880000000096,13.494521275904663,-36.19101984407696,-170.6193090279787,1.333070909913562,1.404103016749972,2.110443954324865,0.027189468227183607,0.06588728837449231,-0.08471330696408323,,
3.2622899999998936,12.032579638531102,-34.71013757777575,-170.13183126905128,-0.7857044060129371,0.5951777344137316,-0.27114992569688806,0.2734620519947854,-0.24356866692655688,-0.08896836926601728,,
3.2908089999998538,7.862572584587814,-33.9042472383112,-169.19491535416478,-0.8252405617642674,-0.11733177687535574,0.36130244316381543,0.23664693955030208,0.1518221728309165,-0.1718819262942652,,
3.3003349999999045,7.167937843030294,-34.30712317463295,-169.35546836981064,0.3502731563640591,-0.24027356275863246,0.2715951230599416,0.08702544415714436,0.11012350611066483,-0.11195344775593542,,
3.3098439999998845,6.70838828668947,-35.69193607479064,-170.08031546260375,0.20464505289207405,-0.2326384790527105,-0.23476735131881452,0.013678894763961022,0.29601016454975704,-0.1993610340529147,,
3.3288709999999355,7.58334657682867,-36.617585637590615,-171.9662685867546,0.5457106967263985,-0.0886695027454876,-0.5598959352566182,-0.11969088116806262,-0.014586756746202073,-0.10035084668797016,,
3.3383879999998953,8.28051014333374,-36.547717277739864,-172.69735033461208,0.23850505565389868,0.09114269548482144,-0.43406960213163903,-0.11999331314742968,-0.018954379886303142,-0.06470303815688677,,
3.3573979999998755,9.193735660572989,-35.26558575952285,-172.39064320033629,-0.5560798276568034,0.200881253550589,0.06360926883166473,-0.03261354567355825,-0.1882895791096996,0.11216983051431755,,
3.3669149999998353,9.244877215661704,-34.646347664936904,-171.55946418994068,-0.6902304554233162,0.12695536845574548,0.20603518182832192,-0.0019402217164103484,-0.11448601860764926,0.15523098256598067,,
3.3859279999999217,8.168466960284862,-34.636473213598975,-169.83390791327108,-0.5943291016795185,0.17787593921046665,0.3335796330333431,0.0988257577482119,0.034061964591705976,0.08763386655423118,,
3.3954559999999674,7.447349223385945,-34.90864865313629,-169.31053081273578,-0.2224101097569182,0.1648463645675139,0.1338949508229395,0.09558706002668368,0.08442318354304999,0.020611860964679245,,
3.4049599999998463,6.706798880731179,-35.35900044986172,-169.26224315743727,0.18960390695177362,0.16096069893000897,0.17047326390699816,0.09125969332977249,0.12061887630599452,-0.07726263821967676,,
3.4144779999999173,5.936713236634152,-35.62160491272185,-169.62770894045238,0.3854013532449286,0.12522021708229147,-0.010377440755449925,0.10281408049693708,0.0843246172194403,-0.16408825526959148,,
3.424002999999857,5.195263686085736,-35.65734252758819,-170.22032894779275,0.46238054058485667,0.07380647117287642,0.0046720211162536015,0.10674786886695978,0.03798213405372357,-0.20640686016568735,,
3.433505999999852,4.371837140142744,-35.44162203125935,-170.77848899751177,0.30294725931340416,-0.003472793987419288,0.1019232389554169,0.12882979502808228,-0.010446709751601377,-0.20876534911631595,,
3.443008999999847,3.417881044581945,-35.05101112480663,-171.0741627009825,-0.08557178909716276,-0.022709562059344733,-0.12552333536314392,0.1559236997392049,-0.042464914476980815,-0.17051286199244411,,
3.4525249999999232,2.6520298261745054,-34.819218202884855,-170.9930450792037,-0.3097617546010287,-0.11466166425911904,-0.10115528283345912,0.12099130369699841,-0.01599893483794356,-0.07258798348630728,,
3.4620239999999285,2.066499441072707,-34.76928787770011,-170.5537241365106,-0.2800764815932799,-0.23206326693957643,0.13804387483782557,0.08616670584791336,0.015821762149556228,0.020110286429036835,,
3.471560999999838,1.5636707035164545,-34.79663001810488,-169.929189429625,-0.27894416926533794,-0.21869566563096962,-0.10033021242435226,0.07002091729113048,0.029612156021351293,0.06673559551274756,,
3.481062999999949,1.533937232657885,-35.00948446355341,-169.38125899629233,-0.1165134101586624,-0.18864578867697876,-0.2131194544377411,-0.013520884552559169,0.0529194471575499,0.1054892873338211,,
3.490574999999808,2.0554764646458508,-35.30320439937534,-169.1543624966823,0.06289306573470317,-0.13145840669294215,-0.22015654569396703,-0.1056215708145494,0.05189695335317805,0.10475615731566502,,
3.500094999999874,3.0210247825613425,-35.43576301379996,-169.3673051684371,0.14852920119509558,0.020112823298312182,-0.28414734337983616,-0.17068047068172992,0.006624696700921536,0.06838906670810323,,
3.5095949999999903,4.348142359108116,-35.42922360014249,-169.9708778032555,0.11391061378149826,0.10728937476749717,-0.2612448818246644,-0.22364056236738206,-0.030253070352574362,0.03215530524393382,,
3.528621999999814,7.059010772649429,-34.99716673187171,-171.44964455560208,-0.06141300788667861,0.21453597686057005,0.1373308267950918,-0.19693117241651112,-0.07880016660374396,-0.0014916774771024262,,
3.5381589999999505,7.720380364220817,-34.722814128943334,-171.84538929968207,-0.3626947877573398,0.3106749435571109,-0.03308330471991423,-0.11035029030326597,-0.06037036704708803,-0.005311059666910806,,
3.5476349999999,8.08547537848416,-34.62463585056326,-171.8506300266842,-0.32330865545262866,0.2527635490243045,0.14513819387444213,-0.06757880060120525,-0.01825557978138734,0.038650928051716923,,
3.5667429999998603,7.192412694741165,-34.92450011831889,-170.8945959765219,-0.17863220204727268,0.14210682614494896,-0.04784302977072337,0.06373218320866372,0.04139939897905084,0.04272377119072084,,
3.5762459999998555,6.610455905650372,-35.04631020014172,-170.4309903861486,0.023175707578744185,0.035456028653790904,-0.024567483424293105,0.07213126366214716,0.051850181294905234,0.024369455424183794,,
3.5952689999999166,5.89401595225332,-34.90363782209588,-170.38068716749243,0.12763332703283878,-0.08809616109371254,-0.11019989045914301,0.04597084712506847,0.00724829890569999,-0.05461193602175742,,
3.6047759999999016,5.768686969443701,-34.77759877446891,-170.75113916275194,0.02484636703946551,-0.07792193939448307,-0.09501430387608427,0.032788656952762577,-0.005678378869106239,-0.08995374646214274,,
3.6142999999999574,5.675542189352259,-34.803078269182514,-171.10912840045768,-0.13250260219366014,-0.035043828805370755,-0.07856441343518118,0.010356112773451543,-0.014737253789243407,-0.0837959380093138,,
3.6333109999998214,5.771440548066306,-35.10525478547224,-171.24572060985872,-0.21506523775576272,-0.04208675709725634,0.0467207882795065,0.0,0.0,0.0,,
3.6428220000000238,5.7216591175893665,-35.41028962925232,-170.8339397118599,-0.1811452686420054,0.003711467861074008,0.04719739590166877,-0.01295445724309113,0.03339889467027505,0.07526061329073672,,
3.6618429999998625,5.599381205348713,-35.770505940285425,-169.52499072677807,0.03390274538358371,0.05727231759215915,-0.037579718810141105,-0.015536119987496252,0.0467762146754463,0.12553038498116276,,
3.6713569999999436,5.621192752364449,-35.73625699902375,-168.98980671336895,0.1324136361274454,0.08482229332946209,0.0007363626565423133,-0.03217879201574082,0.031195782881828796,0.10832167931168475,,
3.6808690000000297,5.7021934686434195,-35.56911683916183,-168.71895212550513,0.12999402500442359,0.10438647230157415,0.0043019391055695395,-0.04062054314750673,0.0025048121511046487,0.06225024079713061,,
3.6903879999999845,5.819574344760645,-35.380650871282015,-168.73029732374724,0.055415338670362045,0.11113876484393491,0.03849797859277684,-0.046252462937142094,-0.01952971338337518,0.009906921832352594,,
3.6998369999998886,6.036405632215197,-35.22523703159966,-169.01540262553942,-0.04502504718802727,0.10726297659207845,0.11324627049654887,-0.0398949181344861,-0.02791582383567787,-0.033433752144637896,,
3.709344999999985,6.111359087331377,-35.073789478728045,-169.33938687068385,-0.15454298598046104,0.10851635105109207,0.12867522931398603,-0.017432365630406337,-0.02257751488982095,-0.05770682574868912,,
3.728355999999849,5.76083614847998,-35.0067194371173,-169.5517647973009,-0.1524267274725704,0.04328386273781447,0.15660542178208994,0.03275262387903753,0.01989147980194297,-0.03362962495201178,,
3.7378909999999905,5.32682448618091,-35.05362446196458,-169.34550285431894,-0.08385035214134422,-0.011992116193073808,0.10807453404419412,0.05723820531052794,0.03189474437256011,-0.010007514977373387,,
3.747457999999824,4.895782587178212,-35.08814656448999,-169.06055437191648,0.009482699974033207,-0.06813331150538696,0.0696717130076348,0.07122166849718348,0.031629018867573355,0.006104655107217977,,
3.7664659999998094,4.205708063884572,-34.877994258366485,-168.66436624871176,0.05591938934428624,-0.13233046463913636,-0.007471878702035939,0.07240766409605755,0.0028272697685928724,-0.007321790160951658,,
3.7759889999999814,3.97960329570376,-34.71024812240634,-168.65633747242043,0.03090891175161259,-0.12764301365609249,0.007504824917019545,0.060543718499562776,-0.012234567276359009,-0.025406846823704674,,
3.7949429999998756,3.334965863119749,-34.310753392563974,-168.70578915609224,-0.08344799059991749,-0.09860938147225859,0.1972211765207739,0.04858736861949932,-0.01894667333863375,-0.04528918331220063,,
3.804422999999815,2.9061688413697295,-34.16240413393633,-168.6820551704167,-0.0763722731917598,-0.10518876196272048,0.29278876615020605,0.06457140618312432,-0.005411520691837744,-0.04469171496573709,,
3.8139239999998154,2.2515279737316307,-34.08305997476247,-168.53660913501224,0.008277645249362139,-0.14287361893427436,0.3995471616519444,0.09870089062956895,0.015715584827339105,-0.04546973773234753,,
3.823449999999866,1.2700629138454593,-34.034304303293965,-168.27405507031455,0.17771173241073776,-0.2497624099842214,0.49740473066160856,0.15069787169614465,0.03309102631302251,-0.058412812539401816,,
3.8329579999999623,-0.17591921604701874,-33.954005809067844,-167.9725465690583,0.3937627466440557,-0.3935705886437271,0.6022422800970761,0.2275776411809653,0.04371547750712098,-0.1022169319156229,,
3.842469999999821,-2.0408081468646406,-33.79052321933983,-167.74675968210317,0.581458998673967,-0.5652824618171831,0.6698144695811603,0.29951498561896317,0.0434119990218632,-0.16332009830888353,,
3.861502999999857,-6.8840859741029465,-33.14666758161558,-167.9418519909584,0.9405394827176038,-1.0020109030475532,0.9050766187104738,0.4451645638802081,0.032818596616249494,-0.34211891350350865,,
3.871009999999842,-10.034577080421316,-32.71007623715709,-168.40318002726377,0.32363035185621114,-0.7234730955463663,0.092209445473647,0.5267406666517647,0.03434643769926939,-0.44765504260858163,,
3.889929999999822,-8.422103443126204,-32.03639042354406,-169.45719931683996,-2.614167228396571,1.2367088338830157,-4.396268288553289,-0.543233846392888,-0.13997970393108974,0.26521527573396403,,
3.899541999999883,-0.12720616572642382,-32.26795415162743,-169.4136629277403,-0.17421883710201602,1.0916130846882255,0.17171038367086885,-1.401844275858116,-0.20156539198870135,0.9005167427724216,,
3.909065999999939,10.752997252255184,-32.25335074255402,-168.80486577935667,1.7164631611070653,0.11504273639846642,3.325562100149679,-1.8204947764926853,-0.3436876270687961,1.264642392010015,,
3.918613999999934,16.795400315841274,-31.89606391637753,-168.00121411748398,0.8552122897521935,0.8533957891959555,2.398432433050372,-1.0017562991875302,-0.27035538883221116,0.7578832086832084,,
3.9279559999999947,19.350842467660126,-32.188800089771874,-167.76005874978176,-1.1784487078792436,0.558057773139666,-0.8501670623373592,-0.44869328017186344,-0.026362134504033394,0.3266675651227958,,
3.937635,21.689325352631933,-32.841877357814965,-167.89572141703715,0.6101328445383923,0.9180591700440646,2.1076903089230496,-0.425912892966874,0.05199004167028342,0.2529419673996365,,
3.947146999999859,20.306448626020497,-33.17742498836305,-168.42577323287622,-0.06807379930911414,0.35130478274403876,0.8531716003490953,0.20149167480929084,0.12040036959487199,-0.23717689678759732,,
3.956657999999834,18.183361586619203,-33.43551194194314,-169.50980209042513,-0.3254013809562695,-0.05235271407654882,-0.6606620236030676,0.3271387640216564,0.1263205689101606,-0.4393811905300953,,
3.966179999999895,16.82481660877379,-34.011537232619006,-171.3066881982985,0.5626328194040433,-0.3613039609446881,0.11587551098639821,0.19247565801294464,0.15978978649004955,-0.503515999249855,,
3.9755139999999756,14.599987256627434,-34.07124860629666,-173.27062132313776,-0.18581283405089985,-0.027841682302188468,-1.1038125244747445,0.3533011861373974,0.07053156135829734,-0.6454762972515042,,
3.9852139999998144,14.385451005833186,-33.40776538412981,-174.73360162468762,-0.06624208750067052,0.06894785287741301,-0.9095176540351281,0.038631331243286375,-0.11902195176740765,-0.319754341505574,,
3.994709999999941,14.74973361093604,-32.534432246156896,-175.40031373235024,0.6463756731916525,-0.19357525411360524,0.9856642256090071,-0.05651260615583268,-0.17010337747933243,-0.1141473240026511,,
4.023235999999997,12.805222711245992,-30.724913369110556,-172.6785356232812,-0.8553635419299902,-0.402962680668917,0.39040432415249754,0.08770668778859726,-0.0124591114491771,0.24695863337778273,,
4.032740999999987,12.325949332272675,-31.21853073392048,-171.1386406761686,-0.8784227542392946,-0.23724897646505735,0.017849443194416583,0.05643757922929175,0.11842221322489807,0.2735134984955148,,
4.042267999999922,12.629663324024737,-32.00465655010474,-169.8622407848127,-0.0035303769890428285,-0.25885765370892244,0.4192817182107018,-0.08841914650164173,0.1555349817506136,0.3070057748436962,,
4.051768999999922,12.779355901789692,-32.793237584328224,-169.2010876838853,0.1538130390113481,-0.015623085804692984,-0.32709324648103055,-0.06506039105148828,0.15933076897970153,0.16656684326952964,,
4.061296999999968,13.650644610407255,-33.3626688982233,-169.23420637664987,0.5362174131376389,0.10982981562563322,-0.32223425388222937,-0.17659408677256766,0.09323375427527156,0.1011751743992812,,
4.089802999999847,16.591002603470866,-31.895937524000864,-170.95904513445717,0.03555532778658394,0.38599104399604783,0.030466007772104283,-0.12780065121481604,-0.18900263217002103,-0.006945883620909986,,
4.099336999999878,16.771520480661383,-30.981233133293877,-170.9971966863649,-0.38874507735225444,0.3479086950975139,0.1800201512160833,-0.013209010119925861,-0.177480421720704,0.007333100851418091,,
4.127882999999883,14.815876712202105,-30.07551209312304,-169.12942406077215,-0.3444789513582261,-0.02126153075434285,-0.0007836631736330917,0.14928068803119454,0.05350554034267325,0.04592723676548652,,
4.13738699999999,13.913692735887668,-30.26979004899384,-168.80415928407473,0.12949031556708288,-0.07471806228099272,-0.03743535479521866,0.13436579113799668,0.07628968293462238,-0.009128771059083952,,
4.165851999999859,12.740698228273942,-29.994781742098795,-170.46046348306967,0.5430837158831956,-0.10728373967789051,-0.004731485894120344,-0.005069268614023161,-0.06264409019553602,-0.17535590020569028,,
4.175473999999895,12.756304800616547,-29.454544701517328,-171.30737986111438,0.17791913869284748,-0.09817788025893685,-0.05871792556211936,0.00343669540016638,-0.09824881276141978,-0.1714637162169518,,
4.194434999999885,12.999277641570012,-28.672594722043282,-171.83315540393718,-0.3363787815552066,-0.22647316436200504,0.24609315983036273,-0.014246970828575324,-0.049239017908200594,0.0002963891512592663,,
4.203955999999835,12.895907805394298,-28.759275047225355,-171.36805333784937,-0.4220465480760207,-0.26148807236625343,0.17967045143983246,0.004393562241067552,0.028829855008270032,0.07948860541573233,,
4.213471000000027,12.772262712885963,-29.277328272685992,-170.60495354605732,-0.1591635822119963,-0.28008684338432543,0.31843924025272974,-0.006056624603383172,0.11474316777948754,0.13717389208557312,,
4.232463999999936,12.327985701114939,-30.778062789359943,-169.33774109170994,0.3621864596454559,-0.2782125894666707,-0.05097217516806617,-0.0081076187648866,0.15826690720374811,0.10894897601375375,,
4.24201499999981,12.327330939837525,-31.295651562949907,-169.08271861345884,0.5796793686541861,-0.2589379035341851,-0.047955287851067945,-0.03070839607793652,0.11049691677961221,0.06638585660288421,,
4.2515300000000025,12.384119811595745,-31.641117410984616,-169.10611430750666,0.4832686045709983,-0.2393624219239209,-0.1803678162598141,-0.03408662921175986,0.07473958720766566,0.008475069250567561,,
4.270503999999846,12.451468003998563,-31.939690754226273,-169.3514978013961,0.19812832291699967,-0.17167533026418977,0.0373405469815369,0.0,0.0,0.0,,
4.280091999999968,12.128694151822652,-32.08784310050898,-169.12678052603525,0.015064907794290013,-0.266419513069092,-0.05655789905664448,0.036814209944990295,0.048026215001949965,0.012919835831721653,,
4.2896059999998215,11.435819026174636,-32.43860386993889,-168.55703884019462,0.008858781049992121,-0.25293229491827535,0.011981262289942866,0.08998667357474523,0.10024204809290191,0.0431382657903346,,
4.299112999999807,10.573736229619414,-32.89634723797711,-167.71358579462517,-0.047853954380315686,-0.3031270258995393,-0.006999009418541759,0.11181927205583253,0.12809418889114435,0.09060617553117699,,
4.337121999999908,15.570302906507495,-34.129297593842765,-163.70249910480788,0.013222226778676096,0.37935570151830605,0.1004389009753235,-0.5330336866540601,-0.06872590522895132,0.5184943046940107,,
4.346617999999808,17.776270505112166,-35.09664957231866,-163.49916949062109,-0.4011268589013368,0.906794091416944,-0.11893312434037909,-0.416251728410521,0.09012352289292025,0.3124192249164491,,
4.375165999999808,20.587131967630256,-35.623034809915296,-163.90227699242914,-0.15036938136114686,0.9284148481908417,-0.004458991965717542,0.044982946801815506,-0.007642540995685804,-0.09155236056220162,,
4.38466799999992,19.88799422983571,-34.66014024725386,-163.76728510349855,0.24674494806236597,0.6324382399372616,0.7894426704833432,0.15081773655145236,-0.14724236036808971,-0.04899001287295679,,
4.403683999999885,14.817098869251124,-33.62832030400765,-162.68540044674364,-0.8588494944063523,-0.28057870965042786,0.5452463745320623,0.4478338017502209,0.09746237012625901,-0.1616053175743464,,
4.413193999999976,11.958664332040147,-33.56936520949477,-161.377974983193,-0.8115545885422719,-0.5562466500944041,0.37783626935147124,0.4446820540517052,0.14253534737464255,-0.041189279119666744,,
4.422529999999824,9.42317434555123,-33.95123911275805,-159.69617728179162,-0.6829969123115757,-0.9094776876925035,-0.41472562960288134,0.3600559119098396,0.21938829459263148,0.07692002501776325,,
4.432236999999986,7.405519832259964,-34.933423682342834,-157.98881731414565,-0.1362410706639071,-0.5944059506084897,-0.25803355330466426,0.22729082067391937,0.3103849825370764,0.13947631557384232,,
4.441733999999997,6.489462773239912,-35.7864727862638,-156.49567047331732,-0.06810541055264697,-0.35257146369519315,-0.6941359327160203,0.05901924373916805,0.22212494405402655,0.20890684953041186,,
4.45121499999982,7.1340511013902,-36.20788557967412,-155.70476255516004,0.7171781733035135,-0.10749984924556918,-0.4417697235600635,-0.14281488641602672,0.04144042063631626,0.25687833774250407,,
4.460785999999871,8.352836690246878,-36.489511706983926,-155.8478379813003,0.37943254078467503,0.09128768719076931,-0.6504314120329603,-0.21564234108390995,-0.022792938675098882,0.1282337321635564,,
4.4798379999999725,12.69810671190466,-35.47010427411305,-157.77613447892753,0.0024682370642752907,0.28155711271605793,-0.010077052423184612,-0.30066185421492636,-0.28822849291305574,0.0579156650649308,,
4.489321999999902,14.20680114570319,-34.73936790627501,-158.7385748727089,-0.6903822874505735,0.4082588372768531,-0.1470879059272746,-0.18846454727882553,-0.22146091368838725,-0.02165663668874542,,
4.517830000000004,16.189650073182243,-34.04443013102259,-157.88662277250356,-0.9692957511709949,0.4392429229942921,-0.26683745387796404,-0.022751337566286646,0.03215320846495299,0.185671346504657,,
4.527289999999994,16.168455948319696,-34.49257386218043,-156.83296723829574,-0.6823572177890774,0.507599815877337,0.03523215694325201,-0.044593443975142616,0.08948045871081918,0.23647861478310264,,
4.546374999999898,16.147879214731145,-34.68503651091182,-155.321414989726,-0.6645687005713723,0.3903349847747421,-0.35626942363037933,-0.03195713827351769,-0.007883524288042471,0.14620110813956166,,
4.555873999999903,16.97466618190189,-34.43614851165715,-155.4719651082064,-0.910866511399877,0.3477984826487636,-0.09077701119017964,-0.11681663810456688,-0.0971960277645606,0.0813616737578021,,
4.574712999999974,20.25585946426219,-32.8015567371131,-157.01156266190267,-1.9396781639169096,0.12957468817085455,-0.285101852492563,-0.2406753500058595,-0.29484071927257816,0.04468751899931932,,
4.5843969999998535,22.357218686352656,-32.21069001629694,-157.94000416664932,0.849618624949371,0.5231553689597106,3.156432851074854,-0.2959134844064856,-0.24061199467822644,0.048606817587671214,,
4.5939129999999295,14.792531631334644,-34.21043761203275,-160.23655102832612,5.116756977221462,-0.13989595304454489,2.4819943566448575,1.0297915240420283,0.8317086475269834,-1.2689308137721773,,
4.603321999999935,4.116727349647087,-38.833489449602936,-162.94984633095083,-2.438150772206224,0.9863806000528653,-4.652766055168202,1.3300203843088043,1.426557808479212,-1.7870606580201343,,
4.612753999999995,1.5241014086700693,-41.22489057466478,-163.71668297365707,4.04395312154633,0.00240045584539483,0.5752408188995453,0.23253381632416603,0.5817549530073448,-0.46722707600710045,,
4.622263999999859,-5.047780476547453,-40.56039112599604,-163.65981845725995,2.7355429940536378,-1.0920411085230488,-1.0053208710907926,0.9814080091105933,0.16239045248015863,-0.8665453796393036,,
4.631804999999986,-13.177270212487974,-38.58705799164197,-162.8980695396168,-1.0264001008562922,1.2309301478428452,-2.0840499678329767,1.3054672643225265,-0.004678350433575986,-0.9135425769655603,,
4.6511229999998704,-21.348251089118584,-32.781746968885784,-159.8255002278596,-0.45198364819529724,-2.3640553339989583,0.9040317420204662,0.9925517666676059,-0.2702928466173847,-0.3324750375809751,,
4.660311999999976,-27.004032311562835,-30.300472889328592,-159.2394359075336,-3.045384854532855,0.2571617094881458,-1.3890969906579613,1.068768599673355,-0.11573083025290629,-0.5042382199528646,,
4.679396999999881,-28.3921652100989,-31.149463292244743,-159.8785610738329,-1.1605954960660743,-1.7565788630954886,-0.06439505295052918,-0.024604639950517374,0.28452297564658435,-0.20133078127887202,,
4.688844999999901,-28.875714803837575,-33.56428649565481,-161.56216901903989,-1.3865443832336506,0.11772170309480912,-1.1415263389222852,-0.09031486045334725,0.4946102661814249,-0.34616370795313484,,
4.698549999999841,-26.51006497375779,-36.37053669699155,-163.28634999842706,0.14888299155063295,-0.55037281822653,-0.34150961137823227,-0.5473847536518028,0.43086535667717396,-0.018771372056896617,,
4.717392000000018,-21.640255213537827,-38.4608284698165,-165.94673861193934,0.628044586746067,0.6505604158717291,-0.6954950880698713,-0.373853643509592,-0.025520079925626264,0.07585210988762756,,
4.7270730000000185,-18.877179267275622,-37.620881113427686,-165.95516035379632,1.0797071969702428,0.0980087294035948,0.14456995728221114,-0.39088560256110777,-0.25775366566086744,0.3426098096359958,,
4.755611999999928,-15.935728379280555,-32.4756332550485,-161.21191385050977,-0.39555198345094467,-0.04732734876992223,0.6862751805114391,-0.052528135967676984,-0.3218866379337664,0.46764564367976075,,
4.765106999999944,-15.670966324386447,-31.652834218307664,-159.49710766339805,-0.6709127533584409,-0.053579035141575394,0.6219888570414961,0.0025419924634627294,-0.1604410128546837,0.3422792218814075,,
4.774629999999888,-15.492917901517995,-31.45986080138921,-158.68579051385967,-0.5796820985872916,0.06666344737714745,0.34180166646953586,-0.025483343945195996,-0.03724866608684759,0.17775692672133891,,
4.784138999999868,-15.222756341080522,-32.00493134064728,-158.8324554679797,-0.14030188720300135,0.09276890264827403,0.2775369874877712,-0.09327686793355672,0.09483737904190762,0.006367274396181083,,
4.793653999999833,-15.046281434434267,-32.944568257496066,-159.76908355449424,0.05575250481985554,0.30287179578715945,0.12946046232257044,-0.10505667466372318,0.17543290923005872,-0.1665396588981063,,
4.803164999999808,-14.709691060903673,-33.60969150057176,-161.20684791298441,0.4240083084045449,0.3363094773577603,0.19020529603864678,-0.10799634801330883,0.11690548530524236,-0.2487976042184878,,
4.812648999999965,-14.645551346781886,-33.727362570667694,-162.63167417336038,0.333767875806618,0.38172722647183804,0.002993147158556323,-0.027594412913182844,0.02948627714851215,-0.2760540910558883,,
4.831639999999879,-15.158549378411266,-32.5284414644758,-163.4470764922176,-0.24537205279073138,-0.015606934976041894,0.37179928547984514,0.08673251473812221,-0.13543620069690704,-0.051056143129942326,,
4.841212999999925,-15.872903069859483,-31.443608691749283,-162.84054683738592,-0.46920319422794504,-0.18394585658697116,0.4611782203415099,0.16916854069342102,-0.16214907185811223,0.0308318031621744,,
4.85071999999991,-16.45523826498123,-30.49514889909548,-162.01683646470752,-0.7097180057945284,-0.34466556792811914,0.24897256494205736,0.14252031724170747,-0.14048159028864496,0.09667117397940536,,
4.869756999999936,-16.452598312742058,-30.032683256510424,-161.58938229675724,-0.16603197049300616,-0.38822738045380867,-0.06139190484580187,0.0,0.0,0.0,,
4.879237999999987,-15.743858437060954,-30.690226746665168,-162.49644003307918,0.12481103657474904,-0.28984694383709647,-0.23963359859921737,-0.16728113744943,0.09794643737429425,-0.10795868199361569,,
4.898295999999846,-13.025599330126546,-32.00341381540602,-166.24787969520747,0.29212765917944367,0.22131125322749778,-0.7867187371666533,-0.29186556197393093,0.06696078157487409,-0.24891790924548474,,
4.907794999999851,-11.63974135252897,-32.59038561188184,-168.0113238962122,0.2095613943463829,0.4258441366514538,-0.44484931958568635,-0.26438866186794585,0.07345276485324688,-0.2033275728884479,,
4.917324000000008,-10.697389342932865,-32.80350937104917,-168.9368332846223,0.2683823090071304,0.614290349920501,0.19829881472535785,-0.1735788394992462,0.021278783205816207,-0.08213061122161057,,
4.936367999999902,-10.758120775778218,-31.832157819895226,-167.19554041126514,0.023192767565543032,0.4010420537535081,-0.033843021971582496,0.09405924912863957,-0.10279851687427037,0.2444201849475122,,
4.945850999999948,-12.105729991574854,-31.36754921297172,-164.94744022821743,0.15399758070831163,0.2262726606453272,-0.03985598896550639,0.2353542437646738,-0.02437115245653024,0.3097080285306125,,
4.974375000000009,-15.634503585729838,-30.452410567778724,-160.51804618648183,0.17892609055277042,-0.08968788056889487,-0.7108854070994609,0.10200461995045068,0.016583246463819434,0.04337489703452481,,
4.983868999999913,-15.193246884839954,-30.761030625628294,-161.05512174323638,-0.3990242113469765,-0.10636876819787862,-0.43921307528690123,-0.10265531219622075,0.043463900649447426,-0.06075314497183706,,
5.00287400000002,-12.50701587788676,-31.60768564924279,-164.04144322398412,-0.9712859219634403,0.058100506673248474,-0.02396737437131712,-0.25673402726139594,0.05139060448776328,-0.18063069618344155,,
5.012406999999939,-11.449252933189513,-32.854009966863806,-165.10396589980036,-0.22111993752188563,0.1656411096802056,0.7617937279166151,-0.2492272984128961,0.20357117532210353,-0.09839902657005156,,
5.021925999999894,-11.17402447874958,-34.28949111149514,-165.46475597512813,-0.3515698143117265,0.2820172870338244,0.5316738771090501,-0.12715177579338993,0.27724602522742997,-0.011060121255338982,,
5.040959999999814,-12.93451645588229,-36.05634400111174,-163.48856522491792,0.445414172133034,0.26357719758311005,-0.25700704750626685,0.13930283409292366,0.2374006394183608,0.15003895159388328,,
5.05046399999992,-14.736343738576963,-36.38187991260257,-161.80701655476662,0.4594963191453654,0.04590973545448279,0.13934587061100429,0.24821642625762336,0.15923995412880784,0.13731767477111598,,
5.059991999999966,-16.35283733446239,-35.76861571853255,-160.40291581102474,0.0886616118699036,-0.11203446912464697,-0.2995581054686729,0.27698111031521494,-0.021324990751084776,0.09289686100924587,,
5.069488999999976,-17.558771906145004,-35.37091523904186,-159.3855551128402,-0.35616771438017075,-0.2742221204938838,-0.35194935610571837,0.20145832067046304,0.0027742885158429133,0.06583126360075794,,
5.079013000000032,-18.20799046644899,-35.559019174078536,-158.82528991250567,-0.6761969788547461,-0.37761172466753645,0.015414270677391578,0.07508748826208608,0.082965840636895,0.039524555226844164,,
5.08853299999987,-17.99253893240652,-36.011725336428086,-158.88148917886193,-0.6258873210891215,-0.2461181182731298,-0.10915461151296817,-0.07574773268192672,0.08194513984634719,0.016825318283350935,,
5.107567999999901,-15.760821913813217,-38.636332694593854,-160.12816204067997,-0.05229563715022876,0.16993308845698246,0.05730697275229659,-0.3128420456714299,0.22225876359681349,0.00959956018240805,,
5.117082999999866,-14.158033600372226,-39.64430611370365,-161.26669639241464,0.24053624022904158,0.3898639781877451,-0.062241976781800115,-0.31194759079377354,0.11845093353702704,-0.022666438700613183,,
5.126588999999967,-12.769905042279467,-40.15184242423696,-162.43846585380078,0.263920132430693,0.5271745071551083,-0.22104365053880537,-0.2445087577876719,0.040474410349042846,-0.053781287118669946,,
5.136077999999998,-11.990521660383058,-40.33903930583938,-163.1897243967868,0.07766252593527347,0.4855857357665022,0.06788136285714844,-0.13503317420618824,0.010881200607988053,-0.06638220618716155,,
5.148024999999961,-11.954280780146725,-39.92281406252816,-163.56780614043473,-0.16161558307336157,0.34198828406171733,0.24590327242452617,0.008441545668943359,-0.07106681827757456,-0.06874057194078094,,
5.155230999999958,-12.59415539659217,-39.239759264417614,-163.39206621610737,-0.417923445844187,0.15508247861604577,0.16742667373138687,0.1235138381574708,-0.0926661244166622,-0.04421051999281474,,
5.174194999999827,-14.765705353669674,-38.386703502674045,-162.01581604678404,-0.4713513095612162,-0.2363323259551459,0.19942636160761826,0.17937233374047684,-0.012409003995029392,0.010341113938944149,,
5.183761999999888,-15.5589031671314,-38.09684216568016,-161.5676504030506,-0.2896700175748918,-0.26416687194782873,-0.19349900650558705,0.12655044171293117,-0.005834869693454791,-0.005989937298143012,,
5.193282999999838,-15.863409846292711,-38.1356228942665,-161.61592679734827,-0.050843037415284786,-0.272261124794504,-0.28056886655548097,0.03302482162043617,0.03288864882694497,-0.044605745741478214,,
5.202778999999964,-15.565788005649964,-38.13453270340395,-162.33370781574422,0.04958525911431958,-0.22485622155325838,-0.2597420493019008,-0.054442304018504785,-0.004250956395747075,-0.10418226030708501,,
5.2122719999999845,-14.702827914129811,-37.744190681345415,-163.60989910058515,-0.005897358733770077,-0.14314828059247423,-0.27061019105427336,-0.1172264503627726,-0.1040712204387871,-0.14664805020752492,,
5.221845999999914,-13.63384958396105,-37.05020676909379,-164.98812762935964,-0.2631587980710463,-0.0915962711695945,-0.016282629991525844,-0.1358141542969168,-0.16910135451769934,-0.14355391871615655,,
5.240818999999874,-12.015535097378363,-34.54285705142607,-166.41372892566287,-1.0816531270068712,-0.06087276214636234,0.5752216295897549,-0.04668473230341301,-0.29730560862736866,0.000860774226419212,,
5.250328999999965,-11.671099578235827,-33.0417562973965,-166.0291947878492,-1.447321029796108,-0.0892597636519931,0.7031507638547618,0.00601145262598274,-0.2949308570659072,0.11672439168464116,,
5.269356000000016,-11.50706841620908,-30.509070755467114,-163.7402547257807,-1.6486548624597095,-0.22313470868249366,0.8485699077671406,0.04790453748011009,-0.22321267851913498,0.2598731583872432,,
5.278867999999875,-11.488660519548848,-29.532628259859198,-162.59425291687967,-1.5026453055019298,-0.23345288979964615,0.757461849419964,0.04292569836796101,-0.17801409951619912,0.2321082374846295,,
5.288375999999971,-11.486123844233157,-28.714678238359166,-161.86071273849163,-0.9874828778006419,-0.34447173198138153,1.2197773085505288,0.03880793747868009,-0.14617567763581954,0.14785843852083155,,
5.3072279999998955,-16.510670052023798,-40.37237095472722,-157.44420165306312,5.053442033220163,2.233055224028032,1.468101936232721,-0.14821199460933845,2.320643321308371,0.309238457332024,,
5.316812999999911,-18.989228215908813,-42.98781251146727,-153.38312336849404,1.0674201939602734,1.3478909602814486,-5.5675201489324175,0.10812637305513524,0.6399082148204736,0.4859216374170335,,
5.326238999999987,-18.357515682050142,-36.28966830283363,-154.1458440257753,2.2305957246822885,-0.33032315934402423,-0.5047443795300318,0.49463256910031717,-1.2376159737984438,-0.06824912464663242,,
5.33566299999984,-18.123936655514456,-29.902753260008915,-156.19194197755127,1.7092268206413175,0.2142203672981965,-0.35040889660251817,0.4907113745820294,-1.1682825694911771,-0.38093226118301077,,
5.345441999999821,-17.08280598384888,-28.524871758019458,-157.32921173014262,-3.018923054210005,-1.3932439003753987,0.9502138813727573,-0.0685571380939469,-0.3160394555850293,-0.17729737803232062,,
5.354899999999816,-15.793410057916127,-26.903868360492034,-159.21616883091804,-3.4109348809776323,-2.3698248392283903,4.19657033996848,-0.10168308422278477,-0.3768037352918024,-0.33308472394694927,,
5.373976999999968,-14.091893934623766,-30.86992240209544,-160.97035266326807,-1.9303103810289644,-1.262733811011725,1.6586156535596728,-0.41031723996336833,0.7449400610283131,0.08435052315261563,,
5.383489999999938,-14.284039545012604,-35.766363191377934,-160.6494092158691,-0.49268937167016325,0.023613336817683888,1.9507655983970207,-0.2991121322527121,0.9480374589422207,0.13001445958296437,,
5.392808999999943,-12.449733006279624,-38.459032595738336,-160.38617583371567,1.218319478098485,0.3230920594558029,-1.2655341720458437,-0.46561838402287936,0.4220101282222057,0.34547425101683327,,
5.402327999999898,-10.889265369209554,-40.73041915418577,-160.00448907933043,2.7355049693909104,0.6095554127329159,-1.5740498855751575,-0.3914226778476583,0.35644521646047966,0.2942595594762049,,
5.411841999999979,-9.813928499378207,-42.324635752258615,-159.91902200696504,1.50499454760479,1.0467567562935611,-1.1731898918960186,-0.2720251071843396,0.25420349268654974,0.147325636371376,,
5.421350999999959,-7.451004849806685,-40.68928753237937,-160.37550637285887,1.4388923064944599,0.6726058081195,-0.3316401701676303,-0.23222627395396608,-0.4196248844275595,0.16716678859460138,,
5.440558999999894,-5.064935669482945,-35.78313542389972,-161.39504378823244,-1.4781229694908298,0.2996507594885338,0.7428058143345885,-0.008408080323817287,-0.3527711465169303,-0.0459860300488428,,
5.450049999999919,-4.704254564441953,-34.84184154054702,-161.31558964597534,-1.8750362775257683,-0.2501629330709906,2.3235906221362663,-0.006758339966354034,-0.18825262961242914,0.032194267582777214,,
5.459566999999879,-5.621898956058948,-34.43351076482811,-160.75245229839066,-2.0762954305703394,-0.20722282916698276,0.8775896405520444,0.1581799271395962,-0.018879784260506936,-0.00307107877937517,,
5.478596999999809,-8.251500994087959,-39.05889625581818,-159.07685483197784,0.6468447243806819,-0.019547352437594062,0.8206032225616907,0.0006378712669956381,0.6236173814156408,0.0015715504162774497,,
5.487954999999829,-9.695819833580638,-40.801486824255946,-158.88959744412952,0.9714648082107993,0.3750597256334071,-0.8989179612492899,0.07064258865012801,0.4147962777601344,-0.1510327378419152,,
5.506945999999971,-9.878937761811608,-42.32370715065155,-160.35646722127427,1.4265332733665028,0.20110675191934407,-0.9300999962638187,-0.07639611574513648,0.10134912133680696,-0.21097364612642214,,
5.516619999999875,-9.272998076392712,-41.07376502394655,-161.81834361908219,0.6481990346987127,0.08868834272294591,-0.3392510421973331,-0.014589662270355021,-0.25640443340588703,-0.2605962130329231,,
5.545167999999876,-8.205915319663243,-36.291534784836564,-162.94720923896915,-1.8208585255809653,-0.5223048875985418,1.3970255626700572,0.035676685109615296,-0.16530636265960133,0.04503546752529951,,
5.554680999999846,-8.38588675738473,-35.87161617370299,-161.9389455450086,-1.6656365798069066,-0.5064249441550581,0.6246560565487784,0.04227203423508177,-0.061590226352060226,0.15285943465014332,,
5.583061999999927,-9.152100539318221,-40.323679609035366,-158.62290489558484,0.8668740006371455,0.17101052931357513,-0.5406978231935182,-0.10464100376902839,0.2548344083892242,0.13340372982277346,,
5.592566999999917,-8.7112946577023,-41.10920064607112,-158.6629800624072,1.0682511031743145,0.4409135077015658,-1.1989040984443355,-0.13106458808110175,0.13127382061614665,0.027501579355343114,,
5.611777999999958,-6.646140722738334,-40.902634106783545,-160.36862835848808,0.5205086331576568,0.3324580567794849,-0.07633583341085605,-0.11547357168558868,-0.17188435806100155,-0.10898367591944975,,
5.621293999999807,-5.852742813280519,-39.594528061986125,-161.2510039362014,-0.18722991176993173,0.2183758125392027,0.04966589262405368,-0.03897729195489,-0.2780292359288346,-0.12235797679109314,,
5.630780999999843,-5.590839880473207,-38.92748965357278,-161.53038733492448,-0.9150365241107111,-0.007888809410009155,0.6142689714898782,-0.006777724544914106,-0.13018205606884942,-0.06813837975944695,,
5.640288999999939,-5.907817511456699,-38.71855660910861,-161.19820736649982,-1.1246917964753498,-0.13042851368641944,0.9189328967824447,0.04899917976306777,-0.014416548073220858,0.00435091227103433,,
5.649796999999808,-6.672739067732346,-39.017241335616276,-160.3265327366332,-1.027615705715822,-0.20775057439570044,0.3271344612537508,0.08151393524056558,0.10512737454252888,0.0694151078098551,,
5.668846999999914,-8.78392941191058,-41.692024598104155,-158.02358991634782,0.285456718227648,-0.06263471583967287,0.04933739782089047,0.029251735562220348,0.34109396805184755,0.08402233605155697,,
5.678342999999813,-9.432076804840927,-42.61853033808665,-157.37839820723434,0.7083093792678936,0.03784465407571866,-0.5402803682688087,0.0070711653737434614,0.21731103022193676,0.029658183638971915,,
5.6876700000000255,-9.569799886454916,-43.31305355749189,-157.26489614436483,0.5253824740952174,0.016759614644335372,-0.8174266802378105,-0.04652829780553714,0.1451842283854208,-0.01921417805670267,,
5.706880999999839,-8.704739943407036,-43.244505029486106,-157.88437419500568,-0.11254401498398714,-0.1865609539093906,0.015031643594439273,-0.05091713138376827,-0.09215590095755805,-0.0399815586868624,,
5.71636999999987,-8.396028507835673,-42.70443183021451,-157.80250730382042,-0.6029657070422072,-0.22532201966092197,0.1376720453612326,-0.012255173657265122,-0.10825745584837115,0.009591151624133494,,
5.725889999999936,-8.333956573730113,-42.55731741917618,-157.0562265447857,-0.855577127233704,-0.27016374260942566,0.4241633503754325,-0.00867409040607975,-0.021871282118525143,0.1193179792833842,,
5.744934999999941,-8.784075518062512,-42.91300287008905,-154.19848174790465,-0.37442609123927023,-0.011583073764171847,-0.06216810446566322,-0.0005986785617712709,0.08419933113618037,0.27110431228717213,,
5.754424999999856,-8.997792822184799,-43.486218409136214,-152.67562547631053,0.17460167686312122,0.17633450584164792,-0.15475737610231155,-0.03569310432122426,0.12468635598230794,0.2673600091629859,,
5.773415999999997,-8.505337065949648,-43.681574475276314,-151.65301980949425,0.5061789842787618,0.39699300902628715,-0.48100495406758037,-0.059538710854829896,-0.04535672826849175,0.06745465797874063,,
5.782997000000023,-7.7794970767496965,-43.27219810839464,-152.24760694723878,0.3053686549803907,0.3349430323833397,-0.1963007121624821,-0.06664436045145612,-0.11424428344544985,-0.04568381798695755,,
5.792451000000028,-7.0684411772249,-42.54848898161963,-153.16629258864316,-0.06940959852139662,0.21490246138114188,0.12937090352343358,-0.03815440931602564,-0.16880401184001903,-0.1197125100582135,,
5.811482999999953,-6.607292298097122,-41.09910244596552,-154.13170564250413,-0.6389137121639187,-0.03865270372058669,0.3594239750559414,0.03904573860544671,-0.10096789596839194,-0.07305407727334255,,
5.821005000000014,-6.938172246038313,-40.777957503919296,-153.74530731470426,-0.5377933562768471,-0.0754948467489486,0.3264390918612575,0.06101771498799834,-0.0277522036543197,0.013718783157160255,,
5.840031999999837,-8.003512064472353,-40.58931882863737,-152.0427734305318,0.11347330208870757,0.06515368841841784,-0.15280931597601402,0.06257266289424775,0.03757333155844196,0.11189374718636401,,
5.84954700000003,-8.268046038277127,-40.46627200917576,-151.4435861619547,0.38583975580109764,0.11531718117334835,-0.27641586975234905,0.03467818212872994,0.004989663861192624,0.08715500433876679,,
5.859064999999873,-8.109675739956892,-40.083724840639455,-151.44338499092333,0.436200706539933,0.1347002401208257,-0.3120958769172998,0.0029179071171179386,-0.0712623149274688,0.022158493904033037,,
5.878115999999864,-6.780871952573708,-38.82788286326998,-152.9788655078523,-0.03007078180435427,0.04129816257739519,0.050535968812155996,-0.056738598188658985,-0.1663487156307492,-0.09784453636799864,,
5.887555999999904,-6.010767469484312,-38.182923845968766,-153.85738538985984,-0.3369264287188318,0.011489395074026847,0.20269926589798773,-0.06231195254893134,-0.1617158584160384,-0.09793451431689858,,
5.89707999999996,-5.38501658139115,-37.731287001956474,-154.37770261838776,-0.5152670483168241,0.0328225145589595,0.24926310391845014,-0.061640226763289035,-0.11666737457935647,-0.0455928018294765,,
5.906610000000001,-4.9468633935218485,-37.54340987102537,-154.47073607687875,-0.48488171495615223,0.11070411956488999,0.2410309462468612,-0.05882274418626115,-0.056081588570095764,0.03569764445428632,,
5.9161229999999705,-4.656493744326492,-37.53546519456264,-154.10393122779033,-0.31056729812698064,0.22768679053801297,0.1283082455683171,-0.053342326866059955,-0.013694760350243659,0.10951356625921173,,
5.925596999999925,-4.3788717422747245,-37.60445434903019,-153.59193356511128,-0.0950351318067169,0.3413005036681813,0.021896927440004463,-0.05824327552463377,0.0006033514738117953,0.15030380952045536,,
5.944644999999809,-3.239333018378419,-37.46624030837354,-153.20126920036003,-0.07415164274861308,0.45161815156302226,0.08990951960299934,-0.10034293984722126,-0.07266649042122494,0.10277579551532413,,
5.954164999999875,-2.2605238150384372,-37.12440205214053,-153.62873526977643,-0.310193059019539,0.3786570624125125,0.18031946424328205,-0.12161317179761276,-0.12362810780729613,0.04598299615974154,,
5.963661999999886,-1.2701947898161108,-36.79551926625227,-154.32281002296438,-0.6366945743381928,0.40132944306669316,0.4757545741862654,-0.1262603172608831,-0.12132386487011079,-0.010878736764393993,,
5.973177999999962,-0.1748992467559923,-36.58113210362626,-155.0050075439396,-1.0185913613201667,0.3796346354778174,0.7542858095382138,-0.15333116446380163,-0.10668554066730013,-0.0007394626150991888,,
5.982700999999906,0.9781353941601156,-36.47686295471244,-155.46605285244036,-1.1293273628119609,0.37140122127346714,0.8911339962159917,-0.17253017595860937,-0.08930780755480179,0.05533651324932638,,
6.001541999999972,2.7363405390870685,-37.16036897928931,-155.4376238644228,-2.0216524975439274,-0.4127430725802349,-0.7947278636953243,-0.16323312856249075,0.03617492141818666,0.1479752209030363,,
6.011039999999866,-0.5860575513681763,-37.80294291865772,-155.1563488168941,4.747376077594071,-3.3567969598080256,0.8775226593456523,0.41359546449555856,0.34470356287084486,-0.3293668394557062,,
6.020567999999912,-18.357719966300643,-43.048399151285196,-154.73286977343113,1.9650014843726158,3.2234593750309966,-3.1686703571900185,2.0047908741569866,2.1000518544241107,-2.204922457229729,,
6.049174999999877,-26.29384775318393,-42.19975938051482,-151.95197144173014,-1.8737341315415883,0.4145235851398592,-4.746506493018519,1.6927966912556323,-0.1431921283169833,-1.8698618181897415,,
6.058595999999852,-31.475511181392225,-41.066688016095135,-151.2896042051881,-4.030390807267996,3.03436069429546,-2.059104989301346,0.7802510254586649,0.18090624422053594,-0.6152477885231169,,
6.077626000000009,-29.8539343633903,-36.65217374187863,-151.19741338735724,-2.016668254382367,-1.146786797003493,-0.16046119262535619,0.6221138648264409,-0.4259791587654442,-0.6325369821978836,,
6.087131999999883,-30.35739273322659,-35.17824148234744,-151.92437909592326,-3.603297882166199,0.7162032177656207,-1.3683979867765947,0.2033443465889989,-0.2104692751948915,-0.2973912278602781,,
6.096822999999858,-27.439162521462237,-36.48845070995286,-151.53792856516782,-0.00946196123889177,-2.6134032406841583,2.4966712833879425,-0.5521056129463924,0.014388775240427682,0.35968675848584303,,
6.11567500000001,-25.197297881645387,-38.61806522081395,-152.18867784352616,-1.3348235380928282,0.37235674743647107,-0.6263262297358334,-0.4102995171386513,0.07712771289028018,0.21812241516106345,,
6.125360000000001,-22.53464025285267,-40.78294758148881,-151.44875360159645,1.37452370150848,-0.44122745676440506,0.9552920631748221,-0.5771206608816369,0.1983064255196436,0.5259523480149904,,
6.144225000000006,-20.05970872393961,-42.2475558104265,-149.90034541781893,0.4178914610099539,0.9201674128883269,-1.1546508598679113,-0.25927032877120165,-0.1057455663659052,0.3695848527874662,,
6.153704999999945,-18.134292496620546,-42.647867380400285,-148.99793867809603,1.1589276238754052,0.4791387248117135,-0.3692114488557897,-0.29736426637748636,-0.06788241261498418,0.4011395261313102,,
6.163416999999981,-17.337520625761485,-42.83147263992576,-148.45732101739338,0.25454041231519203,0.5383330965034183,0.04277762860599034,-0.13104298493075564,-0.021489172693419177,0.18958112774178842,,
6.1823799999999665,-15.446584845518606,-41.63900424176481,-148.2162563613837,-0.2200271175843853,0.17190447848882454,0.1826607119281896,-0.07913432961459492,-0.13009125842249258,0.11836770627164202,,
6.191940999999815,-15.490657808010699,-41.87238919907094,-147.86897743122023,-0.5422138591505336,0.16327380123178686,0.7125511863163247,-0.03133982773745923,0.050867789988389936,0.03829965431278038,,
6.201450999999906,-15.757942957499216,-41.8594550346485,-147.49555607551963,-0.48429152639440926,0.21889455414214506,0.5190492688301751,0.0,0.0,0.0,,
6.220468999999866,-17.40836315056804,-42.7700987407887,-146.22426936709698,-0.11258212361270026,0.31792203331112545,0.14810893997042432,0.03895136680260789,0.2140745929797814,-0.015276239672959808,,
6.230004000000008,-18.339685682333823,-43.14386689298342,-145.61503085801232,0.16847847771277344,0.23753632978560757,0.07290674939692655,0.05888772602323553,0.14621472629015883,-0.030517234172364554,,
6.239495999999917,-19.228376010945716,-43.13161533084475,-145.22916575358028,0.1112468584568816,0.21218869480266495,-0.3442960562870429,0.09623219517576086,0.07950474477658243,-0.08099823953268549,,
6.258538999999928,-20.477866387928593,-43.304218028618884,-144.77196236488473,-0.035134712936629064,-0.1141438688478441,0.09928287146289158,0.04276645363102637,0.048512272210490946,-0.07038428030219432,,
6.268038999999817,-20.75171830638734,-43.04279884571206,-144.8283326595209,-0.21457856123176144,-0.1289256665724945,-0.060104208814125926,0.05107761038443881,-0.0119521851341572,-0.08036939021023869,,
6.277552000000014,-20.877957157618468,-43.01440526848099,-144.805317865931,-0.3109828927933885,-0.15380464843226832,-0.04364315226121751,0.0,0.0,0.0,,
6.287055999999893,-20.867516619080366,-43.09736626516929,-144.71292482507363,-0.0748713749595534,-0.11494426162825473,0.1732883158179228,0.0,0.0,0.0,,
6.296568999999863,-20.71614194978683,-43.03100827718724,-144.68517261971095,-0.11362886213302127,0.01889072329157959,-0.08762426420416697,0.0,0.0,0.0,,
6.30605300000002,-20.387642645687666,-42.94918107664278,-144.6738509010713,0.04244443069689717,0.13364080976064194,-0.17573186780965883,-0.041661860526869175,-0.033620899263638905,0.026486586428593174,,
6.325147999999899,-19.432640161358364,-42.36305425066023,-144.80129009069262,0.14169866558504376,0.19496021175971368,0.048298681810399285,-0.023096023634691622,-0.11422794481716791,0.005966014166242389,,
6.3345979999999145,-18.923949512045972,-41.75893466638194,-144.9494569329177,0.15153074898942312,0.17359202247934657,0.10461761996671701,-0.003954346512744294,-0.13501270227340378,-0.01785491889536453,,
6.344110999999884,-18.725979149321713,-41.323922689217085,-145.19693144927518,0.011577961825449554,0.0864364145566973,0.3306942614243015,0.013569335281224244,-0.08091346756315443,-0.04913293407962543,,
6.3631069999999,-18.911240911273428,-40.3490574518499,-145.62098082256148,-0.2368364230750161,-0.06624510708057083,0.23337301836428473,0.06363348361606397,-0.05496810631988881,-0.0677291360556937,,
6.372646000000032,-19.35568710417405,-40.23432588565749,-145.4848666597242,-0.23523949848492703,-0.126047573008855,0.23797235201347364,0.05690079528423243,0.027098289980686408,-0.04834301605546995,,
6.382163999999875,-19.95345733786792,-40.26848092378742,-145.2267536074121,-0.09565628775003665,-0.13553015320174647,0.21576306919843405,0.0592061500180195,0.06519727142770573,-0.03411764949913513,,
6.401200000000017,-21.207661611363392,-40.461635725786024,-144.6567361820926,0.10964611931883347,-0.06731212742740184,-0.10342301465269467,0.047318835767915464,0.08726930388821626,-0.013814449899940098,,
6.410789999999906,-21.50423884953219,-40.56479210666555,-144.4034799606171,0.07289683528470826,-0.09215773609394104,-0.10115865277638311,0.03545857213796446,0.06854089669701857,-0.005760467536771484,,
6.4201949999999215,-21.778430215826884,-40.50804801834128,-144.14378052412866,0.015488375681763434,-0.09974454040825935,-0.14687539627027177,0.0,0.0,0.0,,
6.429764999999861,-21.887460106109213,-40.71349328652626,-143.90287198600393,-0.11748425360360536,-0.12485581171859529,-0.09749319940441604,0.0,0.0,0.0,,
6.439335000000028,-21.986209089655066,-41.04618374048231,-143.5350771560814,-0.19441746079188818,-0.1389110095994853,0.05511349788830063,-0.010560649034391424,0.029790888381630038,0.05217304172247434,,
6.448833999999806,-22.157274645989933,-41.41105091736114,-143.031607488406,-0.24822536233535533,-0.10140560587307354,0.005207110169715136,-0.016146643979793034,0.0267913979764515,0.07333243758519573,,
6.467864999999847,-22.84039190349488,-42.28837373951605,-141.6299417031473,-0.1365863731476688,0.0650063900908157,-0.01557173495520469,-0.03524725797968745,0.08019492868604135,0.10315423690138502,,
6.477364999999963,-23.27609136554622,-42.52481110892065,-140.90386821697874,-0.056398262803125564,0.14391057049005268,-0.09429073946301772,-0.02643893353439344,0.07049831256451065,0.09095256882249611,,
6.496383999999807,-23.91315326546656,-42.818015335262636,-139.91366220999024,0.0016205812012610552,0.17793629129608446,-0.10064513053490191,-0.013387922850882179,0.05822806288945394,0.04920997514740374,,
6.505902999999989,-24.312772977602084,-42.804814871963174,-139.54125686088312,-0.032620197960785004,0.14193604009881575,-0.05872155473287313,0.0,0.0,0.0,,
6.515412999999853,-24.730043360804164,-42.81226403366622,-139.2332171929091,-0.11161319514090588,0.09492136610120967,-0.066432194129373,0.0,0.0,0.0,,
6.534447999999884,-25.57623200716396,-43.044900521996674,-138.62919277467816,-0.15295544209078402,0.021696327260869997,0.0016910826317216307,0.0,0.0,0.0,,
6.543909999999869,-25.996651805194666,-43.13182052794666,-138.2546377361092,-0.12632686906322924,0.03905776817285735,-0.0728506999602287,0.0,0.0,0.0,,
6.553402999999889,-26.216705031438348,-43.17336538537269,-138.022660468087,-0.07163364298357894,0.06860363388469715,-0.1098929067071723,0.0,0.0,0.0,,
6.572367999999869,-26.40289307253666,-43.100094968083475,-137.6387709510867,-0.010126508729827365,0.12006720467959398,-0.16983872756177956,0.0,0.0,0.0,,
6.5819239999998445,-26.348754991792127,-42.96133361549682,-137.62217510860353,-0.012411223772362248,0.11481854149552041,-0.13907174127087457,0.0,0.0,0.0,,
6.60100599999987,-26.42176427123814,-42.502163817744275,-137.5063296740311,-0.08575063371749786,0.06852326547313112,-0.018485727557459735,0.0,0.0,0.0,,
6.61052299999983,-26.483868510896322,-42.30742236645853,-137.47396564539022,-0.08917153120383715,0.07084147191048319,-0.01959337114614303,0.0,0.0,0.0,,
6.620038000000022,-26.603303371759587,-42.16659522573009,-137.40906754727047,-0.08397156367257977,0.07415795653992911,-0.012844583595232238,0.0,0.0,0.0,,
6.629500999999891,-26.751247863671633,-42.020603145854295,-137.35879744778032,-0.05986748557225136,0.09265292460794215,-0.05445723797863813,0.0,0.0,0.0,,
6.639012999999977,-26.72320167793841,-41.921621036281074,-137.46309668594208,-0.045563484366079196,0.11449623129243988,-0.1305530503783991,0.0,0.0,0.0,,
6.648459999999886,-26.64697784469119,-41.825948087049156,-137.64716259874345,-0.07714106430243227,0.11757664837420463,-0.20059461771868173,0.0,0.0,0.0,,
6.657995000000028,-26.44176660416795,-41.67128715919311,-137.98115395232279,-0.1781989074871412,0.0947377794181499,-0.28807089911408396,-0.013999590581698322,-0.03681604777983241,-0.034563275445100454,,
6.667459000000008,-26.04564395265561,-41.43159127233856,-138.4258555703696,-0.3523686867889679,0.06638109784432449,-0.36821403872146713,-0.024349339708858195,-0.068592800138635,-0.03154018355788153,,
6.686551000000009,-24.469793281291,-40.76767486546177,-139.26085386904163,-0.8495042400259348,-0.01069097135983295,-0.46472526431095923,-0.07115983673083708,-0.13962858276240547,0.029279256390626014,,
6.695881999999983,-23.179497220684745,-40.390705765879986,-139.62673208063305,-1.0874696640542307,-0.013976311543537514,-0.45675530721313595,-0.11227865220963046,-0.17834489253632746,0.08647274594852505,,
6.733856999999944,-12.675614777666464,-39.48756868575413,-141.01361359547593,-1.3887703259119577,-0.24505219627843833,-0.3496005992671999,-0.4264918778994307,-0.3514178249930328,0.37146156440199196,,
6.743591999999808,-8.779781666009985,-39.53696837701049,-141.58964771489815,-1.1759701973146797,-0.10866542555850735,-0.07272443561422892,-0.489545177963978,-0.36319890085690687,0.3828676990804142,,
6.755572000000029,-7.940446978672304,-40.31351211829878,-142.51120523307415,7.221713503352524,-2.1622020818781436,3.4156005338387865,-0.2107454291995647,0.04922009267903889,-0.04769410371278348,,
6.762428,-24.16377985003738,-43.59870555870763,-143.56197411148221,-2.264887368603626,0.44692116819685784,-2.2699258314410566,1.5311334921786741,1.9806991566936587,-2.329382832900242,,
6.772019999999884,-28.526391182244787,-45.39963474196676,-143.2882978525758,-5.553060259818355,2.8995125017220693,-5.388980274898934,0.27584571475510344,0.6687408646570867,-0.5139594283428344,,
6.781458999999813,-21.966541280747236,-46.151611107303374,-141.81071822313427,7.756557874071101,-3.0957244847995384,1.2748458089533496,-0.830954861901673,-0.4311823112338204,1.2257527826921168,,
6.791009999999915,-28.5588203453487,-44.640974915297846,-142.62457979616826,-0.3028299250793659,-0.7450465212661599,-1.7242397855518772,0.9070457844843949,0.3377736015450696,-1.1112046685979609,,
6.800473000000011,-32.5638462322068,-42.610621543126484,-142.72298905395738,-4.841255755941777,2.5114772276010795,-2.678185344510923,0.6977265585806357,0.03801101085136905,-0.6002050776557712,,
6.810163999999986,-29.240133509315374,-42.15242788271225,-140.44907317582766,3.2854967576689362,-2.9893015640244074,2.443708228262895,-0.33936369251103715,-0.37053035405672846,0.8757066280102379,,
6.829013000000032,-33.56130298008936,-39.97186641956346,-138.79817687060245,-3.501345165168436,0.3028305281083368,-1.2862159760199119,0.26005894917424016,-0.07565107535335236,-0.04192340442545959,,
6.841154999999844,-30.84781472874886,-41.239933706196354,-137.0271765141371,0.8460049051981364,-2.0411501170718633,1.1223040895269578,-0.48830220269271174,-0.0814676216164032,0.702338235889654,,
6.848207000000002,-31.19661087415373,-42.89111765770691,-136.16672779101307,-0.4507382379380975,-0.19301349236695764,0.5087020581272385,-0.20107502569211108,0.28299679518842186,0.15252220381737183,,
6.857543999999962,-28.966961724983598,-44.071361403666316,-136.22356791091025,-0.5636838231616752,0.47392646944318795,-0.671298005883788,-0.4094594753239984,-0.04637666013355511,0.3336051437987747,,
6.876743999999917,-23.53736651822512,-46.95690189940949,-136.2942783390291,0.282947532850013,1.1250252169899877,-0.12341648891790392,-0.3956958296784505,-0.0026009906047080103,0.24835645002289433,,
6.886273999999958,-19.595365712505554,-46.72703611054317,-136.873658143145,0.2933441424669777,0.8273731904323038,-0.3638214425020747,-0.37234397138523995,-0.3994851234367486,0.40764926929581435,,
6.895763999999872,-15.887985379761467,-45.96907493821347,-137.35899655075514,0.914292167041153,0.5285884785518056,0.26206049249938784,-0.2842774043527378,-0.45507424879307423,0.3898688603710473,,
6.905271999999968,-14.23903418598383,-45.51861241430811,-137.49319634393746,-0.7067778745204318,0.3820513237451954,0.5957210586275741,-0.12182307268720584,-0.21706708886717227,0.19931188439003017,,
6.914802000000009,-12.517735163006039,-44.63396376811078,-137.18400968959457,-0.6814492052285648,0.1087777005476486,0.9228789385469612,-0.07246319207857373,-0.29029258009692116,0.3089688941867598,,
6.924263999999994,-11.59890210451462,-43.980321302925525,-136.39650722151208,-0.2456446651994563,-0.08349244491813702,0.8319350774270627,-0.02004230094734535,-0.1809390989256489,0.28887581879852436,,
6.933827999999949,-12.317300585706144,-44.397326678458626,-135.26644477825525,-0.793389961009466,0.08953566764770257,0.53455215900848,0.002052246086863543,0.13635252292911426,0.12863162455587931,,
6.945789999999988,-13.001054899864746,-45.05903607553742,-134.33673363746883,-0.12866518790791656,0.2970269489862598,0.5300707031608337,-0.03902343277676004,0.16692614304482045,0.1237407406119705,,
6.95284300000003,-13.926912424154162,-45.54767576822148,-133.9003972111761,0.42325489905209107,0.4591736275729113,0.01174781007214839,0.007118873907981866,0.16625927231535834,-0.006597875973793053,,
6.962305000000015,-15.138216101216992,-46.170691487101955,-134.00759222710846,0.11593996920754306,0.50744937717852,-0.5263318239717294,0.014258902231004976,0.21298295037350554,-0.15795299526384615,,
6.971831999999949,-15.731410155311012,-46.48594804197148,-134.66947121034315,0.4786690533992724,0.37769806264667477,-0.2512146347513171,-0.000997890390038578,0.10782430116989133,-0.1812051295004362,,
6.98136999999997,-16.23149208812631,-46.16880706536921,-135.71654101326743,0.19485389450373927,0.21080529192714914,-0.37235593512018805,0.08070548011999848,0.008917397207290139,-0.26139219427899674,,
6.99087899999995,-16.612013258937697,-45.698619195764365,-136.59588154458646,-0.17591671581802001,-0.06673492011495095,-0.16947992319002705,0.09044328116937156,-0.02563622436369558,-0.23547196920941665,,
7.000393999999915,-16.938688831203045,-45.13505175099733,-137.11876356782395,-0.19309309495728072,-0.34038466555441454,0.410847540174088,0.0977347824715376,-0.04523904292523829,-0.1612446567132385,,
7.009909999999991,-17.481702777480333,-44.40804637149488,-137.31869786001664,-0.5851843767000847,-0.46833066903797355,0.3019866576937129,0.14259592151045533,-0.04871378537521027,-0.11290338449255516,,
7.01940999999988,-17.986563831209246,-43.97871384477622,-137.00920024641997,-0.5032145951172138,-0.47356914187993115,0.24394769572579614,0.09860863618593964,-0.008073170844953858,-0.00482695648976069,,
7.0289329999998245,-18.598022529746324,-44.03472341073636,-136.30831981752547,-0.2492292639920095,-0.3294307954909329,0.2768872508713489,0.04329158875748474,0.07423644772807612,0.058963206503921464,,
7.038459999999986,-19.085541974374287,-44.22390648001537,-135.68826197175588,0.0,0.0,0.0,0.011059558158171594,0.08148076036397399,0.07463655996041905,,
7.047900999999911,-19.170128016032418,-44.4548037541959,-135.40125195903738,0.3896506737489919,0.29495153962374804,-0.36888416538656577,-0.036782340716128126,0.047032782930269655,0.06803004169967988,,
7.057446000000027,-18.998212890462703,-44.74270837214292,-135.58316061849965,0.5629387112803569,0.49452010305260236,-0.3729751508736838,-0.07092747118992945,0.029538471355482425,0.00608118876346531,,
7.066996999999901,-18.46202039438574,-44.637022266546964,-136.21568343303514,0.5246394464844434,0.5469808008931905,-0.2577651978583684,-0.05299409414759889,-0.06274163693744249,-0.07342279597632835,,
7.076509999999871,-17.742295057658463,-44.07310340281225,-137.27278318176562,0.3397634629068787,0.4523452988821622,-0.1694689721692299,-0.010385253903280286,-0.14713689957597978,-0.13857891275199502,,
7.0860029999998915,-17.296506300589375,-43.478121703000745,-138.46464570913093,0.05041385175144641,0.2819456342886043,0.14617701654900775,0.01925626127603605,-0.12568645104345572,-0.17318170363483246,,
7.095510999999988,-17.20328634253566,-42.90061211604624,-139.36987433156506,-0.17125616534854896,0.09157843690614356,0.39785595766774884,0.052919002174051946,-0.0900274145038891,-0.16489416802847065,,
7.105024999999841,-17.47729967989965,-42.37296560233918,-139.9041962181385,-0.2411037684044025,0.011714012316347257,0.28504466392359146,0.08641325186779363,-0.04814357282303129,-0.14063236640645888,,
7.114544999999907,-18.072489316937432,-42.223948988400764,-140.13554350685672,-0.14470025170971107,0.01737780635547315,0.13743370192680468,0.074015164964264,0.040085657485760595,-0.10852728097469311,,
7.124024999999847,-18.73767498463819,-42.36036420991181,-140.27936645146156,0.11614828991993309,0.048895620689568126,0.03612268631479268,0.045630789557799346,0.09050556533106237,-0.09739730329865771,,
7.133568999999852,-19.233983465271468,-42.4953733133591,-140.6555166365974,0.2736017845319464,0.10662407263938213,-0.25930054701528316,0.026853837758630865,0.07417318357746906,-0.12895032034785003,,
7.143092000000024,-19.411961160868767,-42.685592013945225,-141.4172340701407,0.3951511718443954,0.11506917924771426,-0.3706187725807145,-0.01595060866176028,0.05296039918971482,-0.16537881368968146,,
7.152550999999903,-19.292097623544926,-42.90056553377975,-142.54595416307225,0.3567130175475414,0.039743287389437804,-0.24522979401316636,-0.052651743197155675,0.030157298916222403,-0.20138987835131691,,
7.162071999999853,-18.93066827444027,-42.93961815552318,-143.89313919226328,0.1474944050805277,-0.05168623722538468,-0.14282876189543764,-0.05924484596840498,-0.018161035521911124,-0.22076780462568105,,
7.171640000000025,-18.506329548115513,-42.91281876015097,-145.12017281930977,-0.10675140204713977,-0.1392836293669179,-0.06502173501763928,-0.059534397212797345,-0.032995475925971574,-0.19590849210540703,,
7.181147999999894,-18.222733760935792,-42.98167131370723,-146.00501305449566,-0.3083899755224247,-0.2027038074654299,0.0860680864983609,-0.054032988506252023,-0.004449606044314772,-0.13477157265271444,,
7.190638999999919,-18.105931015008398,-43.06379259543641,-146.3982386483218,-0.3985661411375859,-0.1802512975436241,0.1086033604752919,-0.03529333457911545,0.011907673228901653,-0.059133574613127876,,
7.2001759999998285,-18.134746561121776,-43.177731712004835,-146.34003266522578,-0.366431152350186,-0.1292088354563633,-0.04668583650776669,0.0,0.0,0.0,,
7.219118999999864,-18.253331784984294,-43.57448569638299,-145.75127080102737,-0.08827007829083347,0.06471424041668601,-0.24123919949997522,-0.031028922440547137,0.0384204335372927,0.06380499716097308,,
7.228625999999849,-18.02283082473272,-43.60345713251639,-145.7906257330138,-0.02832885324267334,0.1448584050130145,-0.32348329074811605,-0.04293628606191849,-0.006375503471612879,0.035647723559411114,,
7.238168999999971,-17.56875035297687,-43.53013877274312,-146.1445538995788,-0.07396599756277589,0.1619028849312359,-0.2618789780869417,-0.05838520919666056,-0.0414110231262186,-0.00974748295250324,,
7.247701000000006,-17.00969691981417,-43.356423531397525,-146.82604531632646,-0.2210012141270684,0.13698588845118106,-0.116525146821924,-0.060535513012351744,-0.06617004606970246,-0.05591321826275653,,
7.257247000000007,-16.491485241040326,-43.092538880875985,-147.5974034713493,-0.43883399938125045,0.09141644701322603,-0.013632953058413099,-0.04688376048558393,-0.07756891425653954,-0.07991647708479875,,
7.266725999999835,-16.15367794083304,-42.85491816476113,-148.1846972565388,-0.5986686946845564,0.04308035797747684,0.05788700757134823,-0.028540715348574476,-0.05872575462947556,-0.0681277475114057,,
7.276237999999921,-16.071888182560343,-42.69531669773862,-148.4126521929793,-0.6528042487448089,0.006148406354031236,0.08045318448325849,0.0,0.0,0.0,,
7.285750999999891,-16.2168879155065,-42.57885664307544,-148.26984452133215,-0.6134966256917254,-0.010185038404873153,-0.007506496873992952,0.0,0.0,0.0,,
7.295302999999876,-16.480178150685326,-42.48479134715575,-147.87389058422647,-0.5201880079083575,-0.027592939479588317,-0.12059384099081419,0.030953425427848964,0.012414691458478367,0.04687801943662902,,
7.304836999999907,-16.9989151155678,-42.84184829516589,-147.24241487792904,-0.43054238676788964,-0.06470918214882748,-0.16723374931889834,0.030263927599707734,0.0032752487418820126,0.05913741508807312,,
7.314359999999851,-17.23700288650347,-43.1250737734837,-146.85833214262564,-0.44483519735787186,-0.13796082927481199,-0.14433475691801068,0.018470688866484602,-0.031692571703657677,0.047712370306639204,,
7.323797000000013,-16.98032159087039,-42.76445232536304,-146.92346361354873,-0.6066590349642308,-0.23485178573468157,-0.01037973041706354,-0.0040846661950071465,-0.07335286881082095,0.02541919517260771,,
7.333242999999811,-16.487782885639533,-42.341555228538084,-147.24158482512357,-0.8636127760279176,-0.3888620536911957,0.21232990214312258,-0.027010038861924775,-0.1028872446497707,0.006354735646395829,,
7.342801999999892,-15.864828328026462,-41.90124694337718,-147.6457655608257,-1.1990096079460955,-0.5163968130235965,0.44584108662581723,-0.042615025879089954,-0.11641892698386701,0.005952921232386961,,
7.3523119999999835,-15.21087706873052,-41.54619246463837,-147.9086604817296,-1.4917387776520712,-0.6307331727046899,0.7025471150493623,-0.05691669501063558,-0.1045955619106913,0.03755979116581078,,
7.361816999999974,-14.657758224394918,-41.32038589618437,-147.91229131467927,-1.6876557141837814,-0.719096331120257,0.9239390843203958,-0.05863331237129696,-0.07477878771673616,0.09323377426852478,,
7.371345999999903,-14.327955510049751,-41.20041592341389,-147.56487749569885,-1.7053701567932906,-0.7559466205873204,1.0137989278691368,-0.0415831542024532,-0.039265311729797366,0.1534922467065849,,
7.380835999999817,-14.327259795406489,-41.251418615621766,-146.77114670690224,-0.07561276616400735,-0.21009060910985775,2.565248791848554,-0.018084055337245334,0.0158779616144514,0.20281516011072848,,
7.39025300000003,-15.165451733645556,-44.34399097452973,-144.96220155382602,3.1751190052433214,2.1656834283711826,-4.0929656124166005,-0.25653521725697065,0.5898206022690468,0.31836030967141454,,
7.399691999999959,-19.874116523828167,-55.12866801899825,-139.85186313729693,3.000675102708663,0.8785155785015327,0.78962005189747,-0.8321697164460724,2.0961404128471686,0.4579587252284379,,
7.409195999999838,-23.396431940910976,-56.4031989809314,-136.4479525074353,5.178919521102294,3.8826870052366114,-2.543264286720811,0.11481172770260137,0.4614016385613893,0.18345780848117796,,
7.4187829999998485,-21.635078689655394,-53.516030526547084,-136.94613061811842,2.7511430574835436,1.0847567149715316,-4.898336994452727,0.23798540442973928,-0.5530869093391041,0.16984353391685292,,
7.428396000000021,-21.388946416118525,-51.75814151664206,-138.60039139425405,1.4376586577706882,0.7473445988446986,0.6718064144448246,0.20334046280982168,-0.2735856204809826,-0.33518318441711364,,
7.437907999999879,-18.38343427715992,-48.09051236571891,-141.91459679249857,-0.9498575203273629,-0.71326224617656,0.7107698451612804,0.16195662487430726,-0.8051900535601172,-0.26119186762183244,,
7.447415999999976,-15.989836011384247,-44.986158226201674,-145.21842938256978,-2.2443657874158434,-2.014573530390705,2.6031854069060305,0.09378725214136946,-0.6885731864339585,-0.36981864153692706,,
7.456922999999961,-15.45649959083722,-44.18420282519603,-147.81704961647145,-5.063713775641259,-2.239317001496712,2.945236855430817,0.013582101920549204,-0.16812038937378365,-0.4716060875166725,,
7.466445999999905,-15.211134592760377,-46.45483881346433,-149.47713076030306,-2.6847516028497385,-1.8528888781044608,2.900880753592908,-0.27738373949535766,0.3790645634122347,-0.2669034332544698,,
7.475961999999981,-15.788066643505392,-51.20431523872376,-150.24788273212334,-1.825208867109249,-0.7898338629496775,1.2166486199654307,-0.4211923801015624,0.8708007845505116,-0.18349932086276433,,
7.485472999999956,-16.007761672266064,-56.22777518681286,-150.26114627840482,1.4260551830326509,0.23192741033355155,0.5568675092395373,-0.48671272438191465,0.8964218305243583,-0.00560449603149998,,
7.494871999999987,-15.985242059173235,-59.69967417380852,-150.2450716441998,0.9013934779678094,0.6084340615640657,-2.1453338284631394,-0.358076099075544,0.6120042309676629,0.011262501974712727,,
7.5043819999998504,-15.482009006656519,-61.64367249780894,-150.30153118955133,1.6945728861839569,0.8536974915883812,-2.766132613303768,-0.24694568816976334,0.32278280046562796,0.06531172304764873,,
7.513821000000007,-14.808817518092024,-61.687562404598154,-150.7052901012778,1.4670862427532103,0.7058463514936794,-1.7527458399791078,-0.07056196237505856,-0.014979610948270616,0.016017796116998717,,
7.5233489999998255,-13.738009163199727,-58.69595871146853,-151.67808068955142,0.8829535148346096,0.5015085392885412,-0.7211326199557335,0.18637152966139103,-0.5675575315177761,-0.06303802455871882,,
7.533028999999942,-13.097147959314563,-54.577459850862816,-152.38055120400003,0.13818708377636077,0.13799173718966723,0.13258699940143626,0.3137855922543072,-0.7534663402035746,-0.028623775964500935,,
7.542526999999836,-13.363982245122001,-51.829485874954244,-151.4150212927497,-1.4048336306776805,-0.573004594031233,1.6852643209843425,0.27777506492396686,-0.46129289091483805,0.08009742469151648,,
7.552050000000008,-13.981263862133847,-49.81064714544498,-150.01050990829958,-1.4689085790005443,-0.8115170167511828,2.634640068867748,0.2549019193140099,-0.30595185938045383,0.1487025965760167,,
7.561553999999887,-14.900351934943759,-49.16698817308521,-148.44963266962944,-1.8545734325867993,-0.7373653109302711,1.0203320647249576,0.15693196793252695,-0.041523171805818444,0.1582495390840833,,
7.571057999999994,-16.23033453261944,-51.013058237819,-146.8124314715979,-0.45828627266957184,-0.2661722295525451,0.7422925670141481,-0.0651720619203767,0.4118548989720879,0.14569836493673946,,
7.580578999999943,-17.597802544137878,-53.58595491177297,-145.83953967448758,0.9362844961649854,0.34759661358807814,0.2726869534642059,-0.15723511698741272,0.5301461903147154,0.017655463737374075,,
7.589905999999928,-17.968258544453462,-54.95935942459087,-146.22175500422048,0.9579838428427924,0.6607866902770085,-1.5885813727996876,-0.1290200267781795,0.2607293024165339,-0.12407040469490271,,
7.599426999999878,-17.664165283690348,-55.71500151678569,-147.4062586153703,1.484002263194145,0.8954500694573699,-1.9258417031353716,-0.12297743207810671,0.11612934667672731,-0.20520157927788027,,
7.608928999999989,-17.160287183556097,-55.63140011506053,-148.93566803751878,1.1982397272001286,0.730295821278357,-1.0321358247222503,-0.05021045254925628,-0.03564884468113954,-0.26522468391088627,,
7.618628999999828,-16.59028293499663,-53.47760233425677,-150.53203957114783,0.6181971568416613,0.3852179354880755,-0.36548303529500525,0.15085945241160142,-0.3968959883742286,-0.29202880878767884,,
7.628154999999879,-16.9738789094829,-50.592923749022916,-151.13282740605456,-0.264757010838614,0.017195594013763905,0.018509735636656907,0.31338909388134284,-0.472065762005209,-0.23644484202186158,,
7.637651000000005,-18.338392747477105,-48.607519808033224,-150.20129531775052,-1.2654694856320243,-0.5401374790949202,1.0476452053678729,0.3385625749130246,-0.2508507543275082,-0.04805681959620214,,
7.6471520000000055,-19.79187740099362,-46.82610236805203,-148.5211517072853,-1.2310486375963612,-0.8548700925871505,1.3936035808492278,0.33920740780580855,-0.19862445608356505,0.11290099176716957,,
7.656672999999955,-21.205816078757465,-45.92676958568256,-146.58637392942046,-1.4744582529632015,-0.754404661721759,0.27904464176105986,0.25005470895289267,-0.039050459761627236,0.18663768620316343,,
7.666181999999935,-22.45799136221546,-46.770687110817214,-144.68891145690253,-0.5923063355571382,-0.5514257034842913,0.1997043343543182,0.03606225908138025,0.24522164763336607,0.21740596889884092,,
7.685019000000011,-22.5195369254425,-49.419493751223385,-144.21690815899893,0.2823540281324279,0.23430875758381106,-0.8619111417920233,-0.21278896108804332,0.14768918711071283,0.0096129199420518,,
7.694536999999855,-21.06307888719631,-50.45823483508379,-145.53118901986002,0.5264385743276752,0.3613894367686037,-0.7734677790576127,-0.2844699604910966,0.07041342982071333,-0.03511511196112834,,
7.70421999999985,-19.498956143174297,-50.97492768271106,-147.01572169713867,0.18053969890008828,0.33451433185110746,-0.16968898951298464,-0.2335311321414893,-0.01589778649031491,-0.07420632552094154,,
7.713722999999845,-18.23872638645055,-50.37358343566729,-148.1961472339642,-0.20228140844261355,0.16418577687699765,0.17869058589534012,-0.08148916239268446,-0.17909881867015176,-0.060084646079285535,,
7.7232349999999315,-18.13844136557791,-49.45442341024952,-148.1328775666047,-0.8429616635695886,-0.08495199190986692,0.2831519133376575,0.07497817845999821,-0.15489097211416117,0.011694245927107228,,
7.7327510000000075,-19.176982662575316,-48.76390388418249,-146.60168918949094,-1.0068770685048631,-0.29158134571451944,0.6185830515047934,0.1777402638748962,-0.03492404629281108,0.14386933898993645,,
7.742269999999962,-20.71780965981815,-48.01367552420315,-144.2274928852276,-0.7216242873798772,-0.3562968744742949,0.35727817464311773,0.24225399281052093,0.0003060322821361868,0.24892773207611904,,
7.751788999999917,-22.310466528468147,-47.43933718513825,-141.68554098405326,-0.4537770186592896,-0.1605181828617826,-0.3245071867933879,0.22862016890595233,0.04476623889145692,0.2773926195118695,,
7.761286999999811,-23.333766986959418,-47.25347952920676,-139.70419732366383,0.13240833195083726,0.06448748742204762,-0.5298921217328598,0.11897620080910593,0.06620003843633158,0.2506237262921332,,
7.770830999999816,-23.160767951318554,-46.98004090117654,-139.13557953188933,0.3675719094730897,0.29431468981267644,-0.7027670582109898,0.005647919899858127,-0.05003192417505078,0.1440063578134562,,
7.780119000000013,-21.622040017225146,-46.44737699042504,-140.1086213955913,0.301929351424827,0.41054487104630794,-0.7368497726049857,-0.10392720993891413,-0.21123207510018485,0.03419628055983304,,
7.789798000000019,-19.30000795974912,-45.829699820617755,-141.96979728742076,0.07455760162202453,0.3467944230731445,-0.2982845381463973,-0.18473179014860497,-0.29186031083024383,-0.04558307750904389,,
7.799370999999837,-16.997941224071436,-45.008247652207444,-144.05439893260382,-0.215069657601584,0.30201774048080643,0.08030956494858747,-0.17147956215574817,-0.319018657594861,-0.09842548585562433,,
7.808867999999848,-15.266980485654337,-44.08501676199134,-145.64849920773196,0.06457151946398254,0.5282178649515303,0.2809331004945553,-0.10770849820459652,-0.2861743212753534,-0.07890353196138801,,
7.8183899999999085,-14.275296686413911,-43.600804516333255,-146.2837951250542,-0.04940185730801927,0.6288423304547502,-0.4427463444333488,-0.0768257574756747,-0.15323172881316954,0.02093240647260056,,
7.827855999999883,-13.712093725468693,-43.073706191257806,-146.23492555979198,0.696081720542149,0.7057274228163234,0.20926617104028616,-0.022158077922315403,-0.12616790297708072,0.10818217622075127,,
7.837397999999894,-13.321324448340349,-41.67410063433055,-146.17686772816162,0.2385725803447646,0.39953579759389535,-0.3652957175742823,0.09505799754658645,-0.2581839178854925,0.09017704891293563,,
7.846910999999864,-12.840613800993655,-39.935546526654484,-146.38870614610738,0.579435144573656,0.2820063155943849,-0.04324760384844364,0.11970650724358142,-0.3232409693850106,0.04752211770987913,,
7.856405999999879,-12.30762477261385,-38.550039749053354,-146.86567199588862,-0.028559411453023216,-0.11408373922959343,0.29657350037761987,0.07084877507212767,-0.2702194664112849,-0.016409839607335094,,
7.86590799999999,-11.457596504162355,-37.1005079463012,-147.7520572033277,-0.10670494813795683,-0.31511212689574514,0.4992846788559355,0.030991187503536227,-0.30984817272777965,-0.07108155806636554,,
7.875419999999849,-10.686463841407823,-36.105584172290875,-148.90169991279163,-0.3316468154489631,-0.45003905918180404,0.18925693193459914,-0.013472645881741168,-0.2274009510646,-0.13638357949608082,,
7.884935999999925,-10.016815192827407,-35.93530720686514,-150.30335854104433,-0.39011937645167166,-0.41903830133448805,0.16694018404116834,-0.08892018195744789,-0.07662934508577764,-0.1630284501571505,,
7.894444000000021,-9.246812990268788,-36.03752419142583,-151.79300019416485,0.07069223353598236,-0.34613231594435423,0.30536798002181503,-0.1315354738497855,-0.034445507273612584,-0.15882915453780583,,
7.903976999999941,-8.591207394347329,-36.01189323461748,-153.29638224092335,0.1748475655960693,-0.1462894733408897,-0.10483537013148994,-0.10417805814776587,-0.04527308376310481,-0.17257114412432095,,
7.913481999999931,-7.629900558097639,-35.96550090571715,-154.66690594857076,0.09954562265478796,0.03246808344388421,-0.43801610997101353,-0.14818507776937875,-0.06816505177949647,-0.11021275376216663,,
7.922990999999911,-6.32165599944369,-35.81967910552247,-155.86841750397681,0.3424826362311928,-0.03365871867503812,-0.07772190950641948,-0.1928829682127742,-0.10661658021679808,-0.03610743164559921,,
7.932502999999997,-5.344216568437916,-35.38007548756506,-156.91780264392872,0.02393132456706909,0.16487331930293883,-0.26053390947826244,-0.12287894573258494,-0.13577702352808282,-0.04959598708556942,,
7.9420410000000174,-4.258416228430836,-34.93855734598469,-157.74135380948422,0.08733092187485379,0.13888699626962833,0.056381009467651816,-0.14224374061447012,-0.14140684947149038,0.005217046970834646,,
7.951532999999927,-3.6538203471708948,-34.62096694057788,-158.38774899920205,0.05452438200815387,0.1615724236286431,0.36950579025606384,-0.08066599342812548,-0.08746395710574406,-0.005910242730880191,,
7.961043999999902,-3.4532360173887966,-34.2926115576807,-158.8260279668752,-0.22968999416067531,0.25475507818406495,0.1067232451327806,-0.018937435902917292,-0.06470101945734033,-0.007430351743540459,,
7.973002999999835,-3.2630586460772846,-34.118436169216324,-159.1161835573224,0.02756618408982836,0.12602329892073078,0.2589178002840387,-0.028888537062097576,-0.03517971782974293,0.02716326251888226,,
7.980021999999963,-3.489672542044082,-34.177600035563756,-159.37505973925332,-0.11017603058349962,0.16131602591000832,0.013000226301510143,0.0,0.0,0.0,,
7.989608999999973,-3.6869517120492614,-34.08390229639936,-159.63882781131693,0.11449392499258249,0.10333539913819288,0.02386934318630291,0.0,0.0,0.0,,
7.999155999999857,-3.7941846017120806,-33.8407157832299,-160.10514076541273,0.20475468313121312,0.07042551029913553,-0.08244061841916647,0.005989262486877812,0.01828839054753751,-0.055287214102878436,,
8.008602999999994,-3.7971839434504826,-33.83481278401129,-160.73889103289042,0.12149400048864162,0.07388123060300929,-0.1412666512570128,-0.010698693683965064,0.008095400474620007,-0.08382443533409724,,
8.018182000000024,-3.4723597805619764,-33.52188252665859,-161.5576567451997,0.1827967322199955,-0.02568268662623716,0.060784641924349576,-0.037115526243614944,-0.0296681692447156,-0.08420711346227805,,
8.027659999999969,-3.326466612245201,-33.275587271568135,-162.31142167413486,0.0,0.0,0.0,-0.017479085595934737,-0.04341766341990857,-0.09258518358330328,,
8.037149,-3.123771457682034,-33.099222836987074,-162.87664990558267,-0.010314629530191743,-0.05485804826355528,0.1290517183842145,-0.03321218546282988,-0.03444163736795625,-0.0503402246402019,,
8.046593999999914,-3.008452773517042,-32.99070119948868,-163.20073366150302,0.06954991260009728,-0.10270470171664078,0.23771313376304107,0.0,0.0,0.0,,
8.056136999999808,-3.0405472601557735,-32.962880115018386,-163.3848157360286,0.21366199074384856,-0.09805755727108416,0.19324449818407527,0.0,0.0,0.0,,
8.065603999999894,-3.1308295602203637,-33.09113210260215,-163.52245118235197,0.5153106149940391,-0.1541753145219402,0.2373854079281379,0.0,0.0,0.0,,
8.07515699999999,-3.395677864975254,-33.31938333464132,-163.7717649975479,0.8555142391001751,-0.1555979594195533,0.2648080529919523,0.018703896000215665,0.06590889002623063,-0.03464498292986018,,
8.084678999999824,-3.7843322241893023,-33.59171249182887,-164.30748742491252,1.171098290034622,-0.16257031468867938,0.22562740662301578,0.0365878769715619,0.07996980716411506,-0.109213490851607,,
8.09418299999993,-4.343416855962906,-33.92426097797533,-165.16404655719504,1.404331185841529,-0.23003835659188882,0.2120962937254308,0.06164681046274477,0.09864152678972789,-0.20018288213316573,,
8.103554999999915,-5.1533528200065275,-34.26723064673662,-166.3198538322976,0.06273649518141299,-0.32145599577364503,-1.6985010981359332,0.10296764170381204,0.10977882389090417,-0.2892418718672222,,
8.11298399999987,-4.658660604904335,-33.119566006008,-167.3845326895173,-6.080068287159445,0.6931643275923564,-0.7415218432143729,-0.038551144910896055,-0.23218927414490978,-0.13613163585562824,,
8.122716999999966,1.5464666775640932,-24.600668697325233,-166.93976242419654,0.14661354084783898,0.7567606857892386,3.3050124679256365,-0.6912831286309785,-1.8956446944031946,0.6506511914604369,,
8.132048999999824,5.943696907236683,-22.700646563312258,-165.64823553556633,-3.4221924924918414,-1.668474506302201,0.7277671388070944,-0.7049357993912269,-0.5518465389758731,0.6082925042220988,,
8.141546999999946,5.488494203231534,-27.14693648938754,-164.4844316694071,-2.7642774287278375,1.0102424227414335,-0.7570854258664875,-0.1574366764184791,0.8911707167702326,0.28936682037069184,,
8.151239999999916,7.307155952656015,-32.38141995760275,-163.01856498368076,0.8694083389885648,0.8355345129283944,2.8205578578477084,-0.6039280521899787,0.9296528323018798,0.6052339949715555,,
8.160584999999855,7.1155094025614485,-34.439087993346476,-161.75151985776944,3.0009986669168374,0.6392260300377006,-0.4546108115383615,-0.10477311774604714,0.41078414355298054,0.3334284644458067,,
8.170180999999957,6.242401986443827,-35.80736504798242,-162.19747881085692,2.822832228572042,1.1002140387895278,-3.5952099981115953,0.039757645783435144,0.31282505601715566,-0.13467430270663738,,
8.179598999999826,7.665495037745024,-36.84242289883947,-164.57683989461626,3.254219501493683,0.7003155421507801,0.2191621251353334,-0.2910476340871094,0.14185787862451227,-0.27233898669836565,,
8.189108999999917,7.803785779230606,-34.077219254042674,-167.44028198441768,1.9182669975779227,0.5126242118008457,-0.3313227090723337,0.10065826742719904,-0.5340326742352196,-0.5588234036201698,,
8.198825999999826,7.4563317353467164,-29.918683169786544,-169.92631924943927,0.5521134867055747,0.2843729250142315,-0.4124981428353455,0.21096066057447863,-0.7956703996404036,-0.5487038085939304,,
8.208319999999958,6.60480422974497,-27.70762957804815,-171.79590999595666,-1.0490436252830748,-0.19445217642683296,1.0257589558662352,0.20734239243255045,-0.40366653486404436,-0.44846091606936117,,
8.217819999999847,4.640724913666648,-26.319879117966014,-172.3015952770898,-2.9048394930596046,-0.21940665649575639,1.0282682938487038,0.37519799842649715,-0.21690090111782254,-0.2578275608967299,,
8.227100999999948,3.252855112917846,-25.19806997374123,-171.25798697376663,-2.40283915802031,-0.7214886827101227,0.2801171723334297,0.26953756112241484,-0.17655711109971609,0.10610232107527251,,
8.236673999999994,2.0601057654004045,-26.393796074208204,-169.69041930930334,-1.6189351364989186,-0.9203893062150699,-0.18202686255552997,0.1627210712876484,0.28147495206299916,0.26705506042542493,,
8.246365999999853,1.1103641590067612,-28.775562463604114,-168.30042009471026,-0.2026077373548565,-0.6196710383092583,0.369175509171433,0.06564210796180461,0.5101681537743166,0.2769015223768002,,
8.255691999999954,1.047856526969162,-30.371038955204195,-167.61630080583294,1.0650689858708802,-0.3963681148917954,-0.48309622285088927,-0.06569214540430375,0.32487955668684476,0.2167851874215235,,
8.265201999999817,1.9965227948595865,-31.415562974647777,-168.03384351346483,1.7192318222995078,-0.1639013153107146,-1.282334961523772,-0.21382592460054772,0.180589648124086,0.08586799555090133,,
8.27470900000003,3.8874570796591668,-31.962969075463054,-169.5418609858999,1.6388088148547821,0.01324984605558145,-0.5653101280255368,-0.3480655396126032,0.05553502370160967,-0.051947060733997415,,
8.284404999999879,6.11970340790582,-30.717961798159035,-171.53490252302674,1.0718075321341463,0.21059219451392705,-0.10022808344276508,-0.3464580789275645,-0.2984716596221266,-0.1491176777840464,,
8.29391899999996,8.152152207321063,-28.253790389530884,-173.35205320536122,0.2511508377709157,0.302390152747913,-0.011241749822666779,-0.2965380085616041,-0.5258575939215624,-0.17136643944123442,,
8.303434999999808,9.520051523561614,-26.39917411868658,-174.69686701904575,-0.9618627221730385,0.28940574883228637,0.6428729554149408,-0.2134579312302337,-0.384662748126391,-0.14681752609382712,,
8.312946999999895,9.817559353494689,-25.040525731040365,-175.1199736595595,-1.8725447144181777,0.4094656771448681,0.7772183670087106,-0.03946112912144784,-0.26564986569770976,-0.04502885586570314,,
8.322443999999905,9.607857521953026,-24.253598550441524,-174.52239116203424,-1.696162127505123,0.19982909187131945,0.31789991580482135,0.042052905174869176,-0.14352790008510202,0.1273708272346233,,
8.331959999999981,8.964018028407516,-24.89473961190271,-173.56555113394322,-1.0599552179116527,0.09295814658775524,0.2343354055891546,0.09344991035942433,0.14964708392907983,0.18559806330277842,,
8.341469999999845,8.057478474219913,-26.19516677442424,-172.73937848712671,-0.10714539139023968,0.09149793744186134,0.40288578737146685,0.12208565414323118,0.2877043638897925,0.15167058055684404,,
8.350982999999815,7.192083245400612,-26.974225495951277,-172.39630923373898,0.8700127950017912,-0.028392641903114302,-0.049800591482979766,0.12362793267232607,0.18442092562733586,0.04991430519141673,,
8.360320000000002,6.605099740530774,-27.271253907627344,-172.92286133563874,1.3059414461471923,-0.029322362684683297,-0.4577787671890881,0.08611528814523829,0.08236317363743584,-0.1166455740352222,,
8.37000799999987,6.587856519260831,-27.009118827457858,-174.3029455221421,1.1312606630034987,-0.06216261591750536,-0.24615698322195453,-0.0010895569703969466,-0.04142139844530837,-0.24958806880123213,,
8.379513999999972,6.823765576811514,-25.77023545981084,-176.0997667013296,0.7348850062458341,-0.02926185894369186,-0.07677544470095404,-0.03115635957523982,-0.240098059823788,-0.3225319409371615,,
8.389048999999886,7.0382387626081355,-24.198422267798126,-177.86655468882498,0.05175701934787336,0.08409962794754786,0.009845487871329236,-0.031659116548812115,-0.30546265818510143,-0.32290520427144714,,
8.398541000000023,7.296845240095807,-22.882651642166334,-179.18380413170294,-0.737952102090059,0.1363006259208197,0.32945786935979604,-0.04981232658489997,-0.25348570041310625,-0.22078947550312408,,
8.417555999999877,7.423707498582392,-21.240256611103355,-179.50347118315804,-1.0811577099923857,0.0419633623356165,-0.09073249143193014,-0.008884016849979222,-0.089257405457921,0.06047396806206585,,
8.427072999999837,7.593917804958742,-21.64815278798882,-179.14578891350703,-0.6551960088778493,-0.021205585223600838,0.16786135051081116,-0.04133317704408099,0.09249677843920522,0.13265048661884324,,
8.436566999999968,7.789054993561567,-22.268977079666588,-178.91662009488522,-0.06661269268195412,-0.017303496909013383,0.10656969949623396,-0.046949316199840586,0.13486206919483187,0.11625290356848436,,
8.446113999999852,8.216672592788825,-22.634593888704472,-179.15031158724426,0.5146850132457593,-0.026956207149313637,-0.20900620377470375,-0.08911686150809534,0.08312352866052164,0.04093248227820519,,
8.455629999999928,8.921800147709636,-22.789657360190212,179.9797183709336,0.7082659567130294,0.01884281918674741,-0.16564941307603545,-0.13923356756195518,0.04147466907054584,-0.07552234298166412,,
8.465136999999913,9.726611715075649,-22.37976078870525,178.63837117201197,0.5168701771328706,0.16504243508051616,-0.05551666712624984,-0.15851732637357346,-0.06882530632641867,-0.16814358135029114,,
8.477096999999958,10.492973540218097,-21.34210738361805,177.29750110284036,0.2038848214694603,0.2530559703029809,0.0300398420009393,-0.15826280174326293,-0.19117400440545496,-0.18713275306467148,,
8.484140999999909,10.906162747704034,-20.305716441152327,176.2907444592697,-0.31785480067413857,0.3551296708849464,0.09967661199299965,-0.09705944789901078,-0.19147253620311558,-0.15533495820643795,,
8.49365499999999,10.906056797788692,-19.594855855425983,175.86410370572435,-0.7606350000792558,0.42727852574255876,0.205096819581073,-0.017826039681720484,-0.13060820970454506,-0.057251801366262164,,
8.503158999999869,10.590821567941433,-19.244954535052877,176.1728673731063,-0.8124122339503028,0.29686884241196704,0.1499120539010485,0.04647595907075755,-0.06272933330763271,0.07610449269738008,,
8.512636999999813,10.00408766035301,-19.486211633834255,176.98046560460173,-0.5965116065720764,0.13794308352471313,0.037168523279061026,0.10555757834099158,0.05275449964906637,0.1650343125296272,,
8.52215799999999,9.341873452989361,-20.17066752180139,177.8989754359475,-0.17249014685216968,-0.03100504401329724,0.1100735249622323,0.12281500214037629,0.14238685762910788,0.19045651836604174,,
8.531705999999986,8.699842513403159,-20.789212076070676,178.57902972286047,0.3337261484390691,-0.1868656516185484,-0.004203142097580521,0.1160919565219968,0.13114577203534483,0.1409725159847682,,
8.541226999999935,8.231387600984169,-21.20251617838138,178.6899364028652,0.6212906848842736,-0.2235770227609218,-0.21045590463697217,0.08129430468838338,0.09185106343477757,0.029112096726531114,,
8.550739000000021,8.150895502892677,-21.349814787319755,178.1354795598489,0.6098419062075542,-0.21403881559230448,-0.11487807228964146,0.00759776880955422,0.040501172109337805,-0.0845827492756296,,
8.560248999999885,8.290030260214285,-21.043460885160936,177.1122642200775,0.35282449172027125,-0.13218067872471437,-0.052885043724700785,-0.03665063312500439,-0.04860589968345064,-0.16335530319776828,,
8.569725999999946,8.47443010772313,-20.492963823872127,176.03021869579513,-0.020250145576990657,0.025643698475226854,-0.05880185156148155,-0.049021960197917075,-0.0962358363548398,-0.17619641737752179,,
8.579214999999976,8.619398504365025,-20.07027637903528,175.28022798342522,-0.41834326444002573,0.1509997239536268,0.13813609817721456,-0.04132678257706095,-0.07052215058278916,-0.11276432751684484,,
8.588715999999977,8.551605674098335,-19.869828330088158,175.1708657140144,-0.6256468811640502,0.21784947466674753,0.15860213124718947,0.0,0.0,0.0,,
8.59827499999983,8.32407123801527,-20.003038802940363,175.6705944049824,-0.538700888768451,0.1578501824426583,0.09343982167126,0.037147258217715216,0.03485604789103589,0.12062050347040568,,
8.607743999999911,7.965582503117595,-20.533277055333645,176.57101588068622,-0.24596589437548178,0.02094576337404583,0.13971930112451486,0.06664471875787456,0.11294096326383288,0.1949058101695389,,
8.617314999999962,7.508794093064497,-21.185893143145908,177.48411025706557,0.141241544748055,-0.0801575936832515,0.10870309861009989,0.08430210016048159,0.13750962430272168,0.19692681512805335,,
8.626827999999932,7.098084601574886,-21.703349285223332,178.05045814781735,0.4928102196461166,-0.202154664152943,-0.0036170105670003355,0.07252165299145973,0.11198352595939715,0.12929752603005998,,
8.636321999999836,6.799254312407531,-22.032838817844986,178.01700340631444,0.6413617321252553,-0.25271526095816965,0.007368096123585915,0.04967939859497493,0.07556411052251165,0.00967785520546948,,
8.645785999999816,6.622000301579797,-22.072103686796915,177.35456748002235,0.5632390346935218,-0.24503508650539058,0.09885981994961376,0.025155631535391892,0.01821263693542797,-0.11170502910680491,,
8.655295999999908,6.479985391423987,-21.84161075851415,176.3041075207796,0.389210000767074,-0.22815507991790088,0.20539472873301165,0.015928052558729706,-0.03568772252499928,-0.19417820230475916,,
8.664810999999872,6.176204692807861,-21.63347093310657,175.1815855104835,0.19782288496289027,-0.2045129237674423,0.38184917070325797,0.045697989169383044,-0.03374561485225958,-0.22605136374272514,,
8.674360999999863,5.573416811428009,-21.632707841680748,174.28909425891615,0.06564317293303602,-0.20490116459995134,0.48189959116306896,0.1044458034216015,0.0016948188722040352,-0.20312946839465984,,
8.683877999999822,4.7054888443707625,-21.865810494802215,173.81655870230247,0.20016424212248335,-0.34687236520716447,0.5889843727115217,0.15832710760137153,0.041948431724403296,-0.1391643253633896,,
8.693383999999924,3.52081832947222,-22.377004856764604,173.68833047609112,0.46809938497147857,-0.5488924759634785,0.5999775294929354,0.22271441020468957,0.09008445309555055,-0.08656165185079262,,
8.702898999999888,2.107008932895108,-23.04190966874702,173.71674141512605,0.7885463448042198,-0.7584431736643694,0.5987164001981595,0.26746447016419633,0.11593618795506358,-0.06854745245792594,,
8.712403999999879,0.5019551708119997,-23.617938783239065,173.68281369657407,0.790155571677669,-0.9164502092563392,-0.07113916282671208,0.2993677158539124,0.0946549403679967,-0.10321022823731356,,
8.721821999999975,0.3110297835635603,-23.505590987870995,173.44394053167923,-3.443637617988411,1.9003448027780119,-5.84438938631732,0.0,0.0,0.0,,
8.731420999999955,7.505054071298308,-20.82203306800392,173.5921532050929,0.5533938002003432,-0.3546735080404644,0.30608762391954786,-1.3945272085780518,-0.3685015703515997,0.6039205031071913,,
8.740941999999905,12.158017247820974,-20.88132140119295,173.04797505478075,-0.4576243742615108,0.5554879393527077,2.229462389047076,-0.8709275104949289,0.12641491724823636,0.26202029816077954,,
8.750271999999995,15.145124337151257,-22.175069110084724,172.37210459892452,-2.3796878742285448,2.5888213000011384,-1.297546886177779,-0.5262184972307159,0.3401389810589692,0.12990782856680266,,
8.759959999999865,22.72394184284204,-22.311945521868132,172.75148910639518,-0.34537452298082566,0.09518540434840912,0.8065473884662463,-1.3976471698608053,0.22303375091708055,0.7064899580391226,,
8.769472999999834,26.247046962540924,-23.7287371949954,172.40435382024992,1.3343006444976682,0.36556861087566755,1.1994387017527746,-0.6150702823906994,0.3768905562406472,0.2733087860912981,,
8.77880499999992,26.348923954922707,-26.300493275228987,171.18006055798344,-0.05590710997881522,1.1853618453654535,-1.0558428629373526,0.047328107204270095,0.52236901705085,-0.19793034505271762,,
8.788495000000012,27.31936681995006,-26.623489477116014,171.19421804681545,1.9980382583124365,0.7565824095972867,1.6702590982356578,-0.1711123248574074,0.10038494435499422,0.08332622319583072,,
8.807528999999931,21.826561186345693,-24.909317631400796,170.40503268692663,0.40682712464094367,0.22753891240174412,0.000758592341349402,0.5353134360700735,-0.1827546547087133,-0.44647743709184,,
8.81702899999982,19.291722144651395,-23.58668338636757,169.7991181685342,-0.176767871603156,-0.04777738035548971,1.4396296478629693,0.4027640659890023,-0.3293306987895974,-0.33533251770872546,,
8.826548000000003,15.880051277501973,-21.656441156267498,169.5741522975335,-0.6439355383835575,-0.4892067569315584,0.6379719861335583,0.5441798501187703,-0.48155839149663765,-0.31321997089637915,,
8.835871999999881,12.196219826042146,-21.38960578764958,169.1468675748621,-1.5004017987250997,-0.01897939833487393,-0.25880234343022185,0.6579714119896863,-0.16708692101055206,-0.36091421812215413,,
8.845567999999957,9.744373418896524,-21.96439484839664,168.88618896255892,-1.116773743086743,-0.1103648484078746,1.062208515227309,0.4634041215797843,0.03852541578782591,-0.2377496381828054,,
8.855078999999932,7.416800137172379,-22.343617541744468,168.82888919000442,-0.4229786738767257,-0.47970027754434597,0.4304850396610354,0.4319903871425119,0.0038003822207645166,-0.1909872889894972,,
8.867019000000028,5.26755879660634,-23.382286383483017,168.69417266890173,-0.047013915716112006,-0.30144341051676676,-0.3948316411608524,0.42345676400361176,0.13968549755188578,-0.1973743265390608,,
8.874096000000009,4.124886122453836,-24.512521073466473,168.52392305920927,0.4201513318061857,-0.4925034377618513,0.24630995766347433,0.24371700599877189,0.19370196818837213,-0.12975259158660454,,
8.883629999999812,3.3509892946861046,-24.580001194948135,168.38432597319095,0.45543887642017306,-0.4430770794809956,-0.3339128487072046,0.1349121105117906,-0.0018049169694881483,-0.09497536753717195,,
8.893131999999923,3.1724591477111623,-24.191512969478627,168.3356750550741,0.2586511976860644,-0.2917966479471916,-0.5915761431374,0.010303553493693733,-0.06959548276429854,-0.027172585001821615,,
8.902652999999873,3.5093847969394942,-23.819878516460612,168.4925409892047,-0.14795299906517,-0.17776261765625453,0.06200360973562426,-0.08129660201111813,-0.04739933773814933,0.05605989578782214,,
8.912155999999868,3.850602236223819,-23.07096841565113,168.98671687650784,-0.5498190941524264,0.1667953253947586,-0.05398604426601834,-0.09686225665313404,-0.1218235391755193,0.12312678619768556,,
8.921664999999848,4.513445497796986,-22.522197116440655,169.78354376900126,-0.5896641945192848,0.2027275920071336,-0.1277057273925763,-0.14684844276750778,-0.072591065527466,0.20774452190594317,,
8.93116699999996,5.203607576080174,-22.7707738671251,170.53230459729136,-0.5853804164528256,0.2939061417982773,0.00409976667242425,-0.12366323223788184,0.08374803265531759,0.22494367316978497,,
8.940678999999818,5.9388605879989385,-23.246934651452445,171.14848753492635,-0.12502491629853013,0.19028313202008257,0.2203089117447877,-0.12526483067502647,0.12851525057628493,0.20895957871002782,,
8.950166999999965,6.418094610572501,-23.689260219717774,171.3588139740225,0.4112641330589489,0.0857044534353539,-0.06290290860728481,-0.08025403784452656,0.11363862344560408,0.11914547488843613,,
8.959725999999819,6.675633273548334,-24.20999241977703,171.07419982898386,0.702957031962552,0.11197584489045913,-0.1972091351886656,-0.03736086850464809,0.12288571929055993,-0.005257166471520422,,
8.969224999999824,6.86285307837801,-24.342457147818944,170.40076716303415,0.8584066502887933,0.06503956160111385,-0.014791796060678946,-0.03616030832650103,0.044345077364206946,-0.09935639896052077,,
8.978747999999996,6.75137021933963,-23.830453521024225,169.5612597096718,0.7433458296786779,0.06548702671794929,-0.16927480370138956,-0.004313554086835339,-0.09181154217330059,-0.16880599873391924,,
8.98824999999988,6.405994504122844,-23.09261734683099,168.77845234308882,0.4111865380725649,0.07846805947490354,-0.07843113227047033,0.028317306556634975,-0.144241761712632,-0.18765011598043677,,
8.997751999999991,5.800883110590934,-22.307700976409304,168.23548499510974,-0.02937170968587863,0.0742007194581705,0.180884033919652,0.0722232534389815,-0.16339896158592646,-0.15888674824464644,,
9.007261999999855,4.852692624664432,-21.50190947194861,168.08187238942492,-0.3603492469548511,0.07605657736621635,0.1450867501627496,0.1334771549120091,-0.1810800774438281,-0.10498461667483425,,
9.0167899999999,3.8197638118426283,-21.013060162356787,168.20061196171028,-0.5615778686253847,0.06010116138156328,-0.07432918862368,0.16272574119201372,-0.12242731425087659,-0.041438852594671595,,
9.02627399999983,3.1025250734623016,-20.923574021211408,168.47473160606435,-0.4928274100911986,-0.14805394951739148,0.10627326576057554,0.1219512772568488,-0.0316102311379452,0.01642070010894233,,
9.03581599999984,2.5576107715695717,-20.9709260045708,168.66434049841237,-0.2808168279312676,-0.2884698023943893,-0.02659656492065235,0.09601514101603913,0.002192846634283362,0.01406491012939915,,
9.064320999999836,3.122270580665716,-21.11636105837048,167.02845985091668,0.18705008895257422,-0.20352136368297866,-0.07889555282969478,-0.1067455305867298,0.012596749021070443,-0.12282708584838431,,
9.073875999999927,3.9787577960609846,-20.668355469943105,166.02791531737546,0.08958469456644488,-0.051346828233479226,-0.03537552579599086,-0.1820495734111681,-0.03646033799073948,-0.12147969806822495,,
9.083382999999912,4.794404145196113,-20.107612963346824,165.15470465838905,-0.07312448279261907,0.1556696447255068,0.12208683044845717,-0.1814302186063519,-0.05717140614304738,-0.09566173223776203,,
9.092861999999968,5.472026403373605,-19.555781161869824,164.6589759555955,-0.315354882355301,0.44123643625268594,0.1147169263667063,-0.15714513938184804,-0.06001472849572722,-0.030469882583089247,,
9.102367999999842,6.257558267485321,-19.007458445728233,164.6720480458202,-0.43705454080040135,0.4361296553357411,0.0769318636029784,-0.17740522902816702,-0.0532517677622012,0.0759735497108627,,
9.111868999999842,6.864970546250581,-18.710444736230333,165.0695267604103,-0.3817794624102395,0.3222154623162541,0.12598313927506707,-0.13189565770903544,-0.01414432771916335,0.13951123217164127,,
9.121368999999959,7.071351694765523,-18.743156846556325,165.59735904404369,-0.2834678771958843,0.3613477879365345,0.03737735288163671,-0.041540595444458886,0.029321893031777582,0.1402200796277719,,
9.130878999999823,7.2651905479199055,-18.84428319226467,166.01045176022575,-0.028992362957303647,0.24401595603428697,0.06938258637614804,-0.0360918359366789,0.04166220449446103,0.1178404699364321,,
9.140433999999914,7.384762711861244,-18.90756819882221,166.03979890007977,0.21310837151777826,0.093602743375059,0.07062319540868452,-0.024379212464680174,0.03076041173477927,0.03959754091226541,,
9.149911999999858,7.346187694206266,-18.892249907370847,165.5842008472141,0.25777089012419596,0.10868891968259985,0.001997359486819485,0.0009765120093794414,0.008237156948047433,-0.06988760548566204,,
9.159452999999985,7.317071907719383,-18.62464694968442,164.76582363699285,0.21342114239164647,0.08901101761145602,0.10280249992832013,-0.01355624616840228,-0.04013735904643955,-0.15018966216193083,,
9.168917999999849,7.125583061453552,-18.14070966269029,163.7940335605673,0.0599621311936233,0.12732320961498064,0.06728403488795165,0.003869472777681234,-0.08999434233266579,-0.19998414476747692,,
9.17844100000002,6.775532523386979,-17.66170863852687,162.90329123494712,-0.20717940540807922,0.20869636177935286,0.0653096583179125,0.03181261021430262,-0.0977740601942474,-0.1975898369576408,,
9.18797399999994,6.278000281520179,-17.240189861225495,162.30381878532805,-0.3852223761245039,0.21098070983593592,0.19130820772795812,0.06105371912061656,-0.09565925499185254,-0.1450197933876267,,
9.19747399999983,5.528024735457503,-16.930057465734357,162.10404200449915,-0.4456001066613831,0.18391376334039106,0.14242602265712914,0.11342291576449942,-0.08966158205981624,-0.07601244057122136,,
9.20701599999984,4.682066153777591,-16.852140357694182,162.26523328582243,-0.412580416163744,0.15663785228980753,0.023493732254794498,0.14532256356720138,-0.051062771223435215,-0.006877014269629496,,
9.21648899999991,3.971080652799725,-16.935647507117906,162.62943684560102,-0.2335854585813641,-0.06368525178865979,0.14594748341711322,0.1306903794870245,-0.01171842307022924,0.04423362327011139,,
9.22602999999981,3.247997500019154,-17.047677712559,162.91546089623915,-0.0497496268434672,-0.17200778189839275,0.00971353858918835,0.13465248540496785,-0.006189688598242088,0.03893312950635101,,
9.235537999999906,2.7632084542004542,-17.153279762715833,162.96013717627372,0.1267050333479251,-0.27058182178678025,-0.05067341158466214,0.09068809743535024,0.006467368459826836,0.007345559393608754,,
9.24504899999988,2.5151182718009872,-17.159029181257768,162.65326832137652,0.19376838701244353,-0.3166110949045163,0.04332203633894757,0.041550385985287215,0.0006419701520164931,-0.04558396457910872,,
9.254582999999911,2.3884315718641465,-16.99176939810448,162.04677897100692,0.14129597626889426,-0.20996679765691648,-0.02388469976808026,0.008942209580048304,-0.025605011560181242,-0.09860517870669333,,
9.264113999999836,2.41661856158532,-16.747535233336652,161.33875571077968,0.0348785138588173,-0.11649329585679301,0.06484765459809153,-0.024313553437957238,-0.030991422672175063,-0.1198855186706677,,
9.273620999999821,2.403572303805837,-16.52262609047084,160.64423266914076,-0.10802880901739993,0.04009079373236082,0.08438596585116187,-0.015950403108524643,-0.029617681134471382,-0.11508199985641894,,
9.283111999999846,2.326307302006244,-16.360905594971864,160.13397722204087,-0.182190171777791,0.11670591435925685,0.08866995362374415,-0.0003918176903847424,-0.021689865269738786,-0.08067632412164977,,
9.292626999999811,2.140238175317525,-16.3480272802103,159.8687415393922,-0.1572323047477891,0.10653122327099736,0.0955802576811369,0.0,0.0,0.0,,
9.302154999999857,1.7733878072465676,-16.58498129983911,159.77954169955,-0.06466448818180273,0.061996060092085886,0.0668905598503926,0.06629711277866207,0.02057901697217612,-0.012906080095955593,,
9.311670999999933,1.41206034190028,-16.70117090332955,159.71679736823248,0.08655250063219547,-0.029841464058068375,0.05781127752424853,0.08063735901428334,0.028132043266575972,-0.009895939371634563,,
9.32122400000003,1.0579260005450184,-16.64443134261143,159.53513814496606,0.19308126337992212,-0.1424834167465326,0.0013651263061709386,0.08760517680600476,0.021605597840643847,-0.03911471780508117,,
9.330737,0.754152823767821,-16.482814035318704,159.0877822514483,0.22064746292987375,-0.1821854636213181,-0.01089257079930491,0.08003648075220858,0.011184239652505078,-0.08622832700076842,,
9.340240999999878,0.5096056648281421,-16.267990740713415,158.4211258605293,0.1731090273207231,-0.1796005565106361,0.004101428753565886,0.06448441664454564,-0.005778678675453983,-0.13251580992995954,,
9.349714999999833,0.2623995675597749,-16.12103486342024,157.63542465621634,0.061676564755208954,-0.11428195895781988,-0.02866206480822011,0.05651165267201769,-0.01716662305900012,-0.16125348392116004,,
9.359249999999975,0.015050157175377665,-16.15491332613078,156.85734427759522,-0.06463308972903627,-0.03844648296118499,-0.015954090522487335,0.052640681370428676,-0.012686044358467473,-0.15806057330042797,,
9.36877800000002,-0.2498122556804813,-16.342934510375525,156.21276253395757,-0.14381522957758014,0.01720815380292228,-0.015154166814176183,0.05543270697041384,-0.0038297099096592313,-0.12714823346629348,,
9.378277000000026,-0.5173586906442769,-16.617897609437993,155.75941862412077,-0.14300296925884248,0.026429493546384374,-0.03173798637043623,0.061109068702380344,0.010951854167792796,-0.08086449337500143,,
9.387792999999874,-0.7500679823965041,-16.901038042696555,155.5305161882091,-0.07980809426075311,-0.016111844067644803,-0.014753700257338171,0.06559890130931559,0.029460267952563405,-0.037508170056777666,,
9.39731699999993,-0.9435319937516539,-17.07936195345806,155.38456514423387,0.02637752812221813,-0.0728763059807933,-0.017646490839094253,0.06284479815875774,0.03672718212414964,-0.013082213558122377,,
9.406767999999829,-1.0605158138682915,-17.087186946194233,155.2133209307113,0.13412899885913182,-0.13517113646567264,-0.05613974085894838,0.0504353878891892,0.03711992050796951,-0.013666338818298446,,
9.4162859999999,-1.1266942570233258,-16.987787584381532,154.9243118403554,0.18853275740289074,-0.14586050239293422,-0.11210011085432209,0.03692528426613382,0.036951378164310385,-0.03800317099088561,,
9.425838999999996,-1.1472402951119915,-16.840191178374447,154.4618527601878,0.1994753000134273,-0.09449201802573844,-0.10521791280162718,0.017187703604235095,0.03204212018187133,-0.07396182460810947,,
9.435354999999845,-1.1454964279002517,-16.686119709530818,153.825747888905,0.14433838858858702,-0.07017161613701799,-0.08423910259305833,-0.002796203547125853,0.02351872754650368,-0.1084070295954358,,
9.44482099999982,-1.1602998902033492,-16.629279927865614,153.10412872085212,0.07668603674039218,0.04793639028671234,-0.08770996095945947,-0.015516037004008783,0.021564674707863187,-0.12787644288738267,,
9.45436699999982,-1.1494948039485382,-16.682118561171226,152.45320268501501,0.005895959979697383,0.12166743694069582,-0.06059046458921406,-0.026885027351140338,0.026237986818878095,-0.1228201449373886,,
9.463882000000012,-1.1182845453782877,-16.790595174768427,151.90972640942636,-0.021261922792932826,0.14482704568949764,-0.05363826208674005,-0.030054599045494353,0.03155002909068313,-0.09928662769943862,,
9.473402999999962,-1.0912857409465617,-16.93119767405872,151.4760306115497,0.0020748727886470675,0.14091878784889886,-0.08852220092701879,-0.02631481483886815,0.04220557882063573,-0.0671281234557477,,
9.482855999999856,-0.9885130109846468,-17.023593386833383,151.1625669502458,0.059845598415461915,0.08324961591623446,-0.10351576589644228,-0.029873708588534723,0.05487311444718425,-0.03720770693908298,,
9.492316999999957,-0.7061681067642409,-17.12053710441398,150.87689588879053,0.14256606968290636,0.01571922925482592,-0.13766033293602356,-0.03877975014614441,0.057577318290975364,-0.024444837710997425,,
9.501862999999958,-0.3360318357233745,-17.187043619199976,150.56673945175902,0.21312313011086678,-0.025846418974757947,-0.18908829585616269,-0.056143928991824715,0.06064602628820299,-0.03170592938813526,,
9.511371999999938,0.18504991737861556,-17.23524163513034,150.08627754672264,0.25235725379322954,-0.02324903373446249,-0.18707483742720848,-0.08263158431309377,0.07212804556802775,-0.0549947517347465,,
9.520877999999811,0.9349822109472938,-17.247871747214994,149.39013897684947,0.26596187567352103,0.03397335947862682,-0.16162310252115147,-0.12330393147459813,0.0888704652185239,-0.0827149694737058,,
9.530451999999968,1.7435593650524117,-16.983536611026373,148.58311484467336,0.28509258367878193,0.0680079818662688,-0.07005717663137051,-0.17510794649597566,0.11473882355879403,-0.10173782867105524,,
9.539919999999938,2.9811099376967674,-16.997327962477094,147.60738063829277,0.39013678553181613,0.13388412089492818,0.054707909988092426,-0.20017806149650738,0.1419546559025148,-0.11354698625618602,,
9.549421999999822,4.483658867947605,-17.10298741026919,146.60987306187988,0.5068738696479922,0.18702248635477056,0.007362517290286956,-0.23041209686826472,0.18826759129098908,-0.10437387337227189,,
9.558847999999898,6.266924687293892,-17.267387046904204,145.62376939756646,0.6559644279223393,0.0215786857315574,0.13990675709541903,-0.2651600772106844,0.23175692937867537,-0.08415715296461111,,
9.568444999999883,7.928168383463772,-17.388527223601862,144.6879367179366,0.7747241659009195,-0.019621855244326303,-0.0011022701301033394,-0.2471022132718897,0.2153975799252226,-0.08831295437886692,,
9.577830999999833,9.536943055039428,-17.116404594548104,143.91825732197512,-2.903060280111361,0.11310306110052207,-4.190985056650947,-0.2820615266215465,0.14904972037110267,-0.07101650257216237,,
9.587438999999904,5.681817002473195,-11.043201858975898,144.65293905078798,-3.119162206913502,3.0127398414945494,6.366310415483473,-0.09711027822929338,-1.411145290352023,-0.11016588123014277,,
9.596843999999919,4.6830068797791204,-4.359749579978145,146.549591536014,-1.821902111187809,2.1334777977890504,-5.149762176246843,-0.5880930651854691,-1.2050106440928845,0.27122386686197053,,
9.608715999999959,8.218032167347229,-5.312552706751452,147.6514647650683,-2.67647801930273,-0.11206138173908149,-2.350598484379236,-0.4882662665483823,0.5572579199900403,0.3005385717710224,,
9.615974999999935,7.362165100292788,-9.87904113284093,147.8144958786568,-1.153380979778311,1.4012690834080532,2.99747746381583,0.6333514758640433,0.694520208141776,0.06682893753301125,,
9.62530300000003,6.9950612459636465,-11.603671421360593,148.0115360894153,0.5862512722053338,-0.4781361092490799,-1.2307828709561803,0.24442117765173582,0.26766295013411184,0.053436645953691755,,
9.63499899999988,7.175178774566963,-12.03628523900936,147.63651957763585,2.6988517336708466,-2.3710068139076776,1.6482034965547439,0.015685378799690786,0.10588039591729169,-0.06759003516605348,,
9.644326999999976,6.24432628477644,-13.572006960620609,146.21815085768287,2.0102366595184717,-1.393435859286689,-1.7353043498369716,0.31996797925260745,0.17242675111148556,-0.32994147499840387,,
9.65401299999985,6.924651593877066,-13.417609009842167,144.68898031414633,1.7080637276734951,-1.2700845380672183,1.1616220920257194,-0.12660947194895045,0.06350347603845201,-0.2792052173354444,,
9.66348599999992,7.172984166932444,-10.216272519222663,143.7342836868971,1.3079413402058964,-1.216028840856873,0.48920718391404244,-0.4134938572100255,-0.47842401760776604,-0.20899132949862134,,
9.673043000000007,6.951259993816511,-7.4933688726803,143.33087947357927,0.5374669925499714,-0.226879428430541,-0.24023562414705874,-0.2873295012197225,-0.451611552955369,-0.12876771855280633,,
9.682547999999997,7.517830834348614,-5.819730055560901,143.6349699473307,-1.0235540728796888,0.7756055466895851,1.0797172907587247,-0.2890339189060366,-0.18926336283786901,0.044698695619516816,,
9.692060999999967,8.035895657903186,-3.5829422209143402,144.7572094769705,-1.4681385610592923,1.0047433070169998,0.3738603941041962,-0.34512005735618695,-0.2898229081130613,0.21605023503866905,,
9.701376999999866,9.045408763836516,-2.5127374512534586,146.06457137965356,-1.2880299208031183,0.7084872460913635,-0.5154176564867105,-0.2875241166414839,-0.04861186486855501,0.28178620011997946,,
9.711090999999897,10.446210631985814,-3.4571857209455614,146.92976810991394,-1.2793964553617188,0.6681131560870871,0.48292822595388774,-0.1286432111967904,0.3255708891952237,0.2216776265044791,,
9.720578999999816,11.508866562892525,-4.451459365006332,147.3091658443237,-0.3433927814319957,0.301557224903472,0.5452769470484856,-0.06990951729615556,0.2955568638532852,0.12734234858198043,,
9.730111999999963,12.69179234951975,-5.1498195172652785,147.04079212839457,0.5314917125169433,-0.3683379092811095,0.09039522313920476,-0.12256505615036799,0.2585401554034185,-0.007779136066070924,,
9.739613999999847,13.681831413023717,-5.930343385990888,145.98052322670534,0.8408945530531607,-0.38411401173163967,0.3627448995972759,-0.07837690522982578,0.2521656925759562,-0.17824732765496792,,
9.749133000000029,14.319253920390311,-5.973152189689398,144.61494142268668,0.829703882342826,-0.1377513077220536,0.4073887340079281,-0.09949359690205674,0.09214058559185805,-0.25711470676135845,,
9.758648999999878,14.586398647393485,-5.064500255860634,143.42182778061806,0.6500068882479529,0.0207865472552807,0.4130502830573148,-0.14974143022092085,-0.10328787437002976,-0.23521643292237224,,
9.768157999999858,14.080593036555017,-4.2349016343506465,142.65931765384667,0.1368543054026192,0.5026608924139935,0.18440557668811244,-0.018548533772444635,-0.1808574655327362,-0.17546487295042662,,
9.777660999999853,13.130592405415731,-3.846511414689454,142.63872602600912,-0.4693087827079232,0.9670068787330564,0.27306859559962615,0.10450984490376661,-0.1642442823045626,-0.036768073978318716,,
9.787170999999944,11.901470589543031,-3.7732123061600644,143.4410967592054,-0.7523679364733842,0.8254894769713353,0.2409298067815314,0.18811227259798813,-0.1466114724419735,0.13708315345475744,,
9.796651999999995,10.30812901060134,-4.437492598478341,144.77529395595175,-0.7088289404420695,0.5165125598947359,0.14027396475890216,0.3363019438303682,-0.06581063218693638,0.23742417503171012,,
9.806201999999985,8.656219161202893,-5.749112531841422,146.13425004626836,-0.4423037074119664,0.1834848867391014,0.19184001533152015,0.420567173317405,0.04250997023400555,0.25009214705841176,,
9.815709999999854,7.276697890919002,-7.022375856632049,147.14509896569902,0.014650605684789143,-0.4437907792299892,0.361551357409725,0.36954808604528755,0.07509426241201873,0.1886393287915967,,
9.825219999999945,5.993860566867669,-8.056682749224278,147.49653649044134,0.4173300674337118,-0.8063434542203051,-0.015908173805403457,0.32612772243299076,0.05021061324635702,0.04896983923910767,,
9.834736999999905,5.179177928364645,-8.852429462799645,147.07706225722617,0.5092352425017141,-0.8028564599707343,-0.09810354112238709,0.22193929932612153,0.06042813885041941,-0.09431574158355117,,
9.844241999999895,4.939762085665225,-9.079900148363732,146.14671838006436,0.36225635314462196,-0.6604917806403453,0.047245144407953764,0.06483154865469647,0.02569397269173775,-0.18238735953340215,,
9.853783000000021,4.959559637249438,-8.76188294036987,145.11764782182004,0.09917436006845555,-0.2016820609852716,-0.09097930199800694,-0.03874284361670775,-0.03660558428736127,-0.1998248345171888,,
9.86328299999991,5.305157578575461,-8.30072572954098,144.44914335392775,-0.29101692796404366,0.32473536513396223,-0.0030417194691301206,-0.1085701696213494,-0.0222641168607104,-0.12173692426324456,,
9.872781999999916,5.801877806477007,-7.885528495919322,144.5020334814986,-0.6378256856173244,0.718748757460955,0.010941396381248709,-0.1278900299528361,0.0032297099011088398,0.028112649870529156,,
9.8822889999999,6.290610428747884,-7.761533954742072,145.35171207799254,-0.6906577139889764,0.8170432547160077,-0.1594714234983936,-0.09326034699084022,0.04906141889205191,0.1953161522808517,,
9.891806999999972,6.788732966950007,-8.272259061266041,146.73763513463288,-0.5386934553480691,0.6792954105611051,-0.16074728628427556,-0.024701414867665934,0.153647590447213,0.3154393747891448,,
9.901313999999957,7.309784934034937,-9.242002584377882,148.2599550019535,-0.19602276581336317,0.2943549246087312,0.11363837111024971,0.01715166834397556,0.23279261777811167,0.3507439834825323,,
9.910834999999906,7.5292242412601835,-10.215014827003317,149.41920137337567,0.27908296830041945,-0.1406929325884164,0.10417304325541815,0.06318448980341863,0.202667620659334,0.27584906582255114,,
9.920351999999866,7.509868618246806,-10.955541083973277,149.93273529903922,0.6308188674160378,-0.2694496307851257,-0.17629683411164232,0.07721909510822293,0.1396406582433523,0.12331777723658839,,
9.929852999999866,7.610975588405941,-11.236540998183084,149.77854631067453,0.6590685702924337,-0.35688860591877825,0.029372176416768644,0.009994627899651375,0.07228472874124874,-0.03232387441747074,,
9.939335999999912,7.520830885175039,-10.88524496808742,149.03608042701845,0.4844857261014624,-0.17572490835404875,-0.06765329716986508,-0.021417455041598272,-0.05594755363533305,-0.1574709550870557,,
9.948844999999892,7.295601854217222,-10.197558384585102,148.15201672681937,0.13941925636962052,0.08675620405843276,-0.09068409576348614,-0.03441509561068508,-0.12705556805079418,-0.2037095602017625,,
9.958396999999877,6.900463099888996,-9.544882359974743,147.48269059316237,-0.282674024439806,0.34265877017666013,-0.0039008508097226123,-0.003870872174157048,-0.1385330247960245,-0.16708295175381752,,
9.967894999999999,6.279687757902688,-9.077973403938199,147.3207090958679,-0.5428246274392052,0.479953224590024,-0.05522614601274141,0.0528434067867174,-0.1311997774841257,-0.06780083324138406,,
9.977413999999953,5.550309059406751,-8.961402401128403,147.70650188118185,-0.5544534605145571,0.42222452132065635,-0.1742765939910499,0.10893023246794473,-0.0834731671536749,0.04904588447006471,,
9.986961999999949,4.951313929449656,-9.251750900488924,148.43903042672386,-0.37569289997223476,0.2082372736635136,-0.15469657428423852,0.13090080688878597,0.00040028377816429117,0.13651621541769451,,
9.996472999999924,4.539887165292301,-9.682799670688718,149.20830739377973,-0.10761891600441574,-0.1862020639315029,0.01683187928222382,0.11370089219083453,0.04548476407708989,0.15952476527644435,,
10.005967999999939,4.210140780854172,-10.006484791386484,149.71311455124444,0.21167949731943347,-0.39973660954714,-0.19237438403660856,0.08832618076934459,0.036536017342970975,0.10700931153040326,,
10.01549799999998,4.214516020640365,-10.149109779857048,149.73871359131036,0.3578017858002444,-0.4812014338945808,-0.14729775817985666,0.0,0.0,0.0,,
10.024946,4.486506909676009,-9.981773187976868,149.272025641805,0.3016097265337417,-0.35618814231341805,-0.06554646765914686,-0.06381400589384117,0.012218590181191305,-0.07120949502215021,,
10.03450799999996,4.911762890192974,-9.502965906577987,148.56416537060346,0.13103562843705863,-0.08362842340144526,-0.06156575361737917,-0.1218297117101577,-0.024968009739946097,-0.12435860427505364,,
10.043977999999925,5.4228409835441,-8.961935066324353,147.9300948005809,-0.10229288808709729,0.224251883655155,0.019404567585803566,-0.14320475102704028,-0.02524911611906969,-0.11573604929321177,,
10.053518999999824,5.858715954781828,-8.546421286013627,147.6334842629408,-0.29363807866459884,0.4682617514572511,0.0502146531836051,-0.11756910079270279,-0.010736889573608719,-0.051468007255524154,,
10.06301399999984,6.188974862857968,-8.356533587057065,147.8414086712465,-0.3305386146056649,0.5107808980471353,0.018654362186011006,-0.07589883034401809,0.016397753889034954,0.045863987995230455,,
10.072545999999875,6.378290175892518,-8.486850196391893,148.49931420485322,-0.22163210331914257,0.3683092428077018,0.03450935433757052,-0.018561500523412898,0.05557724441796909,0.13174531610542017,,
10.08204899999987,6.396985726710612,-8.832596279591904,149.30748378095916,-0.016158180895425606,0.1396222697616091,0.09310603108189626,0.03194903736300804,0.07481796720461732,0.1705205996997892,,
10.091564999999946,6.303139188787916,-9.147338321681639,149.96864800339773,0.20850903107244176,-0.1337705132745921,0.08831239226183135,0.047071232998187724,0.058602840467752215,0.14720403723813832,,
10.10107499999981,6.1458994470288735,-9.298763087397191,150.2957336255897,0.3338984863454297,-0.30462995309511925,0.05444917840551487,0.04113660788035114,0.024457601835207822,0.06505188693429313,,
10.110533000000032,6.010900736318461,-9.216866612038599,150.10796165629927,0.2795473640724883,-0.3079955858780768,0.06965337064113288,0.0,0.0,0.0,,
10.120085999999901,5.932984308100176,-8.87930558081526,149.46650564026132,0.09661589694094107,-0.1908342415068998,0.08019022914808464,-0.02138812180953752,-0.05250981730686579,-0.13014953741597254,,
10.129592999999886,5.896253115224052,-8.442352234760035,148.68455975926005,-0.15071858769343016,0.011749234557146994,0.027148203399047218,-0.03915721492626545,-0.06516812704636919,-0.1686954181324293,,
10.139103999999861,5.893805828790812,-8.104107659614495,148.04896744656003,-0.3545997091811146,0.2211573272111461,0.05950843714212059,-0.03535718290458337,-0.04430762026398394,-0.14242095630212226,,
10.148594999999887,5.905294882882198,-7.945638682501538,147.76363555236819,-0.4556776528958043,0.2873595935292967,0.07519079867089916,-0.01898157975236345,-0.012043175286293813,-0.06226121710241619,,
10.158125999999811,5.944557758849859,-8.011738167461479,147.98598097256274,-0.39306481217541556,0.24574790169418387,0.06524658038359862,0.0,0.0,0.0,,
10.167557999999872,5.9917824275452976,-8.27845145319958,148.56117914767643,-0.2451122159445054,0.0831071264138607,0.08257834317347297,0.019732986513849523,0.06398976513513471,0.12412924880294184,,
10.177152999999862,6.030784339786251,-8.5961787527227,149.3258680362042,-0.04636823156030642,-0.09961235022493461,0.0723514431534592,0.02560339938917303,0.07213404279638685,0.16073255550449855,,
10.186657999999852,6.088603376541428,-8.832702847628557,149.98791596117536,0.12873511447365155,-0.24194123101801154,0.04289569230078275,0.01325654565661161,0.06030434739352741,0.13919671517617438,,
10.19617900000003,6.175962844004755,-8.929146446212735,150.2981286094081,0.1869968938513971,-0.25993003699660583,0.038849924891081834,-0.006266666179240379,0.03899820947170442,0.06983948855146721,,
10.205641999999898,6.2905352356038815,-8.85085271298591,150.17570648616686,0.1320371772301187,-0.1683418645865787,0.05408354898194183,0.0,0.0,0.0,,
10.215183999999908,6.394688921141235,-8.651847885965026,149.7287724632004,0.00721140483440474,0.0008109023676427569,0.03824455801278839,-0.03856207378666051,-0.010555154798228742,-0.08648161122109611,,
10.224739999999883,6.435601598379252,-8.462268137561631,149.16935284027926,-0.15223558784680713,0.162016225597477,0.06327677092745425,-0.026883518418339927,-0.014972382694395117,-0.11625984717769924,,
10.234236999999894,6.363361196964371,-8.371978225504892,148.71935438563364,-0.24673787765526708,0.26894865040269356,0.08015507420005773,0.0024469939863889065,-0.009261666019403245,-0.09769177744849777,,
10.243745999999874,6.171686540313415,-8.442576307001074,148.5580386393923,-0.25257671729673453,0.2567844161804111,0.04231929079588813,0.039347679769693306,0.005943449494070134,-0.043357288288739915,,
10.25323800000001,5.886570063285264,-8.690457537592087,148.7368215410978,-0.18692661282534695,0.14348659102587275,0.03313068844095051,0.0735716278087162,0.026685765301419136,0.021912934173981786,,
10.26282100000003,5.5994293185509525,-9.067860964039294,149.16620334851248,-0.06857985364350043,-0.026928393290543515,0.012980848863732559,0.09298569720336242,0.03446257475572184,0.07174349704762728,,
10.27229999999986,5.2460692124509505,-9.391749891976191,149.68730049714654,0.07144056249564609,-0.21322200545710457,-0.01422589436496442,0.09242548066419548,0.034063064037023284,0.08780119539961431,,
10.281807999999955,4.954491420147436,-9.685893873702787,150.08777176696196,0.15893171298639755,-0.3419726964503192,0.01696726302993145,0.07856715831242567,0.03584210574718387,0.06542739646468833,,
10.291291000000001,4.732846257021935,-9.907247969495854,150.23092957441824,0.19045013231112123,-0.40386584872625986,0.074577190056099,0.05916719871480561,0.030486874004353577,0.016122522871674646,,
10.30079499999988,4.542856200830988,-10.075230401513554,150.08910169347433,0.18057026622024544,-0.41608060215787857,0.09701994976243566,0.04845082970134066,0.024358087621127143,-0.03990724341158817,,
10.310296999999991,4.326600793339746,-10.31172984493127,149.73755802044528,0.15718751838071848,-0.4008288882845204,0.13774865097146763,0.05992403227159688,0.033467170593678625,-0.08287039818490603,,
10.319809999999961,4.0136238972105005,-10.687167012938424,149.32092760568113,0.17189833925551692,-0.4049822884628923,0.22269894498935133,0.09064898953721713,0.047449599266559735,-0.09954126696446575,,
10.329311999999845,3.5537907925338152,-11.202352461066527,148.98332727629486,0.2419066833959763,-0.4582510528861549,0.27793370680872226,0.13002093868079997,0.05617405720917894,-0.08962466933795439,,
10.338782999999921,2.9326291795600063,-11.835303875923168,148.80736703424864,0.35623056028726097,-0.5719786916067054,0.3720686240052988,0.1694031563391656,0.05958975594509876,-0.0644181226845018,,
10.348332999999911,2.151969610806586,-12.556696948810504,148.78836048452175,0.5103542720382358,-0.7381717907269536,0.5050125676018988,0.20513337801307946,0.05850973175685931,-0.04093754591807386,,
10.357845999999881,1.2381043058036931,-13.353447358156112,148.84835097506775,0.6402745524793938,-0.926528471569335,0.568709768829299,0.23481006966913642,0.058349502087574855,-0.0328379517993958,,
10.367364999999836,0.19942637425193352,-14.216960223162175,148.87024279175836,0.7149425300176009,-1.1049361802860083,0.6148173071074619,0.2619919674098552,0.057808428329133195,-0.04867373593038338,,
10.376869999999826,-0.9757281546114058,-15.146149018978077,148.74685788514026,0.6107614130493847,-1.1101489883033702,0.20904543318606167,0.2908746058835518,0.05563167018742141,-0.0874694623262564,,
10.386227999999846,-0.3725564557629855,-15.522578559218324,148.55974029193368,-2.0023225325802474,4.221260707125928,-6.364972175345282,-0.060592376776383884,0.13933484119244433,-0.00870009427828217,,
10.395895999999993,10.816796144877864,-10.954175979217572,149.123060579099,0.5720397289166819,-1.1878619853090016,5.148120923312673,-2.340003098713192,0.36612731443569957,0.6610501191288184,,
10.405183999999963,16.662427974732108,-8.804015984781019,148.63186375234187,-2.439502407020557,1.5078731133927286,0.39299079499217304,-1.2104758571659255,0.24505842138982317,0.18162587466457394,,
10.414733999999953,20.755326252451674,-8.417237240944736,147.8483417482748,-1.546220708079089,2.8383395451940077,-2.8340591263304566,-0.7311907125796243,0.37367507594975913,-0.019039986969696963,,
10.424421999999822,29.67087307923699,-8.103613052344993,147.25249406337707,-1.310793070134702,2.031542198760315,2.821505341404177,-1.5256786250526213,0.9089592476335112,0.1693782822324367,,
10.436380999999983,33.23015592792174,-8.411525254245275,146.3660151786547,0.15276672391398013,0.6342590683064547,0.9785312220034156,-0.5589326702518008,0.44887516215628886,-0.0613612360342855,,
10.443354999999883,32.96700653608755,-10.114931302407669,144.7697852239243,0.9956086947468211,0.2220680834262909,-1.7945732070322504,0.23317633140033428,0.2628155473471244,-0.33748318827356844,,
10.45295699999997,33.69020960592591,-11.554367314150245,143.53181754825653,2.2260135759999513,0.26877901525656456,2.312448061194155,0.050822565420381355,0.32791554944806117,-0.22995723090221448,,
10.462282999999843,30.595336382631928,-11.050696156211004,143.3917977242007,2.136783762446953,-1.3622587844648546,0.21542447437313977,0.426065145560657,-0.4316436644431257,-0.15869324681582797,,
10.471802000000025,26.29125527125455,-9.995561392180026,143.60832098921,1.1061786916747327,-0.48408438045479013,-0.7175019474240644,0.554034546584992,-0.662227068519362,-0.12288784292080916,,
10.48148399999991,23.486732260843045,-8.179252211260827,144.55202726413984,0.23192345815253368,-0.24009117015810177,1.6241917250564206,0.23454963227951708,-0.6080909521255214,0.09148774168612685,,
10.491003999999975,18.932912552897402,-5.737808448864423,145.97869022348348,-0.9569374839929903,0.10176596522632525,0.904597188939555,0.4648104933696501,-0.9053502466121418,0.16662954089169815,,
10.500337999999829,14.260976847928914,-4.413094969572603,147.22828545536913,-1.7401891133064809,1.0698608075682825,-1.093404351941174,0.6317553978156785,-0.721829070350215,0.15964445624569887,,
10.510021999999935,11.966477963111998,-4.34119936448342,148.1843457200391,-1.9761593433023488,0.5075916575256678,0.5535228918638366,0.3791864939984527,-0.24413000483195255,0.14916497153136032,,
10.519526999999925,8.971558938894086,-5.047212239057802,148.52277402128786,-1.3775137058397198,-0.05839216138708379,0.381796372367822,0.5827506637487976,-0.18011886020016912,0.012203674280535702,,
10.529044999999996,6.039340887769874,-6.679854169113742,148.0871637548481,-0.35040153752319014,-0.03675010163733503,-0.701784898348832,0.6687041290163812,-0.015229173181510246,-0.15279999661902935,,
10.538563999999951,5.036952080329509,-8.516230602046646,147.14176791878816,0.2835450180334141,-0.8526991463779359,0.4537937801936619,0.36506071530088674,0.21773238538372178,-0.22095227855485727,,
10.550534999999854,4.17537011591673,-9.519827392915508,145.9937003637279,0.7104031295226144,-1.0271434322198238,0.006179338396457149,0.25326135347290446,0.0876866488258247,-0.26173839816823724,,
10.557598999999982,3.7390843480809175,-9.724991828476291,145.0354122073353,0.8015128774933714,-0.5793179486365786,-0.40904349555492303,0.09481131116543345,-0.001038033614527762,-0.21121683664196567,,
10.567045999999891,4.205235878227037,-9.159745333413412,144.68110873749376,0.3183861313068689,-0.4137838065980668,0.35619210390502304,-0.13987368834385147,-0.025753128490267042,-0.06057726293299551,,
10.576622999999927,4.3511680827593615,-7.997148404466562,145.15416158614548,-0.15480238995620418,0.2198410551614267,0.028428864921610498,-0.15693351901118288,-0.16019395665313657,0.09387352269746284,,
10.586118999999826,4.8061181249352725,-7.0897636745294355,146.4543696556599,-0.5541326090851386,0.5657310676500451,-0.13795042282887848,-0.17659750406319688,-0.08587763806332065,0.2668280102010115,,
10.595630999999912,5.528541658851743,-6.899532419829024,148.28192495377186,-0.872862254884068,0.550256445978573,0.22032810168090605,-0.14171853714188612,0.05896681845586465,0.3778779485714092,,
10.605145999999877,5.862359684234272,-7.227311340665675,150.13045295632668,-0.578925095801965,0.41560207712961944,-0.031899110282910266,-0.024101932862724756,0.10394950231539375,0.3726603054076575,,
10.614661999999953,6.247582433374533,-8.09150415647211,151.43005051711046,-0.08918866713335936,0.01921433142376827,0.015292773572470638,0.016638464390795093,0.20196667879302183,0.26488928426247427,,
10.624154999999973,6.564160099734093,-9.088316876194966,151.62437083778923,0.29861112777186577,-0.3213122376265385,0.2836702889220637,0.03906944094251698,0.21892761490563722,0.07223352594703444,,
10.633674999999812,6.605354648101114,-9.554116758786952,150.88946841613654,0.656174364833649,-0.35640497023531414,-0.05700877204187064,0.03667613054432362,0.09930727001905817,-0.1335846128673733,,
10.643190999999888,6.784180311622634,-9.489782338948595,149.5860254427474,0.688549108210985,-0.3148770830535115,-0.004878020066054411,-0.03786861492969082,0.019962321840741367,-0.267945195297749,,
10.652666999999838,6.857429333229124,-8.979993626679406,148.1327181079679,0.390896046903086,-0.020806809746507494,0.16165561366955994,-0.06557243910474618,-0.06633602134583229,-0.30831896152909954,,
10.662219999999934,6.679132640147488,-8.028359946964892,147.1283428243661,-0.0014223527121285844,0.3471789301713003,0.02594549244944951,-0.07211296262304506,-0.1663979169962591,-0.2374504783565094,,
10.671713999999838,6.357995729380738,-7.073440438769875,146.89803488588305,-0.38960420672091184,0.5332358317502255,0.010511700497140144,-0.050393471680819445,-0.18164242106426248,-0.08388648275285675,,
10.681226999999808,5.8608051939817285,-6.51996889204043,147.4471137209307,-0.6902884407785392,0.6081405012816493,-0.038951353021705895,0.02303717354721163,-0.13318636072600729,0.08591259480041921,,
10.690736000000015,5.303745132166108,-6.334671535024318,148.6110830443353,-0.70292865553904,0.4135886213107308,-0.05097459889954855,0.07418020607189132,-0.07659241362890509,0.2149229540310322,,
10.700265999999829,4.738756051468153,-6.51682305057134,149.93531837803192,-0.4467851034802848,0.08048739733881842,-0.15692546262930931,0.11479325788067174,-0.012449501281343018,0.24696497922300925,,
10.70977999999991,4.254116654424108,-7.029199449614712,150.87724755324476,-0.13245612829824516,-0.22076871257000544,-0.0670441092137866,0.1337576114311354,0.05533411192430713,0.17182806177218954,,
10.71930099999986,3.884294381963868,-7.534676797455477,151.07862020945512,0.1730462954582382,-0.3912570341314735,-0.09754846347216868,0.11257171457126561,0.06663252246205392,0.025802618591896875,,
10.728804999999966,3.746460877930563,-7.830865143510515,150.4252016308088,0.32834366239252816,-0.3949066011440731,-0.1536670889244379,0.05223708496748455,0.052144601776447266,-0.12668483474957137,,
10.73829899999987,3.819050447345315,-7.940050645814067,149.26382031111342,0.25403004588705247,-0.18684118220703924,-0.08911080786252737,-0.0018260781133320398,0.03993437182458986,-0.22703126063282572,,
10.74772299999995,3.9825599393367046,-7.8253926816952415,148.11204553769912,0.060548565039076414,0.15414174052172125,-0.00732010792620909,-0.039746328734254044,0.011015634720616039,-0.23114278624345452,,
10.757354999999961,4.1522856830824155,-7.5883695234522035,147.44845557643987,-0.15083290241789213,0.42886395185183235,-0.028327009160449796,-0.05374891501345286,-0.008448331763949716,-0.13343045176664256,,
10.766798999999992,4.216290403738435,-7.5078660869658265,147.60137073719193,-0.33709606989292984,0.5854865401449251,-0.05014229110522603,0.0,0.0,0.0,,
10.776348999999982,4.148642680497994,-7.688006633899101,148.60836227893427,-0.3972829405181386,0.5435262568815646,-0.012289970080462103,0.030224601203826834,0.03729535408649759,0.1946113902359379,,
10.785863999999947,3.9469539386767183,-8.097784470938484,150.09622508627405,-0.2730628347031792,0.29582320958416564,0.006298318070459279,0.0756820554736636,0.06393720227693916,0.30516757891427854,,
10.795410999999831,3.618619608524368,-8.699122078109713,151.62671239704537,-0.026509474603956182,0.01431765097040293,0.0046098888661098405,0.1145336744501695,0.0872217538960804,0.31462124604100916,,
10.804930999999897,3.251627617329703,-9.3229680164511,152.70277373738222,0.1960763292098861,-0.25808487464719415,-0.0042630548387392496,0.12133024646687243,0.09032256358668467,0.22104228177259955,,
10.814435999999887,2.9458775319074015,-9.765906560641119,153.0030532049203,0.3360150657293089,-0.37392950642661515,-0.07131440394967868,0.09289511068801985,0.06520096129148241,0.06074199999833747,,
10.823957999999948,2.793686727009457,-9.97660084147397,152.4733166649015,0.3060385858035243,-0.3260905344273086,-0.066930047808123,0.04481558155311538,0.037639783723613485,-0.10520964042122913,,
10.833418999999822,2.7780468343352234,-9.9743769324386,151.416644708072,0.11610943849016828,-0.13106314209921377,-0.026025342956937227,0.0015578489805561262,0.012079934762898504,-0.21661504504106363,,
10.842920999999933,2.807912397496047,-9.813584284392151,150.26460229813208,-0.10803502295785451,0.12848098860900625,0.024363699229193587,-0.02150378440908563,-0.01132166901745094,-0.2341641756993084,,
10.852462999999943,2.8292741521723612,-9.645549686136194,149.50978738489277,-0.3028861325566871,0.3304152156766015,0.032221870615517074,-0.021010462119272755,-0.013065753904044767,-0.15498902955118038,,
10.861964999999827,2.7981683222503593,-9.592630400516557,149.46665741274697,-0.40641222564955504,0.39747347451737264,0.04711265943304991,0.0,0.0,0.0,,
10.871439999999893,2.715057666938054,-9.669465935756795,150.16405547330524,-0.36537733844304315,0.28543856267262135,0.036487486686482114,0.021277329785581427,0.018990396781597786,0.13219589871716256,,
10.880969999999934,2.6126804794311016,-9.854103860531247,151.33475456812525,-0.1991241510578336,0.05667115591134961,0.03719206900178322,0.03475986042232424,0.03633132461706005,0.2262814069015607,,
10.890480999999909,2.5486063094873352,-10.067414473184037,152.53007621683005,0.005512038611962479,-0.17196466993335613,-0.008168988717037157,0.030012653702304794,0.045682417572196946,0.23250696978550658,,
10.900037999999995,2.59257325050313,-10.182603788213763,153.30341482474398,0.18553776557873,-0.31708180738258884,-0.01728397979612716,0.0013479461569071267,0.038399435262981216,0.15181896685099255,,
10.909549999999854,2.8025606466056923,-10.137402105580296,153.38160340075348,0.24436275210020927,-0.3231563834141924,-0.01818276248460237,-0.042520946637006986,0.024372322313638513,0.018505259338539398,,
10.919054999999844,3.158098397528551,-9.927337940730203,152.77016312391262,0.16515642158608526,-0.19396803279981994,0.048586984655046926,-0.08288914243624224,0.008107202655815679,-0.11463879557307355,,
10.92852199999993,3.553120199285878,-9.581722968121102,151.73953856456166,0.015372591162877213,-0.002106652389971767,0.08611912160675553,-0.10230513161332103,-0.011117414226184839,-0.1976647789736795,,
10.938079000000016,3.872241729286548,-9.202095248710203,150.70661165751002,-0.15656082745673608,0.2460951689566108,0.10045732041416268,-0.0926927112566265,-0.022463740067803346,-0.2012156148696091,,
10.947535000000016,4.040677255106637,-8.920424916802377,150.06102403123126,-0.26294482823302084,0.3835118281806311,0.10350270000882633,-0.05750023768106831,-0.01877286089232767,-0.1288777085217122,,
10.957047999999986,4.035277022013675,-8.802293786483899,150.02441788153948,-0.27595154622823576,0.38800882186668695,0.09619737738741527,0.0,0.0,0.0,,
10.96654999999987,3.8848554863382616,-8.836597572789135,150.57792339075675,-0.19939932439743113,0.2539611060855461,0.08832426780792123,0.02848713014000831,0.005030292567111609,0.10121529943685845,,
10.976096999999982,3.632888407311481,-8.961047998323217,151.48205148986943,-0.07541372790097665,0.044757125521008856,0.06678033351325048,0.054704061573935835,0.011481480487626693,0.168273291980326,,
10.985610999999835,3.3616977834345714,-9.08735459071825,152.38601639097385,0.05424295226838024,-0.1204720190608683,0.03701935643527957,0.0580426888869191,0.010916658536940802,0.1675984418967262,,
10.995145999999977,3.1549359733767406,-9.149543278615521,152.97483295130206,0.1270065141195158,-0.22480456323588807,0.023273221705559812,0.040721401309602896,0.0061377290096890314,0.10652669887021661,,
11.004609999999957,3.043365556544348,-9.15139769079906,153.088358860694,0.10810822036208334,-0.21075080545941283,0.016820242472731867,0.0,0.0,0.0,,
11.014175999999907,3.0244560142167876,-9.129154667341323,152.78187413747267,0.006436915489422767,-0.10206677302094061,-0.0037220370765498356,4.8044259050054454e-05,0.008180947389844484,-0.06668478520244658,,
11.023727999999892,3.054408608880381,-9.250665412891644,152.29042708862238,-0.09422348835447909,0.049488521123957054,0.017334368430663945,-0.0054251300133936475,0.017896005148384485,-0.10212956927102258,,
11.033226999999897,2.9836409682030895,-9.588464056868597,151.93948253498706,-0.15767568661911027,0.1747367045333836,0.03316053407402337,0.006241620916695319,0.034553045639614983,-0.07720927940682883,,
11.042753999999832,2.8143750612157046,-10.081308468935424,151.97815791461633,-0.15769360830558793,0.22256507871368192,0.03722909108562137,0.02901371218718422,0.05347780818135376,-0.002582586873500064,,
11.052255999999943,2.5680727302412345,-10.602929697925159,152.4305311576833,-0.08251323059038906,0.16550640799339172,0.06550035502372593,0.05632144482017558,0.06649214481755407,0.09144783507184286,,
11.061770999999908,2.268348949988861,-11.022542925984384,153.2795921346262,0.02912355973223566,0.030133982252356487,0.06398798618126667,0.08402298583937992,0.06986172879604469,0.16758312562284244,,
11.071282999999994,1.946909876032631,-11.267354439232623,154.30338977701928,0.16329544913936947,-0.1362204141464745,0.022207814856648283,0.10552925756415706,0.06530763982535223,0.19742935689707847,,
11.080786999999873,1.6501976247624697,-11.33582964920939,155.20404840588472,0.25571603091526973,-0.269171877828746,0.03053949908324017,0.11197556808946227,0.054873950337325464,0.17333679313700603,,
11.090244999999868,1.191578867623694,-11.686679694619755,155.8089341414514,0.28078163605129286,-0.3390700548691286,0.009765214401106987,0.1090143892860231,0.04057629789046522,0.10701010115506752,,
11.099722999999813,0.7423091572512177,-12.003868659656996,156.00275026038608,0.24154018493551557,-0.3399564072417126,-0.02094941046243948,0.10427504882409395,0.0360107308790722,0.02681414468130058,,
11.109336999999869,0.5273676089453145,-12.067864290444273,155.87197782860716,0.18720447761444212,-0.29220341158103785,-0.012503270581242024,0.10497426940021662,0.0490107321668193,-0.03432734856951622,,
11.118794999999864,0.28251775940407187,-12.271017091306383,155.65416297702734,0.1985781163769776,-0.2670025717972537,0.02751523419668038,0.11442936006870175,0.0729103028200604,-0.0537981001440231,,
11.128299999999854,-0.16281335700254027,-12.963234376573391,155.63244501295787,0.3212220577399884,-0.3034732479812818,0.029390056416009863,0.1345182478876645,0.10452069181359686,-0.02741046373041093,,
11.1377829999999,-0.6563339266902258,-13.868389824046004,155.91438051451766,0.5244077246640337,-0.4298024907040582,0.02250092783084594,0.1600363213266927,0.14003215331052274,0.030135261050423984,,
11.14728100000002,-1.241924385544773,-14.913649571433647,156.51597592770526,0.7757632566172826,-0.6154541647066465,0.04069365968422595,0.18619494606651046,0.15995558700083734,0.08815525881521001,,
11.156794999999875,-1.9354453587464386,-15.96821702123542,157.31060770870215,1.0037842188817108,-0.8261543513642884,0.03442842565730738,0.2036043992367174,0.15603289370148854,0.11923870205183654,,
11.166308999999956,-2.7380474799984773,-16.926766458763076,158.09071695635944,1.1394464432926532,-0.9886478223427507,-0.01205438082460489,0.21293997972512715,0.13338693308351918,0.10809059939283805,,
11.17580699999985,-3.585996474735953,-17.7455189576518,158.64258786218858,1.1552983216860497,-1.0999900305930796,-0.033661722946152134,0.20851341072245813,0.1069546188246344,0.05760109526370467,,
11.18532899999991,-4.446988849205403,-18.50064576999498,158.80463362198535,1.0301723073898077,-1.1475955440769205,-0.02028990616280737,0.20497918639377885,0.09578936253384074,-0.023175089274506837,,
11.19482999999991,-5.3602810610327944,-19.337320983026846,158.52832983683913,0.7947441924498213,-1.1288807981805888,-0.013636370772273221,0.21966292887262354,0.10752227001478626,-0.11627641212590693,,
11.206699999999955,-6.330676992413778,-20.384384685733043,157.95216111905165,-0.9055737020263782,0.42270430255061264,-3.0473437357454287,0.24519363027649063,0.14157562787943018,-0.1942930249861973,,
11.213854999999967,-3.0046203794594635,-17.294843144542682,157.36823051222743,-4.521165591413855,4.24678673166765,2.796422462161253,-0.8202501812322528,-0.3194096892572175,0.06329527705648612,,
11.223182999999835,5.112701072609405,-7.33350523606178,158.0766760154724,-1.4173566994092395,0.554483901743127,-1.4958610719238161,-2.2196214361536466,-1.2440401500425327,0.3058685277260201,,
11.232696999999916,11.873131722520828,-8.446075006413606,157.99247963694478,-4.667237122387551,2.482776737259311,-2.765491674191576,-1.1637081918318735,0.7208971576005119,0.16250737812746938,,
11.244829999999865,18.05219565267223,-13.108174988291383,158.337678077694,-3.1172427441321036,3.0754975746713944,4.209631041467435,-0.7815904751660633,1.3331896530217278,0.3721083155168321,,
11.261241999999811,23.647163822565584,-20.206281847666485,159.5846655308548,3.477161659538456,-0.8994307157266989,-0.5099021517132937,-0.07957053470120544,0.9258806548295208,0.09365429339554071,,
11.273192999999992,24.52868401273638,-23.947620517316484,157.5654566337829,3.138529848827203,-0.5980627263716743,0.41814299619615286,0.11560532050094094,0.7693531981433895,-0.3436757951807021,,
11.280252000000019,23.620695641928236,-22.861294342866664,156.14228806641722,3.1187901227670887,-0.8954472351562197,-0.49149181184333307,0.06261997160626111,-0.25353005130570866,-0.3634105983493781,,
11.289763999999877,21.78912819140136,-18.68258461800686,155.3038605017276,2.231674984665851,-0.475041016182101,0.2141095069742586,-0.03587649756702483,-0.8917244367984394,-0.3047521661511473,,
11.299446999999873,18.85436745050332,-15.066933125841265,154.3205784906902,0.39440383751902747,0.03530883660678546,0.7841362515906458,0.1973630739500197,-0.8821422284368937,-0.37430638555758733,,
11.308960999999954,14.6715599508411,-13.084169521301527,153.82516127762082,-2.016901133186421,1.3582780664155851,0.7807052687313646,0.55444762218883,-0.6994202226720675,-0.3093284994834166,,
11.318286999999827,11.130496642018727,-11.578531999632757,154.90429405183482,-2.870416088803166,1.0015537522987423,0.17494293906557698,0.49160019141462885,-0.558414513936013,0.05841869141599503,,
11.32780200000002,7.758100596055793,-12.57659721379586,156.87149512523007,-2.2684611443137612,-0.09578287126349444,-0.256412319163308,0.681609282421041,-0.07399683544830264,0.24709234538473296,,
11.337497999999869,3.51188662059472,-16.178329845347275,159.03166881633467,-1.1586447038383827,0.01070114745942294,0.15158846820971741,1.0310027979400984,0.3729963055308843,0.21310289139826522,,
11.349450999999817,0.47287167668345026,-19.389789358059822,160.89307738092958,0.49470031569590306,-0.7051320421617995,0.3537237131276595,0.7614476123422915,0.4191513591340059,0.19450774300245469,,
11.356339999999818,-1.3516396046109453,-21.557168574660714,161.94481038486597,1.8640015359784372,-1.6823724374934028,-0.754239291796798,0.4590145551674787,0.316398567920029,0.08047173448402122,,
11.365857000000005,-2.7798165047660595,-23.62385281240288,161.77540408512826,1.8999798419020124,-1.3504764663363376,-1.0105568971963153,0.3761978026297194,0.32526531793869107,-0.14538579960310252,,
11.375376999999844,-2.6787383026323415,-24.251397067430226,160.5263993100619,1.197763301249429,-1.0186702718596803,-0.5164476457428884,0.019738911234431545,0.1391324091861933,-0.24329618058442062,,
11.385053999999855,-1.7973325625544028,-22.796475098717636,158.70839438127854,0.7025339339028199,-0.8865482674068856,-0.012016896905438623,-0.25619506208423615,-0.20256766216863337,-0.29529521556673327,,
11.394587000000001,-1.2160254743609384,-21.45344122734434,157.06814014052637,-0.5030623917943143,0.22481509450151527,-0.3421442016219559,-0.20376043042150796,-0.1943594384160757,-0.28664454783506466,,
11.40407899999991,-0.31079918407606055,-21.066785208310524,156.5594063067236,-1.666302740531103,0.8111906071193623,0.8420079329171766,-0.1883471886992251,0.009101769433789646,-0.0984766197300084,,
11.41357999999991,0.1378287203504864,-20.680344160079756,157.07656846422387,-1.8317856438025852,0.9265497068342388,0.6767217299075176,-0.11031308969674002,-0.024092500641559645,0.0910859675907158,,
11.432614999999942,0.21563636599341404,-23.831917692879436,160.36928236373808,-0.7425747780966554,0.353707825096851,0.6322043790807579,0.14398118182851727,0.4601971504111397,0.372137520639338,,
11.442133000000013,-0.24240212482758508,-25.9107370989561,162.23510446234008,0.22465660078533,-0.22951903220129613,0.5845408649191408,0.20791336546397063,0.38188381476193495,0.31895487651896615,,
11.453895999999986,-1.1226484464001143,-27.459029205262503,163.63106484935233,0.6832975130391513,-0.2398840136387715,-0.7018993035024685,0.23672438073504753,0.2646166316991536,0.1589241193615672,,
11.461110999999846,-1.5111699625263597,-29.176196455988066,164.11137182879835,0.7938940085410344,-0.39218958636042717,-0.3744538775237873,0.15647613040509664,0.32552108483661313,0.03204553414870788,,
11.470662999999831,-1.6384750258239689,-30.372722045310034,163.90588687814164,0.38125142751934,-0.1781349929178921,-0.3320803660929615,0.08245234882272043,0.23842236083292523,-0.0951228340879818,,
11.480167999999821,-1.4173173042146088,-30.944207765540316,163.38032008649856,-0.05959698953604195,0.08871521699586889,-0.6339978084282045,-0.008925484801956898,0.13455234193281543,-0.13053513850676507,,
11.489691999999877,-0.9845335975636446,-31.883630554407947,163.02565283373713,-0.5355659292166596,0.3276551948484939,-0.2785516342297843,-0.02123684681058118,0.21549291000368775,-0.07804454079396293,,
11.499192999999877,-0.6190807635748642,-32.98695569326569,163.22636930178314,-0.8476662517890091,0.5912140306227887,0.11485730690561445,3.4558832371081834e-05,0.2434202392889054,0.026657722355784664,,
11.508695999999873,-0.3311045219140883,-33.89794079862454,164.15940186461847,-0.7817323799311319,0.5547426551734929,-0.07041395070347045,-0.0001668434894662406,0.2025723732005214,0.16638858735923379,,
11.51822900000002,-0.3135762532299843,-35.19480196084574,165.6966609560257,-0.555537736772073,0.46791770679603095,-0.197307962492475,0.05897537392038359,0.2655380741282322,0.2559263777646823,,
11.527736000000004,-0.5318955955437228,-36.76897628575953,167.5279567109561,-0.17696067858847742,0.3128889149119646,-0.17740855493748958,0.10109011392933145,0.312474070218098,0.2855017446380114,,
11.537243999999873,-0.8403148740274132,-37.978588805623595,169.23589018551036,0.27853591452226373,0.12228219922978069,-0.44596236243140586,0.09029850754171481,0.24119916680924783,0.24363924694961925,,
11.546771999999919,-1.0193029547885148,-38.832068174916884,170.44671434054257,0.49249378370608426,0.04990151005585448,-0.6551760480013125,0.05103015792856469,0.1768892613232019,0.14057024899019824,,
11.556278999999904,-0.8608790204867446,-39.30249439895312,170.93237282516768,0.4373912736889888,0.043690682869946776,-0.43064988377771857,-0.015761945619166443,0.11022007867360091,0.024548197177952424,,
11.565772999999808,-0.421774462893109,-39.12764056370945,170.7585714904606,0.14529379892751626,0.12688479801401117,-0.2834438146694792,-0.0790420599146717,-0.010787634305964132,-0.07350646910059479,,
11.57524599999988,0.14422888739015788,-38.63440234350973,170.3158727375436,-0.24733133096038656,0.22733906567361467,-0.1636280470813088,-0.109191748860195,-0.07014704234570761,-0.1175565163986387,,
11.58480499999996,0.6022429373187844,-38.226355354063976,169.98739059375254,-0.561225284806342,0.2982352550956251,0.0878632578295586,-0.09075437918845333,-0.055336733040010314,-0.10534062273079227,,
11.594315999999935,0.8217241309414469,-37.84024968050116,170.0783941224561,-0.6566005242744329,0.32523801972861055,0.08995786230147085,-0.05354820174596163,-0.05712696740422656,-0.043938469354198546,,
11.60385899999983,0.8659509360337465,-37.493891220067084,170.71638541301368,-0.49239037193556545,0.21349576051758942,-0.0940511029764482,-0.024744102643596333,-0.054140494303531614,0.04587578939809841,,
11.613304999999855,0.7235400945836983,-37.22165464548021,171.730464776124,-0.1606499481296148,0.07559196594894574,-0.17075379881207767,0.007549270500025706,-0.044236348136489495,0.10344841664935515,,
11.622834999999895,0.5560372319439846,-36.67680964496032,172.79638326436495,0.1203031542104125,-0.016578250737092796,-0.2654048123805819,0.00528934780266909,-0.0987686136758795,0.1157981367447707,,
11.632339999999886,0.5821119124715497,-35.59633560561824,173.56530659522042,0.2894529151711053,-0.11086786344357442,-0.40429539748227783,-0.03631023793055364,-0.20165402648506628,0.082336157775599,,
11.641812999999956,0.8613715353418215,-34.117206434669306,173.88971592119717,0.1819327654294028,-0.07628834632980917,-0.39291916649965725,-0.08411733500811781,-0.27701152646415533,0.011756181244648936,,
11.651390999999876,1.3608892090868943,-32.2476413011562,173.795664729556,-0.12146235264362465,0.008746780790701722,-0.14377973052880538,-0.12919276062948404,-0.3510856109290893,-0.054045032214728055,,
11.660924000000023,1.9125637716247053,-30.014797268524465,173.54249713939845,-0.58804237648293,0.17108437095588383,-0.056925162070519404,-0.14869815245983006,-0.42195353342190306,-0.08812356019570398,,
11.670407999999952,2.428893302076602,-27.75950834358604,173.4051921595808,-1.0693708756054543,0.3357338974977883,0.052390276331365705,-0.14669977838797785,-0.4263828596166723,-0.068558608505341,,
11.679895999999871,2.90763836737972,-25.639459948285285,173.54037539384933,-1.443564521555757,0.46766355197144777,0.24852398657387256,-0.13921821702768178,-0.39994454245161165,-0.0029555337206104747,,
11.689415999999937,3.37764566312006,-23.66795957573889,174.02584622938977,-1.6370216107454518,0.5463000834027976,0.20321581243090972,-0.13408084140793486,-0.3710975595350024,0.07858887386597903,,
11.698926000000029,3.9332401027372015,-22.004567082227908,174.74855263163408,-1.6655634601345686,0.5707412088685075,0.2377670559250341,-0.14132279432354583,-0.30945566684120873,0.1389515971776536,,
11.708437000000004,4.5527563937523645,-20.56376175606097,175.39397637597278,-1.6140750485041921,0.5443635816177278,0.3033100431577529,-0.1471072075068937,-0.26552952408061176,0.14618126685321067,,
11.717952999999852,5.1246635235866025,-19.122361778222142,175.75131654290374,-1.3269745340053778,0.3851229043068232,0.2936524449330917,-0.13697499495243118,-0.26751048240951775,0.09225905648903442,,
11.727278999999953,4.256136851560471,-20.83318018412396,175.0552285769274,5.5174765101872225,-1.4355053167120875,-2.363250594202897,0.18324091799193573,0.34069673730356204,-0.19493174620661546,,
11.736961999999949,4.554580218013329,-32.96157395544138,171.78367624060715,1.9596602356740962,1.7587242641948833,4.143627352908687,0.22707757418341828,2.431657513219776,-0.5446323165983319,,
11.746316999999863,7.669711004049168,-35.40868658177549,169.80555028313722,1.0276148502883378,-1.977225119942417,-1.8993226637730447,-0.4371283846527004,0.5798794735787061,-0.002244617755907507,,
11.75589100000002,6.3294084592086,-29.159989233673297,170.46137980913966,1.2877886691099065,0.27986275927815263,-3.009839501235391,0.007489641779406138,-1.259307196006062,-0.10849335447334844,,
11.76531799999998,7.322931465624812,-25.614706091317714,170.73594463529344,2.447916832185836,-0.7786531883417759,-0.5670580857300014,-0.2946264537175828,-0.6603176283526171,0.05282331474156735,,
11.775015999999823,7.008503658703088,-26.30155893089562,170.14437905996152,-1.446006872276971,0.16995995592540875,3.3817601783504467,0.07171523226952302,0.13904578938342724,-0.18393164038745352,,
11.784518999999818,5.561690762025132,-22.890227642290967,170.52841473100582,-3.2491714663541,0.835573307687249,3.3866472200400377,0.13987764349253895,-0.7048132006295742,-0.09008113135418476,,
11.793859999999995,4.994136018933362,-19.899326795605024,171.16005119145476,-2.4483124256930555,-0.3370223462573722,-1.3052415492971186,0.0038315105985397375,-0.5955894482315904,0.03862704650680057,,
11.803556999999955,3.992106697544335,-23.25694274807086,170.85858752714967,-2.8569944830213614,0.05612180653802549,0.733906938882293,0.2833083438842745,0.6477646481351136,-0.12478465997005284,,
11.813052999999854,3.40670709851985,-26.76004818915308,170.32823138139156,-0.8626939691553764,-0.02217131274891969,2.800380244200935,0.21350927236160874,0.6877102234059416,-0.14284524406960802,,
11.822337999999945,3.495848314129512,-27.578116948402318,169.65413419682494,1.0254177666357105,-0.7537515434665906,-0.9159161991878352,0.006613254527815836,0.177170875746833,-0.11091199875763792,,
11.8319019999999,3.899578398196462,-29.497761891953576,168.6568342910862,1.8643884273920412,-0.6889070089170386,-1.4904985447779557,-0.003719273995288844,0.4041615366503808,-0.16698421677953493,,
11.841417999999976,5.009585297003547,-31.330540945648657,167.48917639451585,1.791085267669041,-0.48147595582859964,-0.2864510603355881,-0.11787539522685526,0.41200384493671593,-0.12298671123601573,,
11.850913999999875,6.128316973739522,-29.571400612133747,166.972150900952,1.5421746748540037,-0.3548861425681,-0.16193838053873807,-0.2719851383348818,-0.28819698043997416,-0.024223505970771834,,
11.860451999999896,6.8581954247944585,-26.30750488665751,167.19707128676484,0.9781943522510369,-0.02731340772834925,-0.5000918297374517,-0.27634951049972906,-0.5961689120074098,0.04230684772514477,,
11.870130999999901,7.703940940678587,-24.77902154794709,167.7225238982363,-0.6643250443515228,0.5080384344319355,0.4606418502424005,-0.2212760355949683,-0.2533614912498592,0.11720650751170572,,
11.879625999999917,8.488922085556542,-23.22918746586084,168.84812051788742,-1.5614852865350097,0.8195890788554382,1.950760513681565,-0.209790655220656,-0.262493395201127,0.2511544951847646,,
11.889145999999982,8.882588809484705,-21.22849081094421,170.5359125186707,-1.5437882334199067,0.455929082148135,0.18847870459333269,-0.14993311201422807,-0.36902591421942854,0.33918425242092887,,
11.898668999999927,9.12495488215409,-22.109415493347807,171.73620447144347,-1.6122220038198525,0.5808720691096375,-0.0020292886826084964,-0.024529835934965077,0.19348800781398773,0.25409236261809187,,
11.908170999999811,9.49780215117084,-24.331245431786467,172.40846770665772,-0.6349001571302911,0.5891014459678051,1.361528450498797,-0.013577327257343811,0.46234783927789036,0.1847147691017936,,
11.917690999999877,9.388096300407078,-25.486872077373146,172.85522880737165,0.43325651378646346,0.21780551979474871,-0.00794028455856367,0.042011559988225367,0.2390254954522121,0.09381714217892645,,
11.927036999999928,9.06906126005125,-26.68521274023174,172.6545980502873,1.1390886569769378,0.08519026429548204,-0.9297085625715976,0.07969047791907706,0.24298431403241497,-0.06505798587143768,,
11.936710999999832,8.888859175581526,-28.0630157230919,171.82561837753678,1.1593531702362985,0.1460914921564987,-0.2409901939053893,0.0615884892804772,0.28140429324249366,-0.18556554568014932,,
11.946224999999913,8.389385357402425,-27.81835578744608,171.1213791599597,0.8428143135524095,0.16207897060746115,-0.09964996425010886,0.0729763121719223,-0.04908446540930059,-0.2118573604732752,,
11.955729999999903,7.486545318500558,-26.534755835731435,170.81699172413659,0.2989259132089331,0.1651122018098211,-0.41409719854814453,0.11194181313200278,-0.26646679191915756,-0.18113598706876077,,
11.965249999999969,6.337502451435129,-25.987958733939195,170.88014017293935,-0.6540772622051846,0.23275314403632502,0.07711209058277872,0.1796176966091616,-0.1281204216472727,-0.11689791432615368,,
11.974748999999974,4.814151005979851,-25.747059375828517,171.55588330995727,-1.2927588419400988,0.23685869678982965,0.7679383626898177,0.25713611490163496,-0.07672862853413591,-0.015728536141219097,,
11.984262999999828,3.075393818168005,-25.51227389903245,172.80790191351784,-1.3714075573946758,0.08400619617269683,0.2558976473340654,0.2977327039989992,-0.07643526396929283,0.08561134828673797,,
11.99377400000003,1.624953545630083,-26.43924601685368,174.1591886589455,-0.9753684052997293,-0.02437809105143192,0.10572493489704371,0.27340785364770415,0.16742280137912793,0.14795271286054174,,
12.003226999999924,0.792030707493945,-28.116162198012745,175.36293956966662,-0.10692435980615987,-0.21249173014785985,0.5813218506531417,0.17119816274555524,0.33339492945679705,0.18353622516865215,,
12.012794999999869,0.22301542126877727,-29.223303552084012,176.273601163178,0.717099665010666,-0.3458919864913588,-0.08983296550390091,0.10850159372620023,0.22632327613712094,0.14569277215600349,,
12.022122999999965,-0.3008540101746199,-29.94375835364413,176.81947599215383,1.1541023291751535,-0.21183276064679535,-0.7916399180428426,0.09213237126349569,0.1510614873036229,0.056261141470116745,,
12.031655,-0.5331488172971319,-30.47083097368066,177.02437331543365,0.9595038426172867,-0.08453970453096306,-0.5667278202145516,0.038096531277272,0.11579360159195909,0.0019002500551868647,,
12.041341999999986,-0.5951638705873984,-29.979189606585763,177.05839148773526,0.5937898286440165,0.0687046497196674,-0.3388636721635903,-0.001897275476043773,-0.08640314586675034,-0.02572736560324457,,
12.050837999999885,-0.6012729905616431,-28.785263840881605,177.23585355742438,0.05715406746258057,0.18215313238951367,-0.2552292362699264,-0.018070399777930242,-0.22646190567965416,-0.007163879214801276,,
12.060346999999865,-0.8345125653503153,-27.925870979942772,177.80820780399293,-0.7210264533300071,0.3075923385381389,0.19241132404484745,0.026232172090408814,-0.16127746203653856,0.044590343940806534,,
12.069862999999941,-1.3845113504090678,-27.297375055727965,178.8606631492075,-1.2726409188043803,0.3296181557126487,0.517101233914843,0.08615183936946973,-0.11623995156165341,0.12925625850600225,,
12.079375000000027,-2.3329668441868665,-26.92956349484764,-179.59850565828455,-1.3846113345863327,0.2205842229524349,0.25357790755366816,0.16051245453083957,-0.06242413634570227,0.19979687594188064,,
12.088886999999886,-3.666119264073563,-27.50299175245017,-177.84584042407377,-1.2165257462121561,0.13766451666219948,0.08736363871180587,0.22636429654944276,0.13225023488830495,0.2198569582266129,,
12.098397999999861,-5.139853677086866,-28.770212446293286,-176.26757941035697,-0.5842002252644449,-0.1183113569975668,0.2675889887592153,0.23837407288911378,0.2787076586595643,0.18335072432788763,,
12.107937999999876,-6.671332364055307,-30.057012729388326,-175.25198915977379,0.0723817020016476,-0.2621560095290845,-0.17564739833626292,0.2388800728485325,0.28856925043723386,0.06376531304548061,,
12.117413999999826,-7.8722893356706,-31.3346325219235,-175.02882447086253,0.6177501686390947,-0.3391266470731248,-0.527181725345688,0.1759493725642104,0.28440709453757174,-0.07076984023588258,,
12.126942999999983,-8.568547165851996,-32.53026899527009,-175.51836921759602,0.7188785977793193,-0.26901398994655396,-0.549449371620229,0.08976863019230091,0.26055098506547747,-0.18230872053336467,,
12.145980999999892,-8.091048919256446,-33.19501878772231,-177.38396783564727,0.166755657551457,-0.18362198809929553,-0.13595923513218316,-0.08517109424741862,0.014918369389371347,-0.16720915368975162,,
12.155459999999948,-7.796855347059451,-33.016912500471776,-177.72499678045693,-0.3849871074435136,-0.04442931029654928,0.12001780888598634,-0.05566606047273204,-0.02552332034170493,-0.08006362226501142,,
12.164974999999913,-7.693517125329219,-32.93869114393271,-177.19913433942918,-0.6074007627729648,-0.0076487667605937525,0.46254731563342916,-0.024736442905597553,-0.004205449866668537,0.07573079542727747,,
12.174436000000014,-7.917607123814519,-33.091589699514714,-175.80933173872447,-0.5763111100604544,-0.09392248210017144,0.4935922201997973,0.027224531700897236,0.0449950356124149,0.2170373412543285,,
12.193526999999904,-8.98691850462479,-34.30277746525544,-172.11404314601108,0.23818230231329332,-0.07417456657994552,0.07046863805566146,0.045121806122337696,0.17139321234568228,0.3151133178304855,,
12.203017999999929,-9.213284874248307,-35.02397730851057,-170.78664607156955,0.7901368580010751,-0.14948109681841165,0.006520482777517731,0.006052830702334509,0.15981503098668637,0.2302864091476326,,
12.212537999999995,-9.253866047555391,-35.485100844047494,-170.32672841855373,0.7892883410749514,0.10894628259118798,-0.3775873319184279,-0.018022736379263545,0.10352067076753656,0.061906230296072805,,
12.22204899999997,-8.745804338384378,-35.72405169660449,-170.70575070757076,0.7752878340210932,0.12410401367648721,-0.17319927730904067,-0.09880413570508284,0.0447370895028404,-0.06232280332761049,,
12.250577999999905,-7.567106729315088,-35.55438614578968,-173.5246688195576,-0.5371361919214311,0.32020623514011876,0.2693598668367498,-0.02281217027422085,0.007559230885607726,-0.1796821106186616,,
12.26003999999989,-8.070475555031292,-35.601676686920456,-173.50628833861617,-0.7402667406240141,0.2911535025274569,0.3629916149332316,0.07159572535492502,0.030562771273105107,-0.09950337073714423,,
12.269604999999956,-9.022137698866926,-35.81825064601589,-172.700751412907,-0.7141605379397277,0.18760364719800507,0.23548933059625232,0.13948308063527404,0.07358249854199676,0.01319229399714561,,
12.279121999999916,-10.244253513993879,-36.40099569751865,-171.3159974497837,-0.4215226908938164,-0.0024959657189656016,0.20773683291004746,0.17042880615637662,0.1548691490696538,0.10732939614628488,,
12.288634999999886,-11.578486233031203,-37.15128072394167,-169.7886318044201,-0.15109269656976845,-0.14229074596739807,0.04318154046383383,0.17720445084764244,0.19495246056660145,0.13083878123292397,,
12.298138999999992,-12.723786760907876,-37.83523932414455,-168.5068699551023,0.15288814447082263,-0.22613884925648095,-0.15343235980402223,0.14355842550760653,0.18029918742589093,0.0940252214166783,,
12.307639999999992,-13.468124758489912,-38.548860531623,-167.7177488746801,0.15050479595530816,-0.24551936598773383,-0.28307952038796774,0.07573110784874991,0.17539448009623423,0.03172498956172987,,
12.319642999999814,-13.688680214215475,-39.24578871916422,-167.4046009712675,0.06094458218896331,-0.24587968476999358,-0.1470056907614303,-0.006046444042668761,0.15495127004812326,-0.018719872613647902,,
12.326716999999917,-13.475771322005958,-39.85685682334989,-167.42658734823178,-0.19122314464905454,-0.16910273334078957,-0.12772285092779184,-0.06823289317843274,0.1233494210761515,-0.03471752294763098,,
12.336217999999917,-13.020998234901334,-40.54360891649434,-167.4762280175335,-0.3373337311542735,-0.05422379348987926,-0.07102660302233421,-0.10722993797255757,0.13016571670265403,0.008390362115176905,,
12.345664999999826,-12.571426104690069,-41.33806806759489,-167.17153768548212,-0.2826981345769177,0.007269522129483741,0.11814890261790417,-0.11084170117107701,0.15128091954609574,0.0835564990570866,,
12.355247999999847,-12.36857980117192,-42.013842570846805,-166.38254676351514,-0.1702564626272724,0.10664397218514764,0.07930098475699517,-0.07025797896689359,0.135692272749811,0.14060788574439312,,
12.364755999999943,-12.440498117815277,-42.55972854813721,-165.22361044640428,-0.01665365846942001,0.1492451107149342,-0.037037578398274984,-0.02641769107663814,0.1193830331906575,0.17730724542091691,,
12.37426800000003,-12.772223793933357,-42.99235299607264,-163.87112607725956,0.09976657009069625,0.1475303213192952,-0.04384304031591972,0.013766920159183906,0.10717926461527194,0.16862807513522032,,
12.383784999999989,-13.202946751876102,-43.179966812915225,-162.71191022702328,0.11075983546887828,0.1328189486888924,-0.10607062448780852,0.03937669543335252,0.06465830743397259,0.11817277337813781,,
12.393229999999903,-13.58591433559459,-43.194698782460684,-161.93705936318398,0.056427030481386,0.07913448458385088,-0.15316383410252882,0.0422547322973826,0.030234642708466458,0.049852152072928264,,
12.402805999999828,-13.97795322220483,-43.27046467063926,-161.50378196999444,-0.07020817876456238,0.0017922657827556083,-0.07012364500689554,0.0,0.0,0.0,,
12.412301999999954,-14.239572573240569,-43.40325376980375,-161.37528252647962,-0.16980149547213788,-0.03296256728138618,0.03743127275382112,0.027243635225840557,0.01196711637288483,-0.06173127482113758,,
12.421865000000025,-14.513222413675784,-43.600905866687285,-161.28272383860778,-0.2645628683374113,-0.04656738138906035,0.035242515484650135,0.029389784816212166,0.005492214391225044,-0.0716983015221566,,
12.43137999999999,-14.875841581589494,-43.85466164648489,-160.99835925169683,-0.30357534966906535,-0.056558437124792325,0.05663012750158894,0.039030496728253886,0.013719293160613944,-0.0432839505571836,,
12.440902999999935,-15.330573692514234,-44.012985816144834,-160.41036532791654,-0.274492433697707,-0.07842424862821477,0.01074977973094008,0.05806149191316145,0.0031003649999799604,0.007648108859858783,,
12.450347999999849,-15.897808523846765,-44.02435612526639,-159.49201247851008,-0.23541572447168765,-0.05136090836700042,-0.1285192130337125,0.07866100948175088,-0.018171624794892226,0.06197340727394321,,
12.45983699999988,-16.382320989618297,-43.65632376938903,-158.3724369037955,-0.1826952138695508,-0.0385777952229049,-0.19289361730096802,0.081573010880555,-0.03352622776958186,0.11110466895681258,,
12.46929699999987,-16.686273310788867,-43.18945668180159,-157.22628198943548,-0.1342792904218025,-0.01515400137994161,-0.22013509647775753,0.06591653527375327,-0.05998738361733831,0.13792544624786043,,
12.47885599999995,-16.675432853938887,-42.63202119377421,-156.33339974627205,-0.13640776092821796,0.01692317363938278,-0.2100314560222471,0.03206866191350611,-0.09363123683471748,0.14018660757781742,,
12.488374999999905,-16.3549128382334,-42.109690933507196,-155.75281020298476,-0.2094400733913725,0.02460284158446759,-0.13174182012708233,-0.011498091435720734,-0.10548939911212614,0.1230675639493038,,
12.497902999999951,-16.070330868104975,-41.9708243873789,-155.28935372528136,-0.31655910486832917,0.047989478044637435,-0.016018191018482585,-0.048085262502488395,-0.10280408900697965,0.09710419288617668,,
12.50741099999982,-15.4266423826215,-41.639686452312,-155.1741941315611,-0.41593263514170115,0.0840848871726263,0.03260879946615605,-0.0703814672740192,-0.09138329936633324,0.0796988841442274,,
12.51691599999981,-14.83240267637742,-41.449460332978866,-155.06955936891862,-0.5026160508193378,0.1403368429739894,0.018310761432925347,-0.07586734477306764,-0.06299020099024476,0.08102593966918857,,
12.526384000000007,-14.327928179535865,-41.35013820197447,-154.79529510587733,-0.5082764292989587,0.20257566973949243,-0.008517005011109162,-0.07145815250500669,-0.041169785735374755,0.10646259144474653,,
12.535953999999947,-14.537880363549673,-41.590516960774764,-153.88148407488802,-0.47821033370108057,0.2506100046319151,-0.11117187938843928,-0.059577286202654095,-0.041912771798927675,0.1425296200349731,,
12.545472000000018,-14.877020447821403,-41.774524102429325,-152.77709706373363,-0.4859024713272436,0.29860458558754654,-0.20380175231109376,-0.05423295318111507,-0.0538895932533135,0.1748004892083276,,
12.564489999999978,-14.894065159791749,-42.11089345089861,-150.79581772782996,-0.6761128255199315,0.2582942286656046,-0.17443272743030805,-0.10729703573805831,-0.12443542967318538,0.20949887575122839,,
12.573979000000008,-13.549461664513197,-41.79406565381266,-150.62553789112002,-0.9089669513034506,0.2260155428744512,-0.14421156992745587,-0.1554497824347162,-0.14539221326193594,0.1940887197709391,,
12.583470999999918,-11.821533113097079,-41.60977696681489,-150.79242197793036,-1.0788227104604642,0.15992543100133283,-0.04956275542018769,-0.21930230366609807,-0.1508386704193407,0.18151213913848663,,
12.592988999999989,-9.8182201547797,-41.54824106685203,-151.33511050883584,-0.8836435756058365,0.13372307624519986,0.2675945381923621,-0.2690063519195408,-0.14812015325796596,0.16552180935350896,,
12.602495999999974,-9.564482921061476,-42.36933765081426,-151.93088569641566,5.914626513621557,-1.2962515515910553,3.1633476651049195,-0.12348926808890483,0.13480780706513526,-0.06968812457538784,,
12.612014999999928,-20.201049578700765,-47.199776228775214,-151.90125420419642,3.6750377132217094,-0.9413647066002114,1.7959592027185447,0.8724639479444536,1.5710642872961798,-1.4494695722346578,,
12.621331999999938,-28.921322170700897,-50.54349771556922,-151.17525896611272,-6.381569216527068,2.7833185901919446,-4.981656232830496,0.6839719074419977,1.1442078897270656,-1.1296254927397171,,
12.630850999999893,-29.13984299922595,-52.33998873479255,-149.1123343098382,4.906372923637006,-1.69772108454788,-0.41819500758665995,-0.16473251221944007,0.3356239636883471,0.4092643078073134,,
12.640359999999873,-34.99573058554955,-52.17917657197489,-148.07416799111223,3.191862257799341,-2.1896660859516155,-0.8545502754995318,0.6205193346809292,0.3572596453614681,-0.7410229606448901,,
12.649869999999964,-41.94905610826124,-50.102664447799036,-148.15904905628065,-3.803944505256201,3.004592836591244,-2.4099103238175124,0.9539560210572273,0.12068734882353624,-1.1414630222604158,,
12.659374999999955,-41.51996071370551,-47.50469090508324,-147.10992159610305,1.4057653982623184,-1.6155790245834452,-0.11175206444896339,0.2238363810671402,-0.4598304698896937,0.23073518161465986,,
12.671527999999853,-43.661062011582096,-45.08309434785682,-146.14790383468878,-0.8373797337454284,-1.90748385408075,0.4005770620612107,0.5066399661323501,-0.2317733790705331,-0.15265798846528783,,
12.678398000000016,-45.027528136690954,-42.545649493425884,-146.4986225266917,-3.6039283221805043,0.6673059207382265,-0.5413178924660538,0.43864427183494825,-0.3036446043321404,-0.2829709225447937,,
12.687906999999996,-42.66074429236343,-41.89157014661649,-146.12926164849492,-1.2617451483825253,-1.530208026700355,0.09700616215129661,-0.22784447821342368,-0.29475718779122206,0.3825270289942506,,
12.69760599999995,-42.30526514971473,-43.43499548295901,-145.49377860539494,-1.4278994076248626,-0.765521877102673,0.5113190123776057,-0.2254013590697646,0.23585532141509355,0.21681326595089945,,
12.7071269999999,-40.654169179886814,-45.772977064049385,-145.50059489089864,-1.1732701409310808,0.21996506050921455,0.06680549210867534,-0.46752693742571433,0.262807116408044,0.2824430019280555,,
12.7166279999999,-36.972122235593865,-48.42452723872656,-146.09483174969807,0.7933756112379478,-0.2770372164279205,-0.1625836651549838,-0.7221011886041847,0.1689099686623066,0.5076108153123239,,
12.725970999999845,-34.124338419750764,-51.04132021946059,-147.03509912321198,0.30966007788820815,0.862850330990717,-0.6293606052210924,-0.6046354557867586,0.24596330924293716,0.33214294948508916,,
12.735486999999921,-29.57798496223513,-52.6824770531822,-148.11499350666028,0.592332542915201,0.8886731870117747,-0.7917624231567547,-0.6601613647539952,-0.015294898118804618,0.4790589852995016,,
12.744975999999951,-24.20105769838969,-53.07737746239837,-149.44801934908054,1.6736840686436332,0.3348630541717185,-0.3570780659194121,-0.6055689141388242,-0.2621438498481793,0.5089204074070063,,
12.754674000000023,-20.737864810874687,-52.76523786532083,-150.7372329854303,0.5009665773282709,0.6825512059335986,-0.11062823663586517,-0.34071493011322573,-0.2545195789330266,0.2274246389393166,,
12.764181000000008,-18.13595157662751,-51.922668081476935,-151.39800158803087,-0.29994853126834997,0.6253410277779529,0.38830748994919423,-0.20688594402106716,-0.29318539814370953,0.23026666168373042,,
12.773696999999856,-16.31883410101737,-50.85101384391122,-151.15621374703,0.10435481100963485,0.03443658270427728,1.0754301024387651,-0.10647385346651866,-0.28890738284883766,0.29095772925983976,,
12.785660000000007,-16.70939503530041,-50.179765477308365,-150.18713203112588,-0.6386107561212867,0.07227717039802198,0.8851243471617986,0.09812082257147495,-0.08418299388525387,0.10928921245123795,,
12.792712999999821,-17.92752133610512,-50.044941873205005,-148.80700726529383,-0.73691594034658,0.13560916936012904,0.6331271938149409,0.13717016068196194,0.06465483046770672,0.0830781408976827,,
12.802226000000019,-19.297463224574305,-50.29305030768648,-147.51005377982636,0.07985900545457529,-0.002114805945104347,0.42477453655438635,0.1117463847846341,0.14333230514372622,0.049209945253262555,,
12.811748999999963,-21.001029425109728,-50.79665759888139,-146.77809784059772,-0.027489572794385925,0.1957331922256697,-0.2729249052805524,0.11631011255158398,0.21083972878711568,-0.11233393130845383,,
12.821267999999918,-21.956329617174987,-51.26043511764852,-146.82248041136657,0.6382964030849281,0.13770409534035014,-0.3023251267585554,0.038955528275797256,0.15223702729384778,-0.1527986259914177,,
12.830780999999888,-22.554027025476003,-51.39528558796758,-147.4874302483992,0.5737326751789934,0.04487740635555537,-0.27508721301383665,0.03752014871124519,0.0721218215793281,-0.2511778102058624,,
12.840271999999914,-22.83116332701724,-51.16930527710264,-148.4288737844304,-0.13800379388837253,0.0358080665932519,-0.40898975315243213,0.043081284053270434,-0.010928895170797351,-0.25400850538614306,,
12.84979999999996,-22.855995420726774,-50.79746113538354,-148.94973107249595,-0.16177595451355736,-0.23517148482397254,0.02604918162363312,0.031089333608006267,-0.05294601345578492,-0.13070087390269597,,
12.859250999999858,-23.204598830472925,-50.26658319000165,-148.79230336648942,-0.5080285900144165,-0.2811530448627297,0.22722738488597943,0.0826311674722,-0.05898133368234292,-0.04912311031115529,,
12.86880199999996,-23.535358007359996,-49.65618102817544,-148.0354608517157,-0.43038450712025367,-0.30472155322807004,0.32700808791069474,0.08981005012970694,-0.07293856680519681,0.08820611242242296,,
12.87831099999994,-23.927448189179813,-49.28414313053967,-146.74021331294446,-0.23069382883534606,-0.2687416685647736,0.32860786407789727,0.07235909984818432,-0.026601573681748286,0.18629108009688622,,
12.887788,-24.340570298765698,-49.162519945125176,-145.33318627417196,-0.1820419051659389,-0.12589585848438534,0.2560797934394099,0.047424739930400805,0.018406306099294167,0.20917646567538992,,
12.897301999999854,-24.35616412292851,-49.15358923548901,-144.33463993792168,0.18796412109470975,0.015676233911191256,0.13993314847166383,-0.008423240856521956,0.007915922081588646,0.1969169795845225,,
12.906814999999824,-24.175767325493187,-49.395561295706365,-143.91016582153284,0.15669627743615214,0.16593262163811065,-0.050847132435325626,-0.058667725071044195,0.03359925456723023,0.11741464816269809,,
12.916373999999905,-23.832891031504975,-49.84065345731752,-143.98045807916256,0.2913401925067395,0.29176191734142704,0.023622689198571894,-0.09960664487227924,0.05400023226272081,0.02715010362114952,,
12.925840999999991,-23.36686886862287,-50.23412543050284,-144.53220231561394,0.24868428034170684,0.33755805311504883,-0.002847565722424362,-0.10577298241424296,0.03711889363604516,-0.055844026620234716,,
12.93540199999984,-23.008189083070643,-50.48572604736997,-145.297773156195,0.1637089421969867,0.38140908120090566,-0.010973065308925901,-0.07742789569784202,0.023210564743185093,-0.11689822860111748,,
12.944904999999835,-22.933859219942907,-50.615905354161406,-145.92143605347502,0.06987200968832052,0.304329573482714,0.07612461442842479,-0.03340398643009286,0.02464012051535573,-0.13531754821634154,,
12.954422000000022,-23.2667958319779,-50.52174899970966,-146.31797371910594,0.004188929878999149,0.20836340713653106,0.09805364261096207,0.03491513783552508,0.01657011547260474,-0.14645914534675025,,
12.963925999999901,-23.966726379754753,-50.28636960501894,-146.44224038549973,-0.07545954485046077,0.09755830763087077,-0.007437855271195745,0.08984034520577992,0.01891625567653941,-0.14250764414604844,,
12.973464999999806,-24.871789472507565,-50.0582394893174,-146.36300595479116,0.01658173005035632,-0.005452594549719133,-0.07668458700934437,0.11140065852487349,0.03496566027203233,-0.13341196027062463,,
12.982950999999957,-25.707932106001188,-49.81362808215495,-146.31128494679106,0.04333507793068011,-0.06759889008526404,-0.1976637356731275,0.10638263432353594,0.027871794606440226,-0.14203148758668788,,
12.992419999999811,-26.17739942812062,-49.54503129044855,-146.59165209431342,0.07225840057514069,-0.0997202696134047,-0.3342109464331129,0.07010846497675206,-0.002262995801084654,-0.15619167103836978,,
13.001959999999826,-26.20096292885561,-49.317537014598784,-147.33433242477477,0.053373470250864544,-0.10624140370824658,-0.3829573855940088,0.01724000305080894,-0.027531104515872682,-0.17423020533711403,,
13.011475000000019,-25.76894279315473,-49.063231869532935,-148.5437593037737,-0.016478738177825906,-0.08644623673569396,-0.3498159249529312,-0.030911085611875284,-0.06407504756235617,-0.1899656173394961,,
13.020989999999983,-24.993239688568085,-48.67667465059151,-150.0688685254409,-0.12087039081024202,-0.0464005762059904,-0.32687902402977864,-0.05825381278966223,-0.10946198070971978,-0.19583736966909857,,
13.030490999999984,-24.12657722981141,-48.15522387344237,-151.6118044506473,-0.23110099487467448,0.03924924623650587,-0.277109605712638,-0.05951755005726411,-0.13789599097207897,-0.18679591099708454,,
13.039993999999979,-23.315806407755712,-47.462810340614915,-152.958504389971,-0.2717770437913142,0.06802653320936054,-0.19372497349096715,-0.04177595333044582,-0.16391543187136323,-0.15983407471024028,,
13.049526999999898,-22.626606842898042,-46.52990097884912,-154.0594488132135,-0.2761970581623481,0.10999474168850579,-0.18983528510188966,-0.010611538867848753,-0.19954765903727423,-0.13089719733140365,,
13.059035999999878,-22.076527221923662,-45.39505400218398,-154.98178800769736,-0.2952198101525166,0.11932728665125565,-0.2140833276805935,0.01886824038703628,-0.22837361521479796,-0.10927088611381823,,
13.06854999999996,-21.597563098486123,-44.128968296968644,-155.87345123721838,-0.30751856616636053,0.08633324532664194,-0.21005575861864864,0.03358584400172709,-0.24912398842222438,-0.10265236679456043,,
13.078048999999965,-21.073352463715892,-42.75854860612317,-156.83860444585287,-0.32206856880679335,0.05339540462691541,-0.24592044044756275,0.030376967079299374,-0.2720939488946963,-0.11673832453029882,,
13.087565999999924,-20.383877411850985,-41.297078787889156,-158.03409086613783,-0.3356090434532038,0.018802092767334702,-0.2449171921397019,0.007746802331640814,-0.29963239408544506,-0.14282889998434375,,
13.097095999999965,-19.51714551052643,-39.72585640495335,-159.42465951219208,-0.4119716657779494,-0.036137802201642276,-0.2290823552649168,-0.018429272391159632,-0.3309616920429464,-0.17511780156389903,,
13.106597999999849,-18.573276395273492,-37.99801682447809,-160.9784262628972,-0.4849237538694397,-0.1066208646527672,-0.18661429547042443,-0.030827394747159644,-0.36512876754130175,-0.20088827968184364,,
13.116117000000031,-17.7947031909008,-36.171944561202935,-162.52391748922585,-0.5106953892877744,-0.15826695767618074,-0.1933155346332384,-0.013264261677064735,-0.3757632440226748,-0.2122779634854897,,
13.12809900000002,-17.319467175191065,-34.351767381409736,-163.7784666733043,0.043004003750943536,-0.3382644634736129,0.4724392910922184,0.021709433215874385,-0.3607352638417457,-0.19344161222904882,,
13.135125000000016,-17.168414607600727,-32.63106422571944,-164.71318554190458,-0.34916405056978683,-0.4422126852936088,0.401979836240339,0.05933757039189917,-0.32778643560800524,-0.1379851260037285,,
13.144624999999905,-17.36915109374782,-31.079373564338205,-165.1775436770185,0.3610301621846479,-0.6760675053661344,1.3917746432666134,0.10352769523932372,-0.28057927249830605,-0.05782603291623264,,
13.154134999999997,-17.324286383579178,-30.306073251106998,-164.96388388756327,-0.8745648416589824,-0.042651633525339114,0.0147360293875449,0.022370996816366253,-0.14082258351767563,0.11914440920377586,,
13.163646999999855,-15.805252408392246,-30.142641715458307,-164.42606084548177,-0.08903368513954119,-0.5159588381049183,0.44524685929788543,-0.255252630998251,-0.08918520418442007,0.35834412682679956,,
13.173156999999946,-14.445906352584775,-30.47944662453313,-164.07848819139568,0.16286819003944847,-0.30516230946466955,0.17796400613891883,-0.2546209775757558,0.013034170576054976,0.3286686940260537,,
13.182686999999987,-12.885401466439845,-30.730198570135574,-164.17002042367335,0.28746308376638396,0.11340011536609142,0.002514049749050834,-0.2828217536153518,-0.013417944843806038,0.25495951453241594,,
13.192180999999891,-10.768550847069937,-30.78437515889573,-164.66195115811985,0.6855591769477181,0.11340566745801732,0.382867741646743,-0.36454062770335205,-0.07547618590527898,0.21693709362173869,,
13.201703999999836,-9.17605567225198,-30.738618295304224,-165.36008809050045,0.27207142423095176,0.4480848194140141,0.12015124218194205,-0.2730010440984765,-0.068307281654732,0.11041903238283997,,
13.211212999999816,-8.014670203678868,-30.426504630308877,-165.92362800182016,0.08934425569949478,0.6023751073542448,0.39700458605282946,-0.18917819965757315,-0.09920050738549606,0.08003941325190558,,
13.220724000000018,-7.344757784642415,-29.895761305399564,-166.0949310716441,0.05474383372645509,0.39167347200895775,0.3792848056957149,-0.09762688197563885,-0.12052902462588916,0.10154549558104814,,
13.230227999999897,-7.822119050965981,-29.544643854136623,-165.79429216169157,-0.05104619964360974,0.480335276783963,0.21287779915419308,0.08710028687217022,-0.0379318697711928,0.07823933377287011,,
13.239732999999887,-8.81535699046359,-29.34855665822706,-165.1675470293831,-0.05439655780451131,0.3988552508600307,0.08806917109383221,0.16713837885426627,0.015259804966601283,0.0963946396269241,,
13.249261999999817,-10.053683803865955,-29.05363747567374,-164.57281136244575,0.4085449409513992,0.17217725349064217,0.03267195490754732,0.21399138132008566,0.00918403309078147,0.06762540195009199,,
13.258711999999832,-11.465987604575568,-28.84301093792842,-164.3823035408828,0.4899557621688184,0.15312023190192306,-0.37016559074636385,0.23954693598352955,0.035323830445917914,-0.03195208195344325,,
13.268292999999858,-12.417477098846646,-28.695373393209998,-164.86450463695027,0.6897076144906759,-0.0788537669467822,-0.18348342167551018,0.15884153682811392,0.02591027826412537,-0.12318156240311105,,
13.277808999999934,-13.027247384200582,-28.410494315378926,-166.11807910166533,0.539509479587533,-0.1487104775177447,-0.3360405847377378,0.10827859298105984,-0.017836468157977656,-0.24566492682594532,,
13.287306999999828,-13.18185471245226,-28.132545816206996,-167.866912824979,0.29622419244861553,-0.150355633160486,-0.32893920472755933,0.029551865178989063,-0.03705516732017894,-0.3066683453375818,,
13.296855999999934,-12.918322747352777,-27.936441476366912,-169.7973803306532,0.004251277414854359,-0.2482259180286284,-0.07502373618497367,-0.04732514941017102,-0.03599949737796584,-0.2903947405745857,,
13.306323999999904,-12.574385321609311,-27.6511834437524,-171.48636054763972,-0.2864258798860997,-0.13918708510060265,-0.08824365959934767,-0.059829445673254926,-0.05444096844566206,-0.23453994767589362,,
13.315875000000005,-12.115255702263704,-27.380895495002775,-172.58149345342335,-0.3884812703931562,-0.060929643344219915,-0.11836207190739123,-0.08207822234554832,-0.05288219217618998,-0.11297155252605218,,
13.344396999999844,-10.468475563946265,-27.06023238539443,-173.1123097209461,0.04727503916441155,0.022571367623781733,-0.12708971739307195,-0.12474085476633762,-0.02222187042939719,0.16295666588828756,,
13.353914999999915,-9.71557850462266,-27.056796384799743,-173.19064369108702,0.186830815707706,0.02230916956227901,-0.09610637626690094,-0.1421056214557383,-0.004360714151546796,0.14714262708129341,,
13.363432999999986,-8.895054125430201,-27.036125793381157,-173.58594895855427,0.1926400301161889,0.10313357082347444,-0.05835075538141698,-0.1537700160362411,-0.00860731064477895,0.08528575181970356,,
13.372936999999865,-7.965342844527639,-26.949530734440447,-174.29274844984704,0.16171129495530487,0.0942577560191906,0.05008461852608992,-0.17198165057209325,-0.02237992077470766,0.02061972535957735,,
13.382498999999825,-7.402436862547794,-26.947983140684762,-175.08182549240053,-0.04150347597987788,0.15713439779079846,0.08731900871081263,-0.14055602979268256,-0.005774546738860474,-0.0397701018457626,,
13.391941999999972,-6.899750061525568,-27.0099279644816,-175.94398818588954,-0.19517976380707802,0.167460462847912,0.18989686198425393,-0.0988495875932297,0.017642866704827585,-0.05398384579621489,,
13.401443999999856,-6.755947472470576,-27.167007171849416,-176.50036111109625,-0.22720446982779163,0.12639074579436715,0.22675147171632434,-0.0359235073680892,0.04186506532830211,-0.031039895471903316,,
13.410945999999967,-7.025673602130264,-27.50259413981334,-176.56954543059487,-0.1502004799635241,0.06631955400112323,0.21406525486899036,0.03567875870372471,0.08200542132602852,0.014649061303461696,,
13.420458999999937,-7.601367781683705,-27.959062642132512,-176.28967166496355,0.08925415379067736,-0.08586876094131378,0.29723846161625567,0.08809202528541998,0.10946398411647557,0.06443929923561274,,
13.429960999999821,-8.397843095031662,-28.36907634473731,-175.81911501552128,0.36794622372788166,-0.21460272559242552,0.265433554970419,0.12653781620788862,0.10333765214306415,0.0825022230141686,,
13.439427000000023,-9.18686073716042,-28.688789546205935,-175.41668587192132,0.5929630613942851,-0.34135294955210416,0.20220728259467807,0.1253834336357476,0.08617736244322215,0.07029112256026801,,
13.448993999999857,-9.844684798321092,-28.91178359350529,-175.28585947653468,0.7269535019726097,-0.45312547789401136,0.29244409790065334,0.1032779787166117,0.06570396224804652,0.022527631901778526,,
13.458501999999953,-10.371773848699025,-28.99583285708485,-175.5252370701493,0.6920381020471725,-0.45014069898935327,0.3688997275007921,0.08258425005925019,0.03616931661739056,-0.05028782388911105,,
13.468002999999953,-10.644038938017307,-29.006815428665806,-176.10381141079867,0.5715393129097589,-0.44250258442359197,0.49260442093157636,0.039385753546818926,0.01786304077207229,-0.10058481111827193,,
13.477439999999888,-10.715188146606671,-29.007653971343768,-176.87627094543058,-2.268413938119178,0.46081311487180115,-3.1445960044300123,0.004580397797863939,0.013289642085829825,-0.12012532814169832,,
13.486793999999918,-9.475198852254685,-25.46539763476989,-177.95225450696066,-6.163369211352232,1.9382844907005778,-0.08260500905437945,-0.196505831939191,-0.7062711443799746,-0.09754347607162157,,
13.496496999999863,-3.037745096283619,-20.941434026580275,-178.37503018072115,5.056385233817887,0.826814148597916,4.936265818911594,-1.1621027923637228,-0.9328016929933444,0.3785619821908248,,
13.505887999999914,2.151101109676504,-26.747074171799206,-179.15111902800638,-3.4143627416914026,-1.7468234630790547,-0.010042714667282317,-0.9779827925051094,1.1585193485245067,0.3933379238329076,,
13.517860999999812,-0.9661946004680941,-29.07912358586546,-179.90916868545676,1.6882656797668858,0.5674693656576183,-0.43949395580309697,0.541565484271818,0.4814822377924867,-0.3551396732303104,,
13.52490499999999,-1.5117001789006732,-29.96396125506681,179.2461667666212,2.8028345939795725,1.3107425111421078,-2.3459856264220846,0.08841536506209428,0.18879783577014758,-0.1846673911988779,,
13.53458099999989,0.9040988101681331,-31.512271473023475,177.83851490414773,4.0213889493092285,-1.437129024123685,2.625921847437342,-0.4152505689865058,0.33359322977186,0.0069461051344716935,,
13.544101999999839,-1.6534144674660758,-29.82371433332023,176.2493775789925,1.34613525539617,0.3999370696900515,0.6461544903150981,0.41536455022862784,-0.34781379310234173,-0.5802305702220724,,
13.55362799999989,-3.3057374568832296,-25.86034999919641,175.56651668573903,0.18930960999188917,0.1602536322035648,-0.02118795667852565,0.22933555976117334,-0.7995691732825839,-0.31895650090312694,,
13.563115999999809,-5.168535719446203,-24.13679279931388,176.00959109345334,-0.6488608677177554,-0.5998638834773015,1.1848912677077656,0.305140255352416,-0.35607008247179184,-0.07535321877707635,,
13.57262199999991,-7.916676656733457,-23.825971643536146,177.31489259248482,-2.807679215560686,0.01969563353360426,0.9668544157811568,0.49139424346585775,-0.07914053540785525,0.06982299694891346,,
13.58214299999986,-9.094905459260394,-22.72692156603638,178.8774190115794,-1.6020943946686295,-0.823710682397977,0.6391960589014382,0.20173764216325152,-0.214770343596003,0.26570635676842724,,
13.591666000000032,-10.225349808515597,-23.773680734936487,-179.74816653609446,-0.8264209060068124,-0.8385996699226798,-0.3033087386037768,0.20295606211917236,0.22013090791032092,0.26330841166177765,,
13.601169000000027,-10.867669784426633,-26.385131747783138,-179.07689786515357,0.02020590931202362,-0.7935002924697294,0.6019031055125434,0.10592003791087409,0.5364839958767349,0.1763451954320588,,
13.610680999999886,-10.025768851541649,-27.90660565335413,-179.57439664657952,0.9940480409751081,-0.709052393248162,-0.07706237803130603,-0.1600274746232763,0.31616496745689,0.05099959659781735,,
13.61997099999985,-8.330158300138748,-28.860476522196024,178.92061761739083,1.341671114637208,-0.3006755494475965,-1.0204896819763432,-0.30415241958766515,0.20664761830341616,-0.054814439794356046,,
13.629695999999967,-6.074164059040659,-29.69917321932844,177.13801306401822,1.0254424458848057,0.05804435087546989,-0.0322835982974894,-0.3945387457191089,0.19555662777862595,-0.06205371435111422,,
13.639212999999927,-3.475657156309757,-28.87111388871719,175.6911133762329,0.5664805029956842,0.15538138252738476,0.4138061614931872,-0.4706387148717075,-0.12341622762192463,0.005037680031224992,,
13.648729999999887,-1.936694055249085,-27.020767600919413,175.23509075139862,-0.04314298626450328,0.5387903980005093,0.12568197580497756,-0.30790518370480263,-0.33499433254342165,0.058766648762168645,,
13.658245999999963,-1.272802685922242,-25.878310167030687,175.96404681846207,-1.0331851080465282,1.0063373907557642,0.3136767557921187,-0.143641522156855,-0.20627425481169087,0.21502743094138274,,
13.667742999999973,-0.9041817978118183,-25.02663645951086,177.78162265705868,-1.226238867269208,0.6804826621458392,0.7287453345551925,-0.08375444707942435,-0.15421300629182821,0.41647626189335585,,
13.677260999999817,-1.407964061963402,-24.487127367946336,-179.91742433963728,-0.7658181331165658,0.42584548060466637,0.17463569458694364,0.08127060929559184,-0.09775569185544862,0.4539200903723412,,
13.686744999999974,-2.502116072935366,-25.050771380930012,-177.9253198255489,-0.261232751181222,0.3095142077075309,-0.014773697695675036,0.1885920087895972,0.12817501976730156,0.3533821514964428,,
13.696238999999878,-3.62208038782476,-25.833577978544934,-176.91724400279594,0.506672632694209,0.11523168896479515,0.12409428286798853,0.1870710293224089,0.17724307501299585,0.15236861624684842,,
13.705608999999868,-4.511659443421886,-26.107870925767877,-177.29031974319793,1.0501831661414949,-0.0049311079529124925,-0.4815480004238995,0.1489205011850331,0.07474406504884025,-0.11795195442231578,,
13.715113999999858,-5.064961472710513,-26.31543822234692,-178.96440201118904,1.1483794640335219,-0.05708368629137814,-0.4955065348903189,0.09013542740790487,0.0570024419627332,-0.36146769948850527,,
13.724819000000025,-5.365032208850067,-26.19137343002463,178.59626027021204,0.7253661514546714,-0.04093560343784658,-0.08241756598413903,0.04646992766793888,-0.012423098597404338,-0.5004999603204082,,
13.73434199999997,-5.77898865946127,-25.364149385233315,176.25449998366943,0.19192658005060445,0.03960714481929014,-0.025967088958793922,0.060378773850021855,-0.15594533997730578,-0.5054937535980027,,
13.743856999999934,-6.445906106228903,-24.554488361289064,174.806740023928,-0.5508220749863832,0.2515706372579,-0.09952183141970326,0.10170682509001068,-0.15796181748350865,-0.34686172081074584,,
13.753352999999834,-7.219394504822883,-23.97845235126834,174.68966691374345,-1.128120216610269,0.2689173574966934,0.05184627820985081,0.12368492707794114,-0.11465233422777561,-0.07594047857202009,,
13.762854999999945,-8.043029596872751,-23.419767315554967,175.83060997509546,-1.089588260649813,0.0865576038657119,0.005519244660138744,0.13457919086348089,-0.11101842392265855,0.19174978039739923,,
13.772383999999875,-8.79424494570864,-23.301011309722064,177.8039469058147,-0.7366338105030257,-0.09076285720020166,-0.28397867247705416,0.129575380372075,-0.0187077296548921,0.38212476821194463,,
13.781880999999885,-9.251783001245917,-23.72378529513451,179.88718260663603,-0.12685718528571358,-0.33001551951276814,-0.13100630362996196,0.07855424892028656,0.09550382728455428,0.4429112488548346,,
13.791410999999925,-9.335712914483802,-24.18680065244656,-178.62286657746716,0.46551609014476086,-0.34581282726130436,-0.34598510257543574,0.006846751247592471,0.10544015264994795,0.3437874065956124,,
13.800681999999824,-8.816335538111263,-24.634677776564065,-178.2928382603939,0.7897609716034283,-0.20521687705045888,-0.5975983659002112,-0.10467202580647751,0.09985677241558726,0.16859702893588008,,
13.810443999999961,-7.523406553304472,-25.043695558133695,-179.06899512725354,0.7932202747036832,-0.1962285652043847,-0.24927406857510714,-0.2443686995044998,0.0894962876688495,0.002951373906523686,,
13.81992799999989,-6.044426088816304,-24.964478163637068,179.39200910027625,0.5082900924680821,-0.005647100814036889,0.036004141971226436,-0.2759233363262355,-0.003619007400383656,-0.14809690558765992,,
13.829449999999952,-4.783459025546327,-24.48831097762275,177.8014760331773,0.026045340837001524,0.3559349779775844,0.027162050032984622,-0.23896912595060535,-0.07686192204015284,-0.1979803363909262,,
13.838943999999856,-3.8512766557882157,-24.075597103859227,176.7667394445724,-0.36359347458770785,0.42199077248940425,0.3703010208474764,-0.1810718641224593,-0.06160070859644591,-0.1140029310595233,,
13.848473999999896,-3.718654783724685,-23.75832110589098,176.66719836348102,-0.6366036290111146,0.49052664738238755,0.3715016091831681,-0.035052912490544076,-0.04924544530997079,0.012987476028056926,,
13.857976000000008,-4.181128035681346,-23.608364139433245,177.55478549606667,-0.5144180271684039,0.34060331997031323,0.21230071913371382,0.07588280760402669,-0.021650209146695756,0.16326606899475157,,
13.867437999999993,-5.0698460890830725,-23.798903705160903,179.04242090925098,-0.17440794237426113,0.05740590373565089,0.17419670528431347,0.15653195191864505,0.04569039450287737,0.25409304043458825,,
13.876961999999821,-6.1587001289569585,-24.040535064860713,-179.49129191904464,0.19541179329066974,-0.15255675959709145,0.01802491016453703,0.19183159225115393,0.05978926372277379,0.23858717597101353,,
13.886520000000019,-7.0351140837391855,-24.08191745316023,-178.64155056091224,0.5453930512644802,-0.3287416216245421,-0.18356271087180412,0.15227025038330355,0.023045036086958758,0.13578958765398247,,
13.896031999999877,-7.5301965153037544,-24.064617061773852,-178.6683483142674,0.5670852371923689,-0.3484434066940688,-0.30190356507458005,0.08279113060707331,0.010981381868070593,-0.016338010343351982,,
13.905545999999958,-7.502915315192324,-23.96723178307244,-179.53102182066644,0.35558104826528847,-0.34164289626257294,-0.12450842801005021,-0.012291529357703416,-0.007032468196973747,-0.14683608885755092,,
13.915086999999858,-7.16967947154129,-23.69442338559213,179.0810195748267,0.01225805770129538,-0.21727000145820838,-0.03672403407462332,-0.06863234986198288,-0.04162466296181908,-0.2218194500993571,,
13.924587999999858,-6.753536649565565,-23.448723631703242,177.752886413419,-0.34268259309204424,-0.0238978276457949,0.040847797598141375,-0.08482946691484801,-0.034129154642080134,-0.19970317911457774,,
13.934019999999919,-6.381343212966515,-23.327635393398804,177.01120686629184,-0.5406928726789988,0.0282304655953048,0.23348596446118036,-0.07640644889326126,-0.008086906291248508,-0.08612694632139085,,
13.943577000000005,-6.2538291441473755,-23.256308076155335,177.08756833091098,-0.51268321202883,0.10462064363676477,0.18368248068969795,-0.031151857614499373,-0.00011893025421131465,0.059555610741849445,,
13.953036999999995,-6.33746039340765,-23.31317085146639,177.92998090467836,-0.2743429613203248,0.04447337916271277,0.12301716534296836,0.00870930389131178,0.02350032734461276,0.19698788511537385,,
13.96261800000002,-6.583498747843679,-23.45781256125597,179.2246066140077,0.03900231682345406,-0.06544274329322188,0.09191277367112721,0.03851886450490386,0.04044879554709173,0.2692330353303417,,
13.972080000000005,-6.874598110052393,-23.481152904236946,-179.57494330317036,0.30368238794171365,-0.13301827429211371,-0.021909249876645755,0.045810692336629176,0.016959864013640427,0.25085812648904604,,
13.981584999999995,-7.042407910566018,-23.369600219754965,-178.8799935063721,0.44005766959889847,-0.1733212397077556,-0.10318668908943825,0.023292645412979505,-0.009532952061887413,0.16094528225482035,,
13.99118099999987,-7.04047152311464,-23.193941639543677,-178.83980360963363,0.34494734923554066,-0.154248220979895,-0.051592930477855396,0.0,0.0,0.0,,
14.00068999999985,-6.915715674061078,-22.938077016323145,-179.3533684397522,0.12475904068667568,-0.0943561338755458,0.04004903052708067,-0.029884064650517104,-0.03910620711906233,-0.07985729351569922,,
14.01020699999981,-6.803636160777152,-22.708486476660994,179.84566498542728,-0.14006654920788722,0.00037729175482227264,0.05861569735525339,-0.028012862767163978,-0.03348272613257366,-0.14057907706815376,,
14.019665999999916,-6.819871172092878,-22.652621058780728,179.14259687821192,-0.32683302868899156,0.05788802881594473,0.14361318075201224,-0.004446702341799515,0.0014577830119571105,-0.1286669855898632,,
14.029179999999997,-7.034904673442111,-22.73586945746893,178.84385214861757,-0.3571108146891791,0.06506274886152043,0.12560086445350832,0.032763847549953255,0.028675733444317893,-0.060066251468762016,,
14.03870199999983,-7.456596083620594,-22.897603596258243,179.0533761084634,-0.20402341068374125,0.003371121076364654,0.0861845695855792,0.07116635431842819,0.043620292284707485,0.031165864661891283,,
14.048246999999947,-8.002329082342117,-23.07723065055272,179.65298256641128,-0.004951412631000956,-0.08093010147144616,-0.010470580427575602,0.09367368835770641,0.04740513108057217,0.1073518612850341,,
14.057710999999927,-8.540905132220374,-23.148936469191565,-179.58916975315054,0.16532717451227738,-0.1710653996644598,-0.09829198829142469,0.09169888216157317,0.026928203300405896,0.13731406013242783,,
14.067264999999907,-8.932475322672246,-23.059809898222777,-179.00633139792598,0.2525979661645696,-0.22191692671981944,-0.14453014564207267,0.0647156434571937,-0.0044801312952741845,0.11473813949818856,,
14.076767999999902,-9.089005673594965,-22.87823750743941,-178.75195329523575,0.19204557832816646,-0.2208258926313557,-0.11804917486496569,0.021899611366495056,-0.02327075982627312,0.05685366990027423,,
14.086288999999852,-9.016794497136287,-22.674978099377682,-178.89147243621744,0.022891596784553082,-0.1761975788401289,-0.03851060321309471,0.0,0.0,0.0,,
14.095767000000023,-8.812072852054198,-22.535161054909185,-179.3114561227158,-0.17077018187589033,-0.08852155519150287,-0.0061668192179795646,-0.0449436720226975,-0.01597793018641823,-0.05801577511359665,,
14.105300999999827,-8.600350947688089,-22.551964397020942,-179.79170038360311,-0.2825331270771091,0.005910728255175233,0.06764903452383612,-0.04662019501371933,0.015727841950959286,-0.06939567617881821,,
14.114806999999928,-8.478020690517464,-22.71635695176539,179.85302078245712,-0.2844028033604927,0.0535696309777764,0.09988256650413449,-0.02997655006331003,0.04562247221904155,-0.045317585046793236,,
14.124375999999984,-8.567800263268712,-23.1239388529174,179.74614227531984,-0.15480312544886327,0.06783410287717646,0.07723359227580291,-0.0051567879406673196,0.060416243662895136,-0.0008288699452494647,,
14.133883999999853,-8.78009893486064,-23.35953371360497,179.906765437467,0.0133441292501606,0.04727661827121103,0.030718150866632696,0.02170598217027608,0.06204086471623642,0.0406145841744595,,
14.143393999999944,-9.059352140674505,-23.356792839618457,-179.76209529680304,0.14194351714646727,-0.008428049485259576,0.0003204203345384662,0.040368431068263655,0.04368908420410085,0.060292969433866084,,
14.15291400000001,-9.308299871749725,-23.130270140211778,-179.4631175094114,0.20534993069639892,-0.010823992523180864,-0.0030968634935068795,0.044241449308134555,0.01266153810608798,0.05296963662878164,,
14.162378999999873,-9.520812932196138,-22.868090652158727,-179.31417482242148,0.13353768724827322,-0.03731777613999249,-0.007345240929972519,0.0,0.0,0.0,,
14.171928999999864,-9.681210922038598,-22.70914543321016,-179.3679747850577,0.01441328476575846,-0.006180057194003997,0.03427563512032678,0.0,0.0,0.0,,
14.181382999999869,-9.822817589968896,-22.58252138710423,-179.52128289813876,-0.1122643689216125,-0.01644971540183734,0.1437731057422582,0.0,0.0,0.0,,
14.190875000000005,-9.971908571490035,-22.574697433102077,-179.6711280128123,-0.17557226161234,-0.028265451367969412,0.24095069270150524,0.0,0.0,0.0,,
14.20033699999999,-10.173784328038643,-22.681604156846802,-179.73529308016538,-0.1379655267407132,-0.0859668762323298,0.3618514891040568,0.029889968823733352,0.03434088436824623,-0.028645183156280375,,
14.209879999999885,-10.51472359703113,-22.82890930830487,-179.6596534612328,-0.025076984445264835,-0.1786371783974872,0.4544458827427152,0.05550345648230268,0.04258198112044651,-0.011433381077411629,,
14.22891199999981,-11.751403991984999,-22.927674313705978,-179.38275542309685,0.29365529922036315,-0.48334811547635664,0.681893438860215,0.12319811557134934,0.012277710919083222,-0.015558957482127813,,
14.238370999999916,-12.607316757118976,-22.745358356604125,-179.33844668219683,0.370580917506477,-0.6873989324656942,0.8649458066798039,0.1511821732281122,-0.021984008656512826,-0.05214943745068613,,
14.247937999999976,-13.68762421166712,-22.3974069990666,-179.5713184563339,0.32612169538811087,-0.8219032507683129,1.0285933538980703,0.19336874403925758,-0.055022989683409865,-0.11678875255610542,,
14.257442999999967,-14.927003815739747,-21.915869149802287,179.94553273601394,0.1881177511083445,-0.9022641222058401,1.1232802986190593,0.22336563967116407,-0.08277967537721173,-0.18421843201320234,,
14.26684299999988,-16.15299964159105,-21.309595010475764,179.203120875941,-1.5303680532020576,1.038601867376929,-3.5650460532016406,0.22079604209245096,-0.11008677727724973,-0.232988286085435,,
14.276364999999942,-11.34550515199978,-22.175853034086508,178.66878419181347,1.8602333688882913,1.1452703170553693,-2.628052273353632,-0.8974189871193388,0.2051221500926834,0.30497547631098615,,
14.285965999999917,-3.658238425650463,-26.360367583468268,177.96008442842688,1.9770409193278005,-2.683085360255122,4.618709876061547,-1.380211776187742,0.8998327271923545,0.6460714530414564,,
14.295380999999907,-2.4854136139897656,-25.656318257908023,177.0571481634789,-0.8670104676486505,2.475081329938921,-3.9416270937300206,-0.22442809990254967,-0.11899124070947524,-0.07080081622103598,,
14.304812999999967,4.099284946869307,-23.350269350637692,176.80179827058095,1.43344581493941,0.8214749663432696,-0.4021187156439025,-1.230374638556426,-0.3861231522475102,0.45988453342030206,,
14.314498999999842,10.604629402445822,-23.879965795757364,176.30405186572605,0.6242932721431267,-0.2752737584558326,2.8216868396785317,-1.1935261855457941,0.1894895500187586,0.4277678618553663,,
14.324006999999938,11.389429470082334,-23.361933523406698,176.4860869563514,-1.9438595184896779,1.5873723955412107,1.4825887437731966,-0.1586329550591022,-0.08320637960620564,0.09513379842720625,,
14.333529999999882,12.193611929343977,-21.383656892070523,177.9256611476875,-1.1084070864647773,0.6448267368422697,0.669148788141747,-0.17649056148233272,-0.3776607683760936,0.3328289790674721,,
14.343050999999832,11.414538302884344,-22.676533031349237,178.92531922650926,-1.137219591307245,0.05545977640292017,1.1669206053377545,0.14289377603171155,0.2658028356577926,0.13716608272234707,,
14.352552999999943,8.646087450173608,-24.96001286661194,179.61190896120775,-1.208905080002387,0.35845031656467685,1.864302406994008,0.5046330475644971,0.461463462043732,-0.06865650912368364,,
14.362067999999908,6.096928047462021,-25.571603426647126,-179.78835538146166,0.48303138501197285,-0.6480917456600467,0.5388371451715344,0.4531744365733314,0.13287519548295124,-0.08749541487110109,,
14.37140199999999,2.9535765835314134,-27.048405404638427,179.77886895560965,1.0275066065721556,-0.6487856144533235,-0.788093601233385,0.5559517515431213,0.30747920858719013,-0.36784999266831336,,
14.38108299999999,0.8542018946718937,-28.879508707863206,178.41678688210254,0.88490998954957,-0.5221879297441198,0.15111724873001944,0.3691613919741111,0.37305319702111306,-0.47128327185233504,,
14.390596999999843,-0.2227152375678772,-28.31951693291873,176.7929009721614,1.0219490773047293,-0.7853376728449029,0.0817098106592015,0.1771320912794152,-0.10733137178547551,-0.45069743749443014,,
14.400111999999808,-1.455396192863281,-26.90587418484771,175.47343419641714,0.40739095535730846,-0.27505279861976295,-0.6608910974049232,0.1927207975257044,-0.28412169147149496,-0.4260234886239482,,
14.4096219999999,-2.0217649877107435,-26.158566139978724,174.98073678348894,-0.7012314804629822,-0.06746268727913371,0.25327244569714585,0.08207398459147727,-0.14457934464536565,-0.19582292719566105,,
14.419133999999985,-2.310329702452398,-24.704528681755026,175.51381551235957,-1.1230588789027205,-0.3073117926710114,0.9582684951256478,0.02128120097364886,-0.28171174110433433,0.04842935052964891,,
14.42845299999999,-2.964785979131688,-23.24479647028841,176.98516175549906,-1.3515563680794211,-0.08459726754108465,-0.25458662295249024,0.09337948587314845,-0.2868197540361863,0.22015011597151038,,
14.43814999999995,-3.193952435328667,-23.417007609349817,179.01833842476847,-1.1188763877918242,-0.18739489680630114,0.09912464964038427,0.03560987166720465,0.045441983242841676,0.39386244791810054,,
14.447660999999925,-3.2634484213713915,-24.187805328047883,-178.9447738336912,-0.40962458513967814,-0.27029390038229156,0.45879721008121477,0.004576861978934034,0.1665721047991208,0.4189268942799539,,
14.457189999999855,-3.1550537769104,-24.76507985082073,-177.44441370777795,0.30001051764382625,-0.025516773763787394,-0.5616807413306767,-0.03182991259255988,0.12691058632797736,0.32181920287036114,,
14.466511999999966,-2.23228440529031,-25.737066443484874,-176.84155068703276,1.0165624134905866,-0.08935440638459376,-0.4597843335734241,-0.18523464020834698,0.19801777294810402,0.21515882997102087,,
14.476200999999946,-1.1384815256096703,-26.481864141152425,-177.13777275695676,1.072593891446914,0.04621557254148136,-0.11873102440730611,-0.21298576806431338,0.15041124289821078,0.041339572766298,,
14.485554999999977,-0.004107597658049994,-26.052061391990996,-177.95776224817794,0.8356678366303427,0.43332815835677363,-0.49824433235579163,-0.20843564857094413,-0.08314403752555201,-0.08269399059931207,,
14.495243999999957,1.2403988367892373,-25.181068103068004,-178.87267829425755,0.5738364585437686,0.44822719030869307,-0.12892585160430373,-0.22819393726413234,-0.169074150538726,-0.10060670875828556,,
14.504723000000013,1.7200104731939028,-24.420064173519595,-179.47757497823423,-0.22527366153854972,0.6362292417773785,0.20305759552732658,-0.09329855715131743,-0.14194073242863986,-0.10069007855859675,,
14.514196999999967,1.5594573656413748,-23.564774170112802,-179.2997296874668,-0.6795166942517835,0.6247069988326107,0.2039372771378394,0.022970968730632486,-0.15917525231598081,-0.0054518694552390425,,
14.523747999999841,0.8088815914420355,-23.14549006370323,-178.40658152599093,-0.6923738167052063,0.37766215461954783,0.07937566129147376,0.1311778071200519,-0.0693777996932157,0.10021925560968682,,
14.533289999999852,-0.4734023443068707,-23.559750057574306,-177.14231576578513,-0.5650711769925447,0.2054469893628404,0.06688353396641171,0.22365652446110643,0.10372598835790191,0.14914366466177004,,
14.542791999999963,-1.865830987163929,-24.17847875473325,-175.87001425052858,0.02007826096135337,-0.11940683894683908,0.1426801332329568,0.23810988898762123,0.15083110897693547,0.14005441333858581,,
14.552322999999888,-3.3314966965459285,-24.705024530993665,-175.1144134610702,0.523125203121149,-0.2322086087341627,-0.33948604207607375,0.2492022589485694,0.13774421327154748,0.028392689916143188,,
14.561815000000024,-4.412669447450647,-25.291423975405504,-175.15721762531228,0.7309382325359179,-0.2724453346999367,-0.45515717339004874,0.17677736611159997,0.14537208803093782,-0.1011449700191654,,
14.571330999999873,-4.951665805990727,-25.55017740047319,-175.96998146012322,0.6566262999279772,-0.2732816517100245,-0.33455297511160853,0.08461770901664353,0.07107828280794552,-0.2099258973426771,,
14.580849999999828,-5.051928459523985,-25.26499609574462,-177.17936245160985,0.3803735954360613,-0.17157697287366147,-0.36362317929668586,0.013246493491763066,-0.04388068891091595,-0.2652890759827531,,
14.590363999999909,-4.80501231860423,-24.840811837111655,-178.26873544627722,-0.05617010472891289,-0.11290753057715594,-0.12864936209572123,-0.04937531298248707,-0.07455061887677726,-0.22818355571646123,,
14.599856999999929,-4.540932838551161,-24.408450711075677,-178.93721903979133,-0.4701210338816846,-0.093032781088979,0.20673431133540254,-0.05387973833775039,-0.07552357940894716,-0.1292124731199775,,
14.60936700000002,-4.4423441975538,-23.96824197464463,-178.95154090185267,-0.71431983891534,0.003493875534001326,0.08415253102381905,-0.024389969228381735,-0.07623330742966507,0.003995167163242079,,
14.628332999999884,-4.424462915719975,-24.19789444814053,-177.1559116290387,-0.36119037709782653,-0.1124035833727784,0.11614277988037369,-0.001855838364322615,0.07621971057670683,0.22564466783452494,,
14.637902999999824,-4.416843579430035,-24.612817895158557,-176.09641729263097,0.07062009414729084,-0.12198810173051777,-0.03922066663107066,-0.014882965137064804,0.09473529883801662,0.22670528594131137,,
14.647440999999844,-4.174122866596744,-25.053934193903178,-175.47952006527555,0.4378079975660583,-0.11120155039300737,-0.21163212541135487,-0.059246284404207185,0.09663599520108483,0.1551673318758337,,
14.65695699999992,-3.588942036106983,-25.43185780223194,-175.5347690759405,0.5495213960802988,-0.053592651527627135,-0.19906218699211017,-0.1204320880046719,0.07886809720443808,0.04180874639747738,,
14.666471999999885,-2.6659246003002504,-25.462814936001198,-176.2134111770934,0.5158232935826923,-0.045912580426735225,-0.012107152245701651,-0.175692002913681,0.005814177974630798,-0.06737280774720328,,
14.675976999999875,-1.8125686964076202,-25.171704313513846,-177.2763953559102,0.21783582347411984,0.11151566677206995,0.00397761881619156,-0.15948441079173067,-0.0552816561992978,-0.15473913037083808,,
14.685461999999916,-1.0647074912945111,-24.80708243246641,-178.36785048099415,-0.17257136659505368,0.23828792675541963,0.12989722400059292,-0.14130435176913533,-0.0662489581866099,-0.15692979281274558,,
14.694921999999906,-0.5626300606443744,-24.439662376828345,-179.03769355861556,-0.41507601703026137,0.2262768173385959,0.3122385165418256,-0.09804234523217706,-0.06369972770003454,-0.09408163821736797,,
14.704430000000002,-0.5324557633660159,-24.17733573902393,-179.1103708594448,-0.5328963568578088,0.2319857594321258,0.1722564872343394,0.0,0.0,0.0,,
14.713988999999856,-0.8038057558805869,-24.190785234089383,-178.64361342678964,-0.3940129028957793,0.11209185290169847,0.17762572206103466,0.04111572602744673,0.015575933918867947,0.06923676511018453,,
14.723516999999902,-1.3188470212749126,-24.379675876831563,-177.9046671626503,-0.13974978517160297,-0.006182746330304911,0.11437452116310999,0.08432286773821882,0.052498865666662634,0.10367426381722673,,
14.732972000000018,-1.8425406379400509,-24.553484629368153,-177.2560054051772,0.1529658954616407,-0.0978737032855593,-0.07137894668962881,0.08530054521223628,0.05061234449752115,0.08471535090728469,,
14.742563000000018,-2.1577827199491084,-24.69509873721609,-177.00632349769182,0.3530061006432939,-0.16178813850847343,-0.1656860099322829,0.04727310021165118,0.04299081561545619,0.022080480188186122,,
14.752017999999907,-2.1843153399056523,-24.737791946659005,-177.28596156686808,0.3508765550331602,-0.13468649645317188,-0.1648935388789452,-0.004162685309184779,0.02061283218639575,-0.05975716980760755,,
14.761532999999872,-1.8883329885045208,-24.59059941480025,-177.9901152484061,0.22154842110946876,-0.08662066542526718,-0.10335665515660275,-0.06103481383731369,-0.019768917069387115,-0.11783357898392022,,
14.771094999999832,-1.4475270583245607,-24.351889210701636,-178.83396487956918,0.0,0.0,0.0,-0.08727517162000699,-0.038028744858610755,-0.13407549765809076,,
14.780591999999842,-1.0187103268647808,-24.138638897419746,-179.47125370946034,-0.24858367726029879,0.11932230593780153,0.11326956378037344,-0.08584776374431712,-0.03181923400816201,-0.09415213510227924,,
14.790080999999873,-0.7419306477179906,-23.980501160822225,-179.64214774637273,-0.3657131028643842,0.16423418158324532,0.1645774655493119,-0.05854587161659915,-0.02001647984026646,-0.013555047366241718,,
14.799598999999944,-0.7057122867501565,-23.962125605649923,-179.2785970717112,-0.34009538279793755,0.17224694078281994,0.11741620503239047,-0.01486060755195325,0.008250964133865987,0.07374328770665198,,
14.808969999999817,-0.8661034811629578,-24.114015684567857,-178.51644549109304,-0.18509876141575654,0.12417350578101893,0.08352158636567183,0.02031848090202115,0.04288141806962979,0.13753653523529508,,
14.818659999999909,-1.150176544355291,-24.315330232476416,-177.6428072180409,0.05452825699339152,0.061516815381992274,0.04550087510017258,0.041914611631708294,0.05383523182174414,0.14968054271980447,,
14.828164999999899,-1.4304363664833897,-24.47393288838618,-176.9842443700498,0.25826121914072303,0.011841404190947948,-0.040136025977624966,0.04087077962689978,0.045849989928332585,0.10686520283753359,,
14.837618999999904,-1.5938289377687131,-24.564526187241285,-176.77571062827732,0.3209727462903011,-0.01738986854319616,-0.07484264109449552,0.0,0.0,0.0,,
14.847192999999834,-1.5944453359687372,-24.53299716724177,-177.06348508462813,0.2497925312300901,-0.0163498009604661,-0.04075540474968229,-0.008196539988261935,0.005446767187653775,-0.05935744163796459,,
14.856693999999834,-1.490441767390425,-24.390635589826495,-177.6981910616615,0.0768300932601529,0.0020405143899919972,0.00933270645237233,-0.026149400221567077,-0.017520452970422744,-0.12015326703406945,,
14.866164000000026,-1.3860992492691522,-24.24072625770361,-178.3249583843562,-0.1449058440832515,0.051786077900547185,0.06602366490776233,-0.026355792768943072,-0.018765401870206103,-0.1330636649006789,,
14.875635999999986,-1.3788952639410723,-24.150278260383125,-178.70707087280016,-0.3070316041652422,0.0752534306567031,0.1073938863140323,-0.009142120240911452,-0.006174922664764961,-0.094290585735072,,
14.885164999999915,-1.519748000090327,-24.153696459148257,-178.68856711487948,-0.34098951734505323,0.0659111766501576,0.1003152873897608,0.0,0.0,0.0,,
14.894722000000002,-1.7945926018940832,-24.266655988353307,-178.28677829659355,-0.2512160283954001,0.029443691489653732,0.07547919456277266,0.04120084700389651,0.035890410524601846,0.05612637894659625,,
14.90429899999981,-2.1039365015439766,-24.519306928829234,-177.59634474784372,-0.07886450592664096,-0.003310442247237713,0.03600440333266383,0.05118072390986319,0.04646611016544822,0.11092159443980303,,
14.913761000000022,-2.2992781689539386,-24.548182219236512,-176.88922110137685,0.09193535506217036,-0.06888973870438957,-0.043478021762319144,0.04232097517514417,0.041364607307071234,0.12373259973298781,,
14.923315000000002,-2.329356730526056,-24.403662064275434,-176.40361310530315,0.2009615343007461,-0.08725238551314973,-0.052429931312302024,0.018351345864537086,0.02955517505670865,0.09314753929926341,,
14.932456999999886,-2.202195427498845,-24.190416461977968,-176.2704437248862,0.19002579523422305,-0.07636176098495796,-0.034335840834778586,0.0,0.0,0.0,,
14.942341999999826,-1.9946440951016509,-24.015152271177445,-176.47257621042365,0.07272078316224097,-0.03785112729355754,-0.0027249310984021093,0.0,0.0,0.0,,
14.951801999999816,-1.819427094240776,-23.97594330869153,-176.85988831092422,-0.08771242199700029,-0.004811923229904327,0.03906662254890028,-0.04442212546504151,-0.01585024474840537,-0.06496739844729281,,
14.961304999999811,-1.668512602167806,-23.89176781945602,-177.26255088302847,-0.22787078750123996,0.07013612679932346,0.10191895058867874,-0.0353058172159194,-0.006470809061079827,-0.07011204135563384,,
14.970771999999897,-1.6525232905126264,-23.88712842071483,-177.4722771398125,-0.2864134319199127,0.09890180419938842,0.12830497658820128,0.0,0.0,0.0,,
14.980282999999872,-1.7851318256801736,-23.98635470572241,-177.3857297708911,-0.24380425707182554,0.08659990418664672,0.1099390624471806,0.0,0.0,0.0,,
14.989771000000019,-2.1128874702997127,-24.30829011336626,-177.00379107001356,-0.13666013221491047,0.04735775314841967,0.06272944915500923,0.038211908197637534,0.05023187362526247,0.04789579275831344,,
14.999368999999888,-2.445671694803251,-24.484078446061886,-176.5072366543852,0.0,0.0,0.0,0.0495761904278316,0.04959139846796881,0.07029116211785937,,
15.008914999999888,-2.6947213502609624,-24.48298139781534,-176.07071272380634,0.0848429484596629,-0.038981164666319144,-0.03963944641064375,0.04540231798773825,0.035214945898161674,0.06522686344509272,,
15.01842099999999,-2.8472216738609,-24.40172768833656,-175.81339944418283,0.08672398306715613,-0.046786396500991714,-0.04058247533037531,0.03085861507351387,0.01728796608343229,0.037405998674376745,,
15.027900999999929,-2.9021411159335497,-24.324982596306743,-175.76252260484753,0.0018251527240065073,-0.034353299743972505,-0.0015888336383458547,0.0,0.0,0.0,,
15.037441999999828,-2.935704002368884,-24.34562046547263,-175.84140230847234,-0.11276398548679951,-0.006448147011407596,0.013726380707619798,0.0,0.0,0.0,,
15.04695599999991,-2.99543943017623,-24.510726404097618,-175.91625143529703,-0.21954836499464664,0.05703058183520595,0.04801823627335772,0.0,0.0,0.0,,
15.056374000000005,-2.9949745101094556,-24.54427383208001,-175.91190935574545,-0.26731044108592605,0.0955371971009889,0.07831238496036282,0.0,0.0,0.0,,
15.065546999999924,-3.059059168990381,-24.66761990787558,-175.71092997016783,-0.2316200969226732,0.1224016613860695,0.08055495868683839,0.0010124889998965499,0.037162069191006716,0.03346911128519804,,
15.075440999999955,-3.3414207304327594,-24.97799858010581,-175.2492322987782,-0.13444781192716498,0.1187130279736621,0.06617303368530504,0.012901231235972675,0.0497050437972104,0.06735659087010065,,
15.084954999999809,-3.6657821714694987,-25.174198816132197,-174.66976425829586,-0.02915722795694984,0.10410464817425852,0.046022218671624086,0.02413254536174967,0.049618872958171335,0.08723892299182268,,
15.094464000000016,-3.9791774529649335,-25.217467910032102,-174.08786129127134,0.04957196996241688,0.07915753543769262,0.03739402494575409,0.029618317776696268,0.03621468014100286,0.08861582083622796,,
15.103976999999986,-4.263940001372023,-25.155357082019233,-173.59773445269707,0.06518365627350463,0.06188944081690144,0.025924810148220862,0.03005875050407008,0.018655561423511557,0.07273948710551732,,
15.113481999999976,-4.498350982835948,-25.06663422534694,-173.25177986499654,0.016645867518333107,0.045867956470059264,0.04686592535549684,0.02510625711412355,0.0036368183029064026,0.0482443879654146,,
15.123000999999931,-4.68867732676991,-25.01036400929319,-173.04244797133882,-0.04561530975550314,0.041390656141903105,0.07451252325228509,0.0,0.0,0.0,,
15.132446999999956,-4.773048913719492,-24.92870773599442,-172.94432385685244,-0.10143478316760127,0.04622087841694254,0.11342063568502059,0.0,0.0,0.0,,
15.141941999999972,-4.802798444681168,-24.910826520824706,-172.8698884358839,-0.10721997868176489,0.04741734011576188,0.18220343638667305,0.0,0.0,0.0,,
15.151431999999886,-4.785642516831219,-24.948606544830852,-172.77261160391893,-0.0567264111698873,0.04427675623117383,0.27954168075902575,0.0,0.0,0.0,,
15.160955999999942,-4.713848028181441,-24.988782046666667,-172.6441722128253,0.02029055600609137,0.027047810699355294,0.3810254575103298,0.0,0.0,0.0,,
15.170457999999826,-4.577186060198639,-24.968731022223817,-172.51975587916303,0.08932601520138922,0.0005803817174334597,0.49692608609433464,0.0,0.0,0.0,,
15.179967999999917,-4.357112958080602,-24.832433442917964,-172.46356748791322,0.10328040535995851,-0.03230946184773244,0.6136915742499823,-0.045436803194507415,-0.021024806668978206,0.028674027233963787,,
15.189481999999998,-4.026740353171082,-24.533749120070983,-172.54846474545457,0.05980872714696631,-0.07154748185625626,0.7328500213438723,-0.06117357612392343,-0.055906437674024374,0.009408208133746545,,
15.199018999999907,-3.5669217826070216,-24.064282764906324,-172.82480701865921,-0.3879962419767833,-0.11822548129100169,0.0654670313495109,-0.0806162050733957,-0.09269814177545853,-0.018794148876123358,,
15.208409999999958,-3.2503749869494194,-23.540625658665842,-173.33181302292857,-1.8358540580639229,-1.2198766148644644,-6.404164023146966,-0.054179630895625885,-0.09980266502809933,-0.07740317795200513,,
15.217834999999923,-6.3480433711728335,-26.766841306979128,-174.39197791294274,4.583823150586746,1.0433218122918226,-0.9424148805145088,0.48111811034590735,0.7138315116424778,-0.4599454977124471,,
15.227533999999878,-3.5835309171325607,-31.88852623186316,-176.04147391849833,1.1800283708678252,0.33664703576358984,0.4251897466972205,-0.5733578502378762,0.994861990098827,-0.008972650996772876,,
15.237043999999969,0.819033283085795,-30.468598723336914,-178.72990305902448,3.0267333331139348,-2.4155307980888017,1.6832375541399625,-0.749557463130949,-0.3059494128392538,-0.062208608342184,,
15.246465999999828,-2.087279126803595,-25.357369351546552,178.5986840097807,0.6164121507425789,0.5234961118764171,-1.524647427736019,0.5102785737777252,-1.0098397215705783,-0.9063863567598066,,
15.256055999999944,-1.6143066453708514,-22.78424974701212,176.99927744488022,-0.9814761557885271,0.6623453185896383,-0.11606675277075525,-0.11105227345195144,-0.49965944572839294,-0.3937230078821225,,
15.265565999999808,0.14335106027791747,-21.482720455674894,176.4199767749016,-1.9328470190133804,-1.013327455602334,3.5592287193997665,-0.3471847541822133,-0.2299233307627348,-0.046144352377047095,,
15.274887999999919,-1.5536601627062219,-19.20547447454658,176.6982394826195,-3.0771900465602995,0.5284378724093279,0.6021134310449519,0.2840307985421439,-0.4615501158348739,-0.0845290521413453,,
15.284411999999975,-0.9014681302309143,-19.15628935568495,177.65192678998406,-2.519113662034148,-0.2612542222608778,-0.004665018305724796,-0.13113668148381205,0.00872750392556536,0.2417676151772066,,
15.294097999999849,-0.35871050921969183,-21.335864419455255,178.45265972948332,-0.9934142547325402,-0.7431867973702923,2.041408974795677,-0.09390836134483377,0.45224957513194686,0.24399613389768665,,
15.303609999999935,-0.27165718668929,-22.944449774597487,178.66711122036722,-0.17316748750152858,0.002714403424226965,0.3743552821627877,-0.015251212076452364,0.33476597432737165,0.09220342979785247,,
15.3129449999999,1.6434219712616207,-23.984421961780527,178.15917512964398,1.3799003451874048,-0.5640351653946214,-0.18688348398017987,-0.3536190363585538,0.2304877944494926,0.07488522796324329,,
15.32263799999987,3.3020350883283878,-25.22451301920684,176.85405023298685,1.549880841776486,0.08720437876484446,-0.07748971893114324,-0.2985767840899889,0.27365784407772975,-0.1088774373684084,,
15.331776999999875,5.89312176653186,-25.239884540870076,175.4072609298038,0.9280352537369576,0.5130014898502814,-0.2227218643469417,-0.4759133946458246,0.04685543191864872,-0.07128757696014837,,
15.341668000000027,8.90024054757014,-23.59919800380224,174.51559803188528,1.0396034660001174,0.26320892763110354,0.6172136822014765,-0.5826685438350053,-0.2677400204086373,0.04650454166298993,,
15.351169999999911,10.057266752858553,-22.09011504495882,174.27677155026026,-0.4082609732344856,1.090522236131864,-0.05478427776043088,-0.2495929594359194,-0.26835252130729875,0.022994781490496087,,
15.360678999999891,11.172415461940954,-21.126371239846033,175.09364824719893,-1.4244368488613124,1.2723768935635895,0.3478041492682495,-0.23257584329109948,-0.1614712549936743,0.2411330549396678,,
15.37025699999981,11.737868861366925,-20.4792998403133,177.09372678020887,-1.3193784396343102,0.8668838978754704,0.6407850748799789,-0.12280307256750603,-0.110977309580579,0.43571526922875237,,
15.379764000000023,10.982214634984995,-21.007233048016637,179.44099587974594,-1.2496858660580026,0.7860498026594558,-0.11645995878200832,0.1359815158918101,0.11215599503619826,0.4330069927247827,,
15.389275999999882,9.94323218519372,-22.460444431523683,-178.44686633323772,-0.4223250389535953,0.5768513555374023,0.4016782191531067,0.18194998087704028,0.30316925157796176,0.37230864826457233,,
15.398770000000013,8.376699194558931,-23.696071379255397,-176.99573790678758,0.5633066859643695,0.29620140827465025,0.22505406449082238,0.26933180626228836,0.26920610476198187,0.1808512691533026,,
15.408122999999932,6.618017948325722,-24.44487549495101,-176.77177921675025,1.0966388233787976,0.18398373153029704,-0.3808345440015666,0.30377054871089737,0.17779461555303105,-0.08153160810477142,,
15.417811000000029,5.281437268386914,-24.766233851271558,-177.66242147304035,1.2145439438355492,0.0029449526341989544,-0.22656960939220652,0.2309166801814662,0.0872548334315186,-0.292678392905062,,
15.427324999999882,4.070283641844156,-24.345973193478592,-179.26348484894046,0.8081324317129795,-0.04737422637835185,-0.1587286846131801,0.2142180141481515,-0.06670338399350341,-0.42405036299195054,,
15.436842999999953,2.776510990779821,-23.43743266885988,179.28023788733555,0.22525347997163547,-0.07436835465326062,0.028063258382379885,0.22902362863105533,-0.16978292484734184,-0.4275048076975547,,
15.446356999999807,1.1709345711876888,-22.659804984875883,178.4996771811087,-0.6558638908295821,0.09492100592859905,-0.0858366942708003,0.2851941955835545,-0.14895054936583565,-0.3137667295008358,,
15.455841999999848,-0.23679159046105938,-22.11898114396417,178.77562602572888,-1.0731052161151526,-0.07533077416771085,0.30393612517610297,0.25031429043332293,-0.10209042336943147,-0.06995573711222676,,
15.465363000000025,-1.7163937052510416,-21.81548389209587,-179.92451872751832,-1.0628099130628545,-0.3668192181462607,0.2145355404421529,0.26622032755806435,-0.0513609988481168,0.14721036633520715,,
15.47486600000002,-3.2531340248987535,-21.987368626827287,-178.0384697066323,-0.7910174338882687,-0.44818206174973557,-0.06752380819557556,0.2766634419501181,0.05131547841220307,0.2792096548836111,,
15.484397999999828,-4.347041836273411,-22.478466136512093,-176.142818211956,-0.13219546610958965,-0.6673667547005585,0.06125335436971603,0.18906262870181556,0.12015936081691604,0.32174964829601854,,
15.493923999999879,-5.0887026963664646,-22.94706731995543,-174.86600373300456,0.4585533308506522,-0.6200532283207015,-0.23356132847919903,0.12054593431748672,0.11588249391041622,0.2233224077592779,,
15.503240999999889,-5.1395020750887594,-23.398082104384063,-174.56186777353622,0.6655738761013168,-0.42243211690066873,-0.6018435827774217,-0.007797136983577852,0.10248656613763682,0.0749623815694936,,
15.512939999999844,-4.269552729874389,-23.688004354446544,-175.227310550638,0.7066198103287823,-0.3361914159982484,-0.328767105627679,-0.1730300520743999,0.055392689647941355,-0.05521394829342568,,
15.522448999999824,-2.9136236778754747,-23.492538822522658,-176.5257462716598,0.4221347731540399,-0.09402524570836747,-0.18729831365841343,-0.25400841651697503,-0.04521519092739385,-0.15746685444572378,,
15.531954999999925,-1.3840849188116133,-22.933498810883158,-177.87777327583768,0.007876624593138195,0.1469989448949793,-0.05904994987898554,-0.2840762011480869,-0.11393787361130098,-0.16907283604559267,,
15.54145399999993,0.05251204511826752,-22.35041705333658,-178.78114354708111,-0.40152368849893666,0.25978959858807427,0.16251446277193995,-0.2702989194905899,-0.11279582355995854,-0.08745474253514479,,
15.550966000000017,1.020389190888631,-21.873679446720452,-178.94327545991354,-0.5825505535166335,0.24724274137098423,0.323961080941833,-0.18602774621521503,-0.08728288575699815,0.03370551045817885,,
15.56048799999985,1.3142850261787082,-21.65154339017638,-178.35498967759423,-0.5969360364131067,0.31322169638788827,0.04606455872515184,-0.06214638431856303,-0.03409008629284035,0.14184218815042773,,
15.56999299999984,1.353487003988187,-21.79728360979334,-177.30254826938375,-0.23466500565709303,0.14194956554146312,0.16103034297077096,-0.017145846217725032,0.04040530611894831,0.22421212145839128,,
15.579476999999997,1.0197650913475689,-22.065463519696056,-176.26801428043274,0.1692001605811074,0.013628679492418184,0.08800034123833013,0.04997739907717889,0.06844299664511962,0.19714967945790354,,
15.589033999999856,0.5834825834351234,-22.203830438604104,-175.76124009973162,0.4990427851508404,-0.057449135827406045,-0.13949238360320748,0.06983604079077207,0.044530852494898264,0.09125761180227708,,
15.598523999999998,0.330039281212319,-22.19518597072649,-175.96888222838092,0.6718673075578626,-0.17939717376140576,-0.0777748068011244,0.03806326277130893,0.013042046321672262,-0.05175958596821741,,
15.608046999999942,0.1720374401290246,-21.962438221731286,-176.86374526339745,0.4936455859884299,-0.14874780990842784,-0.09118276515987833,0.023473501054579446,-0.03313201114571744,-0.19751873803266326,,
15.617561999999907,0.2032562009616804,-21.514440639820613,-178.1367328643455,0.22820159985302418,-0.12665060674076273,0.006232109056622298,-0.01026036745538569,-0.07815775462037498,-0.2700523857427454,,
15.627070999999887,0.18286934447319889,-21.093711889330276,-179.39139112636252,-0.1399600485472812,-0.03340158375894299,0.0542314254718941,-0.002491633581991248,-0.07223900332579604,-0.26610415038739704,,
15.636580999999978,0.07875948970034673,-20.836998725427065,179.82667888984133,-0.45211597913197027,0.0957051445902777,0.050619419108895954,0.01169788145449621,-0.0392889388080316,-0.17308231112103886,,
15.646078999999872,0.00029022059430115516,-20.74894668525347,179.76926850768095,-0.4457425565438043,0.0017950257783778036,0.16886874653324663,0.0,0.0,0.0,,
15.655605999999807,-0.2608029087949562,-20.89764846676953,-179.62668039257662,-0.3207825199851017,-0.001826324941083804,0.06044548943700144,0.04074117747992308,0.04182541826422566,0.11189734708312395,,
15.665135999999848,-0.5301284170851353,-21.22149564726775,-178.5832483731321,-0.04844197540157905,-0.09065145665324112,0.051488948967556736,0.041024144775832265,0.07749350131473323,0.20219987995293068,,
15.674578999999994,-0.7440663314131336,-21.51594448965857,-177.48245936523202,0.262050228004077,-0.16045496958094188,0.011734957957458101,0.029321883760472612,0.07203154621554164,0.21419649950782182,,
15.684117999999899,-0.8517871165480176,-21.712869350457733,-176.7055050619652,0.42134632991214815,-0.12368888648502367,-0.11816840522758398,0.0093282599134862,0.05203605887357353,0.1508190759601531,,
15.693616999999904,-0.7082019729481253,-21.812251084978936,-176.5188283312289,0.42252813763248226,-0.08218731689471558,-0.03324442698365376,-0.03658338452232847,0.029890165303364448,0.053494739758190205,,
15.703134999999975,-0.4195589284116223,-21.767895698230205,-176.8850986290798,0.24273654626898797,0.012464724820111364,0.01229004644704445,-0.061764864805223814,-0.00032781240999479297,-0.04850841487961513,,
15.712648999999828,-0.0384780118128724,-21.663042304003813,-177.54604414333573,0.01142511790593234,0.10704992825839948,0.04027716897807433,-0.07836697515822126,-0.012740516129803491,-0.1064566839812424,,
15.722128999999995,0.26374678081998854,-21.645689346511038,-178.1897424533028,-0.20573213213710023,0.15591119002165613,0.17936321668126146,-0.06454335564751033,0.0061820786913079975,-0.10897044230033119,,
15.73162699999989,0.2975610242866004,-21.736471917147856,-178.51099582577652,-0.32748439140950464,0.22673651461157235,0.17973731316827868,-0.01521326372215352,0.029787316423047983,-0.06426513442976879,,
15.74114499999996,0.12084128439662938,-21.9297184077091,-178.34444593048502,-0.2591526791005409,0.1935288812583104,0.16219088084146524,0.023340179796795996,0.051378036064018584,0.01775734396571703,,
15.750667999999905,-0.28254000647932126,-22.22070972471621,-177.73387049404425,-0.09890567722696664,0.1091105068957861,0.11546083148415177,0.06427176503080714,0.07254441463372868,0.08954166392806105,,
15.760179999999991,-0.8159964998176841,-22.477824734977613,-176.89669747848234,0.09126697292463334,0.0038323596715553383,0.0468619853309005,0.08759244094209986,0.06772642683953557,0.12476711790902216,,
15.76968399999987,-1.31366276115019,-22.58961216782969,-176.19288161466116,0.25887867108765333,-0.0884500965080589,-0.021388095334106873,0.08175063739958052,0.03944648184785446,0.11217682182746713,,
15.779207999999926,-1.6705743159934348,-22.575947769070652,-175.80035385337035,0.2674845725531828,-0.13084691502393728,-0.11166929086005307,0.057178469694996556,0.013426367321589298,0.054843064721401505,,
15.78874699999983,-1.7734786335241195,-22.450971811552556,-175.83666394405924,0.17316600364180038,-0.14028917339227756,-0.0722655634531256,0.0,0.0,0.0,,
15.798301999999921,-1.535528469527464,-22.225854968275662,-176.3139385690626,0.005809678271384762,-0.10709556549337909,-0.0026613178013377863,-0.026024729097302014,-0.03133741948117553,-0.07940706329191781,,
15.807794999999942,-1.2760494524186756,-22.21358260251965,-176.93698224432964,-0.14848974630457604,-0.036734961032490944,0.02902325552774125,-0.04876506641090755,-0.025466085378780045,-0.10706988152975605,,
15.81725799999981,-1.0273539493559254,-22.140227782626614,-177.47551252086674,-0.24043614782841768,-0.010600626055463712,0.09792273294501219,-0.053878339259920784,-0.005162900569693742,-0.09113506139076093,,
15.826773999999887,-0.8854614098186842,-22.15288877393714,-177.7489645192269,-0.22204986914225855,0.054099017551859724,0.09051668976714,-0.034890984625863555,0.013225680350680955,-0.046198033164607,,
15.836337999999841,-0.9422241978753888,-22.35132430798849,-177.6701476262261,-0.10989978848763181,0.051357463793879045,0.04528437452320937,0.0,0.0,0.0,,
15.845842999999832,-1.0858194816821913,-22.39869520844527,-177.36046631528177,0.049535194560726095,0.0013358752096767526,0.033608281345997484,0.013912341590021688,0.03288733607167254,0.04893323630466397,,
15.855352999999923,-1.2608179561082828,-22.2196681255922,-177.06236593041592,0.1626128015435656,0.007446214077709421,-0.022454548950512406,0.02875134068810439,0.014346258388303708,0.05694172660516552,,
15.864865999999893,-1.3637306364421107,-21.87920259690533,-176.8905073297898,0.1913410620513168,-0.046902164585505925,-0.0771708584588076,0.0,0.0,0.0,,
15.874379999999974,-1.3813066637436915,-21.53809935968596,-176.9470665148659,0.12387329468635525,-0.0568872746648085,-0.04926863359366527,0.0,0.0,0.0,,
15.883888999999954,-1.3271332284969948,-21.291529465871545,-177.22219120631203,0.0019981319659799937,-0.04983951397118804,-0.0010766481013712913,-0.005108332568767168,-0.03706382401161158,-0.053292210772026366,,
15.893405999999914,-1.2440933396912963,-21.222623287619783,-177.64515691071594,-0.11485481972390878,-0.03548002737709082,0.04441393994857533,-0.015795051711438444,-0.02862085843717601,-0.0808413967866419,,
15.90282000000002,-1.1996056175476018,-21.376027717194034,-178.06368621494124,-0.20462378281215676,-0.006195296144489152,0.04309221706980241,-0.01491421460129785,-0.0007758475963003088,-0.08274346607643263,,
15.912428999999975,-1.2125738156496244,-21.644226449754782,-178.34618531587114,-0.18491032054225937,-0.004794775402931724,0.04575899204373243,-0.00525381222527395,0.026788209465093943,-0.059688730449286895,,
15.921937999999955,-1.2986212803422017,-21.897427864467687,-178.42892725880466,-0.07354559757595874,-0.002017154701086016,0.029572422285036863,0.010757567027806844,0.04618238352580211,-0.02511111502826208,,
15.9314609999999,-1.4218093718253417,-22.039491057472887,-178.3386112287823,0.06082833745120649,-0.046616164891506606,0.006109738140663411,0.024019037101243063,0.05443415257047413,0.006751830225582356,,
15.940961000000016,-1.534001738881785,-22.005280718427237,-178.17847796111093,0.17852122526348788,-0.08790113531217811,0.0020849183172153662,0.0318892928317502,0.044814597903870525,0.021589370018078292,,
15.950458000000026,-1.6168122607033977,-21.814023421924748,-178.07393977481942,0.22904408445511995,-0.12276568354635486,-0.008002984021263307,0.0,0.0,0.0,,
15.959974999999986,-1.6512859340272517,-21.56519265071287,-178.127478492916,0.20401841349702138,-0.15325986856691015,0.012060351605094862,0.0,0.0,0.0,,
15.969482999999855,-1.663473462508245,-21.343943511034322,-178.38733416894377,0.13824003837123464,-0.17715641438606736,0.06117478758073976,0.03199743403505799,-0.0038159230897317955,-0.05496198278872723,,
15.97894999999994,-1.9110516241967688,-21.28416792305817,-178.76520065634122,0.08686550753583748,-0.19964554460792835,0.10015321215462251,0.038319756319293706,0.001205832313936346,-0.09575199970106806,,
15.988448999999946,-2.232213816527029,-21.3364233718839,-179.27565950153615,0.0894444118375211,-0.23904849676234266,0.1396106344073623,0.05171495514725277,0.023616383085846515,-0.1275713088142515,,
16.00745699999993,-3.460326824290411,-21.857840062074747,179.58391632850018,0.39385937753489414,-0.3324376889728234,0.130998611688001,0.12802927374408588,0.0772858067705416,-0.170002856629823,,
16.01695799999993,-4.29789508636261,-22.289158771411035,179.02889548665917,0.6770119742115288,-0.47272410602615234,0.11858933160971476,0.14897674597406602,0.09702268286502834,-0.17561393171258322,,
16.026479999999992,-5.272982410709448,-22.780265993244807,178.44947958880562,0.9908551405104863,-0.6637281218206345,0.1204602996712114,0.1751920992528548,0.10703752170977131,-0.19204033365034567,,
16.035977999999886,-6.388604902732839,-23.29302443443319,177.7787524353592,1.1937115851311657,-0.8239500704379843,0.038338080807764054,0.20182290075985918,0.10870131703689204,-0.22261462755505768,,
16.04550099999983,-7.589688263031302,-23.781476027136005,176.9423200256152,1.3742316335211555,-1.052804972212858,0.15906961077946974,0.21804506871864307,0.10056713837107693,-0.2641000716131073,,
16.054826999999932,-9.106380194068292,-24.235239598152468,175.86203550515432,1.2808747294968643,-1.0591540993225874,-0.05287061736243102,0.27627702947853583,0.08648679661594168,-0.34006407473065225,,
16.064414999999826,-9.87583043787763,-24.272392503765968,174.6701251385083,-4.207646936204452,3.218889310882516,-5.170870719472252,0.1346170514411619,0.009262960275149452,-0.31625653114318997,,
16.074030999999877,-1.7556427501729646,-18.041976555829052,174.0968582721326,-1.3264195570734658,0.3053214126973088,4.613825171698418,-1.6343044417306234,-1.0847051551982618,0.38134538736597484,,
16.083527999999887,5.131882881423183,-13.57808420324866,174.26370114807563,-3.1099261089712558,-0.09015967996716306,1.6671064046470057,-1.4153242255047003,-0.7466407640203221,0.3217836523052373,,
16.092945999999984,7.934925319583302,-14.503995354645326,174.37957146039426,-3.331454868576999,1.8893099370046127,-3.6883304716625265,-0.5303680098057604,0.2508891936858951,0.17876261426591383,,
16.102555999999822,14.399748706614467,-17.830460347619116,174.78084976976683,-2.484721797520129,1.0840063714519594,3.1140883675183035,-1.1806072780383163,0.7951568092812786,0.5123185704798887,,
16.112060999999812,17.57727964241724,-20.718014488248887,175.54308145193352,1.515658981427406,0.2778065811524676,2.0024505678572537,-0.5567213242362419,0.6388916889324252,0.41836365266418607,,
16.123914000000013,16.927371926870016,-24.029465453392756,175.73887960518118,1.933598718407245,0.7604637545565687,-1.4717595613739942,0.16263504440991405,0.662630353199987,0.017114173072046244,,
16.130964999999833,17.426912478436716,-26.7368183187956,175.30122403202336,2.857884145077612,0.3212926927324778,0.3847271685096244,-0.055722674063059696,0.5584672358638535,-0.009159192127538756,,
16.14048099999991,16.058834253804136,-26.266930189513666,175.06914157623285,2.86048012081419,-0.09585628309738954,-0.5338534165603783,0.22771306700724503,-0.10353245571959672,-0.1662111901685251,,
16.1499859999999,13.882774614829444,-23.841413467319402,175.05737072110125,1.3086055348913854,0.2934203354257573,-0.827429937716894,0.3442243281009694,-0.5061354615045284,-0.2334369731962608,,
16.159636999999975,12.310208892861574,-21.16267460723998,175.21767707655385,0.6005508899444871,-0.04566894999552073,0.67635988228956,0.23778110232777735,-0.5473414068364495,-0.14652106758890918,,
16.169189999999844,9.545621030678307,-19.129444549152367,175.597998899996,-1.5699323366760773,0.14164834700462622,0.2281674376320275,0.4786113251289431,-0.4350719396410288,-0.15662350502633438,,
16.17850899999985,7.437211768914764,-17.880830733605812,176.45739683057755,-2.3524174850806285,0.026262539605387228,-0.20103585266854865,0.3748074843814926,-0.26506215671856825,0.009634060282056659,,
16.18821200000002,6.235594991920762,-18.195584519710337,177.4283267942999,-1.745301513853408,-0.6715490176862785,0.18888587486932623,0.22406916820807227,0.062496959483159586,0.1156713313889229,,
16.19771999999989,4.728614869582816,-20.02192015434141,178.04147989547405,-1.144498591182814,-0.518411072856789,-0.13610841470906537,0.29186881921547414,0.3657531004415526,0.044337123838536094,,
16.20722899999987,4.268020350560234,-22.151358371504656,178.19727468216703,0.27580174778245464,-0.5874444864406656,-0.030630036725224574,0.09242934629671513,0.43523021974651516,0.019804242806914,,
16.21657399999981,4.6804664945899015,-23.8348342078809,177.76253726804092,1.31665331522014,-0.6397663772975896,-0.4395584702989128,-0.0719354264081076,0.3516158372642085,-0.040141303057248195,,
16.226081000000022,5.7264997124787795,-24.864904705291632,176.85792521434792,1.5301543234569528,-0.3607692266984187,-0.7579311294024357,-0.18906784165609963,0.22691606570520084,-0.10434443214601076,,
16.235586999999896,7.497496600508664,-24.659307753933955,175.77885449620243,1.4168839015545402,-0.16302678729734307,-0.21803819518039874,-0.3320005408649466,-0.008842138723663358,-0.09263074016999617,,
16.245275999999876,9.185759409553903,-22.975611676746688,174.91824601899714,0.769267383202535,0.17252157854154238,0.007644203100821984,-0.3430116918942001,-0.29975317111439526,-0.07527071080584691,,
16.25477499999988,10.672253681197118,-20.933587851826616,174.44984181848562,-0.21614373818613067,0.4544658226564958,0.04332685880092633,-0.31991828313668663,-0.3705099240553637,-0.025359468268255764,,
16.264304999999922,11.88873230419717,-19.469618056494106,174.4042232955357,-1.1748067978930088,0.5421559776201219,0.7425892691083101,-0.2634171297228442,-0.2584287204260498,0.04281898984419443,,
16.273809999999912,12.186787003271725,-18.484360258125754,174.84702615775913,-1.622110987497698,0.6182278291863104,0.45159437230784344,-0.08222196605122639,-0.1798689123548695,0.08155167165397499,,
16.283332999999857,12.07870094931951,-18.476754761988325,175.3716368673554,-1.3319495915960629,0.46940602964631867,0.0661384920213439,0.012516839340720148,0.008063158151869637,0.09298405352946333,,
16.292832999999973,11.703592110471472,-19.563099585908827,175.5736922958938,-0.5898927012597129,0.3223398760408198,0.5260281341608053,0.08021143855702423,0.22261055545114067,0.026297713913456554,,
16.302348999999822,11.066135377590866,-20.668197676072534,175.4179520957427,0.14393368096290726,0.12373448605600472,0.14807273066700333,0.12906378942365024,0.2226758724894852,-0.07151173292596326,,
16.311821999999893,10.5962152995579,-21.260433637825784,174.71805051939032,1.0337819522136,-0.1771513658285854,-0.030721686584390034,0.0900353646927716,0.12223477990150841,-0.17033642916804037,,
16.321369999999888,10.095461159489703,-21.466417995466777,173.46200308496995,1.172635673075171,-0.27429838810003515,-0.04055112303989368,0.08968492030437199,0.04332392384944698,-0.2989232520164925,,
16.330882999999858,9.550600938952742,-20.853727133870517,171.9647022792611,0.8235051899151512,-0.14277151562162546,-0.12274561150960012,0.07846076830323508,-0.12244276981462873,-0.3645412463163046,,
16.340397999999823,9.308500121196955,-19.495734884819573,170.55740758108945,0.4346826346212161,-0.19421744801325375,0.05367948730313073,-0.0026046105408824107,-0.26346443581816,-0.3334817003961414,,
16.349909000000025,8.947750015872314,-18.163570144629883,169.39455536077003,-0.2373076163450631,-0.15049851180414067,0.18040880542353646,0.015075897388572122,-0.2621819456225589,-0.2966911648111438,,
16.359416999999894,8.480619607941627,-17.119012982493466,168.58675643049924,-0.7923396014303338,-0.044214246751033234,0.16196555361749276,0.04188986026496262,-0.2097681843635265,-0.2248145721616575,,
16.368921999999884,8.16428461989808,-16.4532826593855,168.09389421664096,-0.8003333316228617,-0.21109940847528533,0.21270018193923346,0.026770948233400836,-0.1301870220811801,-0.13834208295358916,,
16.378438999999844,7.803522113621975,-16.49114502720791,167.67990588053843,-0.6106402337299655,-0.31976890162624,0.005933453165204768,0.06366492181151277,0.005617867658297429,-0.1154506705175196,,
16.38795399999981,7.586441193749648,-16.94355249596754,167.1055786833324,-0.15074452721330894,-0.4521144237427774,0.08007454648270765,0.05485160960718291,0.09214912766008188,-0.13200407057639432,,
16.397422000000006,7.515568028275023,-17.31084951210033,166.1925596084316,0.4171704131082433,-0.5944778384930209,0.040426612769055,0.02481360725601114,0.08135780575021405,-0.19139886793419522,,
16.40694399999984,7.6237446119990935,-17.544765890383644,164.81011057809965,0.7041004931711888,-0.5859512420699399,-0.16160566529126838,-0.013360306653364486,0.06356826908739806,-0.2746710777755676,,
16.416480999999976,8.001556963135508,-17.505596228951383,163.0543226555687,0.6843317293989759,-0.49542120956693964,-0.02614282787646411,-0.07621198129947154,0.025579339870378717,-0.33317532426391905,,
16.42598299999986,8.373904820912388,-17.030311336191623,161.1907967335584,0.4567258625983408,-0.2954224242805353,-0.02610541713050107,-0.10126984027117246,-0.05549533490922441,-0.3555324427855413,,
16.43552099999988,8.61596453612471,-16.50105110386244,159.4804039865684,0.12916204504360818,-0.048342066866464285,-0.04085422226137083,-0.08324339132249264,-0.07087832858404727,-0.333162684038667,,
16.44504299999994,8.682845997156397,-16.336926192845212,158.10761781026054,-0.23219998127999894,0.14569683685440382,0.033620011799113746,-0.02740555242709602,-0.012594353418575736,-0.27582409546221864,,
16.454510000000028,8.551785948318503,-16.607469201287273,157.14172769783352,-0.3627527772017301,0.24344204595498778,-0.012790896387993108,0.04058085916602287,0.054009033757149556,-0.20554310651519317,,
16.46404899999993,8.332202224474726,-17.452259257108782,156.44753352969335,-0.21774372372180142,0.1373939418538078,-0.11034626787532917,0.10211517023891799,0.15251764280026553,-0.1564231545858109,,
16.47355799999991,8.040328012858819,-18.97127353351226,155.74724380333413,0.09119613962373374,-0.049487803445742495,-0.09291389204849852,0.17093186137257174,0.2693387896982735,-0.1627355726703442,,
16.48311599999988,7.801864353634722,-20.871900540877444,154.7937659716168,0.5368014217469469,-0.23260036179015808,-0.08112159661195942,0.19706827084991216,0.3408037650287798,-0.21106622377724363,,
16.492581999999857,7.8290124213032675,-22.752814644944593,153.4479298699645,0.6875453721486954,-0.21021423190730262,-0.17036226804617077,0.1571461273145897,0.355100945069018,-0.271009996495854,,
16.502095999999938,8.740564507233026,-23.70705671134219,151.9093819591374,0.6213925075166167,0.0036824495197024572,0.09844314660586258,-0.06387975166733166,0.260780281659335,-0.23963729319622823,,
16.511612000000014,10.46540397859441,-23.371827956799617,150.6171912231223,0.3348889214540114,0.10432908756315078,-0.3205547455602378,-0.31249631242929576,0.10708010236969051,-0.14007750686361808,,
16.520939999999882,12.451927207370389,-23.035856387794436,149.64107472767034,-0.22329951222786568,0.4910716585244462,-0.6934427246858409,-0.35317924747147816,0.13724887728862073,-0.06268885004967453,,
16.530453999999963,14.663580154750552,-23.323455803451186,149.13624352657217,-0.7181046492589166,0.8229734520485665,-0.3968499042699079,-0.32398024911545165,0.2703075978958222,0.051304075164596015,,
16.540131999999858,16.465887195788234,-23.75210493246962,149.33518864242674,-0.7602417735441082,0.9434304756186358,0.9236256023184787,-0.24357995286219947,0.25641447451135335,0.1684271069645677,,
16.549643999999944,17.08866180143286,-24.025752844812363,150.22073423600176,-1.0693086463855321,1.0351680955329305,0.32007028350953853,-0.0743509013383897,0.11810777033778722,0.21154242163793965,,
16.558971999999812,17.621216303745783,-25.088856008490257,151.20847231568933,-1.217701584293411,0.8797584073679511,-0.23484218235792964,0.015690099279178076,0.24650441482225782,0.2247975820207267,,
16.568650999999818,18.188597477720368,-27.366477555723122,151.72053760571117,-0.11707886300995111,0.4402020634146998,0.7017384454869687,0.12411867835510536,0.4628623506826399,0.13907927668508363,,
16.578175999999985,18.127755116985323,-29.947203760164296,151.6522838201895,0.48131080709249424,0.16928522053745276,0.3436881432711058,0.2501784084670341,0.4635701512625685,-0.034850299744281776,,
16.58769899999993,18.02510100511197,-31.752864610920625,151.20086056063062,0.7406403454466137,-0.2590768690033826,-0.36572021826157186,0.18397449416047218,0.32294031934102474,-0.13087907844501367,,
16.597025999999914,17.891579003140183,-32.83321691621006,150.3591392678672,0.6952857953767472,-0.5257609875182037,-0.6941532150987867,0.12104031150345772,0.19171218120418557,-0.2313474483166714,,
16.606730999999854,17.39180339000343,-33.40676904298342,149.29473723458463,0.592776911421756,-0.34733419438749735,-0.33095954889400236,0.12640990589726464,0.07127967860232205,-0.3310455410702953,,
16.616215999999895,16.842617113809542,-33.37349501922661,148.4742034026572,-0.11835228109229853,0.04213185277719194,-0.4240370996497825,0.07194373126172271,-0.03910786205109349,-0.29461693835754327,,
16.625736999999845,16.567607372784558,-33.15669540795841,148.18928141392448,-0.356976976226745,-0.032493518110006434,0.18674713193578718,0.013282725394062294,-0.047214708196428326,-0.15996795998979108,,
16.63523199999986,16.015997670186493,-33.423644429335695,148.3681743941061,-0.9654498725947658,0.22143647189332705,0.20495157793942084,0.10338814384144022,0.01113657331653504,-0.08976956757136818,,
16.64474499999983,15.677864228311378,-34.07394743317462,149.04304329845587,-1.023461798187537,0.15329688126053914,0.40365061734463537,0.11213807619300777,0.0962536944254649,0.04305208235518564,,
16.654256000000032,15.587633143946446,-35.07141249252416,150.01066956306713,-0.8630639192559416,-0.12660236680952663,0.3168466427434585,0.11006844987092484,0.17881266813616437,0.1329955200501815,,
16.663769999999886,15.733394570761764,-36.49952506659421,150.85900071954498,-0.5922696354293823,-0.19270919763711528,0.06901536541392178,0.1160687606244279,0.2746095427133089,0.1444344118091064,,
16.673253999999815,16.501993592808667,-37.947618080528585,151.34007043837113,-0.09171505256971864,-0.3737328165715289,0.06270671292833219,0.028189406892664286,0.32706467898772307,0.16053373664768267,,
16.682812000000013,17.622513450336847,-38.99874615952492,151.36273602274704,0.25084736447099537,-0.4246033680517356,-0.23987539649024328,-0.0581130631652092,0.2827124688394493,0.11350487306891874,,
16.69230299999981,19.067803408967936,-39.677992892599576,150.89028661394855,0.3750923608979213,-0.3076635868120899,-0.35725556555471605,-0.13542311050136802,0.24070721647990498,0.045083056810568053,,
16.70183299999985,20.59240890194441,-39.86989768296998,150.17993871763898,0.388111521884097,-0.14881966018670442,-0.12151693675638646,-0.1905402021839233,0.1620604249416257,-0.006765162209229574,,
16.711365999999998,21.670204157580987,-39.51831717332869,149.66423363016324,0.13616695082486063,0.14239826519513515,-0.09726760177262676,-0.18389990240163454,0.03527594366311965,-0.04170063795167933,,
16.720878999999968,22.234734210102722,-39.04854073001918,149.53358355956695,-0.13658335723347612,0.3256828031578734,0.0464362891672272,-0.12784409248523879,-0.023790322288245312,-0.03320400389419682,,
16.730350999999928,22.165707748988364,-38.81245035851293,149.91970791562622,-0.3540633120415823,0.43576489258652207,0.2773456242203443,0.0,0.0,0.0,,
16.739859999999908,21.4974736346256,-38.82035691690148,150.96452141265723,-0.4735081197515288,0.3812924353911904,0.33202444831862427,0.08652405236425682,-0.036348667043513236,0.051550133013508304,,
16.74935800000003,20.46849710612762,-39.110382193861284,152.47839549996667,-0.4342894664602378,0.16125083071458804,0.31370246292225046,0.16336334188550797,-0.010891883968354478,0.10836178212974029,,
16.75884599999995,19.277064673854543,-39.63346710252513,154.15554811649142,-0.29516111936329453,-0.04840004155162376,0.28075659639583184,0.20628123862693565,0.024665859519101215,0.12677986541552322,,
16.76839599999994,18.203448760900027,-40.123161712013115,155.76965672786656,-0.13787315935186045,-0.24419173413750433,0.14159820612092822,0.18518821205950883,0.03287575459625484,0.12152032794970787,,
16.777928999999858,17.499592604119368,-40.43577960973138,156.96965670980265,-0.026594546617139954,-0.3626097682165833,-0.07146853362975206,0.11765418675647157,0.02785405783328114,0.08757233603615522,,
16.78743499999996,17.297049093902732,-40.57121787491406,157.55693547882836,0.05504666497598231,-0.3422147018205232,-0.1243328697156814,0.03288599834763625,0.026418217479584748,0.037444537541244424,,
16.79693899999984,17.525820755761043,-40.41506169590362,157.68998830784062,0.013251523825312587,-0.1962174477229605,-0.04152549334625108,-0.05015736255700653,-0.0025692607757855845,0.004808527251824164,,
16.80645699999991,17.920805457980297,-39.89859623470202,157.74707807358226,-0.05525012592889579,-0.035046307636342776,0.11875220555957079,-0.10111145513007212,-0.05991464728374288,0.0036948755527916126,,
16.81586399999992,18.167619852091047,-39.277565830007504,157.9857112237459,-0.3259483579894702,0.16188903884129174,0.2849340013862723,-0.0880823072774993,-0.08803858351179576,0.015211250120657,,
16.825462000000016,18.080494344681323,-38.667654742296044,158.58801371319163,-0.5838923493201575,0.271501109684522,0.6696614939700292,-0.03862413438165686,-0.10560706654987191,0.05228854962803995,,
16.834970999999996,17.47612580118385,-38.05267411357034,159.656803159804,-0.899745799978073,0.2474334171917003,0.8482130422970998,0.038660642249039034,-0.1358997125547877,0.08505000709709112,,
16.84448899999984,16.451913230527794,-37.648988533752785,161.0134987421695,-1.165325071265479,0.09699083326205633,0.8690794299594341,0.11900482926520722,-0.11750775068121432,0.09334214673551372,,
16.85395900000003,15.160301315887898,-37.57967692106498,162.4029489778807,-1.1898212180450312,-0.14826119214949915,1.043653919234954,0.1836549584536425,-0.0642516921179952,0.07053409616122647,,
16.863500999999815,13.578576395345854,-37.60816970465334,163.67469527132727,-1.0342132575594054,-0.42937029662098863,1.0689294937926332,0.23513576631813896,-0.054435684161343575,0.015008655651748137,,
16.873001999999815,11.492615816010147,-37.641755093431485,164.67002679052078,-0.05569412312420044,-0.2003861884256314,1.3738700987644357,0.31366441303395576,-0.07030419986080254,-0.09459854439161464,,
16.882429999999886,14.062135572355412,-40.13824917161542,164.80866852819594,0.14503871085442602,0.7451721002336612,-7.013079795305256,-0.2623744402287516,0.6004437324104398,0.33569398878568973,,
16.89203499999985,24.76060503764101,-48.489782282850726,161.94842597067455,5.891210673076846,-1.3990752698895734,2.819653697958949,-0.9942116312162804,2.0523082707869036,1.0045637981112567,,
16.90145799999982,26.31502250271091,-49.19583706834135,160.821185323397,2.0463189811158573,-0.3997149163235485,-5.127082107335815,-0.15716924293167886,0.21158168841083644,0.03590150201456424,,
16.91342499999996,27.61067002354963,-45.124400366859255,160.7601170132802,1.9048718043925517,0.4687097611578435,-3.221580391473642,-0.44147698165156424,-0.7018540281384017,0.10818144560290088,,
16.920577999999978,29.044369578142557,-42.152193471349264,161.13462108137097,1.1942206576511663,0.9072956952218194,1.6400357254388935,-0.39774761334364755,-0.4849953797381225,0.18785723522400943,,
16.930084999999963,26.171906482149115,-39.47432334265435,163.29244924978144,-2.5451944734129515,1.4868198239408412,0.738595256315547,0.24406082050625869,-0.6315979033556008,-0.015436377213490464,,
16.939601999999923,23.347131350466242,-37.549418168879015,166.9953045677871,-3.275428094534262,1.3318783635046267,2.7811858514868915,0.3211221362838283,-0.4743102207971927,0.3377670506330295,,
16.94911000000002,20.225750044690923,-37.66468069543868,170.39219114058463,-3.103081135981022,-0.04053146158047088,2.207348115288836,0.4810498904668009,-0.06286407282551486,0.27177257939258315,,
16.958447999999862,17.281837559890608,-40.72054768078318,171.56263171317468,-2.5770180557635887,0.315598286225093,0.4643735069017299,0.5382824650464944,0.5441680257071633,-0.14056265451690184,,
16.968134999999847,17.124447026337144,-45.18377501265853,170.41983321364242,1.0298661522631587,-0.39565337475403667,1.9927173963014122,0.15401023308583714,0.8912051491785469,-0.25115973337829084,,
16.97746499999994,17.05079692952803,-48.29609627186156,167.34137696495614,1.3995923554238283,-0.7341699888652707,-0.6166843204598087,0.1218215469571196,0.6222133367280696,-0.6401704984722246,,
16.987056999999822,18.759900315768988,-49.786429320877154,163.11857639214472,1.3766289061462558,-0.9102757617117629,-2.751939279817432,-0.14897643076362982,0.3581804891991262,-0.6378330504645816,,
16.99648400000001,21.971668766904095,-50.51819535521493,158.54185489662243,2.2319657066128746,-1.2263655483532614,-1.5652491757294147,-0.34879673533884015,0.28565344733289944,-0.48418072961345643,,
17.00599699999998,22.887595073111207,-49.340571617208745,155.73299209366806,1.1078570044551315,-0.3920904698979985,-1.0076790250719974,-0.20647045720095747,-0.1592584789176557,-0.4972781484443433,,
17.015682999999854,21.82658680704226,-46.379145945560836,156.147750670756,0.1393712172038968,0.17662362430338974,-0.4491271918126067,-0.1159862326645696,-0.5873958412825259,-0.16496273482785248,,
17.02520199999981,20.29063614519155,-44.216688842729575,158.54342021665767,-0.7850583636560352,0.11858437227288088,0.5917576298958499,0.02766179560899889,-0.47019108676960286,0.17399052765760847,,
17.034697999999935,18.084933818626258,-43.60453443104396,162.04754051847235,-2.0363440390036365,0.5703665062395573,1.652788595891396,0.2514759420875732,-0.20937681329527824,0.32820985663268015,,
17.044218,16.127563192557343,-43.45933492043793,166.25302492425692,-1.9041850764022796,0.21580333607988658,1.4604419061494864,0.257527630911478,-0.0929489056604579,0.5390914272870413,,
17.053731999999854,15.015998613745374,-44.90108034947034,169.48520392808686,-1.3208204395482592,-0.18033994599061048,0.5657111336509937,0.2081228971423261,0.260916258504769,0.48389432732047666,,
17.06324399999994,14.895651122211428,-47.99741506446527,170.66473617447582,0.06476698043124428,-0.08953041176183076,0.5067836562119415,0.11470221077620117,0.620082344079662,0.22469730287088233,,
17.07275800000002,16.09022594734539,-50.6483561883447,169.92812142681444,1.0815768432579453,-0.1671531336913796,-0.21866130322125954,-0.07287701545638905,0.561710489536206,0.034112716602189064,,
17.082087999999885,18.453376366992078,-51.78426642656141,167.66979978948834,1.3083237560514018,-0.35260825690786685,-1.573823784747474,-0.2553087092747231,0.29255507283047677,-0.10143757707566893,,
17.091605999999956,21.575012059750772,-52.04673998211498,164.37665934975726,1.334141690275243,-0.20234599472518358,-1.5802906724461574,-0.369997470503858,0.15548849419850505,-0.21191108138682835,,
17.101132000000007,24.05709043993384,-51.215223983451565,161.57956368040715,0.9364109518351803,0.14959743593544328,-0.764839210389814,-0.3516770930384415,-0.05785061272280208,-0.23668274987392884,,
17.110826999999972,24.546768128185825,-49.211927718215044,160.7589625888602,0.2933461689368226,0.45728425356915664,-0.11700826537711723,-0.19585673336560658,-0.34818513991714656,-0.1661284843059438,,
17.120314000000008,23.443668516207858,-47.433289851416255,161.6634385408689,-0.5062438846000361,0.5868514736887136,0.3920785171089021,0.0173498528224647,-0.37251694277662484,-0.05759217291990301,,
17.129821999999876,21.292297462224735,-46.47407799111693,163.87701752386317,-1.1898490008649858,0.5749010032895232,1.04877846408981,0.2162713545768113,-0.25809771828757166,0.07394893156170264,,
17.139326999999867,18.606890170713633,-46.3532073828827,166.85197117295232,-1.2771406525758193,0.3299231203568162,1.136373481232019,0.344246162961533,-0.10460926131825887,0.16771650224042356,,
17.158351999999923,14.715698453431065,-48.82175538269148,171.03869282240504,-0.18217623119624488,-0.3147813234729216,0.5150958805217515,0.25386657916675337,0.27947817278360654,0.050822561176752525,,
17.167866000000004,14.278512885909807,-50.444989681309295,170.92712100419843,0.31853304653994396,-0.3950371092226182,-0.320428765342542,0.09804122023867479,0.3243714347058905,-0.11434773141693598,,
17.177214999999933,15.360640937274326,-51.61840771467944,169.2170563274439,0.8342497157187684,-0.47939408002769734,-0.7433752776989228,-0.10249418623508322,0.2669799301988004,-0.21533977408310265,,
17.186719999999923,17.229062132299898,-51.91101204261682,166.5701129827531,0.7681969054941366,-0.39720386047940065,-0.9664818611557309,-0.22238750937321797,0.11759025282103278,-0.2909883114428662,,
17.196224999999913,19.063688524513225,-51.232386517318055,164.02301260772845,0.6245747146138808,-0.22039444853742765,-0.7050783482092736,-0.26298991506953356,-0.06185628257572845,-0.27925407134299246,,
17.20587599999999,20.10491472227686,-49.96513100718047,162.50298933505906,0.13928453098281343,0.00034810055476790696,-0.18201168938128925,-0.2069674114184528,-0.1932207511755415,-0.21047326093094454,,
17.215431999999964,20.02242798535676,-48.68513122274374,162.44130864056905,-0.4554865895745189,0.2174213174336462,0.3102910171045616,-0.07396275633366978,-0.23559724411075783,-0.09458615059369614,,
17.234453999999914,17.56489745316064,-47.67740920562323,166.08449303417564,-1.0773230472009634,0.08762949560802158,0.6745426224459489,0.1800458339076174,-0.07651164292623583,0.1914001612126713,,
17.24394799999982,15.884530748058781,-48.163830211606886,168.69491603706211,-0.8010893049779697,-0.08291051637654885,0.4399630226334764,0.23273894457514518,0.058174505792550305,0.2439959934665847,,
17.253463999999894,14.519189205369404,-49.06568348693752,170.9043358865243,-0.21282731877617259,-0.2309634643458709,0.14742738321443724,0.20102789490382642,0.15780265658988318,0.22335500721882778,,
17.26297999999997,13.759084008279297,-49.91321572965367,172.22450046182615,0.2934418132796412,-0.28921081909924284,-0.25708652741369453,0.11372810497802742,0.165302141818559,0.13470561900829897,,
17.272514,13.859319167229573,-50.30796022734776,172.41395147346458,0.5870939225192982,-0.2775187151145417,-0.5972935385502008,-0.011163343251153358,0.09181712767256414,0.028369551501898977,,
17.28200599999991,14.726953568276594,-50.14130614580006,171.60492978555035,0.6020386891304819,-0.19088050351858554,-0.6057115732258326,-0.12349359229295831,-0.006082781215099285,-0.06862951801021279,,
17.291529999999966,15.851712559860271,-49.404593928378375,170.34915614301178,0.3596975586184026,-0.014249641167180395,-0.34674353475070524,-0.17522402965340006,-0.11156209506777699,-0.13148174926913214,,
17.30106499999988,16.6841965578812,-48.29797114492966,169.2987777061638,-0.04862230225082558,0.15546022649429087,-0.027118206637051084,-0.15533871865993695,-0.18732662308555523,-0.1326699586608516,,
17.31053299999985,16.879485337002478,-47.25642137546018,168.9751598828649,-0.47654687802370954,0.26225424351161986,0.26494943557946216,-0.07335600865797079,-0.18826478416164302,-0.07934958476238023,,
17.320047999999815,16.371054957479817,-46.58541814353576,169.60071746403545,-0.7271387187258355,0.276130143288182,0.4595124674818783,0.03488560936215879,-0.13314572761973556,0.014852587750683653,,
17.32955199999992,15.308333657352255,-46.37561770765308,171.09915088961753,-0.7097448504528315,0.16242799484378434,0.4508199927838873,0.12864149226328536,-0.054125473198898426,0.11604566739065199,,
17.339066999999886,13.976258729796573,-46.60274650786903,173.06942857554816,-0.4723572883665556,0.021131885921624523,0.2879525818779346,0.1790560004397179,0.03155438079724734,0.17455601636054907,,
17.34859399999982,12.72702776145225,-47.07373458358087,174.91187330505596,-0.0857592795083674,-0.11084011252075829,0.07030094864420652,0.17073588245455062,0.08746622719841254,0.17243305761248193,,
17.358111000000008,11.897881489469363,-47.456858659934845,176.15803017905404,0.2692265612707279,-0.19040962960641436,-0.1996711808376139,0.10888323441770882,0.07916600153692453,0.11363795221663313,,
17.367594999999937,11.743168804761705,-47.56955587933325,176.46175048315888,0.43182107456995467,-0.19431958029893215,-0.3924508066593926,0.0,0.0,0.0,,
17.377132999999958,12.273640960847352,-47.34088581630417,175.7897754099463,0.4167907345902423,-0.12341564745992839,-0.35219086166979113,-0.0839986765296655,-0.029557099542605374,-0.07646062223062763,,
17.386655999999903,13.180148152472102,-46.74611598728287,174.56172604133528,0.2188265453641415,-0.010893132722605604,-0.1709765214907403,-0.14231789769028555,-0.0970087308065727,-0.1348889206609336,,
17.396140999999943,14.046208713291307,-45.93885918700665,173.40692560670337,-0.07761184630413286,0.12759007293455335,0.05241315823808756,-0.14483396068729487,-0.13695719168002662,-0.13810936261901177,,
17.40567299999998,14.523755330716545,-45.19725163658204,172.77720900503522,-0.367300729117414,0.2145424087959365,0.24889090613031975,-0.09310909676819246,-0.1280084561209055,-0.091149947129322,,
17.41516200000001,14.477807617181115,-44.73127714536478,172.88372682342052,-0.5174890212609164,0.22793050293954312,0.3582423787176458,-0.014113946911576164,-0.08190448214549496,-0.009195597574438235,,
17.424659999999903,13.965828154559832,-44.64579901952899,173.6963774786579,-0.47043955353936723,0.1503783436232647,0.33068202963298043,0.06126756130651589,-0.01400812123705935,0.07534590612055224,,
17.434133999999858,13.156009346632068,-44.91577487089318,174.93284300553296,-0.26382468026431644,0.043101655877146205,0.20025896714982933,0.11059253717960019,0.053834070455302516,0.12496276258635078,,
17.443708000000015,12.311310840004635,-45.351681627574365,176.1773379973813,0.005634107024757015,-0.06436083045499486,0.009791471495779289,0.11630995468650324,0.08910303335179523,0.12843083041160092,,
17.453227999999854,11.709403522272405,-45.71420259815254,177.03840311846204,0.29141786409120174,-0.140145639579899,-0.20089753914046035,0.0790825457618861,0.07872618077914714,0.0857204041805024,,
17.462733999999955,11.568370123173796,-45.8690237877537,177.21521073873137,0.4076208124037691,-0.1604309912488443,-0.31975002610874004,0.0,0.0,0.0,,
17.472233999999844,11.926498621389396,-45.73877884134519,176.75598460088418,0.3752251996207811,-0.12140592715120566,-0.26811928464183254,-0.06070216791121332,-0.012206527185644727,-0.05280762706837539,,
17.48170899999991,12.588877766060545,-45.33188343644434,175.90524855446012,0.1989723005541106,-0.03754123827142859,-0.1270280800919597,-0.10720625987984625,-0.06417126288512916,-0.09292871491706899,,
17.49129999999991,13.273989058369763,-44.802053262996715,175.0472106279628,-0.060517790849856215,0.05954232510800767,0.04699619504953416,-0.11414508325733153,-0.08688767755585752,-0.09107189325947461,,
17.50078099999996,13.731072810210101,-44.34896057604097,174.54447436908177,-0.2621930133796345,0.14474887307228684,0.22787378285126747,-0.08233963830212146,-0.07314432627688551,-0.04910065000498236,,
17.510266,13.831347369118784,-44.10810155073814,174.6045968294874,-0.3807301468944329,0.1648102818132902,0.2770935621140091,0.0,0.0,0.0,,
17.519788999999946,13.583445604840763,-44.143540697471224,175.17634018561532,-0.32706449453622555,0.1313385515894831,0.2430198079326663,0.02675829964384079,0.015184044033416926,0.07876426181077467,,
17.529314999999997,13.084812654718927,-44.426414962147604,176.0723605140436,-0.15554178477287753,0.06564101514819132,0.13866136933551007,0.06610633554773081,0.06225585834011413,0.1086141415490495,,
17.53878399999985,12.510453209670965,-44.78597822930419,176.96976292156592,0.07020604829464495,0.005512762726406553,-0.010773642965342726,0.07651689738424072,0.07806373877514806,0.09797891938744464,,
17.548348999999916,12.058054805261005,-45.0403679297607,177.54905785946,0.245085887651779,-0.08268305757162468,-0.16301048494227507,0.05689387945678064,0.058932076549465924,0.05123261563187733,,
17.557833999999957,11.88175475962794,-45.0903026774691,177.61624951847443,0.3176589799911768,-0.1152833585820805,-0.22545953211823855,0.0,0.0,0.0,,
17.567324999999983,11.998732776073972,-44.89439072537913,177.20259071812384,0.25012967127607966,-0.10662257780976606,-0.17397278063717606,-0.02782556100461143,-0.027298449467586878,-0.06695369368111886,,
17.57690200000002,12.283051252888196,-44.47362927623176,176.55145087766897,0.06306355624056297,-0.06727395178007264,-0.04644422299536893,-0.054412663793851734,-0.0707332428476537,-0.09111411232322998,,
17.58636200000001,12.549176141601432,-43.94149540189793,176.05253889001753,-0.1752219144404059,0.004094862563527605,0.11896347831988932,-0.054271507944330215,-0.09267193237750332,-0.0772088432560014,,
17.595893999999817,12.651593426881536,-43.43962915155703,175.9159471389962,-0.42564031436941274,0.035702045949980665,0.2576315941056121,-0.031105179536614073,-0.08798852555480985,-0.02847154956138026,,
17.605339999999842,12.532488735967258,-43.047265650264194,176.26343330325943,-0.5976362964867488,0.052195018784903895,0.3364028648731494,0.0026243017970660224,-0.06836383822062325,0.037436118654635205,,
17.614890999999943,12.248655231022552,-42.814202274336076,176.96943965780923,-0.6675157344991515,0.03279921521434289,0.3336820031252298,0.029282551111261986,-0.037904902871742946,0.09665323799761724,,
17.633917999999994,11.5530789277163,-42.68317025126594,178.65581651211437,-0.6639279989466949,-0.038568535017379155,0.25105597330716867,0.039698063588022296,-0.00016283030413467972,0.12597055605934124,,
17.64338399999997,11.35582694755567,-42.550066400475394,179.27783912547642,-0.6607424052003406,-0.05207404505480894,0.19764361162542554,0.018735507614369318,-0.01631365491014724,0.10357791425353984,,
17.652936999999838,11.352809759008652,-42.26894922053722,179.63898978737572,-0.6710669881150166,-0.09220508631893973,0.2416020000896369,-0.009976495040806495,-0.045498502483238834,0.07075073209373725,,
17.662396999999828,11.481858850718265,-41.79439324851825,179.7785918754948,-0.7383182414439923,-0.1024858718721744,0.3909769806858131,-0.029592513607264222,-0.08419044620551891,0.044025290853792795,,
17.671970999999985,11.602738431731932,-41.08834828969702,179.88996414636543,-0.8914498534952845,-0.14207185347759999,0.4702800096053502,-0.028487265364170348,-0.13064825481317913,0.03694864899222318,,
17.68133799999987,10.682813973840458,-41.040902885193226,179.91884616466544,5.064035163291011,-1.3878996222571882,2.998471190611847,0.12910693029637693,0.0011314000242088125,-0.11649498252545519,,
17.690799999999854,3.9179435657790638,-47.86334381558127,178.5736911993914,2.4464381366284265,-0.14762975097941497,-1.9000527394717064,0.9783810603817916,1.3639277977877444,-1.2017427163785226,,
17.70040099999983,0.14426002076242275,-54.100770090424646,178.93053113811234,-4.748198237307595,2.6529367037631637,-4.52865969866322,0.49718342252265696,1.25023594370387,-0.47926383442194775,,
17.70982600000002,2.33575858661939,-52.504628028756294,-177.5902720278445,5.507758973241373,-1.4381824249563013,0.9217350068604284,-0.2679768048349811,-0.3116697757603748,1.0437980935882223,,
17.72188099999994,-2.3660307320333276,-47.73373123754025,-174.64586738342717,2.896516596962711,-1.2354397645996296,-3.4255892522550786,0.6605920754034491,-0.8989881470781456,-0.19627934989136506,,
17.728845999999976,-8.172945792043189,-47.20673318092585,-171.90904671637304,-1.9951532193751298,1.7740786021980435,-1.097953441892242,0.7841909332158176,-0.00010867123872228692,-0.3381099248703204,,
17.738534999999956,-6.818395246572295,-44.98053356105814,-169.38076375354322,0.5083818118323409,-1.4947726678700983,3.4387178365950444,-0.12262967592080375,-0.4598374935497282,0.6904439883602013,,
17.748001999999815,-7.37571590946168,-40.16137739759362,-168.38754655170564,-1.762194605400049,-0.8828008820974313,1.071376234189866,0.2588409059365446,-0.9201644438163912,0.07951294555660787,,
17.757385999999997,-7.822047919200146,-39.60363403642814,-168.11212007009576,-4.807166478790156,0.38496197781713193,-0.8275495295076196,0.08025562113746941,-0.08444903379166051,-0.03353182457316366,,
17.767077999999856,-4.940092989618687,-42.271311675730935,-168.63796528925016,-1.3041883289185165,-0.8210552406372517,3.0304306994834262,-0.5441406446596709,0.4470237419973406,0.3110100398909688,,
17.776589999999942,-3.707099748011821,-44.70052203973973,-170.12514809235225,-0.24411636807543582,0.04742253654674106,1.7660840864964187,-0.2740390204800308,0.45706779099850475,-0.0473822965431199,,
17.785928999999896,-2.3164313872644606,-47.396587750506605,-171.58276143160725,-0.4825616975894902,0.8504806832258234,-0.9506244397336656,-0.285010299424321,0.5142505012084664,-0.028601929441228555,,
17.7954279999999,0.19871837771758016,-50.442761580266115,-172.52695201796777,2.0893974165718245,0.38504244804554516,-0.26335702711001735,-0.4209503032562273,0.5702935866222472,0.2359632280514473,,
17.814444999999978,1.3199866200175252,-51.22685858705125,-172.49055417539387,1.0375113971123255,0.7538776390267714,-1.4257338599163074,-0.047721157345303654,-0.12667519046125744,0.14795661645227448,,
17.824140999999827,1.3051958626686901,-50.03528122457258,-171.53839593452702,0.9212763143907934,0.378043247284172,-0.24164683123747618,0.025149170272260945,-0.22564491825961433,0.15989915514671038,,
17.83365600000002,0.3635465927538908,-48.85138557792152,-170.51359766739043,-0.5446680784282237,0.437908986356387,0.4687682865930743,0.14809711021214947,-0.20458523506924922,0.03943850019452633,,
17.843166999999994,-0.24728740063596033,-47.505990196345465,-169.49839740171743,-0.752337298612033,-0.02713214106097286,1.0980893545737251,0.11702811191312813,-0.2408542947257362,0.0863414233185016,,
17.852672999999868,-1.2687643137978566,-46.97612005639026,-168.93662610461683,-1.1168787029617673,-0.21117288107734591,0.7497175321803362,0.14603119663689987,-0.06784309899294444,-0.05225152628424696,,
17.862184999999954,-2.232971794737982,-47.933851201316344,-169.0234569834071,-0.9504139692919347,-0.1111510155482116,0.5036364635440684,0.0814147903937563,0.22380298328861212,-0.1539433077890191,,
17.871689999999944,-2.699069858210353,-49.48960446553474,-169.6341568546214,0.1532889171006501,-0.18377469079069977,0.4333624267588076,-0.006978283758033446,0.3284276538855787,-0.18563705384856977,,
17.881215999999995,-3.1382100390443988,-50.80832443393802,-170.63060381467358,0.5053915647511295,-0.027137384694762588,-0.5674904477839481,0.0006625682791248419,0.2809174825052753,-0.27040154657060916,,
17.89053399999989,-3.24360644786862,-51.78561476858449,-171.70051170910938,0.7667307925028375,0.08069202065779124,-1.1478631001759143,-0.02641495201304389,0.20663528870968742,-0.2438195991922259,,
17.90006900000003,-3.1179025278131047,-52.06690119357847,-172.50011687799645,0.8563597513298541,0.018267912096852593,-0.9882721058913247,-0.032312261647440804,0.06487964999895282,-0.16380781366203778,,
17.909729999999854,-3.259777512288489,-51.17614777436922,-172.77795907548062,0.5543377947219039,-0.011157472067525803,-0.6109428916480021,0.03154443450133515,-0.16345888302659917,-0.11465285319421652,,
17.91924899999981,-3.6654370273316914,-49.55204999972445,-172.4671621251461,-0.14485934851718707,0.00029363681454477224,-0.29552800731996043,0.08448511182089569,-0.3047270564649375,-0.03600960479838381,,
17.92871100000002,-3.980522074319542,-48.04069633112738,-171.5596542360706,-0.6332102768409702,-0.16910686304899067,0.47018191401299336,0.07437977788620834,-0.2828660551033993,0.09009614447646844,,
17.938273999999865,-4.338726617045928,-46.79919607013403,-170.43081837751689,-1.0686961816590566,-0.218937247110859,0.7744467615121824,0.07760507216082597,-0.22701310562740873,0.13603360038430257,,
17.94778099999985,-4.498215330569574,-46.137288367913385,-169.44391454883666,-1.0604675649664386,-0.20825082579609674,0.6213382207727276,0.03510309556242494,-0.11590913043525827,0.15227145922516797,,
17.957300000000032,-4.443001158867949,-46.55092731645048,-168.89339639787508,-0.6914585641836969,-0.20168991660073818,0.5147947561935212,-0.03301860855874276,0.0906603559920308,0.12000305516810428,,
17.966805999999906,-4.261146622050758,-47.58605504804138,-168.88197696135632,-0.10314348891794634,-0.06878836132089805,0.2867620955643241,-0.07412516032896425,0.20945687384680797,0.042454286214176996,,
17.97629199999983,-3.849631992781662,-48.50333777787598,-169.36392412833962,0.3708957354660954,0.022152214103972237,-0.1996355183364423,-0.09850702438104207,0.18088516850230574,-0.019644856678641468,,
17.985832999999957,-3.363015539618045,-49.081062627435834,-170.12271208387625,0.6351541809705166,0.1049040635419195,-0.597043890411984,-0.09343728217081973,0.1133430256522256,-0.06452527178993857,,
17.995345999999927,-2.950187431020739,-49.240121423107844,-170.77309818438806,0.5956863074975184,0.1682290048322169,-0.5495467449214174,-0.06823964481261453,0.03333898496593684,-0.0655873796145995,,
18.004837999999836,-2.8281984086322334,-48.72014688120732,-171.05988266636328,0.3976587753582102,0.09944600873868063,-0.22211589135834947,-0.009019067906147423,-0.09450955484299499,-0.0370258132580318,,
18.014359999999897,-3.20460302979779,-47.73530753179024,-170.71917379005652,-0.09689256938814073,0.05027993337026643,-0.07953435663296589,0.0712555759436693,-0.1759600185231588,-0.001847002698673931,,
18.023881999999958,-3.877994346039838,-46.86029045847818,-169.82252421189943,-0.5292315574604396,-0.0810631692166867,0.2750262330175135,0.1100316677853811,-0.14648458693246133,0.06846736385904555,,
18.033388999999943,-4.715654290751945,-46.257641279039575,-168.5954920660628,-0.708569888551395,-0.17773784889147828,0.48506833942843414,0.1259586580568333,-0.08631128751191779,0.1189839322503424,,
18.042907000000014,-5.531434913341561,-46.037981375858806,-167.3505711815544,-0.6764995057164915,-0.18515673063402982,0.2866569972300585,0.10975532306399438,-0.00893141748269718,0.1332298877212015,,
18.052404999999908,-6.099528371203392,-46.41843274239952,-166.43086925561767,-0.3246820821901406,-0.16040353353806341,0.11385829769146437,0.04923698668387481,0.10248768201393758,0.11845963877585884,,
18.061929999999847,-6.358636343372839,-47.1556581240638,-166.0521593798345,0.08303557799336292,-0.05900683312796766,-0.08422049353562974,-0.010663724473864326,0.16233182851551017,0.05849039577726206,,
18.071438999999828,-6.199569060772257,-47.787595204035064,-166.25219686870014,0.3697821825828416,0.05291204501729159,-0.4157172238832437,-0.06126678458865689,0.12823464497471707,-0.006733259348585004,,
18.08096499999988,-5.699940875237134,-48.16948592721888,-166.90056890033563,0.5348585739211853,0.11710873455311391,-0.5041120885400977,-0.0929178406009958,0.0693789488909865,-0.053160995359799006,,
18.09047499999997,-5.1693294303528505,-48.19009412361115,-167.69308000343784,0.3908558138489515,0.1670014374001552,-0.38603778019075236,-0.07995156190264434,-0.000972810305935638,-0.0772018687203415,,
18.099988999999823,-4.842549936616347,-47.74966069133794,-168.1332486824863,0.11438873545112226,0.15629332605960222,-0.14231330451156035,-0.0342179845934696,-0.08487147877662093,-0.0529302359793047,,
18.109478999999965,-4.948863866059542,-47.064537698205264,-167.9546880771742,-0.21984945027617725,0.08573017449030677,0.06436035576041103,0.03265340007028755,-0.12069357387820898,0.0031843006430086872,,
18.119005000000016,-5.521565604259056,-46.46943032410741,-167.10124214866167,-0.48721820920712744,0.015381239964073744,0.2405295291865931,0.09240198571753663,-0.08890163776373104,0.07387903474289534,,
18.128495999999814,-6.349840492606738,-46.06858817227704,-165.78469485681026,-0.5216642398958498,-0.07977578531590308,0.308926895856241,0.12001886112215235,-0.04082505881418131,0.1397948955590115,,
18.13800500000002,-7.24143426239539,-45.917298799267684,-164.41326532161943,-0.37215948268230903,-0.1078192133775981,0.14749963379490813,0.11724633957683386,0.012742165302087131,0.15664784410178437,,
18.14749199999983,-7.909687049327865,-46.09193433529216,-163.36291561977774,-0.09740190220266985,-0.07586259611531107,-0.0500350816137379,0.06912086308362782,0.06943856652033009,0.12763938325626464,,
18.15704800000003,-8.10134982980234,-46.421338439012,-162.97872629340986,0.23842586121244083,-0.017302488811505593,-0.19375959997272799,-0.004181420931040493,0.08087881198354792,0.059184988730587994,,
18.16657599999985,-7.734305320283668,-46.645789748430744,-163.44596812312068,0.39563739717511054,0.06696066893186402,-0.3679229340247711,-0.07180622809820088,0.03854676356273337,-0.030979173386103946,,
18.17607699999985,-6.893514659635891,-46.64957042290442,-164.58067737194852,0.4265484116985932,0.10722113447775261,-0.34469028989591016,-0.12161967715366379,-0.020910029217424606,-0.10236845035898498,,
18.185592999999926,-5.927593754193878,-46.365901947892844,-166.01358915116714,0.26768484481484606,0.1544594611506424,-0.1689521118454036,-0.12451125964848,-0.07841563109017394,-0.14430696760436176,,
18.19512899999995,-5.201402088104802,-45.796474753450866,-167.25125315464362,-0.007326092929112094,0.16190153644567312,0.027798509851909924,-0.0818264585841018,-0.12383443788370176,-0.140997204177902,,
18.204604000000018,-4.9641478388215265,-45.12748804123707,-167.90712177123982,-0.24801700920439335,0.13032128183680555,0.18944612712047865,-0.013732915394540711,-0.12749865253054907,-0.09560840744241672,,
18.214114999999993,-5.264122879483283,-44.53960973970004,-167.86245444706492,-0.4064767600627232,0.07584753872249889,0.2915510230289854,0.0563408642873923,-0.09563316194598276,-0.03170198869471475,,
18.223620999999866,-5.9475939021000315,-44.097062820205416,-167.28143219629195,-0.38697005049348443,0.0007273266307243895,0.2501665185262178,0.10463112128245582,-0.054959383529154096,0.02238833267134045,,
18.23313999999982,-6.802357337964841,-43.870221902255714,-166.52577030113724,-0.23914141903768654,-0.04535971225126866,0.09870616679248075,0.12013912336547698,-0.005852309702667783,0.03418089536032947,,
18.242672999999968,-7.548984175433467,-43.83648227518022,-166.01572032660553,-0.02951159130933628,-0.0947023467352858,-0.05365851004409506,0.09623938907694815,0.029513769422046143,0.0004261165485901285,,
18.252172999999857,-7.950169972043172,-43.85132400333835,-166.0871966953153,0.17964287670265364,-0.1217664047566292,-0.17064440982772686,0.04550851289053495,0.02739791138001995,-0.06793313273802971,,
18.26167899999996,-7.903645172546548,-43.8120483242474,-166.8420982976049,0.22163245519693117,-0.1280301698323519,-0.2647772037671409,-0.014540981635090667,0.0014460797410068347,-0.1425865890285088,,
18.271180999999842,-7.456418677908188,-43.6753643041586,-168.0943650594542,0.1482084458981625,-0.12892279360941014,-0.2166668411650977,-0.06687973294503097,-0.029932674009608355,-0.18671246858058094,,
18.28068499999995,-6.827387219693086,-43.38818360841608,-169.46683004720924,-0.0523195017023223,-0.1190108794659686,-0.07743207521568737,-0.08788102406015265,-0.0631974156366671,-0.18605369335849206,,
18.290196999999807,-6.266192203364697,-42.95033852657265,-170.54116430771828,-0.28689165899244645,-0.09853244786478024,0.05372350978882221,-0.07488972474063282,-0.08948782190228294,-0.13641143756679494,,
18.299729999999954,-5.932425853787616,-42.47069217627333,-171.02829591217298,-0.5413402344827043,-0.05909429089597411,0.15805910421769837,-0.04247911477046887,-0.0915428009206016,-0.050580553779800544,,
18.309211000000005,-5.769441511930105,-42.053073937866074,-170.99434506383457,-0.7031128203680873,-0.0806682966917136,0.2328182216959768,-0.020326145913360752,-0.0752498541117247,0.050615303425174174,,
18.31868399999985,-5.614053874030778,-41.76306391710993,-170.5522895058406,-0.766255370330252,-0.09543568738483803,0.2574375563228739,-0.02320098942147786,-0.04998657093856076,0.13160704688730673,,
18.32824199999982,-5.298410948973646,-41.666012384159956,-170.06713814805522,-0.789993336742144,-0.05457110310524354,0.2250847312221852,-0.053015148425980235,-0.016115515881746954,0.16345811559625184,,
18.337700999999925,-4.597878235907815,-41.78026614888045,-169.94469536213307,-0.7701150846147123,-0.04766650144813437,0.22942649078224978,-0.11694016488427621,0.01537428915073695,0.14948418565219027,,
18.347229999999854,-3.432994550576082,-42.006872273910346,-170.4362907256434,-0.7188300993586233,-0.022380702888126495,0.314401730368203,-0.18871153706678392,0.02620482262489277,0.08728218976031822,,
18.35676599999988,-1.7997547196588959,-42.19099103372914,-171.63051999919853,-0.76226706580873,0.03989290796856882,0.4313087980598481,-0.25530445145587166,0.009774703647420339,0.00818565716819819,,
18.366280999999844,-0.08573815832017406,-42.43215635670288,-173.36232173626175,2.960000240404196,-0.7286485550728016,3.1241243329854154,-0.26764006838050153,0.026087293699738178,-0.08471807188230737,,
18.37561699999992,-2.6142462846935173,-46.10691748044205,-175.4611515575472,3.2425556794467263,-0.949055912885285,-1.1655032587383682,0.2816331148086916,0.7793005520371162,-0.7423131986691016,,
18.385200999999824,-6.179174828500469,-51.796729072332404,-177.08796532830902,-4.348495049483363,2.3111005169425907,-4.419333163855247,0.3882130795611633,1.1795891158266978,-0.8284057357143748,,
18.394632,-4.4233233640335765,-51.99941297767768,-175.99898167480686,2.747596934828063,0.04172141064739118,-1.1290880166954504,-0.22751292417885272,0.03941363677201519,0.5085616824809636,,
18.40414899999996,-6.390775898133046,-47.729678148674516,-172.52716663135257,4.4685137522699065,-1.5194611729683318,-0.6574799576742034,0.330964892903215,-0.813669742931424,0.347573517899923,,
18.413731999999982,-11.52347400653458,-44.59781581693973,-169.0522937513433,-1.4837598938654355,1.2198369790523549,-2.4731821674297105,0.7949535538195094,-0.4921969161336828,-0.08335417352994454,,
18.423336999999947,-10.981581284621205,-41.67434804473393,-165.84236471985574,0.13515400836034125,-0.6959261004196615,0.8059211128626844,0.04048901661668119,-0.5782466284590799,0.7007613228891005,,
18.432855000000018,-9.521161878135246,-38.19348288545931,-164.2549457701466,-0.8133834547871848,-1.023167294321481,2.7663023511621643,-0.046955239206918103,-0.7213515903003624,0.49703588634674134,,
18.451887999999826,-4.506958165671139,-36.61290388815876,-165.01228773835226,-1.9425441658461964,-0.4307870248663802,1.3846020414289426,-0.5684306224821243,-0.02639136242370331,0.29012534046255956,,
18.461388999999826,-2.1576238200660467,-38.600044417742055,-166.39340600075678,-1.2499450352994645,0.5075633756219505,1.5688947512340807,-0.46943233714881605,0.3049547805312408,0.07868867878635467,,
18.470910999999887,0.48212823591982595,-40.67089495583614,-167.8177457388757,-0.5390202621084256,0.9508595539012029,0.129914594688591,-0.49897790358451644,0.32543747561493014,0.14827759852962422,,
18.480413,3.422908446113891,-42.21005557570796,-168.70702013594547,1.2672848540245085,0.6176912261515499,0.05708582756509103,-0.5053427676317594,0.22341772138223948,0.2891715908468884,,
18.48974599999997,4.459678634550801,-43.05966837826871,-169.20259820164088,1.3749655492567938,0.9111971950779448,-0.6621072355001474,-0.19329877130327217,0.14787783442322744,0.09047232147393619,,
18.499252999999953,4.784696273261479,-42.685481376855336,-169.2548443967527,0.9868631691785859,1.0815660020319668,-0.8335746500571599,-0.04400027694749278,-0.07287959649021619,0.05198227471912355,,
18.508957999999893,5.032158449785337,-41.0652969693841,-169.02621082485823,1.1646599991869941,0.6717200047641566,0.21314306477941572,0.013762540093716509,-0.3161606513510832,0.07846263298486497,,
18.518456000000015,4.1712538488543345,-39.126971283356575,-168.95017140605378,-0.015696733631240474,0.4856182088858517,0.3007293348157755,0.19262989910497613,-0.34628501871581824,-0.09640894678605982,,
18.52797499999997,3.264695285411416,-37.59345179775646,-169.117166940193,-0.7257991486920536,0.09777582851318707,1.0352105537147736,0.18735110914348843,-0.26467614470738765,-0.14676101172702133,,
18.537472999999864,2.064744470297105,-36.50803708313637,-169.5839398022853,-0.8269075999247625,-0.3073455652995422,1.4144239846863988,0.21806092343967953,-0.16816334834294555,-0.2388466197187099,,
18.54698499999995,0.391391906820872,-36.35587391270002,-170.42988392247813,-1.1951391221718037,-0.40785994502487716,0.45194541643856295,0.26058311625121194,0.027071567051367817,-0.3572514321541083,,
18.556505000000016,-1.2050525641167362,-37.133014101234664,-171.45169425213516,-0.534336567382877,-0.3980119767238179,0.2927479596665545,0.21878272930058135,0.20466303425168783,-0.3752702970273188,,
18.56600800000001,-2.817583343750916,-38.23046795841685,-172.42048489544618,0.41962125913404547,-0.2887547402388072,0.27064419612597584,0.21307856295868552,0.2643223661698978,-0.3578467850318457,,
18.57552399999986,-4.345215193961883,-38.968179684025614,-173.02676615199312,0.8348922877357409,-0.3110645113445982,-0.19438842919359603,0.20949448790464845,0.187921286404343,-0.27866152111794146,,
18.58495099999982,-5.990728783697185,-39.08612251924813,-172.9917267729244,1.037996691722833,-0.4026206843750746,-0.03205730256761927,0.24223285423340582,0.06587019036205874,-0.17781763956550475,,
18.59454699999992,-7.901570637603233,-38.50057376000964,-172.19352075088239,0.3174690029606658,-0.48913826327114174,-0.5097500149215185,0.3018360013455904,-0.06653410083793926,-0.06367630440542224,,
18.60405700000001,-9.922113961146593,-37.51004335755639,-170.70823037791354,-0.18960796134307198,-0.5142232152803466,-0.4338444997131484,0.33558242150426365,-0.13759249833187712,0.06554099275668084,,
18.613562,-11.453465996116861,-36.378138468912375,-168.826459069176,-0.7943874782204783,-0.5607826530179474,-0.2644318668606903,0.27193900236820195,-0.1686273225747472,0.21805335025904923,,
18.623079999999845,-12.177468504320853,-35.18833663808221,-166.9727138151268,-0.9879253107209718,-0.6375604823039026,-0.10661634435325794,0.154989148922061,-0.19763761280807834,0.3206662171855822,,
18.632592999999815,-12.299840722840482,-34.48369565460039,-165.40957125825258,-1.046146266619859,-0.45094568175844874,-0.3224154052378036,0.043002249100544246,-0.12164460071869314,0.3397741196076108,,
18.642066999999997,-11.829628392014268,-34.64474635956982,-164.2715299839427,-0.6401319536681925,-0.30407899602955263,-0.0704554138511615,-0.09352063919244728,0.021513177620299924,0.32884424818757485,,
18.661115999999993,-9.625301026433629,-35.67889733965623,-163.6002723394024,0.8694993147340493,0.15530585372081893,0.07013404434041846,-0.23473015978115214,0.05469625078041891,0.22346381960229753,,
18.670640999999932,-8.616666395534002,-36.48455472089546,-163.66715024882737,0.8467167997030498,0.4737894908305654,-0.3456400554010109,-0.21250668376059947,0.11938887289495002,0.15616091702258117,,
18.680159000000003,-7.566354972729064,-36.99420856483517,-163.75467194597215,0.5469328861508702,0.5593860113370551,-0.5190180491991419,-0.20107009945147142,0.061033735908038,0.144605721246292,,
18.68968299999983,-6.622728439686584,-36.60572103222986,-163.78451754928355,0.3673493837579586,0.5682844962934843,-0.4784068654012953,-0.1344543732306423,-0.10697651177345346,0.1280477823961826,,
18.699181999999837,-6.02957423479821,-35.835840032440395,-163.5919681421952,0.032003900108966504,0.6465409614098613,-0.27736225110059376,-0.0596756620341887,-0.16507468962835245,0.12218686791966667,,
18.708686999999827,-5.584102645165264,-35.312993286367735,-163.0950064761911,-0.28825415947782557,0.4908571387429197,0.31536358898119243,-0.050650941408160656,-0.1114262238624521,0.16865484288840032,,
18.71819699999992,-5.500786392416654,-35.0218045747516,-162.3892015297542,-0.471246487782521,0.3432238551589542,0.5527865119681117,-0.006962249838265745,-0.05021165677201224,0.1694346636160542,,
18.727660999999898,-5.761092958665041,-35.20745073506812,-161.72223306346703,-0.5315878223244568,0.3157561097535158,0.34390443775004925,0.017886994339328607,0.05794030267218327,0.1246956397450985,,
18.737212,-6.0335824797955215,-36.08023841525417,-161.45491604198654,-0.3218351375487478,0.18809154534775532,0.21545524042608158,-0.02416783842833373,0.18934624053231391,0.052331406381101175,,
18.746758999999884,-6.3423301264539615,-37.27914286352466,-161.85000802496958,-0.03737778569283162,0.14665499745808483,0.013354646809492363,-0.03938114871709306,0.25315730267329856,-0.09073895391633316,,
18.756247999999914,-6.421748000225376,-38.43161516261261,-163.0057469917574,0.034270725453571675,0.07315972873819432,-0.42258505736750723,-0.06841297980067272,0.2337358504560329,-0.22334733545348884,,
18.775290999999925,-6.50787396501737,-39.552958104344285,-166.50575161107488,0.027447554975553148,-0.1921148506600088,-0.15942628773628717,0.004443257338816086,0.0733317843201498,-0.36383143730022505,,
18.78476599999999,-7.248338586679015,-39.29749010505955,-167.57051613795494,-0.41748392455821043,-0.2138839221140066,0.005513232080292902,0.11322845874713698,-0.013450403854617324,-0.31018679012562506,,
18.79430000000002,-8.202205768775498,-38.78632677719586,-167.4728593804725,-0.8072458129232407,-0.33989603682977476,0.11288500808653988,0.15712365184252935,-0.05715013271957582,-0.09935396738961356,,
18.803792999999814,-9.183590426604525,-38.30965791979101,-166.10541630408832,-0.787705594756551,-0.5816034019595065,0.19140155659406072,0.16134527821049527,-0.04730363666841569,0.1643157848098478,,
18.81331699999987,-10.007270911866895,-38.002481345538214,-163.80251636312227,-0.6095479238998818,-0.47632828233462887,-0.23251822980013168,0.13074550994253614,-0.0155662180910921,0.374336869079532,,
18.822790999999825,-9.98041542058503,-37.97756755248865,-161.32643255556366,0.2065623072945651,-0.3426618345918395,-0.40607882734135287,-0.013514167928084549,0.003769073613750913,0.5236109773117962,,
18.832122000000027,-9.054762358295655,-38.15574303242171,-159.57347771195245,0.7799718548336726,0.0522499501180402,-0.6984987101774051,-0.16084399019155438,-0.005658777939725178,0.4948675143217457,,
18.851173000000017,-3.695133811937131,-38.12005689937034,-160.49488809908874,1.4802984930634995,0.2943508705720171,-0.2632620618077993,-0.4425911024788903,-0.18966062107715703,0.1121395675909407,,
18.860883999999942,-0.5365912338919204,-37.24680750152791,-163.1789916970633,0.3967638328589409,0.6211825400461279,-0.3212796735814635,-0.43228583951670574,-0.3134408147136824,-0.17131832593289548,,
18.87037199999986,2.9837079446615005,-35.82113705932015,-166.31667193626217,0.0239410339378601,0.4630822649862146,0.5360921859969741,-0.4820447806819527,-0.41578785169361415,-0.24245883275706548,,
18.879883999999947,5.145488961069262,-34.45378449034773,-169.0841983290607,-0.9785434063836554,0.5046087458396988,0.7212833032820564,-0.2982013829105248,-0.333671163043055,-0.328820286424662,,
18.889391999999816,6.193482023432314,-33.58126918486634,-170.65761005481153,-1.624425927556672,0.4868631687651058,0.7086155165015372,-0.15122502373747287,-0.19291496509874886,-0.2080898071586836,,
18.898912999999993,6.36796059089869,-33.5217051154897,-170.68710689309893,-1.354195356658446,0.16222160213663148,0.7664077255197654,0.0,0.0,0.0,,
18.908421999999973,5.424264465213221,-34.31652065557387,-169.39245129597472,-1.0158826920004687,0.054674378190771145,0.3439661334429442,0.11613225435898375,0.1933865667915521,0.1820449164025699,,
18.917919999999867,4.2433872339931025,-35.361873041122855,-167.33568772680997,-0.08931127214524018,-0.1096098035513399,0.28740915366970965,0.1369945380085757,0.25333291332732055,0.3167942993967431,,
18.927457000000004,3.016816751942779,-36.123843966367495,-165.3733467908293,0.7226529481829649,-0.14066343724153735,-0.1236791446983918,0.14657188751571706,0.20417877694438816,0.29253104648308803,,
18.93678,2.3277958777298045,-36.58517596843248,-164.2721665426306,0.8492099442212362,-0.034745986894644754,-0.7440849368705569,0.07159249148871813,0.1271643031051796,0.17012756386601535,,
18.946295999999847,2.9233470780783866,-36.61936359155903,-164.4470869548424,0.9856090610591798,-0.10974596525756336,-0.5419918811190855,-0.10569746440255282,-0.010176777856545484,0.05475164657195387,,
18.955983999999944,4.247756308415357,-35.928718239811175,-165.84713932167324,0.8833537692611023,-0.03359163379601501,0.012719153309219224,-0.1827003694005728,-0.17944926838964423,-0.12428545877117315,,
18.96549899999991,5.832483912091458,-34.738222032676724,-168.03443151826238,0.05534695714587337,-0.04256052914556111,0.06535803845555661,-0.20954914067686478,-0.28147614326051346,-0.25563532291360014,,
18.97500500000001,7.359222035073667,-33.56428649503829,-170.23179784262774,-0.3647218371318944,0.0698336764507242,0.6528573205361254,-0.21511997874628228,-0.2690759927302294,-0.27000312157237727,,
18.984510999999884,8.340754567825776,-32.70780988668016,-171.6940941499704,-1.044476992290006,0.1069591043602778,0.6090548831933648,-0.14639163535239647,-0.18558399369531545,-0.18742972522648038,,
18.99401899999998,8.621794906101618,-32.227718291741205,-171.96583967680493,-1.0327192689229379,0.1350917771324313,0.5192283557003993,-0.04420701875673703,-0.09220734476189964,-0.00493611873319591,,
19.003480999999965,8.124854926737415,-32.3356966184905,-170.88347194059452,-0.7344852798808046,0.05913605026201548,0.29891340383834364,0.06905487717357506,0.043389119391265794,0.18681504156549553,,
19.013052000000016,7.026192707598554,-32.731736666066936,-168.84202625115108,-0.15566971799916604,0.0040585687169249806,0.09266674900723576,0.15760442471757558,0.11971670802028857,0.3308112215088513,,
19.02257099999997,5.760095380508413,-32.953391015385385,-166.4339351183106,0.4483666276863195,-0.10202598114116027,-0.24246554680312418,0.18720070759899418,0.09760982947542726,0.38241655917016404,,
19.032080999999835,4.726145820868093,-32.90896438037313,-164.54569073220298,0.8206432407417029,-0.1325245609586525,-0.4906312934400438,0.15880011900694987,0.04340776642885323,0.29877008287416823,,
19.04159199999981,4.400905618459171,-32.63665139741425,-163.84207443743017,0.7999033246796288,-0.1384085172919856,-0.4928774271822855,0.055727359973629466,-0.028998896984548436,0.13273766763219433,,
19.05109799999991,4.991723669609336,-32.05003337099283,-164.50206036178554,0.6249235183536471,-0.16239020701672396,-0.20759455045415734,-0.0759027283310666,-0.1315360159920053,-0.053455662925057316,,
19.060609999999997,6.104775865731009,-31.32964742327355,-166.26170319955204,0.10995652331268974,-0.15827407429676524,-0.05651470305170778,-0.1586123675002579,-0.17848495852730442,-0.2292226597919007,,
19.070062000000007,7.366426431820449,-30.74404163972072,-168.45998711041923,-0.4212212234052815,-0.0542645981803745,0.1714452032272503,-0.19672518054327265,-0.15258994844284876,-0.3120480434254325,,
19.079619999999977,8.442691646841627,-30.374601465317472,-170.34153622464515,-0.730557275765188,0.07715582977669555,0.34317440142000044,-0.17973252695957553,-0.09742005394532174,-0.26959692793618933,,
19.089123999999856,8.990852962815536,-30.30731973604341,-171.34553786137505,-0.7867175692300299,0.19136166319979522,0.26401821172700374,-0.10221132250370456,-0.01875677309119359,-0.1322896712012012,,
19.108170999999857,8.343842399110962,-31.206968387777653,-169.9698099845443,-0.14595087691476633,0.1943830596657648,0.10672253895451532,0.07293127443488669,0.13677075030047797,0.22421468299829372,,
19.117672999999968,7.348631884161529,-31.692308204110848,-168.10720909297572,0.26456946948968524,0.11107637654286438,-0.08650618260543937,0.13733299162396603,0.13661751817521695,0.3078865780989726,,
19.127184999999827,6.353550164411072,-31.97199580358051,-166.2950916823647,0.5550566109632084,0.019699415599929996,-0.20315248847646464,0.1412625431853667,0.10081350657083873,0.286819467703369,,
19.136698999999908,5.688806508476954,-32.00490426223987,-165.2054011966536,0.6012024194660922,-0.05104585862935658,-0.1924543197909677,0.09619831063792904,0.04282432050561588,0.17083916651296113,,
19.146214999999984,5.5411369893093845,-31.79735838875967,-165.17931907346306,0.4287573178487155,-0.10526706266199334,-0.11821533725184778,0.0,0.0,0.0,,
19.155753999999888,5.85156128840721,-31.5010728482079,-166.0757345993662,0.17667212413651245,-0.13129171256235544,0.06798364965809454,-0.04804554617778012,-0.0616527753863833,-0.13166800502492948,,
19.165205000000014,6.300375259836407,-31.304454145353255,-167.46832105067077,-0.09828057929974084,-0.10768495975205934,0.2657982528752598,-0.0769562346378095,-0.0466779701288605,-0.21865271234866382,,
19.174726999999848,6.564534940386856,-31.298002963415456,-168.74255383686756,-0.21423583175994393,-0.06442469631732538,0.3890534387522695,-0.05503441024495436,-0.0011670359112213801,-0.21584998181274725,,
19.184242999999924,6.351716020173092,-31.556553347965046,-169.4219228038025,-0.0241488284658549,-0.05960475048101508,0.5232414781553711,0.014994364069750259,0.06725749260364289,-0.1414847983662298,,
19.19374700000003,5.413546523976419,-32.06616170564457,-169.28974638015768,0.29895837149771043,-0.12315795485942772,0.5377877641619958,0.12727716193139302,0.13927784201105192,-0.048158658781875356,,
19.20323099999996,3.7673352130685704,-32.63094518755324,-168.42504962788908,0.7601222158959965,-0.33714380412098116,0.5045200132480773,0.24064941117240826,0.1741528809801166,0.02448603925757235,,
19.21277699999996,1.4407127829646265,-33.05070700936929,-167.19096090875658,1.203090287135711,-0.5941383278239927,0.4704475917686701,0.3540863905421441,0.17416792155682562,0.017620248439730007,,
19.222290999999814,-1.7297612263356004,-33.208946270598794,-166.0836442842688,1.26664663376422,-0.6556101626652668,0.2961333584577436,0.49923523886194054,0.16326621170759653,-0.11148232520697131,,
19.231641999999965,-5.082330885950513,-33.0608146739072,-165.46797138196018,0.5901254958962772,-0.612792766979212,-0.5423704049967926,0.541663033704208,0.1195087378672464,-0.24374506148917502,,
19.2411239999999,-5.944342747486366,-32.1000003438776,-165.5121480622589,-6.1803308809124635,1.396431518967346,-3.8737056756911925,0.17849080505031223,-0.13968777894038908,-0.10163926580608039,,
19.250814999999875,5.151641905233599,-27.52258765766203,-165.5046179953395,4.325753763377066,1.4670880214370554,4.602695947158041,-1.6477490613612107,-1.3615381327069307,1.0641121002965344,,
19.260324999999966,13.985206831792068,-29.912651461409006,-167.71899287504968,-2.2692189333543515,-2.063799737738595,3.608692541214607,-1.6315948110518181,0.11427524391061092,0.4127984600099411,,
19.26973699999985,13.973819253104478,-30.254425288656435,-169.46864376235015,-2.4366674889137356,1.1664265612169014,-3.083316186071894,-0.02291636449997727,0.07601822821207704,-0.3220752811342907,,
19.279346999999916,17.872870256341493,-31.135367566740452,-170.27344142516094,-0.3733196142881678,1.3150317680739125,0.0701780322549515,-0.7036566497244949,0.06450073851875024,0.2649694851621237,,
19.28886199999988,20.985005872074666,-33.5490348738454,-170.81582092812738,2.5674028569618508,0.960899565553704,1.1576063769301743,-0.6101281115473743,0.3989897166851664,0.2646290640839868,,
19.29819899999984,18.606772870666052,-35.39184204857895,-170.5058341494147,1.1086977996975536,1.2811438600649228,-0.9576126461133755,0.316286549832451,0.4353178767090876,-0.17733156933424357,,
19.307697999999846,16.2256855646007,-35.63666337596956,-168.70958608746756,1.486179883454212,0.43747493897361034,-0.9125324025106031,0.36086980998603196,0.12609559668960119,0.07942678176608163,,
19.317401999999902,12.453462611615143,-34.93813412954834,-166.73393605240307,2.3732823693373932,0.049682143141392694,0.3911779188031236,0.6202632354410245,0.0021720258325125287,-0.031476406821067324,,
19.326816999999892,7.433213217891898,-33.872579230890366,-165.15051608180303,-0.597526177562939,-0.2106994142698467,-0.4680547306878834,0.8446745740218987,0.0030796101165389326,-0.25338418698596904,,
19.336419999999862,5.004611033571328,-32.018477988546394,-164.0673839941779,-0.10515293255459907,-0.8902920414054187,0.9465092035177993,0.4803636662112066,-0.24106313433937723,-0.04964148494040117,,
19.345942999999806,2.4618037657943863,-30.613007880894376,-164.03785259459232,-0.905739064981021,-1.3613690197598092,0.789731625863202,0.48420662193810554,-0.14212938625526209,-0.26039310966354345,,
19.35526199999981,-0.07853429317803563,-30.532140751861764,-165.01321660860813,-2.0133943490988457,-0.7382049470763592,-0.21921905639754205,0.4154257198158926,0.11076700185227915,-0.4551251290664808,,
19.364959,-0.32475650561680486,-31.548742529991028,-166.49526624949831,-1.0059957007580373,-0.8760767818024173,0.4509139271194379,-0.020009840359755088,0.2175825918691779,-0.32299088057264425,,
19.374458999999888,-0.1441001502633494,-33.06846745757761,-168.05916349591226,-0.3767371299721942,-0.6394921926016508,0.10089151819087827,-0.10749586673919749,0.3002957070912145,-0.2944025308907277,,
19.383973999999853,0.41899912577150594,-34.70009660623096,-169.2313116572497,-0.04145051577408677,-0.05833388970661066,-0.6445879559152791,-0.16665357904193726,0.31223462306869,-0.17231359834319349,,
19.393486999999823,1.930435062373688,-35.77638824300453,-169.69593732236436,0.9485497276925597,-0.006126736213247655,-0.3386626549930446,-0.2931420898132624,0.17685999798496768,0.08098312788782554,,
19.402840999999853,3.096462503330551,-35.83433204063894,-169.46462746502476,0.9771366610305694,0.25955732365863543,-0.5016554960570223,-0.19920402174478102,-0.012919290224306266,0.18203628290120952,,
19.412341999999853,4.206495738997022,-34.96719114530784,-168.64260207590547,0.6990648974067907,0.4053516643167285,-0.5584594862771834,-0.15602619902458867,-0.1953439690969563,0.292098554032518,,
19.42201799999998,5.512346142716118,-33.60760646916461,-167.48818639209168,0.39555281573180645,0.29149243932157465,0.059225265028830625,-0.166482782943125,-0.30193576129097954,0.3767312077462354,,
19.43152699999996,6.423385116443765,-32.15387696036466,-166.26169751328197,-0.19482901636309008,0.213651556820394,0.44356045072993294,-0.0945157323668172,-0.30958623211768427,0.3295455752553335,,
19.440951999999925,6.972872935102566,-30.989675904508893,-165.39190379016785,-0.8184778354261979,0.21469038465916923,0.29838066763028026,-0.04550269065410964,-0.2404395422248348,0.22939076907988207,,
19.450559999999996,7.584671468135369,-30.420415778992602,-165.07829916714203,-0.832189900483489,0.14537248270484382,0.4257291813050419,-0.08455200592981423,-0.12861557895734999,0.12283701060580117,,
19.460059,7.939915503173669,-30.534743558496814,-165.58143790099115,-0.6127692004408338,0.1914743548578202,0.2672056787528427,-0.07677185886398867,0.015240476612818249,-0.050389151902218175,,
19.469588999999814,8.180253414151718,-31.100588783618647,-166.77989473727507,-0.13198767590560784,0.2807550835740141,0.13635689389881325,-0.07861525150964746,0.10903884073508367,-0.19721211717138576,,
19.479077999999845,8.34821736611959,-31.675943840751955,-168.40741822720491,0.4796714479631126,0.2651833069495708,0.08589535037585769,-0.0639755618876978,0.11552390704260898,-0.2927986597571517,,
19.488628999999946,8.224541949831275,-31.952014426285796,-170.15068800469604,0.7432099574752788,0.23113264480728876,-0.25535153706004954,-0.0005278659864655673,0.067692214159815,-0.3503351474838496,,
19.498084999999946,7.8840736158604745,-31.853811101894827,-171.64380624826907,0.7943560263118277,0.16076775955031994,-0.13198668384515636,0.049595057628961485,-0.0004970366024515917,-0.3371794889682989,,
19.507637999999815,7.24184413200388,-31.187270474841988,-172.6647523550932,0.36176686079147474,0.14116852353237497,-0.1412952675605686,0.11641339896828792,-0.107267965263053,-0.2738954536384691,,
19.517156999999997,6.730184368370616,-30.018524994973983,-173.03254387058854,-0.021140236932905197,-0.0743550848658457,0.027045035973048148,0.10635101622215533,-0.21115019090928755,-0.12820218327796956,,
19.526648000000023,6.194223193845098,-28.87311148619316,-172.83468576928945,-0.4636066149336883,-0.277779915024963,0.1289064439938292,0.11071668808920547,-0.2060019374405572,-0.01568868388967626,,
19.536157000000003,5.751781869741026,-28.112835855651657,-172.25638390008905,-0.8581255854435076,-0.3236087585405266,0.15057514956020054,0.08665347444831614,-0.13075499190202194,0.07091179497867549,,
19.54567299999985,5.724190085746639,-27.696756703115753,-171.60018591620687,-0.7579818573204407,-0.4063382624113435,0.2735004616407562,0.006040772670833084,-0.07181724455707687,0.14389509849383947,,
19.555142999999816,5.8440827785491996,-27.717111134787576,-171.06866103398792,-0.538557418686423,-0.30273114314487354,0.05265353129061688,-0.03216505809510367,0.010767204759654645,0.13806407192532005,,
19.564712999999983,6.303457589749663,-28.17709919761112,-170.87152279152082,-0.16351957893918062,-0.1542244956516011,0.0456786972361094,-0.10524895987891598,0.0881846346746247,0.10891844764099884,,
19.574172999999973,7.031284529670814,-28.601170860439854,-171.08826700534033,0.2981689337373098,0.0010547491758110638,0.024914672876036322,-0.15051937512568875,0.0737744172380934,0.05827526785513312,,
19.583729999999832,7.8858020152025565,-28.770211763865852,-171.6139345762689,0.5000364037619733,0.1846158865403325,-0.20652642886253933,-0.16412738040632888,0.020834251858831577,0.00019581903732869945,,
19.593210999999883,8.945938623902988,-28.6894636661904,-172.32478573046654,0.4914446824116528,0.26947740349458715,-0.09797767917202627,-0.1927068776008054,-0.03210217551637504,-0.022119776057161724,,
19.60274699999991,9.895989512711944,-28.187049147648136,-172.95770852698845,0.27277753356051276,0.3166723280128822,0.027173140765152766,-0.16363146562479933,-0.11139015611457365,-0.02445684245548164,,
19.61225999999988,10.55477720789685,-27.377080808307124,-173.29608818920153,-0.044614247516422914,0.2921038790259586,0.09526983070513798,-0.10698212938594377,-0.16529636883960752,-0.003124444797963998,,
19.621770999999853,10.869505590743378,-26.649412978474952,-173.34957343628432,-0.3924701146365794,0.23586480312449093,0.17745766887073375,-0.04932166138058889,-0.14159271925719055,0.024461990085532452,,
19.63126599999987,10.937380660481558,-26.14167188992101,-173.1976741632136,-0.5977332145587465,0.13866936890771106,0.23835831504677862,-0.01071537117627037,-0.0927795406136886,0.05632447975090815,,
19.64073099999996,10.845430432434492,-25.866377618219104,-172.92609786273124,-0.5405861630083147,0.019167229512780482,0.1759860957756724,0.012578470605741935,-0.04315253096156793,0.06883809234795882,,
19.650306999999884,10.68991843717618,-25.917698364139,-172.76112365330823,-0.32271521352162214,-0.055171911995225184,0.07609544157287197,0.01606724444851221,0.02326768387564726,0.04218590898479479,,
19.669328999999834,10.631623603315266,-26.27644946985447,-173.3674787028227,0.21500012312716466,-0.05486346765603284,-0.08570331542713326,-0.0185935955647817,0.03381379241989283,-0.06801934676243135,,
19.67886999999996,10.884582417899322,-26.200822644141,-174.13668440113022,0.34304118296409825,-0.04769796010463978,-0.10733885835359704,-0.05378885280644028,-0.01010982027810151,-0.10812055089045294,,
19.68834099999981,11.197643938754949,-25.89307815024999,-175.00350238588643,0.24315030749168504,0.03546185318320789,-0.03962756368438438,-0.0603979805692143,-0.05669323795694847,-0.1286304338874537,,
19.69784699999991,11.498917218838656,-25.31630898220776,-175.68776816008926,0.020859706251234077,0.08671560652602377,0.05775534138360487,-0.05488709834142058,-0.10950141926972531,-0.10163768517200687,,
19.707362999999987,11.675634579936316,-24.66062423821568,-176.04851925495814,-0.2181850515438201,0.11059377742424059,0.12984432883755598,-0.03251205394407753,-0.12321642377547563,-0.0428399523871307,,
19.71686899999986,11.647382452788706,-24.17949790506953,-175.97590051301958,-0.4603907119489543,0.11424049293012115,0.16955065813831413,0.0019090699452379606,-0.08573008608382321,0.02597160713765808,,
19.726376999999957,11.46633538431119,-23.945082484632614,-175.54430545434744,-0.5187077155925303,0.0643589973582686,0.2042470355268704,0.026524216646947617,-0.03441549529481581,0.0939041544074197,,
19.735888999999815,11.140204506776714,-23.984016963166287,-174.89182216128103,-0.3806284569783298,0.003881605564844903,0.160375629708731,0.04882984607968504,0.022606932097019077,0.1282661595084141,,
19.74542899999983,10.761265635015716,-24.27717319313321,-174.2854983754696,-0.14828011279355163,-0.05415751505145704,0.0771370495685272,0.053394545487067166,0.07477550337887777,0.11939471037433166,,
19.754936999999927,10.413289265596575,-24.621772970600666,-173.9216880895559,0.14171667194502996,-0.08931981499407361,0.039052651667770076,0.04595936911655666,0.08495263600615385,0.07521704938468342,,
19.764449000000013,10.13975544547405,-24.822490813183073,-173.90519701849064,0.33065654344906276,-0.10149693963455414,-0.08732358229750803,0.035122356289569334,0.055090385890539405,0.008809437270653116,,
19.773985999999923,10.01287919221111,-24.8212823578007,-174.22700378951262,0.37331805563017917,-0.08741330984155166,-0.11286249625842693,0.012881357996613647,0.012096696529703525,-0.053447232312202046,,
19.783457,10.004309769052902,-24.588613288730997,-174.7746642726454,0.2666690453683698,-0.05669886325780918,-0.04428892244890409,-0.003993822358595061,-0.03616504537751566,-0.09241482435437073,,
19.793005999999878,10.025547194738646,-24.165088437367594,-175.37870622864168,0.0593350649135827,-0.02607257877649259,0.01844235220624264,-0.006499918992949657,-0.07467137572312076,-0.09944848158345902,,
19.802506999999878,10.003595115968128,-23.728143665985726,-175.85221205727035,-0.16736432084153113,-0.012137140725442787,0.07375906161166305,0.0008896380916399348,-0.07670004702625863,-0.07748334293860727,,
19.812005999999883,9.889642179685922,-23.436753541429038,-176.07144492556122,-0.3178931360456809,-0.02183095319517082,0.1381313899710353,0.01526977721673804,-0.046449489078225714,-0.03852428287763234,,
19.821486999999934,9.688415797819275,-23.35034210844356,-176.04487691828217,-0.3197418641047946,-0.06853421038566708,0.148360617609756,0.0,0.0,0.0,,
19.831016999999974,9.427697115362891,-23.483540904594157,-175.8920854918287,-0.18595015695333394,-0.12752044200604387,0.10516670848715143,0.036275119703169705,0.04028544748653058,0.026729377669350612,,
19.840533999999934,9.145625632347256,-23.769929572653613,-175.72915059779095,0.04857165342585707,-0.1736385162635155,0.08061671265055793,0.03777394077010289,0.07130677270740164,0.024204888245522624,,
19.85004600000002,8.874015759599448,-24.057938234800964,-175.6976384259394,0.29459757179891544,-0.22096790468001004,0.04907594331139522,0.03561766183254081,0.07159332533844354,-0.0025369007253204677,,
19.85950099999991,8.594937805657711,-24.23759765535273,-175.87919888397695,0.47639603777765904,-0.26339881282105587,0.021942839987851334,0.03859089484454118,0.050054801461329054,-0.04833859140152357,,
19.878558999999996,7.786826210730119,-24.18097164409594,-176.89670063004772,0.615384178730568,-0.40745820878639655,0.20761608915838525,0.07949741032998224,-0.0026271341245135654,-0.14715873043242014,,
19.888074999999844,6.97628482994364,-24.053285815139425,-177.587490736025,0.6133685634930485,-0.5476087364551213,0.32756405823058354,0.14002867941540312,-0.007588714948056378,-0.1913168112370382,,
19.897587999999814,5.567909904057999,-24.040452216105464,-178.2867177695622,0.7787631358928908,-0.7411064836854139,0.6955921609139839,0.24859318383179868,0.01773402324579364,-0.24204432978347354,,
19.907105,3.0144658106004423,-24.236597896670276,-178.9184880191696,0.72356979577591,-0.7070259814202311,0.5371490705132647,0.45702884815028794,0.0620280362572851,-0.3279807812337502,,
19.91661399999998,-0.24065675544925988,-24.64192101400781,-179.4253727616796,0.796292946104159,-0.7581379320857219,0.47015586722659597,0.5841117750545354,0.1014919780235621,-0.36469962421618746,,
19.92611499999998,-4.131914138234206,-25.200901130239767,-179.83268076647173,0.9512400502211071,-1.0743982226276396,0.571397352659296,0.6983103245770174,0.1285107138758317,-0.39988746889174986,,
19.93552999999997,-8.52348127595271,-25.80916144528711,179.81750111405577,-1.852624070820425,1.7081519220662775,-3.8420044741808352,0.7866109843222808,0.13400874240873842,-0.4384419638462445,,
19.94495699999993,-3.2765812791339055,-24.831330922595214,-179.96041827866765,-2.412134889838657,1.393772974254444,-1.4682379165911466,-0.9582847301850956,-0.18167390167646583,0.5061753502234845,,
19.957103999999845,5.996037078675006,-22.909151021095205,-179.1707811196034,1.315369012562704,-1.4387681463589639,6.533618506308495,-1.7048136942446732,-0.3843784345784873,0.9251835125205623,,
19.963985999999977,7.19686143447714,-22.207784743073137,-178.37713122562354,-4.459688699658157,1.5656753211933045,-3.159471903288825,-0.22819621416257657,-0.13397190239562706,0.26914490659585505,,
19.97349999999983,13.38891528112351,-22.719685946058885,-177.16022990101217,-2.2368970341488548,0.814733666871911,-0.7269903558945946,-1.1589434640700347,0.07027341459232217,0.7631175169289094,,
19.985640999999987,20.14282261510662,-25.64196419187107,-176.46641222533535,1.0214083980414757,0.13440672482290864,3.9593297474607057,-1.273323014250507,0.5291120977279965,0.7795494961693848,,
19.992527999999993,19.64007798096431,-28.48864603035413,-175.7381479815521,-0.29338549044931744,1.05949586722601,-1.254740705260283,0.04158503204232061,0.583612073529246,0.1624766683331151,,
20.002113999999892,20.772508569314677,-30.33024228078611,-174.42816023003564,1.3682892875846113,0.6121820229697734,-1.950017432470387,-0.23907172944017213,0.35935565136907016,0.4138348458329849,,
20.011537999999973,21.58518148045438,-31.86136671801465,-173.67652489878904,3.3018216416771473,0.4512554062828795,0.3998614447853973,-0.18153029511685206,0.2988729511522847,0.262154497842806,,
20.02352699999983,18.857359736900467,-32.005505552005175,-173.33010609306433,0.8797807490619278,0.6181378558283667,-1.4071487800303795,0.44607887726852713,0.08957305423364903,-0.22367017991991772,,
20.030747999999903,17.54252349666367,-29.994201259579622,-172.70206940018423,1.1301259711370393,0.2905850528214671,-0.13992114970107264,0.2618344587547789,-0.3639131997046364,-0.014184900909906518,,
20.04024800000002,15.522646181145397,-27.68777440322732,-172.49403396376675,0.5303907065528514,-0.2754577150669948,0.7854436543537887,0.4000287636982678,-0.4036102385448705,-0.15784381320456428,,
20.049593999999843,12.293846870112839,-26.448174416594586,-172.80789577439018,-1.85214282630639,-0.13151073654699807,-0.22639650986477453,0.5923383714803048,-0.16313937243660515,-0.36104317186599166,,
20.059276999999838,10.892737920726034,-25.359118349798585,-172.9133358413768,-1.5586745797181862,-0.6800579782881946,0.9126592649191556,0.26719026333141144,-0.17545045155059244,-0.14758596077311104,,
20.068788999999924,9.026063331907185,-25.29883227351894,-173.01954718452927,-1.1977784318268743,-1.0207699934611718,0.24670948946858182,0.3266169668399013,0.03928867466145275,-0.18476804010299505,,
20.07829700000002,6.775314738149536,-26.999913864380154,-173.37056864576982,-1.0612890974682403,-0.39271622094931685,-0.29367579475215616,0.3515960412931944,0.39624906928915016,-0.25691009265353004,,
20.087811999999985,5.995139225747985,-28.83355114062672,-173.6923083806569,0.192441743075687,-0.30815433490254646,0.21550881446586412,0.08615224041147669,0.39078113287936694,-0.11482975537660609,,
20.097143999999844,5.789207457416197,-29.90141061721661,-174.02729666403806,1.0807218785667105,-0.4620780860650944,-0.44780229093889795,0.0030849212429246947,0.2269630091993315,-0.059163940365528904,,
20.10668099999998,5.723427570607255,-30.68363003782029,-174.41683734225484,1.0792338068730654,-0.13281806708976787,-0.9705974193095878,-0.014379695380821145,0.16757350583376368,-0.07418562139146412,,
20.1163489999999,6.596580812313088,-30.596101242718785,-174.72000262636615,1.04191798216327,-0.08126433586318318,-0.11845038105549006,-0.15816401001774566,-0.0212531820090707,0.021160248015896565,,
20.125875999999835,7.496328229022864,-29.092145039588146,-174.81408215458052,0.5426217366308946,0.005465740535859211,-0.1266167002650985,-0.13795748993069773,-0.3039845039053068,0.048405929460400586,,
20.135377999999946,8.31020985835995,-27.5062817450891,-174.7800926166966,-0.31096459498534335,0.18361806666613842,-0.14870661597320126,-0.1238159065085221,-0.3192095677091865,0.0561958172276924,,
20.154375999999957,9.738380487903287,-25.78654237822486,-174.26575847963852,-1.2774545140501408,0.15601040225120677,0.4113958354289153,-0.08621516718201475,-0.15452230626443048,0.10869433524892544,,
20.16390699999988,9.892011134937245,-25.856325576070542,-173.97674217289475,-1.0212957948841077,0.12959662842731517,-0.022202880931390216,-0.03918623751648195,0.021022062799432244,0.08330327859180332,,
20.17341599999986,9.852893625170022,-27.007585963328836,-173.96679403785336,-0.4458988228078298,0.2386122440035924,0.2378415320750971,-0.027230106408353254,0.24002316135245486,0.023065603284792225,,
20.182933999999932,9.679464953996352,-28.122477891584612,-174.10306804436456,0.30584513674711633,0.24622377857652553,0.11779998596031936,-0.002671173929473306,0.23528625396186822,-0.026165656385710206,,
20.192459999999983,9.459733431921885,-28.73983458080079,-174.4443503603142,0.897333366605699,0.15839616085956534,-0.45865152630755385,0.015997062368582983,0.136964315360335,-0.08089496531471291,,
20.20177999999987,9.333478288904216,-29.16066920080889,-175.0613608184486,1.0159857750582726,0.1466617160744579,-0.44160923828785137,0.004198892925168465,0.09616828179996044,-0.13871516618099078,,
20.211458999999877,9.308552187395824,-28.920216132165898,-175.71266570471107,0.7847230470748792,0.10455776599022239,-0.11881408890253861,-0.0017433138945354026,-0.037335945097883544,-0.14787897109376955,,
20.220976999999948,9.126393420437223,-27.853183993668416,-176.1667625629323,0.32549813134799316,0.07980106399897748,-0.12185884333505717,0.037472614392889715,-0.20047084553067082,-0.129413387941034,,
20.23049500000002,8.897996099583198,-26.82779347244318,-176.42913944919226,-0.3676507444023594,0.08348345077078416,-0.12071160779259014,0.04416329719265196,-0.19182553742287234,-0.08584593357829194,,
20.239988999999923,8.835819743422963,-26.22263418048436,-176.43334374654597,-0.8041418077151073,-0.04361035206733127,0.4432588840045854,0.008943014794369996,-0.10978964921151226,-0.005695468915300872,,
20.249503000000004,8.56961190275422,-25.834719284520162,-176.13673661462366,-0.9819137219184259,-0.09576040691982723,0.26079556112408336,0.04308928245408643,-0.06397276573480135,0.04259283885741009,,
20.25897699999996,8.406740456032097,-26.056487845760724,-175.75083540817653,-0.7583585040742556,-0.15994995441527793,0.046113605055703465,0.016347842268660318,0.05680608265886434,0.07379818648913189,,
20.268519999999853,8.407839973265508,-26.988803735542017,-175.51365723224455,-0.286226841766393,-0.1591123004359451,0.25746258170960634,-0.024159764237544335,0.19659911908456412,0.06304961008700619,,
20.27804900000001,8.473786676474388,-27.89171583108134,-175.50455527697017,0.20168627621433569,-0.07639313489175452,0.06399921535513214,-0.03562629102396011,0.18979503847105747,0.025653278140397185,,
20.287558999999874,8.789318994648799,-28.483974912596757,-175.76014736228865,0.6441483562878929,-0.06284892753399726,-0.2194756638026847,-0.07443119800319269,0.12448645896552912,-0.006697687481139181,,
20.297071999999844,9.203460205183921,-28.90431479419104,-176.24381226206285,0.7290567599785245,0.029328943313442758,-0.14975916268584002,-0.08832955243764766,0.08936928922885153,-0.05200666661823869,,
20.30657999999994,9.595688076138847,-28.824174807189358,-176.69771058164287,0.4994878023306002,0.11833842141401889,0.008255678839688012,-0.07752823058220934,-0.009809265513368333,-0.056009141760097705,,
20.316057,9.819963650646491,-28.186627856274367,-176.86606037796363,0.17531339731864526,0.13760452283312896,0.05939075517116641,-0.042053785474594985,-0.11927623322209233,-0.015495917035891153,,
20.325603999999885,9.781101086853871,-27.562762947770533,-176.63140953071655,-0.27485351561992716,0.16973792143693245,0.22899824603881544,0.004129609073099318,-0.11396810110984167,0.03998539255415914,,
20.335108999999875,9.58210516149136,-27.14162525106043,-175.92665125350533,-0.6184481380927966,0.1108955816518759,0.4378326477454997,0.03087087962975679,-0.07157680443533752,0.11936514789789557,,
20.344621999999845,9.228719945100822,-26.926006017131808,-174.84074917163295,-0.7057180031084809,-0.006386243228012773,0.25110673319105814,0.056221453817276154,-0.027817384111509316,0.1818157942421869,,
20.35411799999997,8.888143632910834,-27.204639044810914,-173.67306084003107,-0.5616761786940795,-0.09041539809438565,0.09100348208316053,0.044557828028427525,0.07160526532849182,0.19942529164936182,,
20.36358999999993,8.715623625278607,-27.862597620080525,-172.77728987317218,-0.21041905354465254,-0.07013522189441534,0.12249187116705128,0.004491033417437834,0.14433515214549777,0.17417570066061616,,
20.37316499999997,8.735883452288594,-28.481280207140507,-172.339271962191,0.1627408875947642,-0.028654362735124898,-0.07667455100427263,-0.030043330150342232,0.1322139469777973,0.10919554866445466,,
20.382663999999977,9.037110664054433,-28.961350157825134,-172.39901318636345,0.42008063076703706,0.06182317519232116,-0.19390302873564005,-0.0757474791115382,0.09806852501393196,0.02644581147163594,,
20.401697000000013,10.154954793669441,-28.979722373082016,-173.58963857788373,0.2785655813297703,0.19724859851580276,-0.04530316799983495,-0.10807874665603859,-0.04597580432793292,-0.0865956328707749,,
20.411188999999922,10.630433698113935,-28.461132544801213,-174.16274817750312,-0.010244946519194177,0.22869146184805217,0.024105050102829057,-0.0822511840800243,-0.10236703142118875,-0.08516383025504612,,
20.420716999999968,10.852771704464839,-27.94651942950789,-174.5145196200004,-0.3345260790146886,0.23668712097113168,0.15460262499386837,-0.039174074827615146,-0.0965513587300334,-0.05280669130252117,,
20.430219999999963,10.783423506984834,-27.516119310464774,-174.4434685315489,-0.5418770112171668,0.18552026107461803,0.22067142244747304,0.010247748581943644,-0.07473859967150435,0.004245714510053738,,
20.439675999999963,10.461304675329052,-27.291886470948025,-174.00438993978563,-0.5582919734075875,0.09504630558343613,0.12027428824013213,0.05117334853288302,-0.02907213433296256,0.05468892763636657,,
20.449238999999807,10.027629746689271,-27.40463757040174,-173.40558934190398,-0.385375385232923,0.025980926255636184,0.10386058436432871,0.06379381781266003,0.04070829995837051,0.07654104871985175,,
20.45876999999996,9.597286201153118,-27.69305870575044,-172.8611889817815,-0.10625513280564243,-0.013307874346335295,0.0562044699912844,0.058471992663778824,0.07625328153260917,0.06581343506882041,,
20.468264999999974,9.274211330443071,-27.961109544407865,-172.5588200536739,0.18318543066128615,-0.060936194516638065,-0.0766770840611991,0.03942197466662988,0.07026834109430648,0.027131206089580476,,
20.487332999999808,9.24403881217438,-28.17620663542292,-172.93231004139707,0.33608991592096343,-0.04519411623733588,-0.09508933028858338,-0.02584654986755127,0.010905189623917507,-0.060616733008711725,,
20.496793000000025,9.443382487860434,-27.931274611694917,-173.345873404313,0.19710809261296705,-0.01690813266247155,-0.06491077844763025,-0.039503629999951044,-0.043039932680372664,-0.0672033694735143,,
20.50627099999997,9.639426087458183,-27.574374369158345,-173.62641612603554,-0.023251852169217296,-0.0025972585585375147,0.012218053257063079,-0.03674707528895026,-0.06506584864332725,-0.04116659568395902,,
20.515848000000005,9.724714974535031,-27.247475286344624,-173.59144094777048,-0.2458846062828186,0.030378405817494954,0.1129779149432744,-0.01811835561083409,-0.05687744678272948,0.011491933859116874,,
20.52534199999991,9.658030933537026,-27.020185530395146,-173.16732002987177,-0.3642063532053629,0.015893615896211424,0.10690155225620077,0.006652334033402533,-0.03404307006820225,0.075393477601658,,
20.534827999999834,9.449531814683958,-27.010141379240043,-172.44525989186087,-0.32953974812603415,-0.0036458326445936206,0.07816619874807706,0.0266413892102533,0.012365966571747478,0.1221801528945125,,
20.544398999999885,9.147489946551211,-27.229449448119905,-171.67571305256928,-0.17298324671026358,-0.02967974428727357,0.060092171299451984,0.03664040713161589,0.0605210862246834,0.13465302685625385,,
20.55390299999999,8.825526276799568,-27.540603418313314,-171.02994855027538,0.03391127826746733,0.005352850224835156,-0.01790259865658132,0.03653645523364255,0.07971959502269274,0.11062054362908136,,
20.563359999999875,8.554364042767526,-27.84399770559746,-170.65841208259005,0.2213694997407441,-0.011950286013749235,-0.10623811815054385,0.027044456078956634,0.07712330629560878,0.05653407167300164,,
20.57287099999985,8.378712280809726,-28.06151106656797,-170.63265680871086,0.3063191296963936,0.0035985700621986613,-0.10243231281750385,0.012811096827973616,0.05754830010586705,-0.007431288320878003,,
20.582385999999815,8.27452659828062,-28.10006112029567,-170.87318194877196,0.2674921437130737,0.01050535920842528,-0.07938852605686202,0.006203227965758011,0.02015380061980311,-0.05693492820385263,,
20.591901000000007,8.165864179472957,-27.985790908952325,-171.19340601393407,0.11899898037009721,0.018436039139360504,-0.0639894168153135,0.011883298086698977,-0.009963102963100089,-0.07730506383345727,,
20.61096099999986,7.657726254965353,-28.01081383470302,-171.32387267739333,-0.19990680946798156,-0.03749758320128304,0.04989754448771239,0.048839619314013295,-0.00299507458831361,-0.01732228023993318,,
20.620476999999937,7.254911950784689,-28.26984047200501,-170.9307843327326,-0.2265833345392116,-0.08207089203880823,0.032390217522155346,0.06906024889474083,0.024046894564151405,0.03765873612702785,,
20.629984999999806,6.816461138773144,-28.625753065510885,-170.389335627886,-0.12334242739410707,-0.12469535244008485,0.00837006273628452,0.08122518552839317,0.06567198740421396,0.07754944423077866,,
20.639509999999973,6.42780064754384,-28.926658236692106,-169.8452195129195,0.10190242647165114,-0.16163982860950377,-0.016890957405457988,0.0837176712072881,0.10181955927344617,0.08519143056771408,,
20.649008999999978,6.159051913726525,-29.037070929281516,-169.51595270807758,0.3700313207057304,-0.2204433821814618,-0.09950289351676272,0.08208540174771932,0.12508596320016807,0.05106682374804777,,
20.658472999999958,5.478802241279067,-29.607479916104296,-169.3623740003898,0.6373004570237901,-0.29347115729678014,-0.15446637034355223,0.08507084471051077,0.1436713564749691,-0.023008433022859154,,
20.667958999999883,4.6970760235693945,-30.247924525281313,-169.6250290711708,0.8919466443490931,-0.39761519778180804,-0.12719022882920694,0.09936104467704415,0.16060559814866682,-0.11921665054451386,,
20.677457999999888,3.6360913113572635,-30.971835889629393,-170.24361254276332,1.0918337937441576,-0.5593712795143232,-0.08853185707137952,0.14425447578885542,0.184706585334133,-0.22307098247530532,,
20.68696,1.8237796783255584,-31.825382011897617,-171.008719552688,1.3301976924849608,-0.708955829078704,0.057974802274844306,0.267590435553492,0.22953796237577667,-0.34352582440363166,,
20.696305999999822,-1.2053650393603503,-32.85864025509351,-171.7297374280236,1.3098804721931079,-0.6473223068357726,-0.1643345344397132,0.4659105767637731,0.29235916998299444,-0.4694740371496873,,
20.70581500000003,-5.189716408050869,-34.11927343897237,-172.14771523505613,1.479711731917921,-0.8556983389825948,-0.027784053477502055,0.6142578512990579,0.3545610808308297,-0.5237208147261995,,
20.715322000000015,-10.592323498482067,-35.51128191025993,-172.08741610348156,1.6676441389742975,-1.1886655018746166,0.05253099680382336,0.8328615105182541,0.4100548956447201,-0.6179251138634285,,
20.727336999999807,-17.20989660616586,-36.88724060678523,-171.63726167691718,-2.4214134343181226,1.5276357233192095,-2.4237652926179947,1.0116632084016404,0.4365623058119452,-0.7029904608125273,,
20.734563999999864,-13.169198266078844,-32.97296820432928,-171.48812899824597,-4.35632517255032,1.6585290479525758,2.833284249109457,-0.5480353665972388,-0.8622475094343255,0.4395467973157204,,
20.74409300000002,-1.970664265997744,-27.095110805832157,-170.5508632972176,2.207024658602351,-1.6546508923056449,1.902175468432655,-1.7340530950691682,-1.4655352467677485,1.1278117105228993,,
20.75340899999992,1.5107776637659014,-30.449251849440426,-169.7328385850162,-5.324130782184735,-0.02167698234523167,0.6909760402498647,-0.7282194041650637,0.5668082849252144,0.4827309675248648,,
20.7630979999999,4.560041592126562,-32.63408055754054,-167.97023284409943,-3.533134820296327,1.4276117851546366,2.4092040320334744,-0.6060998873617178,0.3390768798947262,0.7072702975377096,,
20.772608999999875,9.625974505233136,-35.29251235533224,-165.73638949058517,1.6550792378928054,-0.35376638036350905,0.8077087675395628,-0.9523955000810926,0.33679349338913067,1.0523762480698802,,
20.78194899999994,9.583071972375645,-40.62371289504871,-164.5870538452485,1.5824333540291229,0.8835218435551668,-0.41806119592568497,-0.2775822682588785,1.0425982935426912,0.261535576035848,,
20.79389399999991,9.223368702678968,-44.23802454841582,-163.6441075102164,1.0167714973906867,1.31719865260707,-1.5918559865997317,-0.15894296634799274,0.7189925008113619,0.15767897687705942,,
20.80091900000002,10.41236016207123,-44.022249164103954,-162.9334310222395,3.841171416226452,0.898308388431793,-1.5360122530192473,-0.1640454122465982,-0.08292919437307278,0.32903433481517097,,
20.810489999999845,9.732100379627816,-42.63407235112232,-163.440312766516,1.8499237722202762,0.7726774056507476,-1.5877707107869128,0.1632611909944009,-0.22954967988507055,-0.22840370030580964,,
20.820187999999916,9.391494476662661,-40.10854363133874,-164.39236800199532,0.6013352697508665,0.7409955403189693,-0.36661324483084295,0.17841021765474496,-0.4634620395834571,-0.29581311384270675,,
20.829678999999942,8.962517720773075,-36.28028386180665,-165.03884772394267,0.15874287614730637,0.037571239875145976,1.3573149365123094,0.25726957874709405,-0.7130310190949376,-0.24539898320498196,,
20.839019000000008,6.826771722438083,-33.50433944599459,-165.49049075851647,-1.9610549636033114,-0.38955449443425316,0.12835884488883548,0.47029909013531074,-0.4385775979333777,-0.3958704586556462,,
20.848518000000013,5.221387635497818,-32.91421421518284,-165.68853395968867,-2.553043583398838,-0.5767320819892666,0.5013636656621991,0.2785466865195216,-0.03817184683952225,-0.25078134535788005,,
20.858212999999978,4.154616855445885,-33.43001467366628,-165.60798898696012,-1.3911459896965668,-0.7590978176942003,0.9172943830527749,0.13617831507276956,0.15348436471106772,-0.10224371924593041,,
20.867745999999897,2.9933203320429214,-35.061902016115255,-165.48821522348194,-0.6635668481468462,-0.4015467159860318,-0.3787724000266797,0.09318350279059759,0.37371060820125773,-0.10794973271033947,,
20.87725599999999,2.992730488076222,-37.49203593954921,-165.62496114255984,0.6846214521621967,-0.1227906394860678,-0.36920439162591145,-0.13277362074399202,0.48065755813349553,-0.028083103778461134,,
20.886578999999983,3.737328075891454,-39.17711457436216,-166.19242511329517,1.472888934324727,0.038816363202958164,-0.7509936596425933,-0.20707760776763381,0.3081456654698879,-0.02154302976844885,,
20.89608199999998,4.976457335633652,-39.58454307419399,-167.10969630241624,1.4586978282330973,0.21404849990527083,-1.4625165050664897,-0.21691102126314138,0.04417873905986621,-0.046856692066446784,,
20.90558699999997,6.759908150535937,-38.993135221255955,-168.22441892030685,1.3889611642057504,0.2415273686551995,-0.6322889576383482,-0.25588233521021686,-0.16594141195959197,-0.0327904642003426,,
20.915289999999914,8.058082158631228,-37.22344275316189,-169.17695101205288,0.537731207728491,0.29040022365537455,0.0276264550562338,-0.14176133369486354,-0.37873699765102353,-0.07383531027111037,,
20.92479400000002,8.74975715210014,-34.9480846040736,-169.6214597954006,-0.5052492956275132,0.17458686746549792,0.3158846520808039,-0.03656747188603509,-0.4594500307870285,-0.05245073377765941,,
20.93430599999988,8.857395390425692,-33.33350457400323,-169.5447496115873,-1.403099198101432,-0.04686878459415337,0.7785354844366961,0.030098784989730867,-0.3120841587813817,-0.003522696509838977,,
20.94381499999986,8.410176796053067,-32.604272968611824,-168.9620393023206,-1.8276538220613057,-0.1681687519539708,0.693479021080521,0.08984083172927576,-0.12032228630451429,0.05610013653376734,,
20.953340000000026,7.933219416600718,-32.867489404791314,-168.0655867583191,-1.3950312095433046,-0.2675095469743488,0.38586577491954,0.05683395593250121,0.07669450241034932,0.125581452193757,,
20.962843999999905,7.551418397897648,-34.17060103581934,-167.2553179122329,-0.5502093389542537,-0.17144840265789194,0.2486263859116818,-0.00505836503782984,0.27754121330180087,0.11803237219629342,,
20.97236799999996,7.417733301865191,-35.806872144177774,-166.8521784838088,0.36655345911313447,-0.005462800920290169,-0.053125328582220285,-0.06369703532228926,0.333208343127333,0.0637156762378116,,
20.98163999999997,7.688967227875175,-37.0003368336662,-167.12190876399777,1.030378726451759,0.10537737687573193,-0.4698296382798938,-0.1079161263942384,0.23202362242848754,-0.007887737369999634,,
20.99120099999982,8.351256653101428,-37.534810466372434,-167.92451654426327,1.1071862050949741,0.19087258182622555,-0.7110350320021344,-0.1377531430436446,0.0906726558576672,-0.08175573432861183,,
21.000896999999895,9.307040070621435,-37.23674509879217,-168.9659221712469,0.8886799185615927,0.2559646627823297,-0.35080050168844473,-0.1484719092548685,-0.0800221650492254,-0.10553834907790141,,
21.01036399999998,10.069464639316799,-36.066826789168495,-169.7899538431983,0.35592663533293145,0.2758836206204428,0.04880255939997177,-0.08835637393309186,-0.24392532168344722,-0.09593184738168871,,
21.019900000000007,10.396584034438622,-34.66076269056094,-170.08727812589592,-0.35302973004015925,0.22847798005058967,0.3147491184781174,-0.01436356700503797,-0.2775934529330512,-0.0518613863643889,,
21.029419999999845,10.32252440093113,-33.62119258579922,-169.8013258424042,-0.916989316878773,0.10330740472813305,0.6532100599778324,0.03734051446830655,-0.1938190101428879,0.02122360918630288,,
21.038921999999957,9.870313426307785,-33.03702857336942,-169.03683440496633,-1.121665357491575,-0.019980722497653775,0.6133192180764867,0.08452439217276494,-0.09213654409487868,0.08745974049621617,,
21.048433999999816,9.328395073361696,-33.10968702648994,-168.15259893825856,-0.8767118583415873,-0.11406171724395206,0.35892991210015984,0.07476804410682303,0.04107374161213486,0.1205059866515399,,
21.057951000000003,8.905483558763075,-33.7766042223065,-167.52949673523196,-0.3127164229658364,-0.06463059373451617,0.2475059119075905,0.029462233560406663,0.1542294147778557,0.0925628207258386,,
21.06748299999981,8.782396113049492,-34.49060061690974,-167.377224843662,0.2745085001004958,0.00941616440692824,-0.025775811582015782,-0.022706981829273908,0.15281643748220336,0.025060976237853298,,
21.07699200000002,9.16541658596225,-34.82600903801787,-167.83646853879586,0.6897827607357435,0.061488676171471766,-0.4106987826376506,-0.08762036050143618,0.06089464402965826,-0.0503190202745419,,
21.086497999999892,10.041032852774743,-34.76288922615093,-168.92105137269564,0.7639811140497478,0.16040376702845324,-0.4688414446246019,-0.14996728795157327,-0.0324783794606556,-0.11916068382046135,,
21.096020999999837,11.230318148165694,-34.20700597138761,-170.2395302808063,0.5607754395421733,0.21388372655359117,-0.22473882062756015,-0.1841929895572032,-0.13610556017816774,-0.14433229334986927,,
21.10551499999997,12.3906332977187,-33.19420575389604,-171.37745742508807,0.1399741600206052,0.22719404842033278,-0.005411172560836783,-0.1694265024446165,-0.22222840162068544,-0.12274747140120704,,
21.11501599999997,13.267762726400367,-32.16906685148328,-172.09916179629374,-0.3831277917985203,0.19580222973531367,0.15306810594242834,-0.12774073670918384,-0.21548142634975648,-0.071838611442,,
21.162550999999894,14.3974656432547,-32.42927049180021,-171.0174321995582,0.21098135931562342,0.0668868848535705,0.013843568751998284,-0.06257056851939012,0.11074890709904836,0.06211352818830161,,
21.17206599999986,14.7622426993154,-32.67004856097803,-171.18079197448023,0.4785914885582171,0.15113377843906028,-0.1580084719890265,-0.07969808341321491,0.04681442979849133,0.014499794416526482,,
21.181610999999975,15.29678852319246,-32.540619922134034,-171.60331346228043,0.5065376716452543,0.18334786777738787,-0.22612704353606872,-0.09666990506897037,-0.03044759248946995,-0.025325510939634137,,
21.191131999999925,15.794660685097796,-32.01129478833731,-172.07443757853642,0.321449255241815,0.23061373087098488,-0.08485852783598717,-0.07970279906333222,-0.10823857344851744,-0.04458905087014876,,
21.200597000000016,16.046285564034633,-31.168247571869518,-172.34097563400817,0.0008822567665382951,0.2549863027825708,0.057629960352321624,-0.030866324963514255,-0.1644338025922773,-0.030687969909277277,,
21.2101439999999,16.023748366426503,-30.36692776852381,-172.24165340116835,-0.35924032894841346,0.1856984614504278,0.11648333973527479,0.014172045401197443,-0.14986050380631485,0.013684709039784703,,
21.219642999999905,15.728584722059326,-29.890476511471594,-171.7203777756998,-0.5956255414399223,0.102061828518988,0.2133608495145633,0.05270188278130662,-0.07874928199359729,0.07073479867098299,,
21.22914700000001,15.211619869263547,-29.77780344262375,-170.87243773336843,-0.6070466328570049,-0.0014551804903186012,0.18079262536029017,0.08085452004889128,-0.00023745340319234409,0.12657495727313814,,
21.23861899999997,14.588600627771829,-30.03875136288289,-169.83975645350293,-0.37745001567729314,-0.07237484150125924,0.07858189802003551,0.08644821640272383,0.07800234271414026,0.15604566162485559,,
21.248186999999916,13.98146522268184,-30.57935835052267,-168.86700391245978,-0.06468106729643391,-0.08778124369864382,-0.027078795718902732,0.07164708601504682,0.13406829622212865,0.147061520540726,,
21.257716999999957,13.513220137042207,-31.11310208582141,-168.14916822565036,0.25047745659597437,-0.0652791997444258,-0.1541331158843911,0.04598989774145274,0.12900272963318107,0.11099208544391871,,
21.267229999999927,13.254761328456102,-31.44336333900589,-167.78948839696062,0.4588825322498365,-0.016627763679924957,-0.240798033871206,0.01777551677277532,0.08211236781764956,0.056306511695377405,,
21.27674899999988,13.198881002347498,-31.49582258657857,-167.77918186609253,0.45976257112565216,0.03733278542990808,-0.19103563269326712,0.0,0.0,0.0,,
21.28626999999983,13.242586685408472,-31.209572779507813,-167.94837830766858,0.280008702010906,0.07701387506348063,-0.09191656336025979,-0.006947966557118297,-0.04937340202717333,-0.03260185330643071,,
21.295789000000013,13.247869994458819,-30.688319913732364,-168.1263169182271,-0.0028128472249657663,0.05376156569676828,0.014000507795393276,0.009115677088110372,-0.09403663175045893,-0.03845461752180753,,
21.30527599999982,13.115270496033268,-30.16501061170981,-168.1423764859778,-0.2530808012627686,0.029241361458261516,0.11873317175679382,0.03236270427635566,-0.0895526570308847,-0.02011924859504568,,
21.31475999999998,12.794384713185877,-29.77740953443358,-167.95836117820681,-0.4106386067697387,-0.019837231938825937,0.18501027905233086,0.05891146168695153,-0.05613650631781338,0.014768174175980616,,
21.32425699999999,12.300501522824135,-29.593966866248156,-167.49615203057587,-0.40728942080276814,-0.07999804619159327,0.13019881813078832,0.08014850093188328,-0.009356123840630459,0.04787782061679697,,
21.333797999999888,11.728283070390768,-29.670777398777524,-166.94644092383362,-0.24476721390201053,-0.117547054014412,0.054648236632008185,0.08208553727667459,0.0452764496507026,0.06168528132213419,,
21.343292999999903,11.180176320889945,-29.926942345374783,-166.4799890208246,0.02496141537857859,-0.1147887241674861,-0.004457878777145334,0.06923342664840325,0.08005837820024377,0.04877155255869644,,
21.352838999999904,10.739267376057464,-30.1843869320762,-166.2518066501525,0.2278281179504734,-0.11520630936525625,-0.07636088621642115,0.05042777865481984,0.07638581558517313,0.012874481453610892,,
21.362356999999975,10.464394376412404,-30.328154292796636,-166.3289812506665,0.33099331704938134,-0.1025491668817059,-0.13590890510712478,0.027686481953604795,0.04758098547264416,-0.03426284436810517,,
21.371881999999914,10.376564741576535,-30.2969825870707,-166.6837387230797,0.29401389950489437,-0.07838781574316035,-0.09081692454298566,0.004582699020411928,0.005907506080295274,-0.07138009880712576,,
21.381386999999904,10.40418078823588,-30.050080624524774,-167.12248091544063,0.13202400754374657,-0.06345431729401188,-0.014437229270948582,-0.005022166148641822,-0.04072302067678877,-0.08295012386908407,,
21.390854999999874,10.436539023898947,-29.670016026670076,-167.4435706774282,-0.11748101679815022,-0.0321729867945338,0.03267888514849757,-0.0002225342848948203,-0.06690576358053463,-0.06413264333611439,,
21.40037899999993,10.39827863418259,-29.320302471047402,-167.49772094797422,-0.2619458418149133,-0.024615833123697934,0.13974689096622073,0.010229014121486548,-0.0583261335926395,-0.017759778583125854,,
21.409893999999895,10.232002091902027,-29.12779742456035,-167.20141058124807,-0.401697709277244,-0.03407541350540755,0.12930573609913815,0.025288746157292073,-0.02268835607300235,0.03988892661943984,,
21.419392000000016,9.918570980668932,-29.093003133473434,-166.64284426036616,-0.3127775926780189,-0.018560799229476958,0.11458065962856191,0.04341676478373302,0.01408871874028112,0.09080791784153319,,
21.428895999999895,9.49385765404856,-29.259244222031114,-165.93753814296144,-0.18829220338709488,-0.005587609422553009,0.015090380734631918,0.05261734269327103,0.058322548066558025,0.1117657272246523,,
21.438484000000017,9.056101803787207,-29.510199009856017,-165.3008104890558,0.023108207332639987,0.006061975328671552,-0.013521981620064884,0.04521307828393734,0.0821898737583279,0.10275238774512735,,
21.447963999999956,8.66047577907438,-29.737957689885626,-164.8916662614795,0.21707584206032732,0.041432115908237116,-0.0012073756464961744,0.04308911824895177,0.07007273856934816,0.06020467643742717,,
21.457484000000022,8.309382387871896,-29.79566966077163,-164.75331677047978,0.29331700728118676,0.03684660707184375,0.03127335953231596,0.04411108002828438,0.03546081163899241,-0.0010870503430577905,,
21.466981999999916,7.994369772549143,-29.64992294875895,-164.88082660596993,0.22253514809736438,-0.015095514767129295,0.10158116553072184,0.04879753664482821,-0.005403110466717572,-0.0594937554583002,,
21.47645999999986,7.644886187798548,-29.28066059074299,-165.1881674250193,0.041551049219734355,-0.09634645873572681,0.22218210096638036,0.06634047035023928,-0.047179642512722046,-0.09863288378233301,,
21.485955999999987,7.193695831237587,-28.73637448866886,-165.50142483961784,-0.1407070559624264,-0.19236722216715693,0.387356964895034,0.09250754009807717,-0.0768103355723936,-0.10921730846816889,,
21.495471999999836,6.561601189521433,-28.128873010682202,-165.68774853905444,-0.2637277378803083,-0.30397192206932716,0.5692444391479168,0.12665993968163608,-0.08136355553817018,-0.10025496735310419,,
21.50498700000003,5.693134717862696,-27.52540242992176,-165.7005218173445,-0.2730153825332669,-0.41605958576653074,0.70499427348143,0.16756257649741446,-0.07019563008966413,-0.08638240298780243,,
21.514312000000018,4.880834680545787,-27.1050597488066,-165.62713834523404,-0.4360569929028761,0.5008023327446165,-1.1955793174556204,0.14958761655016783,-0.036764366279167855,-0.06251861639392216,,
21.523903999999902,8.925209812926257,-29.883625712866557,-166.0213194229525,-0.11479131068490826,-0.2872409142344164,-4.323331194491214,-0.8375919975054422,0.3749591268318496,0.3438829905910682,,
21.533507999999983,14.049193141732639,-33.539515975657054,-166.9768365257612,1.866856365592685,0.8335067954196183,3.653319342449178,-1.0299447021459132,0.5196690010391344,0.4357190638102967,,
21.542914999999994,15.415609518038295,-32.25142396199094,-166.67465459602917,0.723158493432642,1.2005150129456508,-2.5599920368696996,-0.17741811826075274,-0.2957925880226957,0.2332811132492715,,
21.552349999999933,18.92743055010301,-31.030392255092668,-166.45738042517206,1.7818447843692695,1.0394263103784194,-0.9826671755853913,-0.5376713352676046,-0.37025027865768007,0.39502592565221933,,
21.56204200000002,21.21442333954914,-31.292401108191303,-167.27246543984512,0.22699168193275518,1.1070997177834396,2.2479079084384277,-0.40585742754517024,-0.031147056998216942,0.0694704054239849,,
21.571557999999868,20.30565860332463,-29.230336895168662,-166.92168602619614,-1.5640335073109886,0.6822962309816327,0.37398756646771586,0.23340016946221787,-0.3606108668063099,-0.02629135516450288,,
21.581069999999954,19.469358015049647,-26.909662055538373,-166.0892441431089,-1.2701029035852787,0.13261898486260085,1.2784834408064467,0.24022633438126667,-0.4106189917030802,0.08271171497903475,,
21.590577999999823,17.600225930375785,-27.125868133298844,-166.13265286637179,-2.0499096858162837,-0.4720138924861922,1.357556778573143,0.3014769021727553,0.12934575027895837,-0.18341641423543315,,
21.600082999999813,15.0753941268798,-27.636152253338167,-166.42943542836588,-1.7604251287469326,-0.46360159004613316,1.4460574350328412,0.4003771074833874,0.2132087280116143,-0.28015802869427986,,
21.6096,12.984863169364699,-27.73567890340367,-166.9099386499069,-0.4532634147646656,-0.7272936505887179,0.4765551900846127,0.3446429947550033,0.1128682826882765,-0.28429629972138737,,
21.61911699999996,11.209054176868827,-29.106462427906433,-168.27547311813956,0.5104328823071869,-0.7016141623600747,0.08265955067622054,0.23533451574222633,0.34395184621691255,-0.4359145916398928,,
21.628623999999945,9.340905021786156,-30.447084007522513,-170.0959280635897,0.8414994951807875,-0.19539297451527754,0.1596429044711674,0.25777806968755557,0.3339291734794644,-0.5458710859142611,,
21.63796400000001,8.253347409650829,-30.110583405798103,-171.58047750862136,0.877437237733293,0.015216305430091077,-1.1238237668224902,0.18582084365958232,-0.026814997923415507,-0.41668150893180944,,
21.64747199999988,8.227079317784254,-29.30662139648745,-172.52922861548154,1.365308589271145,-0.24848201176313334,-0.47372377266465365,0.016442984582115846,-0.1489542658961383,-0.21395361342739141,,
21.657179999999926,7.598093930168334,-28.38124737143772,-172.77947405754952,0.33025448496377496,-0.1173730587787237,0.024826322687645314,0.1229298298065283,-0.15960442189754068,-0.13289333661325486,,
21.66667499999994,7.009600921536147,-26.36783245994488,-171.96189299155333,-0.3940595227011249,-0.12330686374117142,0.07529045012405519,0.1472560479977223,-0.3757484833407118,0.08525834289804103,,
21.685694999999896,6.390319709787886,-23.775993719047484,-168.74582321019003,-1.4300474741104723,-0.37158743757346513,0.08400623766227823,0.07059048879434546,-0.11128654639835199,0.3140622193600971,,
21.695158999999876,6.5500707165676975,-23.642951346306685,-167.22830971219474,-1.0828867338597035,-0.35141979613934493,0.2952004717787727,-0.03415732763759024,-0.023019862210309352,0.32522921603961613,,
21.707149999999956,6.87669014911589,-24.00699562090497,-166.42415282178735,-0.44279274671651053,-0.20137826268492265,-0.3426990442755218,-0.0860068865977214,0.06638072470481104,0.20847115002256408,,
21.714175999999952,7.517367289490603,-25.240013774446023,-166.68519667995716,0.157189037897203,0.11484428524803052,-0.4498379151374565,-0.18174811672908855,0.22226762883106352,0.03554940132521915,,
21.72375399999987,8.73088329985686,-26.33497527166146,-167.76592270109245,0.7699246798575787,0.30149165734509026,-0.332428972691375,-0.2728353677696348,0.17484184191322336,-0.07970531965806743,,
21.733075999999983,10.004899939417339,-26.574549243559616,-169.20947325648885,1.1629174116424226,0.39753501398363605,-0.6818606255536775,-0.24443375258278202,0.010671993382815775,-0.16064367823923306,,
21.742592999999943,11.060066007163718,-26.416158598834134,-170.71665362523606,0.9281892026365314,0.5996321791811139,-0.7819282615691491,-0.19154286859252645,-0.05496398291787007,-0.20642512631797744,,
21.752295999999887,12.033266741282487,-25.76013882543388,-171.77725585286174,0.43838230403400724,0.5970047542686121,-0.23197972368620814,-0.1636552993290672,-0.1472906217655282,-0.13681993405330317,,
21.761794999999893,12.314452628286213,-24.4978265717375,-171.97392575450417,-0.1755761391811176,0.48113324974225513,-0.2341085382143443,-0.02522651728776979,-0.24826590942665097,-0.029035113723852785,,
21.771312999999964,12.108472230948454,-23.57279397778763,-171.4051976793477,-0.762672406487624,0.2999189296188462,-0.2909897173969993,0.053444871052085056,-0.16872146637429436,0.0926416864212133,,
21.780801999999994,11.747163755219177,-23.397324671239918,-170.31091818945055,-1.0676793353047989,0.04061916162392842,0.14377365021760266,0.06031962527186215,-0.01518925960416831,0.2009613178452735,,
21.790317999999843,11.097229118522835,-23.57390062707417,-168.97309884749652,-0.9075651883077239,-0.15191632267025987,0.047594226422154426,0.1001734859131602,0.06498705044183,0.23616504523832685,,
21.79980599999999,10.41265930954767,-24.270828749994998,-167.96349566555827,-0.4331718335336168,-0.23042101023082684,-0.20157273045957766,0.08400252129825314,0.1704373332782386,0.17675386053403425,,
21.80934699999989,9.95940119042154,-25.510057301821462,-167.71542170619674,0.06382343416058235,-0.15897605292944372,-0.1445488669132539,0.017401043795726472,0.26871478829055706,0.042837276454277644,,
21.81888600000002,9.929334706772108,-26.540884778981475,-168.25521013628313,0.5092266754357088,-0.08865711671101394,-0.2736675676992394,-0.04865113934743098,0.2119934258378114,-0.0912646588057512,,
21.82840299999998,10.377058283918972,-27.07911732323632,-169.46366991396258,0.8149051019746643,-0.043192298244307994,-0.40770499695406154,-0.11031805885569652,0.09942631035371692,-0.1909164512998562,,
21.837916999999834,11.114024286137864,-27.32450487875044,-171.04069109944754,0.6551285909515455,0.013380441235136861,-0.3158016771064957,-0.14851068141478568,0.035532948511717496,-0.24070806913158332,,
21.847434999999905,11.935554540482089,-27.07538625383688,-172.3576676494897,0.26523947382003243,0.08948041807233961,-0.05004885331101391,-0.14825784490019592,-0.06112702056036143,-0.19212459921296027,,
21.85694699999999,12.605561600503671,-26.351547464381486,-172.9643302184915,-0.1352081005595951,0.06011707439570328,0.08047191893402052,-0.11093594686540403,-0.1497266281055006,-0.06509238116817807,,
21.86636199999998,12.97175018729319,-25.77017898126637,-172.74026963116893,-0.57166310544178,0.01549280650362674,0.14749061284425105,-0.06149550545615083,-0.11446457392332238,0.07290283636673953,,
21.87586299999998,13.194188923898464,-25.594464202831745,-171.79744703399996,-0.8059710899913634,-0.0680779309297707,0.3334692699780669,-0.04583611439650753,-0.031219234880020742,0.2037788625434648,,
21.88537499999984,13.311950036522925,-25.723602053989612,-170.5151466748093,-0.7252606698186478,-0.15452668539158343,0.2025571678770015,-0.03598684627550149,0.031092031636210427,0.2743119144439689,,
21.894886999999926,13.460965109664391,-26.286434167085076,-169.42725393931397,-0.37579249319483,-0.16098705897347984,0.0806444301757742,-0.05716444793406907,0.1149446776643577,0.24993121758437198,,
21.904397000000017,13.70987666141703,-27.111351394689464,-168.93565318240167,0.08958448035330306,-0.06696621228982196,0.14662357851751298,-0.08594384405683458,0.16244203943672303,0.14201221181555895,,
21.913921999999957,14.028469141222594,-27.69144320510278,-169.15482365824954,0.4356228029499368,0.06218545068220436,0.004635493195583659,-0.08896996136167235,0.11179980936142658,-0.0002676828874031766,,
21.923442999999907,14.495474764219223,-27.888139292147947,-169.9969339537118,0.592273436732051,0.14604119496891113,-0.14292141266987904,-0.09974713418872547,0.03234197995602281,-0.12059938448034341,,
21.93295399999988,14.925129078070192,-27.78256817846457,-171.12730000538454,0.4771839688764396,0.21238707538760124,-0.030737199485603328,-0.08267282827518159,-0.02466055918353402,-0.195988623756759,,
21.942456999999877,15.10934110173936,-27.319253383299777,-172.06374972433474,0.16452389885066177,0.24664300914259737,0.09235138321638295,-0.029671592735465747,-0.0877506137522689,-0.18514199513016333,,
21.951947999999902,14.925002895149627,-26.68442521275549,-172.4293488758019,-0.15724238891592426,0.18192885745014334,0.14878609948956967,0.03896038873139925,-0.11260889006827517,-0.10042322736186446,,
21.961465999999973,14.367306204102091,-26.268025031676803,-172.0952175523533,-0.4601379264408024,0.07260837107912191,0.21403222567661598,0.09947235470782201,-0.06023862226803445,0.012761847230240113,,
21.970975999999837,13.605670691022183,-26.150691945486336,-171.08808901586508,-0.5567555399622791,-0.08730417460739334,0.2767032426212434,0.1278723650519232,0.0056211341210576264,0.12998630227460092,,
21.980476999999837,12.803313383278164,-26.301413415570604,-169.76447558793765,-0.41054054629729325,-0.219811828500093,0.17429591302092878,0.12602369045170744,0.06238760179065158,0.20178243554675196,,
21.99001599999997,12.184628790268501,-26.776378760408885,-168.5511178458251,-0.12577774196693475,-0.2699692776606998,0.06274476410116728,0.07975199617548095,0.12279015975163504,0.2005375691563977,,
21.999513999999863,11.947618126997794,-27.4071897011325,-167.8096296102702,0.1997490871163716,-0.23527130581007558,0.021945653390192586,0.004139092102143788,0.14077538387095948,0.1398075501331205,,
22.009030999999823,12.158203075137955,-27.910489304887623,-167.70087898212716,0.4239259382234839,-0.13927608710023495,-0.09877510268123033,-0.06933009992942467,0.09903305118659501,0.048565752366486116,,
22.018557999999985,12.813425557948857,-28.183076640837946,-168.16318498170295,0.47812816299946925,-0.01652307397336972,-0.11783134369829133,-0.13612882079339048,0.037590334736253304,-0.03454237058928719,,
22.02796999999987,13.712624756095618,-28.15742601316847,-168.97006696389477,0.32993811044430954,0.1000888626832659,-0.0203532326860845,-0.16596997162089636,-0.02806285829206735,-0.08033556837328071,,
22.0375939999999,14.584102201392902,-27.813450269141047,-169.7042732046929,0.04837195815260276,0.21967105864765812,0.041763151457837606,-0.15002080420092745,-0.08777062746261716,-0.06911086467491304,,
22.047055999999884,15.227340769227181,-27.371025244373687,-170.04132050467513,-0.2465798809549439,0.25981169022078227,0.10598317682845135,-0.10808031593271082,-0.09889478914521237,-0.012040208277654703,,
22.05656399999998,15.533661980630836,-27.084553262052577,-169.8436425512208,-0.47986009425188564,0.25260041732607513,0.18237322856794977,-0.05499586773355158,-0.05770228051968381,0.06327796351120808,,
22.06608099999994,15.528258309062041,-27.03668637138138,-169.16267857544824,-0.5362097373239131,0.19335805002764525,0.20052311340381307,-0.008715058618472611,-0.0010718781968492232,0.13143350751902397,,
22.07558599999993,15.301317497059522,-27.259163062724117,-168.3325250597084,-0.3967164237503754,0.12551946463405733,0.15940125908995686,0.019472574874522818,0.05961876128135014,0.1578604686353851,,
22.085112999999865,14.992477636672664,-27.690116484978688,-167.62423202229698,-0.14761160568810963,0.08626293514601102,0.12533412472540037,0.024134743131818005,0.10377229642824051,0.12973374283139213,,
22.09463199999982,14.749024663699156,-28.106845989410964,-167.27130291002004,0.11677074623640787,0.05850770787900637,0.06724670298543386,0.012294799159958686,0.09873771122410346,0.06290341347906775,,
22.1041459999999,14.669252575903457,-28.334542455842975,-167.35370256362899,0.28243674160922216,0.05061236624331893,-0.03432882306692251,-0.007952760464413249,0.05553772357259235,-0.01963218063463294,,
22.11364299999991,14.798104849857786,-28.326929532083795,-167.7929775918898,0.28921983352994696,0.06313921077448031,-0.042903889552071965,-0.03347399833076514,0.0016484946710248853,-0.08503688527083708,,
22.123196000000007,15.05788881512975,-28.06115392077336,-168.32950216118294,0.168137960317294,0.06748598647880473,0.040069159447978446,-0.045334752814160315,-0.053495441974414575,-0.10669997475604304,,
22.132697000000007,15.299208459916146,-27.607261942354548,-168.71100069700935,-0.06261735416832892,0.10522770724934269,0.09629623455371118,-0.03517133333274378,-0.0894795104898352,-0.07846211900911192,,
22.142167999999856,15.428559909686925,-27.161606929820856,-168.76949519922454,-0.28123080887499124,0.10267941740944576,0.18786395359000582,-0.016549070887877902,-0.08390793604633323,-0.010952911412943021,,
22.15167099999985,15.391604274067564,-26.874145165965523,-168.37400436443647,-0.41900830502591496,0.08323098533535217,0.2934718765401027,0.0063797973013215645,-0.04707895481054698,0.07142024588569688,,
22.161196000000018,15.180243971442323,-26.781123551264248,-167.55246531601435,-0.42137338471680597,0.04187427840955604,0.33424273861494647,0.029229868969445842,-0.0024328870546934307,0.14096568527907072,,
22.17069300000003,14.842216995155491,-26.877516262715833,-166.58110970569632,-0.29428660424563263,-0.018306866106828558,0.3608289480608151,0.04284777413410044,0.040069076865953165,0.17337044721408548,,
22.180224999999837,14.435491750602127,-27.058194537253613,-165.65851140510907,-0.12539268465790582,-0.016493038170800868,0.3924666422644173,0.049990929206124614,0.060141067660839584,0.1600053532769729,,
22.189738999999918,14.014116815070201,-27.146165732823825,-164.96673949091954,0.03837204560072068,-0.03441212119923951,0.4123068475955943,0.05630864154405656,0.04361159187462387,0.11060126030407215,,
22.199247000000014,13.60770826252225,-27.052656237172272,-164.61143971110144,0.1364114521296376,-0.052529920393056574,0.4675545322898885,0.0629066802741305,0.008464308537431306,0.04084753562775181,,
22.208744000000024,13.185625529511706,-26.760780535066726,-164.54237927230218,0.13267146837464824,-0.08281424694012252,0.6275934884536978,0.07632715245707185,-0.028683664765762756,-0.028466817533337945,,
22.218260999999984,12.666736816387308,-26.252198816940446,-164.68178667883726,0.042981980964657794,-0.14230257720455655,0.8250922397617615,0.1048914901918573,-0.06579166402639962,-0.0783141563193448,,
22.227615000000014,11.987273918689834,-25.578613018871213,-164.88292044837033,-0.73466078394973,-0.7625088644228626,-0.6646438195178563,0.14182299747505442,-0.09015438398809146,-0.1037591547365749,,
22.237175999999863,12.453184434002372,-25.379700638533485,-165.20316582090422,-1.753302343720009,-1.3238136322429261,-6.668502150031945,-0.0827752148651001,-0.05232690771294426,-0.028080642521298767,,
22.246797000000015,17.156358375262435,-29.650933848931874,-167.16045254538253,3.216833569125848,1.8019720426477797,2.8216252684256853,-1.0266308757216283,0.6397030981995705,0.07219885546242298,,
22.256305999999995,20.782139375081638,-32.564015410878966,-169.58329035151556,0.06432145255091276,-0.378197159047584,-0.30572510321355134,-0.7375684501576147,0.4550908181304069,-0.06121181826435726,,
22.26571799999988,21.928869425946957,-30.756971671360443,-170.35183624746568,1.7069268454412643,0.7074141378164299,-2.47078822348197,-0.1412892733939531,-0.38314253457494823,-0.03793446344253263,,
22.27514499999984,23.824866533623027,-29.721007492993095,-171.59145185104347,2.1572541994325296,1.4341835428109586,0.04844356035349994,-0.3028322560566163,-0.24943099149963083,-0.08774255782917759,,
22.284846000000016,24.107916372532216,-28.850117789708367,-172.68032666575303,-0.5326511593324224,1.2145506574296219,1.1426958374967278,-0.03642968831144959,-0.17211587295163944,-0.21446018361482133,,
22.294353999999885,22.582288190825995,-25.83218351214519,-171.64072338510883,-1.1650559873044788,0.7182258849571088,0.9013711440014645,0.34054592421121727,-0.5539973155768768,0.04252737719708501,,
22.30386499999986,20.223069857891648,-23.928177307270882,-170.01371440048942,-1.8208985801644189,-0.11492343880967207,1.0777534686966028,0.47283841247312347,-0.3003499972321086,0.11382140703755564,,
22.313364999999976,17.289925338898396,-24.68266975114744,-168.68631197375103,-2.8027586571302505,-0.3575320786251805,1.6274672585071592,0.48711332247259986,0.25478001620471485,0.040975093181496204,,
22.32287599999995,14.884317551996743,-25.649104359106865,-167.1679102314434,-1.7829037032907857,-0.7703483184879389,1.593442496747667,0.3747880098449711,0.2878096776972567,0.12743765472932483,,
22.332402999999886,12.573835148408042,-27.12066317585567,-166.38409744927222,-0.15818479519326342,-0.9711743605962253,0.5396556970683395,0.32506054214882907,0.38931917017866813,-0.018763634615731196,,
22.341932999999926,10.17867058867428,-29.964421958706986,-167.08582845213954,0.5321342408262407,-0.3063060040737562,-0.17303871899565285,0.2687804214541263,0.6593203381990597,-0.34578884573099106,,
22.35123899999985,9.498047332084965,-32.1244702093834,-168.7081288976756,1.3140842865914832,-0.01761549826596902,-0.33697278271857406,0.012388130381322537,0.4565575265300769,-0.38747629337431105,,
22.36074399999984,10.059220726467514,-32.64080764216692,-170.6441624181273,2.025640731440279,-0.18564863829315714,-0.9788605244495009,-0.12300426790238089,0.09399099295422879,-0.33952243387725156,,
22.37026999999989,10.67638448528775,-32.609125997724014,-172.55333954824522,1.5718535246862175,0.10092780842086281,-0.9822869318876976,-0.11281676179996712,-0.012064057384443322,-0.35035954362709315,,
22.379942000000028,11.608678039226225,-31.56491483191923,-173.6948579439452,0.7936910002293396,0.24842184455950775,0.0698901086511132,-0.14234425578300888,-0.21716325102628964,-0.16654295679662756,,
22.389458999999988,11.992634867122069,-29.150225454266735,-173.39774222484698,0.033291397621221464,0.167949194920657,0.3533682599103723,-0.021470927473259675,-0.4785910963839057,0.05921224426441665,,
22.398975999999948,11.827300993310791,-27.2520203271124,-171.98531700883615,-1.1793047273248605,0.1126614265876434,0.05654415140281529,0.06694394029633008,-0.36407874450687244,0.23759939395029664,,
22.40849400000002,11.965513835867807,-26.561937674020548,-169.8594796445892,-1.7623169578624016,-0.08334805691950367,0.8875321081018525,-0.013690598067921252,-0.13156813998254194,0.4341109020133358,,
22.417997999999898,11.783270951191524,-26.367126678543332,-167.30249636085762,-1.497821260053756,-0.19223834955217617,0.5683631090972692,0.028262885995605443,-0.023432311987911472,0.4916151794236647,,
22.427506999999878,11.554163241261312,-27.18041399271597,-165.3908973522963,-0.9161141362144575,-0.14139831671432898,-0.23865800488705674,-0.010223599323348376,0.1759762559715698,0.387712000058827,,
22.437015999999858,11.846508973155942,-28.943779714181336,-164.70084833776875,0.19290204368113611,0.09245976620771013,0.2993216820843733,-0.15255200873491032,0.33594796510623165,0.19704203172881266,,
22.446522999999843,12.174507878849107,-30.25623535651186,-165.27159058740682,0.9356102313115142,0.26915419979638194,-0.017064688577760036,-0.13489012450589927,0.24718991398811976,-0.052977578482676875,,
22.45586299999991,12.702428502386839,-30.615078857497714,-166.80682695959075,1.2075514854086271,0.36378718214091166,-0.8204262312379373,-0.11753787313525266,0.05596357613523883,-0.24583567011323953,,
22.46538099999998,13.637394129451009,-30.530068372526614,-168.93771918628875,1.1980923680825835,0.4026923929139637,-0.4472006550254831,-0.16551442718585366,-0.0421088333926104,-0.34080365012449215,,
22.475058999999874,14.212259067705345,-29.764091808751875,-170.88731664883184,0.5770555470300609,0.4122401074437148,-0.04912347063367573,-0.0821894227522835,-0.15980712303575986,-0.35443667656460853,,
22.484579999999823,14.06601772641239,-28.319383924507058,-171.89899994771005,-0.05303215208609421,0.326788066710697,0.13208480880427453,0.057975003811162086,-0.2732695422653471,-0.2438339363478686,,
22.494076999999834,13.21474024783948,-27.25396588869635,-171.79788650071805,-0.8208708173163429,0.16451146991810148,0.08678713739907992,0.16886176308810974,-0.18066477843113837,-0.08110690414890212,,
22.503598999999895,12.16189679732647,-26.95614844398259,-170.5701546540922,-1.1672127582510157,-0.10128565397877534,0.5719387218462915,0.18364479338709117,-0.021114376427637756,0.1334014387766912,,
22.513103,10.789443045695831,-27.024251862256598,-168.50454918205742,-1.0121801955143344,-0.39973326687016353,0.5091358142102899,0.22713154020217943,0.06659573836990344,0.2890973258704783,,
22.522621999999956,9.377171330813079,-27.612139288839312,-166.29339974124065,-0.6038418638188547,-0.5106492854355705,0.016273752823190418,0.20817005391266968,0.1780242956073587,0.33219564014362507,,
22.532133999999814,8.485646759188372,-28.800071802177825,-164.57063477611388,0.06657703040227003,-0.4624004288821803,0.02914055484397513,0.08094541288376073,0.2780370846077066,0.28505913886117756,,
22.541651,8.173077926614049,-29.88570836014086,-163.72602945986986,0.6122920036736995,-0.3053846629230615,-0.08589938956679855,-0.018695534506549146,0.23224369536100947,0.1526083386607815,,
22.55117499999983,8.572776171855171,-30.429724842986253,-163.91346147937173,0.9125531278266611,-0.12807939200466373,-0.4284698600199203,-0.10878823677305038,0.09349892944799243,4.665618143563328e-05,,
22.56068499999992,9.670856298881898,-30.626003935979433,-165.03637828313774,0.8162848304740753,0.012812104633867628,-0.3964762849851233,-0.20488001021384886,-0.004699966877513571,-0.12742742978268945,,
22.57018499999981,11.130023537803137,-30.31279666002041,-166.60101908071778,0.4366190146958034,0.19235074421376955,-0.04537287161386482,-0.24042720152833771,-0.11435328034422886,-0.18429519810660844,,
22.5796949999999,12.472421357181465,-29.411268777092705,-167.9662415665708,-0.03713654498585472,0.25287532506895566,0.11835991614322817,-0.19907007402928345,-0.21916293143640322,-0.15674704071422838,,
22.589191999999912,13.29906645248611,-28.524308135566397,-168.730301848476,-0.5699753785944355,0.2686330613001298,0.17443484062730166,-0.11729481533440288,-0.19485777744208568,-0.08781040472190788,,
22.59870899999987,13.609420652157352,-28.086019552347178,-168.68135412238513,-0.9167491656911606,0.2276664604617655,0.3452177896456746,-0.047842462272422906,-0.0884497787441497,0.021337822078867398,,
22.60822599999983,13.435855335008691,-28.040285863482133,-167.92833592719708,-0.8541796221744082,0.12724738675202313,0.2717015746570178,0.02034965356753983,0.005490226381552954,0.1304944450126011,,
22.617729999999938,12.947916394164146,-28.497196428952872,-166.8641638462039,-0.5066305499817756,0.04548008320888036,0.0844223635944038,0.052385754737624524,0.1161456135604725,0.17805259927549694,,
22.627252,12.369908511828141,-29.318247219969532,-165.93816989237135,0.01402755965803574,0.0245834038875695,0.09588708881200099,0.04816861319863298,0.19159582044651666,0.15004044907818515,,
22.636769999999842,11.828398439509268,-29.937295539000356,-165.46570030490886,0.4704496121197565,0.031258310721412046,-0.03659295572711916,0.04895758195837055,0.15134977816158474,0.05961205719635196,,
22.646276999999827,11.534796477618157,-30.09185009127806,-165.64038025316847,0.6844089026159093,0.014540520106836619,-0.22032860029491927,0.029745487717170765,0.05072676844477747,-0.059300076495282246,,
22.655801999999994,11.590695718628602,-29.873771700259702,-166.4549917998167,0.6020424337871747,0.006092314658674171,-0.12492271021107033,-0.010570752524242267,-0.036496782877170175,-0.1686535021541083,,
22.665311999999858,11.844829704111882,-29.272300041746057,-167.6206135543539,0.2516541707902406,-0.009896131621205574,0.0566346561232019,-0.027541165616642195,-0.11890399207115536,-0.22643660950855812,,
22.67480899999987,12.071555962530564,-28.418721958034716,-168.6839562100988,-0.1744038712502463,-0.02549797615166526,0.14426180868746424,-0.015011897302554708,-0.1668724573907361,-0.21145182217365593,,
22.684304999999995,12.136418935847585,-27.729759013086152,-169.31098012289326,-0.5386805746753007,-0.04608917982942842,0.2302408247437977,0.003962993305468129,-0.1289010103923439,-0.13542640008519388,,
22.693820999999843,11.993754762277096,-27.40153093082547,-169.29840744669218,-0.6976328344724239,-0.06296219095871507,0.2992258139883653,0.025915498248293502,-0.05113553844784561,-0.020723950325174725,,
22.703325999999834,11.662862670979624,-27.424320201348515,-168.6698618136988,-0.5561724612125243,-0.08809899741587127,0.2256429833865873,0.04558510075913486,0.024391252091493818,0.09161369133377752,,
22.712851999999884,11.23515710157608,-27.818991456855677,-167.75082894218366,-0.2135702990823089,-0.08054592258003261,0.12664673677770533,0.04676537093723084,0.10139705385222113,0.1550716260405437,,
22.73188399999981,10.655742448255555,-28.805323852621232,-166.31380270516004,0.4927281376822945,-0.0017106546492716697,-0.10414235964461038,0.0028621597993673514,0.09769081354340288,0.09935235674881301,,
22.741309999999885,10.74165341503992,-28.94192802658031,-166.2927938373851,0.5954914189716424,0.04754810001331303,-0.1748090416711307,0.0,0.0,0.0,,
22.7508949999999,11.088256064219582,-28.75751533537656,-166.77139023858794,0.4545807669514355,0.09615922490691048,-0.08139234497231572,-0.062087429501957,-0.04173074175622981,-0.07741025068342623,,
22.769915999999967,11.850506710022305,-27.605503425462796,-168.23685300570986,-0.21814923024380461,0.11606140305581708,0.06186871015925538,-0.04109591705271633,-0.12764085057971467,-0.12670358427734624,,
22.77942699999994,11.946687240339102,-27.14202473188515,-168.6128943897399,-0.47729264784063696,0.11625477141859891,0.17859800678279253,-0.009347358211386941,-0.08574065066072678,-0.08185259029187625,,
22.78892699999983,11.78023089289007,-26.950249122177382,-168.5650961578128,-0.5506927079022743,0.07761500912748877,0.18637724737707964,0.0,0.0,0.0,,
22.798444000000018,11.393787030712438,-27.066420687393794,-168.09123006317432,-0.3963917858572867,0.03347367553912103,0.12396440824687621,0.05149142046981256,0.04534190566137171,0.05600784733829734,,
22.807992000000013,10.906871361107074,-27.442261183613322,-167.4149242548782,-0.11193593156405507,0.0013798906623410294,0.05098612110785888,0.057317226216135796,0.10049067931527242,0.087156145419,,
22.817493000000013,10.465913361559126,-27.845125651414936,-166.88343575135465,0.19119598629207296,-0.016247376457571093,-0.035813127023790386,0.04687841938092313,0.10452342345421153,0.07684990105133303,,
22.827013999999963,10.209938806024859,-28.06332566900473,-166.67684915505995,0.3974626648856747,-0.019873770909827945,-0.14397552524043167,0.02259764011681251,0.06136397914904731,0.030671111487510175,,
22.836517999999842,10.22923291729771,-28.033710063439372,-166.86901250305107,0.42012116101900576,-0.010112433388204103,-0.15790677770794542,0.0,0.0,0.0,,
22.846037000000024,10.488446255153884,-27.731388519318784,-167.38736964290783,0.24670505902478873,0.003957073532478137,-0.11656053338848817,-0.04264615396885875,-0.060653941969776505,-0.08288269999252629,,
22.855548,10.858602123412638,-27.21889623794099,-168.05094586186345,-0.0122672564240446,0.040216821432721706,-0.00714475546584377,-0.05372258035172848,-0.10560541337997346,-0.10216699327522953,,
22.865071999999827,11.192815347236404,-26.701715771732026,-168.53997882198476,-0.2696001693347003,0.06656568118621732,0.06394228940782413,-0.048542797665472544,-0.10482256316924365,-0.08499322742127102,,
22.874551999999994,11.385188870245655,-26.357106398726053,-168.76393426491933,-0.440713072409096,0.08060332144010982,0.10775582337586506,-0.03136162283126807,-0.06570782985792774,-0.03810824170731739,,
22.884065999999848,11.403930478610835,-26.263427495408052,-168.653983383606,-0.4352892408545321,0.07701908686425799,0.08544426760666271,0.0,0.0,0.0,,
22.893611999999848,11.27448199272656,-26.438777155806953,-168.26567055042892,-0.270327021670136,0.07135707821950427,0.038105360099797383,0.004476637094262219,0.047725406235656284,0.062446967899017526,,
22.90311299999985,11.07338344911387,-26.77639545872671,-167.85574300248908,-0.02087645163848789,0.06751203346922525,-0.012299363996364452,0.009948760458126106,0.08220923660408991,0.07306533534294425,,
22.91261799999984,10.900224113000867,-27.082133261316375,-167.5537098403361,0.2244824986598677,0.05480196736131444,-0.08819212508771937,0.005807197992059365,0.07498618789863612,0.048549307025889867,,
22.922116999999844,10.847394666585808,-27.224348885495107,-167.5248013047973,0.3291242882513902,0.07281564418449059,-0.1734182298164584,0.0,0.0,0.0,,
22.9315509999999,10.962071412994034,-27.15371009558679,-167.856849371307,0.3118408641171951,0.07271220173052824,-0.1323693145190999,-0.02827149033188948,-0.009545504770914589,-0.05955295769098023,,
22.941159999999854,11.193192196067734,-26.87934036193637,-168.4458358954917,0.15170191569766323,0.07925258758352954,-0.06058354681152229,-0.040302913235594,-0.05353018765893113,-0.1005272948774522,,
22.950676999999814,11.430360021478126,-26.52011893557814,-169.0962122447995,-0.07034904815845365,0.08215766838194713,0.0054801413453721744,-0.038728853312908734,-0.07001757377889042,-0.11259637858237057,,
22.96017299999994,11.579995721933347,-26.258371493280993,-169.60756961379192,-0.273475836802158,0.07844642021453868,0.06314346823702427,-0.02772952379774667,-0.04758628544290045,-0.09286396362966301,,
22.97918299999992,11.433286041566598,-26.371419437760817,-169.75774203361718,-0.260600112774075,0.04489178425745097,0.1651009641100676,0.0,0.0,0.0,,
22.988689000000022,11.120574512903403,-26.755012834115345,-169.53176398145104,-0.05704450646703406,0.014514630081658052,0.1673187509498406,0.030268928389633656,0.09456535059684308,0.025347051975960985,,
22.99817999999982,10.728161781734253,-27.24487141738807,-169.29217035883778,0.21060878659431906,-0.021949898439293174,0.16697081756664314,0.03976452796307384,0.1182204604433255,0.02424460886404545,,
23.007693000000017,10.319972630048488,-27.696878023007063,-169.2194470415114,0.4559696207122808,-0.059611169169050515,0.14717314485599836,0.0433494416696986,0.11140736465182147,-0.007025309379710383,,
23.017208999999866,9.943734375121315,-28.013801137581467,-169.35239491029202,0.6325583923064189,-0.0864498210009652,0.1807135165421693,0.042596949346399494,0.08380267108262122,-0.057865750261523366,,
23.026714999999967,9.606860487126655,-28.1726452023668,-169.7270871120071,0.6846351735079585,-0.1264266964218727,0.2298171854387865,0.04175181009689419,0.05127617972903898,-0.10996219525113261,,
23.03622899999982,9.259329188331675,-28.214778461162386,-170.28080888096116,0.6431971305198735,-0.17454460948588904,0.33585511129098977,0.048064574746749626,0.028297721610883887,-0.14684046982855153,,
23.045744000000013,8.814549742872003,-28.207254136839403,-170.8522350131312,0.5264146117910238,-0.24352494115810966,0.4570469604690563,0.06692745981334366,0.02088632353092028,-0.15953576821307797,,
23.055247999999892,8.207309028080328,-28.204184822261826,-171.27698739438136,0.3665466918216117,-0.3329830777541267,0.5284149108241957,0.0953268647814318,0.025704262888229523,-0.1454504940886398,,
23.064658999999892,7.380283103413898,-28.22937055922276,-171.45608429775893,-2.155348469270101,-1.0599123088258149,-3.470272157912738,0.13298186666735984,0.03670076320976423,-0.1169752157604474,,
23.07425699999999,7.567304256679682,-26.199244099088318,-170.77922207525913,-4.172383258362848,0.9519519427329326,2.061440243021785,0.019507634472156497,-0.39724841001615735,0.1348890386967261,,
23.083774999999832,12.385433229799995,-24.10127794154732,-169.50384726664646,2.476987490515579,1.4895786982248977,2.2374621113537683,-0.7995065409312979,-0.555147861203582,0.6466603800669294,,
23.093104999999923,16.193090881586627,-27.480541322390177,-169.53612761076164,-2.833659561558323,-1.421695880347353,0.2964645775762898,-0.8088127453583898,0.5500837472995014,0.3638059834948377,,
23.102806999999984,14.85977466270602,-28.55535001475487,-168.6041391030773,0.1069114873981964,1.533647866293437,0.43049087201700403,0.17949734460337313,0.26391853026330636,0.09388307379192136,,
23.112212,14.684794194516355,-29.480533083956026,-167.56467471483748,0.73700599253845,0.1964353726731111,-2.3550815410191888,-0.01989950431831905,0.19561305831324843,0.2063616066705958,,
23.121838000000025,13.966601326080431,-31.13757884740751,-167.3640728156073,2.155117164126928,1.2580566808209501,1.9559887726911278,0.03764769688829143,0.3589432534607648,-0.016631052177066383,,
23.13115999999991,11.768822805834175,-31.179109844953956,-167.33881703202732,1.2571070759892757,0.817630184718235,-1.7317930799715258,0.3541082416340345,0.09872193166937442,-0.21112896536384293,,
23.140850999999884,10.838972658328368,-30.420455653793784,-167.43452895548006,1.3702502665579606,0.3785582465065484,0.23699663578893393,0.1777332757278046,-0.10484293057041427,-0.11756807423956782,,
23.150355999999874,8.933786714887354,-29.322745275944754,-167.6800347791904,0.6921530628299778,-0.05583583898769977,0.33177025590842396,0.3592598044699555,-0.13431566900140854,-0.256181233872242,,
23.159700999999814,6.701661314590095,-28.200496124350167,-167.9654931416288,-0.8782560961803012,-0.0694417566627878,-0.49422051896758773,0.4195379861604706,-0.12751018007889264,-0.2908703045562488,,
23.16937699999994,6.022457587598577,-27.424197246222374,-168.16372724065357,-0.7239042858992387,-0.637527473390337,0.949660660773802,0.1389851329215692,-0.11778512578094583,-0.1214045703017689,,
23.17888700000003,5.100250810678249,-27.332468119064465,-168.46318814419664,-0.9345615628702992,-0.7419480326302392,0.14426017453822818,0.15347324459228304,0.02484291495205301,-0.1570442062356028,,
23.188404999999875,4.7589153822861885,-28.006588951194217,-168.91390440680618,-0.8897660358651249,-0.5336291609277127,0.01822108482954509,0.022123673548490857,0.15394503428979878,-0.1197240528969688,,
23.197902999999997,5.4666829711843,-28.986259816431982,-169.40896886983384,-0.028138989678301276,-0.5109387114141507,0.3732914525799095,-0.1700134570744045,0.17902602080574972,-0.025892697322425468,,
23.20743299999981,6.345013018477882,-29.88009863102757,-169.87623556626153,0.35793368310312423,-0.16128036110987748,-0.3512205040200082,-0.19374215014996254,0.15821225471323574,-0.009429059850376134,,
23.216956999999866,7.8489041329899685,-30.50858573490002,-170.26860465226022,0.7422330504366308,0.08002889683566627,-0.20355895164771956,-0.2890720535776703,0.08861987464175725,0.07045145764739338,,
23.226449000000002,9.476428319206535,-30.532352443317553,-170.50634367648655,0.8594954595378024,0.26411431018129927,-0.12031957778816721,-0.28867745448585236,-0.032875390331860564,0.11518171539960294,,
23.23597699999982,10.840723918942865,-29.873062597268078,-170.42233384503635,0.4359064489934024,0.4600021528943728,-0.1962106165020616,-0.22198927242389865,-0.16040894195377273,0.1331085903922891,,
23.245462999999972,12.172008822105745,-28.856424192252337,-170.0785414700691,-0.0077170812374534,0.40659610725002326,0.11333894340948161,-0.20558048611481597,-0.2313235399160895,0.18047816235956043,,
23.254980999999816,12.905667016200882,-27.88584395311108,-169.55033359271866,-0.4357568252482089,0.3293961131474364,0.3910204158958192,-0.1040466801643182,-0.20560663665470977,0.16145339154215074,,
23.264480999999932,12.860154236111473,-27.207234426101213,-168.90620112720714,-0.9755128976502515,0.32326862881003543,0.20866627206469887,0.022087342735540184,-0.1234742494459801,0.11163261085453688,,
23.274014999999963,12.555536318281973,-26.94461748753759,-168.29746780350484,-0.8434260239954214,0.22526144448394245,0.2987373128860509,0.05228473619365875,-0.03236212028202079,0.09016090396146091,,
23.283528999999817,11.802168625099254,-27.200821976021803,-167.90123384108395,-0.5550763233847288,0.1782336943984395,0.19146891559946064,0.10949868313670938,0.08642772989912298,0.006899629473434529,,
23.29303600000003,10.87026334440042,-27.755184720352098,-167.83432700114264,-0.0908297950616411,0.14617141313954338,0.11233852007631483,0.12719208295944948,0.15199252748858488,-0.07621090233226818,,
23.302543999999898,9.896286618246231,-28.24902980137767,-168.14522952931924,0.486950433367697,0.041897359690219016,0.05521157346318514,0.1366123638002451,0.14142742161398947,-0.1570479776431336,,
23.31206999999995,8.689776715962012,-28.50315334122306,-168.82259340364294,0.5972945665883871,0.03647313265749427,-0.3081200113024316,0.18709010066911352,0.10146183840557291,-0.2534019842293813,,
23.321564999999964,7.771417998029656,-28.395981740806,-169.67463967906255,0.5269367235346862,0.047216617140997966,-0.3680078907988414,0.15201737205381893,0.018505145906402787,-0.2610019786122497,,
23.331085999999914,7.260663159932002,-27.94525634743911,-170.3837235020434,0.4621195949476905,-0.17551333358248172,-0.04054965673209439,0.09378863597538563,-0.0636169106243264,-0.2064967771937385,,
23.340599999999995,6.526448621219445,-27.3059026880153,-170.78505320999707,0.006099848977205447,-0.2278818847401711,-0.059022685729926215,0.13901435508569396,-0.09509904354759978,-0.17117639857974126,,
23.35009500000001,5.899243315595988,-26.609010599435873,-170.7490401398549,-0.41981481857558556,-0.33030869826434395,0.062531174420381,0.12251548724418578,-0.1098312393428732,-0.07258217851093872,,
23.35960799999998,5.378672902256487,-25.994636472562718,-170.33643961880034,-0.5883765258722776,-0.4211436850878655,0.14807627293886233,0.10193575918944695,-0.0961235932957907,0.02373697753014622,,
23.36911699999996,4.979500045041402,-25.745783403780138,-169.69968584621057,-0.6771095717427181,-0.36803025885509943,0.0078064955171196,0.06887803239722365,-0.02683226203446113,0.08978195505676556,,
23.378623999999945,4.961308628606091,-25.9407826710253,-168.97950960658594,-0.4380837275356796,-0.31108030623080396,0.14202945513808585,-0.014750555366903978,0.04864679952349642,0.1398101803840872,,
23.38815599999998,5.188755490073219,-26.353093935689433,-168.42114501314566,-0.17337432797615893,-0.133206435410194,-0.034562286005774656,-0.06711956225337919,0.08252336997965337,0.14111323405575218,,
23.39765599999987,5.80492079287314,-26.83502775518893,-168.1205307345913,0.138069007636373,0.021430585806126515,-0.1527151771313923,-0.1386042440987189,0.081560223562581,0.1295743644393201,,
23.40719899999999,6.656890544754166,-27.262448157389745,-168.08874268603728,0.34024295528113374,0.17111259631927758,-0.1323694368674917,-0.1773849711173157,0.06180845190726139,0.09426236239220204,,
23.41670399999998,7.558182800634352,-27.409876940564356,-168.2551902832999,0.2920222414021261,0.31683252037653115,-0.2191866011467765,-0.17409568905506173,0.005269687037417426,0.054818150407443776,,
23.42622399999982,8.575738131723856,-27.240302770091905,-168.47463186927618,0.19200385632507563,0.32522871490593597,-0.13502928337708356,-0.18159740699430538,-0.060699606820886105,0.04646836936824258,,
23.43572899999981,9.357647678346211,-26.921701757676114,-168.6896518126601,0.014039587272900538,0.2974632694503686,0.08632296010825946,-0.13514432502833115,-0.0811354095623091,0.024906990238837242,,
23.445257999999967,9.68910738659187,-26.561646714951884,-168.8137235368038,-0.38085463154399335,0.33991436060796554,-0.039929690259933294,-0.05515847133843581,-0.07329678730092472,0.0015681075102893349,,
23.454735000000028,9.922002002997575,-26.28389546575578,-168.80133506252574,-0.4265742423576589,0.2525326395790322,0.11795101805996723,-0.04126090121435234,-0.053715314483224565,0.019678921447579385,,
23.464242000000013,9.809438156692348,-26.246029170132726,-168.72669796026716,-0.4337571189509731,0.20129012155919979,0.06450911779126882,0.0,0.0,0.0,,
23.473793999999998,9.544416707673006,-26.42812865669046,-168.66395349126796,-0.2955572348869362,0.1765982022133275,0.013211258993776532,0.028411007600376837,0.054087856955568656,-0.01446019554019414,,
23.483293000000003,9.266072051584178,-26.685476577599566,-168.68202335416444,0.00047556589648534316,0.10899680916653982,0.04348597220977413,0.027691920565881673,0.06937430084300208,-0.03192029342370427,,
23.492790999999897,8.917227546373264,-26.935325818733407,-168.84601486866458,0.19645841881128207,0.1103643488877173,-0.12115189343827526,0.040371145023323465,0.07035414977866018,-0.06761465074206403,,
23.50232599999981,8.663340280414062,-27.08167411017191,-169.1404177501397,0.32681835557993744,0.10336586769525301,-0.07944958156707754,0.02789262028125228,0.04663283253004687,-0.08522619588532952,,
23.511831999999913,8.455625263599135,-27.01359964080424,-169.486247376584,0.29200454385297947,0.10150699540298475,-0.095228855946276,0.02803101841670661,0.002774380998880671,-0.0913202577707774,,
23.521342000000004,8.3644227854748,-26.79462742189389,-169.78401659915374,0.12520133102477277,0.06605556664433522,-0.10531618775513403,0.013071627478829546,-0.030843326977497407,-0.07106780871799963,,
23.530855999999858,8.394269378828028,-26.560422254598844,-169.8777849779393,-0.031918655557049334,0.0007714220704883797,0.0638936239817222,-0.0077695631100661335,-0.03773094299711917,-0.03333273477156923,,
23.540362999999843,8.369830327502614,-26.38328503693085,-169.80774870478123,-0.23664505590771087,-0.05066616911848889,0.059345842910217945,0.0,0.0,0.0,,
23.549832999999808,8.417454387099975,-26.357669255381985,-169.6132682711695,-0.26978178274884224,-0.0914492245797918,0.11691601658434767,0.0,0.0,0.0,,
23.559361999999965,8.481903349613823,-26.556110926948232,-169.3227375023396,-0.21639487242432134,-0.10443228411369819,0.12637837849807015,-0.029562356032681814,0.04622867393933668,0.060633576493468566,,
23.56892599999992,8.614689668122619,-27.008669672396394,-169.11643296077762,-0.09322574585273431,-0.07341874162740775,0.06299651710100461,-0.036800006255004646,0.07597695570488487,0.062275645997448295,,
23.57844399999999,8.807386970814052,-27.288441100501043,-168.98917808291858,0.10898634847275078,-0.03696808313315026,0.05761761380817876,-0.047698644600923386,0.08051060206282541,0.051220596707197905,,
23.58796099999995,8.959475281919955,-27.370122497741374,-168.95632121656732,0.21539638964159694,0.017996071098830457,-0.0009992696752069573,-0.04475052859381878,0.0672194459729732,0.023492861650848084,,
23.59747799999991,9.100568123380926,-27.245134992249902,-169.00521544098132,0.24863267106232828,0.07258584428395864,0.03455524511137769,-0.04133749327507324,0.033237972304232935,-0.00014021744875966505,,
23.60698699999989,9.143651366491227,-26.986441566166594,-169.10700928267,0.17875622203096447,0.05638130640153738,0.055678080722142316,0.0,0.0,0.0,,
23.616497999999865,9.065079284273082,-26.7569758187212,-169.18847884826943,0.03820268025298279,0.02234652151016018,0.0827385579994904,0.0,0.0,0.0,,
23.635434000000032,8.59344481103084,-26.328927452280322,-169.00852076189597,-0.2663294581665922,-0.05172809981050487,0.1342584654032923,0.05020505408963975,-0.017840946484683446,-0.00581053875298748,,
23.644943999999896,8.206354125577931,-26.27660745407841,-168.77221069253298,-0.25666865506933273,-0.11380662855975775,0.14515423789169113,0.05923468747341924,0.012306199514380497,0.009677043212959091,,
23.65446799999995,7.769792017608539,-26.38087593394605,-168.4860470395503,-0.17272335172059095,-0.13719886179267027,0.11275261658679717,0.061700688906410985,0.0451258738957013,0.015321796119391263,,
23.663977999999815,7.359531021637019,-26.56637028428388,-168.22752065882239,-0.02589970444986251,-0.1387070892829806,0.04567465816243302,0.05350530461675005,0.06043934917771742,0.012041870186785262,,
23.67356299999983,7.196678380020723,-26.63963250760159,-168.14367386915657,0.12678840390442403,-0.11221896113767904,0.002613497384169388,0.039151423702450235,0.05740093839351336,-0.0008366998152562294,,
23.683076999999912,7.116916769284962,-26.532704415800943,-168.18065942058374,0.2073567399184057,-0.06934058497127325,-0.02858154246930774,0.0,0.0,0.0,,
23.692587999999887,7.107043698899288,-26.27540746499217,-168.30596649695596,0.21192963584686567,-0.030390839540682276,-0.006028835825204997,0.0,0.0,0.0,,
23.702094999999872,7.09858473642961,-25.96903655521718,-168.45545379068255,0.12598676569379108,-0.000623457103279666,0.020104610648429295,0.0,0.0,0.0,,
23.711592999999993,7.056882091773943,-25.726614183795057,-168.4756677837836,-0.008078917880551071,0.005609254642075327,0.0670306722551212,0.0,0.0,0.0,,
23.721048999999994,6.982820576509311,-25.4689755849044,-168.41573752888948,-0.14141405597419437,0.0015366607844331547,0.09845790801985996,0.0,0.0,0.0,,
23.730560999999852,6.831212946928706,-25.28235673149134,-168.25619776749215,-0.21425132225325988,-0.015111807381517177,0.09671269974037193,0.0,0.0,0.0,,
23.740088000000014,6.612882158656066,-25.231881496996234,-168.01459885550474,-0.1883357865157322,-0.03998185424285563,0.0907299943204854,0.0,0.0,0.0,,
23.749649999999974,6.371033012702987,-25.398824103891766,-167.80616589479934,-0.07394739412861877,-0.05153102335835088,0.08453871519815762,0.0353498093270257,0.036039953638982845,0.004003171271396562,,
23.759165999999823,6.155171846880417,-25.478214602008492,-167.77281691868922,0.09670151935761315,-0.0695375074184943,0.07744712739343819,0.03812155676313544,0.05296465767734998,-0.020301778567576124,,
23.76862499999993,5.822036781479625,-25.663622980100186,-167.91737555097606,0.27041497662055164,-0.0994041669563583,0.06723335128007392,0.04008570368426544,0.05833976761451192,-0.0606644644629753,,
23.778103999999985,5.46969515214887,-25.82343587117025,-168.2971678088331,0.41425795081294076,-0.151328485425181,0.1054944973921227,0.04475604910382393,0.05390333715947421,-0.10950739040416377,,
23.787616999999955,5.0381241414658815,-25.90601051383633,-168.88716698171822,0.5143395727948122,-0.2266050538706783,0.195100928949719,0.062253701456415136,0.041244326799588206,-0.15854424260469546,,
23.79711099999986,4.434037085744902,-25.908038319694963,-169.60976192794573,0.5594773135260187,-0.32187007003709506,0.2520388457308067,0.0962982963983065,0.030557589786238834,-0.20012546549051996,,
23.80663299999992,3.6035806154055554,-25.88150688424226,-170.30372536528333,0.5667424476345613,-0.4495214988718033,0.2806522251588079,0.1378890253028043,0.031021195593003623,-0.22612624163202225,,
23.81613399999992,2.5095231005888388,-25.86486825218725,-170.92873540527123,0.6421563599842351,-0.6078548875288425,0.3722425605617162,0.18487487203355907,0.03931013094795927,-0.23856045702793105,,
23.825653999999986,0.8589687789909229,-25.879847155762764,-171.5035734088713,0.7859107329051498,-0.7434598952646063,0.5749694112741873,0.28353932322013564,0.05913959694184217,-0.27296239353259755,,
23.83516799999984,-1.531152670515567,-25.921986444884677,-172.03728505693513,0.6001369556751005,-0.6219860830554931,0.20704897631351887,0.4153046763734641,0.08113798567931617,-0.3287300454966737,,
23.84456799999998,-3.3245252133923517,-25.759804450909762,-172.47775417160904,-4.055394531916841,1.222625378581452,-5.334207523497141,0.31527323926632894,0.02276080965304231,-0.26149581071144545,,
23.85418199999981,2.482646646113307,-22.709600776870822,-172.23659409580543,0.8349556951020147,0.6432962312541207,3.4473524610077937,-0.9786429238671014,-0.7373091876758292,0.4812576019954925,,
23.863700999999992,8.055743005067374,-22.17334647175766,-172.19281548582873,-0.5693610334788116,-0.8106181226772676,0.5358955954980088,-1.017186269159619,-0.23877390242737534,0.3724177586395746,,
23.873022999999876,10.228428891920869,-23.102388600425215,-172.74928455478937,-2.4317049647137186,1.8361328370092445,-0.8093896715399429,-0.43279591287375263,0.14154326210745632,0.05204587893012664,,
23.882718999999952,16.573457010396705,-22.884007747192218,-172.8281599812546,-1.2568731472350438,0.3524497947760399,1.2845892324799861,-1.1659147379711174,-0.1802525944830565,0.4985598569412507,,
23.89223599999991,20.377341622369205,-23.314953758728976,-173.22373967154692,1.1048109811526867,0.29402459754265303,1.0795063399058944,-0.7168000251983954,0.009343427834795892,0.23103160123400418,,
23.901558000000023,20.473660416006442,-25.524960263404356,-174.5914332957711,-0.8731760149327158,1.0343372777562974,-0.9598075987677054,-0.07465509050503748,0.44689628759095057,-0.24552550110064292,,
23.911245000000008,21.477953792037752,-26.243582817061252,-175.05314147209862,1.0076381245607835,1.0673349223055186,1.0487529373462827,-0.20389580304926055,0.13558178707281304,0.009695668626162371,,
23.920587999999952,20.132899276731425,-25.770093804454998,-174.9491413911818,1.4237608275267384,0.32870627344395453,-0.7089993350873699,0.2387800913279806,-0.06479403737170543,-0.10261263877558685,,
23.930290000000014,18.069756355267458,-25.94738351539085,-175.15659911294574,0.1904157928633622,0.5366736804612814,-0.5697423317881593,0.3568752566663355,0.07640778275420682,-0.2266853901707137,,
23.939846999999872,16.55033954052837,-25.160400648264325,-174.84241630439945,0.4255935300389499,0.1106743853219648,1.0233856465796727,0.2768116425498176,-0.12396009101100704,-0.07325620381872856,,
23.949347999999873,13.70150671660217,-23.479549487907867,-174.07075120396382,-0.38500787915666007,-0.14438457807104146,-0.2915449994543365,0.5399887531695037,-0.274997493975322,-0.10099246905144114,,
23.968391999999994,10.597992649383361,-23.024229318594408,-172.98841374717696,-0.7762334601345778,-0.6565094538117187,0.9234274541185058,0.20091585142840734,0.05381113244284955,0.005412779927367466,,
23.97788999999989,9.11940185736906,-23.091210825484705,-172.50882928498942,-0.8536956916467903,-0.5378002864701508,-0.20670960946542907,0.25838949884870815,0.05749975694326522,-0.023930249942808922,,
23.987420999999813,8.702875480544376,-23.99734995770916,-172.2702819209205,-0.26501345793975895,-0.5078911346031733,-0.2360159559949618,0.04157286437019134,0.19980827480919072,0.02317751626385878,,
23.996913999999833,8.827323575793558,-25.46356321607135,-172.27020224704577,0.2498574048663096,-0.35917821778603376,0.3216081894434566,-0.07209285775024198,0.29780709940164846,0.026133884572290492,,
24.00638499999991,9.086098225158334,-26.224470617877156,-172.2132738651712,0.45911290392660664,-0.0965330408253459,-0.2547749949901049,-0.07721532228868654,0.15447275898281693,0.03853442108394623,,
24.01590699999997,9.820865950110873,-26.556254621173963,-172.05647128932134,0.7740498984173777,-0.006694696535398125,-0.36071731129931883,-0.1502636667528617,0.05736348366009709,0.08941803491723944,,
24.02541499999984,10.468436642729065,-26.847542685355783,-171.86861415172456,0.43957258320256243,0.2013198243020519,-0.08713125833107507,-0.13355560148124643,0.051039343247450075,0.09232388637673802,,
24.03491999999983,11.005878895672733,-26.50952867502448,-171.38477677171647,0.08111301488699339,0.3005765630666989,0.08652950476507824,-0.09606742684446189,-0.07169417932485583,0.14145595947907452,,
24.04442099999983,11.311706970841453,-25.785204402959707,-170.5461208334213,-0.17483156640660444,0.23018590945706496,0.09797582493300085,-0.04229987998161552,-0.14284634566954055,0.17563002347120507,,
24.05392699999993,11.240494670676581,-25.417986742453266,-169.66376046514944,-0.6515128511014804,0.17178679548468215,0.11870994640503844,0.014383302902031327,-0.06128547672753894,0.14693910175137162,,
24.063052999999854,10.959937154721683,-25.307885550905034,-168.94884360914733,-0.6871856853868454,0.11669844786100286,0.3427182547071181,0.04291392998564418,-0.0033985839048360656,0.11511874412787973,,
24.07294499999989,10.360696379554597,-25.415205122593434,-168.43571237413002,-0.4532883263180541,0.08681598068453797,0.16713331664129785,0.09101517946064375,0.05118528156253674,0.047515716940076135,,
24.0823969999999,9.632958226904451,-25.949879057910135,-168.2783975815164,-0.17265173456712113,0.06989634079746902,0.09384867236641264,0.09591876255596557,0.14031690992155665,-0.03524403526334801,,
24.091964999999846,8.881450676776067,-26.471979020717594,-168.4302802888321,0.20509745688494727,0.08231267344210096,0.1741476820558249,0.10007634255819087,0.13873179956007683,-0.10022416726219983,,
24.10149699999988,8.072494049982343,-26.650473344285622,-168.7265417100925,0.45613167022767104,0.04629249183563653,-0.11656724943212289,0.12395369841665507,0.07304499226510341,-0.14962181242077038,,
24.110996999999998,7.502289120166138,-26.703823252827235,-169.17588855941963,0.4498904760944985,0.007436548301067185,-0.17235761247118964,0.08722072721507612,0.03948144974746349,-0.15798115904290588,,
24.120523999999932,7.1988712726852455,-26.482807709823955,-169.5383969984429,0.3001481346236723,-0.11291779704577858,0.035165848197592935,0.050841236304350605,-0.023911373731418595,-0.13064917028277412,,
24.130059999999958,6.956977497711258,-25.925746080999193,-169.76319114490815,-0.010145153986339694,-0.15284843689718994,-0.07641469178371188,0.05221611928993803,-0.09232539110206898,-0.09534834830910446,,
24.139517999999953,6.981433769416723,-25.487747394692498,-169.8715284748134,-0.195739106534513,-0.18582675865171266,0.12758206205282596,0.0005447434528539774,-0.07754426973067191,-0.03676894128127248,,
24.149036000000024,7.158222995369713,-25.231143313444193,-169.8035045875684,-0.4326918423934303,-0.2104547988361994,0.2789984021187302,-0.03308735779723553,-0.046704739385826484,0.013677152770620744,,
24.158451999999897,7.450658089793947,-25.053099753895307,-169.6253122305136,-0.4537890816124257,-0.17840433295763322,0.08315992378667687,-0.05653683530376859,-0.03508374287389931,0.057230151586003454,,
24.168073999999933,7.917987111605685,-25.267903173480857,-169.40331770298303,-0.2721551674847953,-0.12078608328616003,0.05154416080494881,-0.10195005080862661,0.036256927722699346,0.08085929323876799,,
24.17759000000001,8.447416580087683,-25.80910626976844,-169.23898052525118,-0.05601578357118026,7.439664802955306e-05,0.10538084560960213,-0.12501293817584677,0.0980586792414355,0.07523397821679731,,
24.18709100000001,9.023939235423182,-26.268637787633434,-169.16975648106296,0.2323382223129488,0.06372512846206987,0.014412902303616595,-0.13012859223862125,0.08014908783303619,0.06114501687975348,,
24.196606999999858,9.564280324362796,-26.615002035929333,-169.26531412522297,0.40614861408922687,0.12907928402449412,-0.07434571325214752,-0.11917708852161542,0.0591335658063067,0.025628917952888523,,
24.206142,10.009753130124569,-26.811946055658566,-169.46819275820724,0.34179935661487637,0.16130423805936875,-0.021262018547689047,-0.0966289099356215,0.033106602129138386,-0.015908233255689574,,
24.21566299999995,10.324359315404456,-26.637979099607122,-169.71285079313617,0.19591189909486403,0.13320740806023326,-0.0010253753906661858,-0.06000694282989403,-0.03537752584193479,-0.036997739317908694,,
24.225169999999935,10.422522421428537,-26.283696676057044,-169.91529579210084,-0.04816792344361406,0.08123829366320935,-0.06722038112172017,-0.015652337079553314,-0.06384331909358111,-0.049927432297681075,,
24.23469399999999,10.320252241286816,-26.0839025253071,-170.06359281633397,-0.312605973572881,0.0440232380619888,0.011584159488156158,0.014183558808972853,-0.0270452108382046,-0.048263718561498935,,
24.243799999999965,9.989125233838372,-26.075225496575694,-170.04055778764064,-0.4460502905187078,0.016617053379427593,0.06117922240821432,0.04810136326945689,0.017780135342475478,-0.028148317415698187,,
24.253700999999865,9.391990319470407,-26.375610603340352,-169.77835551229612,-0.4177142092475128,0.011791725995196468,-0.020372233034476793,0.08418526648686585,0.08726272513721825,-0.0038264372396586118,,
24.263221999999814,8.540122020436172,-27.127421275585796,-169.27710271142826,-0.29208126770930326,0.03596978554674679,-0.025034146413068496,0.11147155671737193,0.18501165406482836,0.02033221092728807,,
24.272733000000017,7.4278218733841985,-28.123318892468937,-168.5496380405319,-0.07529714517549081,0.09412731535699877,-0.044913225734167145,0.1443885314846442,0.242863878482315,0.051984028247300744,,
24.282241999999997,6.069198375650326,-29.1041369687939,-167.49670577409333,0.156415197478184,0.11986126799442533,-0.10957423072984769,0.18183234761967987,0.25084845162568387,0.09020984174820244,,
24.291733000000022,4.638781639774108,-29.909983283455137,-166.10029516841885,0.1677169601272354,0.15384323455878615,-0.12512258714740795,0.19455629640627164,0.22314123844398012,0.14147095899927134,,
24.30125399999997,3.4048151275094716,-30.462468936853274,-164.4439973482786,0.1506498251942523,0.04193751170674743,-0.09197584511144163,0.16690276479573496,0.1702607938109095,0.2054176530322758,,
24.310808999999836,2.2409429244924146,-30.84029962911014,-162.76761415359277,0.0793950962784662,0.024626073887030104,-0.04963265287749291,0.1568686510804925,0.1586419985717158,0.2152974154263406,,
24.320335999999998,1.3848968809212316,-31.53361072682562,-161.30679520950156,-0.10444995577186368,-0.06624181504024602,-0.09657679749326288,0.10118856747866649,0.16046810518247526,0.20206731395364294,,
24.329768999999942,0.8054494357650509,-32.042791057922784,-160.25251299915675,-0.10539521523848587,-0.12991459093536156,-0.156042830123939,0.04752316945029931,0.1371687548686879,0.14877199034832667,,
24.339254999999866,0.46527426062519456,-32.658651420196456,-159.70654436953663,-0.20412235698767134,-0.08000097123293998,-0.47962985075310904,-0.0003676707364159924,0.14394415445799913,0.05142640038386938,,
24.348775999999816,0.6070049050914625,-33.387749997923024,-159.76959808226053,0.03376803148713434,0.011107757033350528,-0.16520895809154026,-0.08515301931124605,0.13699519271631724,-0.027321884277214225,,
24.35829100000001,1.04533420051976,-33.97843923849391,-160.4045180166672,-0.005466118960504646,0.11536657097059436,-0.02503767217923152,-0.12108598230349474,0.09465330865431014,-0.10356191063959125,,
24.367801999999983,1.8302731786164343,-34.44699650429187,-161.23606286834567,-0.3515914743645063,0.2666942756498522,0.3704340573682293,-0.16563434189124177,0.05421931212375498,-0.10758797042433652,,
24.377302999999984,2.821026989935137,-34.76213661240989,-161.72900838047016,-0.8762341720148872,0.09252663323561654,0.5356002150668008,-0.1869111409574555,0.01616384397880548,-0.020836899064181028,,
24.38681399999996,3.123087242600257,-35.27647300345736,-161.5185938726914,-0.46039338419420606,0.1566189243127005,0.5413841800440622,-0.09167593829595509,0.09039185109394769,0.045170806685196935,,
24.396383000000014,2.4892041060835615,-36.63563032589295,-160.61648284876694,-0.58624517458758,0.2766767356265203,0.4999953833312951,-0.0034968461857514265,0.29911071189596716,0.09110411082332634,,
24.405886999999893,1.5631869531222213,-37.77038570302097,-159.07051935402245,-0.009103488226727897,0.15355176803827972,0.6146760223337744,0.047974725895079645,0.27230073556923423,0.1968507194043973,,
24.415434000000005,-0.008136994678709432,-38.518891636831086,-157.28542686428008,0.16294336698910872,0.06820938867133167,-0.14060400909130624,0.16154373076359246,0.23902332685023725,0.16282464071967473,,
24.427383999999847,-1.5928472710156416,-39.476040832923964,-155.70730058195264,0.28139388116263125,-0.0352905460760926,-0.09598081628654706,0.1370254285166783,0.2819914937420697,0.10304277623765985,,
24.44393799999989,-3.950665279275422,-40.26273362880981,-154.3997766905483,0.03613947355193484,-0.17905702808638985,-0.26116545691596554,0.12571423849820829,0.10860292106925483,-0.10696502613939075,,
24.45347599999991,-4.356691465693,-40.66332237451143,-154.43488728847421,-0.09857375759240293,-0.29738168856397035,0.009759749083378608,0.008601666490016167,0.10695816450118065,-0.09794430256765001,,
24.462965999999824,-4.634105482698042,-41.13195813183313,-154.4528412727722,-0.2503837868334226,-0.34083701837600466,0.30418673220906417,-0.01514314699494148,0.11067642756949164,-0.07988436283275746,,
24.47248599999989,-5.001511883515517,-41.380208758231255,-154.01452715244955,-0.4776281421522525,-0.1999922131345256,0.006277235291669492,0.015671604942723582,0.07670002209359655,-0.005723940295230876,,
24.481984999999895,-5.388499870232014,-41.806871473539616,-152.82348133957282,-0.15049078690397827,-0.11711472950731641,0.16308001657539123,0.0008336158788326552,0.10999537386371011,0.14214491478641159,,
24.49146299999984,-6.157466507377028,-42.31729888792169,-150.9884721768539,-0.13027826458580608,0.04755721038607981,0.09801900476936037,0.0397497428835031,0.1514158746031247,0.23025027952237165,,
24.50100099999986,-6.816451969259699,-42.526288483839046,-148.74589202448612,0.03372203700863244,0.18372332159812574,-0.1766100877655153,0.050085521198443436,0.0921149224752794,0.31107746495592,,
24.510541999999987,-7.07385342054004,-42.6804206010923,-146.6049329087096,0.3477837487994008,0.21106692196282148,-0.2082164278102557,0.0022368626369343382,0.05282670685898411,0.3344481988767667,,
24.520061999999825,-7.2126440871967095,-42.87664529910236,-145.1655653483922,0.29814618980975244,0.2791370685505898,-0.12938054545075908,-0.018541980847964802,0.05008863559522787,0.22648154640299134,,
24.529570999999805,-6.935519737577123,-42.8968388480116,-144.56612429645662,0.07273799494340566,0.32714881321499417,-0.19404037224100318,-0.04888064699380814,-0.01422465311267059,0.10973958219037498,,
24.539101999999957,-6.2093900810534866,-42.93165340975714,-144.7095933773758,0.03900951067675788,0.29047151398399507,-0.07108606890752503,-0.10410579147517314,-0.05027416683552484,0.015924647738792454,,
24.548594999999978,-5.588231330199793,-43.166350788529456,-145.19157203883182,-0.21439224758588685,0.2818319431800897,0.06167017022240617,-0.11469402852160406,-0.008122217561574047,-0.0897635539008043,,
24.558102999999846,-5.134462870610443,-43.42820831291501,-145.71870471466656,-0.33216433643848964,0.2751618531170349,0.10114202321397507,-0.09753448699508777,0.011440989491957047,-0.11709203204963198,,
24.567595999999867,-5.068197653039565,-43.729841382081005,-145.87341769078117,-0.2833096765573092,0.2387618679140811,0.03356047731860739,-0.055349187707147536,0.05047418544127172,-0.09500391259896962,,
24.577188999999862,-6.055544788818021,-44.2358766758587,-145.19306488998473,-0.25256433383935434,0.21289714048557973,-0.04484689642067891,-0.0015878126871437615,0.11377825001126111,-0.0532364646069447,,
24.586650999999847,-7.101339463363426,-44.447761788957784,-144.1846770377138,-0.02608025218922857,0.1499901950782588,-0.07772137237334331,0.04828595739915838,0.12110946283702335,0.008285280712953787,,
24.596142999999984,-8.096058152795697,-44.50913808068059,-143.2170994420466,0.06861450177519542,0.0751753099260855,-0.286779851745539,0.09382213842287689,0.10003526534588725,0.026575929772663404,,
24.605648999999858,-8.886225291803456,-44.461476474070516,-142.4213755847255,0.10263744113949835,-0.004367283129933895,-0.37919860064117894,0.08230270115896944,0.06650875666606954,0.02105673731287775,,
24.615122999999812,-9.195164180189575,-44.32494810176862,-142.10318893576763,0.11732632775937,-0.08820008841127909,-0.34155308227326214,0.0,0.0,0.0,,
24.624653999999964,-8.959730636774768,-44.125359465956855,-142.40858726422022,-0.04552942272489018,-0.13641090065585001,-0.3341264922939884,-0.015440785865184724,-0.04652447123629337,-0.0684746564647351,,
24.634129999999914,-8.167083241881787,-43.94097184367728,-143.18984179126656,-0.20963420449543105,-0.1778476792620164,-0.1511067546796653,-0.0816346655384695,-0.0927185590429481,-0.09301921201130944,,
24.643687999999884,-7.050851483510424,-43.68473852730832,-144.15508288568563,-0.43047054023111864,-0.18878246177659477,0.09872032931107032,-0.11249520108744264,-0.13124150411277546,-0.0920313706914773,,
24.653163999999833,-5.841208491547107,-43.25870544971069,-144.9683492525115,-0.6728141774926771,-0.19543316149947024,0.27173937854746116,-0.10662355473961192,-0.1657962573584328,-0.05355428219972415,,
24.66269699999998,-4.776917771897135,-42.72876277843407,-145.43468143199107,-0.8252902635196272,-0.21161203613731308,0.4540619859293917,-0.08044988958064668,-0.17043561421953926,0.00541930972566215,,
24.672198999999864,-4.058270182316505,-42.12259452290945,-145.49549123383198,-0.9392798007695505,-0.21505502354220574,0.5831099552202341,-0.03190492402353915,-0.15454447739135335,0.05269046829227123,,
24.681711999999834,-3.685717743106677,-41.444019452523435,-145.17113969820218,-0.9991003606280261,-0.2419516805618855,0.603202881097538,0.018194045724981647,-0.13781362915702566,0.08719564112315678,,
24.69123300000001,-3.6021970152136826,-40.72045536559236,-144.62910028567126,-1.0013660455938684,-0.2862566285217001,0.648694840110644,0.05954048998664247,-0.12031663853645065,0.09680122191728621,,
24.700742999999875,-3.741255708931439,-39.931988988046385,-144.0344495719353,0.9394337832766647,0.34194671548458117,2.4305873785431444,0.09579671734030475,-0.11050463675257674,0.07798722312660337,,
24.71011099999987,-6.063688260763162,-41.953280512011766,-143.55004731544219,2.8791756303530986,1.5990295700545707,-4.086905247593201,0.0306118057970678,0.5398875187596477,-0.21644991767545863,,
24.719756999999845,-9.033069736448526,-48.66112443263095,-142.69057717725678,0.8651206962204998,0.8693794165819527,1.4812191907857561,-0.4836615542526847,1.332328538487177,-0.22919705152985423,,
24.72917799999982,-9.775652349864018,-47.78853630274263,-142.70635219424878,2.030809418610228,0.6877313710133648,-2.4577646520689265,0.1718125477182331,-0.07274145397525379,-0.1394028873259905,,
24.738681999999926,-11.109055005078291,-44.454578127028654,-142.98300631413204,1.4439542097132287,0.8987275088497358,-2.6139050710820357,0.5391485269787113,-0.41286499871681426,-0.3067253121046587,,
24.748250999999982,-11.646724967337164,-42.957271217849446,-142.3042148151447,0.12029148132009515,0.1859417813095921,-0.6822260390630343,0.23129299324565397,-0.18446533270526455,0.00014289238155331348,,
24.75780399999985,-10.779013513021251,-40.05319929775664,-141.64252708290715,-0.22069137936672814,-1.1956398782144602,1.876250617975905,0.2440127660046631,-0.5320429742928793,0.1843544257387895,,
24.767305999999962,-10.317332072311377,-35.748324398215644,-141.3859173931899,-1.7454809482035973,-1.3466460125718356,0.8223191981741366,0.4683331364117867,-0.7134080310212616,0.036504149511656626,,
24.776644999999917,-9.092441206277416,-34.882117061027905,-140.82456437316696,-2.7761548294260487,-1.908342478572132,0.2512986496915533,-0.05987180975479001,-0.25563957059136927,0.194740936298681,,
24.786335999999892,-7.55436667437538,-36.58972548514436,-140.50174912445544,-1.4145275350195718,-1.4903327531120198,2.2910765970219615,-0.4241426184006229,0.11064010452492623,0.2241145765843869,,
24.79585699999984,-6.468799489551883,-38.596495009079106,-140.83331393852995,-0.9855537035398506,-0.4821163226832159,0.6518222648647601,-0.4018509492309584,0.20669723307229254,0.06730367092699897,,
24.805370999999923,-4.677967193722984,-41.40868688639758,-141.56685637622232,0.2881354572787742,0.4837239376490948,-0.49976306305888074,-0.5809276095232399,0.27177040397737634,0.08485776078748516,,
24.814688999999817,-2.641309675203325,-44.338984264305815,-142.74436183664398,1.247131180977371,1.156023434422304,-0.4414308256605075,-0.609991459085816,0.28507567402094586,0.0430930014861861,,
24.824202000000014,-0.8055878238903119,-45.2113030558376,-144.16920090855868,0.9188342366287773,1.3598839572930872,-1.4413585412590906,-0.32745435293347896,-0.010212689572550226,-0.042505701710288515,,
24.83371299999999,0.9837618992967445,-44.31852227042299,-145.38272008165913,1.1166923662500692,1.3459864493060285,-1.104149034859626,-0.11809329338328944,-0.2879876730963306,-0.018206555965432983,,
24.84340199999997,1.6526784908674064,-42.794536951819886,-146.07336035505273,0.30274134983714795,0.8866020717449455,0.010153817236174293,0.07842740162792072,-0.30179290280564386,-0.08164019864463773,,
24.852915999999823,1.2660149803887242,-40.7878511114368,-145.9756651910418,-0.656301168911578,0.25823010412415925,0.8117207632749822,0.2592500309456712,-0.2956326482224058,-0.06771119347217361,,
24.862435000000005,0.23307493138793672,-39.00451550337445,-145.20676407775926,-1.1644641752572584,-0.4832141657661517,1.145558545752826,0.31922367333751583,-0.19971102359637222,-0.0007693407281645991,,
24.87194599999998,-1.463169431812293,-38.471228943360416,-144.11153237137924,-1.442303847412679,-0.8684620280640334,0.8653988450506133,0.2641148873739016,0.07120485280253408,0.0025038387980122426,,
24.881460999999945,-3.1915209731334206,-39.31509114434403,-143.05405305049,-0.8744061727800685,-0.7556637792029252,0.7010426147728083,0.1027243173538515,0.30095736498657627,0.0017222449419617711,,
24.890968999999814,-4.739057727087521,-40.948967057032924,-142.43893796323255,0.08210398834695848,-0.3088824676207494,0.28168034851210055,-0.023074979968720447,0.40910556441267987,-0.0660424748865708,,
24.90983399999982,-6.054090105358554,-44.282626160673225,-143.4043358073741,0.9555846851310676,0.4331912874811186,-1.0329665770864083,-0.1720057338467721,0.25486787467320937,-0.19818709033469606,,
24.91933199999994,-5.34803035531421,-44.875747870612166,-144.71641772871777,1.0600217675369403,0.4301786013158549,-1.0208752555335872,-0.16465353380065675,0.042745016773086036,-0.19233346298825077,,
24.92878299999984,-4.483091129110445,-44.45565919819496,-146.06165557968566,0.6142705748926345,0.29998808797212206,-0.6746935847204384,-0.06660650299183284,-0.13331652630566443,-0.18468237344561092,,
24.93845199999987,-3.7538228037226333,-43.30582158921126,-146.81843113518414,0.054846734339776916,0.03586550410761991,-0.061767205374166224,0.026924102777665694,-0.2440164533317939,-0.10243678036660987,,
24.948036000000002,-3.4311393302339708,-42.06080489460752,-146.80463777861394,-0.4837639471569872,-0.2763851051301742,0.504529687354126,0.08381443183401788,-0.22861221746645136,0.008026231351581474,,
24.957540999999992,-3.538421209515404,-41.255602039667664,-146.10488786519426,-1.0128257185517633,-0.5374925839493252,0.634099185606454,0.08912641699654146,-0.11970964506386948,0.11066859659547566,,
24.967054999999846,-3.79542270609258,-41.12023335205821,-144.92648853692128,-0.8559955364577746,-0.5112162849148214,0.6236412445638175,0.03367274946371883,0.005147030516008572,0.19074747337393136,,
24.976562999999942,-4.112806238679564,-41.856200453748905,-143.73196195292908,-0.5325187484700266,-0.33254845211560796,0.3339285414339514,-0.06102826224863843,0.15285480348231073,0.19276587091944766,,
24.986081000000013,-4.247872397024408,-43.16032557678297,-143.03203811230102,0.13772996612300256,-0.004859846537958271,0.2649406716673169,-0.15345125350788327,0.22686855722621066,0.13375090653299312,,
24.995601999999963,-4.158036506360612,-44.379179937633126,-143.07566524984512,0.4310131536780617,0.22705074882882767,-0.19732493992985467,-0.17077055695759005,0.19263074493820723,0.010562465338612324,,
25.005098999999973,-3.6729214232111915,-45.31224039942369,-143.7870265880403,0.4488286433042344,0.37049820330928646,-0.5210657149082177,-0.1803391548025249,0.11436573724624972,-0.08739856234191706,,
25.014625000000024,-2.8491228562834094,-45.93822387785407,-144.90408788340443,0.3762511260547552,0.3019160659162091,-0.2811461150521418,-0.18037731951925703,0.04005206169403407,-0.12221006222826661,,
25.024128999999903,-2.2994759710353656,-46.044053486494775,-145.86047777504396,-0.13645696796919074,0.05270429219130472,-0.11847491498047805,-0.088396541993936,-0.020406293778493297,-0.13414832299079044,,
25.033642999999984,-2.295240409914899,-45.81313444801976,-146.07267867816702,-0.46118606497194636,-0.13809986265785454,0.1122241778494803,0.011998069696094833,-0.032952039362397455,-0.06635560816584153,,
25.043143999999984,-2.958591385640082,-45.769241622426755,-145.2726749301531,-0.6647415261194,-0.35985528464836225,0.2974075045986881,0.06790002095194055,0.05060816709842836,0.05059719360132854,,
25.05266299999994,-4.2506166007872705,-45.980187618809055,-143.51946287384544,-0.6258642717311762,-0.3771217439554328,0.33762349803436054,0.10819361070289411,0.14462005951569457,0.16011794122175063,,
25.06215999999995,-5.685084589114421,-46.36553782884045,-141.1247099485814,-0.36520893999943377,-0.31077437034269045,0.08056760450456311,0.09636666091524143,0.18775660166856845,0.25770042423302103,,
25.07169399999998,-6.9057852177590915,-46.955855346245876,-138.76079614903668,0.09606547613010556,-0.10199595045372468,-0.12630618319088732,0.03826539282705217,0.20316348576098206,0.2764672246791329,,
25.081204999999954,-7.582380236731382,-47.59920422628139,-137.19515226166706,0.2197260022633953,0.0864439161413404,-0.3911219477159564,-0.03193419617959925,0.16166927956978935,0.2079206965397529,,
25.09070799999995,-7.2248770882286335,-48.05659867471218,-136.7413872989528,0.3205322647252982,0.2102715129171144,-0.4957800104558371,-0.11158576198499211,0.03835017387357933,0.1255924213219647,,
25.100234,-5.993163286153107,-48.31554193949643,-137.4327270251781,0.2884514271152677,0.25710057332322295,-0.3511699018193626,-0.1695420063039115,-0.0699028575175754,0.020997968623639462,,
25.10969799999998,-4.416243047868942,-48.361790170639786,-138.82297077773094,-0.06794372173559463,0.20118423375142566,-0.1307994143162362,-0.17612672863528925,-0.1290914977361237,-0.07468961929106366,,
25.11924799999997,-2.874198339166034,-48.173143698848094,-140.20972035225003,-0.27635787629583347,0.13357498654284294,0.1628004098230916,-0.1453808594188482,-0.1579742102458766,-0.08299785336830671,,
25.128757999999834,-2.021452559276744,-47.94129232068486,-140.9824345957714,-0.5000588522490412,0.07665080599628281,0.2924306529697308,-0.07242288995124062,-0.10395800261727499,-0.0576015915055613,,
25.13826099999983,-1.9983156564612574,-47.84074740834488,-140.79817235305842,-0.5934346447025087,0.03511676320377767,0.31990818778650787,0.0,0.0,0.0,,
25.147759999999835,-2.6763066682434955,-47.83952184060812,-139.72020746140774,-0.36023062072797546,0.04632663041833858,0.28910656872953977,0.05621477274480888,0.06232145600556955,0.10802851133664894,,
25.157290999999987,-3.840810865101996,-47.89899470445145,-138.17740554070738,-0.1846759342588364,0.061039073640006755,0.022274414594774448,0.0961022287787519,0.11575232238456183,0.13769106204908885,,
25.16680099999985,-4.928683139983423,-47.99830800872406,-136.75054780513912,0.11677701493371813,0.10513160124815844,-0.1148893259244434,0.080005180067869,0.11717415558793508,0.12584211102623322,,
25.17631799999981,-5.576657614459797,-48.02405976486609,-136.03188925112352,0.26477345937231017,0.1200710941747028,-0.22223333285054012,0.04526188281799456,0.0674260883867174,0.049556337897955334,,
25.185816999999815,-5.521919983482035,-47.92523874403305,-136.25902315658738,0.24203641641932924,0.07958278120064863,-0.2704954109766257,-0.005546649071330414,-0.015468544304008083,-0.0480940595975643,,
25.195358999999826,-4.781063218543324,-47.7744337404986,-137.35662716345934,0.15867126731770761,0.0001578052295633038,-0.14208539176258322,-0.06575438465691874,-0.0861638001931337,-0.12763725948642654,,
25.204893999999967,-3.717502929828747,-47.59966643302224,-138.88282382535454,-0.06074684570489913,-0.05015828007715073,0.03694698526576049,-0.09709731581610354,-0.11762936772254529,-0.1749570891844705,,
25.21436699999981,-2.671800147906989,-47.40650661324076,-140.2845217700695,-0.22687146986627268,-0.0995440640742997,0.18703132125205452,-0.09632186622340848,-0.11686173168154028,-0.15269147534697577,,
25.22386799999981,-1.999005661355191,-47.2733396092113,-141.09543543912545,-0.3120254020446174,-0.09580204695978639,0.2530093700646943,-0.06755270332351995,-0.07403737114393623,-0.07880558643969444,,
25.233379000000014,-1.8671151308763232,-47.25590823295162,-141.05755352745535,-0.30377337679936556,-0.059147226928984144,0.23737608350011413,0.0,0.0,0.0,,
25.242884000000004,-2.2030230614039117,-47.30434643759558,-140.2317818642808,-0.17269957511606618,-0.01139916841328324,0.1575481034939354,0.01512539072821361,0.0407127862914692,0.11179692737852436,,
25.252358999999842,-2.8169305710334416,-47.36738362791193,-138.99993588206462,-0.01336799668492099,0.05336007140493124,0.0229398885865164,0.041206929804964244,0.06766312366263155,0.15352276557722502,,
25.26195299999995,-3.373497701231548,-47.43204646379342,-137.89675295362153,0.09237244326642792,0.07994023167915426,-0.06720826371284579,0.03376891455262989,0.06361335095173777,0.14051961769489732,,
25.27146199999993,-3.6106992579727772,-47.477069489239156,-137.34569900812238,0.13893141847606663,0.0783890893250294,-0.09616593281198178,0.003553542684980679,0.03211113697592481,0.07712430659653738,,
25.280970000000025,-3.424699621609366,-47.49964697743188,-137.5418226899377,0.05895126243428752,0.053939769703092784,-0.08719952472450995,0.0,0.0,0.0,,
25.290481999999884,-2.8848583772133902,-47.535553777350636,-138.29063973421592,0.0,0.0,0.0,-0.07400492322312112,-0.03996263905828819,-0.08103614518156482,,
25.299974999999904,-2.229338227482739,-47.61268010595673,-139.28782117690292,-0.12112272496386205,-0.03361808487997008,0.12770525828945178,-0.0907519424837362,-0.04266399929948533,-0.11470098280309017,,
25.30947100000003,-1.732666403691375,-47.735261060152204,-140.05779029000513,-0.19176055990734456,-0.04076300235680452,0.1947024386426296,-0.08089361539638418,-0.020454876192281327,-0.09404379983547283,,
25.318972999999914,-1.5990557186633136,-47.91038111062449,-140.2468255839679,-0.1947876945945945,-0.03438034971512232,0.19422418537004224,-0.05025939587732659,0.019621576121744075,-0.03038971208436178,,
25.32844399999999,-1.8984936143528646,-48.11516378548673,-139.71908896495867,-0.1382945308186199,-0.019595811766232412,0.13547201670306297,-0.009719591748609719,0.0613381782372086,0.0473466025092358,,
25.338093999999955,-2.557155537582834,-48.30841531960133,-138.6499328404636,-0.020769105006333874,-0.01827828534886608,0.031061711845703138,0.025433833969837227,0.0859276564297196,0.10932011703330301,,
25.347556999999824,-3.225300860491012,-48.35732886437737,-137.50230574602253,0.06326870174922034,0.020887617975696614,-0.07065079483374484,0.03922482454023173,0.08704528429983392,0.1316658898286832,,
25.35704899999996,-3.7457409374221493,-48.44587048655534,-136.56617790637682,0.11141375859354313,0.03922450022498747,-0.12644488988836022,0.02441388985134366,0.06378101567128328,0.1113785779177031,,
25.36655299999984,-3.854172352928012,-48.491025400128514,-136.18883939098404,0.10025552029560465,0.04638913100561616,-0.12168722403636052,-0.009941987688769893,0.020064770224494727,0.061275053908505794,,
25.376133999999865,-3.541004284090488,-48.463846474323276,-136.42200568817518,0.026353667561573348,0.027679845274709857,-0.08904525229343255,-0.050735290653263466,-0.02575692173694187,0.002261238209998058,,
25.385642999999845,-3.0242626522717138,-48.56290752161736,-137.01767498137673,-0.12088956459142415,0.04102495158639361,-0.017123772587475952,-0.08686951121231681,-0.05604194919363195,-0.0397131749661489,,
25.395049999999856,-2.1508081771894356,-48.59608961253835,-137.83227353508047,-0.25914938537883603,0.06372431124297033,0.08430291214180118,-0.10373528229092856,-0.0697182202609247,-0.046181799098005,,
25.404555999999957,-1.3298649399503728,-48.59344067955374,-138.44950404253447,-0.42011728715851965,0.06309741057636059,0.1324557430463258,-0.0946644630516461,-0.06927054202960356,-0.016480537145716512,,
25.414097999999967,-0.7034682102511334,-48.555309265756804,-138.6681748033443,-0.5662339655928195,0.051079426464865275,0.14415920975838067,-0.07126768198563185,-0.05701780612059073,0.039113473190837154,,
25.42359199999987,-0.27833754400558186,-48.50882331896178,-138.44220293039893,-0.6805736296802715,0.02379062242890546,0.14562763304167056,-0.0502825261169513,-0.04078599082735522,0.10251467305416863,,
25.433090999999877,0.05595001808579685,-48.46872895371137,-137.91050873298528,-0.7658082310056326,-0.02386684708030833,0.09553917892659185,-0.041970127938249016,-0.032261020706805324,0.15401761465114053,,
25.442579999999907,0.4615786483825846,-48.47690189417186,-137.32961290767503,-0.808836271382278,-0.044243338778498224,0.042771282823370865,-0.05521736232827436,-0.03199391360553465,0.1785028589079071,,
25.452133999999887,1.1069340845903517,-48.55071097898988,-136.9386772777413,-0.8309229325261769,-0.036645722712274,0.02118917378326953,-0.08719135532877674,-0.04451091793582794,0.1764152478099675,,
25.461592999999993,2.047394956953838,-48.636250411374235,-136.90464911900335,0.29461828101052706,0.3140420826657467,0.6985459082175741,-0.1171046974828736,-0.06983024340088954,0.1493292265956949,,
25.471106999999847,-0.6271902489488157,-49.66418491911994,-137.60460928009286,4.931082300354556,1.7645829180865817,2.150184058398634,0.10345062935290981,0.39259566545378727,-0.5437241797642371,,
25.480436999999938,-7.270061492666766,-52.042186835574256,-138.7226985278715,-1.3476074974449026,0.12148919000212131,-0.918657828263993,0.2950811465995361,0.920172901198047,-1.253075455149028,,
25.490078999999923,-8.959549519837513,-52.28773692373965,-139.16084996152443,-0.9714522021470444,-0.2546201210996227,-2.817943193231801,0.11092760365659939,0.17875679932203556,-0.3518168000114437,,
25.499507999999878,-9.834757065551138,-52.07692196070094,-138.68729283402976,2.321197940732151,-0.09397314893770675,-0.3411053894757554,0.09543421413711216,0.04414133196630675,-0.05994077580444583,,
25.509187999999995,-13.581135627379334,-51.133753246956104,-137.75907439877275,-0.008920106693886955,-0.15922290941944287,-0.19381471923223867,0.46015741633830076,0.17573616482011525,-0.4248889679412031,,
25.518704999999954,-15.432364790234242,-48.99291161327714,-136.38766231726345,-0.8315715913118985,-0.5065402403211045,-0.04770580368390407,0.4534868883695129,-0.14590977599436722,-0.03789616968648751,,
25.528216999999813,-15.897224969882632,-47.231847651785394,-134.56362733493003,0.2438707754803782,-1.3660523518259784,0.678025739470722,0.27868640187470445,-0.20257874833331518,0.26298707434733565,,
25.537730999999894,-17.614897504762546,-46.534311909031885,-132.81130867007357,-1.2504573443899085,-1.2035853019248515,0.22059949460583564,0.24996221967790658,0.07862685432521453,0.07323032258482144,,
25.547233000000006,-17.362582950675606,-46.568548797012944,-131.52084363097964,-0.5233659559864986,-0.9664410779068581,0.5424370879603678,-0.04193421088355811,-0.01675377348289451,0.2768168798717994,,
25.559192999999823,-16.208932325385636,-47.41947218795178,-130.88609594101374,0.12422984293096512,-0.4979103403112331,0.29154145117474217,-0.24571163536684135,-0.002405157842370651,0.26905191428942693,,
25.56622500000003,-14.709081474762456,-49.112021410107715,-130.95189205214334,-0.5243806088509239,0.05029158463326803,-0.2647011827227128,-0.40095354652753445,0.07470596146192168,0.1919302064913968,,
25.575771999999915,-11.367804418139983,-50.48334683983292,-131.60406078361643,0.5927399564898971,0.47686400851201727,-0.12227341442434407,-0.5049757208945201,-0.14047336333707508,0.34454668015158535,,
25.58511999999996,-8.432157551761355,-51.35963455865687,-132.68264240943748,0.4085664356966397,0.7680197168283623,-0.5050178798466188,-0.392426881348041,-0.15416854557179432,0.1968324668275941,,
25.594642999999905,-6.023969389162102,-51.902402201808734,-133.76055329234782,-0.49413142245824193,0.7752424787334817,-0.4715346767824036,-0.29807617124549207,-0.14052094907529508,0.13835745620240966,,
25.604302999999845,-3.5332388763404365,-51.56024476194469,-134.3192661887381,0.08353550203033576,0.757093910371794,0.28053859389815505,-0.17937065058805027,-0.266771395033376,0.25882309154667743,,
25.61381799999981,-2.60424352628534,-50.747834594969426,-134.2807582283063,-0.23797921565349647,0.4996306729834827,0.28733713206305606,0.020902909147284408,-0.19425561783148634,0.1389884816953708,,
25.623325999999906,-2.9285058453272454,-50.271166278223966,-133.68826122148278,-0.8222134767010626,0.18721971200843937,0.4111148189283569,0.08314386176340187,-0.03375115162158511,0.0639981963484388,,
25.63279999999986,-3.7150188283949666,-49.966828458185944,-132.7238494363554,-0.39736989813686935,0.0944338117311599,0.8253673609544185,0.09929118439599115,0.034604981980345804,0.07011936052116459,,
25.642310999999836,-5.233169459371146,-49.801664237105896,-131.8188773788644,-0.42372356177698134,-0.08029972757663739,0.28680189900805597,0.1420163687865929,0.12547634788974849,-0.049056913722137996,,
25.651843999999983,-6.720858557560531,-50.1651229657411,-131.26228389214918,-0.13303354976914217,-0.08879177851347657,0.0747263674376956,0.05837742880200908,0.19461597380678028,-0.11425361778738684,,
25.661391999999978,-7.947463942706011,-50.71358779170434,-131.299247146576,0.3149953737548878,0.0038167604494826527,0.016922716366053876,0.006603981692152947,0.1932773251514144,-0.19402876152680115,,
25.67088899999999,-8.872102119668352,-51.016231001233486,-131.97446100065642,0.3061736413322631,0.02217341047701566,-0.4192024913076469,0.018454087905949698,0.1311999849794011,-0.27580437999179525,,
25.680408999999827,-9.410316698107367,-51.24092659683745,-132.8067591808915,0.2360265812909837,-0.008341230405486446,-0.5269993846173595,-0.0015133274656481952,0.08419470994370827,-0.27722813747462044,,
25.689871999999923,-9.644384931588945,-51.31154800267436,-133.52617745989065,0.09212178946861649,-0.10325006447390077,-0.31429647218019857,-0.004006901087215147,0.0351413923123692,-0.21103861742485913,,
25.69946099999993,-9.689822939990915,-50.9823355920815,-133.888159890406,0.03245410521134502,-0.26700164116494796,-0.08505786547655768,0.03796027341019775,-0.037296243104352804,-0.10025730206733996,,
25.70891699999993,-9.899668442803915,-50.50986298195104,-133.6177228259621,-0.24050195262773152,-0.4487961731127534,0.008458533578930116,0.07304401441898085,-0.04215706573002925,0.00273450874338567,,
25.718453999999838,-10.167145043541314,-50.18076961600057,-132.71732946181757,-0.34238251424830396,-0.5253921598811864,0.23806189186378698,0.05762059804018055,-0.016333038557481243,0.12735634563115472,,
25.72794399999998,-10.370683774889219,-49.96899439930123,-131.42729937127166,-0.30166101038650156,-0.46558767261391687,0.32769525059985655,0.035053722140647774,-0.005498664296869757,0.21768621967098448,,
25.737414999999828,-10.4593279117606,-49.999609608416634,-130.0735100906916,-0.32817831345657344,-0.3170722027407244,0.14479294751194297,-0.011263578371502941,0.015820218763208736,0.25591279650085547,,
25.746947999999975,-10.103984293458621,-50.41079368770337,-128.91865877315504,-0.1534004808255991,-0.09544308080128402,0.06043021147583427,-0.10669297101194677,0.020098050878695622,0.2889247356625214,,
25.756501999999955,-9.321423508916375,-50.971534836621366,-128.2872329022116,0.1878533725092267,0.1713312621311802,0.0899987380742687,-0.1639377759240037,-0.004888697170774929,0.2507018549421028,,
25.766006999999945,-8.402640139993,-51.41255181923259,-128.36813589104202,0.01997511475676422,0.36186941814656465,-0.17223632357266602,-0.15501544687975058,-0.03314158724720128,0.13020689315708073,,
25.77554299999997,-7.163100113551568,-51.75888968939967,-128.9485954832231,-0.04091200258921655,0.4191638654430024,-0.15078940344815445,-0.164676990860539,-0.07469899900932359,0.06686326066623685,,
25.78499899999997,-6.0102990283460045,-51.8980154865196,-129.8232953521898,-0.07990109972227552,0.42737612381909157,0.06028909076327429,-0.12619605862896915,-0.0901387827485148,-0.007779316193636637,,
25.79453599999988,-5.3493013759745605,-51.80028156810597,-130.67227301773113,-0.3447889887531427,0.2815397049574447,0.08158068008818474,-0.052028422610230995,-0.07245550403000191,-0.07196155148005401,,
25.804038999999875,-5.2587250370268945,-51.68494130449362,-131.12115075322487,-0.33498951890344114,0.15019921166743583,0.2605721325112805,-0.00405047291459229,-0.020911740645457626,-0.07755040674017202,,
25.813514999999825,-5.938779869653611,-51.61688011819458,-130.9956772265527,-0.34712051090236357,-0.017323945088521295,0.3459701781900135,0.051613650023764696,0.05755896265947263,-0.08527789447313436,,
25.823024999999916,-7.185027801870247,-51.55384273920887,-130.35780077447401,-0.27932799524721413,-0.1747711534990471,0.22920396502119375,0.09650356593014876,0.11221774729631503,-0.06911360729442,,
25.832467999999835,-8.756627802518416,-51.60795099824597,-129.39925495834117,-0.08359115496306203,-0.2502638550381875,0.08727295355978808,0.10297913119408172,0.15988963194203085,-0.05174232828076275,,
25.842103999999836,-10.438026195000587,-51.788336441035646,-128.36747795500384,0.12043108048198252,-0.21035679565765417,-0.030124283294713335,0.08883670162533915,0.18804007929394134,-0.05451283626763459,,
25.851617999999917,-11.862833400653978,-51.97654590082145,-127.53690822469389,0.1027569096465411,-0.17226485183929952,-0.31423207094774575,0.06461600811502588,0.16502270071634711,-0.05479322317987647,,
25.861133999999993,-12.631899169500233,-52.15363723196492,-127.06023358220979,0.20292091710341567,-0.10008556934529236,-0.44026304719197734,0.01522379593443855,0.09979201307464867,-0.022443788282677957,,
25.870633999999882,-12.758761642126089,-52.2606126352475,-126.92319838947441,0.3152774287842259,-0.05528776537616826,-0.37487051597523496,0.0,0.0,0.0,,
25.880132999999887,-12.458790666059128,-52.18329977481529,-127.03310689736962,0.16403301554315128,-0.05262876918939477,-0.34658908083048445,0.0,0.0,0.0,,
25.88959,-11.830923041057641,-51.97550916549541,-127.19495038936563,0.05764548933970893,-0.048822388382360575,-0.2189482064465657,-0.02726705954934279,-0.08390752971613694,0.04122589254733276,,
25.899159999999938,-11.181528298958593,-51.72768452856101,-127.21489772041278,-0.047944741299640804,-0.03834595771835723,-0.04697118009909644,-0.022954552267808473,-0.09129276838641265,0.08085695734468326,,
25.908698999999842,-10.927621915241296,-51.60948748378339,-126.71116695519126,-0.21391348883841066,-0.007087841307924333,-0.016929524839260836,-0.012264540260221824,-0.08453219753737895,0.12866872301611948,,
25.918265999999903,-10.497186779769715,-51.35375664523924,-126.07336018891291,-0.04278373822678639,0.0741734100809076,0.07307331630009255,-0.020013780520795135,-0.08031054505656447,0.19148230482061546,,
25.927739999999858,-10.376897797327413,-51.09132676351702,-125.31635125440935,-0.010233182663296647,0.16612420406843434,0.05405635163690602,-0.015052435755764903,-0.043280150737884826,0.17352616658468403,,
25.937296999999944,-10.509108110306272,-50.826444543101104,-124.56966103493215,-0.06639901461340454,0.23966200517117855,-0.05508235035485163,-0.016225442846003378,-0.030435654560267655,0.13207844909065927,,
25.94679999999994,-10.378552832756249,-50.456384289512485,-124.27671812378233,0.041642549930608244,0.30550579542963013,-0.05969845792627749,-0.03228216425834946,-0.044531067631537836,0.08194189137123746,,
25.956310999999914,-10.303444903573459,-50.17118951512707,-124.40449067788339,-0.022867559432093208,0.2904677964244469,-0.08526641582986531,-0.04080449503691127,-0.043683789941611734,-0.010948352227948063,,
25.96578099999988,-10.107197255629163,-49.95577030574373,-124.97890653643799,-0.038884624922888335,0.24762423270944023,-0.020536712983315195,-0.04812668447167285,-0.05179798164948957,-0.08182778003304081,,
25.975304999999935,-9.902465289905134,-49.82440027076902,-125.81414580067519,-0.06601101054228534,0.15200397496727097,0.07146129167060535,-0.04127175596671108,-0.04702322016233421,-0.13279769859332705,,
25.98478399999999,-9.687764215159438,-49.79829556031333,-126.74567945303303,-0.1441173549164318,0.04168344145939689,0.09963673440528296,-0.026344114924645112,-0.0231236633030084,-0.15056166231275142,,
25.994256999999834,-9.716589105333412,-49.794509667092626,-127.36188126898068,-0.12302414600250473,-0.04879063440470132,0.15229137731812153,-0.01127725102037198,0.005000071003339533,-0.1247127617919514,,
26.00377400000002,-10.026159216488631,-49.82180259241875,-127.57102882099959,-0.1195879103911712,-0.13563990674986284,0.1077695446264731,0.005878354965563461,0.037655248604648674,-0.08616272959354833,,
26.01333899999986,-10.413763128085744,-50.078740467525044,-127.4669650260007,-0.08445965225717107,-0.16264928826271316,0.054101032800385175,0.00940467706376796,0.05588816528806325,-0.03557490216797585,,
26.02288499999986,-10.660921429784748,-50.33030740732278,-127.27119510048051,-0.020781356581181163,-0.16803191777802198,-0.004938346679971321,0.00224739132446849,0.05377879594621352,0.004253190823308941,,
26.032354999999825,-10.679041539299314,-50.58664592622789,-127.15562846779298,-0.011499594446636516,-0.15938426179368034,-0.07425386366931806,0.0,0.0,0.0,,
26.04190799999992,-10.36354925202748,-50.831882399986306,-127.26936010706267,-2.6697857341495593e-05,-0.12155243585377212,-0.07881555451770869,-0.04667680736503591,-0.0010777061125774425,0.029374824142830436,,
26.051388999999972,-9.80301086661175,-51.08002230918332,-127.620214921581,-0.061341110459776735,-0.10138747792347531,-0.015358180224168216,-0.07377905335120957,-0.037092769372392,0.020223370128551046,,
26.06089699999984,-9.101235918616704,-51.28910369037434,-128.13630530908483,-0.12520149128323452,-0.058903650595746426,0.05625768329140543,-0.08893550804725948,-0.067397331380646,0.009453200106406264,,
26.070379000000003,-8.23858257175178,-51.34266113876271,-128.82139675782335,-0.19450258927791064,-0.019049842294020625,0.13538249209927736,-0.08971057047771258,-0.07521602898777896,0.0007790141554176797,,
26.079888999999866,-7.543745005032437,-51.35573541735752,-129.38662695462065,-0.2489524272111329,0.02574728382846046,0.2169552289913876,-0.07099110063866483,-0.06313674207037852,-0.0015130349336025613,,
26.089379000000008,-7.155027467743883,-51.28588586563194,-129.58039210592779,-0.28720320409767225,0.02827431997346748,0.24915682841751946,-0.0342583325894993,-0.043844995560109366,0.005104764422134595,,
26.098843999999872,-7.139890716007869,-51.137955428197984,-129.43976136344938,-0.31260745362011416,-0.008331474565028266,0.22354499288966137,0.0,0.0,0.0,,
26.108400999999958,-7.431000493347832,-50.94225832269818,-129.15052782988403,-0.30326756557296636,-0.06240859298131002,0.20989441337361808,0.0,0.0,0.0,,
26.11787400000003,-7.865455318119998,-50.68806397011122,-128.75780195831192,-0.2558799436086919,-0.11745543378690917,0.1924215131926955,0.05997367263164922,0.013223341786832628,0.014046078272679317,,
26.12742400000002,-8.257280113607779,-50.37853674689379,-128.43946451538903,-0.22751525074040221,-0.16954460419724152,0.15370520014798197,0.0653951252090041,0.002763378809057019,0.006046424024689893,,
26.136934999999994,-8.427774252915006,-50.019531380099934,-128.3325134663877,-0.20013209829205042,-0.22241398741235463,0.15607238033390203,0.05576746482697598,-0.02506656819038475,-0.0019160017123186616,,
26.14640099999997,-8.273628688482098,-49.57008845694355,-128.4995446867752,-0.21070353913031728,-0.24223013032027468,0.22685349545512765,0.04398113600711371,-0.06909761723337002,-0.00699337084473835,,
26.15590999999995,-7.791982738297552,-48.986087049111866,-128.89834116115114,-0.2895908736494105,-0.25345462046523887,0.3411079300874668,0.03776119115427302,-0.11980071219238729,-0.003963825265818692,,
26.16547199999991,-7.089980275659628,-48.2562596973099,-129.39548737473683,-0.38397137976617196,-0.26793197736838237,0.5287969742699382,0.04048126792362612,-0.16194070164257726,0.008571270715242305,,
26.174990999999864,-6.344884655245036,-47.3671874590576,-129.8224743093155,-0.5231691385009173,-0.30516497011993365,0.7246907086227856,0.05904415293044526,-0.18837672889929255,0.02747693321398016,,
26.184455999999955,-5.694052887188286,-46.308778254335046,-130.05760930032142,-0.6525517233462373,-0.35132779995754987,0.9071674209963544,0.09098905245552615,-0.20219452393430218,0.05015717319334923,,
26.19400299999984,-5.547604339574363,-45.32472380611218,-130.03376494293,1.2726586139101899,-0.08735058153013474,0.6377821311493743,0.12338766431490297,-0.14024576336784156,0.02776029579066112,,
26.20340699999997,-10.371610544757663,-49.43831634351,-129.49524029170223,3.2681642329734286,3.077134870325258,-4.94127923182442,-0.22737658858784202,1.0332473053257571,-0.5717570654781591,,
26.213014999999814,-15.593142148732277,-57.89258877780587,-127.3833778067128,0.3379872967301538,1.9745092997395028,1.3523759810297504,-0.9481742826705666,1.5456113641698601,-0.3292260433724876,,
26.22242899999992,-12.9522660621099,-55.939592834347856,-128.0117498248155,-0.04142075990351725,-1.0334643775740753,-3.5758699116487485,0.11889543949899974,-0.4645492943503249,0.3501352399832316,,
26.241383999999925,-13.484545235278592,-47.923195911792064,-130.1392279953759,-1.1303022609293092,-0.20270286526837916,-1.0643909058548056,0.4016285080140288,-0.11812019968401109,-0.2909532159488487,,
26.25105899999994,-12.306581476393939,-46.25669703708028,-129.8608863548018,1.2319668164119155,-0.9360209400469675,4.191909205026139,0.13875873591600957,-0.33428609945179416,0.21519113633001924,,
26.260573999999906,-12.202921077598443,-41.764159837485785,-130.3142557495854,-1.632037868080123,-2.199157811065886,1.7922012090203243,0.6655170740500381,-0.5871355226798223,-0.0957813331788006,,
26.2698969999999,-11.944677767008526,-40.2423728823997,-130.02361472672638,-3.2659630020792676,-2.7934821462176775,-0.5425217065019036,0.19378006383744126,-0.2232325783691702,0.07622042139381556,,
26.27961099999993,-11.333593650422651,-42.6645620842829,-129.03661686407702,-0.9739201088018021,-1.8390480539851843,2.7229795259391363,-0.4468404298316709,0.24112544329464486,0.2924199076489423,,
26.289116999999806,-11.277963428090354,-45.18947528371815,-128.3277857169778,-0.6503486101917381,-0.49732016449830463,1.6132450983075057,-0.4138301699326671,0.313038793308801,0.175862003826378,,
26.298631999999998,-10.047433323208038,-47.6077247402772,-127.88419883411845,0.007400480418101821,0.23229294812709628,-0.8139867148953127,-0.5002301656091215,0.16828756352103882,0.2956162686467956,,
26.307963999999856,-8.585571555074251,-50.6900498792462,-127.60987825739652,1.0423468073085471,1.1414175247897624,-1.0589305668812654,-0.6196310425764657,0.22960500832739233,0.304572712309142,,
26.31747099999984,-7.011975102836686,-52.526119194117406,-128.0043959353767,0.646025813391022,1.4873599585318087,-1.2951791561670691,-0.424864527492551,0.07336741329827591,0.18422756325690998,,
26.326981999999816,-4.370836646889855,-51.96464519005646,-128.89897369705542,0.6204457245787398,1.4942917130275624,-1.5934644386672734,-0.12730216668702352,-0.32171885919006094,0.2192907551904814,,
26.33649300000002,-1.8699180147621643,-50.356423712172756,-129.92724324092794,0.4296237956103813,1.2926661922164902,-0.7345026956758968,0.03554075837162378,-0.445469130671676,0.1625258405357437,,
26.34618599999999,-0.38843376564747994,-48.66320923824504,-130.63295373057716,-0.3787451674461913,0.6671458111255798,0.47786993137070094,0.12001943361299816,-0.36461698235481593,0.07003837655569918,,
26.355697999999848,-0.023622365747289792,-46.93366579802353,-130.60635355773337,-0.987648141819674,-0.059922698105255086,1.2977177716801362,0.21666513745748817,-0.2612678700714086,0.04962920539346049,,
26.365160999999944,-0.8735513926106999,-45.856803260679825,-129.80309263768325,-1.2626459910905472,-0.6255445760256443,1.222077085752,0.22600356842200356,-0.0481045000337532,0.02898135462933295,,
26.37471800000003,-2.6398379449047944,-46.31047478994848,-128.6841127584883,-1.0034151748041993,-0.6917846614004667,0.9999059364620909,0.07059171055914522,0.24883996390628887,0.0018125085435694948,,
26.384225000000015,-4.896496880277831,-47.78040262893177,-127.54726417534769,-0.09844119905090254,-0.18624835442140605,0.844721822294312,-0.05524239001120142,0.42573120159052047,-0.05565317417215234,,
26.39376399999992,-7.258889153175946,-49.340238498185045,-126.86520700739172,0.47453272289033327,0.20466625871910377,-0.09574078753248054,-0.07306386203975421,0.44037924706558146,-0.17199864424757164,,
26.40307699999994,-9.11676113831289,-50.72964350077862,-126.93094617073034,0.8231519528340789,0.4605843847724272,-0.8855891002890771,-0.09284343178204034,0.3607091894751499,-0.26608639945754053,,
26.41258999999991,-10.254895327242512,-51.675938448644,-127.73417951936594,0.6611104040248802,0.44559379453694414,-1.1403691837955134,-0.07807796705407455,0.2313831668696305,-0.3278817742323506,,
26.42203299999983,-10.29547667148973,-51.66493816439848,-129.0597063788583,0.5349772971860801,0.28160892685301525,-0.9071106199268493,-0.009032398312731643,0.005712664856468206,-0.2764926190519819,,
26.43172699999991,-9.769364537325144,-50.738484880788,-130.4286363856157,0.4679434598188231,-0.020664862266003947,-0.32998029713669563,0.08680422458233265,-0.16606089600632634,-0.2090797363515101,,
26.441238999999996,-9.471686450216874,-49.52460525369195,-131.2852032430694,-0.2202823162981904,-0.4517490929811835,0.1820505652137017,0.1452674883286951,-0.18444803044416314,-0.1492762526807205,,
26.450742999999875,-9.158907777897674,-48.38954337491451,-131.41149124500544,-0.46713905644025794,-0.7870883168321615,0.8619186745346158,0.12968010040797195,-0.17772858733039026,0.006624537508958313,,
26.46025499999996,-9.088256647283972,-47.55735384679435,-130.93257519869982,-0.6919226693855652,-0.9329613390631598,0.9123337037240667,0.10515226034714194,-0.11380096329084827,0.1091330487071353,,
26.469768999999815,-9.196640358439522,-47.55123246769224,-129.92226944083006,-0.6976814207726011,-0.7657418355314403,0.7320769918119806,-0.003775210734615223,0.013208842592257547,0.18887293653882506,,
26.479282999999896,-9.212240393339906,-48.33574632112665,-128.73534248536612,-0.3168307301421306,-0.35385957158378933,0.5392593547832167,-0.1345296953847722,0.10382469650093348,0.2379231306583243,,
26.488791999999876,-8.935317169596063,-49.320624948969595,-127.83123872266582,0.15432741033484818,0.09315987425873441,0.1445991061201645,-0.1918108828952671,0.0959606473915215,0.22544055905665378,,
26.49832399999991,-8.452032669040522,-50.12370065229968,-127.52653266492833,0.42092287781741744,0.46205131864359184,-0.1957914233603839,-0.17986922858396642,0.051091599210546075,0.13762636643850368,,
26.50781599999982,-7.7544180923294235,-50.557754237890336,-127.85688057978012,0.23605720311941253,0.5418539024240341,-0.47933080698995445,-0.13758114332679197,-0.015112116711425273,0.044250954314269036,,
26.517329000000018,-6.713260528676283,-50.51199499983688,-128.57242643573008,0.10179012831682092,0.45259570080986994,-0.33370549236839075,-0.0890268807483558,-0.10752855504175594,0.020508293187156988,,
26.526867999999922,-5.8898323812953395,-49.99283265068566,-129.3046953146731,-0.10791667128024086,0.2827048586890961,-0.05291030044889715,0.0003797832913501706,-0.14509722525971738,-0.01715037585365844,,
26.536358999999948,-5.6526707816571085,-49.30458108792049,-129.666773299884,-0.39308708830100175,0.08776294124437983,0.16462707668686125,0.0725922564070487,-0.10911336568495127,-0.033788943397353215,,
26.545855999999958,-5.988397033951257,-48.74253019362997,-129.45010404016733,-0.4374842075774379,-0.08328225438977556,0.43552242558033405,0.1005892201224682,-0.035446252739697474,-0.004983681060412693,,
26.555374999999913,-6.896878591712647,-48.3619445993866,-128.72025010244502,-0.4439291745270187,-0.17850443688671386,0.3315588922985412,0.1207926772530168,0.04763797144330497,0.012151150075249072,,
26.564887,-8.062973797631027,-48.24849621583309,-127.77948157153924,-0.2219940288575704,-0.13559308843426937,0.15558420813881849,0.09975846178493532,0.11003698846585704,0.02949162340707258,,
26.57440799999995,-9.246793810246276,-48.354028855353704,-126.92783732556533,0.05715643032501153,-0.017952751037689466,-0.0823649841155399,0.06468019131565292,0.14032652152803188,0.010400494303697638,,
26.583922999999913,-10.159529627578456,-48.52037024115142,-126.48182648380075,0.23796137810837253,0.09841394542554983,-0.37704961482141447,0.0315890110513793,0.11937182052884746,-0.03369310980284774,,
26.59343899999999,-10.575915746323096,-48.63103433139141,-126.60605453606772,0.38024274219624576,0.17434179423706067,-0.4732523172917267,0.0008880844903978428,0.05989399557772214,-0.07524936544159586,,
26.602934000000005,-10.529189629484325,-48.57851233786071,-127.14701725617034,0.30973198529756374,0.11586390111062811,-0.45320313258962264,-0.00942121629968416,-0.008756506511028292,-0.10729921482337128,,
26.612429999999904,-10.197845041612315,-48.32236909962561,-127.84772707088342,0.146619450585215,0.014765474052707317,-0.3215392936888599,-0.0001336937914068811,-0.06353007027839949,-0.10859416773383294,,
26.62196599999993,-9.821727860808505,-47.966135198841805,-128.4160355104247,-0.08255915686500573,-0.1216858620171035,-0.13219479516820648,0.011020113103743668,-0.08092409926350222,-0.06820576535197115,,
26.63149499999986,-9.559806351550751,-47.62085839871421,-128.5762979283484,-0.19162924358485592,-0.19016016966127086,0.018717578832386658,0.018039345533984105,-0.06800507462118383,0.005760644783111978,,
26.64102099999991,-9.520796784098938,-47.36438955882124,-128.23727950211833,-0.2334176510343652,-0.17716271893952446,0.03134569634328915,0.022754235897815216,-0.03354944258133989,0.07635702094159308,,
26.65053399999988,-9.621700723854525,-47.29279353884333,-127.52948790311277,-0.1630362632978388,-0.06275353472878037,-0.024940430446402876,0.005451666418638577,0.004336205110405814,0.12952950454190912,,
26.660037999999986,-9.664345853756348,-47.38512171201209,-126.77431288194528,-0.0022316602497466907,0.1007240127665205,-0.07062494361901815,-0.025560164479605418,0.01793811652874806,0.14759397745933195,,
26.669537999999875,-9.530095248367235,-47.520047040598804,-126.3456185687428,0.12935817856115683,0.23155803910434908,-0.14302393383243123,-0.04685983231917068,0.0035418203144021564,0.10833336064563927,,
26.679035999999996,-9.163971032550153,-47.649039038764144,-126.48982462659775,0.06595144007371452,0.2850562356879355,-0.22415029353921018,-0.06445740926236955,-0.022406055909173283,0.027960480006278706,,
26.688568999999916,-8.475957849135597,-47.757915823949595,-127.21941359163772,0.06592360254955307,0.2700407207983667,-0.0872879517719071,-0.08734824750341469,-0.05896839850163581,-0.04148886728661608,,
26.698086999999987,-7.735048694786615,-47.789948258727655,-128.3503817663563,-0.08168643638242278,0.16971886999041044,0.015882383661427184,-0.08042056855078228,-0.07255291166787775,-0.11395963898544784,,
26.707576000000017,-7.114780381015038,-47.811982852220304,-129.45538210151201,-0.19798280453576028,0.0631363055651987,0.12089548214559956,-0.0700242777659208,-0.059694398633500075,-0.14216492320780283,,
26.726585999999998,-6.903478124905948,-48.11188509417419,-130.68742370837248,-0.2155391868760344,-0.06006495860726231,0.2299935599142798,-0.0344271089128969,0.037001124255730336,-0.09966096076859011,,
26.73610799999983,-7.26406803591324,-48.3394354210468,-130.70294832687125,-0.11038759108055783,-0.07877149891554053,0.15422373733774963,-0.01738295652912702,0.06902459153036886,-0.04966291335732508,,
26.74568299999987,-7.6960043463855055,-48.69410146810553,-130.52912673422512,-0.02567216744081721,-0.0896880952580497,0.0417878954614282,-0.011712052403650322,0.08713707998427636,-0.01907927693869411,,
26.755193999999847,-7.912908251222544,-49.004846643373284,-130.44064474038018,0.0448247159573861,-0.08912883118878427,-0.033686081744573375,-0.020424572552866258,0.07306753249152684,-0.007312024234070174,,
26.764710999999807,-7.756054131416785,-49.26102476487729,-130.654280730437,0.06360343121340123,-0.1191713847714906,-0.04218115632391113,-0.038288784682249145,0.034444263130016604,-0.016386142851223272,,
26.774220999999898,-7.326358210890357,-49.58411871619926,-131.196732156261,-0.017687597121172908,-0.16226860987200195,-0.0037983599216196177,-0.0638163345786907,-0.0008594502155631848,-0.040542961988105475,,
26.783686999999873,-6.769998998695547,-49.7502997521627,-131.90384513188695,-0.09626006429447022,-0.18676760182056446,0.11812726895787239,-0.0868531399117637,-0.028787007440498467,-0.05397756520029084,,
26.793160999999827,-6.13100235004118,-49.87828625266301,-132.67151111334195,-0.18930434985456693,-0.19521868533094816,0.2233545063171105,-0.08862755895079528,-0.040648273839194254,-0.05333398981197304,,
26.812177999999903,-5.305276686370037,-49.977017225233,-133.37382222563457,-0.33986282240181404,-0.14380356923692733,0.4851771325357821,-0.041369858111470745,-0.023137487241193223,0.018038574665702353,,
26.82167299999992,-5.295274918541333,-49.8445929300267,-133.07175277155488,-0.43028185892321,-0.15956583049370626,0.6097049303950088,0.004277343986906725,-0.01602094062753499,0.06440933907828324,,
26.831187,-5.452084468178675,-49.55262474192858,-132.4356776274555,-0.5078521891318285,-0.21469421201101793,0.8104181388923347,0.04252575498239871,-0.0218663288676616,0.10576931873400133,,
26.84071499999982,-5.657674412250917,-49.09277216647109,-131.68613895896928,-0.6400850533713339,-0.34235424668123426,0.9581656932135235,0.0721248634167142,-0.039040757422481066,0.12118847951223921,,
26.85022499999991,-5.814378584635506,-48.594689943948616,-131.04828683503519,-0.7956989241430465,-0.5070391540934471,1.0673623946542603,0.07425800159324616,-0.0478358572727229,0.10639866895704972,,
26.85972099999981,-5.936390617580535,-48.155573717458196,-130.7112129710114,-0.8475929888795319,-0.5983540903401298,1.1631491612152118,0.06282401256085789,-0.04279279098560892,0.06362523799778104,,
26.869241999999986,-6.120335632504547,-47.78086311144171,-130.5871774190868,-0.6384288172001544,-0.4438162979660126,1.3820072499124967,0.05873137343272389,-0.027656448927989463,0.007338381585261363,,
26.87864999999988,-7.316923275248112,-48.91976629552071,-130.46203262563088,2.346675928592872,1.9591433522549633,-3.3149646704316753,-0.08408239474362193,0.2721656330800383,-0.14489938628009003,,
26.888086999999814,-11.23441194617576,-58.831676680917234,-128.8685107636814,1.9403955036606206,2.1894036350713244,-1.7727086325437302,-1.2434824926252825,1.6298360716885794,-0.2676312016859068,,
26.897674999999936,-14.128000121360335,-61.73934021329884,-127.15762610286482,0.9450141655656311,1.799352950345703,-3.93971413817303,-0.2954124923379391,0.5892057384698408,-0.14283482027750444,,
26.907179999999926,-12.151198976613042,-54.58407053235914,-129.34881579882304,1.9155941502329492,0.6373127055321953,-2.686843100818091,0.9844609323775407,-1.0474602337998897,-0.12084855786238657,,
26.916799999999967,-11.260619843329899,-47.56456105509016,-131.82787052888347,1.4526098147274444,0.9048957828138737,0.6399770619126952,0.9846460917703219,-0.9935961000454648,-0.42332623309634143,,
26.926303999999845,-9.389568904658947,-43.36395872103031,-133.8634763631815,-0.7665141659526092,-1.439082517634098,2.226980676897508,0.42662956688256615,-0.7598829809607811,-0.2065339318866475,,
26.935817999999927,-7.788354391234506,-39.20401986505989,-136.2284345183745,-2.0076512408274816,-2.708928378256156,4.044759968087424,0.40599025181377757,-0.7550460450374081,-0.3115038823811291,,
26.945146999999906,-6.910988193704816,-37.942673510924635,-138.0031954182657,-4.308678842207388,-3.324028129398336,0.22349605006217896,0.05779164978453042,-0.27417754455363297,-0.2787923638924905,,
26.9548299999999,-6.600333257700643,-42.13230094980902,-138.8958119441761,-1.8211494863317417,-1.9413477796668794,2.2662512534386496,-0.6053295702355823,0.60201852074155,-0.10245222999059457,,
26.96434299999987,-6.300029347404946,-46.55168093786075,-139.58301129032114,-0.12880355362166337,0.19346514313410923,1.4373427850041223,-0.6223060476727613,0.6493902976998244,-0.017679140546097292,,
26.97367999999983,-4.598606191705939,-49.14025822088627,-139.7927923024549,1.15935456568849,0.7305344291500061,-1.451253702762522,-0.5233542110912277,0.2529465925359429,0.2505302391151953,,
26.983281999999917,-3.464169466861384,-51.74608697634164,-139.6732853723031,1.5617476139278683,1.3987653164839782,-2.652727355184919,-0.4614263249887679,0.3098535012728894,0.22753183897175883,,
26.992711999999983,-2.4620083321239816,-53.511251452707576,-139.3072157286357,1.0131889380640504,1.3922791774895715,-1.9051896983582537,-0.3361968860766409,0.19424215528000233,0.2508123601432827,,
27.002221999999847,-1.0922185982244328,-51.66296810925543,-138.71665594683617,1.469509730536764,1.3201681034423807,-0.9215055837447129,0.10314128702168877,-0.38514359405312126,0.3313520894007105,,
27.011725999999953,-0.7857335515371937,-47.77477692800367,-137.97686800855413,0.6239717760279747,0.9909684703829267,-0.7602066638193066,0.4745269461537982,-0.6046390848973612,0.1749600550068846,,
27.02141299999994,-0.86481867475968,-45.251359253375924,-136.93817013956948,-1.0055229051030687,-0.11580380026448649,0.5388756658934051,0.33582229979677125,-0.36174216113932106,0.18147288819023064,,
27.030939999999873,-1.0524022544942193,-43.336737500679426,-135.56581187782984,-1.253867380020543,-0.8167123453361728,2.6974916057076066,0.27015950023704954,-0.25580528073497416,0.25751055389882377,,
27.04044399999998,-2.2605194805326247,-41.67670866539986,-134.0458906866504,-1.9220530202561725,-1.3831594178311255,1.3093381189392304,0.34710207455235426,-0.10547921165320373,0.16085965731174015,,
27.049957999999833,-3.5169772280446634,-42.6302926870264,-132.72933927512898,-1.4816345020440487,-1.2226128854533886,0.6192491782128051,-0.02479144096022146,0.26934263235999717,0.12682269144517694,,
27.05946199999994,-4.909581896202511,-45.5448089289161,-131.96843511192873,0.04366746696569236,-0.05613331832558499,1.176434276017059,-0.3099167461564847,0.5446218513447313,0.0035774715101028936,,
27.068989999999985,-6.082005470404003,-47.829514688490406,-132.0834362585605,0.5485882968561901,0.562768224350986,-0.44801321523232546,-0.2458909035439538,0.42937160817793923,-0.1638855496682478,,
27.07838199999992,-6.254698322880655,-49.4240318681213,-133.2159230542934,1.0103379995459838,0.8749407780700272,-1.9467251220316883,-0.23322594882913128,0.23695902514063003,-0.21778569098201156,,
27.08781299999987,-5.833404672876078,-50.893313221757595,-134.84177594091946,1.0504142484647399,0.9359057985855959,-1.7002259624003857,-0.26315703581246846,0.16953115540479563,-0.25813268382581034,,
27.09734000000003,-4.947925931223368,-50.61997835066028,-136.6652875351674,0.8583468313705575,0.7202909498656757,-0.8915485271969823,-0.055866079130496786,-0.11351074827038567,-0.2458740060892478,,
27.107025999999905,-4.336619575086378,-48.238396483005715,-138.0683745115937,0.363129546338267,0.3329889095475044,-0.6520584573299951,0.2512928782068178,-0.40052390631587736,-0.21423248511291684,,
27.11654899999985,-4.423077337665986,-46.125657782700024,-138.348608889055,-0.5656857772635917,-0.30837474165752465,-0.049148229416693015,0.2774459504624031,-0.30313497469016426,-0.10360948669880102,,
27.12604999999985,-4.941697432617271,-44.85240924276984,-137.57684058318617,-1.1165634062539143,-0.9308813346993573,1.3524147978973877,0.21097589651248286,-0.13651185502307053,0.06284307768655079,,
27.135545999999977,-5.757692067194244,-43.61777435864164,-136.18066822190002,-1.1733835231382042,-1.1809824930799278,1.1830005912701531,0.24039808151925557,-0.09676528911015223,0.16714794529754537,,
27.154563999999937,-7.603098982635284,-45.71770365694784,-133.18164614566058,-0.1757593328776701,-0.4652869609269288,0.6618405769377018,-0.20283259710582835,0.3554807785783753,0.18926669242816024,,
27.164100999999846,-7.995865302010394,-47.545831998354736,-132.611044085435,0.40087217927665675,0.15888997942471805,-0.027006659142779613,-0.2453050460942111,0.29256719849759666,0.09073663074765778,,
27.173417999999856,-7.493020035481468,-48.8110361407323,-133.0342034304643,0.6363652159636949,0.5138520222980948,-1.0954271475233652,-0.2455518718031902,0.12666790672225306,0.008206866250031166,,
27.182585000000017,-6.3100082810653655,-49.90245540838355,-134.18970809938543,0.7253602784108867,0.7249098837742449,-1.0097018853349935,-0.27876897238073367,0.04271297532555868,-0.04899713814078865,,
27.192636999999877,-4.80308374125953,-50.00402726113441,-135.68948208645074,0.5235557330231222,0.6670152445030775,-0.5040746783964564,-0.16544890716547103,-0.11944304316046368,-0.08167683819341387,,
27.202147999999852,-3.4763579772235507,-48.75482757789583,-137.0090663287876,0.2398932196639735,0.46219121861795537,-0.15478993475141267,0.033796846183354386,-0.2967085692361397,-0.07527794260057025,,
27.211656999999832,-2.951094238133474,-47.41778809118875,-137.52869473485313,-0.3573970764988726,0.065039207480545,0.26111787773619005,0.1163456250236178,-0.24057977033510597,-0.04653268879680269,,
27.22115299999996,-3.1309827137952113,-46.54951719200921,-137.1477908434128,-0.6873765671692759,-0.2987750400908187,1.027653814221799,0.12192173538739821,-0.10751126211943546,0.03302409905684299,,
27.23064999999997,-3.9174974531884468,-45.82563089275233,-136.19776575475686,-0.7379473063945385,-0.5293456697443681,0.9379401936744994,0.16464938011730387,-0.02719826199881022,0.08286210186052989,,
27.2401789999999,-5.059747530424851,-45.84533861999712,-135.0268703471436,-0.5678071254990106,-0.45111107917314813,0.38344066714438185,0.0969924909861017,0.11766455420264478,0.0847845044436517,,
27.2496799999999,-6.055723135219624,-46.78684232103588,-134.08755872850853,0.05959833849610122,-0.08899690959501322,0.33042198421756186,-0.051809239417237724,0.233917564870443,0.05781028070222904,,
27.25921900000003,-6.640828087325315,-47.698829340605855,-133.94136025742094,0.489735528565387,0.24881161403506974,-0.14508425380945617,-0.09008223429770192,0.18773205367215945,-0.03673314284316369,,
27.268556999999873,-6.524849416251213,-48.21981003852207,-134.73013686804669,0.696617578913468,0.4702960958182312,-0.757890305833874,-0.09950041428204945,0.0655710225018205,-0.13082334412797156,,
27.27803999999992,-5.775376037881081,-48.58883214218372,-136.2377289367377,0.5390999909824423,0.3738383441379189,-0.7503626386315538,-0.1367848116252015,-0.013145004114098175,-0.18716707545906555,,
27.28774499999986,-4.780470325853716,-48.32105260533056,-138.03079186658871,0.4515837879085371,0.3725965180955107,-0.20812615661654518,-0.07418230819302674,-0.12496084439244869,-0.20752212284076837,,
27.29726299999993,-4.010953139165654,-47.42661431788624,-139.3572803978176,-0.09948813339474841,0.02511625639519712,-0.14086401509393123,0.027021390747480008,-0.19840463481810913,-0.17171008281456412,,
27.316265999999814,-4.077273310837191,-46.10288451730429,-139.5242901228235,-0.5558338076995334,-0.4086426462424366,0.802657215789739,0.09161682217888614,-0.04654904305730135,0.013947755778843178,,
27.32577900000001,-4.82562334041867,-45.71858624469787,-138.5621098533301,-0.718663317735977,-0.5910031018645701,0.40115450174051087,0.11524459587444157,0.014425350182234419,0.09114648002771515,,
27.335276999999905,-5.742696498402846,-46.01761353608907,-137.36180131708463,-0.35980785997462617,-0.43523750118361354,0.24603104285417848,0.04095447990417627,0.13418524991688405,0.12957226669547436,,
27.34480099999996,-6.587289167645718,-46.85892783945641,-136.35868469707844,-0.027375970740500345,-0.1816964083403256,0.13593427670650163,-0.04395280165494743,0.20675953213325152,0.10957462344514729,,
27.354319999999916,-6.91578328196331,-47.506710879873154,-135.87590018586707,0.33659126926009,0.1101811460742084,-0.2087356970992301,-0.07166120898407648,0.12855595899919586,0.0610686769677746,,
27.363824000000022,-6.666752117503541,-47.9570723320405,-136.11759869872375,0.4041647488343639,0.2539777465288706,-0.5352219362794606,-0.10074250707542455,0.045641761123890394,-0.00914120409987854,,
27.373374000000013,-5.971437679406247,-48.27071381184321,-136.9612986214229,0.3436285498094309,0.2975985535770009,-0.26499903409265035,-0.1245871164396986,-0.014178504838086888,-0.06288845541889707,,
27.382888999999977,-5.135486226495206,-48.08516573461142,-138.02983723205762,0.09577746230859989,0.1862841299596014,-0.005850653235186087,-0.07103389939941511,-0.09855390534697397,-0.08688281476259833,,
27.392395999999962,-4.6060830164473,-47.642527341054695,-138.74344687662017,-0.24062000007765075,0.002197228055193581,0.06732517259823532,-0.008081474794544916,-0.10919613987969728,-0.07371731403121214,,
27.401873000000023,-4.620979705603999,-47.45351080692364,-138.84111843597637,-0.4356524907686045,-0.1428276030327285,0.31067306386241544,0.0,0.0,0.0,,
27.411382999999887,-5.1607291877491415,-47.408896070530666,-138.23486269490846,-0.3835791789009118,-0.1644352954596915,0.3792700439040445,0.04679356930336998,0.04598844246138806,0.04377481302559477,,
27.42090999999982,-6.026552966358458,-47.48061463782267,-137.17132419969715,-0.23681416691269014,-0.10610992698634568,0.06930279114082386,0.06310878240606986,0.09368863950704757,0.08728352973251749,,
27.43042300000002,-6.895513521835989,-47.79237448806379,-136.12703106755615,0.05752851295716036,0.05530867372198644,-0.08798732837156366,0.028496732675537297,0.1299265674428496,0.09652630711600854,,
27.439930999999888,-7.439512170586743,-48.05371406699546,-135.543439850778,0.26756873153428246,0.17107027862112778,-0.23421297422971155,0.0020096482936791237,0.09241441706419896,0.054979009818373725,,
27.449451999999837,-7.425992497294538,-48.05042253775947,-135.68012647147268,0.3054272543500353,0.21840898426755861,-0.4240314212599129,0.0,0.0,0.0,,
27.468488999999863,-6.127100577839501,-47.650488211360184,-137.75377288779438,0.01171844448620883,0.10315705723826832,-0.03056351158261477,-0.05245409293059523,-0.10811606673524235,-0.14058917838780943,,
27.477989999999863,-5.419869117632474,-47.18814394764477,-138.95752348888584,-0.24103376217005987,-0.008621718046589876,0.09854678586708217,-0.023766508647081762,-0.12837735076289244,-0.1451853473992705,,
27.487483999999995,-5.070268801144327,-46.83232071928721,-139.70168603166846,-0.4202160921029501,-0.09021127328142355,0.1922085531871186,-0.0034922853535616673,-0.08054658381937421,-0.10159774125341152,,
27.496987999999874,-5.155294427248486,-46.66628350778263,-139.7846703493029,-0.4216556741362832,-0.10061577060588006,0.2819819283299249,0.0,0.0,0.0,,
27.50649899999985,-5.575039002479588,-46.56762510414064,-139.321362157908,-0.30495894783700905,-0.05790989716050314,0.14741673114532422,0.04294689669732083,0.026967068306103223,0.04545771410741625,,
27.51605699999982,-6.111816249974031,-46.58027690100774,-138.5444995361981,-0.10479235753784819,0.036940392570547244,-0.051178831068926636,0.04020286658192264,0.05490226187426238,0.08913901015810294,,
27.525540999999976,-6.50399456341127,-46.66539487788485,-137.87566548744985,0.04942757239158652,0.10463896355759472,-0.10585932418498084,0.014985435570790871,0.05302357542455287,0.08708724389708021,,
27.53503999999998,-6.51815227693836,-46.64739146123436,-137.66549680699907,0.12285486911443017,0.11192464175185325,-0.17603666296514095,0.0,0.0,0.0,,
27.54454399999986,-6.128584477315127,-46.55412421155254,-138.10454549808614,0.02577406554574684,0.0950836930931467,-0.18100572802844753,-0.041078302279621635,-0.045412478766529873,-0.029057812007127277,,
27.55410299999994,-5.457270439423242,-46.47447746097808,-139.05474317068646,-0.1460928945261378,0.02490539641557835,-0.02694452636992666,-0.07262040370196551,-0.06863932876443592,-0.0905979402874903,,
27.563576999999896,-4.72458147480753,-46.37084216674208,-140.1765823870208,-0.337822736542851,-0.05998929698414526,0.12172657311055252,-0.07735068953706793,-0.07665543780600888,-0.11631217731284099,,
27.582586999999876,-3.9326334801998897,-46.29856641309554,-141.38930928658232,-0.6360119309395018,-0.19412728043597247,0.2206452455899841,-0.041186949134622494,-0.014975053700378127,-0.029183012876400464,,
27.592088999999987,-4.01833685765264,-46.31114843301917,-141.0862519969095,-0.6768086162207861,-0.2336743284620997,0.19505158953315402,-0.006134707174879627,0.014147506885245463,0.049991727305134015,,
27.60159899999985,-4.285254566486377,-46.26545513602665,-140.29844599343085,-0.7019903074251522,-0.2707190954965112,0.10685622724572708,0.02050856826292274,0.020909112786732645,0.12080872342791438,,
27.611163999999917,-4.494521125661243,-46.157950183788586,-139.3323811363121,-0.7180482889736243,-0.3098920811801554,0.07629711232987191,0.022106311287131645,0.006636622876158124,0.16489425103134359,,
27.62024899999983,-4.4393205861239045,-45.96093410249907,-138.51881278447752,-0.8029918963065058,-0.36280958361337107,0.06693795766495045,0.006137692235063907,-0.030630062806399357,0.1725719548081893,,
27.630126999999902,-3.969988557388606,-45.6834361637994,-138.07750312685314,-0.9001587431465097,-0.40016063197912494,0.1331421869418498,-0.02598884445080674,-0.08110116935763806,0.1574347073376354,,
27.639646999999968,-3.1127992523733217,-45.352819428705864,-138.0323305383441,-1.0285997466641643,-0.4378260489602481,0.2837288849634392,-0.05931157480264996,-0.125830037304823,0.13306679684108177,,
27.649145999999973,-2.0427854323180648,-44.91784774490742,-138.1417873799633,-1.1855945832597874,-0.4708255534846721,0.4252747080625861,-0.06834528486045245,-0.16217490212195484,0.11609537858500085,,
27.658664999999928,-0.9928980681831158,-44.369722141055355,-138.25859454579899,-0.9360725222183119,-0.2773576386105293,0.8739869884790082,-0.052563529714886835,-0.17803761090431755,0.1254776181441897,,
27.66817500000002,-1.5910957556068022,-44.631160432616994,-138.06783767512317,5.026990731869995,2.37834144067321,3.8236741972017394,0.014534131661801413,0.09964172136554882,-0.04467672063826777,,
27.677596999999878,-7.963210271089943,-48.7540859187777,-137.8301932879392,0.11103958830200603,-0.10365520187334812,-2.8675254384366955,0.0859225208754905,1.2037951402307,-0.8386300258261152,,
27.687018999999964,-12.761239354973013,-51.8792236687152,-136.9602949007567,1.5596997018833627,2.016181542765117,-1.0591364054209238,0.016643612781163587,0.8813572493117525,-0.5147407345836649,,
27.69654300000002,-14.368722405156415,-51.322016365299184,-136.190998015669,3.5654952622645473,0.6961645163354878,-1.017084868093885,0.20884216918301998,0.06172549509985597,-0.09448442188060277,,
27.706121999999823,-17.913935632676356,-49.240623196651605,-135.80183080223625,-0.9195010547156551,0.1281461559802229,-3.463975691864041,0.603185185196045,0.021855326817057066,-0.4946450056870196,,
27.715734999999995,-19.209217914291642,-46.87891378048839,-134.9696014192497,-0.23548279866488322,-0.25562551691503343,0.1783793374176856,0.4430802770464946,-0.20894985521268494,-0.05181588576576948,,
27.725242999999864,-18.806798940275826,-43.548228253745286,-134.21328055980544,0.5390380344673242,-1.4968704443316854,1.39003584479949,0.4232830190769852,-0.5028122848642375,0.15938007130303267,,
27.734564999999975,-19.72162130463926,-41.00966687570772,-133.38828300256534,-2.059482045034899,-1.6893426753888772,-0.11573301248170387,0.4480838139737964,-0.2482584532798944,-0.002125363325697945,,
27.744277999999895,-19.575580842093707,-41.25620616649969,-131.9552816759283,-1.5561383820182166,-2.122434877274062,1.3720441679619781,-0.06479924717624347,0.02183256037968742,0.29986262420083226,,
27.75377299999991,-19.320857952635567,-42.74528124684075,-130.70736518610843,-0.5627564560315405,-1.316339979456973,1.3111703691127838,-0.2626266289355916,0.1729223034670974,0.292163736772663,,
27.76330999999982,-18.84176190848499,-44.913623838864225,-129.7662098519102,-0.8342260222193607,-0.3008011613725631,-0.30255529930302416,-0.3899691534088214,0.23192313088089594,0.2584603175966027,,
27.7728239999999,-17.006361384982416,-47.62758385392733,-128.94181801965902,0.6328629851412788,0.43366480771583976,-0.37505095357826357,-0.5953357881122067,0.15209208706288205,0.43418131730490495,,
27.782144000000017,-15.179966624120802,-49.57981970124449,-128.78291927966475,1.2339144897434031,1.164489571131584,-0.8888318839699115,-0.4701201414610698,0.06069338659591777,0.30978482502051824,,
27.791651,-13.260303540968216,-50.07302784006254,-129.31638591202133,0.2958265185191493,1.304757441931852,-1.5132018862266978,-0.24661668700916475,-0.12716894133408824,0.1583284681710885,,
27.801148999999896,-10.547672726924517,-49.238824065217486,-130.21582315031375,0.6065122681616555,1.2278554802935338,-0.6927929715640969,-0.10986487962557859,-0.3741381878506186,0.2002221331943151,,
27.810842999999977,-8.58940740811173,-47.40855135429754,-131.03704701595217,0.10323784219079371,0.7560722441580672,0.15725475330763036,0.09512957757439937,-0.4334393539596774,0.09329807468746831,,
27.820358999999826,-7.8087177804598085,-45.29894327826925,-131.34466110481918,-0.990286821789126,-0.009723518759196454,0.7287767927375151,0.23321517486709878,-0.3563389883790705,0.027359772461091815,,
27.829880999999887,-7.789759611788505,-43.60281381956973,-130.92560313648377,-1.1815648113006305,-0.5303319430829625,1.2811841120975578,0.24003115545962767,-0.22262152379083508,0.07174977804635414,,
27.839384999999993,-8.778363186634412,-42.83145338772841,-130.0098589663383,-1.2059692585042763,-0.7509193120919705,1.1699377163507712,0.19689435711748068,0.012163428616682091,0.04979021907004295,,
27.848901999999953,-10.255874614312653,-43.16655589288679,-128.98102339733725,-0.7646556669566286,-0.6086740638757637,0.6933396714966557,0.07166841456264836,0.21232621068491633,0.01935464798229228,,
27.858412999999928,-11.855331199544182,-44.273304772734654,-128.3378522392603,0.1712637323558287,-0.07374746325418108,0.28345319205035424,-0.04235593711729549,0.32213466851197303,-0.06570661714019221,,
27.867929999999888,-13.340062300150517,-45.4988923830054,-128.43955232255465,0.6944203824746418,0.3850000656943049,-0.17336310854685147,-0.07530114764199876,0.32082761897767964,-0.20346897841784176,,
27.87724400000002,-14.203778440399223,-46.20472010306473,-129.30115781215162,0.7050089746215662,0.40521681383164143,-0.7644164973182428,-0.048242552676355126,0.18611188106473636,-0.28417752779625977,,
27.886765999999852,-14.674738424617056,-46.35206744064159,-130.49693325833886,0.6102657864664637,0.3188541076328611,-0.8381791960432783,0.005455040127896624,0.07287497537927591,-0.31440123189832797,,
27.896451999999954,-15.043739695387913,-45.95361463866648,-131.50152018057668,0.06588993552068945,0.04391081645884218,-0.5098021782863345,0.08025239066284034,-0.009460257115586549,-0.27571501366007095,,
27.90598,-15.173671562719484,-44.8817855207911,-131.9592427959568,-0.0865881855062701,-0.2967027889320679,-0.011025542058342788,0.15889699761788117,-0.124941252458244,-0.1267100312227205,,
27.915461999999934,-15.561704965124045,-43.63390341659904,-131.5872051256786,-0.5728563825983797,-0.7047577052119706,0.06380530794183256,0.20985587855612978,-0.12085509350243667,0.01441254130969062,,
27.924986999999874,-16.05572434801445,-42.650957110342745,-130.37658302591973,-0.8298511002057267,-0.8754986930512758,0.1992737622329411,0.18216737865301796,-0.07079007377884962,0.17201455355529133,,
27.934503999999833,-16.312816984843582,-42.079356021838066,-128.69928080057056,-0.5967838522379508,-0.7589153230733255,0.22310285916691097,0.0985323684948467,-0.04017108199595127,0.3042806040847313,,
27.94402500000001,-16.26743045970353,-42.13352452558148,-126.95153229758118,-0.5115075109742608,-0.41295325009317163,-0.16511316177294533,-0.0268229441146598,0.004279093086451182,0.35912063106245656,,
27.953528000000006,-15.473934189690693,-42.816906303882405,-125.55151102346827,0.21010853129279652,0.07831213758196441,-0.059847863621865685,-0.193937281048818,-0.01104596107475181,0.39062084747928605,,
27.963035999999875,-14.331285410246199,-43.57941239990722,-125.0131003466321,0.3022973442551946,0.4426081552811765,-0.27363100879579244,-0.23530157043216848,-0.04566661619439102,0.26739749648836186,,
27.972533999999996,-12.708313258839434,-44.0056928615566,-125.44911805212706,0.08911501823601899,0.6605432175827765,-0.529533648815676,-0.21936303661469536,-0.140190847049458,0.1404939289079157,,
27.982076000000006,-10.7534835733905,-44.123734657975376,-126.42763314428352,0.18137463617595204,0.6750419036409672,-0.11271379866172916,-0.19841319082633402,-0.21183058099593668,0.06504219838802887,,
27.99156199999993,-9.40193645678701,-43.81670599206085,-127.539155645893,-0.2385421588506215,0.4598837198790708,0.22856541036867378,-0.08230154698449278,-0.19040007743923115,-0.04007269844727007,,
28.001068000000032,-8.770185928309047,-43.12543273629262,-128.149221725072,-0.6001141060229117,0.11548128832148584,0.37697659876583406,0.038742790064963506,-0.15519550057446746,-0.04082804131914342,,
28.010495999999875,-9.005614438419508,-42.48136555826645,-127.89357507710109,-0.6432065271463965,-0.14299950990880841,0.5553085779677543,0.1085737955936456,-0.05003099036592257,0.021223951763100143,,
28.020091999999977,-10.030937032612153,-42.17715794280286,-126.82624684643123,-0.4944796897316192,-0.17335778834271018,0.46392822296661446,0.12620456469732586,0.08563442854121543,0.09465967769959016,,
28.02962699999989,-11.366531542084406,-42.287063494960854,-125.29360859911347,-0.014181999483648065,0.04261295390222419,0.029231872219487545,0.08451704822325337,0.17483554407623658,0.15138121788675313,,
28.039137999999866,-12.544952278665587,-42.61676992403331,-123.9909046339027,0.45274398642898295,0.41929480834269306,-0.2050853200873368,0.0304068272909535,0.18250640438148846,0.12449861220983711,,
28.048467999999957,-12.771404032053258,-42.707543884757,-123.69456374432225,0.5499283197014825,0.5182955819474191,-0.6095226650263867,-0.01086043923163161,0.03954589929040027,0.047583733798629395,,
28.05798199999981,-11.793406614110902,-42.439898642770515,-124.66506702042574,0.49181763240230925,0.3948081502089604,-0.8072071474419734,-0.05095433946962938,-0.1476177257804507,-0.06654751729352683,,
28.06767100000002,-10.019608504003083,-41.96488416740292,-126.74503913648722,0.2541923582289752,0.19291808369704488,-0.5663189448104673,-0.09032965632791488,-0.2671957383658841,-0.2001438607834775,,
28.077182999999877,-7.9404439506036315,-41.271439268037014,-129.42771064767317,0.10478014855337482,0.04780570887356985,-0.21848682957311574,-0.09656898804222531,-0.328337622761677,-0.2873576621379532,,
28.08672200000001,-6.13700394584308,-40.482191969294696,-132.03395866714084,-0.026885577193319913,0.025262484260875205,0.11150972962189848,-0.07229796834057874,-0.3073496303606217,-0.31103456371715893,,
28.096204999999827,-4.805451278714823,-39.7680579706076,-134.04632910475928,-0.10656558580834342,0.010499926341592835,0.4320857729235365,-0.048739284625515564,-0.24358705851183915,-0.2427675711649261,,
28.105699999999842,-3.969108097442388,-39.063837399874075,-135.189889080896,-0.22785333374223612,-0.03052552626699795,0.5240467863096487,-0.004750756697815154,-0.18796547362229224,-0.12170203357193707,,
28.115197999999964,-3.4530192540743188,-38.3288022466619,-135.50144710097607,-0.36204567892217926,-0.15387940328289904,0.23897063166599744,0.031684115555355136,-0.15827253199859206,0.016734840540321975,,
28.124730999999883,-3.2185976079762293,-37.85083291730385,-135.2486169631616,-0.22331413260961325,-0.10950793920155642,0.05192418436643107,0.02649811156403795,-0.0910624120160591,0.10260742996375569,,
28.134239999999863,-3.228376257901597,-37.73162119916714,-134.8994838871071,-0.018101282930013507,-0.011848341180803582,-0.08356591710046242,0.0035455996449112984,-0.012844249577664616,0.10011401138998152,,
28.14375999999993,-3.1933745016488126,-37.597210113639115,-134.91588351100796,0.2790031297578913,0.11259574350932268,-0.17867168718761928,0.0,0.0,0.0,,
28.15326899999991,-2.91045953104375,-37.32452570957063,-135.66325069084215,0.3782669828492372,0.08892055032211535,-0.3793149500551607,-0.007927675549811818,-0.06729677503944151,-0.09087383112225944,,
28.1627739999999,-2.187596338053873,-36.991277077781,-137.18850545868057,0.32204678823670047,-0.022014222114779946,-0.2670253816194227,-0.05188476913302313,-0.12440646657410061,-0.20460696712633628,,
28.172289999999975,-1.1299860947353426,-36.50254216797367,-139.3023104920772,0.21986826445408045,-0.10990498946373668,0.1284136961207439,-0.07562960404819973,-0.1821874741097611,-0.285944596077519,,
28.181872999999996,-0.006523730466526555,-35.88406511662928,-141.55001534239432,-0.2842484544711468,-0.27533109320795357,0.10123672435247304,-0.07512192757304409,-0.20692091837500112,-0.30918120107340397,,
28.191360999999915,1.3255042009130462,-35.428929654259115,-143.43622901304062,-0.5197057320530146,-0.35599210342417403,0.3144829072492137,-0.13045555561111663,-0.1997635469606492,-0.2141217439261063,,
28.20330399999989,2.6169410798316957,-35.224754010089825,-144.6773852035679,-0.5460214267063359,-0.35574138000395067,0.27841099576326045,-0.16087335349294787,-0.1522747460194157,-0.0814515627418284,,
28.210374999999885,3.6889219434851888,-35.36335434215883,-145.2025337516918,-0.4845898977619665,-0.18903418753329346,0.27093153284586236,-0.1734269785190596,-0.07320098559020147,0.04709915188880963,,
28.21990299999993,4.63905944930885,-35.65857814365295,-145.16456969411107,-0.19670856157798852,-0.047891203831081364,0.12817385168765957,-0.17501078244667387,-0.035258757916444464,0.1568141866026036,,
28.23895299999981,6.482113501081212,-36.25515581120439,-144.86143021234676,0.18585729419184102,0.3085539693702898,-0.1379601435490886,-0.18605591922685596,-0.04847976784707061,0.17442249072375593,,
28.248426999999992,7.82624536962021,-36.248177537134666,-145.21900111191988,0.392104904396157,0.32545297837267667,0.021401751795862865,-0.19133885057653888,-0.12150950118271958,0.10841849068957442,,
28.257963000000018,9.007599407358049,-35.849608706422835,-146.21978980960003,0.037100114003660506,0.2664059313237983,-0.16857710641176488,-0.1273985937250386,-0.16959770167670848,-0.026369186750117023,,
28.26748899999984,10.265496047780601,-35.216654854331885,-147.54340672252272,-0.16609071377051773,0.20239518620806732,0.011069649304505704,-0.11666224078808718,-0.21399198332732194,-0.09029817638840386,,
28.27696900000001,11.170796708502587,-34.52712038278192,-148.82241873699397,-0.31360684719440174,0.1245948783959434,0.21828164957647148,-0.06763608840002241,-0.19148149426932376,-0.12947338781711265,,
28.286464999999907,11.425279063068103,-33.963548204112925,-149.73643458716302,-0.5174691516362795,0.0869705340599642,0.18968167518409615,0.0075219347509291636,-0.11416938858767389,-0.1232347490200088,,
28.295973000000004,11.286273847973751,-33.65811149525869,-150.02181724214273,-0.41110002648421784,0.0022213820806430413,0.29704335216548855,0.03689615752440601,-0.03689460720294046,-0.03185213728818401,,
28.30548399999998,10.521343030400416,-33.58513345641805,-149.61693054454057,-0.3098588937880695,-0.04570801501430892,0.2137066462976644,0.10397545661084964,0.05576877792714362,0.04340502617353056,,
28.315016000000014,9.470833062281477,-33.658755914016616,-148.6674802865329,-0.26707871889261664,-0.09986817991521516,-0.11080731989434688,0.12924253158743504,0.10664016526534595,0.1247881404204997,,
28.324532999999974,8.67673452221934,-33.7841263534146,-147.50842361099916,0.19347072943656227,-0.1153019830087712,0.0702486095025589,0.08532969153424917,0.09528244823432691,0.19941341969560392,,
28.3340639999999,7.844854643552728,-33.85469867851275,-146.48937606758273,0.2507538286930044,-0.11150756819433459,-0.12523548027422327,0.09461025408094009,0.09119026403056545,0.15892210960251227,,
28.34354499999995,7.47954123913069,-33.844212761842975,-145.92379899220018,0.2637400144093089,-0.08466084747338709,-0.2086421079787886,0.03774419778904383,0.03605566532919217,0.11813474313618198,,
28.35308199999986,7.651695432729333,-33.781801626407365,-145.95475577089428,0.37081182217834546,-0.05902819728067653,0.0335266740001646,-0.03076350623337995,-0.02225965148606808,0.06019835053029132,,
28.362605999999914,7.957587205596438,-33.684827861087946,-146.4658717413724,0.1406086882131916,-0.04336024794297448,0.011494578653114335,-0.045548110353947624,-0.04022063798047026,-0.028320652246965478,,
28.372089999999844,8.439572933679592,-33.60261173457511,-147.16309266631922,0.06032943313722235,-0.04664212220048174,0.1854861240208448,-0.07219211890986563,-0.05339615080720069,-0.05975213870673736,,
28.381545999999844,8.675162453087164,-33.602764548796785,-147.80826461358436,-0.07903909163749866,-0.06434958859461615,0.19339787071457779,-0.04701173178125054,-0.016639465942278886,-0.07971540261222188,,
28.39106300000003,8.59324085175551,-33.734218394102506,-148.18146371880812,-0.15676217202322984,-0.09726689100868875,0.1231963735528058,-0.016152511085391084,0.03408710090872628,-0.05841606952119278,,
28.40056199999981,8.19200100825263,-33.97595224660921,-148.17525268623623,-0.028692680435788223,-0.07852155593663944,0.18129544978154374,0.017449071223023423,0.08086005340517008,-0.01724114501958135,,
28.410082999999986,7.383656908289256,-34.26795262642788,-147.88836457234473,0.06909565250521106,-0.0711051351428449,0.104313251224346,0.06907534041882024,0.12507428416878094,-0.0020546833248711845,,
28.41958499999987,6.393048738786415,-34.54220773634465,-147.48645340190558,0.2988154207194777,-0.06675376569590522,0.1879858190178316,0.09533544958814075,0.13843533223366405,0.00025142290416084245,,
28.429132999999865,5.223468992854771,-34.750347043345904,-147.19898066496248,0.45207022781949235,-0.10914478332517798,0.2386685260036942,0.12613685647213102,0.14365811618199667,-0.04235329648394998,,
28.44815299999982,2.6058800248150615,-34.98160692331639,-147.27570627726215,0.4299706946919421,-0.33074668119450645,0.2614236394399086,0.16094368959026512,0.1399505452949258,-0.15687679047334793,,
28.457664999999906,1.194935970688197,-35.088250358123275,-147.4926578448018,0.3283459995689977,-0.43326029764883056,0.2249750644575348,0.16994876652030472,0.1479677026490211,-0.17971083872074273,,
28.46717599999988,-0.28797328320381643,-35.2593714242479,-147.51553970422566,0.27595954347053875,-0.5027064390403834,0.23319830325076707,0.1729393054391556,0.16488093331828416,-0.1586013243930825,,
28.476678999999876,-1.9215441697757099,-35.49371565354519,-147.19028524302115,0.28565893738877524,-0.5260766064256098,0.248163583537724,0.1859299314435438,0.18913986647574557,-0.11008466262100579,,
28.486199999999826,-3.7315123270930792,-35.727597693314564,-146.50114400047747,0.3436693087579773,-0.5190226827504686,0.2178600589467104,0.20785201536127496,0.20608160763458128,-0.049931797751858006,,
28.495713000000023,-5.689352559582057,-35.89776033670796,-145.44328233304583,0.4551901384325058,-0.49858298265447565,0.1925711124005204,0.23115832995986624,0.21191142687930217,0.000531164383283317,,
28.505220999999892,-7.753844611439473,-35.94275173956553,-144.22999349848203,0.47537638273774474,-0.4859433596540239,0.14021210179769172,0.25525417375182047,0.2058922784733885,0.019031806267545054,,
28.514591999999993,-9.531906430379742,-35.77341336662644,-143.11558487607675,-3.1170336255240194,-0.44191308259830775,-3.612847027352277,0.23930318208076415,0.14926425061356896,0.036959623284771204,,
28.524142999999867,-2.7138620925934562,-35.3081886426734,-141.75137377617273,-2.0565443590196635,0.42466154977399573,-2.4692119579176195,-0.8380492852491239,-0.7470273843828762,1.0615480106984765,,
28.533762999999908,10.27164313216584,-35.991104105435774,-140.4408537628367,4.259586499331469,1.1531755710298417,4.722084955221634,-1.7395639573056554,-1.227105851214521,1.6729680291826456,,
28.543075999999928,14.845383985973932,-36.93665059776746,-140.84307402263445,-0.7394326519590014,0.971523109538975,-0.5941910966252651,-0.7031075667723149,-0.32136703874965344,0.3914722530462257,,
28.552682000000004,22.000977790480032,-37.24889409872222,-141.68655573376913,-1.9988820285477629,-0.037965884224761645,-2.21351975507754,-0.94530882614704,-0.665787362880621,0.7000426221869517,,
28.56229099999996,32.882733386803466,-36.70986409907465,-141.88096716419986,1.8675666705900928,2.2779150931772403,2.755099142123217,-1.3165520194686997,-1.1617745306535905,1.294358379201294,,
28.574251999999888,35.849144300468325,-36.13422483570207,-142.0614317924045,-0.7282710315885889,0.7980496221589877,0.24550323469694546,-0.3191335364440933,-0.3874316405240231,0.3114159373163997,,
28.581138999999894,37.24382369025862,-35.77815976633981,-141.46326367321703,-2.1021207254075818,-1.0583885347146558,-2.35658948831538,-0.14689044434289042,-0.19851135214454207,0.27830014849337714,,
28.59081399999991,40.54501732469025,-35.94126987694285,-139.9958068255785,-0.3459749028147053,1.180610905258498,1.3595545862863274,-0.4486729331913905,-0.31753159697541117,0.6753082014720226,,
28.600340999999844,38.909914219287174,-36.73569921675429,-138.67605529590173,-1.0377108214157182,0.20161169783479074,0.37262553829208106,0.0831792423630153,0.28899016259055793,0.06472623154808435,,
28.619361000000026,35.021318487677156,-38.70674517056394,-136.30796548911167,0.1253911366022151,0.7427269533245298,1.252142095647912,0.033789770974663784,0.29225372565209595,0.017804566996482425,,
28.628897999999936,31.36761761952,-39.33438602764891,-136.29827579823154,0.00207174010506191,0.04914247150906589,0.04325904678990193,0.31041122825938594,0.4808978171045846,-0.46292140711459534,,
28.638385999999855,28.710383292624062,-39.59790644157017,-137.2119871716211,0.07135784683908485,0.046619625124099257,-0.10330284185398401,0.2491273241197504,0.3179855407686731,-0.5249392018418522,,
28.676420000000007,18.157736038953992,-37.94877543042237,-142.07863823393464,0.30459482857573017,-0.09903307188392936,0.7620494233418451,0.32559655643055374,0.1582481771729226,-0.3806885673513046,,
28.685938999999962,14.724793579050992,-37.67592931545887,-141.701346748113,0.013252341688351687,-0.4444052979530419,0.42217576431168763,0.4467589586642154,0.2940330488658695,-0.3484639320859455,,
28.695451999999932,11.199726487310363,-37.69027143193641,-140.62793112587812,-0.5398803573950703,-0.5920339075355462,-0.12257889203608495,0.41900548531063103,0.35471782090185444,-0.2187105212686751,,
28.70495199999982,8.87125765097906,-37.80574981464568,-139.14850900990638,0.24704450147819962,-0.4804204022641448,0.4045720583902134,0.25263009706658146,0.2573769654013011,0.00903657087454807,,
28.71448199999986,6.611628721418915,-37.93975459850133,-137.86557839635583,0.267041944245658,-0.49884920221437895,-0.06443164933504456,0.23530303738270192,0.25896446603631845,-0.02225150719631174,,
28.723972000000003,5.292635565736064,-38.11881013120224,-137.18025863197093,0.133605137364574,-0.4006630224921366,-0.4999872714260674,0.11475271264783324,0.16921256141217308,-0.02650818253343973,,
28.733502999999928,5.499433492351747,-38.21834566223799,-137.25831502792397,0.6788189887939811,-0.21042576386407463,-0.10373547153530767,-0.05193653828998038,-0.005247205590195039,0.009060004421750369,,
28.75498299999981,7.565941953092744,-37.763405636215616,-139.20963030256345,0.2707459665011182,-0.06512206817607258,-0.1647396984120021,-0.1334549755956032,-0.18872324150639655,-0.06354781684484989,,
28.762019999999893,9.05780625017915,-37.28277302040244,-140.24157289461385,0.12216738610577446,0.033637940723968,0.1516169264285444,-0.13295287389740604,-0.2242186851041371,-0.026120853819412367,,
28.771542999999838,10.133235676001775,-36.738976506698364,-140.75613558855633,-0.268807140356085,0.027910022862096012,0.09946693158505916,-0.07779811532449665,-0.19108905233100903,0.02482860581511898,,
28.781041999999843,10.934176787898291,-36.36384605079656,-140.69378888528772,-0.3256255380754,-0.003561407890093228,0.22517332016749136,-0.06671762837119373,-0.13750059932772307,0.12864947182548633,,
28.79055799999992,11.143319818282876,-36.26457101131364,-140.0584250904633,-0.36534520127098347,-0.023161837799757435,0.1959840095920901,-0.027781890892808952,-0.034843262858516764,0.1744951193347355,,
28.800060999999914,10.958035376790411,-36.380851138476515,-139.16996024546697,-0.2801175001524163,0.03812295570750464,0.12919385395141944,-0.006723740257692333,0.03888413305120773,0.18977494023616612,,
28.80959599999983,10.674443173526495,-36.618683506253774,-138.42938256909306,-0.02023916384007245,0.10978927241759714,0.07765119894874228,-0.011381402359613366,0.06756053718033689,0.15987403594660113,,
28.81910700000003,10.391759429356247,-36.86070594994557,-138.1396993466393,0.07792686111493323,0.1350820638989183,-0.08521350967789094,-0.012769911952699883,0.06801571072634088,0.06162258932329718,,
28.82865099999981,10.432788059027036,-36.94115080331325,-138.52478995670643,0.17894894936675554,0.16733754627195704,-0.13754410256025176,-0.030070430816996268,0.009444210107939912,-0.04093067373773745,,
28.838092999999844,10.762220113429818,-36.83264884599577,-139.60365672091902,0.18353251350530525,0.10288230740768899,-0.18746149190148917,-0.040093565133879815,-0.04896517557035144,-0.14892015225596286,,
28.84765799999991,11.285890050828543,-36.59968327269184,-141.11451423984462,0.0738739987220994,0.04897024915661182,-0.11707370381724187,-0.04938183126265278,-0.08723128001820478,-0.220465389927248,,
28.857221999999865,11.796549190720084,-36.317506471609484,-142.6708343491707,-0.06105634864025274,-0.0102176253592799,-0.0061659821855949,-0.042056325674340776,-0.10625405249812916,-0.22763403737556562,,
28.866628999999875,12.101527306725519,-35.93142766687351,-143.847551269109,-0.1853928001510106,-0.03945706635441672,0.10483164789543566,-0.007546241585126903,-0.08864165623125414,-0.18341358561094656,,
28.876173999999992,12.168863987360034,-35.617767680099504,-144.3833625311385,-0.2893745482832747,-0.1457748362027912,0.1423538520369019,0.013725700488077395,-0.0543898766004453,-0.07942564203143881,,
28.885650999999825,12.016565320743469,-35.41773724770245,-144.18363190369973,-0.2839005811722919,-0.23927749826997038,0.10248646101639791,0.029324745191386302,-0.015172444928408949,0.042563450857746245,,
28.895260000000007,11.846618912923159,-35.747461583536996,-143.52886420430235,-0.21308956691828507,-0.2619702735058251,0.0041225988035858115,0.02545518836893649,0.02727692161438757,0.13990219953274965,,
28.90477799999985,11.786515939034103,-36.04955455611936,-142.7164720944552,-0.03171998143003999,-0.16276830415771115,0.027346403910009205,-0.007758547038999103,0.050349290357112705,0.19597484904433743,,
28.91428699999983,11.890455193766943,-36.21282325507574,-142.0423362468921,0.1136472694272439,-0.03777844169167011,-0.02258247922410335,-0.03957644255228818,0.04398429409940646,0.1909804532348741,,
28.92379599999981,12.19535566557608,-36.18551781014515,-141.72644804009008,0.20633617252233774,0.09086631470613256,-0.056851983350608704,-0.07113808399605462,0.015192759530853282,0.1400651216298437,,
28.933326999999963,12.637012923807069,-36.053595343547464,-141.85369819738054,0.20788042235712223,0.16190395819390838,-0.024005445643675793,-0.09040439335713849,-0.01653141102136348,0.06352301411204758,,
28.942829999999958,13.039415103170805,-35.88499296883149,-142.28319004258626,0.1081596393715049,0.15787883271057607,0.0031736517218649567,-0.07965145757965646,-0.040726982412767475,-0.009471343911220441,,
28.952341999999817,13.2798264229986,-35.790395493533815,-142.76158359872167,-0.026348785503967558,0.08288641815481392,0.04047392211565804,-0.05322230903092262,-0.03988199015911684,-0.05192143987702577,,
28.961853999999903,13.228478443912225,-35.907126509422866,-143.08455334954073,-0.11623882800896891,-0.002544295784064711,0.09026729635627193,-0.021247939439618557,0.0025159671119448558,-0.05999460408754982,,
28.971300999999812,12.828365290605955,-36.07788191074115,-143.13477317301076,-0.14430846666142105,-0.1082129695655663,0.13142476154315422,0.01711928762453438,0.06875268366954493,-0.034546989317622345,,
28.98081400000001,11.96495413769763,-36.401454345077234,-142.7290830453955,-0.08918058440364042,-0.19245758813656222,0.11406446223908627,0.05811092866030533,0.13821456494671724,0.01055651007530302,,
28.990394999999808,10.981303709976567,-36.98858612900542,-142.06243823591856,0.027097407853921163,-0.2503284778294908,0.0435723424241445,0.09166833241361344,0.19778344210038,0.05368814471760796,,
28.999883999999838,9.889789758783035,-37.502156955689685,-141.17460321258045,0.19896022988939682,-0.2576269340719327,-0.008492476860489987,0.11421617612280283,0.2341121493545128,0.08027866884036772,,
29.009405000000015,8.768174955057056,-37.885579375198986,-140.23576003610748,0.32441372365853355,-0.24797584597766567,-0.08229031852215309,0.13096616724323634,0.24845441121741346,0.0763190441832869,,
29.018917999999985,7.725509386962782,-38.130863081201824,-139.44791326020464,0.42014412076837176,-0.2521285570910768,-0.1421826214863059,0.13890878411001972,0.2450284379808078,0.05041984109689508,,
29.02841999999987,6.777429617712938,-38.361421747817346,-138.93342206319846,0.422138069785061,-0.3135713453098304,-0.2683904199020755,0.15095694435987822,0.24601237026515002,0.0012852147429643183,,
29.037939999999935,5.638768140201462,-38.66174900072491,-138.41326944664675,0.3256627016855219,-0.32263167798233855,-0.18360247039235258,0.16002223618333025,0.24617732970646547,-0.03899639669490486,,
29.0474099999999,4.203645403659881,-39.057109209995744,-137.51679942209117,-0.04199126274110102,-0.1754868085318386,0.05962143686573372,0.13519121832020786,0.20245149658836828,-0.0019028633014247457,,
29.05688699999996,3.842373844139929,-39.133797314570735,-136.28243520450005,-0.36748077996872813,-0.2662280372754034,0.1574244826035448,0.01592393022884368,0.05181331352263481,0.18713514012647084,,
29.06639999999993,4.351319480209843,-39.324071749947414,-134.82260307549004,-0.6489734906551506,-0.1225140097685792,0.0034779738751416767,-0.09766428132921075,-0.026446450295436342,0.33036367189077726,,
29.075886999999966,5.995019829792042,-39.86950877790193,-133.16661427222235,-1.2418381074742857,-0.3474288487697757,0.23157523795279056,-0.2694028156494004,-0.1059265023718876,0.5123579644747719,,
29.085403999999926,7.992254457191812,-40.771018731978664,-131.4378528835281,-0.03584073876451661,0.3900597691274536,0.9063042909593756,-0.35349269504042075,-0.10424514747904269,0.5777713405165066,,
29.094916999999896,8.440881996242881,-42.5334944547764,-130.32084626957786,-0.7716263598941852,0.429272736033252,-0.01661872967066183,-0.32560544584756873,0.18026499526074144,0.2890934327891936,,
29.10441999999989,9.43054893837704,-43.93791789402215,-129.59988190412696,-0.31896207824740214,0.7513716950435234,-0.051077180767415346,-0.32310170868192256,0.06969055241241573,0.29379165283347725,,
29.11394499999983,10.237980711539972,-44.39032572754806,-129.27560366628083,0.6301680058469629,1.1680648879844242,-0.14949185401843101,-0.15838461131853732,-0.03274566141440435,0.1769825315618063,,
29.123289999999997,9.814151855715137,-44.522681954222264,-129.611291077947,-0.2815867050756847,0.7514094626409731,-0.6023166475776247,0.003360631106846077,0.06313519226690839,-0.12716205056901395,,
29.13297199999988,9.747348467540029,-44.1045467755664,-130.02398331239002,-0.2426644307115112,0.6113766653901771,0.2763191273189277,0.05581948172564829,-0.046678123991960044,-0.09249546263295881,,
29.142481999999973,8.909646480945032,-43.164706382238855,-130.1226926789354,-0.31228523464625935,0.1857059838587615,0.2615135788751207,0.20760331697124348,-0.02850543657049953,-0.13611572168685176,,
29.15198599999985,7.438765129092804,-42.7745033496003,-129.85735332712733,-0.8506212062168033,-0.3369509699732624,0.049086345123688264,0.1837487969243688,0.11489575045812084,-0.1481725478854574,,
29.161495999999943,6.070134003273145,-42.92185846944042,-128.9734162177857,-0.4187865174702531,-0.28412328235428447,0.6179057285834308,0.08998730106791923,0.17403411135362687,-0.02391877727557474,,
29.17102799999998,4.21668637821895,-43.17332246201467,-127.63649087474428,-0.3800007931005657,-0.28385747662938715,-0.02338768075906545,0.113758108905996,0.24410952959037452,0.0006621117512001331,,
29.180527999999867,2.786875383818596,-43.82541357018491,-126.26836304691652,-0.08354338420406984,-0.03514380400596081,-0.2882041759160256,0.00575249448229763,0.24435496407602325,0.07701049160051719,,
29.190047999999933,1.9498947026571494,-44.583270056603624,-125.21180734857265,0.29406868486380455,0.2779838494461389,-0.18874188839103026,-0.06776155495633712,0.18593670312068117,0.09513743032129415,,
29.199558000000025,1.6372686170385353,-44.83278617198783,-124.72300982895793,0.19113305731202013,0.3501595592104397,-0.5210811674333794,-0.030182899166208792,0.06477355394151225,0.04268189009365542,,
29.20906500000001,2.130142481829196,-44.783433909437086,-124.88699399369605,0.19984037345507855,0.38060825057390074,-0.35794646086669374,-0.04646308686080373,-0.06353573507684156,0.013953540118147062,,
29.2186099999999,2.8696784838372853,-44.6056185309315,-125.5356364390527,-0.09557757993913447,0.22745788365602124,-0.015645346764079304,-0.04613140408634015,-0.10690077391337345,-0.05352921978518033,,
29.22804599999995,3.55991070259838,-44.18409214133201,-126.20887872438135,-0.35885403639582253,0.06133821780630158,0.1967400117301341,-0.00392103263366512,-0.12975937925037231,-0.07111074636856972,,
29.237580999999864,3.870633195061838,-43.8708411817432,-126.5779423441604,-0.4302042622828119,-0.034940053149005335,0.29866943304365035,0.00937994891317732,-0.07344752893364381,-0.05592368789261728,,
29.24710099999993,3.5410858467342363,-43.96654401192304,-126.43575783237232,-0.4938386888868587,-0.04692239836362866,0.34661085207834674,-0.001851330634138337,0.04941790850639237,-0.034190497715871716,,
29.25660700000003,2.7234718379694356,-44.218924204329994,-125.73405813503898,-0.280385106729892,0.062204024954743926,0.3170115482686683,0.01367079014038009,0.12456147872256998,0.01983887518155464,,
29.26613999999995,1.4705648858489202,-44.50576242003118,-124.5998023572063,-0.0779292809621039,0.1509509327106835,0.014239998183265209,0.04152423664801456,0.17943708859028148,0.03589487050296947,,
29.275637999999844,0.15644023557977865,-44.86800529137153,-123.4235980696446,0.07516611232549113,0.19559404089673302,-0.1400473120983344,0.029621065464689247,0.19532697734123022,0.02719730878669332,,
29.28516599999989,-0.8699685311482537,-45.05697766534177,-122.68653049607452,0.1938984849742936,0.18127267126024202,-0.17549085535442088,0.032876200829062625,0.14217227386795447,-0.007986516025077538,,
29.294673999999986,-1.4638546976170665,-45.021288410554035,-122.56396041149907,0.1427270275544777,0.07674386102118089,-0.30948172430594506,0.0366686143292211,0.06664269926633534,-0.07049994006393176,,
29.304170999999997,-1.5475698786995753,-45.022503400816646,-122.98053763637387,0.06387608741252256,-0.038054881247781905,-0.218317112890043,-0.008417390382474027,0.00993279841773695,-0.11924108786974912,,
29.313707999999906,-1.3013589733682775,-45.056167478477114,-123.7048602169316,-0.08600624291101353,-0.12258276274529069,-0.0697365934331823,-0.03935659552183753,-0.025454569551294368,-0.145329894462203,,
29.32318699999996,-0.928473765411375,-45.07289274968001,-124.4000291588263,-0.1907862245052887,-0.1811667962770461,-0.07386906055788754,-0.04685762555158466,-0.04178667757428348,-0.12496563871874883,,
29.332746999999927,-0.6289161431400991,-45.22402689656942,-124.7848028631775,-0.241584610247311,-0.1565624304083334,-0.040000378960681045,-0.06356337217757371,-0.017575120504557968,-0.0619386506967636,,
29.342257000000018,-0.5474288971918115,-45.482172144253745,-124.65425071434744,-0.2659135707563156,-0.08616470761818118,0.003596975818959155,-0.06371410727203422,0.0200482859005173,0.021512329744044795,,
29.351799000000028,-1.0231227185874967,-45.88746915325382,-123.67057159860192,-0.26799377800891955,-0.007097082370828156,-0.05176064185681185,-0.04266261888879817,0.03927489700001367,0.11007640775777974,,
29.361304999999902,-1.6831513496533512,-46.258229226548664,-122.18348622212007,-0.30412595467296955,0.04059521552199169,-0.12214373185322568,-0.03441480796990477,0.04234820025577282,0.1801475968407048,,
29.370776999999862,-2.3011129916986537,-46.595037463036185,-120.58991763946155,-0.38644379555460096,0.045808903118204396,-0.09752526590437177,-0.0377156177472245,0.017254532960612343,0.21540591749073695,,
29.380298999999923,-2.6852720994679524,-46.92100285230498,-119.22132108029012,-0.5128816941225257,0.0061790940085360456,-0.11904575213698695,-0.0452896134866596,-0.03997274313571506,0.21483969426115035,,
29.389842999999928,-2.7009869139294054,-47.28077050733552,-118.28009037781351,-0.615548892763636,-0.015973532019125953,-0.10563821741507355,-0.07222058234750321,-0.09864085006395917,0.183419945305147,,
29.399252999999817,-1.4346360164060943,-47.36602429957195,-118.48137503995211,-0.8297605200166127,-0.1021700109945898,-0.16381360667090772,-0.1112402002215863,-0.1445242733905673,0.13645909175627768,,
29.40874699999995,0.397237191916435,-47.4456493145931,-119.0591360087696,-0.7123939751809737,-0.024109290142657044,-0.024368697064464928,-0.14790613420342613,-0.2115756490246043,0.13954768562032838,,
29.418291999999838,2.2889984540428108,-47.43433747035096,-119.8053666713144,-0.6956394102972826,0.05355126788685536,0.020106157896255215,-0.1383539686123419,-0.22602942659021094,0.11470069741010619,,
29.427803999999924,4.008616415369556,-47.26756683074584,-120.45425470814281,-0.8858403373921817,0.05128439455737969,-0.08244326186939162,-0.10265675988494143,-0.2204311727848874,0.11049531327482438,,
29.43731899999989,5.696188271208789,-46.87922418879333,-120.79112578340325,-0.8226125831649121,0.09097888878343771,-0.0017655541249402978,-0.06477233976721658,-0.239784328331552,0.17250743869513077,,
29.446829999999864,7.025901422279866,-46.2474249491334,-120.78303637933688,-0.31200871130273505,0.29687360939081275,0.3752285340343798,0.0004931147450503401,-0.22440915226613786,0.19525574722107653,,
29.456342999999833,2.124707945706172,-45.97105386636158,-121.06246786526269,7.887960637786003,2.2931918217510265,3.8449195003713434,0.3829693496350625,0.5539753020328286,-0.7504200066585334,,
29.465672999999924,-14.15999518479506,-46.90714446915729,-122.02895401024676,-2.3757469553900394,-0.5351835886541735,-1.4792497785291803,1.0058916664599413,2.0144075220548903,-2.526219020704073,,
29.47525699999983,-19.30426548686424,-46.45524492636123,-121.94376202661324,-2.8951866551830663,-0.7543627286440638,-4.065137336477176,0.4379006796632623,0.553702810420599,-0.7053513383320047,,
29.48469399999999,-22.051149905715874,-46.273977549439955,-120.9017392134989,5.891662155857497,-0.3030877252625979,1.512304814185853,0.2150833327760241,0.30768434440787285,-0.1899391029947124,,
29.496647999999823,-31.631653039574143,-45.28385033560844,-120.61473627773978,-1.801378767650636,-0.8153682356789899,-1.106394363967039,0.8409016312915664,1.0532549391029498,-1.3284725993401574,,
29.50370699999985,-34.932441814673645,-43.5172266903537,-120.19014533628301,-1.694594268335479,-0.26623511809262335,-0.7355030792208067,0.5312620004919782,0.23305406703225492,-0.4066074863682055,,
29.513218999999935,-35.50739108535752,-42.81790812455499,-118.56916437949558,2.51829524418353,-2.093311085429697,0.7079793146330509,0.15048969402881907,0.008301810919509173,0.19746654925007132,,
29.52272999999991,-40.278888294323096,-42.72880688922041,-117.36830451056665,-1.7109355976767406,-1.2889660618537713,-0.6332275698976951,0.3315277561023149,0.6154214525987679,-0.43636700958085517,,
29.53225599999996,-41.30867668534875,-43.03501662020023,-116.38827793303965,-1.6317762471732573,-0.732263379795144,-0.9029764240139623,0.0010894440122995281,0.16622391370198508,0.01514499238305288,,
29.54176099999995,-40.29607843432609,-44.29168038579848,-115.03378148469479,1.4364887563048376,-0.8190532512321355,-0.20714387294295394,-0.302762211352479,-0.020592347024177938,0.33874005426234033,,
29.551287999999886,-40.57468664041459,-45.84605118329984,-114.19487168694187,-1.1950628958608946,-0.0019226757561774275,-0.8943568440907368,-0.27956630244703007,0.16799766238432176,0.05035010071897848,,
29.560968999999886,-37.5830360749367,-46.85373591837376,-114.03055984671735,-0.0020782611635027696,0.3072919267678109,-0.7852525662582037,-0.36446563588187286,-0.2933500882328401,0.37634116294047704,,
29.570300999999972,-34.09442426281956,-47.55487451960986,-114.13443418355118,1.0857881161218645,0.5448619277299618,-0.35616140944546887,-0.33318163024297087,-0.3745875569878455,0.4023178328058707,,
29.579981999999973,-31.72304282416893,-47.85315792648809,-114.48154539270604,-0.7490971614656339,0.6349941913721556,-0.3163086904388402,-0.19810597373342545,-0.26473100040100017,0.20486171950654358,,
29.58945299999982,-27.80256640225318,-47.35018655357299,-114.80954836942652,-0.4467078286460562,0.35882456992739115,-0.0018426830370779038,-0.1403284194826004,-0.5217014931230299,0.4185153540752689,,
29.608504999999923,-21.864912247042994,-46.38858303659457,-114.58838077776461,-0.6544719141168025,-0.15940924633627124,0.7009463953368418,-0.07804116314126686,-0.2811049318468794,0.2829221082625179,,
29.618019999999888,-19.820671476710743,-46.232982630365676,-114.23231184537848,-0.6167016593906302,-0.16569240203928867,0.6795811090371037,-0.10199977358461501,-0.270001217948654,0.3221811136177106,,
29.627544999999827,-18.117985132483838,-46.56358867364835,-113.80585805798587,0.10274724750593794,0.057991172912826044,0.7168419173372396,-0.17004712109045053,-0.1879072772551413,0.2922065925580783,,
29.637047999999822,-17.75213014173241,-47.48443495418746,-113.56870973926678,-0.26066921814914745,0.20992452656732302,0.42280981843277665,-0.20322017510836174,0.02836893764411682,0.07604784952303043,,
29.64657199999988,-17.52021260344244,-48.35803879884694,-113.71062129841704,-0.2270730836593277,0.37856282572008304,0.11864000758694053,-0.1869937746757596,0.041838228554743805,-0.008373597732875151,,
29.656090999999833,-17.54273409902473,-49.00284216488477,-114.08672051557838,0.05737957028461511,0.47975538279319063,-0.1641698764178191,-0.13106789479275113,0.05538689522618709,-0.10316368227817169,,
29.66560299999992,-18.299913897513623,-49.59378714207773,-114.44491445533075,-0.2585853125749322,0.3542346847200433,-0.2837417867736628,-0.08147176757637166,0.13948817847268086,-0.20702348480605146,,
29.675109999999904,-19.172847060758052,-49.78722208672726,-114.57739422135869,0.053380703415799494,0.21823855583786464,0.06870388199673017,-0.0023823164740562654,0.119907764186565,-0.16860075433005947,,
29.68462499999987,-20.61073597869371,-49.465735332927196,-114.28382302879885,-0.0473738721098566,-0.06101265897322758,0.013808108128068227,0.12182595748675011,0.14429110313884036,-0.16566360304529906,,
29.69413899999995,-22.448214782748426,-49.108329754966434,-113.25068185189528,-0.2277981364048382,-0.372619609157812,0.003207811334240396,0.14831280318600085,0.19191404197967946,-0.07841825066846757,,
29.703637999999955,-24.240792228419156,-48.79023733556456,-111.63052419131631,0.04068932096297435,-0.4780664069793697,0.1622484831014814,0.13495347369673047,0.1945327683345113,0.04395589255733856,,
29.713149999999814,-25.898620042572734,-48.48282959084498,-109.85500885713553,-0.0383422760390893,-0.45171029682623776,-0.16435020118890398,0.12139698325574017,0.18413087703822228,0.09266105955996583,,
29.722661000000016,-27.01944483692078,-48.51191270394234,-108.11435388778085,0.03448929045689644,-0.25969999866080096,-0.4042959071975817,0.029007896177966997,0.1430059063794384,0.15930080558186135,,
29.732181999999966,-27.478734632666683,-48.880338619706905,-106.76217471915126,0.28045846879686553,0.05696466059759326,-0.35452291231146793,-0.06600790173142967,0.08017278204783232,0.1745475462987292,,
29.741689999999835,-27.19626760567279,-49.25427515127312,-106.18433635212246,0.12139410201203212,0.2258235198655271,-0.4710051620262413,-0.09596585508089445,-0.014346173284804253,0.12493927972338452,,
29.751187999999956,-26.219331195004813,-49.58724148279911,-106.24312013004729,0.06737518938224124,0.3338881273855833,-0.37681328977315004,-0.11303468014646677,-0.10378187774291286,0.09542170203166374,,
29.760695999999825,-25.068526879910213,-49.855314349417476,-106.58615969310203,-0.1108110555020542,0.28935974671156073,-0.06570055578289118,-0.1070363868921706,-0.12802230289142924,0.061247258165539074,,
29.770191999999952,-24.03141677666844,-49.84962709249058,-106.87658940693997,-0.27204186651643336,0.19670161692704094,0.18609580458564953,-0.05090816680066874,-0.12883191852349982,0.052260577081078,,
29.779729999999972,-23.5082518560052,-49.67952634641123,-106.75891793044438,-0.3703926494518006,0.09165259311211907,0.2786206687075974,-0.0006159252110091012,-0.07493969083305897,0.06703831606770534,,
29.789228999999978,-23.74522204351741,-49.581907492760585,-106.04075196712044,-0.39023580824928367,0.05317995873946218,0.3310398097345369,0.013604672734078232,0.02350712437216091,0.08806487573745633,,
29.79873499999985,-24.513240432014797,-49.52716686770481,-104.90746292425133,-0.2667139992253215,0.10851405639510854,0.23754933314706955,0.023342233762594384,0.09260897334120947,0.0989978299541888,,
29.808240999999953,-25.502997429700194,-49.512648666731195,-103.76726533551845,-0.1316560958864679,0.21805357449073204,-0.02693385515345096,0.020888450147189097,0.12321231608393629,0.06979588076233989,,
29.81775299999981,-26.367880228546824,-49.648029615607825,-103.01732959777662,0.01646550175773419,0.29778650147555036,-0.21089490527000168,-0.014086562455020428,0.1147785428618455,0.01242133257966513,,
29.827294999999822,-26.795815724131263,-49.87908699349763,-102.97691114126143,0.11840048106239107,0.31926650623606506,-0.26651387586588854,-0.046303024114805365,0.06370047224490905,-0.06917940323193614,,
29.836797999999817,-26.66380574851402,-50.1294272402997,-103.70732772001519,0.09254205842758402,0.2027480459678831,-0.29487009293176775,-0.06628530726826067,-0.005428382956086746,-0.14823956011649167,,
29.84632499999998,-26.095421670475602,-50.414342365423074,-104.93734218700787,0.045782947443449115,0.059503258383178666,-0.1502883521053967,-0.08680285659671427,-0.05663031676971402,-0.18527510145259854,,
29.855863999999883,-25.36928256153195,-50.66732203797574,-106.24834572529001,-0.04880286646429418,-0.08578805171712847,0.04114439301941723,-0.08715233610545249,-0.07544843031493606,-0.1802768015066758,,
29.86531799999989,-24.75630539028081,-50.8132179667959,-107.21014389062273,-0.10683472220246214,-0.1967601120439451,0.11889245469260246,-0.06388549584089434,-0.06589816017832013,-0.13376129871023407,,
29.874869999999873,-24.463329418688392,-50.885352018568284,-107.4549425171311,-0.11957357211244819,-0.2125675799337948,0.1182273471427655,-0.038439074104590396,-0.030968999298626742,-0.059668974637572904,,
29.88439399999993,-24.496333259432717,-50.89197715088495,-107.13856235218512,-0.07011790181621,-0.12543771449729332,0.06835598209233702,0.0,0.0,0.0,,
29.89393899999982,-24.646894030430023,-50.81460659298862,-106.6488286093446,0.010745349027580196,-0.007924434517034003,-0.05839900025747109,0.00849833157630478,0.016190993218589033,0.06035181924273759,,
29.903369999999995,-24.728383067946258,-50.69186772500525,-106.16607733446368,0.06456916380970484,0.09853052381178139,-0.16268698418674418,0.012782268929025752,0.0027939826122511413,0.06899290035067829,,
29.912867000000006,-24.508368236084053,-50.578191964535314,-106.01473337014211,0.06365752972060364,0.15887486841375792,-0.14718135459328605,0.0004547717742248015,-0.03340105624966038,0.04442396247200493,,
29.92243499999995,-23.902958804703065,-50.31789568077386,-106.3864283423707,0.030997817205594146,0.12697942175367552,-0.052810123098404944,-0.014698191520493705,-0.08168012668132558,-0.0028450783941095714,,
29.93198099999995,-23.1522189660109,-50.237459658161164,-107.12175996157714,-0.09068821862227877,0.023656211541880315,0.06751614884497778,-0.032461973895843745,-0.11385846613898508,-0.051520895505767716,,
29.941373999999996,-22.236355056854265,-50.25301429509846,-108.09446720605514,-0.1845141118437332,-0.056158040339662874,0.23409396894369552,-0.05210574686339693,-0.11100865713283038,-0.07972089466840446,,
29.95093399999996,-21.548338530840766,-50.3529682365576,-108.91868111283867,-0.259962326412808,-0.11798787890324364,0.31652958943600895,-0.06068987986418442,-0.07716393291251927,-0.07869710904515059,,
29.960386999999855,-21.261569394702885,-50.50314871539044,-109.31610165141069,-0.25906156233844296,-0.10312409188199168,0.29319682296522903,-0.05426475119078738,-0.024725754997628677,-0.05215656050917312,,
29.96994799999993,-21.419043176836954,-50.676648929344886,-109.2122390287531,-0.1775296378138786,-0.030685751371941655,0.20421385468985181,-0.04011710360547158,0.030370986191942687,-0.012293498785828133,,
29.979466999999886,-21.901227818271067,-50.80121999664618,-108.76322558651816,-0.05936804001971467,0.058171928063471275,0.08311781886883476,-0.01759557029525957,0.06588622303752724,0.01995791930146135,,
29.988990999999942,-22.4690797579778,-50.81389386682875,-108.1913248067539,0.03561991016258365,0.113801678494454,-0.04628629833096502,0.006517222722890361,0.06889402736669549,0.03129163868620445,,
29.998562999999876,-22.80164783250931,-50.580547054341345,-107.7755441086668,0.08184047249558574,0.11057567931287003,-0.10459917836871133,0.01640652382123272,0.0457436607299006,0.02129623427988794,,
